test_position,image_path,true_label,pred_label,in_cam_subset,lung_fraction,eil_patch_mean,flat_patch_mean,eil_cls,flat_cls
0,/kaggle/input/datasets/tawsifurrahman/covid19-radiography-database/COVID-19_Radiography_Dataset/COVID/images/COVID-1000.png,COVID,COVID,True,0.24669164419174194,0.15134526789188385,False,0.15131330490112305,False
1,/kaggle/input/datasets/tawsifurrahman/covid19-radiography-database/COVID-19_Radiography_Dataset/COVID/images/COVID-1002.png,COVID,COVID,False,0.42590081691741943,0.3500688374042511,False,0.34876322746276855,False
2,/kaggle/input/datasets/tawsifurrahman/covid19-radiography-database/COVID-19_Radiography_Dataset/COVID/images/COVID-1006.png,COVID,COVID,True,0.25534120202064514,0.0950474664568901,False,0.09545683115720749,False
3,/kaggle/input/datasets/tawsifurrahman/covid19-radiography-database/COVID-19_Radiography_Dataset/COVID/images/COVID-1015.png,COVID,COVID,False,0.25988519191741943,0.14775681495666504,False,0.1486077457666397,False
4,/kaggle/input/datasets/tawsifurrahman/covid19-radiography-database/COVID-19_Radiography_Dataset/COVID/images/COVID-1017.png,COVID,COVID,False,0.45994099974632263,0.3253210484981537,False,0.32571941614151,False
5,/kaggle/input/datasets/tawsifurrahman/covid19-radiography-database/COVID-19_Radiography_Dataset/COVID/images/COVID-1022.png,COVID,COVID,False,0.20463965833187103,0.0876539871096611,False,0.08787775784730911,False
6,/kaggle/input/datasets/tawsifurrahman/covid19-radiography-database/COVID-19_Radiography_Dataset/COVID/images/COVID-1036.png,COVID,COVID,True,0.20176976919174194,0.09283238649368286,False,0.0926423892378807,False
7,/kaggle/input/datasets/tawsifurrahman/covid19-radiography-database/COVID-19_Radiography_Dataset/COVID/images/COVID-1040.png,COVID,COVID,False,0.32601243257522583,0.1985963135957718,False,0.1982233226299286,False
8,/kaggle/input/datasets/tawsifurrahman/covid19-radiography-database/COVID-19_Radiography_Dataset/COVID/images/COVID-1043.png,COVID,COVID,False,0.26070231199264526,0.13777931034564972,False,0.13805773854255676,False
9,/kaggle/input/datasets/tawsifurrahman/covid19-radiography-database/COVID-19_Radiography_Dataset/COVID/images/COVID-1048.png,COVID,COVID,True,0.29844945669174194,0.13305975496768951,False,0.13354520499706268,False
10,/kaggle/input/datasets/tawsifurrahman/covid19-radiography-database/COVID-19_Radiography_Dataset/COVID/images/COVID-1056.png,COVID,COVID,True,0.2778818607330322,0.10578622668981552,False,0.10584118217229843,False
11,/kaggle/input/datasets/tawsifurrahman/covid19-radiography-database/COVID-19_Radiography_Dataset/COVID/images/COVID-1058.png,COVID,COVID,True,0.22620375454425812,0.08678029477596283,False,0.08600222319364548,False
12,/kaggle/input/datasets/tawsifurrahman/covid19-radiography-database/COVID-19_Radiography_Dataset/COVID/images/COVID-106.png,COVID,COVID,False,0.28840482234954834,0.17638300359249115,False,0.17657354474067688,False
13,/kaggle/input/datasets/tawsifurrahman/covid19-radiography-database/COVID-19_Radiography_Dataset/COVID/images/COVID-1065.png,COVID,COVID,False,0.2280970960855484,0.09148547053337097,False,0.09192375838756561,False
14,/kaggle/input/datasets/tawsifurrahman/covid19-radiography-database/COVID-19_Radiography_Dataset/COVID/images/COVID-107.png,COVID,COVID,False,0.2962372303009033,0.16124673187732697,False,0.1616341918706894,False
15,/kaggle/input/datasets/tawsifurrahman/covid19-radiography-database/COVID-19_Radiography_Dataset/COVID/images/COVID-108.png,COVID,COVID,True,0.1679089516401291,0.1340191513299942,False,0.13868585228919983,False
16,/kaggle/input/datasets/tawsifurrahman/covid19-radiography-database/COVID-19_Radiography_Dataset/COVID/images/COVID-11.png,COVID,COVID,False,0.3788265287876129,0.2754821181297302,False,0.2771400213241577,False
17,/kaggle/input/datasets/tawsifurrahman/covid19-radiography-database/COVID-19_Radiography_Dataset/COVID/images/COVID-1100.png,COVID,COVID,True,0.3600127398967743,0.20595242083072662,False,0.20654967427253723,False
18,/kaggle/input/datasets/tawsifurrahman/covid19-radiography-database/COVID-19_Radiography_Dataset/COVID/images/COVID-1102.png,COVID,COVID,True,0.36051100492477417,0.2741486430168152,False,0.27251625061035156,False
19,/kaggle/input/datasets/tawsifurrahman/covid19-radiography-database/COVID-19_Radiography_Dataset/COVID/images/COVID-1105.png,COVID,COVID,True,0.3003427982330322,0.16681165993213654,False,0.16673217713832855,False
20,/kaggle/input/datasets/tawsifurrahman/covid19-radiography-database/COVID-19_Radiography_Dataset/COVID/images/COVID-1108.png,COVID,COVID,False,0.3570830523967743,0.2969585955142975,False,0.2962600588798523,False
21,/kaggle/input/datasets/tawsifurrahman/covid19-radiography-database/COVID-19_Radiography_Dataset/COVID/images/COVID-1110.png,COVID,COVID,False,0.20880499482154846,0.054860714823007584,False,0.05467168986797333,False
22,/kaggle/input/datasets/tawsifurrahman/covid19-radiography-database/COVID-19_Radiography_Dataset/COVID/images/COVID-1112.png,COVID,COVID,True,0.34247449040412903,0.18856187164783478,False,0.18781918287277222,False
23,/kaggle/input/datasets/tawsifurrahman/covid19-radiography-database/COVID-19_Radiography_Dataset/COVID/images/COVID-1115.png,COVID,COVID,False,0.3364357352256775,0.25325050950050354,False,0.2527797520160675,False
24,/kaggle/input/datasets/tawsifurrahman/covid19-radiography-database/COVID-19_Radiography_Dataset/COVID/images/COVID-1116.png,COVID,COVID,True,0.2279575914144516,0.09725593030452728,False,0.09877438843250275,False
25,/kaggle/input/datasets/tawsifurrahman/covid19-radiography-database/COVID-19_Radiography_Dataset/COVID/images/COVID-1127.png,COVID,COVID,True,0.41812819242477417,0.2536494731903076,False,0.2541307210922241,False
26,/kaggle/input/datasets/tawsifurrahman/covid19-radiography-database/COVID-19_Radiography_Dataset/COVID/images/COVID-113.png,COVID,COVID,False,0.13932955265045166,0.09075303375720978,False,0.09121343493461609,False
27,/kaggle/input/datasets/tawsifurrahman/covid19-radiography-database/COVID-19_Radiography_Dataset/COVID/images/COVID-1142.png,COVID,COVID,False,0.2777822017669678,0.15602657198905945,False,0.15643669664859772,False
28,/kaggle/input/datasets/tawsifurrahman/covid19-radiography-database/COVID-19_Radiography_Dataset/COVID/images/COVID-1143.png,COVID,COVID,False,0.17534278333187103,0.0651472955942154,False,0.0652521401643753,False
29,/kaggle/input/datasets/tawsifurrahman/covid19-radiography-database/COVID-19_Radiography_Dataset/COVID/images/COVID-1147.png,COVID,COVID,False,0.3198740482330322,0.16122634708881378,False,0.16091328859329224,False
30,/kaggle/input/datasets/tawsifurrahman/covid19-radiography-database/COVID-19_Radiography_Dataset/COVID/images/COVID-1160.png,COVID,COVID,True,0.31253984570503235,0.22760145366191864,False,0.230512335896492,False
31,/kaggle/input/datasets/tawsifurrahman/covid19-radiography-database/COVID-19_Radiography_Dataset/COVID/images/COVID-1166.png,COVID,COVID,True,0.25109612941741943,0.16454951465129852,False,0.16529281437397003,False
32,/kaggle/input/datasets/tawsifurrahman/covid19-radiography-database/COVID-19_Radiography_Dataset/COVID/images/COVID-1169.png,COVID,COVID,False,0.3335857689380646,0.18907298147678375,False,0.1880510151386261,False
33,/kaggle/input/datasets/tawsifurrahman/covid19-radiography-database/COVID-19_Radiography_Dataset/COVID/images/COVID-118.png,COVID,COVID,True,0.3442881107330322,0.30095481872558594,False,0.3005937337875366,False
34,/kaggle/input/datasets/tawsifurrahman/covid19-radiography-database/COVID-19_Radiography_Dataset/COVID/images/COVID-1182.png,COVID,COVID,False,0.20316486060619354,0.14443515241146088,False,0.14605340361595154,False
35,/kaggle/input/datasets/tawsifurrahman/covid19-radiography-database/COVID-19_Radiography_Dataset/COVID/images/COVID-1184.png,COVID,COVID,False,0.11549346148967743,0.11566348373889923,False,0.1174040138721466,False
36,/kaggle/input/datasets/tawsifurrahman/covid19-radiography-database/COVID-19_Radiography_Dataset/COVID/images/COVID-1193.png,COVID,COVID,False,0.12199059128761292,0.06839759647846222,False,0.07160446792840958,False
37,/kaggle/input/datasets/tawsifurrahman/covid19-radiography-database/COVID-19_Radiography_Dataset/COVID/images/COVID-120.png,COVID,COVID,False,0.26201769709587097,0.11832664906978607,False,0.11819250881671906,False
38,/kaggle/input/datasets/tawsifurrahman/covid19-radiography-database/COVID-19_Radiography_Dataset/COVID/images/COVID-1200.png,COVID,COVID,False,0.34323182702064514,0.16968464851379395,False,0.16866661608219147,False
39,/kaggle/input/datasets/tawsifurrahman/covid19-radiography-database/COVID-19_Radiography_Dataset/COVID/images/COVID-1203.png,COVID,COVID,True,0.3174625337123871,0.21637384593486786,False,0.21671777963638306,False
40,/kaggle/input/datasets/tawsifurrahman/covid19-radiography-database/COVID-19_Radiography_Dataset/COVID/images/COVID-121.png,COVID,COVID,False,0.32794561982154846,0.22175319492816925,False,0.2229408621788025,False
41,/kaggle/input/datasets/tawsifurrahman/covid19-radiography-database/COVID-19_Radiography_Dataset/COVID/images/COVID-1216.png,COVID,COVID,False,0.2592872977256775,0.087175153195858,False,0.0886700302362442,False
42,/kaggle/input/datasets/tawsifurrahman/covid19-radiography-database/COVID-19_Radiography_Dataset/COVID/images/COVID-1219.png,COVID,COVID,True,0.3866589665412903,0.2452532798051834,False,0.24580739438533783,False
43,/kaggle/input/datasets/tawsifurrahman/covid19-radiography-database/COVID-19_Radiography_Dataset/COVID/images/COVID-1222.png,COVID,COVID,False,0.3830915093421936,0.23968257009983063,False,0.23933963477611542,False
44,/kaggle/input/datasets/tawsifurrahman/covid19-radiography-database/COVID-19_Radiography_Dataset/COVID/images/COVID-1228.png,COVID,COVID,False,0.32515543699264526,0.12877753376960754,False,0.12853780388832092,False
45,/kaggle/input/datasets/tawsifurrahman/covid19-radiography-database/COVID-19_Radiography_Dataset/COVID/images/COVID-1236.png,COVID,COVID,False,0.321010023355484,0.21825295686721802,False,0.21862275898456573,False
46,/kaggle/input/datasets/tawsifurrahman/covid19-radiography-database/COVID-19_Radiography_Dataset/COVID/images/COVID-1239.png,COVID,COVID,True,0.36358019709587097,0.33195263147354126,False,0.3328588008880615,False
47,/kaggle/input/datasets/tawsifurrahman/covid19-radiography-database/COVID-19_Radiography_Dataset/COVID/images/COVID-1250.png,COVID,COVID,False,0.4715999662876129,0.3960966169834137,False,0.396250456571579,False
48,/kaggle/input/datasets/tawsifurrahman/covid19-radiography-database/COVID-19_Radiography_Dataset/COVID/images/COVID-1262.png,COVID,COVID,False,0.32535475492477417,0.23838824033737183,False,0.23771421611309052,False
49,/kaggle/input/datasets/tawsifurrahman/covid19-radiography-database/COVID-19_Radiography_Dataset/COVID/images/COVID-1287.png,COVID,Lung_Opacity,False,0.161969855427742,0.07636959105730057,False,0.07701101899147034,False
50,/kaggle/input/datasets/tawsifurrahman/covid19-radiography-database/COVID-19_Radiography_Dataset/COVID/images/COVID-130.png,COVID,Normal,False,0.36130818724632263,0.19766807556152344,False,0.19719581305980682,False
51,/kaggle/input/datasets/tawsifurrahman/covid19-radiography-database/COVID-19_Radiography_Dataset/COVID/images/COVID-1301.png,COVID,COVID,False,0.1874402016401291,0.07305079698562622,False,0.07302568852901459,False
52,/kaggle/input/datasets/tawsifurrahman/covid19-radiography-database/COVID-19_Radiography_Dataset/COVID/images/COVID-1319.png,COVID,COVID,False,0.2526506781578064,0.09133850783109665,False,0.09172328561544418,False
53,/kaggle/input/datasets/tawsifurrahman/covid19-radiography-database/COVID-19_Radiography_Dataset/COVID/images/COVID-132.png,COVID,COVID,False,0.4502550959587097,0.3195049464702606,False,0.3197014629840851,False
54,/kaggle/input/datasets/tawsifurrahman/covid19-radiography-database/COVID-19_Radiography_Dataset/COVID/images/COVID-1326.png,COVID,COVID,False,0.34163743257522583,0.2304304838180542,False,0.23073390126228333,False
55,/kaggle/input/datasets/tawsifurrahman/covid19-radiography-database/COVID-19_Radiography_Dataset/COVID/images/COVID-1333.png,COVID,COVID,True,0.31544962525367737,0.1958865523338318,False,0.1952773779630661,False
56,/kaggle/input/datasets/tawsifurrahman/covid19-radiography-database/COVID-19_Radiography_Dataset/COVID/images/COVID-1334.png,COVID,COVID,True,0.11110889166593552,0.04745155945420265,False,0.04755540192127228,False
57,/kaggle/input/datasets/tawsifurrahman/covid19-radiography-database/COVID-19_Radiography_Dataset/COVID/images/COVID-1336.png,COVID,COVID,True,0.3565250337123871,0.21441680192947388,False,0.214264914393425,False
58,/kaggle/input/datasets/tawsifurrahman/covid19-radiography-database/COVID-19_Radiography_Dataset/COVID/images/COVID-1339.png,COVID,COVID,False,0.20970185101032257,0.1027001217007637,False,0.10279995948076248,False
59,/kaggle/input/datasets/tawsifurrahman/covid19-radiography-database/COVID-19_Radiography_Dataset/COVID/images/COVID-134.png,COVID,COVID,False,0.16900509595870972,0.08502079546451569,False,0.08557751774787903,False
60,/kaggle/input/datasets/tawsifurrahman/covid19-radiography-database/COVID-19_Radiography_Dataset/COVID/images/COVID-1344.png,COVID,COVID,False,0.24424026906490326,0.1347547322511673,False,0.13514892756938934,False
61,/kaggle/input/datasets/tawsifurrahman/covid19-radiography-database/COVID-19_Radiography_Dataset/COVID/images/COVID-1348.png,COVID,COVID,False,0.34978872537612915,0.26580503582954407,False,0.26528874039649963,False
62,/kaggle/input/datasets/tawsifurrahman/covid19-radiography-database/COVID-19_Radiography_Dataset/COVID/images/COVID-1350.png,COVID,COVID,False,0.3271484375,0.23605360090732574,False,0.23649755120277405,False
63,/kaggle/input/datasets/tawsifurrahman/covid19-radiography-database/COVID-19_Radiography_Dataset/COVID/images/COVID-1354.png,COVID,COVID,True,0.3842275142669678,0.24377918243408203,False,0.24222180247306824,False
64,/kaggle/input/datasets/tawsifurrahman/covid19-radiography-database/COVID-19_Radiography_Dataset/COVID/images/COVID-1359.png,COVID,COVID,False,0.3719507157802582,0.19549041986465454,False,0.19607023894786835,False
65,/kaggle/input/datasets/tawsifurrahman/covid19-radiography-database/COVID-19_Radiography_Dataset/COVID/images/COVID-1361.png,COVID,COVID,False,0.36344069242477417,0.2564275562763214,False,0.2561054229736328,False
66,/kaggle/input/datasets/tawsifurrahman/covid19-radiography-database/COVID-19_Radiography_Dataset/COVID/images/COVID-1401.png,COVID,COVID,False,0.3911830186843872,0.26316967606544495,False,0.2640511095523834,False
67,/kaggle/input/datasets/tawsifurrahman/covid19-radiography-database/COVID-19_Radiography_Dataset/COVID/images/COVID-1405.png,COVID,COVID,False,0.39568716287612915,0.2983151078224182,False,0.2970384359359741,False
68,/kaggle/input/datasets/tawsifurrahman/covid19-radiography-database/COVID-19_Radiography_Dataset/COVID/images/COVID-1418.png,COVID,COVID,True,0.2357102930545807,0.10962385684251785,False,0.10993768274784088,False
69,/kaggle/input/datasets/tawsifurrahman/covid19-radiography-database/COVID-19_Radiography_Dataset/COVID/images/COVID-1419.png,COVID,COVID,True,0.34644052386283875,0.2975735068321228,False,0.2971832752227783,False
70,/kaggle/input/datasets/tawsifurrahman/covid19-radiography-database/COVID-19_Radiography_Dataset/COVID/images/COVID-1424.png,COVID,COVID,True,0.23198340833187103,0.08369234204292297,False,0.08391381055116653,False
71,/kaggle/input/datasets/tawsifurrahman/covid19-radiography-database/COVID-19_Radiography_Dataset/COVID/images/COVID-1426.png,COVID,COVID,False,0.2895009517669678,0.15075933933258057,False,0.15108133852481842,False
72,/kaggle/input/datasets/tawsifurrahman/covid19-radiography-database/COVID-19_Radiography_Dataset/COVID/images/COVID-1437.png,COVID,COVID,True,0.20119179785251617,0.06576109677553177,False,0.06593398749828339,False
73,/kaggle/input/datasets/tawsifurrahman/covid19-radiography-database/COVID-19_Radiography_Dataset/COVID/images/COVID-1438.png,COVID,COVID,True,0.35152262449264526,0.22476428747177124,False,0.22421443462371826,False
74,/kaggle/input/datasets/tawsifurrahman/covid19-radiography-database/COVID-19_Radiography_Dataset/COVID/images/COVID-1441.png,COVID,COVID,False,0.25225207209587097,0.1288607269525528,False,0.12846170365810394,False
75,/kaggle/input/datasets/tawsifurrahman/covid19-radiography-database/COVID-19_Radiography_Dataset/COVID/images/COVID-1448.png,COVID,COVID,True,0.26630261540412903,0.12625983357429504,False,0.1263013333082199,False
76,/kaggle/input/datasets/tawsifurrahman/covid19-radiography-database/COVID-19_Radiography_Dataset/COVID/images/COVID-1450.png,COVID,COVID,True,0.18508848547935486,0.16273458302021027,False,0.163723424077034,False
77,/kaggle/input/datasets/tawsifurrahman/covid19-radiography-database/COVID-19_Radiography_Dataset/COVID/images/COVID-147.png,COVID,COVID,True,0.36625078320503235,0.18188996613025665,False,0.18227645754814148,False
78,/kaggle/input/datasets/tawsifurrahman/covid19-radiography-database/COVID-19_Radiography_Dataset/COVID/images/COVID-1470.png,COVID,COVID,True,0.22718031704425812,0.1285063773393631,False,0.1281231939792633,False
79,/kaggle/input/datasets/tawsifurrahman/covid19-radiography-database/COVID-19_Radiography_Dataset/COVID/images/COVID-1477.png,COVID,COVID,True,0.37107381224632263,0.22652997076511383,False,0.22491411864757538,False
80,/kaggle/input/datasets/tawsifurrahman/covid19-radiography-database/COVID-19_Radiography_Dataset/COVID/images/COVID-1482.png,COVID,COVID,False,0.3765545189380646,0.20829325914382935,False,0.20755626261234283,False
81,/kaggle/input/datasets/tawsifurrahman/covid19-radiography-database/COVID-19_Radiography_Dataset/COVID/images/COVID-1485.png,COVID,COVID,False,0.3660714328289032,0.27694910764694214,False,0.27795326709747314,False
82,/kaggle/input/datasets/tawsifurrahman/covid19-radiography-database/COVID-19_Radiography_Dataset/COVID/images/COVID-1486.png,COVID,COVID,True,0.26056280732154846,0.10616959631443024,False,0.10645189136266708,False
83,/kaggle/input/datasets/tawsifurrahman/covid19-radiography-database/COVID-19_Radiography_Dataset/COVID/images/COVID-1490.png,COVID,COVID,False,0.26169881224632263,0.1446807086467743,False,0.1441015601158142,False
84,/kaggle/input/datasets/tawsifurrahman/covid19-radiography-database/COVID-19_Radiography_Dataset/COVID/images/COVID-1510.png,COVID,COVID,True,0.23596937954425812,0.08683262765407562,False,0.08705117553472519,False
85,/kaggle/input/datasets/tawsifurrahman/covid19-radiography-database/COVID-19_Radiography_Dataset/COVID/images/COVID-1518.png,COVID,COVID,False,0.2048588991165161,0.1603020578622818,False,0.16019949316978455,False
86,/kaggle/input/datasets/tawsifurrahman/covid19-radiography-database/COVID-19_Radiography_Dataset/COVID/images/COVID-1534.png,COVID,COVID,True,0.220703125,0.10000386089086533,False,0.10040143877267838,False
87,/kaggle/input/datasets/tawsifurrahman/covid19-radiography-database/COVID-19_Radiography_Dataset/COVID/images/COVID-1539.png,COVID,COVID,False,0.3904854953289032,0.2975527346134186,False,0.29614394903182983,False
88,/kaggle/input/datasets/tawsifurrahman/covid19-radiography-database/COVID-19_Radiography_Dataset/COVID/images/COVID-1544.png,COVID,COVID,False,0.2280372977256775,0.08797434717416763,False,0.08866410702466965,False
89,/kaggle/input/datasets/tawsifurrahman/covid19-radiography-database/COVID-19_Radiography_Dataset/COVID/images/COVID-156.png,COVID,COVID,True,0.2948620915412903,0.1452086865901947,False,0.14476580917835236,False
90,/kaggle/input/datasets/tawsifurrahman/covid19-radiography-database/COVID-19_Radiography_Dataset/COVID/images/COVID-1560.png,COVID,COVID,True,0.27734375,0.1390068084001541,False,0.139072448015213,False
91,/kaggle/input/datasets/tawsifurrahman/covid19-radiography-database/COVID-19_Radiography_Dataset/COVID/images/COVID-1561.png,COVID,COVID,False,0.16569674015045166,0.10457701236009598,False,0.10414580255746841,False
92,/kaggle/input/datasets/tawsifurrahman/covid19-radiography-database/COVID-19_Radiography_Dataset/COVID/images/COVID-1569.png,COVID,COVID,False,0.3834303319454193,0.30950531363487244,False,0.3092639744281769,False
93,/kaggle/input/datasets/tawsifurrahman/covid19-radiography-database/COVID-19_Radiography_Dataset/COVID/images/COVID-1570.png,COVID,COVID,True,0.20812739431858063,0.22270335257053375,False,0.22228212654590607,False
94,/kaggle/input/datasets/tawsifurrahman/covid19-radiography-database/COVID-19_Radiography_Dataset/COVID/images/COVID-1573.png,COVID,COVID,False,0.18953284621238708,0.11220654845237732,False,0.11072011291980743,False
95,/kaggle/input/datasets/tawsifurrahman/covid19-radiography-database/COVID-19_Radiography_Dataset/COVID/images/COVID-1575.png,COVID,COVID,False,0.3636399805545807,0.3141671121120453,False,0.31387054920196533,False
96,/kaggle/input/datasets/tawsifurrahman/covid19-radiography-database/COVID-19_Radiography_Dataset/COVID/images/COVID-1576.png,COVID,COVID,False,0.24890385568141937,0.08810989558696747,False,0.08849666267633438,False
97,/kaggle/input/datasets/tawsifurrahman/covid19-radiography-database/COVID-19_Radiography_Dataset/COVID/images/COVID-1580.png,COVID,COVID,False,0.4321986436843872,0.40498316287994385,False,0.4039841890335083,False
98,/kaggle/input/datasets/tawsifurrahman/covid19-radiography-database/COVID-19_Radiography_Dataset/COVID/images/COVID-1586.png,COVID,COVID,False,0.17540258169174194,0.06147266924381256,False,0.06202695146203041,False
99,/kaggle/input/datasets/tawsifurrahman/covid19-radiography-database/COVID-19_Radiography_Dataset/COVID/images/COVID-159.png,COVID,COVID,False,0.2751913070678711,0.15055862069129944,False,0.1510220319032669,False
100,/kaggle/input/datasets/tawsifurrahman/covid19-radiography-database/COVID-19_Radiography_Dataset/COVID/images/COVID-1591.png,COVID,COVID,False,0.19626912474632263,0.09676612913608551,False,0.09666205942630768,False
101,/kaggle/input/datasets/tawsifurrahman/covid19-radiography-database/COVID-19_Radiography_Dataset/COVID/images/COVID-1604.png,COVID,COVID,True,0.44604989886283875,0.2539494037628174,False,0.2541213631629944,False
102,/kaggle/input/datasets/tawsifurrahman/covid19-radiography-database/COVID-19_Radiography_Dataset/COVID/images/COVID-1611.png,COVID,COVID,False,0.15626992285251617,0.061584874987602234,False,0.06267137825489044,False
103,/kaggle/input/datasets/tawsifurrahman/covid19-radiography-database/COVID-19_Radiography_Dataset/COVID/images/COVID-1614.png,COVID,COVID,False,0.34400907158851624,0.1854613721370697,False,0.18529395759105682,False
104,/kaggle/input/datasets/tawsifurrahman/covid19-radiography-database/COVID-19_Radiography_Dataset/COVID/images/COVID-1618.png,COVID,COVID,True,0.28517618775367737,0.14537420868873596,False,0.14674118161201477,False
105,/kaggle/input/datasets/tawsifurrahman/covid19-radiography-database/COVID-19_Radiography_Dataset/COVID/images/COVID-1619.png,COVID,COVID,False,0.22201849520206451,0.1390913873910904,False,0.13885711133480072,False
106,/kaggle/input/datasets/tawsifurrahman/covid19-radiography-database/COVID-19_Radiography_Dataset/COVID/images/COVID-1631.png,COVID,COVID,False,0.16007652878761292,0.09287510812282562,False,0.09363613277673721,False
107,/kaggle/input/datasets/tawsifurrahman/covid19-radiography-database/COVID-19_Radiography_Dataset/COVID/images/COVID-1636.png,COVID,COVID,False,0.36162707209587097,0.2282894104719162,False,0.22736752033233643,False
108,/kaggle/input/datasets/tawsifurrahman/covid19-radiography-database/COVID-19_Radiography_Dataset/COVID/images/COVID-1637.png,COVID,COVID,False,0.25414541363716125,0.1463930904865265,False,0.14687089622020721,False
109,/kaggle/input/datasets/tawsifurrahman/covid19-radiography-database/COVID-19_Radiography_Dataset/COVID/images/COVID-1640.png,COVID,COVID,False,0.2603037357330322,0.2126070261001587,False,0.2105555534362793,False
110,/kaggle/input/datasets/tawsifurrahman/covid19-radiography-database/COVID-19_Radiography_Dataset/COVID/images/COVID-1643.png,COVID,COVID,False,0.1180245503783226,0.05769500136375427,False,0.058507487177848816,False
111,/kaggle/input/datasets/tawsifurrahman/covid19-radiography-database/COVID-19_Radiography_Dataset/COVID/images/COVID-1658.png,COVID,COVID,False,0.2948022782802582,0.2623271048069,False,0.26269441843032837,False
112,/kaggle/input/datasets/tawsifurrahman/covid19-radiography-database/COVID-19_Radiography_Dataset/COVID/images/COVID-1664.png,COVID,COVID,False,0.3042689561843872,0.20900104939937592,False,0.20965507626533508,False
113,/kaggle/input/datasets/tawsifurrahman/covid19-radiography-database/COVID-19_Radiography_Dataset/COVID/images/COVID-1665.png,COVID,COVID,True,0.21466436982154846,0.1256788671016693,False,0.12544800341129303,False
114,/kaggle/input/datasets/tawsifurrahman/covid19-radiography-database/COVID-19_Radiography_Dataset/COVID/images/COVID-1671.png,COVID,COVID,False,0.2017299085855484,0.13039760291576385,False,0.13014031946659088,False
115,/kaggle/input/datasets/tawsifurrahman/covid19-radiography-database/COVID-19_Radiography_Dataset/COVID/images/COVID-1681.png,COVID,COVID,False,0.1896723508834839,0.16890597343444824,False,0.16991184651851654,False
116,/kaggle/input/datasets/tawsifurrahman/covid19-radiography-database/COVID-19_Radiography_Dataset/COVID/images/COVID-1683.png,COVID,COVID,False,0.2146444469690323,0.06617610901594162,False,0.06641219556331635,False
117,/kaggle/input/datasets/tawsifurrahman/covid19-radiography-database/COVID-19_Radiography_Dataset/COVID/images/COVID-1685.png,COVID,COVID,True,0.16695232689380646,0.06147754192352295,False,0.06179078668355942,False
118,/kaggle/input/datasets/tawsifurrahman/covid19-radiography-database/COVID-19_Radiography_Dataset/COVID/images/COVID-1692.png,COVID,COVID,False,0.3258330523967743,0.18508265912532806,False,0.18437384068965912,False
119,/kaggle/input/datasets/tawsifurrahman/covid19-radiography-database/COVID-19_Radiography_Dataset/COVID/images/COVID-1704.png,COVID,COVID,False,0.31084582209587097,0.1612442433834076,False,0.16152000427246094,False
120,/kaggle/input/datasets/tawsifurrahman/covid19-radiography-database/COVID-19_Radiography_Dataset/COVID/images/COVID-1710.png,COVID,COVID,False,0.3108856678009033,0.1875823587179184,False,0.18916267156600952,False
121,/kaggle/input/datasets/tawsifurrahman/covid19-radiography-database/COVID-19_Radiography_Dataset/COVID/images/COVID-1716.png,COVID,COVID,False,0.1966477930545807,0.16994424164295197,False,0.16929802298545837,False
122,/kaggle/input/datasets/tawsifurrahman/covid19-radiography-database/COVID-19_Radiography_Dataset/COVID/images/COVID-1732.png,COVID,COVID,False,0.17107780277729034,0.0764886885881424,False,0.07664794474840164,False
123,/kaggle/input/datasets/tawsifurrahman/covid19-radiography-database/COVID-19_Radiography_Dataset/COVID/images/COVID-1744.png,COVID,COVID,False,0.2126713991165161,0.0815085768699646,False,0.08153602480888367,False
124,/kaggle/input/datasets/tawsifurrahman/covid19-radiography-database/COVID-19_Radiography_Dataset/COVID/images/COVID-1749.png,COVID,COVID,True,0.21145567297935486,0.0928276851773262,False,0.09456536173820496,False
125,/kaggle/input/datasets/tawsifurrahman/covid19-radiography-database/COVID-19_Radiography_Dataset/COVID/images/COVID-1750.png,COVID,COVID,False,0.16956312954425812,0.0702829584479332,False,0.07024086266756058,False
126,/kaggle/input/datasets/tawsifurrahman/covid19-radiography-database/COVID-19_Radiography_Dataset/COVID/images/COVID-1752.png,COVID,COVID,True,0.18843670189380646,0.1279190182685852,False,0.12815624475479126,False
127,/kaggle/input/datasets/tawsifurrahman/covid19-radiography-database/COVID-19_Radiography_Dataset/COVID/images/COVID-1760.png,COVID,COVID,False,0.17831233143806458,0.08005725592374802,False,0.0796285942196846,False
128,/kaggle/input/datasets/tawsifurrahman/covid19-radiography-database/COVID-19_Radiography_Dataset/COVID/images/COVID-1764.png,COVID,COVID,False,0.3023756444454193,0.188205286860466,False,0.18713505566120148,False
129,/kaggle/input/datasets/tawsifurrahman/covid19-radiography-database/COVID-19_Radiography_Dataset/COVID/images/COVID-1766.png,COVID,COVID,False,0.1942761391401291,0.08366352319717407,False,0.08316664397716522,False
130,/kaggle/input/datasets/tawsifurrahman/covid19-radiography-database/COVID-19_Radiography_Dataset/COVID/images/COVID-1767.png,COVID,COVID,False,0.18048469722270966,0.1381223052740097,False,0.13868439197540283,False
131,/kaggle/input/datasets/tawsifurrahman/covid19-radiography-database/COVID-19_Radiography_Dataset/COVID/images/COVID-1768.png,COVID,COVID,True,0.1616908460855484,0.085408516228199,False,0.08515989780426025,False
132,/kaggle/input/datasets/tawsifurrahman/covid19-radiography-database/COVID-19_Radiography_Dataset/COVID/images/COVID-1782.png,COVID,COVID,True,0.2043805718421936,0.12200982868671417,False,0.12154427170753479,False
133,/kaggle/input/datasets/tawsifurrahman/covid19-radiography-database/COVID-19_Radiography_Dataset/COVID/images/COVID-1784.png,COVID,COVID,False,0.3080357015132904,0.1929338425397873,False,0.19180826842784882,False
134,/kaggle/input/datasets/tawsifurrahman/covid19-radiography-database/COVID-19_Radiography_Dataset/COVID/images/COVID-1791.png,COVID,COVID,False,0.185546875,0.07081416249275208,False,0.07092072814702988,False
135,/kaggle/input/datasets/tawsifurrahman/covid19-radiography-database/COVID-19_Radiography_Dataset/COVID/images/COVID-1793.png,COVID,COVID,False,0.15286192297935486,0.06826458126306534,False,0.06860402226448059,False
136,/kaggle/input/datasets/tawsifurrahman/covid19-radiography-database/COVID-19_Radiography_Dataset/COVID/images/COVID-1795.png,COVID,COVID,False,0.14883609116077423,0.05656334012746811,False,0.056364987045526505,False
137,/kaggle/input/datasets/tawsifurrahman/covid19-radiography-database/COVID-19_Radiography_Dataset/COVID/images/COVID-1808.png,COVID,COVID,True,0.2248883843421936,0.144223153591156,False,0.14542673528194427,False
138,/kaggle/input/datasets/tawsifurrahman/covid19-radiography-database/COVID-19_Radiography_Dataset/COVID/images/COVID-1825.png,COVID,COVID,False,0.22462929785251617,0.17890937626361847,False,0.18024824559688568,False
139,/kaggle/input/datasets/tawsifurrahman/covid19-radiography-database/COVID-19_Radiography_Dataset/COVID/images/COVID-1826.png,COVID,COVID,False,0.20629383623600006,0.08856793493032455,False,0.08856534957885742,False
140,/kaggle/input/datasets/tawsifurrahman/covid19-radiography-database/COVID-19_Radiography_Dataset/COVID/images/COVID-1830.png,COVID,COVID,True,0.3000039756298065,0.11263100802898407,False,0.11265239119529724,False
141,/kaggle/input/datasets/tawsifurrahman/covid19-radiography-database/COVID-19_Radiography_Dataset/COVID/images/COVID-1834.png,COVID,COVID,False,0.30004385113716125,0.11139815300703049,False,0.11217325925827026,False
142,/kaggle/input/datasets/tawsifurrahman/covid19-radiography-database/COVID-19_Radiography_Dataset/COVID/images/COVID-1839.png,COVID,COVID,False,0.3689413070678711,0.3365153968334198,False,0.337653785943985,False
143,/kaggle/input/datasets/tawsifurrahman/covid19-radiography-database/COVID-19_Radiography_Dataset/COVID/images/COVID-1858.png,COVID,COVID,False,0.26287466287612915,0.17237511277198792,False,0.17214883863925934,False
144,/kaggle/input/datasets/tawsifurrahman/covid19-radiography-database/COVID-19_Radiography_Dataset/COVID/images/COVID-1859.png,COVID,COVID,False,0.2241310477256775,0.08965394645929337,False,0.08979051560163498,False
145,/kaggle/input/datasets/tawsifurrahman/covid19-radiography-database/COVID-19_Radiography_Dataset/COVID/images/COVID-186.png,COVID,COVID,False,0.3097895383834839,0.21729545295238495,False,0.21676000952720642,False
146,/kaggle/input/datasets/tawsifurrahman/covid19-radiography-database/COVID-19_Radiography_Dataset/COVID/images/COVID-1860.png,COVID,COVID,False,0.2764469087123871,0.14449097216129303,False,0.14531010389328003,False
147,/kaggle/input/datasets/tawsifurrahman/covid19-radiography-database/COVID-19_Radiography_Dataset/COVID/images/COVID-1873.png,COVID,COVID,False,0.23134565353393555,0.11067597568035126,False,0.11096777021884918,False
148,/kaggle/input/datasets/tawsifurrahman/covid19-radiography-database/COVID-19_Radiography_Dataset/COVID/images/COVID-1892.png,COVID,COVID,True,0.23003028333187103,0.11324609071016312,False,0.11414406448602676,False
149,/kaggle/input/datasets/tawsifurrahman/covid19-radiography-database/COVID-19_Radiography_Dataset/COVID/images/COVID-1906.png,COVID,COVID,True,0.23816166818141937,0.15245382487773895,False,0.1527373045682907,False
150,/kaggle/input/datasets/tawsifurrahman/covid19-radiography-database/COVID-19_Radiography_Dataset/COVID/images/COVID-1916.png,COVID,COVID,False,0.1481584757566452,0.07109807431697845,False,0.0708928182721138,False
151,/kaggle/input/datasets/tawsifurrahman/covid19-radiography-database/COVID-19_Radiography_Dataset/COVID/images/COVID-1917.png,COVID,COVID,False,0.2077885866165161,0.07089819014072418,False,0.07128354907035828,False
152,/kaggle/input/datasets/tawsifurrahman/covid19-radiography-database/COVID-19_Radiography_Dataset/COVID/images/COVID-1918.png,COVID,COVID,False,0.2782007157802582,0.14949016273021698,False,0.15076816082000732,False
153,/kaggle/input/datasets/tawsifurrahman/covid19-radiography-database/COVID-19_Radiography_Dataset/COVID/images/COVID-1922.png,COVID,COVID,True,0.25554049015045166,0.1614104062318802,False,0.16288907825946808,False
154,/kaggle/input/datasets/tawsifurrahman/covid19-radiography-database/COVID-19_Radiography_Dataset/COVID/images/COVID-1926.png,COVID,COVID,True,0.2920519709587097,0.20514900982379913,False,0.20720766484737396,False
155,/kaggle/input/datasets/tawsifurrahman/covid19-radiography-database/COVID-19_Radiography_Dataset/COVID/images/COVID-1927.png,COVID,COVID,True,0.25707510113716125,0.07909271866083145,False,0.07987182587385178,False
156,/kaggle/input/datasets/tawsifurrahman/covid19-radiography-database/COVID-19_Radiography_Dataset/COVID/images/COVID-1930.png,COVID,COVID,False,0.25322863459587097,0.09042005985975266,False,0.09035930782556534,False
157,/kaggle/input/datasets/tawsifurrahman/covid19-radiography-database/COVID-19_Radiography_Dataset/COVID/images/COVID-1933.png,COVID,COVID,False,0.2865712642669678,0.11771200597286224,False,0.11873692274093628,False
158,/kaggle/input/datasets/tawsifurrahman/covid19-radiography-database/COVID-19_Radiography_Dataset/COVID/images/COVID-194.png,COVID,COVID,True,0.17797352373600006,0.07015528529882431,False,0.07013001292943954,False
159,/kaggle/input/datasets/tawsifurrahman/covid19-radiography-database/COVID-19_Radiography_Dataset/COVID/images/COVID-1943.png,COVID,COVID,False,0.15884087979793549,0.06059011444449425,False,0.0600404292345047,False
160,/kaggle/input/datasets/tawsifurrahman/covid19-radiography-database/COVID-19_Radiography_Dataset/COVID/images/COVID-1952.png,COVID,COVID,False,0.19072863459587097,0.07579615712165833,False,0.07586966454982758,False
161,/kaggle/input/datasets/tawsifurrahman/covid19-radiography-database/COVID-19_Radiography_Dataset/COVID/images/COVID-1953.png,COVID,COVID,False,0.18927375972270966,0.11032068729400635,False,0.11005986481904984,False
162,/kaggle/input/datasets/tawsifurrahman/covid19-radiography-database/COVID-19_Radiography_Dataset/COVID/images/COVID-1955.png,COVID,COVID,False,0.1564692258834839,0.06356529146432877,False,0.06398789584636688,False
163,/kaggle/input/datasets/tawsifurrahman/covid19-radiography-database/COVID-19_Radiography_Dataset/COVID/images/COVID-1958.png,COVID,COVID,False,0.18863599002361298,0.08712352812290192,False,0.08755099028348923,False
164,/kaggle/input/datasets/tawsifurrahman/covid19-radiography-database/COVID-19_Radiography_Dataset/COVID/images/COVID-1968.png,COVID,COVID,False,0.16928412020206451,0.07472241669893265,False,0.07898955047130585,False
165,/kaggle/input/datasets/tawsifurrahman/covid19-radiography-database/COVID-19_Radiography_Dataset/COVID/images/COVID-1969.png,COVID,COVID,False,0.28748804330825806,0.15440277755260468,False,0.155459925532341,False
166,/kaggle/input/datasets/tawsifurrahman/covid19-radiography-database/COVID-19_Radiography_Dataset/COVID/images/COVID-1970.png,COVID,COVID,False,0.24906329810619354,0.06737830489873886,False,0.0671420693397522,False
167,/kaggle/input/datasets/tawsifurrahman/covid19-radiography-database/COVID-19_Radiography_Dataset/COVID/images/COVID-1972.png,COVID,COVID,True,0.24711017310619354,0.11476834118366241,False,0.11487799882888794,False
168,/kaggle/input/datasets/tawsifurrahman/covid19-radiography-database/COVID-19_Radiography_Dataset/COVID/images/COVID-1973.png,COVID,COVID,False,0.2791772782802582,0.11725267767906189,False,0.11754357814788818,False
169,/kaggle/input/datasets/tawsifurrahman/covid19-radiography-database/COVID-19_Radiography_Dataset/COVID/images/COVID-1982.png,COVID,COVID,False,0.28611287474632263,0.16097113490104675,False,0.16236257553100586,False
170,/kaggle/input/datasets/tawsifurrahman/covid19-radiography-database/COVID-19_Radiography_Dataset/COVID/images/COVID-1985.png,COVID,COVID,False,0.25751355290412903,0.1314277946949005,False,0.13085827231407166,False
171,/kaggle/input/datasets/tawsifurrahman/covid19-radiography-database/COVID-19_Radiography_Dataset/COVID/images/COVID-2004.png,COVID,COVID,False,0.23553092777729034,0.1115938127040863,False,0.11117086559534073,False
172,/kaggle/input/datasets/tawsifurrahman/covid19-radiography-database/COVID-19_Radiography_Dataset/COVID/images/COVID-2005.png,COVID,COVID,True,0.21733497083187103,0.16036099195480347,False,0.1622496098279953,False
173,/kaggle/input/datasets/tawsifurrahman/covid19-radiography-database/COVID-19_Radiography_Dataset/COVID/images/COVID-2014.png,COVID,Lung_Opacity,True,0.14911511540412903,0.10668037831783295,False,0.10643894970417023,False
174,/kaggle/input/datasets/tawsifurrahman/covid19-radiography-database/COVID-19_Radiography_Dataset/COVID/images/COVID-2015.png,COVID,COVID,False,0.21297034621238708,0.10735490918159485,False,0.10785723477602005,False
175,/kaggle/input/datasets/tawsifurrahman/covid19-radiography-database/COVID-19_Radiography_Dataset/COVID/images/COVID-2020.png,COVID,COVID,False,0.23329877853393555,0.1479729264974594,False,0.14742088317871094,False
176,/kaggle/input/datasets/tawsifurrahman/covid19-radiography-database/COVID-19_Radiography_Dataset/COVID/images/COVID-2023.png,COVID,COVID,True,0.18807795643806458,0.0803498774766922,False,0.08023343980312347,False
177,/kaggle/input/datasets/tawsifurrahman/covid19-radiography-database/COVID-19_Radiography_Dataset/COVID/images/COVID-2024.png,COVID,COVID,True,0.19164539873600006,0.07097286731004715,False,0.07129450887441635,False
178,/kaggle/input/datasets/tawsifurrahman/covid19-radiography-database/COVID-19_Radiography_Dataset/COVID/images/COVID-2029.png,COVID,COVID,False,0.18020567297935486,0.068392813205719,False,0.06878519058227539,False
179,/kaggle/input/datasets/tawsifurrahman/covid19-radiography-database/COVID-19_Radiography_Dataset/COVID/images/COVID-2033.png,COVID,COVID,False,0.31881776452064514,0.16202391684055328,False,0.16226276755332947,False
180,/kaggle/input/datasets/tawsifurrahman/covid19-radiography-database/COVID-19_Radiography_Dataset/COVID/images/COVID-2040.png,COVID,COVID,True,0.26147958636283875,0.11017128825187683,False,0.11035050451755524,False
181,/kaggle/input/datasets/tawsifurrahman/covid19-radiography-database/COVID-19_Radiography_Dataset/COVID/images/COVID-2042.png,COVID,COVID,False,0.27178332209587097,0.18000450730323792,False,0.1808585822582245,False
182,/kaggle/input/datasets/tawsifurrahman/covid19-radiography-database/COVID-19_Radiography_Dataset/COVID/images/COVID-205.png,COVID,COVID,False,0.2515545189380646,0.18977521359920502,False,0.18987080454826355,False
183,/kaggle/input/datasets/tawsifurrahman/covid19-radiography-database/COVID-19_Radiography_Dataset/COVID/images/COVID-2060.png,COVID,COVID,False,0.15726642310619354,0.09030190110206604,False,0.09174210578203201,False
184,/kaggle/input/datasets/tawsifurrahman/covid19-radiography-database/COVID-19_Radiography_Dataset/COVID/images/COVID-2063.png,COVID,COVID,True,0.1574457883834839,0.05361126363277435,False,0.0540250688791275,False
185,/kaggle/input/datasets/tawsifurrahman/covid19-radiography-database/COVID-19_Radiography_Dataset/COVID/images/COVID-2064.png,COVID,COVID,False,0.10507015138864517,0.0380183570086956,False,0.03895876556634903,False
186,/kaggle/input/datasets/tawsifurrahman/covid19-radiography-database/COVID-19_Radiography_Dataset/COVID/images/COVID-2070.png,COVID,COVID,False,0.17398756742477417,0.07434612512588501,False,0.07492025941610336,False
187,/kaggle/input/datasets/tawsifurrahman/covid19-radiography-database/COVID-19_Radiography_Dataset/COVID/images/COVID-2076.png,COVID,COVID,False,0.20844626426696777,0.06799894571304321,False,0.06846626847982407,False
188,/kaggle/input/datasets/tawsifurrahman/covid19-radiography-database/COVID-19_Radiography_Dataset/COVID/images/COVID-2087.png,COVID,COVID,False,0.24988041818141937,0.12015407532453537,False,0.11954617500305176,False
189,/kaggle/input/datasets/tawsifurrahman/covid19-radiography-database/COVID-19_Radiography_Dataset/COVID/images/COVID-209.png,COVID,COVID,False,0.16960299015045166,0.07563446462154388,False,0.07530873268842697,False
190,/kaggle/input/datasets/tawsifurrahman/covid19-radiography-database/COVID-19_Radiography_Dataset/COVID/images/COVID-2095.png,COVID,COVID,False,0.23509247601032257,0.08421910554170609,False,0.0849030539393425,False
191,/kaggle/input/datasets/tawsifurrahman/covid19-radiography-database/COVID-19_Radiography_Dataset/COVID/images/COVID-2096.png,COVID,COVID,False,0.26839524507522583,0.21751409769058228,False,0.2180696427822113,False
192,/kaggle/input/datasets/tawsifurrahman/covid19-radiography-database/COVID-19_Radiography_Dataset/COVID/images/COVID-2114.png,COVID,COVID,True,0.21884964406490326,0.17325447499752045,False,0.17428059875965118,False
193,/kaggle/input/datasets/tawsifurrahman/covid19-radiography-database/COVID-19_Radiography_Dataset/COVID/images/COVID-2117.png,COVID,COVID,False,0.22002550959587097,0.08274605125188828,False,0.08263007551431656,False
194,/kaggle/input/datasets/tawsifurrahman/covid19-radiography-database/COVID-19_Radiography_Dataset/COVID/images/COVID-2123.png,COVID,COVID,False,0.22528699040412903,0.15412646532058716,False,0.15482090413570404,False
195,/kaggle/input/datasets/tawsifurrahman/covid19-radiography-database/COVID-19_Radiography_Dataset/COVID/images/COVID-2125.png,COVID,COVID,True,0.24732939898967743,0.14414244890213013,False,0.14454138278961182,False
196,/kaggle/input/datasets/tawsifurrahman/covid19-radiography-database/COVID-19_Radiography_Dataset/COVID/images/COVID-2129.png,COVID,COVID,True,0.2240513414144516,0.14477857947349548,False,0.14824457466602325,False
197,/kaggle/input/datasets/tawsifurrahman/covid19-radiography-database/COVID-19_Radiography_Dataset/COVID/images/COVID-2147.png,COVID,COVID,False,0.20579560101032257,0.10970959067344666,False,0.11377312242984772,False
198,/kaggle/input/datasets/tawsifurrahman/covid19-radiography-database/COVID-19_Radiography_Dataset/COVID/images/COVID-2150.png,COVID,COVID,False,0.15852199494838715,0.0962594673037529,False,0.09693341702222824,False
199,/kaggle/input/datasets/tawsifurrahman/covid19-radiography-database/COVID-19_Radiography_Dataset/COVID/images/COVID-2160.png,COVID,COVID,False,0.1501913219690323,0.06769207864999771,False,0.06781857460737228,False
200,/kaggle/input/datasets/tawsifurrahman/covid19-radiography-database/COVID-19_Radiography_Dataset/COVID/images/COVID-2163.png,COVID,COVID,False,0.20559629797935486,0.06846827268600464,False,0.06785503774881363,False
201,/kaggle/input/datasets/tawsifurrahman/covid19-radiography-database/COVID-19_Radiography_Dataset/COVID/images/COVID-2165.png,COVID,COVID,False,0.22761878371238708,0.0869353786110878,False,0.08686962723731995,False
202,/kaggle/input/datasets/tawsifurrahman/covid19-radiography-database/COVID-19_Radiography_Dataset/COVID/images/COVID-218.png,COVID,COVID,False,0.14672352373600006,0.04056638851761818,False,0.041123166680336,False
203,/kaggle/input/datasets/tawsifurrahman/covid19-radiography-database/COVID-19_Radiography_Dataset/COVID/images/COVID-2197.png,COVID,COVID,False,0.23987562954425812,0.10636231303215027,False,0.10725627839565277,False
204,/kaggle/input/datasets/tawsifurrahman/covid19-radiography-database/COVID-19_Radiography_Dataset/COVID/images/COVID-220.png,COVID,COVID,True,0.34113919734954834,0.2164141833782196,False,0.21503368020057678,False
205,/kaggle/input/datasets/tawsifurrahman/covid19-radiography-database/COVID-19_Radiography_Dataset/COVID/images/COVID-2206.png,COVID,COVID,False,0.23491309583187103,0.10456106066703796,False,0.10532741993665695,False
206,/kaggle/input/datasets/tawsifurrahman/covid19-radiography-database/COVID-19_Radiography_Dataset/COVID/images/COVID-2211.png,COVID,COVID,False,0.2930285334587097,0.19335970282554626,False,0.19591115415096283,False
207,/kaggle/input/datasets/tawsifurrahman/covid19-radiography-database/COVID-19_Radiography_Dataset/COVID/images/COVID-2220.png,COVID,COVID,False,0.181640625,0.0834282785654068,False,0.08537938445806503,False
208,/kaggle/input/datasets/tawsifurrahman/covid19-radiography-database/COVID-19_Radiography_Dataset/COVID/images/COVID-2225.png,COVID,COVID,False,0.1972058266401291,0.06635517627000809,False,0.066095270216465,False
209,/kaggle/input/datasets/tawsifurrahman/covid19-radiography-database/COVID-19_Radiography_Dataset/COVID/images/COVID-2229.png,COVID,COVID,True,0.2502790093421936,0.14419469237327576,False,0.14576859772205353,False
210,/kaggle/input/datasets/tawsifurrahman/covid19-radiography-database/COVID-19_Radiography_Dataset/COVID/images/COVID-2232.png,COVID,COVID,True,0.18556679785251617,0.07412223517894745,False,0.07495874166488647,False
211,/kaggle/input/datasets/tawsifurrahman/covid19-radiography-database/COVID-19_Radiography_Dataset/COVID/images/COVID-2233.png,COVID,COVID,True,0.3040696680545807,0.1577059030532837,False,0.15761621296405792,False
212,/kaggle/input/datasets/tawsifurrahman/covid19-radiography-database/COVID-19_Radiography_Dataset/COVID/images/COVID-225.png,COVID,COVID,False,0.14937420189380646,0.08466296643018723,False,0.08453883975744247,False
213,/kaggle/input/datasets/tawsifurrahman/covid19-radiography-database/COVID-19_Radiography_Dataset/COVID/images/COVID-2255.png,COVID,COVID,False,0.23240193724632263,0.07908647507429123,False,0.0798620879650116,False
214,/kaggle/input/datasets/tawsifurrahman/covid19-radiography-database/COVID-19_Radiography_Dataset/COVID/images/COVID-2267.png,COVID,COVID,False,0.16354432702064514,0.06490641087293625,False,0.06525102257728577,False
215,/kaggle/input/datasets/tawsifurrahman/covid19-radiography-database/COVID-19_Radiography_Dataset/COVID/images/COVID-2284.png,COVID,COVID,False,0.26690050959587097,0.2649940848350525,False,0.2651250958442688,False
216,/kaggle/input/datasets/tawsifurrahman/covid19-radiography-database/COVID-19_Radiography_Dataset/COVID/images/COVID-2293.png,COVID,COVID,False,0.26851481199264526,0.18094123899936676,False,0.1813793033361435,False
217,/kaggle/input/datasets/tawsifurrahman/covid19-radiography-database/COVID-19_Radiography_Dataset/COVID/images/COVID-2294.png,COVID,COVID,False,0.24071268737316132,0.1357911378145218,False,0.1367834061384201,False
218,/kaggle/input/datasets/tawsifurrahman/covid19-radiography-database/COVID-19_Radiography_Dataset/COVID/images/COVID-2295.png,COVID,Normal,True,0.24035394191741943,0.1341879516839981,False,0.13427101075649261,False
219,/kaggle/input/datasets/tawsifurrahman/covid19-radiography-database/COVID-19_Radiography_Dataset/COVID/images/COVID-2298.png,COVID,COVID,False,0.17984694242477417,0.055606093257665634,False,0.05600748583674431,False
220,/kaggle/input/datasets/tawsifurrahman/covid19-radiography-database/COVID-19_Radiography_Dataset/COVID/images/COVID-2310.png,COVID,COVID,True,0.28742825984954834,0.1590091437101364,False,0.15972203016281128,False
221,/kaggle/input/datasets/tawsifurrahman/covid19-radiography-database/COVID-19_Radiography_Dataset/COVID/images/COVID-2334.png,COVID,COVID,False,0.20984135568141937,0.10794734209775925,False,0.10815398395061493,False
222,/kaggle/input/datasets/tawsifurrahman/covid19-radiography-database/COVID-19_Radiography_Dataset/COVID/images/COVID-2335.png,COVID,COVID,True,0.2744738459587097,0.10243711620569229,False,0.10376688838005066,False
223,/kaggle/input/datasets/tawsifurrahman/covid19-radiography-database/COVID-19_Radiography_Dataset/COVID/images/COVID-2339.png,COVID,COVID,False,0.2654854953289032,0.17140880227088928,False,0.1714916080236435,False
224,/kaggle/input/datasets/tawsifurrahman/covid19-radiography-database/COVID-19_Radiography_Dataset/COVID/images/COVID-2342.png,COVID,COVID,False,0.241071417927742,0.12004914879798889,False,0.12114769965410233,False
225,/kaggle/input/datasets/tawsifurrahman/covid19-radiography-database/COVID-19_Radiography_Dataset/COVID/images/COVID-2344.png,COVID,COVID,True,0.26293447613716125,0.10802128911018372,False,0.10967836529016495,False
226,/kaggle/input/datasets/tawsifurrahman/covid19-radiography-database/COVID-19_Radiography_Dataset/COVID/images/COVID-2345.png,COVID,COVID,False,0.23784278333187103,0.07967451959848404,False,0.08035171031951904,False
227,/kaggle/input/datasets/tawsifurrahman/covid19-radiography-database/COVID-19_Radiography_Dataset/COVID/images/COVID-2349.png,COVID,COVID,False,0.22179926931858063,0.1100701242685318,False,0.11158932000398636,False
228,/kaggle/input/datasets/tawsifurrahman/covid19-radiography-database/COVID-19_Radiography_Dataset/COVID/images/COVID-2352.png,COVID,COVID,False,0.1121651753783226,0.05573370307683945,False,0.05589718744158745,False
229,/kaggle/input/datasets/tawsifurrahman/covid19-radiography-database/COVID-19_Radiography_Dataset/COVID/images/COVID-2362.png,COVID,COVID,True,0.16479989886283875,0.18019425868988037,False,0.18387889862060547,False
230,/kaggle/input/datasets/tawsifurrahman/covid19-radiography-database/COVID-19_Radiography_Dataset/COVID/images/COVID-2363.png,COVID,COVID,False,0.16635443270206451,0.05878988280892372,False,0.05858178064227104,False
231,/kaggle/input/datasets/tawsifurrahman/covid19-radiography-database/COVID-19_Radiography_Dataset/COVID/images/COVID-2366.png,COVID,Lung_Opacity,True,0.24085219204425812,0.08988343179225922,False,0.09133616834878922,False
232,/kaggle/input/datasets/tawsifurrahman/covid19-radiography-database/COVID-19_Radiography_Dataset/COVID/images/COVID-2367.png,COVID,COVID,False,0.24908322095870972,0.10707153379917145,False,0.10784178227186203,False
233,/kaggle/input/datasets/tawsifurrahman/covid19-radiography-database/COVID-19_Radiography_Dataset/COVID/images/COVID-2377.png,COVID,COVID,False,0.2700693607330322,0.09339861571788788,False,0.0944499596953392,False
234,/kaggle/input/datasets/tawsifurrahman/covid19-radiography-database/COVID-19_Radiography_Dataset/COVID/images/COVID-238.png,COVID,COVID,True,0.11499521136283875,0.0714988261461258,False,0.07229063659906387,False
235,/kaggle/input/datasets/tawsifurrahman/covid19-radiography-database/COVID-19_Radiography_Dataset/COVID/images/COVID-2385.png,COVID,COVID,True,0.2611407935619354,0.11103451251983643,False,0.11197882145643234,False
236,/kaggle/input/datasets/tawsifurrahman/covid19-radiography-database/COVID-19_Radiography_Dataset/COVID/images/COVID-2386.png,COVID,COVID,False,0.17781409621238708,0.06526244431734085,False,0.06559434533119202,False
237,/kaggle/input/datasets/tawsifurrahman/covid19-radiography-database/COVID-19_Radiography_Dataset/COVID/images/COVID-2387.png,COVID,COVID,True,0.20820710062980652,0.08932194113731384,False,0.09034457057714462,False
238,/kaggle/input/datasets/tawsifurrahman/covid19-radiography-database/COVID-19_Radiography_Dataset/COVID/images/COVID-2393.png,COVID,COVID,False,0.23009008169174194,0.13629277050495148,False,0.13692344725131989,False
239,/kaggle/input/datasets/tawsifurrahman/covid19-radiography-database/COVID-19_Radiography_Dataset/COVID/images/COVID-241.png,COVID,COVID,False,0.22720025479793549,0.08854513615369797,False,0.08861249685287476,False
240,/kaggle/input/datasets/tawsifurrahman/covid19-radiography-database/COVID-19_Radiography_Dataset/COVID/images/COVID-2412.png,COVID,COVID,False,0.25827088952064514,0.1284499615430832,False,0.13034963607788086,False
241,/kaggle/input/datasets/tawsifurrahman/covid19-radiography-database/COVID-19_Radiography_Dataset/COVID/images/COVID-2425.png,COVID,COVID,False,0.18751992285251617,0.11432437598705292,False,0.11566906422376633,False
242,/kaggle/input/datasets/tawsifurrahman/covid19-radiography-database/COVID-19_Radiography_Dataset/COVID/images/COVID-2442.png,COVID,COVID,False,0.15355946123600006,0.05944577604532242,False,0.05932557210326195,False
243,/kaggle/input/datasets/tawsifurrahman/covid19-radiography-database/COVID-19_Radiography_Dataset/COVID/images/COVID-2454.png,COVID,COVID,False,0.3247169852256775,0.17039385437965393,False,0.17081908881664276,False
244,/kaggle/input/datasets/tawsifurrahman/covid19-radiography-database/COVID-19_Radiography_Dataset/COVID/images/COVID-2466.png,COVID,COVID,True,0.28065210580825806,0.1474437564611435,False,0.14683763682842255,False
245,/kaggle/input/datasets/tawsifurrahman/covid19-radiography-database/COVID-19_Radiography_Dataset/COVID/images/COVID-2469.png,COVID,COVID,False,0.2998844087123871,0.12336764484643936,False,0.1247166320681572,False
246,/kaggle/input/datasets/tawsifurrahman/covid19-radiography-database/COVID-19_Radiography_Dataset/COVID/images/COVID-2471.png,COVID,COVID,False,0.1993582546710968,0.1204705610871315,False,0.12144457548856735,False
247,/kaggle/input/datasets/tawsifurrahman/covid19-radiography-database/COVID-19_Radiography_Dataset/COVID/images/COVID-2473.png,COVID,COVID,True,0.21472416818141937,0.09875617176294327,False,0.099332295358181,False
248,/kaggle/input/datasets/tawsifurrahman/covid19-radiography-database/COVID-19_Radiography_Dataset/COVID/images/COVID-2496.png,COVID,COVID,True,0.1476801633834839,0.10385037958621979,False,0.10529578477144241,False
249,/kaggle/input/datasets/tawsifurrahman/covid19-radiography-database/COVID-19_Radiography_Dataset/COVID/images/COVID-2497.png,COVID,COVID,True,0.1792091727256775,0.11625023186206818,False,0.12043526023626328,False
250,/kaggle/input/datasets/tawsifurrahman/covid19-radiography-database/COVID-19_Radiography_Dataset/COVID/images/COVID-250.png,COVID,COVID,True,0.44814252853393555,0.31890714168548584,False,0.3188045024871826,False
251,/kaggle/input/datasets/tawsifurrahman/covid19-radiography-database/COVID-19_Radiography_Dataset/COVID/images/COVID-2504.png,COVID,COVID,False,0.23150509595870972,0.09460923820734024,False,0.09426466375589371,False
252,/kaggle/input/datasets/tawsifurrahman/covid19-radiography-database/COVID-19_Radiography_Dataset/COVID/images/COVID-2509.png,COVID,COVID,False,0.35740193724632263,0.1636291742324829,False,0.1634412407875061,False
253,/kaggle/input/datasets/tawsifurrahman/covid19-radiography-database/COVID-19_Radiography_Dataset/COVID/images/COVID-251.png,COVID,COVID,False,0.22827646136283875,0.11239845305681229,False,0.11521074175834656,False
254,/kaggle/input/datasets/tawsifurrahman/covid19-radiography-database/COVID-19_Radiography_Dataset/COVID/images/COVID-2510.png,COVID,COVID,False,0.24087212979793549,0.10232806950807571,False,0.10247982293367386,False
255,/kaggle/input/datasets/tawsifurrahman/covid19-radiography-database/COVID-19_Radiography_Dataset/COVID/images/COVID-2515.png,COVID,COVID,False,0.23142537474632263,0.09163645654916763,False,0.09148415178060532,False
256,/kaggle/input/datasets/tawsifurrahman/covid19-radiography-database/COVID-19_Radiography_Dataset/COVID/images/COVID-2517.png,COVID,COVID,False,0.20848612487316132,0.08081022650003433,False,0.08113116770982742,False
257,/kaggle/input/datasets/tawsifurrahman/covid19-radiography-database/COVID-19_Radiography_Dataset/COVID/images/COVID-2522.png,COVID,COVID,False,0.20358338952064514,0.1175885796546936,False,0.11788978427648544,False
258,/kaggle/input/datasets/tawsifurrahman/covid19-radiography-database/COVID-19_Radiography_Dataset/COVID/images/COVID-2524.png,COVID,COVID,False,0.15971778333187103,0.08572392910718918,False,0.0857841819524765,False
259,/kaggle/input/datasets/tawsifurrahman/covid19-radiography-database/COVID-19_Radiography_Dataset/COVID/images/COVID-2525.png,COVID,COVID,False,0.21145567297935486,0.10885266214609146,False,0.10923457890748978,False
260,/kaggle/input/datasets/tawsifurrahman/covid19-radiography-database/COVID-19_Radiography_Dataset/COVID/images/COVID-2528.png,COVID,COVID,False,0.22271603345870972,0.1032528430223465,False,0.10372909158468246,False
261,/kaggle/input/datasets/tawsifurrahman/covid19-radiography-database/COVID-19_Radiography_Dataset/COVID/images/COVID-2535.png,COVID,COVID,False,0.19630898535251617,0.05880199372768402,False,0.05859822779893875,False
262,/kaggle/input/datasets/tawsifurrahman/covid19-radiography-database/COVID-19_Radiography_Dataset/COVID/images/COVID-2542.png,COVID,COVID,False,0.26187819242477417,0.11881402134895325,False,0.11821505427360535,False
263,/kaggle/input/datasets/tawsifurrahman/covid19-radiography-database/COVID-19_Radiography_Dataset/COVID/images/COVID-2546.png,COVID,COVID,False,0.19638870656490326,0.07740317285060883,False,0.07898566871881485,False
264,/kaggle/input/datasets/tawsifurrahman/covid19-radiography-database/COVID-19_Radiography_Dataset/COVID/images/COVID-2549.png,COVID,COVID,False,0.23854033648967743,0.14987027645111084,False,0.14995883405208588,False
265,/kaggle/input/datasets/tawsifurrahman/covid19-radiography-database/COVID-19_Radiography_Dataset/COVID/images/COVID-256.png,COVID,COVID,False,0.2811104953289032,0.15627698600292206,False,0.1558145433664322,False
266,/kaggle/input/datasets/tawsifurrahman/covid19-radiography-database/COVID-19_Radiography_Dataset/COVID/images/COVID-2575.png,COVID,COVID,False,0.32043206691741943,0.17381924390792847,False,0.17357689142227173,False
267,/kaggle/input/datasets/tawsifurrahman/covid19-radiography-database/COVID-19_Radiography_Dataset/COVID/images/COVID-2577.png,COVID,COVID,False,0.2165178507566452,0.09057934582233429,False,0.08968677371740341,False
268,/kaggle/input/datasets/tawsifurrahman/covid19-radiography-database/COVID-19_Radiography_Dataset/COVID/images/COVID-2580.png,COVID,COVID,False,0.15296156704425812,0.06532182544469833,False,0.06597733497619629,False
269,/kaggle/input/datasets/tawsifurrahman/covid19-radiography-database/COVID-19_Radiography_Dataset/COVID/images/COVID-2581.png,COVID,COVID,False,0.18578602373600006,0.09112163633108139,False,0.09164643287658691,False
270,/kaggle/input/datasets/tawsifurrahman/covid19-radiography-database/COVID-19_Radiography_Dataset/COVID/images/COVID-2582.png,COVID,COVID,False,0.2954201102256775,0.21537570655345917,False,0.21560657024383545,False
271,/kaggle/input/datasets/tawsifurrahman/covid19-radiography-database/COVID-19_Radiography_Dataset/COVID/images/COVID-2584.png,COVID,COVID,False,0.32272401452064514,0.14720594882965088,False,0.14799676835536957,False
272,/kaggle/input/datasets/tawsifurrahman/covid19-radiography-database/COVID-19_Radiography_Dataset/COVID/images/COVID-2601.png,COVID,COVID,True,0.2946627736091614,0.13632284104824066,False,0.1364241987466812,False
273,/kaggle/input/datasets/tawsifurrahman/covid19-radiography-database/COVID-19_Radiography_Dataset/COVID/images/COVID-2602.png,COVID,COVID,False,0.13101881742477417,0.05081308260560036,False,0.0500919409096241,False
274,/kaggle/input/datasets/tawsifurrahman/covid19-radiography-database/COVID-19_Radiography_Dataset/COVID/images/COVID-2615.png,COVID,COVID,False,0.17504383623600006,0.07456260919570923,False,0.07409915328025818,False
275,/kaggle/input/datasets/tawsifurrahman/covid19-radiography-database/COVID-19_Radiography_Dataset/COVID/images/COVID-2624.png,COVID,COVID,False,0.2612404227256775,0.10683847218751907,False,0.10701227188110352,False
276,/kaggle/input/datasets/tawsifurrahman/covid19-radiography-database/COVID-19_Radiography_Dataset/COVID/images/COVID-2628.png,COVID,COVID,False,0.2734375,0.1312582790851593,False,0.13121022284030914,False
277,/kaggle/input/datasets/tawsifurrahman/covid19-radiography-database/COVID-19_Radiography_Dataset/COVID/images/COVID-2633.png,COVID,COVID,False,0.20418128371238708,0.08747371286153793,False,0.08908936381340027,False
278,/kaggle/input/datasets/tawsifurrahman/covid19-radiography-database/COVID-19_Radiography_Dataset/COVID/images/COVID-2644.png,COVID,COVID,True,0.15965799987316132,0.08051043748855591,False,0.08015989512205124,False
279,/kaggle/input/datasets/tawsifurrahman/covid19-radiography-database/COVID-19_Radiography_Dataset/COVID/images/COVID-2653.png,COVID,COVID,False,0.1958107352256775,0.08910011500120163,False,0.08823893964290619,False
280,/kaggle/input/datasets/tawsifurrahman/covid19-radiography-database/COVID-19_Radiography_Dataset/COVID/images/COVID-2666.png,COVID,COVID,False,0.2025071680545807,0.0852762907743454,False,0.08656400442123413,False
281,/kaggle/input/datasets/tawsifurrahman/covid19-radiography-database/COVID-19_Radiography_Dataset/COVID/images/COVID-2669.png,COVID,COVID,True,0.2278977930545807,0.18666930496692657,False,0.18743345141410828,False
282,/kaggle/input/datasets/tawsifurrahman/covid19-radiography-database/COVID-19_Radiography_Dataset/COVID/images/COVID-267.png,COVID,COVID,False,0.17366868257522583,0.06863386183977127,False,0.06927437335252762,False
283,/kaggle/input/datasets/tawsifurrahman/covid19-radiography-database/COVID-19_Radiography_Dataset/COVID/images/COVID-2687.png,COVID,COVID,False,0.1775350719690323,0.12072747200727463,False,0.12206483632326126,False
284,/kaggle/input/datasets/tawsifurrahman/covid19-radiography-database/COVID-19_Radiography_Dataset/COVID/images/COVID-2692.png,COVID,COVID,False,0.3282645046710968,0.17092134058475494,False,0.17154064774513245,False
285,/kaggle/input/datasets/tawsifurrahman/covid19-radiography-database/COVID-19_Radiography_Dataset/COVID/images/COVID-2698.png,COVID,COVID,False,0.1609335094690323,0.07178287953138351,False,0.07143497467041016,False
286,/kaggle/input/datasets/tawsifurrahman/covid19-radiography-database/COVID-19_Radiography_Dataset/COVID/images/COVID-2704.png,COVID,COVID,False,0.2741350531578064,0.11562229692935944,False,0.11571872979402542,False
287,/kaggle/input/datasets/tawsifurrahman/covid19-radiography-database/COVID-19_Radiography_Dataset/COVID/images/COVID-2708.png,COVID,COVID,False,0.17323023080825806,0.1133265495300293,False,0.11460188776254654,False
288,/kaggle/input/datasets/tawsifurrahman/covid19-radiography-database/COVID-19_Radiography_Dataset/COVID/images/COVID-2711.png,COVID,Normal,False,0.2817881107330322,0.1735086739063263,False,0.17544466257095337,False
289,/kaggle/input/datasets/tawsifurrahman/covid19-radiography-database/COVID-19_Radiography_Dataset/COVID/images/COVID-2714.png,COVID,COVID,True,0.20796795189380646,0.08913523703813553,False,0.08869616687297821,False
290,/kaggle/input/datasets/tawsifurrahman/covid19-radiography-database/COVID-19_Radiography_Dataset/COVID/images/COVID-2716.png,COVID,COVID,False,0.18915417790412903,0.08064036816358566,False,0.08165669441223145,False
291,/kaggle/input/datasets/tawsifurrahman/covid19-radiography-database/COVID-19_Radiography_Dataset/COVID/images/COVID-2724.png,COVID,COVID,False,0.2661631107330322,0.12321525067090988,False,0.1240803524851799,False
292,/kaggle/input/datasets/tawsifurrahman/covid19-radiography-database/COVID-19_Radiography_Dataset/COVID/images/COVID-273.png,COVID,COVID,False,0.2708665430545807,0.13717061281204224,False,0.1389545351266861,False
293,/kaggle/input/datasets/tawsifurrahman/covid19-radiography-database/COVID-19_Radiography_Dataset/COVID/images/COVID-2736.png,COVID,COVID,False,0.23909837007522583,0.08976087719202042,False,0.09065902978181839,False
294,/kaggle/input/datasets/tawsifurrahman/covid19-radiography-database/COVID-19_Radiography_Dataset/COVID/images/COVID-2737.png,COVID,Normal,False,0.20609454810619354,0.14732269942760468,False,0.14981600642204285,False
295,/kaggle/input/datasets/tawsifurrahman/covid19-radiography-database/COVID-19_Radiography_Dataset/COVID/images/COVID-2740.png,COVID,COVID,False,0.1825573891401291,0.0929490253329277,False,0.09397244453430176,False
296,/kaggle/input/datasets/tawsifurrahman/covid19-radiography-database/COVID-19_Radiography_Dataset/COVID/images/COVID-2759.png,COVID,COVID,True,0.2818877398967743,0.1423444151878357,False,0.14239050447940826,False
297,/kaggle/input/datasets/tawsifurrahman/covid19-radiography-database/COVID-19_Radiography_Dataset/COVID/images/COVID-2761.png,COVID,COVID,True,0.26983019709587097,0.09810511767864227,False,0.09777108579874039,False
298,/kaggle/input/datasets/tawsifurrahman/covid19-radiography-database/COVID-19_Radiography_Dataset/COVID/images/COVID-2762.png,COVID,COVID,True,0.16326530277729034,0.0651644915342331,False,0.06534089893102646,False
299,/kaggle/input/datasets/tawsifurrahman/covid19-radiography-database/COVID-19_Radiography_Dataset/COVID/images/COVID-2770.png,COVID,COVID,True,0.1540975719690323,0.0573003813624382,False,0.057772137224674225,False
300,/kaggle/input/datasets/tawsifurrahman/covid19-radiography-database/COVID-19_Radiography_Dataset/COVID/images/COVID-2771.png,COVID,COVID,False,0.1765385866165161,0.06917557120323181,False,0.06905709952116013,False
301,/kaggle/input/datasets/tawsifurrahman/covid19-radiography-database/COVID-19_Radiography_Dataset/COVID/images/COVID-2776.png,COVID,COVID,True,0.16609534621238708,0.06801546365022659,False,0.06842846423387527,False
302,/kaggle/input/datasets/tawsifurrahman/covid19-radiography-database/COVID-19_Radiography_Dataset/COVID/images/COVID-2778.png,COVID,COVID,False,0.21378746628761292,0.08132569491863251,False,0.08213606476783752,False
303,/kaggle/input/datasets/tawsifurrahman/covid19-radiography-database/COVID-19_Radiography_Dataset/COVID/images/COVID-2785.png,COVID,COVID,False,0.1703404039144516,0.08597720414400101,False,0.08661136031150818,False
304,/kaggle/input/datasets/tawsifurrahman/covid19-radiography-database/COVID-19_Radiography_Dataset/COVID/images/COVID-2787.png,COVID,COVID,True,0.15864157676696777,0.0639955922961235,False,0.06400799751281738,False
305,/kaggle/input/datasets/tawsifurrahman/covid19-radiography-database/COVID-19_Radiography_Dataset/COVID/images/COVID-279.png,COVID,COVID,False,0.36246412992477417,0.18737362325191498,False,0.18807241320610046,False
306,/kaggle/input/datasets/tawsifurrahman/covid19-radiography-database/COVID-19_Radiography_Dataset/COVID/images/COVID-2794.png,COVID,COVID,False,0.3119618892669678,0.19318215548992157,False,0.1933908462524414,False
307,/kaggle/input/datasets/tawsifurrahman/covid19-radiography-database/COVID-19_Radiography_Dataset/COVID/images/COVID-2798.png,COVID,Lung_Opacity,True,0.21839125454425812,0.12852875888347626,False,0.1275273561477661,False
308,/kaggle/input/datasets/tawsifurrahman/covid19-radiography-database/COVID-19_Radiography_Dataset/COVID/images/COVID-28.png,COVID,COVID,False,0.22437021136283875,0.13507607579231262,False,0.13536959886550903,False
309,/kaggle/input/datasets/tawsifurrahman/covid19-radiography-database/COVID-19_Radiography_Dataset/COVID/images/COVID-2804.png,COVID,COVID,False,0.30289381742477417,0.17912037670612335,False,0.17967775464057922,False
310,/kaggle/input/datasets/tawsifurrahman/covid19-radiography-database/COVID-19_Radiography_Dataset/COVID/images/COVID-2818.png,COVID,COVID,False,0.2688336968421936,0.13248173892498016,False,0.1331978589296341,False
311,/kaggle/input/datasets/tawsifurrahman/covid19-radiography-database/COVID-19_Radiography_Dataset/COVID/images/COVID-2833.png,COVID,COVID,False,0.15031090378761292,0.10475974529981613,False,0.10467291623353958,False
312,/kaggle/input/datasets/tawsifurrahman/covid19-radiography-database/COVID-19_Radiography_Dataset/COVID/images/COVID-2841.png,COVID,COVID,True,0.2991669178009033,0.11158056557178497,False,0.11210626363754272,False
313,/kaggle/input/datasets/tawsifurrahman/covid19-radiography-database/COVID-19_Radiography_Dataset/COVID/images/COVID-2842.png,COVID,COVID,False,0.3432517349720001,0.1430968940258026,False,0.1429254710674286,False
314,/kaggle/input/datasets/tawsifurrahman/covid19-radiography-database/COVID-19_Radiography_Dataset/COVID/images/COVID-2849.png,COVID,COVID,False,0.27521124482154846,0.12167227268218994,False,0.12193664908409119,False
315,/kaggle/input/datasets/tawsifurrahman/covid19-radiography-database/COVID-19_Radiography_Dataset/COVID/images/COVID-285.png,COVID,COVID,False,0.32657045125961304,0.17879725992679596,False,0.17953477799892426,False
316,/kaggle/input/datasets/tawsifurrahman/covid19-radiography-database/COVID-19_Radiography_Dataset/COVID/images/COVID-2853.png,COVID,COVID,False,0.20218829810619354,0.08059512823820114,False,0.0802643895149231,False
317,/kaggle/input/datasets/tawsifurrahman/covid19-radiography-database/COVID-19_Radiography_Dataset/COVID/images/COVID-2855.png,COVID,COVID,False,0.2518933415412903,0.10411848872900009,False,0.10448400676250458,False
318,/kaggle/input/datasets/tawsifurrahman/covid19-radiography-database/COVID-19_Radiography_Dataset/COVID/images/COVID-2860.png,COVID,COVID,False,0.29906728863716125,0.14799277484416962,False,0.14729303121566772,False
319,/kaggle/input/datasets/tawsifurrahman/covid19-radiography-database/COVID-19_Radiography_Dataset/COVID/images/COVID-2864.png,COVID,COVID,False,0.2687739133834839,0.14292685687541962,False,0.14364668726921082,False
320,/kaggle/input/datasets/tawsifurrahman/covid19-radiography-database/COVID-19_Radiography_Dataset/COVID/images/COVID-2867.png,COVID,COVID,False,0.17586097121238708,0.0929788276553154,False,0.09292121231555939,False
321,/kaggle/input/datasets/tawsifurrahman/covid19-radiography-database/COVID-19_Radiography_Dataset/COVID/images/COVID-2872.png,COVID,COVID,True,0.23662707209587097,0.09050426632165909,False,0.09046054631471634,False
322,/kaggle/input/datasets/tawsifurrahman/covid19-radiography-database/COVID-19_Radiography_Dataset/COVID/images/COVID-2879.png,COVID,COVID,True,0.2140864133834839,0.06161987781524658,False,0.06172747164964676,False
323,/kaggle/input/datasets/tawsifurrahman/covid19-radiography-database/COVID-19_Radiography_Dataset/COVID/images/COVID-2884.png,COVID,COVID,True,0.2356305718421936,0.11183808743953705,False,0.11183258146047592,False
324,/kaggle/input/datasets/tawsifurrahman/covid19-radiography-database/COVID-19_Radiography_Dataset/COVID/images/COVID-289.png,COVID,COVID,True,0.2338169664144516,0.17239700257778168,False,0.17440548539161682,False
325,/kaggle/input/datasets/tawsifurrahman/covid19-radiography-database/COVID-19_Radiography_Dataset/COVID/images/COVID-2909.png,COVID,COVID,False,0.21494339406490326,0.1083049401640892,False,0.10837611556053162,False
326,/kaggle/input/datasets/tawsifurrahman/covid19-radiography-database/COVID-19_Radiography_Dataset/COVID/images/COVID-2914.png,COVID,Normal,False,0.233258917927742,0.12003248929977417,False,0.1202523335814476,False
327,/kaggle/input/datasets/tawsifurrahman/covid19-radiography-database/COVID-19_Radiography_Dataset/COVID/images/COVID-2919.png,COVID,COVID,False,0.1849290430545807,0.06320952624082565,False,0.06410034745931625,False
328,/kaggle/input/datasets/tawsifurrahman/covid19-radiography-database/COVID-19_Radiography_Dataset/COVID/images/COVID-2922.png,COVID,COVID,False,0.2378627210855484,0.125792995095253,False,0.12557923793792725,False
329,/kaggle/input/datasets/tawsifurrahman/covid19-radiography-database/COVID-19_Radiography_Dataset/COVID/images/COVID-2924.png,COVID,COVID,False,0.23288024961948395,0.12264619767665863,False,0.12299566715955734,False
330,/kaggle/input/datasets/tawsifurrahman/covid19-radiography-database/COVID-19_Radiography_Dataset/COVID/images/COVID-2926.png,COVID,COVID,False,0.16326530277729034,0.07379928231239319,False,0.07442022114992142,False
331,/kaggle/input/datasets/tawsifurrahman/covid19-radiography-database/COVID-19_Radiography_Dataset/COVID/images/COVID-2927.png,COVID,COVID,False,0.16952326893806458,0.06891284137964249,False,0.06906156986951828,False
332,/kaggle/input/datasets/tawsifurrahman/covid19-radiography-database/COVID-19_Radiography_Dataset/COVID/images/COVID-293.png,COVID,COVID,False,0.1931600719690323,0.08030196279287338,False,0.08042135089635849,False
333,/kaggle/input/datasets/tawsifurrahman/covid19-radiography-database/COVID-19_Radiography_Dataset/COVID/images/COVID-2943.png,COVID,COVID,True,0.3120216727256775,0.15685005486011505,False,0.156948521733284,False
334,/kaggle/input/datasets/tawsifurrahman/covid19-radiography-database/COVID-19_Radiography_Dataset/COVID/images/COVID-2955.png,COVID,COVID,True,0.2931680381298065,0.18885748088359833,False,0.19105388224124908,False
335,/kaggle/input/datasets/tawsifurrahman/covid19-radiography-database/COVID-19_Radiography_Dataset/COVID/images/COVID-2963.png,COVID,COVID,False,0.33717313408851624,0.16269196569919586,False,0.16360898315906525,False
336,/kaggle/input/datasets/tawsifurrahman/covid19-radiography-database/COVID-19_Radiography_Dataset/COVID/images/COVID-2968.png,COVID,COVID,True,0.1690848171710968,0.11068640649318695,False,0.11060993373394012,False
337,/kaggle/input/datasets/tawsifurrahman/covid19-radiography-database/COVID-19_Radiography_Dataset/COVID/images/COVID-2971.png,COVID,COVID,False,0.2695910334587097,0.13798844814300537,False,0.14040055871009827,False
338,/kaggle/input/datasets/tawsifurrahman/covid19-radiography-database/COVID-19_Radiography_Dataset/COVID/images/COVID-2972.png,COVID,COVID,True,0.29083624482154846,0.12403357774019241,False,0.12535259127616882,False
339,/kaggle/input/datasets/tawsifurrahman/covid19-radiography-database/COVID-19_Radiography_Dataset/COVID/images/COVID-2977.png,COVID,COVID,False,0.17374840378761292,0.11289487034082413,False,0.11311128735542297,False
340,/kaggle/input/datasets/tawsifurrahman/covid19-radiography-database/COVID-19_Radiography_Dataset/COVID/images/COVID-2978.png,COVID,COVID,False,0.15166613459587097,0.0882531926035881,False,0.08800152689218521,False
341,/kaggle/input/datasets/tawsifurrahman/covid19-radiography-database/COVID-19_Radiography_Dataset/COVID/images/COVID-2980.png,COVID,COVID,False,0.3478555381298065,0.2119460552930832,False,0.21324540674686432,False
342,/kaggle/input/datasets/tawsifurrahman/covid19-radiography-database/COVID-19_Radiography_Dataset/COVID/images/COVID-2984.png,COVID,COVID,False,0.19262196123600006,0.11906810849905014,False,0.11920999735593796,False
343,/kaggle/input/datasets/tawsifurrahman/covid19-radiography-database/COVID-19_Radiography_Dataset/COVID/images/COVID-2992.png,COVID,COVID,False,0.2611806392669678,0.15985843539237976,False,0.16948187351226807,False
344,/kaggle/input/datasets/tawsifurrahman/covid19-radiography-database/COVID-19_Radiography_Dataset/COVID/images/COVID-2995.png,COVID,COVID,False,0.23309949040412903,0.09039966017007828,False,0.09024794399738312,False
345,/kaggle/input/datasets/tawsifurrahman/covid19-radiography-database/COVID-19_Radiography_Dataset/COVID/images/COVID-2997.png,COVID,COVID,False,0.21440528333187103,0.12955886125564575,False,0.12990359961986542,False
346,/kaggle/input/datasets/tawsifurrahman/covid19-radiography-database/COVID-19_Radiography_Dataset/COVID/images/COVID-3006.png,COVID,COVID,True,0.26698023080825806,0.14844350516796112,False,0.14803066849708557,False
347,/kaggle/input/datasets/tawsifurrahman/covid19-radiography-database/COVID-19_Radiography_Dataset/COVID/images/COVID-3011.png,COVID,COVID,False,0.30508607625961304,0.14488328993320465,False,0.14644278585910797,False
348,/kaggle/input/datasets/tawsifurrahman/covid19-radiography-database/COVID-19_Radiography_Dataset/COVID/images/COVID-3013.png,COVID,COVID,True,0.2533282935619354,0.1127641424536705,False,0.11311540007591248,False
349,/kaggle/input/datasets/tawsifurrahman/covid19-radiography-database/COVID-19_Radiography_Dataset/COVID/images/COVID-3048.png,COVID,COVID,False,0.24752868711948395,0.09819760173559189,False,0.09869897365570068,False
350,/kaggle/input/datasets/tawsifurrahman/covid19-radiography-database/COVID-19_Radiography_Dataset/COVID/images/COVID-3049.png,COVID,Normal,False,0.33862802386283875,0.2016482651233673,False,0.2022412270307541,False
351,/kaggle/input/datasets/tawsifurrahman/covid19-radiography-database/COVID-19_Radiography_Dataset/COVID/images/COVID-3056.png,COVID,COVID,False,0.12928491830825806,0.06311050802469254,False,0.06332492083311081,False
352,/kaggle/input/datasets/tawsifurrahman/covid19-radiography-database/COVID-19_Radiography_Dataset/COVID/images/COVID-3063.png,COVID,COVID,False,0.18901465833187103,0.09463289380073547,False,0.09503035247325897,False
353,/kaggle/input/datasets/tawsifurrahman/covid19-radiography-database/COVID-19_Radiography_Dataset/COVID/images/COVID-3065.png,COVID,COVID,True,0.23351800441741943,0.12177938222885132,False,0.12228512018918991,False
354,/kaggle/input/datasets/tawsifurrahman/covid19-radiography-database/COVID-19_Radiography_Dataset/COVID/images/COVID-3074.png,COVID,COVID,True,0.41438135504722595,0.30094388127326965,False,0.3047313094139099,False
355,/kaggle/input/datasets/tawsifurrahman/covid19-radiography-database/COVID-19_Radiography_Dataset/COVID/images/COVID-3079.png,COVID,COVID,False,0.20174983143806458,0.06724385172128677,False,0.06851192563772202,False
356,/kaggle/input/datasets/tawsifurrahman/covid19-radiography-database/COVID-19_Radiography_Dataset/COVID/images/COVID-3092.png,COVID,COVID,False,0.20770886540412903,0.09231235086917877,False,0.09211478382349014,False
357,/kaggle/input/datasets/tawsifurrahman/covid19-radiography-database/COVID-19_Radiography_Dataset/COVID/images/COVID-3097.png,COVID,COVID,True,0.193359375,0.09049242734909058,False,0.09250056743621826,False
358,/kaggle/input/datasets/tawsifurrahman/covid19-radiography-database/COVID-19_Radiography_Dataset/COVID/images/COVID-3100.png,COVID,COVID,False,0.2458147257566452,0.11225005239248276,False,0.1122356578707695,False
359,/kaggle/input/datasets/tawsifurrahman/covid19-radiography-database/COVID-19_Radiography_Dataset/COVID/images/COVID-3107.png,COVID,COVID,False,0.22666214406490326,0.09163171052932739,False,0.09094563871622086,False
360,/kaggle/input/datasets/tawsifurrahman/covid19-radiography-database/COVID-19_Radiography_Dataset/COVID/images/COVID-3115.png,COVID,COVID,True,0.2421277016401291,0.10334913432598114,False,0.10334362089633942,False
361,/kaggle/input/datasets/tawsifurrahman/covid19-radiography-database/COVID-19_Radiography_Dataset/COVID/images/COVID-3146.png,COVID,COVID,True,0.2734972834587097,0.14627677202224731,False,0.1455608457326889,False
362,/kaggle/input/datasets/tawsifurrahman/covid19-radiography-database/COVID-19_Radiography_Dataset/COVID/images/COVID-3150.png,COVID,COVID,False,0.18215879797935486,0.0525691919028759,False,0.05310908332467079,False
363,/kaggle/input/datasets/tawsifurrahman/covid19-radiography-database/COVID-19_Radiography_Dataset/COVID/images/COVID-3152.png,COVID,COVID,False,0.23782286047935486,0.11311184614896774,False,0.11390893906354904,False
364,/kaggle/input/datasets/tawsifurrahman/covid19-radiography-database/COVID-19_Radiography_Dataset/COVID/images/COVID-3156.png,COVID,Normal,False,0.24914300441741943,0.1539825201034546,False,0.1542488932609558,False
365,/kaggle/input/datasets/tawsifurrahman/covid19-radiography-database/COVID-19_Radiography_Dataset/COVID/images/COVID-3168.png,COVID,COVID,False,0.22076290845870972,0.1145983412861824,False,0.11523919552564621,False
366,/kaggle/input/datasets/tawsifurrahman/covid19-radiography-database/COVID-19_Radiography_Dataset/COVID/images/COVID-3188.png,COVID,Lung_Opacity,False,0.18901465833187103,0.08840528130531311,False,0.08893704414367676,False
367,/kaggle/input/datasets/tawsifurrahman/covid19-radiography-database/COVID-19_Radiography_Dataset/COVID/images/COVID-3190.png,COVID,COVID,False,0.19104750454425812,0.11871542036533356,False,0.11907598376274109,False
368,/kaggle/input/datasets/tawsifurrahman/covid19-radiography-database/COVID-19_Radiography_Dataset/COVID/images/COVID-3199.png,COVID,COVID,True,0.23363758623600006,0.10446938127279282,False,0.10557156801223755,False
369,/kaggle/input/datasets/tawsifurrahman/covid19-radiography-database/COVID-19_Radiography_Dataset/COVID/images/COVID-32.png,COVID,Normal,True,0.36344069242477417,0.21796953678131104,False,0.21844691038131714,False
370,/kaggle/input/datasets/tawsifurrahman/covid19-radiography-database/COVID-19_Radiography_Dataset/COVID/images/COVID-3201.png,COVID,COVID,True,0.06301817297935486,0.07295391708612442,False,0.07742705196142197,False
371,/kaggle/input/datasets/tawsifurrahman/covid19-radiography-database/COVID-19_Radiography_Dataset/COVID/images/COVID-323.png,COVID,COVID,True,0.25065767765045166,0.1986522227525711,False,0.1981057971715927,False
372,/kaggle/input/datasets/tawsifurrahman/covid19-radiography-database/COVID-19_Radiography_Dataset/COVID/images/COVID-3235.png,COVID,COVID,False,0.24378187954425812,0.12287944555282593,False,0.12260649353265762,False
373,/kaggle/input/datasets/tawsifurrahman/covid19-radiography-database/COVID-19_Radiography_Dataset/COVID/images/COVID-3239.png,COVID,COVID,True,0.21528220176696777,0.14023645222187042,False,0.14288829267024994,False
374,/kaggle/input/datasets/tawsifurrahman/covid19-radiography-database/COVID-19_Radiography_Dataset/COVID/images/COVID-3240.png,COVID,COVID,False,0.1677694469690323,0.07032203674316406,False,0.07198905944824219,False
375,/kaggle/input/datasets/tawsifurrahman/covid19-radiography-database/COVID-19_Radiography_Dataset/COVID/images/COVID-3241.png,COVID,COVID,False,0.22787787020206451,0.12592853605747223,False,0.12685975432395935,False
376,/kaggle/input/datasets/tawsifurrahman/covid19-radiography-database/COVID-19_Radiography_Dataset/COVID/images/COVID-3246.png,COVID,COVID,False,0.30026307702064514,0.14265111088752747,False,0.14297416806221008,False
377,/kaggle/input/datasets/tawsifurrahman/covid19-radiography-database/COVID-19_Radiography_Dataset/COVID/images/COVID-3259.png,COVID,COVID,False,0.20962212979793549,0.10761228203773499,False,0.10747723281383514,False
378,/kaggle/input/datasets/tawsifurrahman/covid19-radiography-database/COVID-19_Radiography_Dataset/COVID/images/COVID-3265.png,COVID,COVID,False,0.25603872537612915,0.14631003141403198,False,0.14900673925876617,False
379,/kaggle/input/datasets/tawsifurrahman/covid19-radiography-database/COVID-19_Radiography_Dataset/COVID/images/COVID-3267.png,COVID,COVID,False,0.2817881107330322,0.1432485282421112,False,0.14375673234462738,False
380,/kaggle/input/datasets/tawsifurrahman/covid19-radiography-database/COVID-19_Radiography_Dataset/COVID/images/COVID-3268.png,COVID,COVID,False,0.3186981678009033,0.14120501279830933,False,0.14086756110191345,False
381,/kaggle/input/datasets/tawsifurrahman/covid19-radiography-database/COVID-19_Radiography_Dataset/COVID/images/COVID-3270.png,COVID,COVID,True,0.20481903851032257,0.08343639969825745,False,0.08382962644100189,False
382,/kaggle/input/datasets/tawsifurrahman/covid19-radiography-database/COVID-19_Radiography_Dataset/COVID/images/COVID-3282.png,COVID,COVID,True,0.2741350531578064,0.1616712361574173,False,0.16184423863887787,False
383,/kaggle/input/datasets/tawsifurrahman/covid19-radiography-database/COVID-19_Radiography_Dataset/COVID/images/COVID-3289.png,COVID,COVID,False,0.1879982352256775,0.09589950740337372,False,0.09588061273097992,False
384,/kaggle/input/datasets/tawsifurrahman/covid19-radiography-database/COVID-19_Radiography_Dataset/COVID/images/COVID-3290.png,COVID,COVID,True,0.1835339516401291,0.09147892892360687,False,0.09197578579187393,False
385,/kaggle/input/datasets/tawsifurrahman/covid19-radiography-database/COVID-19_Radiography_Dataset/COVID/images/COVID-330.png,COVID,COVID,False,0.19876036047935486,0.10484239459037781,False,0.10441826283931732,False
386,/kaggle/input/datasets/tawsifurrahman/covid19-radiography-database/COVID-19_Radiography_Dataset/COVID/images/COVID-3300.png,COVID,COVID,True,0.16535793244838715,0.05657832697033882,False,0.05738094076514244,False
387,/kaggle/input/datasets/tawsifurrahman/covid19-radiography-database/COVID-19_Radiography_Dataset/COVID/images/COVID-3313.png,COVID,COVID,False,0.21892936527729034,0.09626436978578568,False,0.09657976776361465,False
388,/kaggle/input/datasets/tawsifurrahman/covid19-radiography-database/COVID-19_Radiography_Dataset/COVID/images/COVID-3321.png,COVID,COVID,False,0.24412068724632263,0.07275236397981644,False,0.07268592715263367,False
389,/kaggle/input/datasets/tawsifurrahman/covid19-radiography-database/COVID-19_Radiography_Dataset/COVID/images/COVID-333.png,COVID,COVID,False,0.1745854616165161,0.08175985515117645,False,0.08304926753044128,False
390,/kaggle/input/datasets/tawsifurrahman/covid19-radiography-database/COVID-19_Radiography_Dataset/COVID/images/COVID-3334.png,COVID,COVID,False,0.20246730744838715,0.06372333317995071,False,0.06392031162977219,False
391,/kaggle/input/datasets/tawsifurrahman/covid19-radiography-database/COVID-19_Radiography_Dataset/COVID/images/COVID-3350.png,COVID,COVID,False,0.16153140366077423,0.09325829148292542,False,0.09379799664020538,False
392,/kaggle/input/datasets/tawsifurrahman/covid19-radiography-database/COVID-19_Radiography_Dataset/COVID/images/COVID-3386.png,COVID,COVID,True,0.24601402878761292,0.17507529258728027,False,0.17626953125,False
393,/kaggle/input/datasets/tawsifurrahman/covid19-radiography-database/COVID-19_Radiography_Dataset/COVID/images/COVID-3410.png,COVID,COVID,True,0.3148716390132904,0.1764938086271286,False,0.17748157680034637,False
394,/kaggle/input/datasets/tawsifurrahman/covid19-radiography-database/COVID-19_Radiography_Dataset/COVID/images/COVID-342.png,COVID,COVID,False,0.23666693270206451,0.15748222172260284,False,0.1597888171672821,False
395,/kaggle/input/datasets/tawsifurrahman/covid19-radiography-database/COVID-19_Radiography_Dataset/COVID/images/COVID-3424.png,COVID,COVID,False,0.20021523535251617,0.07211717963218689,False,0.07245685905218124,False
396,/kaggle/input/datasets/tawsifurrahman/covid19-radiography-database/COVID-19_Radiography_Dataset/COVID/images/COVID-3435.png,COVID,COVID,False,0.2924704849720001,0.1630270779132843,False,0.1641330122947693,False
397,/kaggle/input/datasets/tawsifurrahman/covid19-radiography-database/COVID-19_Radiography_Dataset/COVID/images/COVID-3438.png,COVID,COVID,False,0.30723851919174194,0.20199841260910034,False,0.2019810825586319,False
398,/kaggle/input/datasets/tawsifurrahman/covid19-radiography-database/COVID-19_Radiography_Dataset/COVID/images/COVID-3455.png,COVID,COVID,True,0.31819993257522583,0.1952848583459854,False,0.19768169522285461,False
399,/kaggle/input/datasets/tawsifurrahman/covid19-radiography-database/COVID-19_Radiography_Dataset/COVID/images/COVID-3457.png,COVID,COVID,True,0.2534279227256775,0.1093030795454979,False,0.10949627310037613,False
400,/kaggle/input/datasets/tawsifurrahman/covid19-radiography-database/COVID-19_Radiography_Dataset/COVID/images/COVID-3461.png,COVID,COVID,False,0.27453362941741943,0.13000991940498352,False,0.12975163757801056,False
401,/kaggle/input/datasets/tawsifurrahman/covid19-radiography-database/COVID-19_Radiography_Dataset/COVID/images/COVID-3462.png,COVID,COVID,False,0.21151545643806458,0.09640546888113022,False,0.09488207846879959,False
402,/kaggle/input/datasets/tawsifurrahman/covid19-radiography-database/COVID-19_Radiography_Dataset/COVID/images/COVID-3463.png,COVID,COVID,True,0.19108736515045166,0.09983106702566147,False,0.10069487988948822,False
403,/kaggle/input/datasets/tawsifurrahman/covid19-radiography-database/COVID-19_Radiography_Dataset/COVID/images/COVID-3469.png,COVID,COVID,True,0.22323420643806458,0.08721700310707092,False,0.0871569961309433,False
404,/kaggle/input/datasets/tawsifurrahman/covid19-radiography-database/COVID-19_Radiography_Dataset/COVID/images/COVID-3471.png,COVID,COVID,False,0.2878268361091614,0.14053648710250854,False,0.140660360455513,False
405,/kaggle/input/datasets/tawsifurrahman/covid19-radiography-database/COVID-19_Radiography_Dataset/COVID/images/COVID-348.png,COVID,COVID,False,0.3120814561843872,0.17730925977230072,False,0.17721018195152283,False
406,/kaggle/input/datasets/tawsifurrahman/covid19-radiography-database/COVID-19_Radiography_Dataset/COVID/images/COVID-349.png,COVID,COVID,False,0.27786192297935486,0.19001898169517517,False,0.18954312801361084,False
407,/kaggle/input/datasets/tawsifurrahman/covid19-radiography-database/COVID-19_Radiography_Dataset/COVID/images/COVID-3491.png,COVID,COVID,False,0.17370854318141937,0.07764764875173569,False,0.07737173140048981,False
408,/kaggle/input/datasets/tawsifurrahman/covid19-radiography-database/COVID-19_Radiography_Dataset/COVID/images/COVID-3496.png,COVID,COVID,False,0.23778299987316132,0.10308278352022171,False,0.10265976190567017,False
409,/kaggle/input/datasets/tawsifurrahman/covid19-radiography-database/COVID-19_Radiography_Dataset/COVID/images/COVID-3499.png,COVID,COVID,False,0.21691645681858063,0.0967414453625679,False,0.09872066974639893,False
410,/kaggle/input/datasets/tawsifurrahman/covid19-radiography-database/COVID-19_Radiography_Dataset/COVID/images/COVID-3501.png,COVID,COVID,False,0.1527024805545807,0.0638323500752449,False,0.06400841474533081,False
411,/kaggle/input/datasets/tawsifurrahman/covid19-radiography-database/COVID-19_Radiography_Dataset/COVID/images/COVID-3502.png,COVID,COVID,False,0.21942761540412903,0.13238400220870972,False,0.13343729078769684,False
412,/kaggle/input/datasets/tawsifurrahman/covid19-radiography-database/COVID-19_Radiography_Dataset/COVID/images/COVID-3503.png,COVID,COVID,True,0.20469945669174194,0.0856117233633995,False,0.08571409434080124,False
413,/kaggle/input/datasets/tawsifurrahman/covid19-radiography-database/COVID-19_Radiography_Dataset/COVID/images/COVID-351.png,COVID,COVID,False,0.3068598508834839,0.16764624416828156,False,0.1672930121421814,False
414,/kaggle/input/datasets/tawsifurrahman/covid19-radiography-database/COVID-19_Radiography_Dataset/COVID/images/COVID-3515.png,COVID,COVID,False,0.31943556666374207,0.1889714151620865,False,0.19169870018959045,False
415,/kaggle/input/datasets/tawsifurrahman/covid19-radiography-database/COVID-19_Radiography_Dataset/COVID/images/COVID-3516.png,COVID,COVID,False,0.31943556666374207,0.1889714151620865,False,0.19169867038726807,False
416,/kaggle/input/datasets/tawsifurrahman/covid19-radiography-database/COVID-19_Radiography_Dataset/COVID/images/COVID-3526.png,COVID,COVID,False,0.17897002398967743,0.1138906478881836,False,0.11483178287744522,False
417,/kaggle/input/datasets/tawsifurrahman/covid19-radiography-database/COVID-19_Radiography_Dataset/COVID/images/COVID-3527.png,COVID,COVID,False,0.24350287020206451,0.1674359142780304,False,0.16678299009799957,False
418,/kaggle/input/datasets/tawsifurrahman/covid19-radiography-database/COVID-19_Radiography_Dataset/COVID/images/COVID-3531.png,COVID,COVID,False,0.1602957546710968,0.06719736754894257,False,0.06764286756515503,False
419,/kaggle/input/datasets/tawsifurrahman/covid19-radiography-database/COVID-19_Radiography_Dataset/COVID/images/COVID-3533.png,COVID,COVID,False,0.17356903851032257,0.06337590515613556,False,0.0641755536198616,False
420,/kaggle/input/datasets/tawsifurrahman/covid19-radiography-database/COVID-19_Radiography_Dataset/COVID/images/COVID-3541.png,COVID,COVID,True,0.22620375454425812,0.10098486393690109,False,0.10130973160266876,False
421,/kaggle/input/datasets/tawsifurrahman/covid19-radiography-database/COVID-19_Radiography_Dataset/COVID/images/COVID-3557.png,COVID,COVID,False,0.1979631632566452,0.06239559128880501,False,0.06312036514282227,False
422,/kaggle/input/datasets/tawsifurrahman/covid19-radiography-database/COVID-19_Radiography_Dataset/COVID/images/COVID-3562.png,COVID,COVID,False,0.19094786047935486,0.1566362977027893,False,0.16323073208332062,False
423,/kaggle/input/datasets/tawsifurrahman/covid19-radiography-database/COVID-19_Radiography_Dataset/COVID/images/COVID-3563.png,COVID,COVID,False,0.15784437954425812,0.08590427786111832,False,0.08625378459692001,False
424,/kaggle/input/datasets/tawsifurrahman/covid19-radiography-database/COVID-19_Radiography_Dataset/COVID/images/COVID-3567.png,COVID,COVID,True,0.17763471603393555,0.07241453230381012,False,0.07183818519115448,False
425,/kaggle/input/datasets/tawsifurrahman/covid19-radiography-database/COVID-19_Radiography_Dataset/COVID/images/COVID-3580.png,COVID,COVID,False,0.22787787020206451,0.08972388505935669,False,0.09039035439491272,False
426,/kaggle/input/datasets/tawsifurrahman/covid19-radiography-database/COVID-19_Radiography_Dataset/COVID/images/COVID-3581.png,COVID,COVID,False,0.20846620202064514,0.10108532011508942,False,0.10160622000694275,False
427,/kaggle/input/datasets/tawsifurrahman/covid19-radiography-database/COVID-19_Radiography_Dataset/COVID/images/COVID-3587.png,COVID,COVID,False,0.2880859375,0.16565021872520447,False,0.16621068120002747,False
428,/kaggle/input/datasets/tawsifurrahman/covid19-radiography-database/COVID-19_Radiography_Dataset/COVID/images/COVID-3591.png,COVID,COVID,True,0.22205835580825806,0.10064651817083359,False,0.10076890885829926,False
429,/kaggle/input/datasets/tawsifurrahman/covid19-radiography-database/COVID-19_Radiography_Dataset/COVID/images/COVID-3593.png,COVID,COVID,False,0.2594268023967743,0.13537849485874176,False,0.1355169266462326,False
430,/kaggle/input/datasets/tawsifurrahman/covid19-radiography-database/COVID-19_Radiography_Dataset/COVID/images/COVID-3598.png,COVID,COVID,False,0.16876594722270966,0.0781635195016861,False,0.07801938056945801,False
431,/kaggle/input/datasets/tawsifurrahman/covid19-radiography-database/COVID-19_Radiography_Dataset/COVID/images/COVID-36.png,COVID,COVID,True,0.2591477930545807,0.1544157713651657,False,0.1545695662498474,False
432,/kaggle/input/datasets/tawsifurrahman/covid19-radiography-database/COVID-19_Radiography_Dataset/COVID/images/COVID-361.png,COVID,COVID,False,0.3072783648967743,0.3304459750652313,False,0.3305002450942993,False
433,/kaggle/input/datasets/tawsifurrahman/covid19-radiography-database/COVID-19_Radiography_Dataset/COVID/images/COVID-3612.png,COVID,COVID,False,0.2172154039144516,0.1337805688381195,False,0.13396231830120087,False
434,/kaggle/input/datasets/tawsifurrahman/covid19-radiography-database/COVID-19_Radiography_Dataset/COVID/images/COVID-3616.png,COVID,COVID,True,0.20764906704425812,0.09276726841926575,False,0.09247373044490814,False
435,/kaggle/input/datasets/tawsifurrahman/covid19-radiography-database/COVID-19_Radiography_Dataset/COVID/images/COVID-364.png,COVID,COVID,False,0.2435825914144516,0.1252223253250122,False,0.12397783994674683,False
436,/kaggle/input/datasets/tawsifurrahman/covid19-radiography-database/COVID-19_Radiography_Dataset/COVID/images/COVID-368.png,COVID,COVID,False,0.19017060101032257,0.09630612283945084,False,0.09605647623538971,False
437,/kaggle/input/datasets/tawsifurrahman/covid19-radiography-database/COVID-19_Radiography_Dataset/COVID/images/COVID-372.png,COVID,COVID,False,0.35780054330825806,0.2042658030986786,False,0.20332451164722443,False
438,/kaggle/input/datasets/tawsifurrahman/covid19-radiography-database/COVID-19_Radiography_Dataset/COVID/images/COVID-382.png,COVID,COVID,False,0.26474806666374207,0.12533608078956604,False,0.12626132369041443,False
439,/kaggle/input/datasets/tawsifurrahman/covid19-radiography-database/COVID-19_Radiography_Dataset/COVID/images/COVID-383.png,COVID,COVID,False,0.3500278890132904,0.27937328815460205,False,0.2808218002319336,False
440,/kaggle/input/datasets/tawsifurrahman/covid19-radiography-database/COVID-19_Radiography_Dataset/COVID/images/COVID-394.png,COVID,COVID,True,0.28848451375961304,0.13692395389080048,False,0.13764841854572296,False
441,/kaggle/input/datasets/tawsifurrahman/covid19-radiography-database/COVID-19_Radiography_Dataset/COVID/images/COVID-395.png,COVID,COVID,False,0.3003427982330322,0.1392519623041153,False,0.14035288989543915,False
442,/kaggle/input/datasets/tawsifurrahman/covid19-radiography-database/COVID-19_Radiography_Dataset/COVID/images/COVID-4.png,COVID,Viral Pneumonia,False,0.3023756444454193,0.17335550487041473,False,0.17388153076171875,False
443,/kaggle/input/datasets/tawsifurrahman/covid19-radiography-database/COVID-19_Radiography_Dataset/COVID/images/COVID-407.png,COVID,Lung_Opacity,False,0.23622846603393555,0.09466972947120667,False,0.09486133605241776,False
444,/kaggle/input/datasets/tawsifurrahman/covid19-radiography-database/COVID-19_Radiography_Dataset/COVID/images/COVID-409.png,COVID,COVID,True,0.26183831691741943,0.11124623566865921,False,0.11126570403575897,False
445,/kaggle/input/datasets/tawsifurrahman/covid19-radiography-database/COVID-19_Radiography_Dataset/COVID/images/COVID-414.png,COVID,COVID,False,0.32936063408851624,0.23612482845783234,False,0.2364477813243866,False
446,/kaggle/input/datasets/tawsifurrahman/covid19-radiography-database/COVID-19_Radiography_Dataset/COVID/images/COVID-418.png,COVID,COVID,False,0.25960618257522583,0.13816609978675842,False,0.13927020132541656,False
447,/kaggle/input/datasets/tawsifurrahman/covid19-radiography-database/COVID-19_Radiography_Dataset/COVID/images/COVID-42.png,COVID,COVID,False,0.2641103267669678,0.108428455889225,False,0.10918222367763519,False
448,/kaggle/input/datasets/tawsifurrahman/covid19-radiography-database/COVID-19_Radiography_Dataset/COVID/images/COVID-421.png,COVID,COVID,True,0.2586694657802582,0.14981985092163086,False,0.1515170782804489,False
449,/kaggle/input/datasets/tawsifurrahman/covid19-radiography-database/COVID-19_Radiography_Dataset/COVID/images/COVID-423.png,COVID,Viral Pneumonia,True,0.33968430757522583,0.22654271125793457,False,0.22710001468658447,False
450,/kaggle/input/datasets/tawsifurrahman/covid19-radiography-database/COVID-19_Radiography_Dataset/COVID/images/COVID-427.png,COVID,Normal,False,0.310546875,0.18803474307060242,False,0.18918554484844208,False
451,/kaggle/input/datasets/tawsifurrahman/covid19-radiography-database/COVID-19_Radiography_Dataset/COVID/images/COVID-447.png,COVID,COVID,False,0.36256375908851624,0.21743574738502502,False,0.21767371892929077,False
452,/kaggle/input/datasets/tawsifurrahman/covid19-radiography-database/COVID-19_Radiography_Dataset/COVID/images/COVID-452.png,COVID,COVID,True,0.4354870617389679,0.3411199748516083,False,0.34263673424720764,False
453,/kaggle/input/datasets/tawsifurrahman/covid19-radiography-database/COVID-19_Radiography_Dataset/COVID/images/COVID-460.png,COVID,COVID,True,0.31259962916374207,0.2085903137922287,False,0.21111522614955902,False
454,/kaggle/input/datasets/tawsifurrahman/covid19-radiography-database/COVID-19_Radiography_Dataset/COVID/images/COVID-467.png,COVID,Normal,False,0.18522799015045166,0.11025373637676239,False,0.11103837192058563,False
455,/kaggle/input/datasets/tawsifurrahman/covid19-radiography-database/COVID-19_Radiography_Dataset/COVID/images/COVID-47.png,COVID,COVID,True,0.26169881224632263,0.11896945536136627,False,0.11885873228311539,False
456,/kaggle/input/datasets/tawsifurrahman/covid19-radiography-database/COVID-19_Radiography_Dataset/COVID/images/COVID-470.png,COVID,COVID,False,0.17891022562980652,0.09031558036804199,False,0.09112560749053955,False
457,/kaggle/input/datasets/tawsifurrahman/covid19-radiography-database/COVID-19_Radiography_Dataset/COVID/images/COVID-476.png,COVID,COVID,False,0.19682715833187103,0.13586893677711487,False,0.13678959012031555,False
458,/kaggle/input/datasets/tawsifurrahman/covid19-radiography-database/COVID-19_Radiography_Dataset/COVID/images/COVID-480.png,COVID,COVID,False,0.12424266338348389,0.0753420889377594,False,0.07629368454217911,False
459,/kaggle/input/datasets/tawsifurrahman/covid19-radiography-database/COVID-19_Radiography_Dataset/COVID/images/COVID-490.png,COVID,COVID,False,0.13327088952064514,0.07662582397460938,False,0.07722784578800201,False
460,/kaggle/input/datasets/tawsifurrahman/covid19-radiography-database/COVID-19_Radiography_Dataset/COVID/images/COVID-497.png,COVID,COVID,False,0.3457629084587097,0.2046356350183487,False,0.2048020213842392,False
461,/kaggle/input/datasets/tawsifurrahman/covid19-radiography-database/COVID-19_Radiography_Dataset/COVID/images/COVID-504.png,COVID,COVID,True,0.31582826375961304,0.17674139142036438,False,0.1765296459197998,False
462,/kaggle/input/datasets/tawsifurrahman/covid19-radiography-database/COVID-19_Radiography_Dataset/COVID/images/COVID-509.png,COVID,COVID,True,0.32132890820503235,0.19823870062828064,False,0.19879287481307983,False
463,/kaggle/input/datasets/tawsifurrahman/covid19-radiography-database/COVID-19_Radiography_Dataset/COVID/images/COVID-51.png,COVID,COVID,False,0.3538544178009033,0.22387871146202087,False,0.22358572483062744,False
464,/kaggle/input/datasets/tawsifurrahman/covid19-radiography-database/COVID-19_Radiography_Dataset/COVID/images/COVID-510.png,COVID,COVID,True,0.22389189898967743,0.16203457117080688,False,0.1626056730747223,False
465,/kaggle/input/datasets/tawsifurrahman/covid19-radiography-database/COVID-19_Radiography_Dataset/COVID/images/COVID-524.png,COVID,COVID,False,0.22058354318141937,0.15854215621948242,False,0.16053901612758636,False
466,/kaggle/input/datasets/tawsifurrahman/covid19-radiography-database/COVID-19_Radiography_Dataset/COVID/images/COVID-526.png,COVID,COVID,False,0.21914859116077423,0.11454711854457855,False,0.11457709223031998,False
467,/kaggle/input/datasets/tawsifurrahman/covid19-radiography-database/COVID-19_Radiography_Dataset/COVID/images/COVID-527.png,COVID,COVID,False,0.4029217064380646,0.30703940987586975,False,0.30779820680618286,False
468,/kaggle/input/datasets/tawsifurrahman/covid19-radiography-database/COVID-19_Radiography_Dataset/COVID/images/COVID-528.png,COVID,Lung_Opacity,True,0.11025191098451614,0.06170877441763878,False,0.060841433703899384,False
469,/kaggle/input/datasets/tawsifurrahman/covid19-radiography-database/COVID-19_Radiography_Dataset/COVID/images/COVID-531.png,COVID,COVID,False,0.11513472348451614,0.05552586540579796,False,0.055547233670949936,False
470,/kaggle/input/datasets/tawsifurrahman/covid19-radiography-database/COVID-19_Radiography_Dataset/COVID/images/COVID-533.png,COVID,COVID,False,0.3087332546710968,0.20616132020950317,False,0.2061271369457245,False
471,/kaggle/input/datasets/tawsifurrahman/covid19-radiography-database/COVID-19_Radiography_Dataset/COVID/images/COVID-538.png,COVID,COVID,True,0.4154575765132904,0.3609217405319214,False,0.361174076795578,False
472,/kaggle/input/datasets/tawsifurrahman/covid19-radiography-database/COVID-19_Radiography_Dataset/COVID/images/COVID-54.png,COVID,COVID,False,0.44493383169174194,0.3415267765522003,False,0.34286192059516907,False
473,/kaggle/input/datasets/tawsifurrahman/covid19-radiography-database/COVID-19_Radiography_Dataset/COVID/images/COVID-541.png,COVID,COVID,False,0.3441087305545807,0.2782093584537506,False,0.2796596586704254,False
474,/kaggle/input/datasets/tawsifurrahman/covid19-radiography-database/COVID-19_Radiography_Dataset/COVID/images/COVID-55.png,COVID,COVID,False,0.1775350719690323,0.05778295174241066,False,0.05773274973034859,False
475,/kaggle/input/datasets/tawsifurrahman/covid19-radiography-database/COVID-19_Radiography_Dataset/COVID/images/COVID-551.png,COVID,Lung_Opacity,False,0.2321428507566452,0.1421620398759842,False,0.14247675240039825,False
476,/kaggle/input/datasets/tawsifurrahman/covid19-radiography-database/COVID-19_Radiography_Dataset/COVID/images/COVID-555.png,COVID,COVID,True,0.2736367881298065,0.2590479850769043,False,0.25935906171798706,False
477,/kaggle/input/datasets/tawsifurrahman/covid19-radiography-database/COVID-19_Radiography_Dataset/COVID/images/COVID-556.png,COVID,COVID,False,0.11059071868658066,0.03686477243900299,False,0.03609052300453186,False
478,/kaggle/input/datasets/tawsifurrahman/covid19-radiography-database/COVID-19_Radiography_Dataset/COVID/images/COVID-565.png,COVID,COVID,False,0.3402822017669678,0.2624052166938782,False,0.26178959012031555,False
479,/kaggle/input/datasets/tawsifurrahman/covid19-radiography-database/COVID-19_Radiography_Dataset/COVID/images/COVID-569.png,COVID,COVID,True,0.4496970474720001,0.31819358468055725,False,0.318269819021225,False
480,/kaggle/input/datasets/tawsifurrahman/covid19-radiography-database/COVID-19_Radiography_Dataset/COVID/images/COVID-57.png,COVID,COVID,False,0.3548509180545807,0.17979757487773895,False,0.18043623864650726,False
481,/kaggle/input/datasets/tawsifurrahman/covid19-radiography-database/COVID-19_Radiography_Dataset/COVID/images/COVID-576.png,COVID,COVID,False,0.36206552386283875,0.24302753806114197,False,0.24366258084774017,False
482,/kaggle/input/datasets/tawsifurrahman/covid19-radiography-database/COVID-19_Radiography_Dataset/COVID/images/COVID-579.png,COVID,COVID,False,0.3407007157802582,0.194462850689888,False,0.19506381452083588,False
483,/kaggle/input/datasets/tawsifurrahman/covid19-radiography-database/COVID-19_Radiography_Dataset/COVID/images/COVID-582.png,COVID,COVID,False,0.3989357352256775,0.28591760993003845,False,0.2852855324745178,False
484,/kaggle/input/datasets/tawsifurrahman/covid19-radiography-database/COVID-19_Radiography_Dataset/COVID/images/COVID-586.png,COVID,COVID,False,0.3243582546710968,0.1681247055530548,False,0.16820083558559418,False
485,/kaggle/input/datasets/tawsifurrahman/covid19-radiography-database/COVID-19_Radiography_Dataset/COVID/images/COVID-598.png,COVID,COVID,True,0.167829230427742,0.06113206595182419,False,0.06117875128984451,False
486,/kaggle/input/datasets/tawsifurrahman/covid19-radiography-database/COVID-19_Radiography_Dataset/COVID/images/COVID-599.png,COVID,COVID,True,0.2586694657802582,0.12706483900547028,False,0.1265406608581543,False
487,/kaggle/input/datasets/tawsifurrahman/covid19-radiography-database/COVID-19_Radiography_Dataset/COVID/images/COVID-600.png,COVID,COVID,False,0.41360411047935486,0.3269772529602051,False,0.3278810381889343,False
488,/kaggle/input/datasets/tawsifurrahman/covid19-radiography-database/COVID-19_Radiography_Dataset/COVID/images/COVID-601.png,COVID,COVID,True,0.18193957209587097,0.08014564216136932,False,0.07992207258939743,False
489,/kaggle/input/datasets/tawsifurrahman/covid19-radiography-database/COVID-19_Radiography_Dataset/COVID/images/COVID-602.png,COVID,COVID,False,0.21711574494838715,0.07407120615243912,False,0.07478929311037064,False
490,/kaggle/input/datasets/tawsifurrahman/covid19-radiography-database/COVID-19_Radiography_Dataset/COVID/images/COVID-609.png,COVID,COVID,True,0.30974966287612915,0.23589493334293365,False,0.23893232643604279,False
491,/kaggle/input/datasets/tawsifurrahman/covid19-radiography-database/COVID-19_Radiography_Dataset/COVID/images/COVID-616.png,COVID,COVID,False,0.2336176633834839,0.07292056083679199,False,0.07330048084259033,False
492,/kaggle/input/datasets/tawsifurrahman/covid19-radiography-database/COVID-19_Radiography_Dataset/COVID/images/COVID-640.png,COVID,COVID,True,0.2065529227256775,0.131295308470726,False,0.13269340991973877,False
493,/kaggle/input/datasets/tawsifurrahman/covid19-radiography-database/COVID-19_Radiography_Dataset/COVID/images/COVID-643.png,COVID,COVID,False,0.2794363796710968,0.15857402980327606,False,0.15931996703147888,False
494,/kaggle/input/datasets/tawsifurrahman/covid19-radiography-database/COVID-19_Radiography_Dataset/COVID/images/COVID-648.png,COVID,COVID,False,0.18042489886283875,0.10378378629684448,False,0.10421282798051834,False
495,/kaggle/input/datasets/tawsifurrahman/covid19-radiography-database/COVID-19_Radiography_Dataset/COVID/images/COVID-66.png,COVID,COVID,False,0.2563576102256775,0.11108767241239548,False,0.11074882745742798,False
496,/kaggle/input/datasets/tawsifurrahman/covid19-radiography-database/COVID-19_Radiography_Dataset/COVID/images/COVID-660.png,COVID,COVID,True,0.2419881969690323,0.1394859105348587,False,0.13989724218845367,False
497,/kaggle/input/datasets/tawsifurrahman/covid19-radiography-database/COVID-19_Radiography_Dataset/COVID/images/COVID-662.png,COVID,COVID,False,0.16509884595870972,0.07287811487913132,False,0.07296670228242874,False
498,/kaggle/input/datasets/tawsifurrahman/covid19-radiography-database/COVID-19_Radiography_Dataset/COVID/images/COVID-670.png,COVID,Viral Pneumonia,True,0.2781209945678711,0.12898090481758118,False,0.12909498810768127,False
499,/kaggle/input/datasets/tawsifurrahman/covid19-radiography-database/COVID-19_Radiography_Dataset/COVID/images/COVID-677.png,COVID,COVID,True,0.18829719722270966,0.10250144451856613,False,0.10318534076213837,False
500,/kaggle/input/datasets/tawsifurrahman/covid19-radiography-database/COVID-19_Radiography_Dataset/COVID/images/COVID-68.png,COVID,COVID,True,0.21699616312980652,0.07583104074001312,False,0.07660368829965591,False
501,/kaggle/input/datasets/tawsifurrahman/covid19-radiography-database/COVID-19_Radiography_Dataset/COVID/images/COVID-684.png,COVID,COVID,True,0.26141980290412903,0.18620802462100983,False,0.18785814940929413,False
502,/kaggle/input/datasets/tawsifurrahman/covid19-radiography-database/COVID-19_Radiography_Dataset/COVID/images/COVID-69.png,COVID,COVID,False,0.32774633169174194,0.2101357877254486,False,0.2109246701002121,False
503,/kaggle/input/datasets/tawsifurrahman/covid19-radiography-database/COVID-19_Radiography_Dataset/COVID/images/COVID-714.png,COVID,COVID,False,0.30996888875961304,0.19871985912322998,False,0.1991426795721054,False
504,/kaggle/input/datasets/tawsifurrahman/covid19-radiography-database/COVID-19_Radiography_Dataset/COVID/images/COVID-723.png,COVID,COVID,True,0.2099609375,0.08052203804254532,False,0.08098018169403076,False
505,/kaggle/input/datasets/tawsifurrahman/covid19-radiography-database/COVID-19_Radiography_Dataset/COVID/images/COVID-725.png,COVID,COVID,False,0.18843670189380646,0.07994436472654343,False,0.08020702749490738,False
506,/kaggle/input/datasets/tawsifurrahman/covid19-radiography-database/COVID-19_Radiography_Dataset/COVID/images/COVID-731.png,COVID,COVID,False,0.2809908986091614,0.12599970400333405,False,0.12684354186058044,False
507,/kaggle/input/datasets/tawsifurrahman/covid19-radiography-database/COVID-19_Radiography_Dataset/COVID/images/COVID-743.png,COVID,COVID,False,0.20246730744838715,0.140167236328125,False,0.1411987990140915,False
508,/kaggle/input/datasets/tawsifurrahman/covid19-radiography-database/COVID-19_Radiography_Dataset/COVID/images/COVID-755.png,COVID,COVID,False,0.34141820669174194,0.20134887099266052,False,0.2022954225540161,False
509,/kaggle/input/datasets/tawsifurrahman/covid19-radiography-database/COVID-19_Radiography_Dataset/COVID/images/COVID-756.png,COVID,COVID,False,0.27054765820503235,0.18905404210090637,False,0.191400945186615,False
510,/kaggle/input/datasets/tawsifurrahman/covid19-radiography-database/COVID-19_Radiography_Dataset/COVID/images/COVID-759.png,COVID,COVID,False,0.2648676633834839,0.12705738842487335,False,0.1267801970243454,False
511,/kaggle/input/datasets/tawsifurrahman/covid19-radiography-database/COVID-19_Radiography_Dataset/COVID/images/COVID-765.png,COVID,COVID,False,0.21006058156490326,0.10401945561170578,False,0.10481252521276474,False
512,/kaggle/input/datasets/tawsifurrahman/covid19-radiography-database/COVID-19_Radiography_Dataset/COVID/images/COVID-78.png,COVID,COVID,False,0.3381098508834839,0.19207894802093506,False,0.193441241979599,False
513,/kaggle/input/datasets/tawsifurrahman/covid19-radiography-database/COVID-19_Radiography_Dataset/COVID/images/COVID-781.png,COVID,COVID,True,0.18720105290412903,0.1059192344546318,False,0.10898135602474213,False
514,/kaggle/input/datasets/tawsifurrahman/covid19-radiography-database/COVID-19_Radiography_Dataset/COVID/images/COVID-782.png,COVID,COVID,True,0.2341557741165161,0.0906694233417511,False,0.09087003022432327,False
515,/kaggle/input/datasets/tawsifurrahman/covid19-radiography-database/COVID-19_Radiography_Dataset/COVID/images/COVID-808.png,COVID,COVID,True,0.24396124482154846,0.1226210668683052,False,0.12298590689897537,False
516,/kaggle/input/datasets/tawsifurrahman/covid19-radiography-database/COVID-19_Radiography_Dataset/COVID/images/COVID-81.png,COVID,COVID,False,0.3026147782802582,0.19739054143428802,False,0.19777275621891022,False
517,/kaggle/input/datasets/tawsifurrahman/covid19-radiography-database/COVID-19_Radiography_Dataset/COVID/images/COVID-811.png,COVID,COVID,False,0.22235730290412903,0.08974720537662506,False,0.09062757343053818,False
518,/kaggle/input/datasets/tawsifurrahman/covid19-radiography-database/COVID-19_Radiography_Dataset/COVID/images/COVID-837.png,COVID,COVID,True,0.15551258623600006,0.0669853538274765,False,0.06756231933832169,False
519,/kaggle/input/datasets/tawsifurrahman/covid19-radiography-database/COVID-19_Radiography_Dataset/COVID/images/COVID-841.png,COVID,Normal,False,0.18993143737316132,0.08460690081119537,False,0.08523352444171906,False
520,/kaggle/input/datasets/tawsifurrahman/covid19-radiography-database/COVID-19_Radiography_Dataset/COVID/images/COVID-844.png,COVID,COVID,True,0.21378746628761292,0.0943644791841507,False,0.09451760351657867,False
521,/kaggle/input/datasets/tawsifurrahman/covid19-radiography-database/COVID-19_Radiography_Dataset/COVID/images/COVID-85.png,COVID,COVID,False,0.15467554330825806,0.05203244462609291,False,0.05209943652153015,False
522,/kaggle/input/datasets/tawsifurrahman/covid19-radiography-database/COVID-19_Radiography_Dataset/COVID/images/COVID-851.png,COVID,COVID,False,0.18447065353393555,0.08326032757759094,False,0.08328226208686829,False
523,/kaggle/input/datasets/tawsifurrahman/covid19-radiography-database/COVID-19_Radiography_Dataset/COVID/images/COVID-854.png,COVID,COVID,False,0.2234335094690323,0.11839548498392105,False,0.11765281111001968,False
524,/kaggle/input/datasets/tawsifurrahman/covid19-radiography-database/COVID-19_Radiography_Dataset/COVID/images/COVID-855.png,COVID,COVID,True,0.15571188926696777,0.06169116497039795,False,0.06176455691456795,False
525,/kaggle/input/datasets/tawsifurrahman/covid19-radiography-database/COVID-19_Radiography_Dataset/COVID/images/COVID-863.png,COVID,COVID,False,0.3122408986091614,0.16918247938156128,False,0.1695667803287506,False
526,/kaggle/input/datasets/tawsifurrahman/covid19-radiography-database/COVID-19_Radiography_Dataset/COVID/images/COVID-868.png,COVID,COVID,True,0.21926817297935486,0.11640490591526031,False,0.11686825752258301,False
527,/kaggle/input/datasets/tawsifurrahman/covid19-radiography-database/COVID-19_Radiography_Dataset/COVID/images/COVID-869.png,COVID,Normal,False,0.2722018361091614,0.11230900138616562,False,0.11355885118246078,False
528,/kaggle/input/datasets/tawsifurrahman/covid19-radiography-database/COVID-19_Radiography_Dataset/COVID/images/COVID-91.png,COVID,COVID,True,0.30297353863716125,0.19433529675006866,False,0.19441691040992737,False
529,/kaggle/input/datasets/tawsifurrahman/covid19-radiography-database/COVID-19_Radiography_Dataset/COVID/images/COVID-915.png,COVID,COVID,True,0.15320073068141937,0.08990645408630371,False,0.09088166803121567,False
530,/kaggle/input/datasets/tawsifurrahman/covid19-radiography-database/COVID-19_Radiography_Dataset/COVID/images/COVID-918.png,COVID,COVID,True,0.19973692297935486,0.053372014313936234,False,0.053887899965047836,False
531,/kaggle/input/datasets/tawsifurrahman/covid19-radiography-database/COVID-19_Radiography_Dataset/COVID/images/COVID-92.png,COVID,COVID,False,0.1803850382566452,0.08364202082157135,False,0.08343301713466644,False
532,/kaggle/input/datasets/tawsifurrahman/covid19-radiography-database/COVID-19_Radiography_Dataset/COVID/images/COVID-920.png,COVID,COVID,False,0.16340480744838715,0.05698692798614502,False,0.057105157524347305,False
533,/kaggle/input/datasets/tawsifurrahman/covid19-radiography-database/COVID-19_Radiography_Dataset/COVID/images/COVID-926.png,COVID,COVID,False,0.31287866830825806,0.22348302602767944,False,0.2245084047317505,False
534,/kaggle/input/datasets/tawsifurrahman/covid19-radiography-database/COVID-19_Radiography_Dataset/COVID/images/COVID-929.png,COVID,COVID,True,0.2871890962123871,0.1331341415643692,False,0.13979975879192352,False
535,/kaggle/input/datasets/tawsifurrahman/covid19-radiography-database/COVID-19_Radiography_Dataset/COVID/images/COVID-932.png,COVID,COVID,True,0.17707668244838715,0.08456439524888992,False,0.0842987596988678,False
536,/kaggle/input/datasets/tawsifurrahman/covid19-radiography-database/COVID-19_Radiography_Dataset/COVID/images/COVID-935.png,COVID,COVID,False,0.22899393737316132,0.09598462283611298,False,0.09699410945177078,False
537,/kaggle/input/datasets/tawsifurrahman/covid19-radiography-database/COVID-19_Radiography_Dataset/COVID/images/COVID-943.png,COVID,COVID,True,0.36130818724632263,0.283437043428421,False,0.2823317050933838,False
538,/kaggle/input/datasets/tawsifurrahman/covid19-radiography-database/COVID-19_Radiography_Dataset/COVID/images/COVID-955.png,COVID,COVID,True,0.3279256820678711,0.24364696443080902,False,0.24377617239952087,False
539,/kaggle/input/datasets/tawsifurrahman/covid19-radiography-database/COVID-19_Radiography_Dataset/COVID/images/COVID-970.png,COVID,COVID,False,0.2544443607330322,0.15950731933116913,False,0.1589275598526001,False
540,/kaggle/input/datasets/tawsifurrahman/covid19-radiography-database/COVID-19_Radiography_Dataset/COVID/images/COVID-972.png,COVID,Lung_Opacity,False,0.2617785334587097,0.11615867912769318,False,0.11614809185266495,False
541,/kaggle/input/datasets/tawsifurrahman/covid19-radiography-database/COVID-19_Radiography_Dataset/COVID/images/COVID-986.png,COVID,COVID,True,0.1704799085855484,0.06149819493293762,False,0.061479974538087845,False
542,/kaggle/input/datasets/tawsifurrahman/covid19-radiography-database/COVID-19_Radiography_Dataset/Lung_Opacity/images/Lung_Opacity-1004.png,Lung_Opacity,Lung_Opacity,False,0.2045200914144516,0.091501884162426,False,0.09173537790775299,False
543,/kaggle/input/datasets/tawsifurrahman/covid19-radiography-database/COVID-19_Radiography_Dataset/Lung_Opacity/images/Lung_Opacity-1036.png,Lung_Opacity,Lung_Opacity,True,0.16472017765045166,0.06498708575963974,False,0.06568467617034912,False
544,/kaggle/input/datasets/tawsifurrahman/covid19-radiography-database/COVID-19_Radiography_Dataset/Lung_Opacity/images/Lung_Opacity-1037.png,Lung_Opacity,Lung_Opacity,False,0.14281727373600006,0.052873335778713226,False,0.05327490344643593,False
545,/kaggle/input/datasets/tawsifurrahman/covid19-radiography-database/COVID-19_Radiography_Dataset/Lung_Opacity/images/Lung_Opacity-1042.png,Lung_Opacity,Lung_Opacity,False,0.22724011540412903,0.10211458802223206,False,0.10163849592208862,False
546,/kaggle/input/datasets/tawsifurrahman/covid19-radiography-database/COVID-19_Radiography_Dataset/Lung_Opacity/images/Lung_Opacity-1045.png,Lung_Opacity,Lung_Opacity,False,0.2775629758834839,0.11391127854585648,False,0.11404883861541748,False
547,/kaggle/input/datasets/tawsifurrahman/covid19-radiography-database/COVID-19_Radiography_Dataset/Lung_Opacity/images/Lung_Opacity-1059.png,Lung_Opacity,Lung_Opacity,False,0.1934988796710968,0.10824184864759445,False,0.10975545644760132,False
548,/kaggle/input/datasets/tawsifurrahman/covid19-radiography-database/COVID-19_Radiography_Dataset/Lung_Opacity/images/Lung_Opacity-1063.png,Lung_Opacity,Lung_Opacity,False,0.3008410334587097,0.11430215835571289,False,0.1145358681678772,False
549,/kaggle/input/datasets/tawsifurrahman/covid19-radiography-database/COVID-19_Radiography_Dataset/Lung_Opacity/images/Lung_Opacity-1066.png,Lung_Opacity,Lung_Opacity,False,0.28515625,0.1221284419298172,False,0.12246298789978027,False
550,/kaggle/input/datasets/tawsifurrahman/covid19-radiography-database/COVID-19_Radiography_Dataset/Lung_Opacity/images/Lung_Opacity-1079.png,Lung_Opacity,Lung_Opacity,False,0.21544164419174194,0.06912790983915329,False,0.06942842155694962,False
551,/kaggle/input/datasets/tawsifurrahman/covid19-radiography-database/COVID-19_Radiography_Dataset/Lung_Opacity/images/Lung_Opacity-1097.png,Lung_Opacity,Lung_Opacity,False,0.24270567297935486,0.10430850088596344,False,0.1039007157087326,False
552,/kaggle/input/datasets/tawsifurrahman/covid19-radiography-database/COVID-19_Radiography_Dataset/Lung_Opacity/images/Lung_Opacity-11.png,Lung_Opacity,Normal,False,0.3259725570678711,0.19457288086414337,False,0.19514583051204681,False
553,/kaggle/input/datasets/tawsifurrahman/covid19-radiography-database/COVID-19_Radiography_Dataset/Lung_Opacity/images/Lung_Opacity-110.png,Lung_Opacity,Lung_Opacity,False,0.2368861585855484,0.10203006118535995,False,0.10273514688014984,False
554,/kaggle/input/datasets/tawsifurrahman/covid19-radiography-database/COVID-19_Radiography_Dataset/Lung_Opacity/images/Lung_Opacity-1112.png,Lung_Opacity,Lung_Opacity,False,0.3312539756298065,0.15610134601593018,False,0.15692242980003357,False
555,/kaggle/input/datasets/tawsifurrahman/covid19-radiography-database/COVID-19_Radiography_Dataset/Lung_Opacity/images/Lung_Opacity-1120.png,Lung_Opacity,Lung_Opacity,False,0.17332987487316132,0.06925534456968307,False,0.07048279792070389,False
556,/kaggle/input/datasets/tawsifurrahman/covid19-radiography-database/COVID-19_Radiography_Dataset/Lung_Opacity/images/Lung_Opacity-1126.png,Lung_Opacity,Lung_Opacity,False,0.2235730141401291,0.12501132488250732,False,0.12533904612064362,False
557,/kaggle/input/datasets/tawsifurrahman/covid19-radiography-database/COVID-19_Radiography_Dataset/Lung_Opacity/images/Lung_Opacity-113.png,Lung_Opacity,Lung_Opacity,True,0.15023118257522583,0.06280291825532913,False,0.06427112221717834,False
558,/kaggle/input/datasets/tawsifurrahman/covid19-radiography-database/COVID-19_Radiography_Dataset/Lung_Opacity/images/Lung_Opacity-1130.png,Lung_Opacity,Lung_Opacity,True,0.14325574040412903,0.054445575922727585,False,0.054473597556352615,False
559,/kaggle/input/datasets/tawsifurrahman/covid19-radiography-database/COVID-19_Radiography_Dataset/Lung_Opacity/images/Lung_Opacity-1138.png,Lung_Opacity,Lung_Opacity,True,0.21394690871238708,0.08005397766828537,False,0.08015822619199753,False
560,/kaggle/input/datasets/tawsifurrahman/covid19-radiography-database/COVID-19_Radiography_Dataset/Lung_Opacity/images/Lung_Opacity-1142.png,Lung_Opacity,Lung_Opacity,False,0.1322544664144516,0.05005061998963356,False,0.05083126947283745,False
561,/kaggle/input/datasets/tawsifurrahman/covid19-radiography-database/COVID-19_Radiography_Dataset/Lung_Opacity/images/Lung_Opacity-1147.png,Lung_Opacity,Lung_Opacity,False,0.2092036008834839,0.08311837166547775,False,0.08347750455141068,False
562,/kaggle/input/datasets/tawsifurrahman/covid19-radiography-database/COVID-19_Radiography_Dataset/Lung_Opacity/images/Lung_Opacity-1155.png,Lung_Opacity,Lung_Opacity,True,0.18449059128761292,0.08926884084939957,False,0.08885166049003601,False
563,/kaggle/input/datasets/tawsifurrahman/covid19-radiography-database/COVID-19_Radiography_Dataset/Lung_Opacity/images/Lung_Opacity-1163.png,Lung_Opacity,Lung_Opacity,True,0.1402064710855484,0.047470852732658386,False,0.04785672575235367,False
564,/kaggle/input/datasets/tawsifurrahman/covid19-radiography-database/COVID-19_Radiography_Dataset/Lung_Opacity/images/Lung_Opacity-1172.png,Lung_Opacity,Lung_Opacity,False,0.19184470176696777,0.0804428681731224,False,0.08051284402608871,False
565,/kaggle/input/datasets/tawsifurrahman/covid19-radiography-database/COVID-19_Radiography_Dataset/Lung_Opacity/images/Lung_Opacity-118.png,Lung_Opacity,Lung_Opacity,True,0.2162388414144516,0.09574072808027267,False,0.09571041166782379,False
566,/kaggle/input/datasets/tawsifurrahman/covid19-radiography-database/COVID-19_Radiography_Dataset/Lung_Opacity/images/Lung_Opacity-1182.png,Lung_Opacity,Lung_Opacity,False,0.2938058078289032,0.18324588239192963,False,0.18295590579509735,False
567,/kaggle/input/datasets/tawsifurrahman/covid19-radiography-database/COVID-19_Radiography_Dataset/Lung_Opacity/images/Lung_Opacity-1183.png,Lung_Opacity,Viral Pneumonia,False,0.22381217777729034,0.09926421195268631,False,0.09920500218868256,False
568,/kaggle/input/datasets/tawsifurrahman/covid19-radiography-database/COVID-19_Radiography_Dataset/Lung_Opacity/images/Lung_Opacity-1184.png,Lung_Opacity,Lung_Opacity,True,0.19019052386283875,0.10234551876783371,False,0.10242614150047302,False
569,/kaggle/input/datasets/tawsifurrahman/covid19-radiography-database/COVID-19_Radiography_Dataset/Lung_Opacity/images/Lung_Opacity-1207.png,Lung_Opacity,Lung_Opacity,False,0.22163982689380646,0.130030557513237,False,0.1300165355205536,False
570,/kaggle/input/datasets/tawsifurrahman/covid19-radiography-database/COVID-19_Radiography_Dataset/Lung_Opacity/images/Lung_Opacity-1212.png,Lung_Opacity,Normal,False,0.13859215378761292,0.0891541987657547,False,0.08944463729858398,False
571,/kaggle/input/datasets/tawsifurrahman/covid19-radiography-database/COVID-19_Radiography_Dataset/Lung_Opacity/images/Lung_Opacity-1214.png,Lung_Opacity,Normal,True,0.1669323891401291,0.07392093539237976,False,0.07347703725099564,False
572,/kaggle/input/datasets/tawsifurrahman/covid19-radiography-database/COVID-19_Radiography_Dataset/Lung_Opacity/images/Lung_Opacity-1218.png,Lung_Opacity,Lung_Opacity,False,0.2338169664144516,0.09810664504766464,False,0.0982850044965744,False
573,/kaggle/input/datasets/tawsifurrahman/covid19-radiography-database/COVID-19_Radiography_Dataset/Lung_Opacity/images/Lung_Opacity-1222.png,Lung_Opacity,Lung_Opacity,True,0.2243303507566452,0.06811469793319702,False,0.0684090405702591,False
574,/kaggle/input/datasets/tawsifurrahman/covid19-radiography-database/COVID-19_Radiography_Dataset/Lung_Opacity/images/Lung_Opacity-1223.png,Lung_Opacity,Lung_Opacity,True,0.20141102373600006,0.053523950278759,False,0.05396416783332825,False
575,/kaggle/input/datasets/tawsifurrahman/covid19-radiography-database/COVID-19_Radiography_Dataset/Lung_Opacity/images/Lung_Opacity-1226.png,Lung_Opacity,Lung_Opacity,False,0.23762355744838715,0.12984129786491394,False,0.13041599094867706,False
576,/kaggle/input/datasets/tawsifurrahman/covid19-radiography-database/COVID-19_Radiography_Dataset/Lung_Opacity/images/Lung_Opacity-1240.png,Lung_Opacity,Lung_Opacity,False,0.2637316584587097,0.0841006189584732,False,0.08474264293909073,False
577,/kaggle/input/datasets/tawsifurrahman/covid19-radiography-database/COVID-19_Radiography_Dataset/Lung_Opacity/images/Lung_Opacity-1241.png,Lung_Opacity,Lung_Opacity,False,0.1667729616165161,0.06943139433860779,False,0.06950215250253677,False
578,/kaggle/input/datasets/tawsifurrahman/covid19-radiography-database/COVID-19_Radiography_Dataset/Lung_Opacity/images/Lung_Opacity-1242.png,Lung_Opacity,Lung_Opacity,False,0.3355388939380646,0.1435268372297287,False,0.1431531012058258,False
579,/kaggle/input/datasets/tawsifurrahman/covid19-radiography-database/COVID-19_Radiography_Dataset/Lung_Opacity/images/Lung_Opacity-1247.png,Lung_Opacity,Lung_Opacity,False,0.21430563926696777,0.07347562164068222,False,0.07284968346357346,False
580,/kaggle/input/datasets/tawsifurrahman/covid19-radiography-database/COVID-19_Radiography_Dataset/Lung_Opacity/images/Lung_Opacity-1249.png,Lung_Opacity,Lung_Opacity,False,0.19959741830825806,0.07734085619449615,False,0.07767707109451294,False
581,/kaggle/input/datasets/tawsifurrahman/covid19-radiography-database/COVID-19_Radiography_Dataset/Lung_Opacity/images/Lung_Opacity-1253.png,Lung_Opacity,Lung_Opacity,False,0.1552734375,0.03929616138339043,False,0.039544329047203064,False
582,/kaggle/input/datasets/tawsifurrahman/covid19-radiography-database/COVID-19_Radiography_Dataset/Lung_Opacity/images/Lung_Opacity-1254.png,Lung_Opacity,Lung_Opacity,False,0.17936861515045166,0.06983719021081924,False,0.07064238935709,False
583,/kaggle/input/datasets/tawsifurrahman/covid19-radiography-database/COVID-19_Radiography_Dataset/Lung_Opacity/images/Lung_Opacity-1257.png,Lung_Opacity,Lung_Opacity,False,0.2646484375,0.15504257380962372,False,0.15545091032981873,False
584,/kaggle/input/datasets/tawsifurrahman/covid19-radiography-database/COVID-19_Radiography_Dataset/Lung_Opacity/images/Lung_Opacity-1273.png,Lung_Opacity,Lung_Opacity,False,0.2761678695678711,0.13578881323337555,False,0.13642433285713196,False
585,/kaggle/input/datasets/tawsifurrahman/covid19-radiography-database/COVID-19_Radiography_Dataset/Lung_Opacity/images/Lung_Opacity-1277.png,Lung_Opacity,Lung_Opacity,True,0.25107622146606445,0.14510726928710938,False,0.14475059509277344,False
586,/kaggle/input/datasets/tawsifurrahman/covid19-radiography-database/COVID-19_Radiography_Dataset/Lung_Opacity/images/Lung_Opacity-1281.png,Lung_Opacity,Lung_Opacity,True,0.24306440353393555,0.1169167160987854,False,0.11707008630037308,False
587,/kaggle/input/datasets/tawsifurrahman/covid19-radiography-database/COVID-19_Radiography_Dataset/Lung_Opacity/images/Lung_Opacity-1300.png,Lung_Opacity,Lung_Opacity,False,0.20737005770206451,0.07504434138536453,False,0.07582055032253265,False
588,/kaggle/input/datasets/tawsifurrahman/covid19-radiography-database/COVID-19_Radiography_Dataset/Lung_Opacity/images/Lung_Opacity-1305.png,Lung_Opacity,Lung_Opacity,False,0.1743861585855484,0.05860590562224388,False,0.05912564694881439,False
589,/kaggle/input/datasets/tawsifurrahman/covid19-radiography-database/COVID-19_Radiography_Dataset/Lung_Opacity/images/Lung_Opacity-133.png,Lung_Opacity,Lung_Opacity,False,0.26552534103393555,0.1313689947128296,False,0.1312350332736969,False
590,/kaggle/input/datasets/tawsifurrahman/covid19-radiography-database/COVID-19_Radiography_Dataset/Lung_Opacity/images/Lung_Opacity-1331.png,Lung_Opacity,Normal,True,0.3964245915412903,0.28165850043296814,False,0.28232356905937195,False
591,/kaggle/input/datasets/tawsifurrahman/covid19-radiography-database/COVID-19_Radiography_Dataset/Lung_Opacity/images/Lung_Opacity-1346.png,Lung_Opacity,Lung_Opacity,True,0.16934390366077423,0.06107663735747337,False,0.0612797811627388,False
592,/kaggle/input/datasets/tawsifurrahman/covid19-radiography-database/COVID-19_Radiography_Dataset/Lung_Opacity/images/Lung_Opacity-1349.png,Lung_Opacity,Lung_Opacity,False,0.33326688408851624,0.21246598660945892,False,0.2136678397655487,False
593,/kaggle/input/datasets/tawsifurrahman/covid19-radiography-database/COVID-19_Radiography_Dataset/Lung_Opacity/images/Lung_Opacity-1355.png,Lung_Opacity,Normal,True,0.16300621628761292,0.07381262630224228,False,0.07516814023256302,False
594,/kaggle/input/datasets/tawsifurrahman/covid19-radiography-database/COVID-19_Radiography_Dataset/Lung_Opacity/images/Lung_Opacity-1364.png,Lung_Opacity,Lung_Opacity,False,0.22333386540412903,0.1324566751718521,False,0.13179585337638855,False
595,/kaggle/input/datasets/tawsifurrahman/covid19-radiography-database/COVID-19_Radiography_Dataset/Lung_Opacity/images/Lung_Opacity-1379.png,Lung_Opacity,Lung_Opacity,False,0.16081392765045166,0.05550844967365265,False,0.05570540204644203,False
596,/kaggle/input/datasets/tawsifurrahman/covid19-radiography-database/COVID-19_Radiography_Dataset/Lung_Opacity/images/Lung_Opacity-1386.png,Lung_Opacity,Lung_Opacity,False,0.24647241830825806,0.09853164851665497,False,0.09847380965948105,False
597,/kaggle/input/datasets/tawsifurrahman/covid19-radiography-database/COVID-19_Radiography_Dataset/Lung_Opacity/images/Lung_Opacity-140.png,Lung_Opacity,Lung_Opacity,False,0.21476402878761292,0.10054552555084229,False,0.10070395469665527,False
598,/kaggle/input/datasets/tawsifurrahman/covid19-radiography-database/COVID-19_Radiography_Dataset/Lung_Opacity/images/Lung_Opacity-1401.png,Lung_Opacity,Lung_Opacity,True,0.1967872977256775,0.07892440259456635,False,0.07917572557926178,False
599,/kaggle/input/datasets/tawsifurrahman/covid19-radiography-database/COVID-19_Radiography_Dataset/Lung_Opacity/images/Lung_Opacity-1404.png,Lung_Opacity,Lung_Opacity,False,0.21083784103393555,0.1258232593536377,False,0.1276433914899826,False
600,/kaggle/input/datasets/tawsifurrahman/covid19-radiography-database/COVID-19_Radiography_Dataset/Lung_Opacity/images/Lung_Opacity-1412.png,Lung_Opacity,Lung_Opacity,True,0.20834662020206451,0.08411534875631332,False,0.0841149389743805,False
601,/kaggle/input/datasets/tawsifurrahman/covid19-radiography-database/COVID-19_Radiography_Dataset/Lung_Opacity/images/Lung_Opacity-1434.png,Lung_Opacity,Lung_Opacity,False,0.13938935101032257,0.049985699355602264,False,0.05038253217935562,False
602,/kaggle/input/datasets/tawsifurrahman/covid19-radiography-database/COVID-19_Radiography_Dataset/Lung_Opacity/images/Lung_Opacity-1439.png,Lung_Opacity,Lung_Opacity,False,0.20669244229793549,0.09319591522216797,False,0.09294148534536362,False
603,/kaggle/input/datasets/tawsifurrahman/covid19-radiography-database/COVID-19_Radiography_Dataset/Lung_Opacity/images/Lung_Opacity-144.png,Lung_Opacity,Lung_Opacity,False,0.39331552386283875,0.18052661418914795,False,0.18089094758033752,False
604,/kaggle/input/datasets/tawsifurrahman/covid19-radiography-database/COVID-19_Radiography_Dataset/Lung_Opacity/images/Lung_Opacity-1441.png,Lung_Opacity,Lung_Opacity,False,0.14889588952064514,0.06377019733190536,False,0.06423600763082504,False
605,/kaggle/input/datasets/tawsifurrahman/covid19-radiography-database/COVID-19_Radiography_Dataset/Lung_Opacity/images/Lung_Opacity-1442.png,Lung_Opacity,Lung_Opacity,True,0.20436064898967743,0.07510289549827576,False,0.07482720911502838,False
606,/kaggle/input/datasets/tawsifurrahman/covid19-radiography-database/COVID-19_Radiography_Dataset/Lung_Opacity/images/Lung_Opacity-1446.png,Lung_Opacity,Lung_Opacity,False,0.18684230744838715,0.057478368282318115,False,0.05760427191853523,False
607,/kaggle/input/datasets/tawsifurrahman/covid19-radiography-database/COVID-19_Radiography_Dataset/Lung_Opacity/images/Lung_Opacity-1447.png,Lung_Opacity,Lung_Opacity,True,0.18738041818141937,0.08240726590156555,False,0.08164302259683609,False
608,/kaggle/input/datasets/tawsifurrahman/covid19-radiography-database/COVID-19_Radiography_Dataset/Lung_Opacity/images/Lung_Opacity-1461.png,Lung_Opacity,Lung_Opacity,False,0.1921037882566452,0.09261467307806015,False,0.09262662380933762,False
609,/kaggle/input/datasets/tawsifurrahman/covid19-radiography-database/COVID-19_Radiography_Dataset/Lung_Opacity/images/Lung_Opacity-1464.png,Lung_Opacity,Normal,True,0.2585897445678711,0.14560061693191528,False,0.1439608484506607,False
610,/kaggle/input/datasets/tawsifurrahman/covid19-radiography-database/COVID-19_Radiography_Dataset/Lung_Opacity/images/Lung_Opacity-1466.png,Lung_Opacity,Lung_Opacity,False,0.0973772332072258,0.02739240601658821,False,0.027254514396190643,False
611,/kaggle/input/datasets/tawsifurrahman/covid19-radiography-database/COVID-19_Radiography_Dataset/Lung_Opacity/images/Lung_Opacity-1467.png,Lung_Opacity,Lung_Opacity,False,0.22108179330825806,0.09038979560136795,False,0.09059016406536102,False
612,/kaggle/input/datasets/tawsifurrahman/covid19-radiography-database/COVID-19_Radiography_Dataset/Lung_Opacity/images/Lung_Opacity-1469.png,Lung_Opacity,Lung_Opacity,True,0.19234295189380646,0.09118518233299255,False,0.091264508664608,False
613,/kaggle/input/datasets/tawsifurrahman/covid19-radiography-database/COVID-19_Radiography_Dataset/Lung_Opacity/images/Lung_Opacity-1513.png,Lung_Opacity,Lung_Opacity,False,0.19700653851032257,0.06668602675199509,False,0.0664224922657013,False
614,/kaggle/input/datasets/tawsifurrahman/covid19-radiography-database/COVID-19_Radiography_Dataset/Lung_Opacity/images/Lung_Opacity-1520.png,Lung_Opacity,Lung_Opacity,False,0.15160633623600006,0.063178151845932,False,0.06414347887039185,False
615,/kaggle/input/datasets/tawsifurrahman/covid19-radiography-database/COVID-19_Radiography_Dataset/Lung_Opacity/images/Lung_Opacity-1523.png,Lung_Opacity,Lung_Opacity,False,0.2808912694454193,0.10578104108572006,False,0.10621626675128937,False
616,/kaggle/input/datasets/tawsifurrahman/covid19-radiography-database/COVID-19_Radiography_Dataset/Lung_Opacity/images/Lung_Opacity-1524.png,Lung_Opacity,Lung_Opacity,False,0.21807238459587097,0.08462249487638474,False,0.08465766161680222,False
617,/kaggle/input/datasets/tawsifurrahman/covid19-radiography-database/COVID-19_Radiography_Dataset/Lung_Opacity/images/Lung_Opacity-1529.png,Lung_Opacity,Lung_Opacity,False,0.22452965378761292,0.1340358704328537,False,0.13682764768600464,False
618,/kaggle/input/datasets/tawsifurrahman/covid19-radiography-database/COVID-19_Radiography_Dataset/Lung_Opacity/images/Lung_Opacity-1535.png,Lung_Opacity,Lung_Opacity,True,0.21328921616077423,0.07345747947692871,False,0.07386502623558044,False
619,/kaggle/input/datasets/tawsifurrahman/covid19-radiography-database/COVID-19_Radiography_Dataset/Lung_Opacity/images/Lung_Opacity-1540.png,Lung_Opacity,Lung_Opacity,False,0.2564373314380646,0.12185181677341461,False,0.12244429439306259,False
620,/kaggle/input/datasets/tawsifurrahman/covid19-radiography-database/COVID-19_Radiography_Dataset/Lung_Opacity/images/Lung_Opacity-1552.png,Lung_Opacity,Lung_Opacity,True,0.19347895681858063,0.06850259751081467,False,0.06935584545135498,False
621,/kaggle/input/datasets/tawsifurrahman/covid19-radiography-database/COVID-19_Radiography_Dataset/Lung_Opacity/images/Lung_Opacity-1556.png,Lung_Opacity,Lung_Opacity,False,0.2195073366165161,0.10632789134979248,False,0.10623129457235336,False
622,/kaggle/input/datasets/tawsifurrahman/covid19-radiography-database/COVID-19_Radiography_Dataset/Lung_Opacity/images/Lung_Opacity-157.png,Lung_Opacity,Lung_Opacity,False,0.17205436527729034,0.0841962993144989,False,0.0846690908074379,False
623,/kaggle/input/datasets/tawsifurrahman/covid19-radiography-database/COVID-19_Radiography_Dataset/Lung_Opacity/images/Lung_Opacity-1571.png,Lung_Opacity,Lung_Opacity,True,0.1948341727256775,0.09268760681152344,False,0.0934089720249176,False
624,/kaggle/input/datasets/tawsifurrahman/covid19-radiography-database/COVID-19_Radiography_Dataset/Lung_Opacity/images/Lung_Opacity-1579.png,Lung_Opacity,Normal,False,0.21926817297935486,0.0735606923699379,False,0.0736699104309082,False
625,/kaggle/input/datasets/tawsifurrahman/covid19-radiography-database/COVID-19_Radiography_Dataset/Lung_Opacity/images/Lung_Opacity-1583.png,Lung_Opacity,COVID,False,0.2231544852256775,0.07074475288391113,False,0.07144909352064133,False
626,/kaggle/input/datasets/tawsifurrahman/covid19-radiography-database/COVID-19_Radiography_Dataset/Lung_Opacity/images/Lung_Opacity-1584.png,Lung_Opacity,Lung_Opacity,False,0.21823181211948395,0.06878499686717987,False,0.06898816674947739,False
627,/kaggle/input/datasets/tawsifurrahman/covid19-radiography-database/COVID-19_Radiography_Dataset/Lung_Opacity/images/Lung_Opacity-159.png,Lung_Opacity,Normal,False,0.23140545189380646,0.15599872171878815,False,0.15699182450771332,False
628,/kaggle/input/datasets/tawsifurrahman/covid19-radiography-database/COVID-19_Radiography_Dataset/Lung_Opacity/images/Lung_Opacity-1591.png,Lung_Opacity,Lung_Opacity,True,0.19770407676696777,0.0643668919801712,False,0.06433846801519394,False
629,/kaggle/input/datasets/tawsifurrahman/covid19-radiography-database/COVID-19_Radiography_Dataset/Lung_Opacity/images/Lung_Opacity-1599.png,Lung_Opacity,Lung_Opacity,True,0.2211216539144516,0.07003850489854813,False,0.07113946229219437,False
630,/kaggle/input/datasets/tawsifurrahman/covid19-radiography-database/COVID-19_Radiography_Dataset/Lung_Opacity/images/Lung_Opacity-16.png,Lung_Opacity,Lung_Opacity,False,0.22941246628761292,0.1253071278333664,False,0.1254749894142151,False
631,/kaggle/input/datasets/tawsifurrahman/covid19-radiography-database/COVID-19_Radiography_Dataset/Lung_Opacity/images/Lung_Opacity-1605.png,Lung_Opacity,Lung_Opacity,False,0.2068319469690323,0.09485931694507599,False,0.09475760161876678,False
632,/kaggle/input/datasets/tawsifurrahman/covid19-radiography-database/COVID-19_Radiography_Dataset/Lung_Opacity/images/Lung_Opacity-161.png,Lung_Opacity,Lung_Opacity,False,0.2620774805545807,0.14556603133678436,False,0.1469259262084961,False
633,/kaggle/input/datasets/tawsifurrahman/covid19-radiography-database/COVID-19_Radiography_Dataset/Lung_Opacity/images/Lung_Opacity-1619.png,Lung_Opacity,Lung_Opacity,False,0.14265784621238708,0.05325869470834732,False,0.05402341112494469,False
634,/kaggle/input/datasets/tawsifurrahman/covid19-radiography-database/COVID-19_Radiography_Dataset/Lung_Opacity/images/Lung_Opacity-1621.png,Lung_Opacity,Normal,False,0.28527581691741943,0.12024040520191193,False,0.11986228078603745,False
635,/kaggle/input/datasets/tawsifurrahman/covid19-radiography-database/COVID-19_Radiography_Dataset/Lung_Opacity/images/Lung_Opacity-1628.png,Lung_Opacity,Lung_Opacity,False,0.23399633169174194,0.09180327504873276,False,0.09316681325435638,False
636,/kaggle/input/datasets/tawsifurrahman/covid19-radiography-database/COVID-19_Radiography_Dataset/Lung_Opacity/images/Lung_Opacity-1637.png,Lung_Opacity,Normal,False,0.13663902878761292,0.06975020468235016,False,0.0739438459277153,False
637,/kaggle/input/datasets/tawsifurrahman/covid19-radiography-database/COVID-19_Radiography_Dataset/Lung_Opacity/images/Lung_Opacity-1647.png,Lung_Opacity,Lung_Opacity,False,0.15852199494838715,0.059653133153915405,False,0.05993188917636871,False
638,/kaggle/input/datasets/tawsifurrahman/covid19-radiography-database/COVID-19_Radiography_Dataset/Lung_Opacity/images/Lung_Opacity-1648.png,Lung_Opacity,Lung_Opacity,False,0.24087212979793549,0.10474022477865219,False,0.10469390451908112,False
639,/kaggle/input/datasets/tawsifurrahman/covid19-radiography-database/COVID-19_Radiography_Dataset/Lung_Opacity/images/Lung_Opacity-1651.png,Lung_Opacity,Lung_Opacity,False,0.20314492285251617,0.07768692076206207,False,0.07834883034229279,False
640,/kaggle/input/datasets/tawsifurrahman/covid19-radiography-database/COVID-19_Radiography_Dataset/Lung_Opacity/images/Lung_Opacity-1664.png,Lung_Opacity,Lung_Opacity,False,0.21663743257522583,0.07488659769296646,False,0.07515326887369156,False
641,/kaggle/input/datasets/tawsifurrahman/covid19-radiography-database/COVID-19_Radiography_Dataset/Lung_Opacity/images/Lung_Opacity-1685.png,Lung_Opacity,Lung_Opacity,True,0.22201849520206451,0.10574112832546234,False,0.10607421398162842,False
642,/kaggle/input/datasets/tawsifurrahman/covid19-radiography-database/COVID-19_Radiography_Dataset/Lung_Opacity/images/Lung_Opacity-1698.png,Lung_Opacity,Lung_Opacity,False,0.25771284103393555,0.11406566202640533,False,0.11457931995391846,False
643,/kaggle/input/datasets/tawsifurrahman/covid19-radiography-database/COVID-19_Radiography_Dataset/Lung_Opacity/images/Lung_Opacity-17.png,Lung_Opacity,Lung_Opacity,True,0.2239118218421936,0.10555731505155563,False,0.10516049712896347,False
644,/kaggle/input/datasets/tawsifurrahman/covid19-radiography-database/COVID-19_Radiography_Dataset/Lung_Opacity/images/Lung_Opacity-1720.png,Lung_Opacity,Lung_Opacity,False,0.15682795643806458,0.03728816658258438,False,0.037189118564128876,False
645,/kaggle/input/datasets/tawsifurrahman/covid19-radiography-database/COVID-19_Radiography_Dataset/Lung_Opacity/images/Lung_Opacity-1721.png,Lung_Opacity,Lung_Opacity,False,0.24886399507522583,0.10891091078519821,False,0.10879983007907867,False
646,/kaggle/input/datasets/tawsifurrahman/covid19-radiography-database/COVID-19_Radiography_Dataset/Lung_Opacity/images/Lung_Opacity-1726.png,Lung_Opacity,Lung_Opacity,False,0.2578125,0.14469917118549347,False,0.14555904269218445,False
647,/kaggle/input/datasets/tawsifurrahman/covid19-radiography-database/COVID-19_Radiography_Dataset/Lung_Opacity/images/Lung_Opacity-1733.png,Lung_Opacity,Lung_Opacity,False,0.23150509595870972,0.08342402428388596,False,0.0843081995844841,False
648,/kaggle/input/datasets/tawsifurrahman/covid19-radiography-database/COVID-19_Radiography_Dataset/Lung_Opacity/images/Lung_Opacity-1734.png,Lung_Opacity,Lung_Opacity,False,0.1974051296710968,0.07507064938545227,False,0.07536647468805313,False
649,/kaggle/input/datasets/tawsifurrahman/covid19-radiography-database/COVID-19_Radiography_Dataset/Lung_Opacity/images/Lung_Opacity-1739.png,Lung_Opacity,Lung_Opacity,True,0.2042410671710968,0.09597910940647125,False,0.09646518528461456,False
650,/kaggle/input/datasets/tawsifurrahman/covid19-radiography-database/COVID-19_Radiography_Dataset/Lung_Opacity/images/Lung_Opacity-1742.png,Lung_Opacity,Lung_Opacity,False,0.14297671616077423,0.04543366655707359,False,0.0454365611076355,False
651,/kaggle/input/datasets/tawsifurrahman/covid19-radiography-database/COVID-19_Radiography_Dataset/Lung_Opacity/images/Lung_Opacity-1745.png,Lung_Opacity,Lung_Opacity,False,0.2220384180545807,0.07281491905450821,False,0.07312416285276413,False
652,/kaggle/input/datasets/tawsifurrahman/covid19-radiography-database/COVID-19_Radiography_Dataset/Lung_Opacity/images/Lung_Opacity-1755.png,Lung_Opacity,Lung_Opacity,False,0.34733736515045166,0.234553724527359,False,0.23565760254859924,False
653,/kaggle/input/datasets/tawsifurrahman/covid19-radiography-database/COVID-19_Radiography_Dataset/Lung_Opacity/images/Lung_Opacity-1781.png,Lung_Opacity,Lung_Opacity,True,0.1655970960855484,0.07353866100311279,False,0.07370419800281525,False
654,/kaggle/input/datasets/tawsifurrahman/covid19-radiography-database/COVID-19_Radiography_Dataset/Lung_Opacity/images/Lung_Opacity-1782.png,Lung_Opacity,Lung_Opacity,False,0.17342951893806458,0.07432687282562256,False,0.07498045265674591,False
655,/kaggle/input/datasets/tawsifurrahman/covid19-radiography-database/COVID-19_Radiography_Dataset/Lung_Opacity/images/Lung_Opacity-1785.png,Lung_Opacity,Lung_Opacity,True,0.07238519936800003,0.04580651968717575,False,0.048012617975473404,False
656,/kaggle/input/datasets/tawsifurrahman/covid19-radiography-database/COVID-19_Radiography_Dataset/Lung_Opacity/images/Lung_Opacity-1795.png,Lung_Opacity,Normal,False,0.2199457883834839,0.10580135881900787,False,0.10682279616594315,False
657,/kaggle/input/datasets/tawsifurrahman/covid19-radiography-database/COVID-19_Radiography_Dataset/Lung_Opacity/images/Lung_Opacity-1798.png,Lung_Opacity,Lung_Opacity,True,0.21908880770206451,0.07103359699249268,False,0.07134813815355301,False
658,/kaggle/input/datasets/tawsifurrahman/covid19-radiography-database/COVID-19_Radiography_Dataset/Lung_Opacity/images/Lung_Opacity-1799.png,Lung_Opacity,Lung_Opacity,False,0.1745256632566452,0.06710071861743927,False,0.06755538284778595,False
659,/kaggle/input/datasets/tawsifurrahman/covid19-radiography-database/COVID-19_Radiography_Dataset/Lung_Opacity/images/Lung_Opacity-180.png,Lung_Opacity,Normal,False,0.2641103267669678,0.13324810564517975,False,0.1345597356557846,False
660,/kaggle/input/datasets/tawsifurrahman/covid19-radiography-database/COVID-19_Radiography_Dataset/Lung_Opacity/images/Lung_Opacity-1800.png,Lung_Opacity,Lung_Opacity,False,0.3397839665412903,0.17336830496788025,False,0.1734795719385147,False
661,/kaggle/input/datasets/tawsifurrahman/covid19-radiography-database/COVID-19_Radiography_Dataset/Lung_Opacity/images/Lung_Opacity-1805.png,Lung_Opacity,Lung_Opacity,True,0.26337292790412903,0.1469476968050003,False,0.14703598618507385,False
662,/kaggle/input/datasets/tawsifurrahman/covid19-radiography-database/COVID-19_Radiography_Dataset/Lung_Opacity/images/Lung_Opacity-1806.png,Lung_Opacity,Lung_Opacity,False,0.26299425959587097,0.08591580390930176,False,0.08623451739549637,False
663,/kaggle/input/datasets/tawsifurrahman/covid19-radiography-database/COVID-19_Radiography_Dataset/Lung_Opacity/images/Lung_Opacity-1811.png,Lung_Opacity,Lung_Opacity,False,0.22060346603393555,0.0823344737291336,False,0.08254949748516083,False
664,/kaggle/input/datasets/tawsifurrahman/covid19-radiography-database/COVID-19_Radiography_Dataset/Lung_Opacity/images/Lung_Opacity-182.png,Lung_Opacity,Lung_Opacity,False,0.14485011994838715,0.04237563908100128,False,0.042592812329530716,False
665,/kaggle/input/datasets/tawsifurrahman/covid19-radiography-database/COVID-19_Radiography_Dataset/Lung_Opacity/images/Lung_Opacity-1822.png,Lung_Opacity,Lung_Opacity,True,0.35068556666374207,0.2113800048828125,False,0.2117152214050293,False
666,/kaggle/input/datasets/tawsifurrahman/covid19-radiography-database/COVID-19_Radiography_Dataset/Lung_Opacity/images/Lung_Opacity-1824.png,Lung_Opacity,Normal,False,0.19306042790412903,0.09823695570230484,False,0.09905053675174713,False
667,/kaggle/input/datasets/tawsifurrahman/covid19-radiography-database/COVID-19_Radiography_Dataset/Lung_Opacity/images/Lung_Opacity-1826.png,Lung_Opacity,Lung_Opacity,False,0.31867825984954834,0.17576703429222107,False,0.17658601701259613,False
668,/kaggle/input/datasets/tawsifurrahman/covid19-radiography-database/COVID-19_Radiography_Dataset/Lung_Opacity/images/Lung_Opacity-1829.png,Lung_Opacity,Lung_Opacity,False,0.3526785671710968,0.1651865839958191,False,0.16600775718688965,False
669,/kaggle/input/datasets/tawsifurrahman/covid19-radiography-database/COVID-19_Radiography_Dataset/Lung_Opacity/images/Lung_Opacity-1831.png,Lung_Opacity,Lung_Opacity,True,0.3517617881298065,0.18297474086284637,False,0.1837884485721588,False
670,/kaggle/input/datasets/tawsifurrahman/covid19-radiography-database/COVID-19_Radiography_Dataset/Lung_Opacity/images/Lung_Opacity-1834.png,Lung_Opacity,Lung_Opacity,True,0.1548549085855484,0.060931138694286346,False,0.06160036474466324,False
671,/kaggle/input/datasets/tawsifurrahman/covid19-radiography-database/COVID-19_Radiography_Dataset/Lung_Opacity/images/Lung_Opacity-1835.png,Lung_Opacity,Normal,False,0.32278379797935486,0.16966001689434052,False,0.16875571012496948,False
672,/kaggle/input/datasets/tawsifurrahman/covid19-radiography-database/COVID-19_Radiography_Dataset/Lung_Opacity/images/Lung_Opacity-1848.png,Lung_Opacity,Lung_Opacity,True,0.26141980290412903,0.09796608984470367,False,0.09825600683689117,False
673,/kaggle/input/datasets/tawsifurrahman/covid19-radiography-database/COVID-19_Radiography_Dataset/Lung_Opacity/images/Lung_Opacity-1853.png,Lung_Opacity,Lung_Opacity,False,0.2881457209587097,0.12498708069324493,False,0.12647704780101776,False
674,/kaggle/input/datasets/tawsifurrahman/covid19-radiography-database/COVID-19_Radiography_Dataset/Lung_Opacity/images/Lung_Opacity-1858.png,Lung_Opacity,Lung_Opacity,False,0.1741868555545807,0.09422701597213745,False,0.09456076472997665,False
675,/kaggle/input/datasets/tawsifurrahman/covid19-radiography-database/COVID-19_Radiography_Dataset/Lung_Opacity/images/Lung_Opacity-1864.png,Lung_Opacity,Lung_Opacity,False,0.17932875454425812,0.10113616287708282,False,0.10215570777654648,False
676,/kaggle/input/datasets/tawsifurrahman/covid19-radiography-database/COVID-19_Radiography_Dataset/Lung_Opacity/images/Lung_Opacity-1871.png,Lung_Opacity,Lung_Opacity,True,0.1710379421710968,0.054180633276700974,False,0.05476297065615654,False
677,/kaggle/input/datasets/tawsifurrahman/covid19-radiography-database/COVID-19_Radiography_Dataset/Lung_Opacity/images/Lung_Opacity-1878.png,Lung_Opacity,Lung_Opacity,False,0.1874402016401291,0.22869378328323364,False,0.23129810392856598,False
678,/kaggle/input/datasets/tawsifurrahman/covid19-radiography-database/COVID-19_Radiography_Dataset/Lung_Opacity/images/Lung_Opacity-1879.png,Lung_Opacity,Lung_Opacity,False,0.2259446680545807,0.10594017803668976,False,0.10595222562551498,False
679,/kaggle/input/datasets/tawsifurrahman/covid19-radiography-database/COVID-19_Radiography_Dataset/Lung_Opacity/images/Lung_Opacity-188.png,Lung_Opacity,Lung_Opacity,False,0.18564651906490326,0.05671611800789833,False,0.057129282504320145,False
680,/kaggle/input/datasets/tawsifurrahman/covid19-radiography-database/COVID-19_Radiography_Dataset/Lung_Opacity/images/Lung_Opacity-1884.png,Lung_Opacity,Lung_Opacity,False,0.18961255252361298,0.06440457701683044,False,0.06426908075809479,False
681,/kaggle/input/datasets/tawsifurrahman/covid19-radiography-database/COVID-19_Radiography_Dataset/Lung_Opacity/images/Lung_Opacity-1886.png,Lung_Opacity,Lung_Opacity,False,0.2705675959587097,0.12002850323915482,False,0.12007012218236923,False
682,/kaggle/input/datasets/tawsifurrahman/covid19-radiography-database/COVID-19_Radiography_Dataset/Lung_Opacity/images/Lung_Opacity-1890.png,Lung_Opacity,Normal,False,0.19080835580825806,0.12371650338172913,False,0.1237669438123703,False
683,/kaggle/input/datasets/tawsifurrahman/covid19-radiography-database/COVID-19_Radiography_Dataset/Lung_Opacity/images/Lung_Opacity-1891.png,Lung_Opacity,Lung_Opacity,False,0.24900349974632263,0.12045115977525711,False,0.12133549153804779,False
684,/kaggle/input/datasets/tawsifurrahman/covid19-radiography-database/COVID-19_Radiography_Dataset/Lung_Opacity/images/Lung_Opacity-1892.png,Lung_Opacity,Lung_Opacity,False,0.08396444469690323,0.06051190197467804,False,0.06487059593200684,False
685,/kaggle/input/datasets/tawsifurrahman/covid19-radiography-database/COVID-19_Radiography_Dataset/Lung_Opacity/images/Lung_Opacity-190.png,Lung_Opacity,Lung_Opacity,False,0.1648397594690323,0.06709091365337372,False,0.06721684336662292,False
686,/kaggle/input/datasets/tawsifurrahman/covid19-radiography-database/COVID-19_Radiography_Dataset/Lung_Opacity/images/Lung_Opacity-1913.png,Lung_Opacity,Lung_Opacity,False,0.1417410671710968,0.05675886198878288,False,0.05672796070575714,False
687,/kaggle/input/datasets/tawsifurrahman/covid19-radiography-database/COVID-19_Radiography_Dataset/Lung_Opacity/images/Lung_Opacity-1924.png,Lung_Opacity,Lung_Opacity,False,0.28750795125961304,0.13667477667331696,False,0.13828200101852417,False
688,/kaggle/input/datasets/tawsifurrahman/covid19-radiography-database/COVID-19_Radiography_Dataset/Lung_Opacity/images/Lung_Opacity-1945.png,Lung_Opacity,COVID,True,0.30470743775367737,0.1550925076007843,False,0.15587060153484344,False
689,/kaggle/input/datasets/tawsifurrahman/covid19-radiography-database/COVID-19_Radiography_Dataset/Lung_Opacity/images/Lung_Opacity-1957.png,Lung_Opacity,Lung_Opacity,False,0.24892377853393555,0.10433089733123779,False,0.10519469529390335,False
690,/kaggle/input/datasets/tawsifurrahman/covid19-radiography-database/COVID-19_Radiography_Dataset/Lung_Opacity/images/Lung_Opacity-196.png,Lung_Opacity,Lung_Opacity,False,0.13919004797935486,0.0975908562541008,False,0.09793785214424133,False
691,/kaggle/input/datasets/tawsifurrahman/covid19-radiography-database/COVID-19_Radiography_Dataset/Lung_Opacity/images/Lung_Opacity-1964.png,Lung_Opacity,Lung_Opacity,True,0.150390625,0.06147734448313713,False,0.06149771437048912,False
692,/kaggle/input/datasets/tawsifurrahman/covid19-radiography-database/COVID-19_Radiography_Dataset/Lung_Opacity/images/Lung_Opacity-1974.png,Lung_Opacity,Lung_Opacity,False,0.14510920643806458,0.03992607444524765,False,0.03949693962931633,False
693,/kaggle/input/datasets/tawsifurrahman/covid19-radiography-database/COVID-19_Radiography_Dataset/Lung_Opacity/images/Lung_Opacity-1979.png,Lung_Opacity,Lung_Opacity,False,0.21829161047935486,0.08803045749664307,False,0.08805452287197113,False
694,/kaggle/input/datasets/tawsifurrahman/covid19-radiography-database/COVID-19_Radiography_Dataset/Lung_Opacity/images/Lung_Opacity-1981.png,Lung_Opacity,Lung_Opacity,False,0.18096300959587097,0.08502660691738129,False,0.08537080138921738,False
695,/kaggle/input/datasets/tawsifurrahman/covid19-radiography-database/COVID-19_Radiography_Dataset/Lung_Opacity/images/Lung_Opacity-1986.png,Lung_Opacity,Lung_Opacity,False,0.17079877853393555,0.08486881107091904,False,0.0844939723610878,False
696,/kaggle/input/datasets/tawsifurrahman/covid19-radiography-database/COVID-19_Radiography_Dataset/Lung_Opacity/images/Lung_Opacity-1989.png,Lung_Opacity,Lung_Opacity,True,0.10634566098451614,0.06244025379419327,False,0.06406247615814209,False
697,/kaggle/input/datasets/tawsifurrahman/covid19-radiography-database/COVID-19_Radiography_Dataset/Lung_Opacity/images/Lung_Opacity-1991.png,Lung_Opacity,Lung_Opacity,True,0.23154495656490326,0.10419312864542007,False,0.10435602813959122,False
698,/kaggle/input/datasets/tawsifurrahman/covid19-radiography-database/COVID-19_Radiography_Dataset/Lung_Opacity/images/Lung_Opacity-1994.png,Lung_Opacity,Lung_Opacity,False,0.07120934128761292,0.048837192356586456,False,0.05404460057616234,False
699,/kaggle/input/datasets/tawsifurrahman/covid19-radiography-database/COVID-19_Radiography_Dataset/Lung_Opacity/images/Lung_Opacity-1995.png,Lung_Opacity,Normal,True,0.2844586968421936,0.13106712698936462,False,0.13222697377204895,False
700,/kaggle/input/datasets/tawsifurrahman/covid19-radiography-database/COVID-19_Radiography_Dataset/Lung_Opacity/images/Lung_Opacity-2000.png,Lung_Opacity,Lung_Opacity,False,0.15686781704425812,0.059934474527835846,False,0.06020914390683174,False
701,/kaggle/input/datasets/tawsifurrahman/covid19-radiography-database/COVID-19_Radiography_Dataset/Lung_Opacity/images/Lung_Opacity-2002.png,Lung_Opacity,Lung_Opacity,True,0.15511399507522583,0.09616704285144806,False,0.09599418193101883,False
702,/kaggle/input/datasets/tawsifurrahman/covid19-radiography-database/COVID-19_Radiography_Dataset/Lung_Opacity/images/Lung_Opacity-201.png,Lung_Opacity,Lung_Opacity,False,0.2834821343421936,0.1334998905658722,False,0.13386638462543488,False
703,/kaggle/input/datasets/tawsifurrahman/covid19-radiography-database/COVID-19_Radiography_Dataset/Lung_Opacity/images/Lung_Opacity-2017.png,Lung_Opacity,Lung_Opacity,True,0.2419881969690323,0.10663120448589325,False,0.10708138346672058,False
704,/kaggle/input/datasets/tawsifurrahman/covid19-radiography-database/COVID-19_Radiography_Dataset/Lung_Opacity/images/Lung_Opacity-2019.png,Lung_Opacity,Lung_Opacity,False,0.22490832209587097,0.08054716140031815,False,0.08020303398370743,False
705,/kaggle/input/datasets/tawsifurrahman/covid19-radiography-database/COVID-19_Radiography_Dataset/Lung_Opacity/images/Lung_Opacity-2025.png,Lung_Opacity,Lung_Opacity,True,0.21835139393806458,0.103152796626091,False,0.1039574146270752,False
706,/kaggle/input/datasets/tawsifurrahman/covid19-radiography-database/COVID-19_Radiography_Dataset/Lung_Opacity/images/Lung_Opacity-2034.png,Lung_Opacity,Lung_Opacity,False,0.20037467777729034,0.0851135328412056,False,0.08525403589010239,False
707,/kaggle/input/datasets/tawsifurrahman/covid19-radiography-database/COVID-19_Radiography_Dataset/Lung_Opacity/images/Lung_Opacity-2079.png,Lung_Opacity,Lung_Opacity,False,0.09311224520206451,0.0960414782166481,False,0.09746340662240982,False
708,/kaggle/input/datasets/tawsifurrahman/covid19-radiography-database/COVID-19_Radiography_Dataset/Lung_Opacity/images/Lung_Opacity-2093.png,Lung_Opacity,Lung_Opacity,False,0.21691645681858063,0.09826557338237762,False,0.0978948250412941,False
709,/kaggle/input/datasets/tawsifurrahman/covid19-radiography-database/COVID-19_Radiography_Dataset/Lung_Opacity/images/Lung_Opacity-2104.png,Lung_Opacity,Lung_Opacity,False,0.166015625,0.056278351694345474,False,0.057440679520368576,False
710,/kaggle/input/datasets/tawsifurrahman/covid19-radiography-database/COVID-19_Radiography_Dataset/Lung_Opacity/images/Lung_Opacity-2105.png,Lung_Opacity,Lung_Opacity,True,0.22395168244838715,0.09447849541902542,False,0.09548013657331467,False
711,/kaggle/input/datasets/tawsifurrahman/covid19-radiography-database/COVID-19_Radiography_Dataset/Lung_Opacity/images/Lung_Opacity-2107.png,Lung_Opacity,Lung_Opacity,False,0.18849648535251617,0.06198134645819664,False,0.06201011687517166,False
712,/kaggle/input/datasets/tawsifurrahman/covid19-radiography-database/COVID-19_Radiography_Dataset/Lung_Opacity/images/Lung_Opacity-2109.png,Lung_Opacity,Lung_Opacity,False,0.244140625,0.10430272668600082,False,0.10528773814439774,False
713,/kaggle/input/datasets/tawsifurrahman/covid19-radiography-database/COVID-19_Radiography_Dataset/Lung_Opacity/images/Lung_Opacity-2130.png,Lung_Opacity,Lung_Opacity,False,0.2208426296710968,0.12559321522712708,False,0.12727928161621094,False
714,/kaggle/input/datasets/tawsifurrahman/covid19-radiography-database/COVID-19_Radiography_Dataset/Lung_Opacity/images/Lung_Opacity-2132.png,Lung_Opacity,Lung_Opacity,False,0.1942761391401291,0.08404241502285004,False,0.08280112594366074,False
715,/kaggle/input/datasets/tawsifurrahman/covid19-radiography-database/COVID-19_Radiography_Dataset/Lung_Opacity/images/Lung_Opacity-2134.png,Lung_Opacity,Lung_Opacity,False,0.09373006969690323,0.03791692107915878,False,0.03887529298663139,False
716,/kaggle/input/datasets/tawsifurrahman/covid19-radiography-database/COVID-19_Radiography_Dataset/Lung_Opacity/images/Lung_Opacity-2136.png,Lung_Opacity,Lung_Opacity,True,0.1341477930545807,0.040388960391283035,False,0.04064933583140373,False
717,/kaggle/input/datasets/tawsifurrahman/covid19-radiography-database/COVID-19_Radiography_Dataset/Lung_Opacity/images/Lung_Opacity-2140.png,Lung_Opacity,Lung_Opacity,True,0.16854670643806458,0.06288088858127594,False,0.06348004192113876,False
718,/kaggle/input/datasets/tawsifurrahman/covid19-radiography-database/COVID-19_Radiography_Dataset/Lung_Opacity/images/Lung_Opacity-2144.png,Lung_Opacity,Lung_Opacity,False,0.13012196123600006,0.036600079387426376,False,0.03687069192528725,False
719,/kaggle/input/datasets/tawsifurrahman/covid19-radiography-database/COVID-19_Radiography_Dataset/Lung_Opacity/images/Lung_Opacity-2146.png,Lung_Opacity,Normal,False,0.1827566921710968,0.07803639769554138,False,0.07868169248104095,False
720,/kaggle/input/datasets/tawsifurrahman/covid19-radiography-database/COVID-19_Radiography_Dataset/Lung_Opacity/images/Lung_Opacity-215.png,Lung_Opacity,Normal,False,0.27955594658851624,0.14232799410820007,False,0.14339594542980194,False
721,/kaggle/input/datasets/tawsifurrahman/covid19-radiography-database/COVID-19_Radiography_Dataset/Lung_Opacity/images/Lung_Opacity-2158.png,Lung_Opacity,Lung_Opacity,True,0.3751395046710968,0.2024330049753189,False,0.2035534828901291,False
722,/kaggle/input/datasets/tawsifurrahman/covid19-radiography-database/COVID-19_Radiography_Dataset/Lung_Opacity/images/Lung_Opacity-2165.png,Lung_Opacity,Lung_Opacity,True,0.21504303812980652,0.07684064656496048,False,0.07660792022943497,False
723,/kaggle/input/datasets/tawsifurrahman/covid19-radiography-database/COVID-19_Radiography_Dataset/Lung_Opacity/images/Lung_Opacity-2173.png,Lung_Opacity,Lung_Opacity,False,0.17456552386283875,0.08469337224960327,False,0.08463427424430847,False
724,/kaggle/input/datasets/tawsifurrahman/covid19-radiography-database/COVID-19_Radiography_Dataset/Lung_Opacity/images/Lung_Opacity-2174.png,Lung_Opacity,Lung_Opacity,False,0.2766461968421936,0.1242542415857315,False,0.12550534307956696,False
725,/kaggle/input/datasets/tawsifurrahman/covid19-radiography-database/COVID-19_Radiography_Dataset/Lung_Opacity/images/Lung_Opacity-2175.png,Lung_Opacity,Lung_Opacity,False,0.17079877853393555,0.0575115829706192,False,0.058650195598602295,False
726,/kaggle/input/datasets/tawsifurrahman/covid19-radiography-database/COVID-19_Radiography_Dataset/Lung_Opacity/images/Lung_Opacity-2179.png,Lung_Opacity,Lung_Opacity,True,0.19808274507522583,0.07471612095832825,False,0.07481411844491959,False
727,/kaggle/input/datasets/tawsifurrahman/covid19-radiography-database/COVID-19_Radiography_Dataset/Lung_Opacity/images/Lung_Opacity-2183.png,Lung_Opacity,Lung_Opacity,False,0.2664022445678711,0.09557738155126572,False,0.09635752439498901,False
728,/kaggle/input/datasets/tawsifurrahman/covid19-radiography-database/COVID-19_Radiography_Dataset/Lung_Opacity/images/Lung_Opacity-2186.png,Lung_Opacity,Lung_Opacity,True,0.20900429785251617,0.1296233832836151,False,0.13151045143604279,False
729,/kaggle/input/datasets/tawsifurrahman/covid19-radiography-database/COVID-19_Radiography_Dataset/Lung_Opacity/images/Lung_Opacity-2191.png,Lung_Opacity,Lung_Opacity,True,0.32936063408851624,0.17528924345970154,False,0.17578396201133728,False
730,/kaggle/input/datasets/tawsifurrahman/covid19-radiography-database/COVID-19_Radiography_Dataset/Lung_Opacity/images/Lung_Opacity-2193.png,Lung_Opacity,Lung_Opacity,True,0.11977837979793549,0.06709291785955429,False,0.06733681261539459,False
731,/kaggle/input/datasets/tawsifurrahman/covid19-radiography-database/COVID-19_Radiography_Dataset/Lung_Opacity/images/Lung_Opacity-2208.png,Lung_Opacity,Normal,False,0.2746133506298065,0.14564308524131775,False,0.14551806449890137,False
732,/kaggle/input/datasets/tawsifurrahman/covid19-radiography-database/COVID-19_Radiography_Dataset/Lung_Opacity/images/Lung_Opacity-222.png,Lung_Opacity,Lung_Opacity,False,0.16743063926696777,0.09364620596170425,False,0.09323833882808685,False
733,/kaggle/input/datasets/tawsifurrahman/covid19-radiography-database/COVID-19_Radiography_Dataset/Lung_Opacity/images/Lung_Opacity-2220.png,Lung_Opacity,Lung_Opacity,False,0.20222815871238708,0.10566204786300659,False,0.10886234045028687,False
734,/kaggle/input/datasets/tawsifurrahman/covid19-radiography-database/COVID-19_Radiography_Dataset/Lung_Opacity/images/Lung_Opacity-2223.png,Lung_Opacity,Lung_Opacity,True,0.13374920189380646,0.05254698544740677,False,0.052510108798742294,False
735,/kaggle/input/datasets/tawsifurrahman/covid19-radiography-database/COVID-19_Radiography_Dataset/Lung_Opacity/images/Lung_Opacity-2226.png,Lung_Opacity,Lung_Opacity,False,0.2163783460855484,0.07204939424991608,False,0.0720374584197998,False
736,/kaggle/input/datasets/tawsifurrahman/covid19-radiography-database/COVID-19_Radiography_Dataset/Lung_Opacity/images/Lung_Opacity-2239.png,Lung_Opacity,Lung_Opacity,False,0.193219855427742,0.11924093216657639,False,0.11936298757791519,False
737,/kaggle/input/datasets/tawsifurrahman/covid19-radiography-database/COVID-19_Radiography_Dataset/Lung_Opacity/images/Lung_Opacity-2240.png,Lung_Opacity,Lung_Opacity,False,0.18054448068141937,0.07671460509300232,False,0.07765880227088928,False
738,/kaggle/input/datasets/tawsifurrahman/covid19-radiography-database/COVID-19_Radiography_Dataset/Lung_Opacity/images/Lung_Opacity-2247.png,Lung_Opacity,Lung_Opacity,True,0.2046595960855484,0.08826693892478943,False,0.08920284360647202,False
739,/kaggle/input/datasets/tawsifurrahman/covid19-radiography-database/COVID-19_Radiography_Dataset/Lung_Opacity/images/Lung_Opacity-2257.png,Lung_Opacity,Lung_Opacity,False,0.29962530732154846,0.16313286125659943,False,0.1638912707567215,False
740,/kaggle/input/datasets/tawsifurrahman/covid19-radiography-database/COVID-19_Radiography_Dataset/Lung_Opacity/images/Lung_Opacity-2269.png,Lung_Opacity,Lung_Opacity,True,0.17641900479793549,0.05563984811306,False,0.05551378056406975,False
741,/kaggle/input/datasets/tawsifurrahman/covid19-radiography-database/COVID-19_Radiography_Dataset/Lung_Opacity/images/Lung_Opacity-2279.png,Lung_Opacity,Lung_Opacity,False,0.24940210580825806,0.12368173897266388,False,0.12467262893915176,False
742,/kaggle/input/datasets/tawsifurrahman/covid19-radiography-database/COVID-19_Radiography_Dataset/Lung_Opacity/images/Lung_Opacity-2301.png,Lung_Opacity,Lung_Opacity,False,0.21041932702064514,0.11750979721546173,False,0.1170121282339096,False
743,/kaggle/input/datasets/tawsifurrahman/covid19-radiography-database/COVID-19_Radiography_Dataset/Lung_Opacity/images/Lung_Opacity-2302.png,Lung_Opacity,Lung_Opacity,False,0.21809230744838715,0.08658967167139053,False,0.0864834412932396,False
744,/kaggle/input/datasets/tawsifurrahman/covid19-radiography-database/COVID-19_Radiography_Dataset/Lung_Opacity/images/Lung_Opacity-2353.png,Lung_Opacity,Lung_Opacity,False,0.1487962305545807,0.08426020294427872,False,0.08409710973501205,False
745,/kaggle/input/datasets/tawsifurrahman/covid19-radiography-database/COVID-19_Radiography_Dataset/Lung_Opacity/images/Lung_Opacity-2364.png,Lung_Opacity,Lung_Opacity,True,0.18026545643806458,0.08010388165712357,False,0.07952869683504105,False
746,/kaggle/input/datasets/tawsifurrahman/covid19-radiography-database/COVID-19_Radiography_Dataset/Lung_Opacity/images/Lung_Opacity-2365.png,Lung_Opacity,Lung_Opacity,False,0.1550741344690323,0.07941912114620209,False,0.08014307916164398,False
747,/kaggle/input/datasets/tawsifurrahman/covid19-radiography-database/COVID-19_Radiography_Dataset/Lung_Opacity/images/Lung_Opacity-2372.png,Lung_Opacity,Normal,True,0.2624760866165161,0.128412127494812,False,0.12859028577804565,False
748,/kaggle/input/datasets/tawsifurrahman/covid19-radiography-database/COVID-19_Radiography_Dataset/Lung_Opacity/images/Lung_Opacity-2382.png,Lung_Opacity,Lung_Opacity,False,0.1644212305545807,0.054423846304416656,False,0.05478484928607941,False
749,/kaggle/input/datasets/tawsifurrahman/covid19-radiography-database/COVID-19_Radiography_Dataset/Lung_Opacity/images/Lung_Opacity-2392.png,Lung_Opacity,Normal,True,0.10241948068141937,0.100686214864254,False,0.10667180269956589,False
750,/kaggle/input/datasets/tawsifurrahman/covid19-radiography-database/COVID-19_Radiography_Dataset/Lung_Opacity/images/Lung_Opacity-2396.png,Lung_Opacity,Normal,True,0.26935186982154846,0.14675629138946533,False,0.14767596125602722,False
751,/kaggle/input/datasets/tawsifurrahman/covid19-radiography-database/COVID-19_Radiography_Dataset/Lung_Opacity/images/Lung_Opacity-2412.png,Lung_Opacity,Normal,False,0.26287466287612915,0.15394489467144012,False,0.15466324985027313,False
752,/kaggle/input/datasets/tawsifurrahman/covid19-radiography-database/COVID-19_Radiography_Dataset/Lung_Opacity/images/Lung_Opacity-2414.png,Lung_Opacity,Lung_Opacity,True,0.2267817258834839,0.09421695023775101,False,0.0941198319196701,False
753,/kaggle/input/datasets/tawsifurrahman/covid19-radiography-database/COVID-19_Radiography_Dataset/Lung_Opacity/images/Lung_Opacity-2415.png,Lung_Opacity,Normal,False,0.2239118218421936,0.13701888918876648,False,0.13662637770175934,False
754,/kaggle/input/datasets/tawsifurrahman/covid19-radiography-database/COVID-19_Radiography_Dataset/Lung_Opacity/images/Lung_Opacity-2420.png,Lung_Opacity,Lung_Opacity,False,0.22839604318141937,0.1548578143119812,False,0.15441718697547913,False
755,/kaggle/input/datasets/tawsifurrahman/covid19-radiography-database/COVID-19_Radiography_Dataset/Lung_Opacity/images/Lung_Opacity-2427.png,Lung_Opacity,Lung_Opacity,False,0.27381616830825806,0.11841579526662827,False,0.11970286816358566,False
756,/kaggle/input/datasets/tawsifurrahman/covid19-radiography-database/COVID-19_Radiography_Dataset/Lung_Opacity/images/Lung_Opacity-2435.png,Lung_Opacity,Lung_Opacity,False,0.16848692297935486,0.04509573429822922,False,0.044401638209819794,False
757,/kaggle/input/datasets/tawsifurrahman/covid19-radiography-database/COVID-19_Radiography_Dataset/Lung_Opacity/images/Lung_Opacity-2443.png,Lung_Opacity,Lung_Opacity,False,0.27660635113716125,0.1567128598690033,False,0.15818417072296143,False
758,/kaggle/input/datasets/tawsifurrahman/covid19-radiography-database/COVID-19_Radiography_Dataset/Lung_Opacity/images/Lung_Opacity-2447.png,Lung_Opacity,Lung_Opacity,False,0.2435227930545807,0.10503505915403366,False,0.10576807707548141,False
759,/kaggle/input/datasets/tawsifurrahman/covid19-radiography-database/COVID-19_Radiography_Dataset/Lung_Opacity/images/Lung_Opacity-2457.png,Lung_Opacity,Lung_Opacity,False,0.16177056729793549,0.045042380690574646,False,0.045540180057287216,False
760,/kaggle/input/datasets/tawsifurrahman/covid19-radiography-database/COVID-19_Radiography_Dataset/Lung_Opacity/images/Lung_Opacity-2461.png,Lung_Opacity,Lung_Opacity,True,0.23933753371238708,0.11255936324596405,False,0.11265119165182114,False
761,/kaggle/input/datasets/tawsifurrahman/covid19-radiography-database/COVID-19_Radiography_Dataset/Lung_Opacity/images/Lung_Opacity-2481.png,Lung_Opacity,Lung_Opacity,False,0.23913823068141937,0.07872503250837326,False,0.07853250205516815,False
762,/kaggle/input/datasets/tawsifurrahman/covid19-radiography-database/COVID-19_Radiography_Dataset/Lung_Opacity/images/Lung_Opacity-2494.png,Lung_Opacity,Lung_Opacity,True,0.20282605290412903,0.08795315772294998,False,0.08845887333154678,False
763,/kaggle/input/datasets/tawsifurrahman/covid19-radiography-database/COVID-19_Radiography_Dataset/Lung_Opacity/images/Lung_Opacity-2499.png,Lung_Opacity,Lung_Opacity,True,0.17364875972270966,0.0851416140794754,False,0.08562051504850388,False
764,/kaggle/input/datasets/tawsifurrahman/covid19-radiography-database/COVID-19_Radiography_Dataset/Lung_Opacity/images/Lung_Opacity-2506.png,Lung_Opacity,Normal,False,0.27808114886283875,0.1436634212732315,False,0.14371056854724884,False
765,/kaggle/input/datasets/tawsifurrahman/covid19-radiography-database/COVID-19_Radiography_Dataset/Lung_Opacity/images/Lung_Opacity-2507.png,Lung_Opacity,Lung_Opacity,False,0.2573142349720001,0.16852913796901703,False,0.1692133992910385,False
766,/kaggle/input/datasets/tawsifurrahman/covid19-radiography-database/COVID-19_Radiography_Dataset/Lung_Opacity/images/Lung_Opacity-252.png,Lung_Opacity,Lung_Opacity,False,0.21508289873600006,0.07635513693094254,False,0.07638765871524811,False
767,/kaggle/input/datasets/tawsifurrahman/covid19-radiography-database/COVID-19_Radiography_Dataset/Lung_Opacity/images/Lung_Opacity-2526.png,Lung_Opacity,Normal,True,0.30299344658851624,0.11622844636440277,False,0.11693774908781052,False
768,/kaggle/input/datasets/tawsifurrahman/covid19-radiography-database/COVID-19_Radiography_Dataset/Lung_Opacity/images/Lung_Opacity-2539.png,Lung_Opacity,Lung_Opacity,False,0.17629942297935486,0.04252849891781807,False,0.04290352761745453,False
769,/kaggle/input/datasets/tawsifurrahman/covid19-radiography-database/COVID-19_Radiography_Dataset/Lung_Opacity/images/Lung_Opacity-2544.png,Lung_Opacity,Lung_Opacity,False,0.31295838952064514,0.3838229775428772,False,0.385469913482666,False
770,/kaggle/input/datasets/tawsifurrahman/covid19-radiography-database/COVID-19_Radiography_Dataset/Lung_Opacity/images/Lung_Opacity-2546.png,Lung_Opacity,Lung_Opacity,False,0.11431760340929031,0.1010068953037262,False,0.10334903746843338,False
771,/kaggle/input/datasets/tawsifurrahman/covid19-radiography-database/COVID-19_Radiography_Dataset/Lung_Opacity/images/Lung_Opacity-2550.png,Lung_Opacity,Lung_Opacity,False,0.19886000454425812,0.05368673428893089,False,0.05384671315550804,False
772,/kaggle/input/datasets/tawsifurrahman/covid19-radiography-database/COVID-19_Radiography_Dataset/Lung_Opacity/images/Lung_Opacity-2567.png,Lung_Opacity,Lung_Opacity,False,0.245954230427742,0.0794772058725357,False,0.08006729185581207,False
773,/kaggle/input/datasets/tawsifurrahman/covid19-radiography-database/COVID-19_Radiography_Dataset/Lung_Opacity/images/Lung_Opacity-2573.png,Lung_Opacity,Lung_Opacity,True,0.1764787882566452,0.06827966123819351,False,0.0687282532453537,False
774,/kaggle/input/datasets/tawsifurrahman/covid19-radiography-database/COVID-19_Radiography_Dataset/Lung_Opacity/images/Lung_Opacity-2575.png,Lung_Opacity,Lung_Opacity,False,0.1847098171710968,0.061886053532361984,False,0.062055110931396484,False
775,/kaggle/input/datasets/tawsifurrahman/covid19-radiography-database/COVID-19_Radiography_Dataset/Lung_Opacity/images/Lung_Opacity-258.png,Lung_Opacity,Lung_Opacity,True,0.3480947017669678,0.2123870700597763,False,0.2115965187549591,False
776,/kaggle/input/datasets/tawsifurrahman/covid19-radiography-database/COVID-19_Radiography_Dataset/Lung_Opacity/images/Lung_Opacity-2587.png,Lung_Opacity,Normal,False,0.2280970960855484,0.08198460936546326,False,0.08238070458173752,False
777,/kaggle/input/datasets/tawsifurrahman/covid19-radiography-database/COVID-19_Radiography_Dataset/Lung_Opacity/images/Lung_Opacity-2591.png,Lung_Opacity,Lung_Opacity,False,0.2574138939380646,0.12052148580551147,False,0.1208214983344078,False
778,/kaggle/input/datasets/tawsifurrahman/covid19-radiography-database/COVID-19_Radiography_Dataset/Lung_Opacity/images/Lung_Opacity-2594.png,Lung_Opacity,Lung_Opacity,False,0.14943398535251617,0.057786352932453156,False,0.05757960304617882,False
779,/kaggle/input/datasets/tawsifurrahman/covid19-radiography-database/COVID-19_Radiography_Dataset/Lung_Opacity/images/Lung_Opacity-2598.png,Lung_Opacity,Lung_Opacity,True,0.28748804330825806,0.14288325607776642,False,0.14809304475784302,False
780,/kaggle/input/datasets/tawsifurrahman/covid19-radiography-database/COVID-19_Radiography_Dataset/Lung_Opacity/images/Lung_Opacity-260.png,Lung_Opacity,Lung_Opacity,False,0.17934869229793549,0.09464488923549652,False,0.09420665353536606,False
781,/kaggle/input/datasets/tawsifurrahman/covid19-radiography-database/COVID-19_Radiography_Dataset/Lung_Opacity/images/Lung_Opacity-2609.png,Lung_Opacity,Lung_Opacity,True,0.16304607689380646,0.05886387825012207,False,0.05948154255747795,False
782,/kaggle/input/datasets/tawsifurrahman/covid19-radiography-database/COVID-19_Radiography_Dataset/Lung_Opacity/images/Lung_Opacity-262.png,Lung_Opacity,Lung_Opacity,True,0.16470025479793549,0.05491118133068085,False,0.05497196689248085,False
783,/kaggle/input/datasets/tawsifurrahman/covid19-radiography-database/COVID-19_Radiography_Dataset/Lung_Opacity/images/Lung_Opacity-2627.png,Lung_Opacity,Lung_Opacity,False,0.24364237487316132,0.12156707793474197,False,0.12133436650037766,False
784,/kaggle/input/datasets/tawsifurrahman/covid19-radiography-database/COVID-19_Radiography_Dataset/Lung_Opacity/images/Lung_Opacity-2630.png,Lung_Opacity,Lung_Opacity,False,0.21894928812980652,0.08707108348608017,False,0.08771251887083054,False
785,/kaggle/input/datasets/tawsifurrahman/covid19-radiography-database/COVID-19_Radiography_Dataset/Lung_Opacity/images/Lung_Opacity-2631.png,Lung_Opacity,Lung_Opacity,True,0.25123563408851624,0.11183848977088928,False,0.11483551561832428,False
786,/kaggle/input/datasets/tawsifurrahman/covid19-radiography-database/COVID-19_Radiography_Dataset/Lung_Opacity/images/Lung_Opacity-2639.png,Lung_Opacity,Lung_Opacity,True,0.2052176296710968,0.08036556839942932,False,0.08048592507839203,False
787,/kaggle/input/datasets/tawsifurrahman/covid19-radiography-database/COVID-19_Radiography_Dataset/Lung_Opacity/images/Lung_Opacity-2640.png,Lung_Opacity,Lung_Opacity,True,0.1736088991165161,0.0626889169216156,False,0.06283919513225555,False
788,/kaggle/input/datasets/tawsifurrahman/covid19-radiography-database/COVID-19_Radiography_Dataset/Lung_Opacity/images/Lung_Opacity-2644.png,Lung_Opacity,Lung_Opacity,False,0.2580317258834839,0.09461397677659988,False,0.09441502392292023,False
789,/kaggle/input/datasets/tawsifurrahman/covid19-radiography-database/COVID-19_Radiography_Dataset/Lung_Opacity/images/Lung_Opacity-2646.png,Lung_Opacity,Lung_Opacity,True,0.28429925441741943,0.1302988976240158,False,0.13072483241558075,False
790,/kaggle/input/datasets/tawsifurrahman/covid19-radiography-database/COVID-19_Radiography_Dataset/Lung_Opacity/images/Lung_Opacity-2652.png,Lung_Opacity,Lung_Opacity,False,0.16013631224632263,0.06488872319459915,False,0.06504856795072556,False
791,/kaggle/input/datasets/tawsifurrahman/covid19-radiography-database/COVID-19_Radiography_Dataset/Lung_Opacity/images/Lung_Opacity-2663.png,Lung_Opacity,Lung_Opacity,False,0.14401307702064514,0.06535280495882034,False,0.06634356826543808,False
792,/kaggle/input/datasets/tawsifurrahman/covid19-radiography-database/COVID-19_Radiography_Dataset/Lung_Opacity/images/Lung_Opacity-2667.png,Lung_Opacity,Lung_Opacity,False,0.15676817297935486,0.07818426936864853,False,0.07879695296287537,False
793,/kaggle/input/datasets/tawsifurrahman/covid19-radiography-database/COVID-19_Radiography_Dataset/Lung_Opacity/images/Lung_Opacity-2669.png,Lung_Opacity,Lung_Opacity,False,0.1897321343421936,0.06422094255685806,False,0.06426345556974411,False
794,/kaggle/input/datasets/tawsifurrahman/covid19-radiography-database/COVID-19_Radiography_Dataset/Lung_Opacity/images/Lung_Opacity-2670.png,Lung_Opacity,Lung_Opacity,False,0.23335857689380646,0.08788574486970901,False,0.0880427211523056,False
795,/kaggle/input/datasets/tawsifurrahman/covid19-radiography-database/COVID-19_Radiography_Dataset/Lung_Opacity/images/Lung_Opacity-2672.png,Lung_Opacity,Lung_Opacity,False,0.17713648080825806,0.08229531347751617,False,0.08304917067289352,False
796,/kaggle/input/datasets/tawsifurrahman/covid19-radiography-database/COVID-19_Radiography_Dataset/Lung_Opacity/images/Lung_Opacity-269.png,Lung_Opacity,Lung_Opacity,True,0.1958107352256775,0.08819333463907242,False,0.08867959678173065,False
797,/kaggle/input/datasets/tawsifurrahman/covid19-radiography-database/COVID-19_Radiography_Dataset/Lung_Opacity/images/Lung_Opacity-2692.png,Lung_Opacity,Lung_Opacity,False,0.2945232689380646,0.1479228436946869,False,0.1493036150932312,False
798,/kaggle/input/datasets/tawsifurrahman/covid19-radiography-database/COVID-19_Radiography_Dataset/Lung_Opacity/images/Lung_Opacity-2695.png,Lung_Opacity,Lung_Opacity,False,0.22114157676696777,0.09378548711538315,False,0.09409129619598389,False
799,/kaggle/input/datasets/tawsifurrahman/covid19-radiography-database/COVID-19_Radiography_Dataset/Lung_Opacity/images/Lung_Opacity-270.png,Lung_Opacity,Lung_Opacity,True,0.2550223171710968,0.1110004261136055,False,0.11151272803544998,False
800,/kaggle/input/datasets/tawsifurrahman/covid19-radiography-database/COVID-19_Radiography_Dataset/Lung_Opacity/images/Lung_Opacity-2710.png,Lung_Opacity,Lung_Opacity,False,0.21988599002361298,0.09813938289880753,False,0.09801207482814789,False
801,/kaggle/input/datasets/tawsifurrahman/covid19-radiography-database/COVID-19_Radiography_Dataset/Lung_Opacity/images/Lung_Opacity-2711.png,Lung_Opacity,Normal,True,0.2668805718421936,0.15148240327835083,False,0.1517450362443924,False
802,/kaggle/input/datasets/tawsifurrahman/covid19-radiography-database/COVID-19_Radiography_Dataset/Lung_Opacity/images/Lung_Opacity-2717.png,Lung_Opacity,Lung_Opacity,False,0.18042489886283875,0.08233864605426788,False,0.08274322748184204,False
803,/kaggle/input/datasets/tawsifurrahman/covid19-radiography-database/COVID-19_Radiography_Dataset/Lung_Opacity/images/Lung_Opacity-2719.png,Lung_Opacity,Lung_Opacity,True,0.18181999027729034,0.06361529976129532,False,0.0643748939037323,False
804,/kaggle/input/datasets/tawsifurrahman/covid19-radiography-database/COVID-19_Radiography_Dataset/Lung_Opacity/images/Lung_Opacity-2730.png,Lung_Opacity,Lung_Opacity,True,0.1725725382566452,0.0467383973300457,False,0.04656397923827171,False
805,/kaggle/input/datasets/tawsifurrahman/covid19-radiography-database/COVID-19_Radiography_Dataset/Lung_Opacity/images/Lung_Opacity-2738.png,Lung_Opacity,Lung_Opacity,True,0.22602438926696777,0.07029690593481064,False,0.0707201287150383,False
806,/kaggle/input/datasets/tawsifurrahman/covid19-radiography-database/COVID-19_Radiography_Dataset/Lung_Opacity/images/Lung_Opacity-2743.png,Lung_Opacity,Lung_Opacity,False,0.1510881632566452,0.04770418256521225,False,0.04824007302522659,False
807,/kaggle/input/datasets/tawsifurrahman/covid19-radiography-database/COVID-19_Radiography_Dataset/Lung_Opacity/images/Lung_Opacity-2744.png,Lung_Opacity,Lung_Opacity,True,0.17500397562980652,0.04873323440551758,False,0.04874173179268837,False
808,/kaggle/input/datasets/tawsifurrahman/covid19-radiography-database/COVID-19_Radiography_Dataset/Lung_Opacity/images/Lung_Opacity-2748.png,Lung_Opacity,Lung_Opacity,False,0.15519371628761292,0.05292070657014847,False,0.053311992436647415,False
809,/kaggle/input/datasets/tawsifurrahman/covid19-radiography-database/COVID-19_Radiography_Dataset/Lung_Opacity/images/Lung_Opacity-2759.png,Lung_Opacity,Lung_Opacity,False,0.27905771136283875,0.12222763150930405,False,0.12160032987594604,False
810,/kaggle/input/datasets/tawsifurrahman/covid19-radiography-database/COVID-19_Radiography_Dataset/Lung_Opacity/images/Lung_Opacity-276.png,Lung_Opacity,Lung_Opacity,True,0.13325095176696777,0.05101201310753822,False,0.05154998600482941,False
811,/kaggle/input/datasets/tawsifurrahman/covid19-radiography-database/COVID-19_Radiography_Dataset/Lung_Opacity/images/Lung_Opacity-2775.png,Lung_Opacity,Lung_Opacity,False,0.15298150479793549,0.04448651149868965,False,0.04470686614513397,False
812,/kaggle/input/datasets/tawsifurrahman/covid19-radiography-database/COVID-19_Radiography_Dataset/Lung_Opacity/images/Lung_Opacity-2777.png,Lung_Opacity,Lung_Opacity,True,0.29671555757522583,0.1629338264465332,False,0.16344143450260162,False
813,/kaggle/input/datasets/tawsifurrahman/covid19-radiography-database/COVID-19_Radiography_Dataset/Lung_Opacity/images/Lung_Opacity-2779.png,Lung_Opacity,Normal,True,0.24368223547935486,0.09503959864377975,False,0.09532022476196289,False
814,/kaggle/input/datasets/tawsifurrahman/covid19-radiography-database/COVID-19_Radiography_Dataset/Lung_Opacity/images/Lung_Opacity-2787.png,Lung_Opacity,Lung_Opacity,False,0.15874122083187103,0.06277787685394287,False,0.06291797757148743,False
815,/kaggle/input/datasets/tawsifurrahman/covid19-radiography-database/COVID-19_Radiography_Dataset/Lung_Opacity/images/Lung_Opacity-2788.png,Lung_Opacity,Lung_Opacity,False,0.2726801633834839,0.13128726184368134,False,0.13135886192321777,False
816,/kaggle/input/datasets/tawsifurrahman/covid19-radiography-database/COVID-19_Radiography_Dataset/Lung_Opacity/images/Lung_Opacity-2796.png,Lung_Opacity,Lung_Opacity,False,0.16994179785251617,0.11925239861011505,False,0.11906720697879791,False
817,/kaggle/input/datasets/tawsifurrahman/covid19-radiography-database/COVID-19_Radiography_Dataset/Lung_Opacity/images/Lung_Opacity-280.png,Lung_Opacity,Lung_Opacity,True,0.19876036047935486,0.05868780240416527,False,0.058799516409635544,False
818,/kaggle/input/datasets/tawsifurrahman/covid19-radiography-database/COVID-19_Radiography_Dataset/Lung_Opacity/images/Lung_Opacity-2801.png,Lung_Opacity,Lung_Opacity,False,0.18801817297935486,0.06480838358402252,False,0.06474126875400543,False
819,/kaggle/input/datasets/tawsifurrahman/covid19-radiography-database/COVID-19_Radiography_Dataset/Lung_Opacity/images/Lung_Opacity-2808.png,Lung_Opacity,Lung_Opacity,True,0.17908960580825806,0.06816145777702332,False,0.0689987987279892,False
820,/kaggle/input/datasets/tawsifurrahman/covid19-radiography-database/COVID-19_Radiography_Dataset/Lung_Opacity/images/Lung_Opacity-2814.png,Lung_Opacity,Lung_Opacity,False,0.14574696123600006,0.07929535210132599,False,0.08138792961835861,False
821,/kaggle/input/datasets/tawsifurrahman/covid19-radiography-database/COVID-19_Radiography_Dataset/Lung_Opacity/images/Lung_Opacity-2828.png,Lung_Opacity,COVID,True,0.23307955265045166,0.102919802069664,False,0.103935107588768,False
822,/kaggle/input/datasets/tawsifurrahman/covid19-radiography-database/COVID-19_Radiography_Dataset/Lung_Opacity/images/Lung_Opacity-2832.png,Lung_Opacity,Lung_Opacity,False,0.207868292927742,0.08630207180976868,False,0.08656278252601624,False
823,/kaggle/input/datasets/tawsifurrahman/covid19-radiography-database/COVID-19_Radiography_Dataset/Lung_Opacity/images/Lung_Opacity-2833.png,Lung_Opacity,Lung_Opacity,False,0.15650908648967743,0.06587691605091095,False,0.06690297275781631,False
824,/kaggle/input/datasets/tawsifurrahman/covid19-radiography-database/COVID-19_Radiography_Dataset/Lung_Opacity/images/Lung_Opacity-2836.png,Lung_Opacity,Lung_Opacity,False,0.25079718232154846,0.1267836093902588,False,0.1275317668914795,False
825,/kaggle/input/datasets/tawsifurrahman/covid19-radiography-database/COVID-19_Radiography_Dataset/Lung_Opacity/images/Lung_Opacity-2846.png,Lung_Opacity,Lung_Opacity,True,0.22941246628761292,0.12263236194849014,False,0.12289246916770935,False
826,/kaggle/input/datasets/tawsifurrahman/covid19-radiography-database/COVID-19_Radiography_Dataset/Lung_Opacity/images/Lung_Opacity-2852.png,Lung_Opacity,Lung_Opacity,True,0.2448979616165161,0.13420690596103668,False,0.13417766988277435,False
827,/kaggle/input/datasets/tawsifurrahman/covid19-radiography-database/COVID-19_Radiography_Dataset/Lung_Opacity/images/Lung_Opacity-2860.png,Lung_Opacity,Lung_Opacity,False,0.20679208636283875,0.07995441555976868,False,0.08097795397043228,False
828,/kaggle/input/datasets/tawsifurrahman/covid19-radiography-database/COVID-19_Radiography_Dataset/Lung_Opacity/images/Lung_Opacity-2866.png,Lung_Opacity,Lung_Opacity,False,0.31558912992477417,0.1514800786972046,False,0.15205655992031097,False
829,/kaggle/input/datasets/tawsifurrahman/covid19-radiography-database/COVID-19_Radiography_Dataset/Lung_Opacity/images/Lung_Opacity-287.png,Lung_Opacity,Lung_Opacity,False,0.15609055757522583,0.060428835451602936,False,0.060724418610334396,False
830,/kaggle/input/datasets/tawsifurrahman/covid19-radiography-database/COVID-19_Radiography_Dataset/Lung_Opacity/images/Lung_Opacity-2872.png,Lung_Opacity,Lung_Opacity,False,0.1679089516401291,0.07609032839536667,False,0.07732430845499039,False
831,/kaggle/input/datasets/tawsifurrahman/covid19-radiography-database/COVID-19_Radiography_Dataset/Lung_Opacity/images/Lung_Opacity-2883.png,Lung_Opacity,Lung_Opacity,True,0.14158162474632263,0.03998403251171112,False,0.04010067880153656,False
832,/kaggle/input/datasets/tawsifurrahman/covid19-radiography-database/COVID-19_Radiography_Dataset/Lung_Opacity/images/Lung_Opacity-289.png,Lung_Opacity,Normal,False,0.24499760568141937,0.1544649302959442,False,0.15369927883148193,False
833,/kaggle/input/datasets/tawsifurrahman/covid19-radiography-database/COVID-19_Radiography_Dataset/Lung_Opacity/images/Lung_Opacity-2890.png,Lung_Opacity,Lung_Opacity,False,0.2677973508834839,0.12330848723649979,False,0.12396569550037384,False
834,/kaggle/input/datasets/tawsifurrahman/covid19-radiography-database/COVID-19_Radiography_Dataset/Lung_Opacity/images/Lung_Opacity-2904.png,Lung_Opacity,Lung_Opacity,False,0.17791374027729034,0.08727427572011948,False,0.08842006325721741,False
835,/kaggle/input/datasets/tawsifurrahman/covid19-radiography-database/COVID-19_Radiography_Dataset/Lung_Opacity/images/Lung_Opacity-2907.png,Lung_Opacity,Lung_Opacity,False,0.17580117285251617,0.0751362070441246,False,0.07582440972328186,False
836,/kaggle/input/datasets/tawsifurrahman/covid19-radiography-database/COVID-19_Radiography_Dataset/Lung_Opacity/images/Lung_Opacity-291.png,Lung_Opacity,Normal,False,0.2647281587123871,0.14377275109291077,False,0.1438973844051361,False
837,/kaggle/input/datasets/tawsifurrahman/covid19-radiography-database/COVID-19_Radiography_Dataset/Lung_Opacity/images/Lung_Opacity-2920.png,Lung_Opacity,Lung_Opacity,False,0.27345743775367737,0.16789737343788147,False,0.16828827559947968,False
838,/kaggle/input/datasets/tawsifurrahman/covid19-radiography-database/COVID-19_Radiography_Dataset/Lung_Opacity/images/Lung_Opacity-2928.png,Lung_Opacity,Normal,False,0.25233179330825806,0.08743172138929367,False,0.08800585567951202,False
839,/kaggle/input/datasets/tawsifurrahman/covid19-radiography-database/COVID-19_Radiography_Dataset/Lung_Opacity/images/Lung_Opacity-2932.png,Lung_Opacity,Lung_Opacity,True,0.33402422070503235,0.18974831700325012,False,0.19020704925060272,False
840,/kaggle/input/datasets/tawsifurrahman/covid19-radiography-database/COVID-19_Radiography_Dataset/Lung_Opacity/images/Lung_Opacity-2935.png,Lung_Opacity,Lung_Opacity,False,0.21388711035251617,0.08898524940013885,False,0.08976051956415176,False
841,/kaggle/input/datasets/tawsifurrahman/covid19-radiography-database/COVID-19_Radiography_Dataset/Lung_Opacity/images/Lung_Opacity-2937.png,Lung_Opacity,Lung_Opacity,False,0.21781329810619354,0.08146605640649796,False,0.08131873607635498,False
842,/kaggle/input/datasets/tawsifurrahman/covid19-radiography-database/COVID-19_Radiography_Dataset/Lung_Opacity/images/Lung_Opacity-294.png,Lung_Opacity,Lung_Opacity,False,0.18423150479793549,0.13898351788520813,False,0.14004217088222504,False
843,/kaggle/input/datasets/tawsifurrahman/covid19-radiography-database/COVID-19_Radiography_Dataset/Lung_Opacity/images/Lung_Opacity-2941.png,Lung_Opacity,Lung_Opacity,False,0.15900032222270966,0.07333162426948547,False,0.07293356955051422,False
844,/kaggle/input/datasets/tawsifurrahman/covid19-radiography-database/COVID-19_Radiography_Dataset/Lung_Opacity/images/Lung_Opacity-2958.png,Lung_Opacity,Normal,False,0.21496333181858063,0.0931677594780922,False,0.0933888629078865,False
845,/kaggle/input/datasets/tawsifurrahman/covid19-radiography-database/COVID-19_Radiography_Dataset/Lung_Opacity/images/Lung_Opacity-2960.png,Lung_Opacity,Lung_Opacity,True,0.178571417927742,0.06276154518127441,False,0.06289464235305786,False
846,/kaggle/input/datasets/tawsifurrahman/covid19-radiography-database/COVID-19_Radiography_Dataset/Lung_Opacity/images/Lung_Opacity-2967.png,Lung_Opacity,Normal,False,0.2897002398967743,0.11908448487520218,False,0.11897694319486618,False
847,/kaggle/input/datasets/tawsifurrahman/covid19-radiography-database/COVID-19_Radiography_Dataset/Lung_Opacity/images/Lung_Opacity-2968.png,Lung_Opacity,Normal,False,0.35347574949264526,0.20943649113178253,False,0.2098475694656372,False
848,/kaggle/input/datasets/tawsifurrahman/covid19-radiography-database/COVID-19_Radiography_Dataset/Lung_Opacity/images/Lung_Opacity-2969.png,Lung_Opacity,Lung_Opacity,True,0.23345822095870972,0.11810173094272614,False,0.11861928552389145,False
849,/kaggle/input/datasets/tawsifurrahman/covid19-radiography-database/COVID-19_Radiography_Dataset/Lung_Opacity/images/Lung_Opacity-2977.png,Lung_Opacity,Lung_Opacity,False,0.2628946006298065,0.13373658061027527,False,0.13431960344314575,False
850,/kaggle/input/datasets/tawsifurrahman/covid19-radiography-database/COVID-19_Radiography_Dataset/Lung_Opacity/images/Lung_Opacity-2985.png,Lung_Opacity,Lung_Opacity,False,0.1554129421710968,0.09211995452642441,False,0.09343694150447845,False
851,/kaggle/input/datasets/tawsifurrahman/covid19-radiography-database/COVID-19_Radiography_Dataset/Lung_Opacity/images/Lung_Opacity-2986.png,Lung_Opacity,Lung_Opacity,True,0.30829480290412903,0.16154535114765167,False,0.1619047224521637,False
852,/kaggle/input/datasets/tawsifurrahman/covid19-radiography-database/COVID-19_Radiography_Dataset/Lung_Opacity/images/Lung_Opacity-2995.png,Lung_Opacity,Lung_Opacity,False,0.1810227930545807,0.07176342606544495,False,0.07218662649393082,False
853,/kaggle/input/datasets/tawsifurrahman/covid19-radiography-database/COVID-19_Radiography_Dataset/Lung_Opacity/images/Lung_Opacity-300.png,Lung_Opacity,Normal,False,0.25386637449264526,0.11553376913070679,False,0.11596447229385376,False
854,/kaggle/input/datasets/tawsifurrahman/covid19-radiography-database/COVID-19_Radiography_Dataset/Lung_Opacity/images/Lung_Opacity-3005.png,Lung_Opacity,Lung_Opacity,True,0.2631935477256775,0.11328093707561493,False,0.11424233764410019,False
855,/kaggle/input/datasets/tawsifurrahman/covid19-radiography-database/COVID-19_Radiography_Dataset/Lung_Opacity/images/Lung_Opacity-3016.png,Lung_Opacity,Lung_Opacity,True,0.2093431055545807,0.06609006226062775,False,0.06616636365652084,False
856,/kaggle/input/datasets/tawsifurrahman/covid19-radiography-database/COVID-19_Radiography_Dataset/Lung_Opacity/images/Lung_Opacity-303.png,Lung_Opacity,Lung_Opacity,False,0.27668607234954834,0.12872622907161713,False,0.12949441373348236,False
857,/kaggle/input/datasets/tawsifurrahman/covid19-radiography-database/COVID-19_Radiography_Dataset/Lung_Opacity/images/Lung_Opacity-3030.png,Lung_Opacity,Lung_Opacity,False,0.15369898080825806,0.09247875213623047,False,0.09286738932132721,False
858,/kaggle/input/datasets/tawsifurrahman/covid19-radiography-database/COVID-19_Radiography_Dataset/Lung_Opacity/images/Lung_Opacity-3031.png,Lung_Opacity,Normal,True,0.21384724974632263,0.1146073266863823,False,0.11567682027816772,False
859,/kaggle/input/datasets/tawsifurrahman/covid19-radiography-database/COVID-19_Radiography_Dataset/Lung_Opacity/images/Lung_Opacity-3048.png,Lung_Opacity,Lung_Opacity,False,0.21821188926696777,0.09502465277910233,False,0.09568117558956146,False
860,/kaggle/input/datasets/tawsifurrahman/covid19-radiography-database/COVID-19_Radiography_Dataset/Lung_Opacity/images/Lung_Opacity-3063.png,Lung_Opacity,Lung_Opacity,False,0.14825813472270966,0.045222606509923935,False,0.04526287689805031,False
861,/kaggle/input/datasets/tawsifurrahman/covid19-radiography-database/COVID-19_Radiography_Dataset/Lung_Opacity/images/Lung_Opacity-3073.png,Lung_Opacity,Lung_Opacity,False,0.16926418244838715,0.05566002428531647,False,0.056064095348119736,False
862,/kaggle/input/datasets/tawsifurrahman/covid19-radiography-database/COVID-19_Radiography_Dataset/Lung_Opacity/images/Lung_Opacity-3076.png,Lung_Opacity,Lung_Opacity,False,0.1760004758834839,0.07143858820199966,False,0.07282326370477676,False
863,/kaggle/input/datasets/tawsifurrahman/covid19-radiography-database/COVID-19_Radiography_Dataset/Lung_Opacity/images/Lung_Opacity-3095.png,Lung_Opacity,Lung_Opacity,False,0.19886000454425812,0.08313094824552536,False,0.08458339422941208,False
864,/kaggle/input/datasets/tawsifurrahman/covid19-radiography-database/COVID-19_Radiography_Dataset/Lung_Opacity/images/Lung_Opacity-31.png,Lung_Opacity,Lung_Opacity,True,0.17942841351032257,0.07132714986801147,False,0.07178189605474472,False
865,/kaggle/input/datasets/tawsifurrahman/covid19-radiography-database/COVID-19_Radiography_Dataset/Lung_Opacity/images/Lung_Opacity-3103.png,Lung_Opacity,Lung_Opacity,False,0.2248883843421936,0.09618568420410156,False,0.09713134914636612,False
866,/kaggle/input/datasets/tawsifurrahman/covid19-radiography-database/COVID-19_Radiography_Dataset/Lung_Opacity/images/Lung_Opacity-3109.png,Lung_Opacity,Lung_Opacity,True,0.18965241312980652,0.06387338042259216,False,0.06418414413928986,False
867,/kaggle/input/datasets/tawsifurrahman/covid19-radiography-database/COVID-19_Radiography_Dataset/Lung_Opacity/images/Lung_Opacity-3110.png,Lung_Opacity,Lung_Opacity,False,0.1994379758834839,0.07448024302721024,False,0.074436716735363,False
868,/kaggle/input/datasets/tawsifurrahman/covid19-radiography-database/COVID-19_Radiography_Dataset/Lung_Opacity/images/Lung_Opacity-3112.png,Lung_Opacity,Lung_Opacity,False,0.22680164873600006,0.09608156979084015,False,0.09652572125196457,False
869,/kaggle/input/datasets/tawsifurrahman/covid19-radiography-database/COVID-19_Radiography_Dataset/Lung_Opacity/images/Lung_Opacity-3121.png,Lung_Opacity,Lung_Opacity,False,0.21633848547935486,0.09013711661100388,False,0.09322559088468552,False
870,/kaggle/input/datasets/tawsifurrahman/covid19-radiography-database/COVID-19_Radiography_Dataset/Lung_Opacity/images/Lung_Opacity-3131.png,Lung_Opacity,Lung_Opacity,False,0.29013869166374207,0.16344328224658966,False,0.16438579559326172,False
871,/kaggle/input/datasets/tawsifurrahman/covid19-radiography-database/COVID-19_Radiography_Dataset/Lung_Opacity/images/Lung_Opacity-3139.png,Lung_Opacity,Lung_Opacity,False,0.24892377853393555,0.11092928051948547,False,0.11123865842819214,False
872,/kaggle/input/datasets/tawsifurrahman/covid19-radiography-database/COVID-19_Radiography_Dataset/Lung_Opacity/images/Lung_Opacity-3142.png,Lung_Opacity,Lung_Opacity,False,0.17133688926696777,0.057361237704753876,False,0.057184748351573944,False
873,/kaggle/input/datasets/tawsifurrahman/covid19-radiography-database/COVID-19_Radiography_Dataset/Lung_Opacity/images/Lung_Opacity-3146.png,Lung_Opacity,Lung_Opacity,False,0.21653778851032257,0.1211288794875145,False,0.1215357854962349,False
874,/kaggle/input/datasets/tawsifurrahman/covid19-radiography-database/COVID-19_Radiography_Dataset/Lung_Opacity/images/Lung_Opacity-3156.png,Lung_Opacity,Lung_Opacity,False,0.17498405277729034,0.06510620564222336,False,0.06519065052270889,False
875,/kaggle/input/datasets/tawsifurrahman/covid19-radiography-database/COVID-19_Radiography_Dataset/Lung_Opacity/images/Lung_Opacity-3157.png,Lung_Opacity,Lung_Opacity,False,0.24451929330825806,0.0811224952340126,False,0.08141471445560455,False
876,/kaggle/input/datasets/tawsifurrahman/covid19-radiography-database/COVID-19_Radiography_Dataset/Lung_Opacity/images/Lung_Opacity-3160.png,Lung_Opacity,Lung_Opacity,False,0.17861127853393555,0.059951987117528915,False,0.06024664267897606,False
877,/kaggle/input/datasets/tawsifurrahman/covid19-radiography-database/COVID-19_Radiography_Dataset/Lung_Opacity/images/Lung_Opacity-3169.png,Lung_Opacity,Lung_Opacity,True,0.25081712007522583,0.10253527015447617,False,0.103106789290905,False
878,/kaggle/input/datasets/tawsifurrahman/covid19-radiography-database/COVID-19_Radiography_Dataset/Lung_Opacity/images/Lung_Opacity-3172.png,Lung_Opacity,Lung_Opacity,False,0.14004702866077423,0.04198714345693588,False,0.042055051773786545,False
879,/kaggle/input/datasets/tawsifurrahman/covid19-radiography-database/COVID-19_Radiography_Dataset/Lung_Opacity/images/Lung_Opacity-3187.png,Lung_Opacity,Lung_Opacity,True,0.09422831237316132,0.028731953352689743,False,0.028866399079561234,False
880,/kaggle/input/datasets/tawsifurrahman/covid19-radiography-database/COVID-19_Radiography_Dataset/Lung_Opacity/images/Lung_Opacity-3188.png,Lung_Opacity,Lung_Opacity,False,0.24872449040412903,0.08733069896697998,False,0.08754033595323563,False
881,/kaggle/input/datasets/tawsifurrahman/covid19-radiography-database/COVID-19_Radiography_Dataset/Lung_Opacity/images/Lung_Opacity-3189.png,Lung_Opacity,Lung_Opacity,True,0.1467633843421936,0.03622141480445862,False,0.036166734993457794,False
882,/kaggle/input/datasets/tawsifurrahman/covid19-radiography-database/COVID-19_Radiography_Dataset/Lung_Opacity/images/Lung_Opacity-319.png,Lung_Opacity,Normal,True,0.19565130770206451,0.0880240947008133,False,0.08861400187015533,False
883,/kaggle/input/datasets/tawsifurrahman/covid19-radiography-database/COVID-19_Radiography_Dataset/Lung_Opacity/images/Lung_Opacity-3195.png,Lung_Opacity,Lung_Opacity,False,0.23608896136283875,0.09580953419208527,False,0.09615106880664825,False
884,/kaggle/input/datasets/tawsifurrahman/covid19-radiography-database/COVID-19_Radiography_Dataset/Lung_Opacity/images/Lung_Opacity-32.png,Lung_Opacity,Lung_Opacity,True,0.1722337305545807,0.0889228954911232,False,0.0894278809428215,False
885,/kaggle/input/datasets/tawsifurrahman/covid19-radiography-database/COVID-19_Radiography_Dataset/Lung_Opacity/images/Lung_Opacity-3201.png,Lung_Opacity,Lung_Opacity,False,0.1790696680545807,0.044446345418691635,False,0.04459376633167267,False
886,/kaggle/input/datasets/tawsifurrahman/covid19-radiography-database/COVID-19_Radiography_Dataset/Lung_Opacity/images/Lung_Opacity-3204.png,Lung_Opacity,Lung_Opacity,True,0.2852359712123871,0.1635812669992447,False,0.16597504913806915,False
887,/kaggle/input/datasets/tawsifurrahman/covid19-radiography-database/COVID-19_Radiography_Dataset/Lung_Opacity/images/Lung_Opacity-3218.png,Lung_Opacity,Lung_Opacity,False,0.2771444320678711,0.11493541300296783,False,0.11568912118673325,False
888,/kaggle/input/datasets/tawsifurrahman/covid19-radiography-database/COVID-19_Radiography_Dataset/Lung_Opacity/images/Lung_Opacity-3219.png,Lung_Opacity,Normal,True,0.25556042790412903,0.12325777113437653,False,0.1244686022400856,False
889,/kaggle/input/datasets/tawsifurrahman/covid19-radiography-database/COVID-19_Radiography_Dataset/Lung_Opacity/images/Lung_Opacity-3228.png,Lung_Opacity,Lung_Opacity,False,0.1965680718421936,0.07288575917482376,False,0.0750163272023201,False
890,/kaggle/input/datasets/tawsifurrahman/covid19-radiography-database/COVID-19_Radiography_Dataset/Lung_Opacity/images/Lung_Opacity-3249.png,Lung_Opacity,Lung_Opacity,False,0.2531489133834839,0.1280401349067688,False,0.12966087460517883,False
891,/kaggle/input/datasets/tawsifurrahman/covid19-radiography-database/COVID-19_Radiography_Dataset/Lung_Opacity/images/Lung_Opacity-325.png,Lung_Opacity,Normal,False,0.16472017765045166,0.07198243588209152,False,0.07320516556501389,False
892,/kaggle/input/datasets/tawsifurrahman/covid19-radiography-database/COVID-19_Radiography_Dataset/Lung_Opacity/images/Lung_Opacity-3253.png,Lung_Opacity,Lung_Opacity,True,0.18341438472270966,0.09777546674013138,False,0.09783843159675598,False
893,/kaggle/input/datasets/tawsifurrahman/covid19-radiography-database/COVID-19_Radiography_Dataset/Lung_Opacity/images/Lung_Opacity-3254.png,Lung_Opacity,Lung_Opacity,True,0.21139588952064514,0.0810631811618805,False,0.08184374123811722,False
894,/kaggle/input/datasets/tawsifurrahman/covid19-radiography-database/COVID-19_Radiography_Dataset/Lung_Opacity/images/Lung_Opacity-3270.png,Lung_Opacity,Lung_Opacity,False,0.197265625,0.07659316807985306,False,0.07651976495981216,False
895,/kaggle/input/datasets/tawsifurrahman/covid19-radiography-database/COVID-19_Radiography_Dataset/Lung_Opacity/images/Lung_Opacity-3271.png,Lung_Opacity,Lung_Opacity,True,0.21055883169174194,0.09469812363386154,False,0.09500972181558609,False
896,/kaggle/input/datasets/tawsifurrahman/covid19-radiography-database/COVID-19_Radiography_Dataset/Lung_Opacity/images/Lung_Opacity-3286.png,Lung_Opacity,Lung_Opacity,False,0.15126752853393555,0.0881594717502594,False,0.08685396611690521,False
897,/kaggle/input/datasets/tawsifurrahman/covid19-radiography-database/COVID-19_Radiography_Dataset/Lung_Opacity/images/Lung_Opacity-3299.png,Lung_Opacity,Lung_Opacity,False,0.22239716351032257,0.08657699823379517,False,0.08715169131755829,False
898,/kaggle/input/datasets/tawsifurrahman/covid19-radiography-database/COVID-19_Radiography_Dataset/Lung_Opacity/images/Lung_Opacity-3301.png,Lung_Opacity,Lung_Opacity,True,0.3827327787876129,0.21343162655830383,False,0.21344099938869476,False
899,/kaggle/input/datasets/tawsifurrahman/covid19-radiography-database/COVID-19_Radiography_Dataset/Lung_Opacity/images/Lung_Opacity-3307.png,Lung_Opacity,Lung_Opacity,False,0.3071388602256775,0.18070033192634583,False,0.1805955022573471,False
900,/kaggle/input/datasets/tawsifurrahman/covid19-radiography-database/COVID-19_Radiography_Dataset/Lung_Opacity/images/Lung_Opacity-3308.png,Lung_Opacity,Lung_Opacity,False,0.17847177386283875,0.07818430662155151,False,0.08035428076982498,False
901,/kaggle/input/datasets/tawsifurrahman/covid19-radiography-database/COVID-19_Radiography_Dataset/Lung_Opacity/images/Lung_Opacity-3324.png,Lung_Opacity,Normal,False,0.1252790093421936,0.0562945157289505,False,0.05757678300142288,False
902,/kaggle/input/datasets/tawsifurrahman/covid19-radiography-database/COVID-19_Radiography_Dataset/Lung_Opacity/images/Lung_Opacity-3327.png,Lung_Opacity,Normal,False,0.1272321343421936,0.048120010644197464,False,0.048167869448661804,False
903,/kaggle/input/datasets/tawsifurrahman/covid19-radiography-database/COVID-19_Radiography_Dataset/Lung_Opacity/images/Lung_Opacity-3339.png,Lung_Opacity,Lung_Opacity,False,0.22857540845870972,0.1280900239944458,False,0.12909257411956787,False
904,/kaggle/input/datasets/tawsifurrahman/covid19-radiography-database/COVID-19_Radiography_Dataset/Lung_Opacity/images/Lung_Opacity-3345.png,Lung_Opacity,Lung_Opacity,False,0.17189492285251617,0.09261312335729599,False,0.09277685731649399,False
905,/kaggle/input/datasets/tawsifurrahman/covid19-radiography-database/COVID-19_Radiography_Dataset/Lung_Opacity/images/Lung_Opacity-3353.png,Lung_Opacity,Normal,False,0.1948939710855484,0.09713143110275269,False,0.09842099994421005,False
906,/kaggle/input/datasets/tawsifurrahman/covid19-radiography-database/COVID-19_Radiography_Dataset/Lung_Opacity/images/Lung_Opacity-3358.png,Lung_Opacity,Lung_Opacity,False,0.1642817258834839,0.057877857238054276,False,0.0576331652700901,False
907,/kaggle/input/datasets/tawsifurrahman/covid19-radiography-database/COVID-19_Radiography_Dataset/Lung_Opacity/images/Lung_Opacity-3360.png,Lung_Opacity,Normal,True,0.19626912474632263,0.06828027963638306,False,0.0685589537024498,False
908,/kaggle/input/datasets/tawsifurrahman/covid19-radiography-database/COVID-19_Radiography_Dataset/Lung_Opacity/images/Lung_Opacity-3369.png,Lung_Opacity,Lung_Opacity,False,0.1736088991165161,0.04898795112967491,False,0.04923078045248985,False
909,/kaggle/input/datasets/tawsifurrahman/covid19-radiography-database/COVID-19_Radiography_Dataset/Lung_Opacity/images/Lung_Opacity-3370.png,Lung_Opacity,Lung_Opacity,False,0.1623286008834839,0.09404271841049194,False,0.09482499957084656,False
910,/kaggle/input/datasets/tawsifurrahman/covid19-radiography-database/COVID-19_Radiography_Dataset/Lung_Opacity/images/Lung_Opacity-338.png,Lung_Opacity,Lung_Opacity,False,0.15864157676696777,0.0465884804725647,False,0.04618188366293907,False
911,/kaggle/input/datasets/tawsifurrahman/covid19-radiography-database/COVID-19_Radiography_Dataset/Lung_Opacity/images/Lung_Opacity-3386.png,Lung_Opacity,Lung_Opacity,True,0.2237723171710968,0.07978460937738419,False,0.07950375229120255,False
912,/kaggle/input/datasets/tawsifurrahman/covid19-radiography-database/COVID-19_Radiography_Dataset/Lung_Opacity/images/Lung_Opacity-3389.png,Lung_Opacity,Lung_Opacity,False,0.06383530050516129,0.06380165368318558,False,0.0678907036781311,False
913,/kaggle/input/datasets/tawsifurrahman/covid19-radiography-database/COVID-19_Radiography_Dataset/Lung_Opacity/images/Lung_Opacity-3393.png,Lung_Opacity,Lung_Opacity,False,0.29308831691741943,0.16475661098957062,False,0.16604213416576385,False
914,/kaggle/input/datasets/tawsifurrahman/covid19-radiography-database/COVID-19_Radiography_Dataset/Lung_Opacity/images/Lung_Opacity-3394.png,Lung_Opacity,Normal,False,0.3034518361091614,0.1612582951784134,False,0.16163131594657898,False
915,/kaggle/input/datasets/tawsifurrahman/covid19-radiography-database/COVID-19_Radiography_Dataset/Lung_Opacity/images/Lung_Opacity-3395.png,Lung_Opacity,Lung_Opacity,False,0.16555723547935486,0.10989685356616974,False,0.1097225621342659,False
916,/kaggle/input/datasets/tawsifurrahman/covid19-radiography-database/COVID-19_Radiography_Dataset/Lung_Opacity/images/Lung_Opacity-3399.png,Lung_Opacity,Lung_Opacity,True,0.19148597121238708,0.10263267904520035,False,0.10522205382585526,False
917,/kaggle/input/datasets/tawsifurrahman/covid19-radiography-database/COVID-19_Radiography_Dataset/Lung_Opacity/images/Lung_Opacity-3408.png,Lung_Opacity,Lung_Opacity,False,0.18714125454425812,0.12931959331035614,False,0.13183322548866272,False
918,/kaggle/input/datasets/tawsifurrahman/covid19-radiography-database/COVID-19_Radiography_Dataset/Lung_Opacity/images/Lung_Opacity-341.png,Lung_Opacity,Lung_Opacity,False,0.2094029039144516,0.09164625406265259,False,0.0919787734746933,False
919,/kaggle/input/datasets/tawsifurrahman/covid19-radiography-database/COVID-19_Radiography_Dataset/Lung_Opacity/images/Lung_Opacity-342.png,Lung_Opacity,Lung_Opacity,True,0.3442482352256775,0.20584861934185028,False,0.20636993646621704,False
920,/kaggle/input/datasets/tawsifurrahman/covid19-radiography-database/COVID-19_Radiography_Dataset/Lung_Opacity/images/Lung_Opacity-3425.png,Lung_Opacity,Lung_Opacity,False,0.29097574949264526,0.145420104265213,False,0.14637655019760132,False
921,/kaggle/input/datasets/tawsifurrahman/covid19-radiography-database/COVID-19_Radiography_Dataset/Lung_Opacity/images/Lung_Opacity-3436.png,Lung_Opacity,Lung_Opacity,True,0.1761399805545807,0.062126144766807556,False,0.06296204775571823,False
922,/kaggle/input/datasets/tawsifurrahman/covid19-radiography-database/COVID-19_Radiography_Dataset/Lung_Opacity/images/Lung_Opacity-3449.png,Lung_Opacity,Lung_Opacity,True,0.1810227930545807,0.09167888015508652,False,0.0913405641913414,False
923,/kaggle/input/datasets/tawsifurrahman/covid19-radiography-database/COVID-19_Radiography_Dataset/Lung_Opacity/images/Lung_Opacity-3453.png,Lung_Opacity,Lung_Opacity,False,0.18114237487316132,0.06483792513608932,False,0.0656718835234642,False
924,/kaggle/input/datasets/tawsifurrahman/covid19-radiography-database/COVID-19_Radiography_Dataset/Lung_Opacity/images/Lung_Opacity-3456.png,Lung_Opacity,Lung_Opacity,True,0.28694993257522583,0.12868982553482056,False,0.12866277992725372,False
925,/kaggle/input/datasets/tawsifurrahman/covid19-radiography-database/COVID-19_Radiography_Dataset/Lung_Opacity/images/Lung_Opacity-3468.png,Lung_Opacity,Lung_Opacity,False,0.29322782158851624,0.1141069084405899,False,0.11508593708276749,False
926,/kaggle/input/datasets/tawsifurrahman/covid19-radiography-database/COVID-19_Radiography_Dataset/Lung_Opacity/images/Lung_Opacity-3470.png,Lung_Opacity,Lung_Opacity,False,0.19240273535251617,0.07140053063631058,False,0.07142336666584015,False
927,/kaggle/input/datasets/tawsifurrahman/covid19-radiography-database/COVID-19_Radiography_Dataset/Lung_Opacity/images/Lung_Opacity-3473.png,Lung_Opacity,Lung_Opacity,False,0.1317761391401291,0.03839423507452011,False,0.0381864458322525,False
928,/kaggle/input/datasets/tawsifurrahman/covid19-radiography-database/COVID-19_Radiography_Dataset/Lung_Opacity/images/Lung_Opacity-3484.png,Lung_Opacity,Lung_Opacity,False,0.17297114431858063,0.052114058285951614,False,0.052105020731687546,False
929,/kaggle/input/datasets/tawsifurrahman/covid19-radiography-database/COVID-19_Radiography_Dataset/Lung_Opacity/images/Lung_Opacity-3486.png,Lung_Opacity,Lung_Opacity,False,0.24382174015045166,0.10875088721513748,False,0.10893512517213821,False
930,/kaggle/input/datasets/tawsifurrahman/covid19-radiography-database/COVID-19_Radiography_Dataset/Lung_Opacity/images/Lung_Opacity-3487.png,Lung_Opacity,Lung_Opacity,False,0.237165167927742,0.10959433019161224,False,0.10978258401155472,False
931,/kaggle/input/datasets/tawsifurrahman/covid19-radiography-database/COVID-19_Radiography_Dataset/Lung_Opacity/images/Lung_Opacity-3488.png,Lung_Opacity,Normal,False,0.37334582209587097,0.18479293584823608,False,0.18603147566318512,False
932,/kaggle/input/datasets/tawsifurrahman/covid19-radiography-database/COVID-19_Radiography_Dataset/Lung_Opacity/images/Lung_Opacity-3502.png,Lung_Opacity,Lung_Opacity,True,0.1974051296710968,0.061839766800403595,False,0.06281387805938721,False
933,/kaggle/input/datasets/tawsifurrahman/covid19-radiography-database/COVID-19_Radiography_Dataset/Lung_Opacity/images/Lung_Opacity-3503.png,Lung_Opacity,Lung_Opacity,False,0.21396683156490326,0.08906421810388565,False,0.08974579721689224,False
934,/kaggle/input/datasets/tawsifurrahman/covid19-radiography-database/COVID-19_Radiography_Dataset/Lung_Opacity/images/Lung_Opacity-3504.png,Lung_Opacity,Lung_Opacity,False,0.2672991156578064,0.12635010480880737,False,0.12619777023792267,False
935,/kaggle/input/datasets/tawsifurrahman/covid19-radiography-database/COVID-19_Radiography_Dataset/Lung_Opacity/images/Lung_Opacity-3505.png,Lung_Opacity,Lung_Opacity,False,0.20240752398967743,0.053968142718076706,False,0.053894396871328354,False
936,/kaggle/input/datasets/tawsifurrahman/covid19-radiography-database/COVID-19_Radiography_Dataset/Lung_Opacity/images/Lung_Opacity-3507.png,Lung_Opacity,Lung_Opacity,True,0.21384724974632263,0.07112312316894531,False,0.07160674780607224,False
937,/kaggle/input/datasets/tawsifurrahman/covid19-radiography-database/COVID-19_Radiography_Dataset/Lung_Opacity/images/Lung_Opacity-3508.png,Lung_Opacity,Lung_Opacity,False,0.2105189710855484,0.08040618151426315,False,0.08110757172107697,False
938,/kaggle/input/datasets/tawsifurrahman/covid19-radiography-database/COVID-19_Radiography_Dataset/Lung_Opacity/images/Lung_Opacity-3509.png,Lung_Opacity,Lung_Opacity,False,0.21564093232154846,0.08789847791194916,False,0.08803504705429077,False
939,/kaggle/input/datasets/tawsifurrahman/covid19-radiography-database/COVID-19_Radiography_Dataset/Lung_Opacity/images/Lung_Opacity-3517.png,Lung_Opacity,Lung_Opacity,False,0.20380261540412903,0.05591146647930145,False,0.056578729301691055,False
940,/kaggle/input/datasets/tawsifurrahman/covid19-radiography-database/COVID-19_Radiography_Dataset/Lung_Opacity/images/Lung_Opacity-3518.png,Lung_Opacity,Lung_Opacity,False,0.19240273535251617,0.08048487454652786,False,0.08096662163734436,False
941,/kaggle/input/datasets/tawsifurrahman/covid19-radiography-database/COVID-19_Radiography_Dataset/Lung_Opacity/images/Lung_Opacity-352.png,Lung_Opacity,Normal,True,0.24876435101032257,0.14215460419654846,False,0.14242763817310333,False
942,/kaggle/input/datasets/tawsifurrahman/covid19-radiography-database/COVID-19_Radiography_Dataset/Lung_Opacity/images/Lung_Opacity-3521.png,Lung_Opacity,Lung_Opacity,False,0.19495375454425812,0.12100743502378464,False,0.1206941306591034,False
943,/kaggle/input/datasets/tawsifurrahman/covid19-radiography-database/COVID-19_Radiography_Dataset/Lung_Opacity/images/Lung_Opacity-3522.png,Lung_Opacity,Lung_Opacity,False,0.2019292116165161,0.05494610220193863,False,0.055285174399614334,False
944,/kaggle/input/datasets/tawsifurrahman/covid19-radiography-database/COVID-19_Radiography_Dataset/Lung_Opacity/images/Lung_Opacity-3523.png,Lung_Opacity,Lung_Opacity,False,0.17608019709587097,0.1270383596420288,False,0.13061204552650452,False
945,/kaggle/input/datasets/tawsifurrahman/covid19-radiography-database/COVID-19_Radiography_Dataset/Lung_Opacity/images/Lung_Opacity-3524.png,Lung_Opacity,Lung_Opacity,True,0.24609375,0.07349767535924911,False,0.07481829077005386,False
946,/kaggle/input/datasets/tawsifurrahman/covid19-radiography-database/COVID-19_Radiography_Dataset/Lung_Opacity/images/Lung_Opacity-3528.png,Lung_Opacity,Lung_Opacity,False,0.20133130252361298,0.15213318169116974,False,0.15209650993347168,False
947,/kaggle/input/datasets/tawsifurrahman/covid19-radiography-database/COVID-19_Radiography_Dataset/Lung_Opacity/images/Lung_Opacity-3534.png,Lung_Opacity,Lung_Opacity,False,0.16844706237316132,0.07265128940343857,False,0.07321933656930923,False
948,/kaggle/input/datasets/tawsifurrahman/covid19-radiography-database/COVID-19_Radiography_Dataset/Lung_Opacity/images/Lung_Opacity-3544.png,Lung_Opacity,Lung_Opacity,False,0.12272799760103226,0.05170808732509613,False,0.0518026277422905,False
949,/kaggle/input/datasets/tawsifurrahman/covid19-radiography-database/COVID-19_Radiography_Dataset/Lung_Opacity/images/Lung_Opacity-3548.png,Lung_Opacity,Lung_Opacity,False,0.23022958636283875,0.12705419957637787,False,0.12993374466896057,False
950,/kaggle/input/datasets/tawsifurrahman/covid19-radiography-database/COVID-19_Radiography_Dataset/Lung_Opacity/images/Lung_Opacity-3552.png,Lung_Opacity,Lung_Opacity,False,0.27515146136283875,0.16158711910247803,False,0.1621924638748169,False
951,/kaggle/input/datasets/tawsifurrahman/covid19-radiography-database/COVID-19_Radiography_Dataset/Lung_Opacity/images/Lung_Opacity-3553.png,Lung_Opacity,Lung_Opacity,False,0.18516820669174194,0.11295688897371292,False,0.1133086308836937,False
952,/kaggle/input/datasets/tawsifurrahman/covid19-radiography-database/COVID-19_Radiography_Dataset/Lung_Opacity/images/Lung_Opacity-3556.png,Lung_Opacity,Lung_Opacity,True,0.26977041363716125,0.12196467816829681,False,0.12277556955814362,False
953,/kaggle/input/datasets/tawsifurrahman/covid19-radiography-database/COVID-19_Radiography_Dataset/Lung_Opacity/images/Lung_Opacity-3563.png,Lung_Opacity,Lung_Opacity,False,0.28824537992477417,0.11644618958234787,False,0.1167396605014801,False
954,/kaggle/input/datasets/tawsifurrahman/covid19-radiography-database/COVID-19_Radiography_Dataset/Lung_Opacity/images/Lung_Opacity-3570.png,Lung_Opacity,Lung_Opacity,False,0.16968271136283875,0.09849663823843002,False,0.09853880852460861,False
955,/kaggle/input/datasets/tawsifurrahman/covid19-radiography-database/COVID-19_Radiography_Dataset/Lung_Opacity/images/Lung_Opacity-3579.png,Lung_Opacity,Lung_Opacity,False,0.14762037992477417,0.044115107506513596,False,0.044247034937143326,False
956,/kaggle/input/datasets/tawsifurrahman/covid19-radiography-database/COVID-19_Radiography_Dataset/Lung_Opacity/images/Lung_Opacity-3585.png,Lung_Opacity,Lung_Opacity,False,0.28003427386283875,0.12790141999721527,False,0.1273452639579773,False
957,/kaggle/input/datasets/tawsifurrahman/covid19-radiography-database/COVID-19_Radiography_Dataset/Lung_Opacity/images/Lung_Opacity-3587.png,Lung_Opacity,Lung_Opacity,True,0.2791772782802582,0.10896282643079758,False,0.10998006165027618,False
958,/kaggle/input/datasets/tawsifurrahman/covid19-radiography-database/COVID-19_Radiography_Dataset/Lung_Opacity/images/Lung_Opacity-360.png,Lung_Opacity,Lung_Opacity,True,0.23622846603393555,0.11081958562135696,False,0.11055149137973785,False
959,/kaggle/input/datasets/tawsifurrahman/covid19-radiography-database/COVID-19_Radiography_Dataset/Lung_Opacity/images/Lung_Opacity-3604.png,Lung_Opacity,Lung_Opacity,False,0.2734972834587097,0.13653144240379333,False,0.13713863492012024,False
960,/kaggle/input/datasets/tawsifurrahman/covid19-radiography-database/COVID-19_Radiography_Dataset/Lung_Opacity/images/Lung_Opacity-3623.png,Lung_Opacity,Lung_Opacity,False,0.17659837007522583,0.05990520864725113,False,0.05954364314675331,False
961,/kaggle/input/datasets/tawsifurrahman/covid19-radiography-database/COVID-19_Radiography_Dataset/Lung_Opacity/images/Lung_Opacity-363.png,Lung_Opacity,Lung_Opacity,False,0.16764986515045166,0.05314260348677635,False,0.053602103143930435,False
962,/kaggle/input/datasets/tawsifurrahman/covid19-radiography-database/COVID-19_Radiography_Dataset/Lung_Opacity/images/Lung_Opacity-3631.png,Lung_Opacity,Lung_Opacity,True,0.156110480427742,0.05109888315200806,False,0.050354134291410446,False
963,/kaggle/input/datasets/tawsifurrahman/covid19-radiography-database/COVID-19_Radiography_Dataset/Lung_Opacity/images/Lung_Opacity-364.png,Lung_Opacity,Lung_Opacity,False,0.16609534621238708,0.050800468772649765,False,0.05096672102808952,False
964,/kaggle/input/datasets/tawsifurrahman/covid19-radiography-database/COVID-19_Radiography_Dataset/Lung_Opacity/images/Lung_Opacity-3641.png,Lung_Opacity,Lung_Opacity,True,0.29934629797935486,0.15565422177314758,False,0.15567634999752045,False
965,/kaggle/input/datasets/tawsifurrahman/covid19-radiography-database/COVID-19_Radiography_Dataset/Lung_Opacity/images/Lung_Opacity-3642.png,Lung_Opacity,Lung_Opacity,False,0.25813138484954834,0.16835308074951172,False,0.1681952029466629,False
966,/kaggle/input/datasets/tawsifurrahman/covid19-radiography-database/COVID-19_Radiography_Dataset/Lung_Opacity/images/Lung_Opacity-3646.png,Lung_Opacity,Lung_Opacity,False,0.17454560101032257,0.11671465635299683,False,0.115972138941288,False
967,/kaggle/input/datasets/tawsifurrahman/covid19-radiography-database/COVID-19_Radiography_Dataset/Lung_Opacity/images/Lung_Opacity-3650.png,Lung_Opacity,Lung_Opacity,False,0.1948939710855484,0.06977364420890808,False,0.0702158734202385,False
968,/kaggle/input/datasets/tawsifurrahman/covid19-radiography-database/COVID-19_Radiography_Dataset/Lung_Opacity/images/Lung_Opacity-3654.png,Lung_Opacity,Lung_Opacity,True,0.30939093232154846,0.12235459685325623,False,0.1225159615278244,False
969,/kaggle/input/datasets/tawsifurrahman/covid19-radiography-database/COVID-19_Radiography_Dataset/Lung_Opacity/images/Lung_Opacity-3657.png,Lung_Opacity,Lung_Opacity,True,0.29245057702064514,0.13692647218704224,False,0.13737912476062775,False
970,/kaggle/input/datasets/tawsifurrahman/covid19-radiography-database/COVID-19_Radiography_Dataset/Lung_Opacity/images/Lung_Opacity-3667.png,Lung_Opacity,Lung_Opacity,False,0.2089245766401291,0.0885346382856369,False,0.0886521190404892,False
971,/kaggle/input/datasets/tawsifurrahman/covid19-radiography-database/COVID-19_Radiography_Dataset/Lung_Opacity/images/Lung_Opacity-3668.png,Lung_Opacity,Lung_Opacity,False,0.20629383623600006,0.07155704498291016,False,0.07161746919155121,False
972,/kaggle/input/datasets/tawsifurrahman/covid19-radiography-database/COVID-19_Radiography_Dataset/Lung_Opacity/images/Lung_Opacity-367.png,Lung_Opacity,Lung_Opacity,True,0.3385283648967743,0.1351785808801651,False,0.13599304854869843,False
973,/kaggle/input/datasets/tawsifurrahman/covid19-radiography-database/COVID-19_Radiography_Dataset/Lung_Opacity/images/Lung_Opacity-3673.png,Lung_Opacity,Lung_Opacity,True,0.24292489886283875,0.11102670431137085,False,0.1112980917096138,False
974,/kaggle/input/datasets/tawsifurrahman/covid19-radiography-database/COVID-19_Radiography_Dataset/Lung_Opacity/images/Lung_Opacity-3679.png,Lung_Opacity,Lung_Opacity,True,0.17970742285251617,0.0607675239443779,False,0.0608566589653492,False
975,/kaggle/input/datasets/tawsifurrahman/covid19-radiography-database/COVID-19_Radiography_Dataset/Lung_Opacity/images/Lung_Opacity-3694.png,Lung_Opacity,Lung_Opacity,True,0.22791773080825806,0.09132813662290573,False,0.09156150370836258,False
976,/kaggle/input/datasets/tawsifurrahman/covid19-radiography-database/COVID-19_Radiography_Dataset/Lung_Opacity/images/Lung_Opacity-3706.png,Lung_Opacity,Lung_Opacity,False,0.205915167927742,0.14655405282974243,False,0.1451507955789566,False
977,/kaggle/input/datasets/tawsifurrahman/covid19-radiography-database/COVID-19_Radiography_Dataset/Lung_Opacity/images/Lung_Opacity-3717.png,Lung_Opacity,Lung_Opacity,True,0.20442043244838715,0.07215390354394913,False,0.07241389155387878,False
978,/kaggle/input/datasets/tawsifurrahman/covid19-radiography-database/COVID-19_Radiography_Dataset/Lung_Opacity/images/Lung_Opacity-3726.png,Lung_Opacity,Lung_Opacity,False,0.2015904039144516,0.13167843222618103,False,0.1323951631784439,False
979,/kaggle/input/datasets/tawsifurrahman/covid19-radiography-database/COVID-19_Radiography_Dataset/Lung_Opacity/images/Lung_Opacity-3743.png,Lung_Opacity,Lung_Opacity,False,0.3163265287876129,0.11718796193599701,False,0.11774895340204239,False
980,/kaggle/input/datasets/tawsifurrahman/covid19-radiography-database/COVID-19_Radiography_Dataset/Lung_Opacity/images/Lung_Opacity-3755.png,Lung_Opacity,Lung_Opacity,False,0.2891422212123871,0.13410383462905884,False,0.13543152809143066,False
981,/kaggle/input/datasets/tawsifurrahman/covid19-radiography-database/COVID-19_Radiography_Dataset/Lung_Opacity/images/Lung_Opacity-3759.png,Lung_Opacity,Lung_Opacity,True,0.1647600382566452,0.06818845123052597,False,0.06799644231796265,False
982,/kaggle/input/datasets/tawsifurrahman/covid19-radiography-database/COVID-19_Radiography_Dataset/Lung_Opacity/images/Lung_Opacity-3764.png,Lung_Opacity,Lung_Opacity,False,0.1682477593421936,0.06270363181829453,False,0.06320566684007645,False
983,/kaggle/input/datasets/tawsifurrahman/covid19-radiography-database/COVID-19_Radiography_Dataset/Lung_Opacity/images/Lung_Opacity-3765.png,Lung_Opacity,Lung_Opacity,True,0.15274234116077423,0.06455817818641663,False,0.06441701203584671,False
984,/kaggle/input/datasets/tawsifurrahman/covid19-radiography-database/COVID-19_Radiography_Dataset/Lung_Opacity/images/Lung_Opacity-3767.png,Lung_Opacity,Lung_Opacity,False,0.3061622977256775,0.1561797559261322,False,0.15607553720474243,False
985,/kaggle/input/datasets/tawsifurrahman/covid19-radiography-database/COVID-19_Radiography_Dataset/Lung_Opacity/images/Lung_Opacity-3768.png,Lung_Opacity,Lung_Opacity,True,0.18979193270206451,0.06951140612363815,False,0.0696302279829979,False
986,/kaggle/input/datasets/tawsifurrahman/covid19-radiography-database/COVID-19_Radiography_Dataset/Lung_Opacity/images/Lung_Opacity-378.png,Lung_Opacity,Lung_Opacity,False,0.24521683156490326,0.08949103206396103,False,0.09014861285686493,False
987,/kaggle/input/datasets/tawsifurrahman/covid19-radiography-database/COVID-19_Radiography_Dataset/Lung_Opacity/images/Lung_Opacity-3782.png,Lung_Opacity,Lung_Opacity,False,0.12725207209587097,0.05306244269013405,False,0.053450919687747955,False
988,/kaggle/input/datasets/tawsifurrahman/covid19-radiography-database/COVID-19_Radiography_Dataset/Lung_Opacity/images/Lung_Opacity-3786.png,Lung_Opacity,Lung_Opacity,False,0.3095703125,0.1955503225326538,False,0.19622041285037994,False
989,/kaggle/input/datasets/tawsifurrahman/covid19-radiography-database/COVID-19_Radiography_Dataset/Lung_Opacity/images/Lung_Opacity-3792.png,Lung_Opacity,Lung_Opacity,True,0.17476482689380646,0.05379856005311012,False,0.05420597642660141,False
990,/kaggle/input/datasets/tawsifurrahman/covid19-radiography-database/COVID-19_Radiography_Dataset/Lung_Opacity/images/Lung_Opacity-3793.png,Lung_Opacity,Lung_Opacity,False,0.26474806666374207,0.08651113510131836,False,0.08669254928827286,False
991,/kaggle/input/datasets/tawsifurrahman/covid19-radiography-database/COVID-19_Radiography_Dataset/Lung_Opacity/images/Lung_Opacity-3808.png,Lung_Opacity,Lung_Opacity,False,0.24053332209587097,0.11399947106838226,False,0.113241046667099,False
992,/kaggle/input/datasets/tawsifurrahman/covid19-radiography-database/COVID-19_Radiography_Dataset/Lung_Opacity/images/Lung_Opacity-3815.png,Lung_Opacity,Lung_Opacity,False,0.2982900142669678,0.11488670855760574,False,0.11633272469043732,False
993,/kaggle/input/datasets/tawsifurrahman/covid19-radiography-database/COVID-19_Radiography_Dataset/Lung_Opacity/images/Lung_Opacity-3821.png,Lung_Opacity,Lung_Opacity,True,0.10297751426696777,0.04890507832169533,False,0.04936721548438072,False
994,/kaggle/input/datasets/tawsifurrahman/covid19-radiography-database/COVID-19_Radiography_Dataset/Lung_Opacity/images/Lung_Opacity-3829.png,Lung_Opacity,Lung_Opacity,True,0.15674825012683868,0.0766281858086586,False,0.07578307390213013,False
995,/kaggle/input/datasets/tawsifurrahman/covid19-radiography-database/COVID-19_Radiography_Dataset/Lung_Opacity/images/Lung_Opacity-384.png,Lung_Opacity,Lung_Opacity,True,0.41723135113716125,0.2324000895023346,False,0.23274493217468262,False
996,/kaggle/input/datasets/tawsifurrahman/covid19-radiography-database/COVID-19_Radiography_Dataset/Lung_Opacity/images/Lung_Opacity-3845.png,Lung_Opacity,Lung_Opacity,False,0.18449059128761292,0.06313809752464294,False,0.06349094212055206,False
997,/kaggle/input/datasets/tawsifurrahman/covid19-radiography-database/COVID-19_Radiography_Dataset/Lung_Opacity/images/Lung_Opacity-3853.png,Lung_Opacity,Lung_Opacity,False,0.25225207209587097,0.11054002493619919,False,0.11121387034654617,False
998,/kaggle/input/datasets/tawsifurrahman/covid19-radiography-database/COVID-19_Radiography_Dataset/Lung_Opacity/images/Lung_Opacity-3855.png,Lung_Opacity,Lung_Opacity,False,0.27730387449264526,0.15273542702198029,False,0.153583362698555,False
999,/kaggle/input/datasets/tawsifurrahman/covid19-radiography-database/COVID-19_Radiography_Dataset/Lung_Opacity/images/Lung_Opacity-3870.png,Lung_Opacity,Lung_Opacity,False,0.1988002210855484,0.12406105548143387,False,0.12350272387266159,False
1000,/kaggle/input/datasets/tawsifurrahman/covid19-radiography-database/COVID-19_Radiography_Dataset/Lung_Opacity/images/Lung_Opacity-3873.png,Lung_Opacity,Lung_Opacity,True,0.2896404564380646,0.1477057784795761,False,0.1478356122970581,False
1001,/kaggle/input/datasets/tawsifurrahman/covid19-radiography-database/COVID-19_Radiography_Dataset/Lung_Opacity/images/Lung_Opacity-3877.png,Lung_Opacity,Lung_Opacity,True,0.19549186527729034,0.11016205698251724,False,0.11096731573343277,False
1002,/kaggle/input/datasets/tawsifurrahman/covid19-radiography-database/COVID-19_Radiography_Dataset/Lung_Opacity/images/Lung_Opacity-3879.png,Lung_Opacity,Lung_Opacity,False,0.1986607164144516,0.09637673944234848,False,0.09544101357460022,False
1003,/kaggle/input/datasets/tawsifurrahman/covid19-radiography-database/COVID-19_Radiography_Dataset/Lung_Opacity/images/Lung_Opacity-3890.png,Lung_Opacity,Normal,False,0.23076769709587097,0.14910057187080383,False,0.1495913863182068,False
1004,/kaggle/input/datasets/tawsifurrahman/covid19-radiography-database/COVID-19_Radiography_Dataset/Lung_Opacity/images/Lung_Opacity-3892.png,Lung_Opacity,Lung_Opacity,True,0.17805324494838715,0.12768660485744476,False,0.12695176899433136,False
1005,/kaggle/input/datasets/tawsifurrahman/covid19-radiography-database/COVID-19_Radiography_Dataset/Lung_Opacity/images/Lung_Opacity-3894.png,Lung_Opacity,Lung_Opacity,True,0.16230866312980652,0.07381374388933182,False,0.07391859591007233,False
1006,/kaggle/input/datasets/tawsifurrahman/covid19-radiography-database/COVID-19_Radiography_Dataset/Lung_Opacity/images/Lung_Opacity-3895.png,Lung_Opacity,Lung_Opacity,True,0.3355189561843872,0.21515503525733948,False,0.21561691164970398,False
1007,/kaggle/input/datasets/tawsifurrahman/covid19-radiography-database/COVID-19_Radiography_Dataset/Lung_Opacity/images/Lung_Opacity-3896.png,Lung_Opacity,Lung_Opacity,False,0.13639986515045166,0.05717521533370018,False,0.05929701775312424,False
1008,/kaggle/input/datasets/tawsifurrahman/covid19-radiography-database/COVID-19_Radiography_Dataset/Lung_Opacity/images/Lung_Opacity-3898.png,Lung_Opacity,Normal,True,0.29858896136283875,0.20747989416122437,False,0.20922061800956726,False
1009,/kaggle/input/datasets/tawsifurrahman/covid19-radiography-database/COVID-19_Radiography_Dataset/Lung_Opacity/images/Lung_Opacity-3899.png,Lung_Opacity,Lung_Opacity,False,0.14971300959587097,0.09746609628200531,False,0.09886975586414337,False
1010,/kaggle/input/datasets/tawsifurrahman/covid19-radiography-database/COVID-19_Radiography_Dataset/Lung_Opacity/images/Lung_Opacity-39.png,Lung_Opacity,Lung_Opacity,False,0.2710658311843872,0.09396384656429291,False,0.0949460044503212,False
1011,/kaggle/input/datasets/tawsifurrahman/covid19-radiography-database/COVID-19_Radiography_Dataset/Lung_Opacity/images/Lung_Opacity-3902.png,Lung_Opacity,Lung_Opacity,False,0.2044602930545807,0.06453201919794083,False,0.06470154970884323,False
1012,/kaggle/input/datasets/tawsifurrahman/covid19-radiography-database/COVID-19_Radiography_Dataset/Lung_Opacity/images/Lung_Opacity-3903.png,Lung_Opacity,Lung_Opacity,False,0.32529494166374207,0.18258123099803925,False,0.18374532461166382,False
1013,/kaggle/input/datasets/tawsifurrahman/covid19-radiography-database/COVID-19_Radiography_Dataset/Lung_Opacity/images/Lung_Opacity-3908.png,Lung_Opacity,Lung_Opacity,True,0.29322782158851624,0.15419922769069672,False,0.15463149547576904,False
1014,/kaggle/input/datasets/tawsifurrahman/covid19-radiography-database/COVID-19_Radiography_Dataset/Lung_Opacity/images/Lung_Opacity-3912.png,Lung_Opacity,Lung_Opacity,False,0.20049425959587097,0.07481274008750916,False,0.07502183318138123,False
1015,/kaggle/input/datasets/tawsifurrahman/covid19-radiography-database/COVID-19_Radiography_Dataset/Lung_Opacity/images/Lung_Opacity-3920.png,Lung_Opacity,Lung_Opacity,False,0.1550542116165161,0.05678575485944748,False,0.05696694552898407,False
1016,/kaggle/input/datasets/tawsifurrahman/covid19-radiography-database/COVID-19_Radiography_Dataset/Lung_Opacity/images/Lung_Opacity-3923.png,Lung_Opacity,Lung_Opacity,False,0.14267776906490326,0.058252688497304916,False,0.05810066685080528,False
1017,/kaggle/input/datasets/tawsifurrahman/covid19-radiography-database/COVID-19_Radiography_Dataset/Lung_Opacity/images/Lung_Opacity-3924.png,Lung_Opacity,Lung_Opacity,False,0.22347337007522583,0.09577334672212601,False,0.09594551473855972,False
1018,/kaggle/input/datasets/tawsifurrahman/covid19-radiography-database/COVID-19_Radiography_Dataset/Lung_Opacity/images/Lung_Opacity-3927.png,Lung_Opacity,Normal,True,0.16075414419174194,0.08437994867563248,False,0.08469554036855698,False
1019,/kaggle/input/datasets/tawsifurrahman/covid19-radiography-database/COVID-19_Radiography_Dataset/Lung_Opacity/images/Lung_Opacity-3929.png,Lung_Opacity,Lung_Opacity,False,0.19565130770206451,0.07750262320041656,False,0.07803807407617569,False
1020,/kaggle/input/datasets/tawsifurrahman/covid19-radiography-database/COVID-19_Radiography_Dataset/Lung_Opacity/images/Lung_Opacity-3931.png,Lung_Opacity,Lung_Opacity,True,0.37866708636283875,0.18472819030284882,False,0.18535110354423523,False
1021,/kaggle/input/datasets/tawsifurrahman/covid19-radiography-database/COVID-19_Radiography_Dataset/Lung_Opacity/images/Lung_Opacity-3935.png,Lung_Opacity,Lung_Opacity,True,0.1408243030309677,0.039390068501234055,False,0.03954088315367699,False
1022,/kaggle/input/datasets/tawsifurrahman/covid19-radiography-database/COVID-19_Radiography_Dataset/Lung_Opacity/images/Lung_Opacity-3940.png,Lung_Opacity,Lung_Opacity,False,0.19393733143806458,0.07824350893497467,False,0.07870589196681976,False
1023,/kaggle/input/datasets/tawsifurrahman/covid19-radiography-database/COVID-19_Radiography_Dataset/Lung_Opacity/images/Lung_Opacity-3942.png,Lung_Opacity,Lung_Opacity,True,0.23764349520206451,0.13193278014659882,False,0.13189475238323212,False
1024,/kaggle/input/datasets/tawsifurrahman/covid19-radiography-database/COVID-19_Radiography_Dataset/Lung_Opacity/images/Lung_Opacity-3945.png,Lung_Opacity,Lung_Opacity,False,0.16802853345870972,0.05313348397612572,False,0.053258299827575684,False
1025,/kaggle/input/datasets/tawsifurrahman/covid19-radiography-database/COVID-19_Radiography_Dataset/Lung_Opacity/images/Lung_Opacity-3947.png,Lung_Opacity,Normal,False,0.16605548560619354,0.07389760762453079,False,0.07456827163696289,False
1026,/kaggle/input/datasets/tawsifurrahman/covid19-radiography-database/COVID-19_Radiography_Dataset/Lung_Opacity/images/Lung_Opacity-3956.png,Lung_Opacity,Lung_Opacity,False,0.2537866532802582,0.14703823626041412,False,0.1468449980020523,False
1027,/kaggle/input/datasets/tawsifurrahman/covid19-radiography-database/COVID-19_Radiography_Dataset/Lung_Opacity/images/Lung_Opacity-396.png,Lung_Opacity,Lung_Opacity,True,0.18096300959587097,0.06793557107448578,False,0.06759891659021378,False
1028,/kaggle/input/datasets/tawsifurrahman/covid19-radiography-database/COVID-19_Radiography_Dataset/Lung_Opacity/images/Lung_Opacity-3963.png,Lung_Opacity,Lung_Opacity,False,0.2331991344690323,0.06696665287017822,False,0.06765185296535492,False
1029,/kaggle/input/datasets/tawsifurrahman/covid19-radiography-database/COVID-19_Radiography_Dataset/Lung_Opacity/images/Lung_Opacity-3970.png,Lung_Opacity,Lung_Opacity,False,0.23056839406490326,0.12431414425373077,False,0.12525980174541473,False
1030,/kaggle/input/datasets/tawsifurrahman/covid19-radiography-database/COVID-19_Radiography_Dataset/Lung_Opacity/images/Lung_Opacity-3972.png,Lung_Opacity,Lung_Opacity,False,0.2714245915412903,0.11946794390678406,False,0.11992398649454117,False
1031,/kaggle/input/datasets/tawsifurrahman/covid19-radiography-database/COVID-19_Radiography_Dataset/Lung_Opacity/images/Lung_Opacity-3977.png,Lung_Opacity,Lung_Opacity,True,0.13907046616077423,0.047660645097494125,False,0.04810931161046028,False
1032,/kaggle/input/datasets/tawsifurrahman/covid19-radiography-database/COVID-19_Radiography_Dataset/Lung_Opacity/images/Lung_Opacity-3981.png,Lung_Opacity,Lung_Opacity,True,0.19136638939380646,0.10964187234640121,False,0.11177718639373779,False
1033,/kaggle/input/datasets/tawsifurrahman/covid19-radiography-database/COVID-19_Radiography_Dataset/Lung_Opacity/images/Lung_Opacity-3986.png,Lung_Opacity,Lung_Opacity,False,0.22504782676696777,0.10442448407411575,False,0.10477086156606674,False
1034,/kaggle/input/datasets/tawsifurrahman/covid19-radiography-database/COVID-19_Radiography_Dataset/Lung_Opacity/images/Lung_Opacity-3993.png,Lung_Opacity,Lung_Opacity,False,0.2565569281578064,0.15271179378032684,False,0.152572363615036,False
1035,/kaggle/input/datasets/tawsifurrahman/covid19-radiography-database/COVID-19_Radiography_Dataset/Lung_Opacity/images/Lung_Opacity-4004.png,Lung_Opacity,Lung_Opacity,False,0.3061423599720001,0.1659601628780365,False,0.1672978550195694,False
1036,/kaggle/input/datasets/tawsifurrahman/covid19-radiography-database/COVID-19_Radiography_Dataset/Lung_Opacity/images/Lung_Opacity-4005.png,Lung_Opacity,Normal,True,0.22074298560619354,0.0846271887421608,False,0.08556097745895386,False
1037,/kaggle/input/datasets/tawsifurrahman/covid19-radiography-database/COVID-19_Radiography_Dataset/Lung_Opacity/images/Lung_Opacity-4006.png,Lung_Opacity,Lung_Opacity,False,0.07804527878761292,0.028070779517292976,False,0.029220236465334892,False
1038,/kaggle/input/datasets/tawsifurrahman/covid19-radiography-database/COVID-19_Radiography_Dataset/Lung_Opacity/images/Lung_Opacity-4007.png,Lung_Opacity,Lung_Opacity,False,0.23804208636283875,0.07484549283981323,False,0.07494175434112549,False
1039,/kaggle/input/datasets/tawsifurrahman/covid19-radiography-database/COVID-19_Radiography_Dataset/Lung_Opacity/images/Lung_Opacity-402.png,Lung_Opacity,Lung_Opacity,True,0.12621571123600006,0.0470580980181694,False,0.04814865067601204,False
1040,/kaggle/input/datasets/tawsifurrahman/covid19-radiography-database/COVID-19_Radiography_Dataset/Lung_Opacity/images/Lung_Opacity-4020.png,Lung_Opacity,Lung_Opacity,False,0.17394770681858063,0.09087833017110825,False,0.09142693877220154,False
1041,/kaggle/input/datasets/tawsifurrahman/covid19-radiography-database/COVID-19_Radiography_Dataset/Lung_Opacity/images/Lung_Opacity-4026.png,Lung_Opacity,Normal,False,0.26636239886283875,0.10285646468400955,False,0.10334259271621704,False
1042,/kaggle/input/datasets/tawsifurrahman/covid19-radiography-database/COVID-19_Radiography_Dataset/Lung_Opacity/images/Lung_Opacity-4028.png,Lung_Opacity,Lung_Opacity,False,0.17057955265045166,0.04828563705086708,False,0.04893842339515686,False
1043,/kaggle/input/datasets/tawsifurrahman/covid19-radiography-database/COVID-19_Radiography_Dataset/Lung_Opacity/images/Lung_Opacity-4034.png,Lung_Opacity,Lung_Opacity,False,0.2799147069454193,0.11588907241821289,False,0.11705923080444336,False
1044,/kaggle/input/datasets/tawsifurrahman/covid19-radiography-database/COVID-19_Radiography_Dataset/Lung_Opacity/images/Lung_Opacity-4044.png,Lung_Opacity,Lung_Opacity,False,0.24794721603393555,0.13357089459896088,False,0.13451774418354034,False
1045,/kaggle/input/datasets/tawsifurrahman/covid19-radiography-database/COVID-19_Radiography_Dataset/Lung_Opacity/images/Lung_Opacity-4045.png,Lung_Opacity,Lung_Opacity,True,0.26363199949264526,0.11250884085893631,False,0.11228705942630768,False
1046,/kaggle/input/datasets/tawsifurrahman/covid19-radiography-database/COVID-19_Radiography_Dataset/Lung_Opacity/images/Lung_Opacity-405.png,Lung_Opacity,Lung_Opacity,False,0.3054448366165161,0.20912683010101318,False,0.21073246002197266,False
1047,/kaggle/input/datasets/tawsifurrahman/covid19-radiography-database/COVID-19_Radiography_Dataset/Lung_Opacity/images/Lung_Opacity-4057.png,Lung_Opacity,Lung_Opacity,False,0.14877630770206451,0.05711689591407776,False,0.05936496704816818,False
1048,/kaggle/input/datasets/tawsifurrahman/covid19-radiography-database/COVID-19_Radiography_Dataset/Lung_Opacity/images/Lung_Opacity-4066.png,Lung_Opacity,Lung_Opacity,True,0.27646681666374207,0.24015046656131744,False,0.24228549003601074,False
1049,/kaggle/input/datasets/tawsifurrahman/covid19-radiography-database/COVID-19_Radiography_Dataset/Lung_Opacity/images/Lung_Opacity-4067.png,Lung_Opacity,Lung_Opacity,False,0.15086893737316132,0.05765283852815628,False,0.05829177424311638,False
1050,/kaggle/input/datasets/tawsifurrahman/covid19-radiography-database/COVID-19_Radiography_Dataset/Lung_Opacity/images/Lung_Opacity-4071.png,Lung_Opacity,Lung_Opacity,True,0.07973931729793549,0.05883944779634476,False,0.061627939343452454,False
1051,/kaggle/input/datasets/tawsifurrahman/covid19-radiography-database/COVID-19_Radiography_Dataset/Lung_Opacity/images/Lung_Opacity-4073.png,Lung_Opacity,Lung_Opacity,False,0.23774313926696777,0.09102118760347366,False,0.09195443987846375,False
1052,/kaggle/input/datasets/tawsifurrahman/covid19-radiography-database/COVID-19_Radiography_Dataset/Lung_Opacity/images/Lung_Opacity-408.png,Lung_Opacity,Lung_Opacity,False,0.1858258843421936,0.08619614690542221,False,0.08673849701881409,False
1053,/kaggle/input/datasets/tawsifurrahman/covid19-radiography-database/COVID-19_Radiography_Dataset/Lung_Opacity/images/Lung_Opacity-4081.png,Lung_Opacity,Normal,True,0.22648277878761292,0.09725677967071533,False,0.09694040566682816,False
1054,/kaggle/input/datasets/tawsifurrahman/covid19-radiography-database/COVID-19_Radiography_Dataset/Lung_Opacity/images/Lung_Opacity-4082.png,Lung_Opacity,Lung_Opacity,False,0.1882772594690323,0.06236880645155907,False,0.06274297833442688,False
1055,/kaggle/input/datasets/tawsifurrahman/covid19-radiography-database/COVID-19_Radiography_Dataset/Lung_Opacity/images/Lung_Opacity-4086.png,Lung_Opacity,Normal,True,0.3200533986091614,0.1835084706544876,False,0.18377357721328735,False
1056,/kaggle/input/datasets/tawsifurrahman/covid19-radiography-database/COVID-19_Radiography_Dataset/Lung_Opacity/images/Lung_Opacity-4094.png,Lung_Opacity,Lung_Opacity,True,0.22177933156490326,0.10294345766305923,False,0.10485561192035675,False
1057,/kaggle/input/datasets/tawsifurrahman/covid19-radiography-database/COVID-19_Radiography_Dataset/Lung_Opacity/images/Lung_Opacity-4103.png,Lung_Opacity,Lung_Opacity,True,0.12244898080825806,0.15395891666412354,False,0.15696707367897034,False
1058,/kaggle/input/datasets/tawsifurrahman/covid19-radiography-database/COVID-19_Radiography_Dataset/Lung_Opacity/images/Lung_Opacity-4114.png,Lung_Opacity,Normal,False,0.17526307702064514,0.06308649480342865,False,0.06319165974855423,False
1059,/kaggle/input/datasets/tawsifurrahman/covid19-radiography-database/COVID-19_Radiography_Dataset/Lung_Opacity/images/Lung_Opacity-4128.png,Lung_Opacity,Lung_Opacity,False,0.1978236585855484,0.08538486808538437,False,0.08550317585468292,False
1060,/kaggle/input/datasets/tawsifurrahman/covid19-radiography-database/COVID-19_Radiography_Dataset/Lung_Opacity/images/Lung_Opacity-4129.png,Lung_Opacity,Lung_Opacity,False,0.16675302386283875,0.08826436847448349,False,0.08863694220781326,False
1061,/kaggle/input/datasets/tawsifurrahman/covid19-radiography-database/COVID-19_Radiography_Dataset/Lung_Opacity/images/Lung_Opacity-4134.png,Lung_Opacity,Lung_Opacity,False,0.21159517765045166,0.08165649324655533,False,0.08176204562187195,False
1062,/kaggle/input/datasets/tawsifurrahman/covid19-radiography-database/COVID-19_Radiography_Dataset/Lung_Opacity/images/Lung_Opacity-4160.png,Lung_Opacity,Lung_Opacity,False,0.32730787992477417,0.17563949525356293,False,0.17654870450496674,False
1063,/kaggle/input/datasets/tawsifurrahman/covid19-radiography-database/COVID-19_Radiography_Dataset/Lung_Opacity/images/Lung_Opacity-4163.png,Lung_Opacity,Lung_Opacity,False,0.15810346603393555,0.06729993969202042,False,0.06867644935846329,False
1064,/kaggle/input/datasets/tawsifurrahman/covid19-radiography-database/COVID-19_Radiography_Dataset/Lung_Opacity/images/Lung_Opacity-419.png,Lung_Opacity,Normal,True,0.3155094087123871,0.16885271668434143,False,0.16926373541355133,False
1065,/kaggle/input/datasets/tawsifurrahman/covid19-radiography-database/COVID-19_Radiography_Dataset/Lung_Opacity/images/Lung_Opacity-4195.png,Lung_Opacity,Lung_Opacity,False,0.22199855744838715,0.11060748994350433,False,0.11097565293312073,False
1066,/kaggle/input/datasets/tawsifurrahman/covid19-radiography-database/COVID-19_Radiography_Dataset/Lung_Opacity/images/Lung_Opacity-4198.png,Lung_Opacity,Lung_Opacity,False,0.20615433156490326,0.07698142528533936,False,0.07762136310338974,False
1067,/kaggle/input/datasets/tawsifurrahman/covid19-radiography-database/COVID-19_Radiography_Dataset/Lung_Opacity/images/Lung_Opacity-4202.png,Lung_Opacity,Normal,False,0.2419084757566452,0.13059398531913757,False,0.13073095679283142,False
1068,/kaggle/input/datasets/tawsifurrahman/covid19-radiography-database/COVID-19_Radiography_Dataset/Lung_Opacity/images/Lung_Opacity-4205.png,Lung_Opacity,Lung_Opacity,False,0.2719028890132904,0.1250755935907364,False,0.12596021592617035,False
1069,/kaggle/input/datasets/tawsifurrahman/covid19-radiography-database/COVID-19_Radiography_Dataset/Lung_Opacity/images/Lung_Opacity-4220.png,Lung_Opacity,Lung_Opacity,False,0.22899393737316132,0.08116461336612701,False,0.08152342587709427,False
1070,/kaggle/input/datasets/tawsifurrahman/covid19-radiography-database/COVID-19_Radiography_Dataset/Lung_Opacity/images/Lung_Opacity-4223.png,Lung_Opacity,Lung_Opacity,False,0.15943877398967743,0.04543815553188324,False,0.045694075524806976,False
1071,/kaggle/input/datasets/tawsifurrahman/covid19-radiography-database/COVID-19_Radiography_Dataset/Lung_Opacity/images/Lung_Opacity-4227.png,Lung_Opacity,Lung_Opacity,False,0.23784278333187103,0.09071783721446991,False,0.08980248123407364,False
1072,/kaggle/input/datasets/tawsifurrahman/covid19-radiography-database/COVID-19_Radiography_Dataset/Lung_Opacity/images/Lung_Opacity-4230.png,Lung_Opacity,Lung_Opacity,False,0.1863042116165161,0.06067466363310814,False,0.062168147414922714,False
1073,/kaggle/input/datasets/tawsifurrahman/covid19-radiography-database/COVID-19_Radiography_Dataset/Lung_Opacity/images/Lung_Opacity-4238.png,Lung_Opacity,Lung_Opacity,False,0.15589125454425812,0.07227344810962677,False,0.07223296910524368,False
1074,/kaggle/input/datasets/tawsifurrahman/covid19-radiography-database/COVID-19_Radiography_Dataset/Lung_Opacity/images/Lung_Opacity-4241.png,Lung_Opacity,Lung_Opacity,True,0.21932795643806458,0.07944567501544952,False,0.07986156642436981,False
1075,/kaggle/input/datasets/tawsifurrahman/covid19-radiography-database/COVID-19_Radiography_Dataset/Lung_Opacity/images/Lung_Opacity-4256.png,Lung_Opacity,Lung_Opacity,False,0.24503746628761292,0.129984050989151,False,0.13052982091903687,False
1076,/kaggle/input/datasets/tawsifurrahman/covid19-radiography-database/COVID-19_Radiography_Dataset/Lung_Opacity/images/Lung_Opacity-4259.png,Lung_Opacity,Lung_Opacity,True,0.1752232164144516,0.07341120392084122,False,0.07581289857625961,False
1077,/kaggle/input/datasets/tawsifurrahman/covid19-radiography-database/COVID-19_Radiography_Dataset/Lung_Opacity/images/Lung_Opacity-426.png,Lung_Opacity,Lung_Opacity,True,0.23519212007522583,0.12041836977005005,False,0.12194472551345825,False
1078,/kaggle/input/datasets/tawsifurrahman/covid19-radiography-database/COVID-19_Radiography_Dataset/Lung_Opacity/images/Lung_Opacity-4262.png,Lung_Opacity,Lung_Opacity,False,0.22295519709587097,0.10146255791187286,False,0.10192567110061646,False
1079,/kaggle/input/datasets/tawsifurrahman/covid19-radiography-database/COVID-19_Radiography_Dataset/Lung_Opacity/images/Lung_Opacity-4265.png,Lung_Opacity,Lung_Opacity,False,0.31736287474632263,0.15962302684783936,False,0.16010919213294983,False
1080,/kaggle/input/datasets/tawsifurrahman/covid19-radiography-database/COVID-19_Radiography_Dataset/Lung_Opacity/images/Lung_Opacity-427.png,Lung_Opacity,Lung_Opacity,False,0.22542649507522583,0.09072964638471603,False,0.09206794202327728,False
1081,/kaggle/input/datasets/tawsifurrahman/covid19-radiography-database/COVID-19_Radiography_Dataset/Lung_Opacity/images/Lung_Opacity-4273.png,Lung_Opacity,Lung_Opacity,False,0.15459582209587097,0.07076893746852875,False,0.07126717269420624,False
1082,/kaggle/input/datasets/tawsifurrahman/covid19-radiography-database/COVID-19_Radiography_Dataset/Lung_Opacity/images/Lung_Opacity-4288.png,Lung_Opacity,Lung_Opacity,True,0.2614995241165161,0.10427912324666977,False,0.1057773306965828,False
1083,/kaggle/input/datasets/tawsifurrahman/covid19-radiography-database/COVID-19_Radiography_Dataset/Lung_Opacity/images/Lung_Opacity-4290.png,Lung_Opacity,Lung_Opacity,False,0.20121173560619354,0.07250435650348663,False,0.07317288964986801,False
1084,/kaggle/input/datasets/tawsifurrahman/covid19-radiography-database/COVID-19_Radiography_Dataset/Lung_Opacity/images/Lung_Opacity-4296.png,Lung_Opacity,Lung_Opacity,False,0.29111525416374207,0.15523523092269897,False,0.15498973429203033,False
1085,/kaggle/input/datasets/tawsifurrahman/covid19-radiography-database/COVID-19_Radiography_Dataset/Lung_Opacity/images/Lung_Opacity-4297.png,Lung_Opacity,Lung_Opacity,False,0.1911870241165161,0.07039915770292282,False,0.07119668275117874,False
1086,/kaggle/input/datasets/tawsifurrahman/covid19-radiography-database/COVID-19_Radiography_Dataset/Lung_Opacity/images/Lung_Opacity-43.png,Lung_Opacity,Normal,False,0.18235810101032257,0.10067405551671982,False,0.10122929513454437,False
1087,/kaggle/input/datasets/tawsifurrahman/covid19-radiography-database/COVID-19_Radiography_Dataset/Lung_Opacity/images/Lung_Opacity-4302.png,Lung_Opacity,Normal,False,0.1725725382566452,0.0670648068189621,False,0.0674903467297554,False
1088,/kaggle/input/datasets/tawsifurrahman/covid19-radiography-database/COVID-19_Radiography_Dataset/Lung_Opacity/images/Lung_Opacity-4311.png,Lung_Opacity,Lung_Opacity,False,0.13444674015045166,0.06315499544143677,False,0.06372697651386261,False
1089,/kaggle/input/datasets/tawsifurrahman/covid19-radiography-database/COVID-19_Radiography_Dataset/Lung_Opacity/images/Lung_Opacity-4312.png,Lung_Opacity,Lung_Opacity,False,0.15989716351032257,0.0446036234498024,False,0.04480563476681709,False
1090,/kaggle/input/datasets/tawsifurrahman/covid19-radiography-database/COVID-19_Radiography_Dataset/Lung_Opacity/images/Lung_Opacity-4317.png,Lung_Opacity,Normal,True,0.3092314898967743,0.11351969838142395,False,0.11425293982028961,False
1091,/kaggle/input/datasets/tawsifurrahman/covid19-radiography-database/COVID-19_Radiography_Dataset/Lung_Opacity/images/Lung_Opacity-4328.png,Lung_Opacity,Lung_Opacity,False,0.2637316584587097,0.18057018518447876,False,0.1815738081932068,False
1092,/kaggle/input/datasets/tawsifurrahman/covid19-radiography-database/COVID-19_Radiography_Dataset/Lung_Opacity/images/Lung_Opacity-4329.png,Lung_Opacity,Lung_Opacity,False,0.2189692258834839,0.16443708539009094,False,0.1660677045583725,False
1093,/kaggle/input/datasets/tawsifurrahman/covid19-radiography-database/COVID-19_Radiography_Dataset/Lung_Opacity/images/Lung_Opacity-4343.png,Lung_Opacity,Normal,True,0.24266581237316132,0.1370319128036499,False,0.13749520480632782,False
1094,/kaggle/input/datasets/tawsifurrahman/covid19-radiography-database/COVID-19_Radiography_Dataset/Lung_Opacity/images/Lung_Opacity-4345.png,Lung_Opacity,Lung_Opacity,False,0.18913424015045166,0.05529414117336273,False,0.055392369627952576,False
1095,/kaggle/input/datasets/tawsifurrahman/covid19-radiography-database/COVID-19_Radiography_Dataset/Lung_Opacity/images/Lung_Opacity-4372.png,Lung_Opacity,Lung_Opacity,False,0.29203203320503235,0.15184223651885986,False,0.1519407331943512,False
1096,/kaggle/input/datasets/tawsifurrahman/covid19-radiography-database/COVID-19_Radiography_Dataset/Lung_Opacity/images/Lung_Opacity-4382.png,Lung_Opacity,Lung_Opacity,True,0.197126105427742,0.07427044212818146,False,0.07452239096164703,False
1097,/kaggle/input/datasets/tawsifurrahman/covid19-radiography-database/COVID-19_Radiography_Dataset/Lung_Opacity/images/Lung_Opacity-4388.png,Lung_Opacity,Lung_Opacity,False,0.20469945669174194,0.10030150413513184,False,0.10070305317640305,False
1098,/kaggle/input/datasets/tawsifurrahman/covid19-radiography-database/COVID-19_Radiography_Dataset/Lung_Opacity/images/Lung_Opacity-4391.png,Lung_Opacity,Lung_Opacity,True,0.17311064898967743,0.06463988870382309,False,0.06509236991405487,False
1099,/kaggle/input/datasets/tawsifurrahman/covid19-radiography-database/COVID-19_Radiography_Dataset/Lung_Opacity/images/Lung_Opacity-4392.png,Lung_Opacity,Normal,False,0.17241309583187103,0.07303650677204132,False,0.0731918215751648,False
1100,/kaggle/input/datasets/tawsifurrahman/covid19-radiography-database/COVID-19_Radiography_Dataset/Lung_Opacity/images/Lung_Opacity-4403.png,Lung_Opacity,Lung_Opacity,True,0.22156010568141937,0.0983976498246193,False,0.0985153466463089,False
1101,/kaggle/input/datasets/tawsifurrahman/covid19-radiography-database/COVID-19_Radiography_Dataset/Lung_Opacity/images/Lung_Opacity-4406.png,Lung_Opacity,Normal,False,0.2847177982330322,0.14289474487304688,False,0.14297519624233246,False
1102,/kaggle/input/datasets/tawsifurrahman/covid19-radiography-database/COVID-19_Radiography_Dataset/Lung_Opacity/images/Lung_Opacity-4415.png,Lung_Opacity,Lung_Opacity,False,0.21851083636283875,0.1396225094795227,False,0.1385326087474823,False
1103,/kaggle/input/datasets/tawsifurrahman/covid19-radiography-database/COVID-19_Radiography_Dataset/Lung_Opacity/images/Lung_Opacity-4416.png,Lung_Opacity,Lung_Opacity,False,0.1767578125,0.06119248643517494,False,0.06122444570064545,False
1104,/kaggle/input/datasets/tawsifurrahman/covid19-radiography-database/COVID-19_Radiography_Dataset/Lung_Opacity/images/Lung_Opacity-442.png,Lung_Opacity,Lung_Opacity,False,0.29579877853393555,0.17585456371307373,False,0.17591431736946106,False
1105,/kaggle/input/datasets/tawsifurrahman/covid19-radiography-database/COVID-19_Radiography_Dataset/Lung_Opacity/images/Lung_Opacity-4420.png,Lung_Opacity,Lung_Opacity,False,0.14618542790412903,0.0756041556596756,False,0.07747425138950348,False
1106,/kaggle/input/datasets/tawsifurrahman/covid19-radiography-database/COVID-19_Radiography_Dataset/Lung_Opacity/images/Lung_Opacity-4423.png,Lung_Opacity,Lung_Opacity,False,0.17994658648967743,0.04728095605969429,False,0.04772280156612396,False
1107,/kaggle/input/datasets/tawsifurrahman/covid19-radiography-database/COVID-19_Radiography_Dataset/Lung_Opacity/images/Lung_Opacity-4424.png,Lung_Opacity,Lung_Opacity,False,0.24053332209587097,0.10347382724285126,False,0.1038619801402092,False
1108,/kaggle/input/datasets/tawsifurrahman/covid19-radiography-database/COVID-19_Radiography_Dataset/Lung_Opacity/images/Lung_Opacity-4425.png,Lung_Opacity,Normal,False,0.2840999662876129,0.13500794768333435,False,0.13727352023124695,False
1109,/kaggle/input/datasets/tawsifurrahman/covid19-radiography-database/COVID-19_Radiography_Dataset/Lung_Opacity/images/Lung_Opacity-4429.png,Lung_Opacity,Lung_Opacity,True,0.16310586035251617,0.05197211727499962,False,0.05215645581483841,False
1110,/kaggle/input/datasets/tawsifurrahman/covid19-radiography-database/COVID-19_Radiography_Dataset/Lung_Opacity/images/Lung_Opacity-4433.png,Lung_Opacity,Normal,False,0.27861925959587097,0.16672004759311676,False,0.16906856000423431,False
1111,/kaggle/input/datasets/tawsifurrahman/covid19-radiography-database/COVID-19_Radiography_Dataset/Lung_Opacity/images/Lung_Opacity-4438.png,Lung_Opacity,Lung_Opacity,False,0.2599649131298065,0.2599349319934845,False,0.25962957739830017,False
1112,/kaggle/input/datasets/tawsifurrahman/covid19-radiography-database/COVID-19_Radiography_Dataset/Lung_Opacity/images/Lung_Opacity-4440.png,Lung_Opacity,Lung_Opacity,False,0.22662228345870972,0.06601963937282562,False,0.06687320023775101,False
1113,/kaggle/input/datasets/tawsifurrahman/covid19-radiography-database/COVID-19_Radiography_Dataset/Lung_Opacity/images/Lung_Opacity-4448.png,Lung_Opacity,Lung_Opacity,True,0.15308114886283875,0.05362311005592346,False,0.05353572219610214,False
1114,/kaggle/input/datasets/tawsifurrahman/covid19-radiography-database/COVID-19_Radiography_Dataset/Lung_Opacity/images/Lung_Opacity-4461.png,Lung_Opacity,Lung_Opacity,False,0.08547911047935486,0.034714240580797195,False,0.0351899228990078,False
1115,/kaggle/input/datasets/tawsifurrahman/covid19-radiography-database/COVID-19_Radiography_Dataset/Lung_Opacity/images/Lung_Opacity-4465.png,Lung_Opacity,Lung_Opacity,True,0.1462053507566452,0.07439223676919937,False,0.07466182112693787,False
1116,/kaggle/input/datasets/tawsifurrahman/covid19-radiography-database/COVID-19_Radiography_Dataset/Lung_Opacity/images/Lung_Opacity-447.png,Lung_Opacity,Lung_Opacity,True,0.18377311527729034,0.10533957183361053,False,0.10534586012363434,False
1117,/kaggle/input/datasets/tawsifurrahman/covid19-radiography-database/COVID-19_Radiography_Dataset/Lung_Opacity/images/Lung_Opacity-4478.png,Lung_Opacity,Lung_Opacity,False,0.20218829810619354,0.10177738964557648,False,0.10602456331253052,False
1118,/kaggle/input/datasets/tawsifurrahman/covid19-radiography-database/COVID-19_Radiography_Dataset/Lung_Opacity/images/Lung_Opacity-4487.png,Lung_Opacity,Lung_Opacity,False,0.22839604318141937,0.08769611269235611,False,0.08830820024013519,False
1119,/kaggle/input/datasets/tawsifurrahman/covid19-radiography-database/COVID-19_Radiography_Dataset/Lung_Opacity/images/Lung_Opacity-4489.png,Lung_Opacity,Lung_Opacity,False,0.2780612111091614,0.1049245074391365,False,0.10659115761518478,False
1120,/kaggle/input/datasets/tawsifurrahman/covid19-radiography-database/COVID-19_Radiography_Dataset/Lung_Opacity/images/Lung_Opacity-4502.png,Lung_Opacity,Normal,False,0.2583705186843872,0.15212282538414001,False,0.15149150788784027,False
1121,/kaggle/input/datasets/tawsifurrahman/covid19-radiography-database/COVID-19_Radiography_Dataset/Lung_Opacity/images/Lung_Opacity-4505.png,Lung_Opacity,Lung_Opacity,True,0.1916852593421936,0.08041814714670181,False,0.08079534769058228,False
1122,/kaggle/input/datasets/tawsifurrahman/covid19-radiography-database/COVID-19_Radiography_Dataset/Lung_Opacity/images/Lung_Opacity-4514.png,Lung_Opacity,Lung_Opacity,False,0.2533482015132904,0.08299443125724792,False,0.08328082412481308,False
1123,/kaggle/input/datasets/tawsifurrahman/covid19-radiography-database/COVID-19_Radiography_Dataset/Lung_Opacity/images/Lung_Opacity-4522.png,Lung_Opacity,Lung_Opacity,True,0.27311861515045166,0.14721526205539703,False,0.14614588022232056,False
1124,/kaggle/input/datasets/tawsifurrahman/covid19-radiography-database/COVID-19_Radiography_Dataset/Lung_Opacity/images/Lung_Opacity-453.png,Lung_Opacity,Lung_Opacity,True,0.15969786047935486,0.059314921498298645,False,0.059790972620248795,False
1125,/kaggle/input/datasets/tawsifurrahman/covid19-radiography-database/COVID-19_Radiography_Dataset/Lung_Opacity/images/Lung_Opacity-4540.png,Lung_Opacity,Normal,False,0.18393255770206451,0.12025317549705505,False,0.12163656204938889,False
1126,/kaggle/input/datasets/tawsifurrahman/covid19-radiography-database/COVID-19_Radiography_Dataset/Lung_Opacity/images/Lung_Opacity-4545.png,Lung_Opacity,Lung_Opacity,False,0.1508091539144516,0.04570324718952179,False,0.04565100371837616,False
1127,/kaggle/input/datasets/tawsifurrahman/covid19-radiography-database/COVID-19_Radiography_Dataset/Lung_Opacity/images/Lung_Opacity-4551.png,Lung_Opacity,Lung_Opacity,True,0.23893892765045166,0.1104787290096283,False,0.11094974726438522,False
1128,/kaggle/input/datasets/tawsifurrahman/covid19-radiography-database/COVID-19_Radiography_Dataset/Lung_Opacity/images/Lung_Opacity-4555.png,Lung_Opacity,Normal,True,0.26343271136283875,0.11496496200561523,False,0.11448735743761063,False
1129,/kaggle/input/datasets/tawsifurrahman/covid19-radiography-database/COVID-19_Radiography_Dataset/Lung_Opacity/images/Lung_Opacity-4558.png,Lung_Opacity,Lung_Opacity,False,0.2343152016401291,0.13536125421524048,False,0.1362779140472412,False
1130,/kaggle/input/datasets/tawsifurrahman/covid19-radiography-database/COVID-19_Radiography_Dataset/Lung_Opacity/images/Lung_Opacity-4564.png,Lung_Opacity,Lung_Opacity,False,0.2020886391401291,0.107134148478508,False,0.10842105746269226,False
1131,/kaggle/input/datasets/tawsifurrahman/covid19-radiography-database/COVID-19_Radiography_Dataset/Lung_Opacity/images/Lung_Opacity-4565.png,Lung_Opacity,Lung_Opacity,False,0.17217394709587097,0.06327419728040695,False,0.06318239867687225,False
1132,/kaggle/input/datasets/tawsifurrahman/covid19-radiography-database/COVID-19_Radiography_Dataset/Lung_Opacity/images/Lung_Opacity-4569.png,Lung_Opacity,Lung_Opacity,True,0.21857061982154846,0.07299986481666565,False,0.07391120493412018,False
1133,/kaggle/input/datasets/tawsifurrahman/covid19-radiography-database/COVID-19_Radiography_Dataset/Lung_Opacity/images/Lung_Opacity-4570.png,Lung_Opacity,Lung_Opacity,False,0.22915337979793549,0.07905665040016174,False,0.07999841123819351,False
1134,/kaggle/input/datasets/tawsifurrahman/covid19-radiography-database/COVID-19_Radiography_Dataset/Lung_Opacity/images/Lung_Opacity-4571.png,Lung_Opacity,Lung_Opacity,False,0.18431122601032257,0.07247719168663025,False,0.07376309484243393,False
1135,/kaggle/input/datasets/tawsifurrahman/covid19-radiography-database/COVID-19_Radiography_Dataset/Lung_Opacity/images/Lung_Opacity-4578.png,Lung_Opacity,Lung_Opacity,False,0.26630261540412903,0.1263933777809143,False,0.1274508386850357,False
1136,/kaggle/input/datasets/tawsifurrahman/covid19-radiography-database/COVID-19_Radiography_Dataset/Lung_Opacity/images/Lung_Opacity-4589.png,Lung_Opacity,Normal,True,0.275390625,0.19082553684711456,False,0.1910233050584793,False
1137,/kaggle/input/datasets/tawsifurrahman/covid19-radiography-database/COVID-19_Radiography_Dataset/Lung_Opacity/images/Lung_Opacity-4607.png,Lung_Opacity,Lung_Opacity,False,0.17659837007522583,0.07064548879861832,False,0.07108103483915329,False
1138,/kaggle/input/datasets/tawsifurrahman/covid19-radiography-database/COVID-19_Radiography_Dataset/Lung_Opacity/images/Lung_Opacity-4610.png,Lung_Opacity,Lung_Opacity,True,0.1831154227256775,0.06513361632823944,False,0.06500682234764099,False
1139,/kaggle/input/datasets/tawsifurrahman/covid19-radiography-database/COVID-19_Radiography_Dataset/Lung_Opacity/images/Lung_Opacity-4612.png,Lung_Opacity,Lung_Opacity,True,0.14309629797935486,0.04429643601179123,False,0.04450982064008713,False
1140,/kaggle/input/datasets/tawsifurrahman/covid19-radiography-database/COVID-19_Radiography_Dataset/Lung_Opacity/images/Lung_Opacity-4623.png,Lung_Opacity,Normal,True,0.2782405912876129,0.1765834093093872,False,0.1787147969007492,False
1141,/kaggle/input/datasets/tawsifurrahman/covid19-radiography-database/COVID-19_Radiography_Dataset/Lung_Opacity/images/Lung_Opacity-4632.png,Lung_Opacity,Normal,False,0.19246253371238708,0.12375498563051224,False,0.1238396093249321,False
1142,/kaggle/input/datasets/tawsifurrahman/covid19-radiography-database/COVID-19_Radiography_Dataset/Lung_Opacity/images/Lung_Opacity-4652.png,Lung_Opacity,Lung_Opacity,True,0.2642897069454193,0.10276693850755692,False,0.10287710279226303,False
1143,/kaggle/input/datasets/tawsifurrahman/covid19-radiography-database/COVID-19_Radiography_Dataset/Lung_Opacity/images/Lung_Opacity-4654.png,Lung_Opacity,Lung_Opacity,True,0.16786909103393555,0.06496267765760422,False,0.06578607112169266,False
1144,/kaggle/input/datasets/tawsifurrahman/covid19-radiography-database/COVID-19_Radiography_Dataset/Lung_Opacity/images/Lung_Opacity-4659.png,Lung_Opacity,Lung_Opacity,True,0.23307955265045166,0.12003673613071442,False,0.11965804547071457,False
1145,/kaggle/input/datasets/tawsifurrahman/covid19-radiography-database/COVID-19_Radiography_Dataset/Lung_Opacity/images/Lung_Opacity-4660.png,Lung_Opacity,Lung_Opacity,True,0.23272082209587097,0.09196684509515762,False,0.0917445719242096,False
1146,/kaggle/input/datasets/tawsifurrahman/covid19-radiography-database/COVID-19_Radiography_Dataset/Lung_Opacity/images/Lung_Opacity-4661.png,Lung_Opacity,Lung_Opacity,False,0.12603634595870972,0.03472224250435829,False,0.03481472656130791,False
1147,/kaggle/input/datasets/tawsifurrahman/covid19-radiography-database/COVID-19_Radiography_Dataset/Lung_Opacity/images/Lung_Opacity-4664.png,Lung_Opacity,Lung_Opacity,True,0.2120535671710968,0.09218569844961166,False,0.09236089885234833,False
1148,/kaggle/input/datasets/tawsifurrahman/covid19-radiography-database/COVID-19_Radiography_Dataset/Lung_Opacity/images/Lung_Opacity-4673.png,Lung_Opacity,Lung_Opacity,False,0.18277662992477417,0.16681024432182312,False,0.16718432307243347,False
1149,/kaggle/input/datasets/tawsifurrahman/covid19-radiography-database/COVID-19_Radiography_Dataset/Lung_Opacity/images/Lung_Opacity-4694.png,Lung_Opacity,Lung_Opacity,True,0.1759207546710968,0.05752840265631676,False,0.057611461728811264,False
1150,/kaggle/input/datasets/tawsifurrahman/covid19-radiography-database/COVID-19_Radiography_Dataset/Lung_Opacity/images/Lung_Opacity-4695.png,Lung_Opacity,Lung_Opacity,False,0.22472895681858063,0.10434132069349289,False,0.10461048781871796,False
1151,/kaggle/input/datasets/tawsifurrahman/covid19-radiography-database/COVID-19_Radiography_Dataset/Lung_Opacity/images/Lung_Opacity-4697.png,Lung_Opacity,Normal,False,0.2625757157802582,0.11793569475412369,False,0.11880885809659958,False
1152,/kaggle/input/datasets/tawsifurrahman/covid19-radiography-database/COVID-19_Radiography_Dataset/Lung_Opacity/images/Lung_Opacity-4701.png,Lung_Opacity,Lung_Opacity,True,0.20709103345870972,0.12484467774629593,False,0.1259559541940689,False
1153,/kaggle/input/datasets/tawsifurrahman/covid19-radiography-database/COVID-19_Radiography_Dataset/Lung_Opacity/images/Lung_Opacity-4705.png,Lung_Opacity,Lung_Opacity,False,0.22506774961948395,0.11192021518945694,False,0.11235126107931137,False
1154,/kaggle/input/datasets/tawsifurrahman/covid19-radiography-database/COVID-19_Radiography_Dataset/Lung_Opacity/images/Lung_Opacity-4707.png,Lung_Opacity,Lung_Opacity,False,0.23305962979793549,0.1492772251367569,False,0.14974059164524078,False
1155,/kaggle/input/datasets/tawsifurrahman/covid19-radiography-database/COVID-19_Radiography_Dataset/Lung_Opacity/images/Lung_Opacity-4711.png,Lung_Opacity,Normal,False,0.21454480290412903,0.08934614062309265,False,0.09028744697570801,False
1156,/kaggle/input/datasets/tawsifurrahman/covid19-radiography-database/COVID-19_Radiography_Dataset/Lung_Opacity/images/Lung_Opacity-4717.png,Lung_Opacity,Lung_Opacity,False,0.06369578838348389,0.0753023773431778,False,0.07863178849220276,False
1157,/kaggle/input/datasets/tawsifurrahman/covid19-radiography-database/COVID-19_Radiography_Dataset/Lung_Opacity/images/Lung_Opacity-472.png,Lung_Opacity,Lung_Opacity,False,0.1349848508834839,0.04047108814120293,False,0.04060005769133568,False
1158,/kaggle/input/datasets/tawsifurrahman/covid19-radiography-database/COVID-19_Radiography_Dataset/Lung_Opacity/images/Lung_Opacity-4720.png,Lung_Opacity,Lung_Opacity,False,0.10788025707006454,0.03753621131181717,False,0.03760645166039467,False
1159,/kaggle/input/datasets/tawsifurrahman/covid19-radiography-database/COVID-19_Radiography_Dataset/Lung_Opacity/images/Lung_Opacity-4723.png,Lung_Opacity,Normal,False,0.31554925441741943,0.17020392417907715,False,0.1711159646511078,False
1160,/kaggle/input/datasets/tawsifurrahman/covid19-radiography-database/COVID-19_Radiography_Dataset/Lung_Opacity/images/Lung_Opacity-4742.png,Lung_Opacity,Normal,False,0.19895966351032257,0.14355430006980896,False,0.14622937142848969,False
1161,/kaggle/input/datasets/tawsifurrahman/covid19-radiography-database/COVID-19_Radiography_Dataset/Lung_Opacity/images/Lung_Opacity-4743.png,Lung_Opacity,Lung_Opacity,False,0.21859055757522583,0.12562903761863708,False,0.12584654986858368,False
1162,/kaggle/input/datasets/tawsifurrahman/covid19-radiography-database/COVID-19_Radiography_Dataset/Lung_Opacity/images/Lung_Opacity-4750.png,Lung_Opacity,Lung_Opacity,True,0.09789540618658066,0.06074781343340874,False,0.06122000887989998,False
1163,/kaggle/input/datasets/tawsifurrahman/covid19-radiography-database/COVID-19_Radiography_Dataset/Lung_Opacity/images/Lung_Opacity-4753.png,Lung_Opacity,Lung_Opacity,False,0.26169881224632263,0.11932189762592316,False,0.12018520385026932,False
1164,/kaggle/input/datasets/tawsifurrahman/covid19-radiography-database/COVID-19_Radiography_Dataset/Lung_Opacity/images/Lung_Opacity-4754.png,Lung_Opacity,Lung_Opacity,False,0.17881058156490326,0.06634976714849472,False,0.06713242828845978,False
1165,/kaggle/input/datasets/tawsifurrahman/covid19-radiography-database/COVID-19_Radiography_Dataset/Lung_Opacity/images/Lung_Opacity-4769.png,Lung_Opacity,Normal,False,0.26231664419174194,0.10890211164951324,False,0.10987374186515808,False
1166,/kaggle/input/datasets/tawsifurrahman/covid19-radiography-database/COVID-19_Radiography_Dataset/Lung_Opacity/images/Lung_Opacity-4778.png,Lung_Opacity,Lung_Opacity,False,0.22757892310619354,0.1433817595243454,False,0.1435094028711319,False
1167,/kaggle/input/datasets/tawsifurrahman/covid19-radiography-database/COVID-19_Radiography_Dataset/Lung_Opacity/images/Lung_Opacity-4779.png,Lung_Opacity,Lung_Opacity,False,0.22799743711948395,0.11321786791086197,False,0.1142071783542633,False
1168,/kaggle/input/datasets/tawsifurrahman/covid19-radiography-database/COVID-19_Radiography_Dataset/Lung_Opacity/images/Lung_Opacity-4786.png,Lung_Opacity,Lung_Opacity,True,0.18913424015045166,0.1076221913099289,False,0.10789436101913452,False
1169,/kaggle/input/datasets/tawsifurrahman/covid19-radiography-database/COVID-19_Radiography_Dataset/Lung_Opacity/images/Lung_Opacity-4792.png,Lung_Opacity,Lung_Opacity,False,0.23778299987316132,0.08689508587121964,False,0.0867934450507164,False
1170,/kaggle/input/datasets/tawsifurrahman/covid19-radiography-database/COVID-19_Radiography_Dataset/Lung_Opacity/images/Lung_Opacity-481.png,Lung_Opacity,Lung_Opacity,True,0.22815687954425812,0.08228952437639236,False,0.08249445259571075,False
1171,/kaggle/input/datasets/tawsifurrahman/covid19-radiography-database/COVID-19_Radiography_Dataset/Lung_Opacity/images/Lung_Opacity-4815.png,Lung_Opacity,Lung_Opacity,False,0.18160076439380646,0.07135286927223206,False,0.07186411321163177,False
1172,/kaggle/input/datasets/tawsifurrahman/covid19-radiography-database/COVID-19_Radiography_Dataset/Lung_Opacity/images/Lung_Opacity-4821.png,Lung_Opacity,Lung_Opacity,False,0.20180962979793549,0.12281070649623871,False,0.12391456961631775,False
1173,/kaggle/input/datasets/tawsifurrahman/covid19-radiography-database/COVID-19_Radiography_Dataset/Lung_Opacity/images/Lung_Opacity-4825.png,Lung_Opacity,Lung_Opacity,False,0.2657645046710968,0.1326427012681961,False,0.13315971195697784,False
1174,/kaggle/input/datasets/tawsifurrahman/covid19-radiography-database/COVID-19_Radiography_Dataset/Lung_Opacity/images/Lung_Opacity-4831.png,Lung_Opacity,Lung_Opacity,True,0.22937260568141937,0.15162338316440582,False,0.15491820871829987,False
1175,/kaggle/input/datasets/tawsifurrahman/covid19-radiography-database/COVID-19_Radiography_Dataset/Lung_Opacity/images/Lung_Opacity-4852.png,Lung_Opacity,Lung_Opacity,False,0.22821667790412903,0.11685532331466675,False,0.11693868041038513,False
1176,/kaggle/input/datasets/tawsifurrahman/covid19-radiography-database/COVID-19_Radiography_Dataset/Lung_Opacity/images/Lung_Opacity-4853.png,Lung_Opacity,Normal,True,0.2822863459587097,0.1242164596915245,False,0.12555788457393646,False
1177,/kaggle/input/datasets/tawsifurrahman/covid19-radiography-database/COVID-19_Radiography_Dataset/Lung_Opacity/images/Lung_Opacity-4868.png,Lung_Opacity,Normal,True,0.18955276906490326,0.06374291330575943,False,0.06471339613199234,False
1178,/kaggle/input/datasets/tawsifurrahman/covid19-radiography-database/COVID-19_Radiography_Dataset/Lung_Opacity/images/Lung_Opacity-4874.png,Lung_Opacity,Normal,False,0.19551178812980652,0.10072088986635208,False,0.1015622690320015,False
1179,/kaggle/input/datasets/tawsifurrahman/covid19-radiography-database/COVID-19_Radiography_Dataset/Lung_Opacity/images/Lung_Opacity-4882.png,Lung_Opacity,Lung_Opacity,False,0.19003108143806458,0.054285041987895966,False,0.05418450012803078,False
1180,/kaggle/input/datasets/tawsifurrahman/covid19-radiography-database/COVID-19_Radiography_Dataset/Lung_Opacity/images/Lung_Opacity-4888.png,Lung_Opacity,Lung_Opacity,True,0.2300502210855484,0.10702702403068542,False,0.10657268762588501,False
1181,/kaggle/input/datasets/tawsifurrahman/covid19-radiography-database/COVID-19_Radiography_Dataset/Lung_Opacity/images/Lung_Opacity-489.png,Lung_Opacity,Lung_Opacity,False,0.1547154039144516,0.05704471841454506,False,0.057039160281419754,False
1182,/kaggle/input/datasets/tawsifurrahman/covid19-radiography-database/COVID-19_Radiography_Dataset/Lung_Opacity/images/Lung_Opacity-490.png,Lung_Opacity,Lung_Opacity,True,0.27606824040412903,0.12005885690450668,False,0.12031066417694092,False
1183,/kaggle/input/datasets/tawsifurrahman/covid19-radiography-database/COVID-19_Radiography_Dataset/Lung_Opacity/images/Lung_Opacity-4905.png,Lung_Opacity,Lung_Opacity,False,0.23429527878761292,0.1020563393831253,False,0.10239551216363907,False
1184,/kaggle/input/datasets/tawsifurrahman/covid19-radiography-database/COVID-19_Radiography_Dataset/Lung_Opacity/images/Lung_Opacity-4915.png,Lung_Opacity,Lung_Opacity,True,0.23836097121238708,0.12416671961545944,False,0.12426396459341049,False
1185,/kaggle/input/datasets/tawsifurrahman/covid19-radiography-database/COVID-19_Radiography_Dataset/Lung_Opacity/images/Lung_Opacity-4941.png,Lung_Opacity,Normal,False,0.24069274961948395,0.0860414206981659,False,0.0863003060221672,False
1186,/kaggle/input/datasets/tawsifurrahman/covid19-radiography-database/COVID-19_Radiography_Dataset/Lung_Opacity/images/Lung_Opacity-4944.png,Lung_Opacity,Normal,False,0.25037866830825806,0.12837375700473785,False,0.12951365113258362,False
1187,/kaggle/input/datasets/tawsifurrahman/covid19-radiography-database/COVID-19_Radiography_Dataset/Lung_Opacity/images/Lung_Opacity-4945.png,Lung_Opacity,Lung_Opacity,False,0.21536192297935486,0.1140112355351448,False,0.11452242732048035,False
1188,/kaggle/input/datasets/tawsifurrahman/covid19-radiography-database/COVID-19_Radiography_Dataset/Lung_Opacity/images/Lung_Opacity-4949.png,Lung_Opacity,Lung_Opacity,True,0.23234215378761292,0.09468682110309601,False,0.09540720283985138,False
1189,/kaggle/input/datasets/tawsifurrahman/covid19-radiography-database/COVID-19_Radiography_Dataset/Lung_Opacity/images/Lung_Opacity-4956.png,Lung_Opacity,Normal,False,0.25219228863716125,0.08789840340614319,False,0.08794815093278885,False
1190,/kaggle/input/datasets/tawsifurrahman/covid19-radiography-database/COVID-19_Radiography_Dataset/Lung_Opacity/images/Lung_Opacity-4961.png,Lung_Opacity,Lung_Opacity,False,0.11242426186800003,0.03403601422905922,False,0.034064069390296936,False
1191,/kaggle/input/datasets/tawsifurrahman/covid19-radiography-database/COVID-19_Radiography_Dataset/Lung_Opacity/images/Lung_Opacity-4964.png,Lung_Opacity,Lung_Opacity,False,0.09725765138864517,0.030957002192735672,False,0.031274981796741486,False
1192,/kaggle/input/datasets/tawsifurrahman/covid19-radiography-database/COVID-19_Radiography_Dataset/Lung_Opacity/images/Lung_Opacity-4968.png,Lung_Opacity,Lung_Opacity,True,0.18935346603393555,0.0780109241604805,False,0.07771944999694824,False
1193,/kaggle/input/datasets/tawsifurrahman/covid19-radiography-database/COVID-19_Radiography_Dataset/Lung_Opacity/images/Lung_Opacity-4969.png,Lung_Opacity,Lung_Opacity,True,0.12236925959587097,0.10254871845245361,False,0.11030885577201843,False
1194,/kaggle/input/datasets/tawsifurrahman/covid19-radiography-database/COVID-19_Radiography_Dataset/Lung_Opacity/images/Lung_Opacity-498.png,Lung_Opacity,Lung_Opacity,False,0.1355229616165161,0.050001904368400574,False,0.05080860108137131,False
1195,/kaggle/input/datasets/tawsifurrahman/covid19-radiography-database/COVID-19_Radiography_Dataset/Lung_Opacity/images/Lung_Opacity-4981.png,Lung_Opacity,Lung_Opacity,False,0.20037467777729034,0.09779037535190582,False,0.09847554564476013,False
1196,/kaggle/input/datasets/tawsifurrahman/covid19-radiography-database/COVID-19_Radiography_Dataset/Lung_Opacity/images/Lung_Opacity-4999.png,Lung_Opacity,Lung_Opacity,True,0.22229750454425812,0.0871637687087059,False,0.08747172355651855,False
1197,/kaggle/input/datasets/tawsifurrahman/covid19-radiography-database/COVID-19_Radiography_Dataset/Lung_Opacity/images/Lung_Opacity-5008.png,Lung_Opacity,Normal,False,0.17629942297935486,0.10204318165779114,False,0.10286949574947357,False
1198,/kaggle/input/datasets/tawsifurrahman/covid19-radiography-database/COVID-19_Radiography_Dataset/Lung_Opacity/images/Lung_Opacity-5012.png,Lung_Opacity,Lung_Opacity,False,0.25916773080825806,0.13697513937950134,False,0.13792730867862701,False
1199,/kaggle/input/datasets/tawsifurrahman/covid19-radiography-database/COVID-19_Radiography_Dataset/Lung_Opacity/images/Lung_Opacity-5029.png,Lung_Opacity,Lung_Opacity,False,0.2269810289144516,0.10886509716510773,False,0.1093030795454979,False
1200,/kaggle/input/datasets/tawsifurrahman/covid19-radiography-database/COVID-19_Radiography_Dataset/Lung_Opacity/images/Lung_Opacity-504.png,Lung_Opacity,Lung_Opacity,False,0.3532963991165161,0.22443163394927979,False,0.22526401281356812,False
1201,/kaggle/input/datasets/tawsifurrahman/covid19-radiography-database/COVID-19_Radiography_Dataset/Lung_Opacity/images/Lung_Opacity-5042.png,Lung_Opacity,Lung_Opacity,False,0.1365792453289032,0.06289247423410416,False,0.06266597658395767,False
1202,/kaggle/input/datasets/tawsifurrahman/covid19-radiography-database/COVID-19_Radiography_Dataset/Lung_Opacity/images/Lung_Opacity-5049.png,Lung_Opacity,Lung_Opacity,False,0.19296076893806458,0.0657920390367508,False,0.06606592983007431,False
1203,/kaggle/input/datasets/tawsifurrahman/covid19-radiography-database/COVID-19_Radiography_Dataset/Lung_Opacity/images/Lung_Opacity-5062.png,Lung_Opacity,Lung_Opacity,False,0.21089763939380646,0.11131297051906586,False,0.11096267402172089,False
1204,/kaggle/input/datasets/tawsifurrahman/covid19-radiography-database/COVID-19_Radiography_Dataset/Lung_Opacity/images/Lung_Opacity-5065.png,Lung_Opacity,Lung_Opacity,False,0.2211216539144516,0.11254369467496872,False,0.11316163837909698,False
1205,/kaggle/input/datasets/tawsifurrahman/covid19-radiography-database/COVID-19_Radiography_Dataset/Lung_Opacity/images/Lung_Opacity-507.png,Lung_Opacity,Lung_Opacity,False,0.2900390625,0.14869636297225952,False,0.1492224782705307,False
1206,/kaggle/input/datasets/tawsifurrahman/covid19-radiography-database/COVID-19_Radiography_Dataset/Lung_Opacity/images/Lung_Opacity-5090.png,Lung_Opacity,Lung_Opacity,False,0.2169363796710968,0.08404148370027542,False,0.0843610018491745,False
1207,/kaggle/input/datasets/tawsifurrahman/covid19-radiography-database/COVID-19_Radiography_Dataset/Lung_Opacity/images/Lung_Opacity-5094.png,Lung_Opacity,Lung_Opacity,True,0.18696188926696777,0.09313751757144928,False,0.09292533248662949,False
1208,/kaggle/input/datasets/tawsifurrahman/covid19-radiography-database/COVID-19_Radiography_Dataset/Lung_Opacity/images/Lung_Opacity-5096.png,Lung_Opacity,Lung_Opacity,False,0.1908482164144516,0.08712229877710342,False,0.08710140734910965,False
1209,/kaggle/input/datasets/tawsifurrahman/covid19-radiography-database/COVID-19_Radiography_Dataset/Lung_Opacity/images/Lung_Opacity-510.png,Lung_Opacity,Lung_Opacity,False,0.16334502398967743,0.06528989970684052,False,0.06548994034528732,False
1210,/kaggle/input/datasets/tawsifurrahman/covid19-radiography-database/COVID-19_Radiography_Dataset/Lung_Opacity/images/Lung_Opacity-5104.png,Lung_Opacity,Lung_Opacity,False,0.18500876426696777,0.05684211850166321,False,0.05643640458583832,False
1211,/kaggle/input/datasets/tawsifurrahman/covid19-radiography-database/COVID-19_Radiography_Dataset/Lung_Opacity/images/Lung_Opacity-5117.png,Lung_Opacity,Lung_Opacity,False,0.1657366007566452,0.04906231537461281,False,0.04928894713521004,False
1212,/kaggle/input/datasets/tawsifurrahman/covid19-radiography-database/COVID-19_Radiography_Dataset/Lung_Opacity/images/Lung_Opacity-512.png,Lung_Opacity,Lung_Opacity,False,0.2419682741165161,0.2064591944217682,False,0.20821915566921234,False
1213,/kaggle/input/datasets/tawsifurrahman/covid19-radiography-database/COVID-19_Radiography_Dataset/Lung_Opacity/images/Lung_Opacity-513.png,Lung_Opacity,Lung_Opacity,False,0.16354432702064514,0.05297912657260895,False,0.05234657973051071,False
1214,/kaggle/input/datasets/tawsifurrahman/covid19-radiography-database/COVID-19_Radiography_Dataset/Lung_Opacity/images/Lung_Opacity-5130.png,Lung_Opacity,Lung_Opacity,True,0.21599967777729034,0.08470912277698517,False,0.08524354547262192,False
1215,/kaggle/input/datasets/tawsifurrahman/covid19-radiography-database/COVID-19_Radiography_Dataset/Lung_Opacity/images/Lung_Opacity-5133.png,Lung_Opacity,Lung_Opacity,False,0.22036431729793549,0.12627360224723816,False,0.12708328664302826,False
1216,/kaggle/input/datasets/tawsifurrahman/covid19-radiography-database/COVID-19_Radiography_Dataset/Lung_Opacity/images/Lung_Opacity-5136.png,Lung_Opacity,Lung_Opacity,False,0.11328125,0.03746968135237694,False,0.037771135568618774,False
1217,/kaggle/input/datasets/tawsifurrahman/covid19-radiography-database/COVID-19_Radiography_Dataset/Lung_Opacity/images/Lung_Opacity-5141.png,Lung_Opacity,Lung_Opacity,False,0.24139030277729034,0.10397330671548843,False,0.10398638993501663,False
1218,/kaggle/input/datasets/tawsifurrahman/covid19-radiography-database/COVID-19_Radiography_Dataset/Lung_Opacity/images/Lung_Opacity-5157.png,Lung_Opacity,Lung_Opacity,False,0.2349330335855484,0.07682061940431595,False,0.07661988586187363,False
1219,/kaggle/input/datasets/tawsifurrahman/covid19-radiography-database/COVID-19_Radiography_Dataset/Lung_Opacity/images/Lung_Opacity-5160.png,Lung_Opacity,Lung_Opacity,False,0.16597576439380646,0.07117503881454468,False,0.07134176045656204,False
1220,/kaggle/input/datasets/tawsifurrahman/covid19-radiography-database/COVID-19_Radiography_Dataset/Lung_Opacity/images/Lung_Opacity-5163.png,Lung_Opacity,Lung_Opacity,True,0.18692202866077423,0.05866953358054161,False,0.05870857462286949,False
1221,/kaggle/input/datasets/tawsifurrahman/covid19-radiography-database/COVID-19_Radiography_Dataset/Lung_Opacity/images/Lung_Opacity-5164.png,Lung_Opacity,Normal,True,0.23403619229793549,0.13329313695430756,False,0.13703566789627075,False
1222,/kaggle/input/datasets/tawsifurrahman/covid19-radiography-database/COVID-19_Radiography_Dataset/Lung_Opacity/images/Lung_Opacity-5171.png,Lung_Opacity,Lung_Opacity,True,0.28268495202064514,0.11797574162483215,False,0.11918304115533829,False
1223,/kaggle/input/datasets/tawsifurrahman/covid19-radiography-database/COVID-19_Radiography_Dataset/Lung_Opacity/images/Lung_Opacity-5172.png,Lung_Opacity,Lung_Opacity,False,0.18187977373600006,0.07241484522819519,False,0.07263654470443726,False
1224,/kaggle/input/datasets/tawsifurrahman/covid19-radiography-database/COVID-19_Radiography_Dataset/Lung_Opacity/images/Lung_Opacity-5189.png,Lung_Opacity,Lung_Opacity,True,0.18461017310619354,0.06959401071071625,False,0.07373902201652527,False
1225,/kaggle/input/datasets/tawsifurrahman/covid19-radiography-database/COVID-19_Radiography_Dataset/Lung_Opacity/images/Lung_Opacity-5192.png,Lung_Opacity,Lung_Opacity,False,0.1893933266401291,0.0626855418086052,False,0.06409978866577148,False
1226,/kaggle/input/datasets/tawsifurrahman/covid19-radiography-database/COVID-19_Radiography_Dataset/Lung_Opacity/images/Lung_Opacity-5204.png,Lung_Opacity,Lung_Opacity,False,0.17942841351032257,0.052384234964847565,False,0.0523105226457119,False
1227,/kaggle/input/datasets/tawsifurrahman/covid19-radiography-database/COVID-19_Radiography_Dataset/Lung_Opacity/images/Lung_Opacity-5206.png,Lung_Opacity,Lung_Opacity,True,0.14331552386283875,0.047808025032281876,False,0.04871240258216858,False
1228,/kaggle/input/datasets/tawsifurrahman/covid19-radiography-database/COVID-19_Radiography_Dataset/Lung_Opacity/images/Lung_Opacity-5208.png,Lung_Opacity,Lung_Opacity,False,0.23405611515045166,0.0826747938990593,False,0.08243488520383835,False
1229,/kaggle/input/datasets/tawsifurrahman/covid19-radiography-database/COVID-19_Radiography_Dataset/Lung_Opacity/images/Lung_Opacity-522.png,Lung_Opacity,Lung_Opacity,True,0.24625317752361298,0.08389203995466232,False,0.08403421938419342,False
1230,/kaggle/input/datasets/tawsifurrahman/covid19-radiography-database/COVID-19_Radiography_Dataset/Lung_Opacity/images/Lung_Opacity-5222.png,Lung_Opacity,Lung_Opacity,False,0.17217394709587097,0.10265307128429413,False,0.10247962921857834,False
1231,/kaggle/input/datasets/tawsifurrahman/covid19-radiography-database/COVID-19_Radiography_Dataset/Lung_Opacity/images/Lung_Opacity-5239.png,Lung_Opacity,Lung_Opacity,True,0.15188536047935486,0.045474082231521606,False,0.04549835994839668,False
1232,/kaggle/input/datasets/tawsifurrahman/covid19-radiography-database/COVID-19_Radiography_Dataset/Lung_Opacity/images/Lung_Opacity-5240.png,Lung_Opacity,Lung_Opacity,False,0.16575653851032257,0.10590939968824387,False,0.10672380775213242,False
1233,/kaggle/input/datasets/tawsifurrahman/covid19-radiography-database/COVID-19_Radiography_Dataset/Lung_Opacity/images/Lung_Opacity-525.png,Lung_Opacity,Lung_Opacity,True,0.29362642765045166,0.23767387866973877,False,0.23968739807605743,False
1234,/kaggle/input/datasets/tawsifurrahman/covid19-radiography-database/COVID-19_Radiography_Dataset/Lung_Opacity/images/Lung_Opacity-5252.png,Lung_Opacity,Lung_Opacity,False,0.2861328125,0.12366769462823868,False,0.1244574561715126,False
1235,/kaggle/input/datasets/tawsifurrahman/covid19-radiography-database/COVID-19_Radiography_Dataset/Lung_Opacity/images/Lung_Opacity-5264.png,Lung_Opacity,Lung_Opacity,True,0.16081392765045166,0.06568007171154022,False,0.06625571846961975,False
1236,/kaggle/input/datasets/tawsifurrahman/covid19-radiography-database/COVID-19_Radiography_Dataset/Lung_Opacity/images/Lung_Opacity-5266.png,Lung_Opacity,Lung_Opacity,False,0.14253826439380646,0.08134892582893372,False,0.08128754049539566,False
1237,/kaggle/input/datasets/tawsifurrahman/covid19-radiography-database/COVID-19_Radiography_Dataset/Lung_Opacity/images/Lung_Opacity-5269.png,Lung_Opacity,Lung_Opacity,False,0.2534877061843872,0.08958014100790024,False,0.08939846605062485,False
1238,/kaggle/input/datasets/tawsifurrahman/covid19-radiography-database/COVID-19_Radiography_Dataset/Lung_Opacity/images/Lung_Opacity-5277.png,Lung_Opacity,Lung_Opacity,False,0.17681759595870972,0.06749656796455383,False,0.06738223880529404,False
1239,/kaggle/input/datasets/tawsifurrahman/covid19-radiography-database/COVID-19_Radiography_Dataset/Lung_Opacity/images/Lung_Opacity-5293.png,Lung_Opacity,Lung_Opacity,False,0.20998086035251617,0.08432430773973465,False,0.08417783677577972,False
1240,/kaggle/input/datasets/tawsifurrahman/covid19-radiography-database/COVID-19_Radiography_Dataset/Lung_Opacity/images/Lung_Opacity-5298.png,Lung_Opacity,Lung_Opacity,False,0.16063456237316132,0.055810753256082535,False,0.05593562871217728,False
1241,/kaggle/input/datasets/tawsifurrahman/covid19-radiography-database/COVID-19_Radiography_Dataset/Lung_Opacity/images/Lung_Opacity-5301.png,Lung_Opacity,Lung_Opacity,False,0.18789859116077423,0.0508718304336071,False,0.05070330575108528,False
1242,/kaggle/input/datasets/tawsifurrahman/covid19-radiography-database/COVID-19_Radiography_Dataset/Lung_Opacity/images/Lung_Opacity-5305.png,Lung_Opacity,Lung_Opacity,False,0.23871970176696777,0.08782770484685898,False,0.08737889677286148,False
1243,/kaggle/input/datasets/tawsifurrahman/covid19-radiography-database/COVID-19_Radiography_Dataset/Lung_Opacity/images/Lung_Opacity-531.png,Lung_Opacity,Normal,True,0.3743622303009033,0.22574956715106964,False,0.22604931890964508,False
1244,/kaggle/input/datasets/tawsifurrahman/covid19-radiography-database/COVID-19_Radiography_Dataset/Lung_Opacity/images/Lung_Opacity-5310.png,Lung_Opacity,Normal,True,0.29384565353393555,0.10917700827121735,False,0.10945691913366318,False
1245,/kaggle/input/datasets/tawsifurrahman/covid19-radiography-database/COVID-19_Radiography_Dataset/Lung_Opacity/images/Lung_Opacity-5322.png,Lung_Opacity,Lung_Opacity,False,0.29755261540412903,0.1538114696741104,False,0.15390121936798096,False
1246,/kaggle/input/datasets/tawsifurrahman/covid19-radiography-database/COVID-19_Radiography_Dataset/Lung_Opacity/images/Lung_Opacity-5324.png,Lung_Opacity,Normal,True,0.2681361436843872,0.11357709765434265,False,0.11504339426755905,False
1247,/kaggle/input/datasets/tawsifurrahman/covid19-radiography-database/COVID-19_Radiography_Dataset/Lung_Opacity/images/Lung_Opacity-5335.png,Lung_Opacity,Lung_Opacity,False,0.1198381707072258,0.04422026500105858,False,0.04444613680243492,False
1248,/kaggle/input/datasets/tawsifurrahman/covid19-radiography-database/COVID-19_Radiography_Dataset/Lung_Opacity/images/Lung_Opacity-5338.png,Lung_Opacity,Lung_Opacity,False,0.31915655732154846,0.2031717151403427,False,0.20397979021072388,False
1249,/kaggle/input/datasets/tawsifurrahman/covid19-radiography-database/COVID-19_Radiography_Dataset/Lung_Opacity/images/Lung_Opacity-5355.png,Lung_Opacity,Lung_Opacity,False,0.13639986515045166,0.036793507635593414,False,0.03686188533902168,False
1250,/kaggle/input/datasets/tawsifurrahman/covid19-radiography-database/COVID-19_Radiography_Dataset/Lung_Opacity/images/Lung_Opacity-5367.png,Lung_Opacity,Lung_Opacity,True,0.19959741830825806,0.0649658590555191,False,0.06529179960489273,False
1251,/kaggle/input/datasets/tawsifurrahman/covid19-radiography-database/COVID-19_Radiography_Dataset/Lung_Opacity/images/Lung_Opacity-5368.png,Lung_Opacity,COVID,False,0.3195551633834839,0.1953030377626419,False,0.19582295417785645,False
1252,/kaggle/input/datasets/tawsifurrahman/covid19-radiography-database/COVID-19_Radiography_Dataset/Lung_Opacity/images/Lung_Opacity-5371.png,Lung_Opacity,Lung_Opacity,False,0.20049425959587097,0.09651650488376617,False,0.09782491624355316,False
1253,/kaggle/input/datasets/tawsifurrahman/covid19-radiography-database/COVID-19_Radiography_Dataset/Lung_Opacity/images/Lung_Opacity-5374.png,Lung_Opacity,Lung_Opacity,False,0.10010761767625809,0.11830830574035645,False,0.11952013522386551,False
1254,/kaggle/input/datasets/tawsifurrahman/covid19-radiography-database/COVID-19_Radiography_Dataset/Lung_Opacity/images/Lung_Opacity-5382.png,Lung_Opacity,Normal,True,0.15493462979793549,0.04918982833623886,False,0.04925902932882309,False
1255,/kaggle/input/datasets/tawsifurrahman/covid19-radiography-database/COVID-19_Radiography_Dataset/Lung_Opacity/images/Lung_Opacity-5385.png,Lung_Opacity,Lung_Opacity,False,0.10805962979793549,0.030171150341629982,False,0.030678529292345047,False
1256,/kaggle/input/datasets/tawsifurrahman/covid19-radiography-database/COVID-19_Radiography_Dataset/Lung_Opacity/images/Lung_Opacity-539.png,Lung_Opacity,Lung_Opacity,False,0.220563605427742,0.074434794485569,False,0.07449409365653992,False
1257,/kaggle/input/datasets/tawsifurrahman/covid19-radiography-database/COVID-19_Radiography_Dataset/Lung_Opacity/images/Lung_Opacity-5404.png,Lung_Opacity,Lung_Opacity,False,0.23407605290412903,0.08959358930587769,False,0.08983597904443741,False
1258,/kaggle/input/datasets/tawsifurrahman/covid19-radiography-database/COVID-19_Radiography_Dataset/Lung_Opacity/images/Lung_Opacity-5406.png,Lung_Opacity,Lung_Opacity,False,0.24643255770206451,0.12255627661943436,False,0.12301015853881836,False
1259,/kaggle/input/datasets/tawsifurrahman/covid19-radiography-database/COVID-19_Radiography_Dataset/Lung_Opacity/images/Lung_Opacity-5421.png,Lung_Opacity,Lung_Opacity,False,0.23788264393806458,0.1672850102186203,False,0.16888324916362762,False
1260,/kaggle/input/datasets/tawsifurrahman/covid19-radiography-database/COVID-19_Radiography_Dataset/Lung_Opacity/images/Lung_Opacity-5425.png,Lung_Opacity,Lung_Opacity,False,0.13781489431858063,0.04975535720586777,False,0.049728453159332275,False
1261,/kaggle/input/datasets/tawsifurrahman/covid19-radiography-database/COVID-19_Radiography_Dataset/Lung_Opacity/images/Lung_Opacity-5432.png,Lung_Opacity,Lung_Opacity,False,0.15226402878761292,0.0676690861582756,False,0.06742648035287857,False
1262,/kaggle/input/datasets/tawsifurrahman/covid19-radiography-database/COVID-19_Radiography_Dataset/Lung_Opacity/images/Lung_Opacity-5436.png,Lung_Opacity,Lung_Opacity,True,0.12996253371238708,0.03337378054857254,False,0.03352918475866318,False
1263,/kaggle/input/datasets/tawsifurrahman/covid19-radiography-database/COVID-19_Radiography_Dataset/Lung_Opacity/images/Lung_Opacity-5439.png,Lung_Opacity,Lung_Opacity,False,0.21069833636283875,0.09103823453187943,False,0.09169071912765503,False
1264,/kaggle/input/datasets/tawsifurrahman/covid19-radiography-database/COVID-19_Radiography_Dataset/Lung_Opacity/images/Lung_Opacity-5443.png,Lung_Opacity,Lung_Opacity,False,0.2149832546710968,0.07559152692556381,False,0.07567530870437622,False
1265,/kaggle/input/datasets/tawsifurrahman/covid19-radiography-database/COVID-19_Radiography_Dataset/Lung_Opacity/images/Lung_Opacity-5447.png,Lung_Opacity,Lung_Opacity,False,0.21725524961948395,0.12419252842664719,False,0.12313190847635269,False
1266,/kaggle/input/datasets/tawsifurrahman/covid19-radiography-database/COVID-19_Radiography_Dataset/Lung_Opacity/images/Lung_Opacity-5449.png,Lung_Opacity,Lung_Opacity,True,0.1794881969690323,0.05797504261136055,False,0.0578925721347332,False
1267,/kaggle/input/datasets/tawsifurrahman/covid19-radiography-database/COVID-19_Radiography_Dataset/Lung_Opacity/images/Lung_Opacity-545.png,Lung_Opacity,Lung_Opacity,True,0.2643694281578064,0.15171341598033905,False,0.15188480913639069,False
1268,/kaggle/input/datasets/tawsifurrahman/covid19-radiography-database/COVID-19_Radiography_Dataset/Lung_Opacity/images/Lung_Opacity-546.png,Lung_Opacity,Lung_Opacity,False,0.22913344204425812,0.1253485530614853,False,0.12603403627872467,False
1269,/kaggle/input/datasets/tawsifurrahman/covid19-radiography-database/COVID-19_Radiography_Dataset/Lung_Opacity/images/Lung_Opacity-5475.png,Lung_Opacity,Lung_Opacity,False,0.29858896136283875,0.1368766874074936,False,0.13732506334781647,False
1270,/kaggle/input/datasets/tawsifurrahman/covid19-radiography-database/COVID-19_Radiography_Dataset/Lung_Opacity/images/Lung_Opacity-5487.png,Lung_Opacity,Lung_Opacity,False,0.11073023080825806,0.09164630621671677,False,0.0928841233253479,False
1271,/kaggle/input/datasets/tawsifurrahman/covid19-radiography-database/COVID-19_Radiography_Dataset/Lung_Opacity/images/Lung_Opacity-549.png,Lung_Opacity,Normal,False,0.07112962007522583,0.06903374940156937,False,0.07283731549978256,False
1272,/kaggle/input/datasets/tawsifurrahman/covid19-radiography-database/COVID-19_Radiography_Dataset/Lung_Opacity/images/Lung_Opacity-5490.png,Lung_Opacity,Lung_Opacity,False,0.14762037992477417,0.05685112252831459,False,0.057649627327919006,False
1273,/kaggle/input/datasets/tawsifurrahman/covid19-radiography-database/COVID-19_Radiography_Dataset/Lung_Opacity/images/Lung_Opacity-5494.png,Lung_Opacity,Normal,False,0.18476960062980652,0.09359944611787796,False,0.09437908232212067,False
1274,/kaggle/input/datasets/tawsifurrahman/covid19-radiography-database/COVID-19_Radiography_Dataset/Lung_Opacity/images/Lung_Opacity-5498.png,Lung_Opacity,Lung_Opacity,False,0.1494140625,0.049135446548461914,False,0.04917588457465172,False
1275,/kaggle/input/datasets/tawsifurrahman/covid19-radiography-database/COVID-19_Radiography_Dataset/Lung_Opacity/images/Lung_Opacity-550.png,Lung_Opacity,Lung_Opacity,False,0.19668765366077423,0.08490115404129028,False,0.08587157726287842,False
1276,/kaggle/input/datasets/tawsifurrahman/covid19-radiography-database/COVID-19_Radiography_Dataset/Lung_Opacity/images/Lung_Opacity-5503.png,Lung_Opacity,Lung_Opacity,False,0.22941246628761292,0.12151040881872177,False,0.12191102653741837,False
1277,/kaggle/input/datasets/tawsifurrahman/covid19-radiography-database/COVID-19_Radiography_Dataset/Lung_Opacity/images/Lung_Opacity-5506.png,Lung_Opacity,Normal,False,0.25581949949264526,0.08656428754329681,False,0.08881271630525589,False
1278,/kaggle/input/datasets/tawsifurrahman/covid19-radiography-database/COVID-19_Radiography_Dataset/Lung_Opacity/images/Lung_Opacity-5520.png,Lung_Opacity,Lung_Opacity,False,0.23497289419174194,0.09538038074970245,False,0.09640282392501831,False
1279,/kaggle/input/datasets/tawsifurrahman/covid19-radiography-database/COVID-19_Radiography_Dataset/Lung_Opacity/images/Lung_Opacity-5524.png,Lung_Opacity,Lung_Opacity,True,0.31204161047935486,0.18122385442256927,False,0.18289318680763245,False
1280,/kaggle/input/datasets/tawsifurrahman/covid19-radiography-database/COVID-19_Radiography_Dataset/Lung_Opacity/images/Lung_Opacity-5534.png,Lung_Opacity,Lung_Opacity,False,0.2866111099720001,0.14030598104000092,False,0.1403646320104599,False
1281,/kaggle/input/datasets/tawsifurrahman/covid19-radiography-database/COVID-19_Radiography_Dataset/Lung_Opacity/images/Lung_Opacity-5535.png,Lung_Opacity,Lung_Opacity,True,0.29308831691741943,0.16926246881484985,False,0.16912619769573212,False
1282,/kaggle/input/datasets/tawsifurrahman/covid19-radiography-database/COVID-19_Radiography_Dataset/Lung_Opacity/images/Lung_Opacity-5536.png,Lung_Opacity,Lung_Opacity,False,0.15142697095870972,0.045950353145599365,False,0.04641563817858696,False
1283,/kaggle/input/datasets/tawsifurrahman/covid19-radiography-database/COVID-19_Radiography_Dataset/Lung_Opacity/images/Lung_Opacity-5537.png,Lung_Opacity,Lung_Opacity,True,0.22630341351032257,0.11382514983415604,False,0.11376471817493439,False
1284,/kaggle/input/datasets/tawsifurrahman/covid19-radiography-database/COVID-19_Radiography_Dataset/Lung_Opacity/images/Lung_Opacity-5541.png,Lung_Opacity,Lung_Opacity,False,0.119140625,0.05245453491806984,False,0.05377883464097977,False
1285,/kaggle/input/datasets/tawsifurrahman/covid19-radiography-database/COVID-19_Radiography_Dataset/Lung_Opacity/images/Lung_Opacity-5543.png,Lung_Opacity,Lung_Opacity,False,0.2593271732330322,0.12623345851898193,False,0.12719565629959106,False
1286,/kaggle/input/datasets/tawsifurrahman/covid19-radiography-database/COVID-19_Radiography_Dataset/Lung_Opacity/images/Lung_Opacity-5550.png,Lung_Opacity,Lung_Opacity,False,0.14875636994838715,0.06685687601566315,False,0.06709737330675125,False
1287,/kaggle/input/datasets/tawsifurrahman/covid19-radiography-database/COVID-19_Radiography_Dataset/Lung_Opacity/images/Lung_Opacity-5552.png,Lung_Opacity,Lung_Opacity,False,0.21723532676696777,0.09033866226673126,False,0.09001580625772476,False
1288,/kaggle/input/datasets/tawsifurrahman/covid19-radiography-database/COVID-19_Radiography_Dataset/Lung_Opacity/images/Lung_Opacity-5553.png,Lung_Opacity,Normal,True,0.17785395681858063,0.08420605957508087,False,0.08461911231279373,False
1289,/kaggle/input/datasets/tawsifurrahman/covid19-radiography-database/COVID-19_Radiography_Dataset/Lung_Opacity/images/Lung_Opacity-5554.png,Lung_Opacity,Lung_Opacity,False,0.17283162474632263,0.07190758734941483,False,0.07265769690275192,False
1290,/kaggle/input/datasets/tawsifurrahman/covid19-radiography-database/COVID-19_Radiography_Dataset/Lung_Opacity/images/Lung_Opacity-5571.png,Lung_Opacity,Normal,False,0.29390543699264526,0.16665330529212952,False,0.16605263948440552,False
1291,/kaggle/input/datasets/tawsifurrahman/covid19-radiography-database/COVID-19_Radiography_Dataset/Lung_Opacity/images/Lung_Opacity-5574.png,Lung_Opacity,Lung_Opacity,False,0.14568717777729034,0.040284156799316406,False,0.04033597186207771,False
1292,/kaggle/input/datasets/tawsifurrahman/covid19-radiography-database/COVID-19_Radiography_Dataset/Lung_Opacity/images/Lung_Opacity-5576.png,Lung_Opacity,Lung_Opacity,False,0.09558354318141937,0.029692837968468666,False,0.029566481709480286,False
1293,/kaggle/input/datasets/tawsifurrahman/covid19-radiography-database/COVID-19_Radiography_Dataset/Lung_Opacity/images/Lung_Opacity-5578.png,Lung_Opacity,Lung_Opacity,True,0.19184470176696777,0.06609930098056793,False,0.06593188643455505,False
1294,/kaggle/input/datasets/tawsifurrahman/covid19-radiography-database/COVID-19_Radiography_Dataset/Lung_Opacity/images/Lung_Opacity-5582.png,Lung_Opacity,Lung_Opacity,True,0.27772241830825806,0.1376558542251587,False,0.13807426393032074,False
1295,/kaggle/input/datasets/tawsifurrahman/covid19-radiography-database/COVID-19_Radiography_Dataset/Lung_Opacity/images/Lung_Opacity-5589.png,Lung_Opacity,Lung_Opacity,False,0.18389269709587097,0.09856248646974564,False,0.09840703010559082,False
1296,/kaggle/input/datasets/tawsifurrahman/covid19-radiography-database/COVID-19_Radiography_Dataset/Lung_Opacity/images/Lung_Opacity-5591.png,Lung_Opacity,Lung_Opacity,False,0.2533681392669678,0.11548715084791183,False,0.11493836343288422,False
1297,/kaggle/input/datasets/tawsifurrahman/covid19-radiography-database/COVID-19_Radiography_Dataset/Lung_Opacity/images/Lung_Opacity-5594.png,Lung_Opacity,Lung_Opacity,True,0.3003826439380646,0.1426791548728943,False,0.14292320609092712,False
1298,/kaggle/input/datasets/tawsifurrahman/covid19-radiography-database/COVID-19_Radiography_Dataset/Lung_Opacity/images/Lung_Opacity-5596.png,Lung_Opacity,Lung_Opacity,False,0.24089205265045166,0.11390183866024017,False,0.11426205933094025,False
1299,/kaggle/input/datasets/tawsifurrahman/covid19-radiography-database/COVID-19_Radiography_Dataset/Lung_Opacity/images/Lung_Opacity-5604.png,Lung_Opacity,Lung_Opacity,False,0.23598931729793549,0.1468757539987564,False,0.14737164974212646,False
1300,/kaggle/input/datasets/tawsifurrahman/covid19-radiography-database/COVID-19_Radiography_Dataset/Lung_Opacity/images/Lung_Opacity-5606.png,Lung_Opacity,Lung_Opacity,True,0.20085299015045166,0.06270580738782883,False,0.06349106132984161,False
1301,/kaggle/input/datasets/tawsifurrahman/covid19-radiography-database/COVID-19_Radiography_Dataset/Lung_Opacity/images/Lung_Opacity-5613.png,Lung_Opacity,Lung_Opacity,False,0.2692721486091614,0.1398225873708725,False,0.1404193788766861,False
1302,/kaggle/input/datasets/tawsifurrahman/covid19-radiography-database/COVID-19_Radiography_Dataset/Lung_Opacity/images/Lung_Opacity-5617.png,Lung_Opacity,Lung_Opacity,False,0.25534120202064514,0.13834194839000702,False,0.13931281864643097,False
1303,/kaggle/input/datasets/tawsifurrahman/covid19-radiography-database/COVID-19_Radiography_Dataset/Lung_Opacity/images/Lung_Opacity-5633.png,Lung_Opacity,Lung_Opacity,False,0.20344386994838715,0.06846847385168076,False,0.0687868595123291,False
1304,/kaggle/input/datasets/tawsifurrahman/covid19-radiography-database/COVID-19_Radiography_Dataset/Lung_Opacity/images/Lung_Opacity-5642.png,Lung_Opacity,Lung_Opacity,False,0.25219228863716125,0.12548968195915222,False,0.12625017762184143,False
1305,/kaggle/input/datasets/tawsifurrahman/covid19-radiography-database/COVID-19_Radiography_Dataset/Lung_Opacity/images/Lung_Opacity-5649.png,Lung_Opacity,Lung_Opacity,False,0.17245295643806458,0.057270754128694534,False,0.05743981525301933,False
1306,/kaggle/input/datasets/tawsifurrahman/covid19-radiography-database/COVID-19_Radiography_Dataset/Lung_Opacity/images/Lung_Opacity-5650.png,Lung_Opacity,Lung_Opacity,False,0.2434430718421936,0.09464118629693985,False,0.09462954849004745,False
1307,/kaggle/input/datasets/tawsifurrahman/covid19-radiography-database/COVID-19_Radiography_Dataset/Lung_Opacity/images/Lung_Opacity-5654.png,Lung_Opacity,Lung_Opacity,False,0.18672272562980652,0.06832147389650345,False,0.068069227039814,False
1308,/kaggle/input/datasets/tawsifurrahman/covid19-radiography-database/COVID-19_Radiography_Dataset/Lung_Opacity/images/Lung_Opacity-566.png,Lung_Opacity,Lung_Opacity,False,0.13249361515045166,0.03248339891433716,False,0.032082900404930115,False
1309,/kaggle/input/datasets/tawsifurrahman/covid19-radiography-database/COVID-19_Radiography_Dataset/Lung_Opacity/images/Lung_Opacity-5665.png,Lung_Opacity,Lung_Opacity,False,0.14989237487316132,0.07239160686731339,False,0.07611992955207825,False
1310,/kaggle/input/datasets/tawsifurrahman/covid19-radiography-database/COVID-19_Radiography_Dataset/Lung_Opacity/images/Lung_Opacity-5679.png,Lung_Opacity,Lung_Opacity,False,0.24152980744838715,0.08689359575510025,False,0.08713999390602112,False
1311,/kaggle/input/datasets/tawsifurrahman/covid19-radiography-database/COVID-19_Radiography_Dataset/Lung_Opacity/images/Lung_Opacity-5685.png,Lung_Opacity,Lung_Opacity,False,0.2700693607330322,0.11458234488964081,False,0.11531994491815567,False
1312,/kaggle/input/datasets/tawsifurrahman/covid19-radiography-database/COVID-19_Radiography_Dataset/Lung_Opacity/images/Lung_Opacity-5686.png,Lung_Opacity,Lung_Opacity,False,0.16075414419174194,0.08611059188842773,False,0.08589714765548706,False
1313,/kaggle/input/datasets/tawsifurrahman/covid19-radiography-database/COVID-19_Radiography_Dataset/Lung_Opacity/images/Lung_Opacity-5688.png,Lung_Opacity,Lung_Opacity,False,0.22024473547935486,0.07349837571382523,False,0.07413089275360107,False
1314,/kaggle/input/datasets/tawsifurrahman/covid19-radiography-database/COVID-19_Radiography_Dataset/Lung_Opacity/images/Lung_Opacity-5697.png,Lung_Opacity,Lung_Opacity,True,0.12657445669174194,0.047998927533626556,False,0.04871834069490433,False
1315,/kaggle/input/datasets/tawsifurrahman/covid19-radiography-database/COVID-19_Radiography_Dataset/Lung_Opacity/images/Lung_Opacity-5698.png,Lung_Opacity,Lung_Opacity,False,0.1745854616165161,0.07029707729816437,False,0.07091990858316422,False
1316,/kaggle/input/datasets/tawsifurrahman/covid19-radiography-database/COVID-19_Radiography_Dataset/Lung_Opacity/images/Lung_Opacity-570.png,Lung_Opacity,Lung_Opacity,True,0.14783960580825806,0.05008513852953911,False,0.05056622996926308,False
1317,/kaggle/input/datasets/tawsifurrahman/covid19-radiography-database/COVID-19_Radiography_Dataset/Lung_Opacity/images/Lung_Opacity-5705.png,Lung_Opacity,Lung_Opacity,False,0.21392697095870972,0.097081758081913,False,0.09909327328205109,False
1318,/kaggle/input/datasets/tawsifurrahman/covid19-radiography-database/COVID-19_Radiography_Dataset/Lung_Opacity/images/Lung_Opacity-5706.png,Lung_Opacity,Lung_Opacity,False,0.23794244229793549,0.09046764671802521,False,0.09002500027418137,False
1319,/kaggle/input/datasets/tawsifurrahman/covid19-radiography-database/COVID-19_Radiography_Dataset/Lung_Opacity/images/Lung_Opacity-5707.png,Lung_Opacity,Lung_Opacity,True,0.16185028851032257,0.060680728405714035,False,0.06088849902153015,False
1320,/kaggle/input/datasets/tawsifurrahman/covid19-radiography-database/COVID-19_Radiography_Dataset/Lung_Opacity/images/Lung_Opacity-5714.png,Lung_Opacity,Lung_Opacity,True,0.18172034621238708,0.05941580608487129,False,0.05916469916701317,False
1321,/kaggle/input/datasets/tawsifurrahman/covid19-radiography-database/COVID-19_Radiography_Dataset/Lung_Opacity/images/Lung_Opacity-5716.png,Lung_Opacity,Lung_Opacity,False,0.08322703838348389,0.03796658664941788,False,0.039553411304950714,False
1322,/kaggle/input/datasets/tawsifurrahman/covid19-radiography-database/COVID-19_Radiography_Dataset/Lung_Opacity/images/Lung_Opacity-5725.png,Lung_Opacity,Lung_Opacity,True,0.17747528851032257,0.05943683907389641,False,0.0594211146235466,False
1323,/kaggle/input/datasets/tawsifurrahman/covid19-radiography-database/COVID-19_Radiography_Dataset/Lung_Opacity/images/Lung_Opacity-5727.png,Lung_Opacity,Lung_Opacity,False,0.2085658460855484,0.06478533893823624,False,0.0641748309135437,False
1324,/kaggle/input/datasets/tawsifurrahman/covid19-radiography-database/COVID-19_Radiography_Dataset/Lung_Opacity/images/Lung_Opacity-5730.png,Lung_Opacity,Lung_Opacity,False,0.2358497977256775,0.10268483310937881,False,0.10269574075937271,False
1325,/kaggle/input/datasets/tawsifurrahman/covid19-radiography-database/COVID-19_Radiography_Dataset/Lung_Opacity/images/Lung_Opacity-5731.png,Lung_Opacity,Lung_Opacity,False,0.19955755770206451,0.10334629565477371,False,0.10334298759698868,False
1326,/kaggle/input/datasets/tawsifurrahman/covid19-radiography-database/COVID-19_Radiography_Dataset/Lung_Opacity/images/Lung_Opacity-5748.png,Lung_Opacity,Lung_Opacity,True,0.20737005770206451,0.09021802246570587,False,0.09114662557840347,False
1327,/kaggle/input/datasets/tawsifurrahman/covid19-radiography-database/COVID-19_Radiography_Dataset/Lung_Opacity/images/Lung_Opacity-5757.png,Lung_Opacity,Lung_Opacity,True,0.3016980290412903,0.13108523190021515,False,0.13179942965507507,False
1328,/kaggle/input/datasets/tawsifurrahman/covid19-radiography-database/COVID-19_Radiography_Dataset/Lung_Opacity/images/Lung_Opacity-5758.png,Lung_Opacity,Lung_Opacity,False,0.2331991344690323,0.09387554228305817,False,0.09476537257432938,False
1329,/kaggle/input/datasets/tawsifurrahman/covid19-radiography-database/COVID-19_Radiography_Dataset/Lung_Opacity/images/Lung_Opacity-5760.png,Lung_Opacity,Normal,True,0.26440927386283875,0.11439253389835358,False,0.11621183156967163,False
1330,/kaggle/input/datasets/tawsifurrahman/covid19-radiography-database/COVID-19_Radiography_Dataset/Lung_Opacity/images/Lung_Opacity-5766.png,Lung_Opacity,Lung_Opacity,False,0.14532844722270966,0.05003204941749573,False,0.0502181351184845,False
1331,/kaggle/input/datasets/tawsifurrahman/covid19-radiography-database/COVID-19_Radiography_Dataset/Lung_Opacity/images/Lung_Opacity-5782.png,Lung_Opacity,Lung_Opacity,True,0.2592275142669678,0.08079233765602112,False,0.08081871271133423,False
1332,/kaggle/input/datasets/tawsifurrahman/covid19-radiography-database/COVID-19_Radiography_Dataset/Lung_Opacity/images/Lung_Opacity-5795.png,Lung_Opacity,Normal,False,0.11156728118658066,0.07774808257818222,False,0.07953528314828873,False
1333,/kaggle/input/datasets/tawsifurrahman/covid19-radiography-database/COVID-19_Radiography_Dataset/Lung_Opacity/images/Lung_Opacity-5796.png,Lung_Opacity,Lung_Opacity,True,0.17657844722270966,0.05077485367655754,False,0.05088081955909729,False
1334,/kaggle/input/datasets/tawsifurrahman/covid19-radiography-database/COVID-19_Radiography_Dataset/Lung_Opacity/images/Lung_Opacity-5797.png,Lung_Opacity,Lung_Opacity,True,0.25400587916374207,0.16932198405265808,False,0.1708582192659378,False
1335,/kaggle/input/datasets/tawsifurrahman/covid19-radiography-database/COVID-19_Radiography_Dataset/Lung_Opacity/images/Lung_Opacity-5799.png,Lung_Opacity,Lung_Opacity,True,0.3238002061843872,0.18649016320705414,False,0.18682372570037842,False
1336,/kaggle/input/datasets/tawsifurrahman/covid19-radiography-database/COVID-19_Radiography_Dataset/Lung_Opacity/images/Lung_Opacity-5806.png,Lung_Opacity,Lung_Opacity,False,0.18720105290412903,0.058114055544137955,False,0.05813223496079445,False
1337,/kaggle/input/datasets/tawsifurrahman/covid19-radiography-database/COVID-19_Radiography_Dataset/Lung_Opacity/images/Lung_Opacity-5825.png,Lung_Opacity,Lung_Opacity,False,0.17542250454425812,0.05802349001169205,False,0.05798937380313873,False
1338,/kaggle/input/datasets/tawsifurrahman/covid19-radiography-database/COVID-19_Radiography_Dataset/Lung_Opacity/images/Lung_Opacity-5829.png,Lung_Opacity,Lung_Opacity,False,0.2107381969690323,0.08091322332620621,False,0.081564761698246,False
1339,/kaggle/input/datasets/tawsifurrahman/covid19-radiography-database/COVID-19_Radiography_Dataset/Lung_Opacity/images/Lung_Opacity-5864.png,Lung_Opacity,Lung_Opacity,False,0.21717554330825806,0.09358851611614227,False,0.09334439039230347,False
1340,/kaggle/input/datasets/tawsifurrahman/covid19-radiography-database/COVID-19_Radiography_Dataset/Lung_Opacity/images/Lung_Opacity-5877.png,Lung_Opacity,Normal,False,0.1940569132566452,0.0979151502251625,False,0.09835904091596603,False
1341,/kaggle/input/datasets/tawsifurrahman/covid19-radiography-database/COVID-19_Radiography_Dataset/Lung_Opacity/images/Lung_Opacity-5880.png,Lung_Opacity,Lung_Opacity,False,0.23126593232154846,0.10355330258607864,False,0.10374397784471512,False
1342,/kaggle/input/datasets/tawsifurrahman/covid19-radiography-database/COVID-19_Radiography_Dataset/Lung_Opacity/images/Lung_Opacity-5893.png,Lung_Opacity,Lung_Opacity,False,0.24007493257522583,0.12396012991666794,False,0.12595438957214355,False
1343,/kaggle/input/datasets/tawsifurrahman/covid19-radiography-database/COVID-19_Radiography_Dataset/Lung_Opacity/images/Lung_Opacity-590.png,Lung_Opacity,Lung_Opacity,False,0.2107182741165161,0.09737294912338257,False,0.09772290289402008,False
1344,/kaggle/input/datasets/tawsifurrahman/covid19-radiography-database/COVID-19_Radiography_Dataset/Lung_Opacity/images/Lung_Opacity-5909.png,Lung_Opacity,Lung_Opacity,False,0.20595502853393555,0.08196316659450531,False,0.0818331241607666,False
1345,/kaggle/input/datasets/tawsifurrahman/covid19-radiography-database/COVID-19_Radiography_Dataset/Lung_Opacity/images/Lung_Opacity-5913.png,Lung_Opacity,Lung_Opacity,True,0.14584662020206451,0.04705372825264931,False,0.047302279621362686,False
1346,/kaggle/input/datasets/tawsifurrahman/covid19-radiography-database/COVID-19_Radiography_Dataset/Lung_Opacity/images/Lung_Opacity-5918.png,Lung_Opacity,Lung_Opacity,False,0.11680883169174194,0.03780005872249603,False,0.03780706226825714,False
1347,/kaggle/input/datasets/tawsifurrahman/covid19-radiography-database/COVID-19_Radiography_Dataset/Lung_Opacity/images/Lung_Opacity-5919.png,Lung_Opacity,Lung_Opacity,True,0.2553611099720001,0.10881295800209045,False,0.10918823629617691,False
1348,/kaggle/input/datasets/tawsifurrahman/covid19-radiography-database/COVID-19_Radiography_Dataset/Lung_Opacity/images/Lung_Opacity-592.png,Lung_Opacity,Lung_Opacity,True,0.17524313926696777,0.06380484998226166,False,0.06410562247037888,False
1349,/kaggle/input/datasets/tawsifurrahman/covid19-radiography-database/COVID-19_Radiography_Dataset/Lung_Opacity/images/Lung_Opacity-5921.png,Lung_Opacity,Lung_Opacity,False,0.14600606262683868,0.05455794557929039,False,0.05489335209131241,False
1350,/kaggle/input/datasets/tawsifurrahman/covid19-radiography-database/COVID-19_Radiography_Dataset/Lung_Opacity/images/Lung_Opacity-5925.png,Lung_Opacity,Lung_Opacity,False,0.20135124027729034,0.08292651921510696,False,0.08330048620700836,False
1351,/kaggle/input/datasets/tawsifurrahman/covid19-radiography-database/COVID-19_Radiography_Dataset/Lung_Opacity/images/Lung_Opacity-5927.png,Lung_Opacity,Lung_Opacity,True,0.24673150479793549,0.1276174783706665,False,0.12801562249660492,False
1352,/kaggle/input/datasets/tawsifurrahman/covid19-radiography-database/COVID-19_Radiography_Dataset/Lung_Opacity/images/Lung_Opacity-5958.png,Lung_Opacity,Lung_Opacity,True,0.29306837916374207,0.13675543665885925,False,0.13813385367393494,False
1353,/kaggle/input/datasets/tawsifurrahman/covid19-radiography-database/COVID-19_Radiography_Dataset/Lung_Opacity/images/Lung_Opacity-5962.png,Lung_Opacity,Lung_Opacity,True,0.3010004758834839,0.11941077560186386,False,0.11962052434682846,False
1354,/kaggle/input/datasets/tawsifurrahman/covid19-radiography-database/COVID-19_Radiography_Dataset/Lung_Opacity/images/Lung_Opacity-5964.png,Lung_Opacity,Lung_Opacity,False,0.2605229616165161,0.10105039924383163,False,0.10179127752780914,False
1355,/kaggle/input/datasets/tawsifurrahman/covid19-radiography-database/COVID-19_Radiography_Dataset/Lung_Opacity/images/Lung_Opacity-5968.png,Lung_Opacity,Lung_Opacity,True,0.16761000454425812,0.052995409816503525,False,0.05304310843348503,False
1356,/kaggle/input/datasets/tawsifurrahman/covid19-radiography-database/COVID-19_Radiography_Dataset/Lung_Opacity/images/Lung_Opacity-5970.png,Lung_Opacity,Lung_Opacity,True,0.24713009595870972,0.16860724985599518,False,0.1681944876909256,False
1357,/kaggle/input/datasets/tawsifurrahman/covid19-radiography-database/COVID-19_Radiography_Dataset/Lung_Opacity/images/Lung_Opacity-5977.png,Lung_Opacity,Lung_Opacity,True,0.2537866532802582,0.12045134603977203,False,0.12085667997598648,False
1358,/kaggle/input/datasets/tawsifurrahman/covid19-radiography-database/COVID-19_Radiography_Dataset/Lung_Opacity/images/Lung_Opacity-5986.png,Lung_Opacity,Lung_Opacity,True,0.24443957209587097,0.11757730692625046,False,0.11777524650096893,False
1359,/kaggle/input/datasets/tawsifurrahman/covid19-radiography-database/COVID-19_Radiography_Dataset/Lung_Opacity/images/Lung_Opacity-599.png,Lung_Opacity,Lung_Opacity,False,0.18947304785251617,0.11726010590791702,False,0.11714687198400497,False
1360,/kaggle/input/datasets/tawsifurrahman/covid19-radiography-database/COVID-19_Radiography_Dataset/Lung_Opacity/images/Lung_Opacity-5997.png,Lung_Opacity,Lung_Opacity,False,0.20607461035251617,0.07625754922628403,False,0.0766119584441185,False
1361,/kaggle/input/datasets/tawsifurrahman/covid19-radiography-database/COVID-19_Radiography_Dataset/Lung_Opacity/images/Lung_Opacity-5998.png,Lung_Opacity,Lung_Opacity,True,0.18305563926696777,0.06434757262468338,False,0.0647868737578392,False
1362,/kaggle/input/datasets/tawsifurrahman/covid19-radiography-database/COVID-19_Radiography_Dataset/Lung_Opacity/images/Lung_Opacity-6000.png,Lung_Opacity,Lung_Opacity,False,0.1810227930545807,0.07972946017980576,False,0.08001069724559784,False
1363,/kaggle/input/datasets/tawsifurrahman/covid19-radiography-database/COVID-19_Radiography_Dataset/Lung_Opacity/images/Lung_Opacity-6001.png,Lung_Opacity,Lung_Opacity,True,0.2719626724720001,0.13796542584896088,False,0.13792970776557922,False
1364,/kaggle/input/datasets/tawsifurrahman/covid19-radiography-database/COVID-19_Radiography_Dataset/Lung_Opacity/images/Lung_Opacity-6003.png,Lung_Opacity,Lung_Opacity,True,0.2072504758834839,0.07910903543233871,False,0.07906872034072876,False
1365,/kaggle/input/datasets/tawsifurrahman/covid19-radiography-database/COVID-19_Radiography_Dataset/Lung_Opacity/images/Lung_Opacity-6012.png,Lung_Opacity,Lung_Opacity,False,0.3003427982330322,0.12994614243507385,False,0.13084636628627777,False
1366,/kaggle/input/datasets/tawsifurrahman/covid19-radiography-database/COVID-19_Radiography_Dataset/Lung_Opacity/images/Lung_Opacity-604.png,Lung_Opacity,Normal,False,0.25009965896606445,0.15080730617046356,False,0.15171915292739868,False
1367,/kaggle/input/datasets/tawsifurrahman/covid19-radiography-database/COVID-19_Radiography_Dataset/Lung_Opacity/images/Lung_Opacity-61.png,Lung_Opacity,Lung_Opacity,False,0.20914380252361298,0.0881960317492485,False,0.08772128075361252,False
1368,/kaggle/input/datasets/tawsifurrahman/covid19-radiography-database/COVID-19_Radiography_Dataset/Lung_Opacity/images/Lung_Opacity-619.png,Lung_Opacity,Lung_Opacity,False,0.2455357164144516,0.10935810953378677,False,0.1107294037938118,False
1369,/kaggle/input/datasets/tawsifurrahman/covid19-radiography-database/COVID-19_Radiography_Dataset/Lung_Opacity/images/Lung_Opacity-627.png,Lung_Opacity,Lung_Opacity,True,0.2733777165412903,0.11227703094482422,False,0.1132005974650383,False
1370,/kaggle/input/datasets/tawsifurrahman/covid19-radiography-database/COVID-19_Radiography_Dataset/Lung_Opacity/images/Lung_Opacity-628.png,Lung_Opacity,Lung_Opacity,False,0.2278977930545807,0.09090359508991241,False,0.0911947637796402,False
1371,/kaggle/input/datasets/tawsifurrahman/covid19-radiography-database/COVID-19_Radiography_Dataset/Lung_Opacity/images/Lung_Opacity-629.png,Lung_Opacity,Normal,False,0.22610411047935486,0.10118456184864044,False,0.1015530601143837,False
1372,/kaggle/input/datasets/tawsifurrahman/covid19-radiography-database/COVID-19_Radiography_Dataset/Lung_Opacity/images/Lung_Opacity-630.png,Lung_Opacity,Lung_Opacity,False,0.2263432741165161,0.14286410808563232,False,0.14255061745643616,False
1373,/kaggle/input/datasets/tawsifurrahman/covid19-radiography-database/COVID-19_Radiography_Dataset/Lung_Opacity/images/Lung_Opacity-633.png,Lung_Opacity,Normal,False,0.2311662882566452,0.08110826462507248,False,0.08134542405605316,False
1374,/kaggle/input/datasets/tawsifurrahman/covid19-radiography-database/COVID-19_Radiography_Dataset/Lung_Opacity/images/Lung_Opacity-644.png,Lung_Opacity,Normal,True,0.27277982234954834,0.12354102730751038,False,0.12432657182216644,False
1375,/kaggle/input/datasets/tawsifurrahman/covid19-radiography-database/COVID-19_Radiography_Dataset/Lung_Opacity/images/Lung_Opacity-647.png,Lung_Opacity,Lung_Opacity,True,0.24328362941741943,0.09287488460540771,False,0.09345386177301407,False
1376,/kaggle/input/datasets/tawsifurrahman/covid19-radiography-database/COVID-19_Radiography_Dataset/Lung_Opacity/images/Lung_Opacity-653.png,Lung_Opacity,Lung_Opacity,True,0.20091278851032257,0.06879112869501114,False,0.06899417191743851,False
1377,/kaggle/input/datasets/tawsifurrahman/covid19-radiography-database/COVID-19_Radiography_Dataset/Lung_Opacity/images/Lung_Opacity-658.png,Lung_Opacity,Normal,False,0.22967155277729034,0.1545112133026123,False,0.1547587513923645,False
1378,/kaggle/input/datasets/tawsifurrahman/covid19-radiography-database/COVID-19_Radiography_Dataset/Lung_Opacity/images/Lung_Opacity-659.png,Lung_Opacity,Lung_Opacity,False,0.27927693724632263,0.14368242025375366,False,0.14428450167179108,False
1379,/kaggle/input/datasets/tawsifurrahman/covid19-radiography-database/COVID-19_Radiography_Dataset/Lung_Opacity/images/Lung_Opacity-66.png,Lung_Opacity,Lung_Opacity,False,0.22442999482154846,0.14749987423419952,False,0.147288516163826,False
1380,/kaggle/input/datasets/tawsifurrahman/covid19-radiography-database/COVID-19_Radiography_Dataset/Lung_Opacity/images/Lung_Opacity-661.png,Lung_Opacity,Lung_Opacity,False,0.1540975719690323,0.049394022673368454,False,0.04958091676235199,False
1381,/kaggle/input/datasets/tawsifurrahman/covid19-radiography-database/COVID-19_Radiography_Dataset/Lung_Opacity/images/Lung_Opacity-667.png,Lung_Opacity,Lung_Opacity,False,0.15704719722270966,0.08881261944770813,False,0.08950626850128174,False
1382,/kaggle/input/datasets/tawsifurrahman/covid19-radiography-database/COVID-19_Radiography_Dataset/Lung_Opacity/images/Lung_Opacity-674.png,Lung_Opacity,Lung_Opacity,False,0.2740553319454193,0.12303100526332855,False,0.12284799665212631,False
1383,/kaggle/input/datasets/tawsifurrahman/covid19-radiography-database/COVID-19_Radiography_Dataset/Lung_Opacity/images/Lung_Opacity-685.png,Lung_Opacity,Lung_Opacity,False,0.15874122083187103,0.041567012667655945,False,0.04194464161992073,False
1384,/kaggle/input/datasets/tawsifurrahman/covid19-radiography-database/COVID-19_Radiography_Dataset/Lung_Opacity/images/Lung_Opacity-693.png,Lung_Opacity,Lung_Opacity,False,0.16858656704425812,0.050698958337306976,False,0.05094155669212341,False
1385,/kaggle/input/datasets/tawsifurrahman/covid19-radiography-database/COVID-19_Radiography_Dataset/Lung_Opacity/images/Lung_Opacity-698.png,Lung_Opacity,Normal,True,0.20846620202064514,0.0871671512722969,False,0.08803226798772812,False
1386,/kaggle/input/datasets/tawsifurrahman/covid19-radiography-database/COVID-19_Radiography_Dataset/Lung_Opacity/images/Lung_Opacity-702.png,Lung_Opacity,Lung_Opacity,False,0.16061463952064514,0.049264758825302124,False,0.04871022328734398,False
1387,/kaggle/input/datasets/tawsifurrahman/covid19-radiography-database/COVID-19_Radiography_Dataset/Lung_Opacity/images/Lung_Opacity-707.png,Lung_Opacity,Lung_Opacity,False,0.28344228863716125,0.12953819334506989,False,0.12962380051612854,False
1388,/kaggle/input/datasets/tawsifurrahman/covid19-radiography-database/COVID-19_Radiography_Dataset/Lung_Opacity/images/Lung_Opacity-711.png,Lung_Opacity,Normal,True,0.18225844204425812,0.08429763466119766,False,0.08659036457538605,False
1389,/kaggle/input/datasets/tawsifurrahman/covid19-radiography-database/COVID-19_Radiography_Dataset/Lung_Opacity/images/Lung_Opacity-714.png,Lung_Opacity,Lung_Opacity,False,0.2365473508834839,0.12538836896419525,False,0.126091867685318,False
1390,/kaggle/input/datasets/tawsifurrahman/covid19-radiography-database/COVID-19_Radiography_Dataset/Lung_Opacity/images/Lung_Opacity-729.png,Lung_Opacity,Lung_Opacity,True,0.11226482689380646,0.026889175176620483,False,0.026767058297991753,False
1391,/kaggle/input/datasets/tawsifurrahman/covid19-radiography-database/COVID-19_Radiography_Dataset/Lung_Opacity/images/Lung_Opacity-737.png,Lung_Opacity,Lung_Opacity,True,0.17510363459587097,0.07039991766214371,False,0.0708472728729248,False
1392,/kaggle/input/datasets/tawsifurrahman/covid19-radiography-database/COVID-19_Radiography_Dataset/Lung_Opacity/images/Lung_Opacity-742.png,Lung_Opacity,Lung_Opacity,False,0.1823979616165161,0.0683235302567482,False,0.06812997907400131,False
1393,/kaggle/input/datasets/tawsifurrahman/covid19-radiography-database/COVID-19_Radiography_Dataset/Lung_Opacity/images/Lung_Opacity-745.png,Lung_Opacity,Lung_Opacity,False,0.18249760568141937,0.04820513352751732,False,0.04827233403921127,False
1394,/kaggle/input/datasets/tawsifurrahman/covid19-radiography-database/COVID-19_Radiography_Dataset/Lung_Opacity/images/Lung_Opacity-753.png,Lung_Opacity,Lung_Opacity,False,0.14678332209587097,0.0536743625998497,False,0.05366675183176994,False
1395,/kaggle/input/datasets/tawsifurrahman/covid19-radiography-database/COVID-19_Radiography_Dataset/Lung_Opacity/images/Lung_Opacity-760.png,Lung_Opacity,Lung_Opacity,False,0.19258210062980652,0.07096502929925919,False,0.07138966023921967,False
1396,/kaggle/input/datasets/tawsifurrahman/covid19-radiography-database/COVID-19_Radiography_Dataset/Lung_Opacity/images/Lung_Opacity-764.png,Lung_Opacity,Lung_Opacity,False,0.16218909621238708,0.08808654546737671,False,0.08906727284193039,False
1397,/kaggle/input/datasets/tawsifurrahman/covid19-radiography-database/COVID-19_Radiography_Dataset/Lung_Opacity/images/Lung_Opacity-766.png,Lung_Opacity,Lung_Opacity,False,0.26171875,0.10495038330554962,False,0.10490790009498596,False
1398,/kaggle/input/datasets/tawsifurrahman/covid19-radiography-database/COVID-19_Radiography_Dataset/Lung_Opacity/images/Lung_Opacity-767.png,Lung_Opacity,Lung_Opacity,True,0.11389907449483871,0.043803807348012924,False,0.0439487025141716,False
1399,/kaggle/input/datasets/tawsifurrahman/covid19-radiography-database/COVID-19_Radiography_Dataset/Lung_Opacity/images/Lung_Opacity-768.png,Lung_Opacity,Lung_Opacity,False,0.16440130770206451,0.06676945090293884,False,0.06622513383626938,False
1400,/kaggle/input/datasets/tawsifurrahman/covid19-radiography-database/COVID-19_Radiography_Dataset/Lung_Opacity/images/Lung_Opacity-770.png,Lung_Opacity,Lung_Opacity,True,0.1994977593421936,0.07323626428842545,False,0.0733509436249733,False
1401,/kaggle/input/datasets/tawsifurrahman/covid19-radiography-database/COVID-19_Radiography_Dataset/Lung_Opacity/images/Lung_Opacity-771.png,Lung_Opacity,Normal,False,0.23915815353393555,0.11647773534059525,False,0.11626564711332321,False
1402,/kaggle/input/datasets/tawsifurrahman/covid19-radiography-database/COVID-19_Radiography_Dataset/Lung_Opacity/images/Lung_Opacity-774.png,Lung_Opacity,Lung_Opacity,False,0.20344386994838715,0.11657322198152542,False,0.11650107055902481,False
1403,/kaggle/input/datasets/tawsifurrahman/covid19-radiography-database/COVID-19_Radiography_Dataset/Lung_Opacity/images/Lung_Opacity-782.png,Lung_Opacity,Lung_Opacity,False,0.19595025479793549,0.1005181223154068,False,0.1005176454782486,False
1404,/kaggle/input/datasets/tawsifurrahman/covid19-radiography-database/COVID-19_Radiography_Dataset/Lung_Opacity/images/Lung_Opacity-801.png,Lung_Opacity,Lung_Opacity,True,0.17002151906490326,0.07946202158927917,False,0.07963629812002182,False
1405,/kaggle/input/datasets/tawsifurrahman/covid19-radiography-database/COVID-19_Radiography_Dataset/Lung_Opacity/images/Lung_Opacity-802.png,Lung_Opacity,Lung_Opacity,False,0.39548787474632263,0.24276728928089142,False,0.24420061707496643,False
1406,/kaggle/input/datasets/tawsifurrahman/covid19-radiography-database/COVID-19_Radiography_Dataset/Lung_Opacity/images/Lung_Opacity-808.png,Lung_Opacity,Normal,False,0.20232780277729034,0.11881430447101593,False,0.12050289660692215,False
1407,/kaggle/input/datasets/tawsifurrahman/covid19-radiography-database/COVID-19_Radiography_Dataset/Lung_Opacity/images/Lung_Opacity-809.png,Lung_Opacity,Normal,False,0.2356305718421936,0.10473549365997314,False,0.10377178341150284,False
1408,/kaggle/input/datasets/tawsifurrahman/covid19-radiography-database/COVID-19_Radiography_Dataset/Lung_Opacity/images/Lung_Opacity-810.png,Lung_Opacity,Normal,False,0.2595065236091614,0.10600301623344421,False,0.10675352066755295,False
1409,/kaggle/input/datasets/tawsifurrahman/covid19-radiography-database/COVID-19_Radiography_Dataset/Lung_Opacity/images/Lung_Opacity-818.png,Lung_Opacity,Lung_Opacity,False,0.13087929785251617,0.05988023430109024,False,0.06084391847252846,False
1410,/kaggle/input/datasets/tawsifurrahman/covid19-radiography-database/COVID-19_Radiography_Dataset/Lung_Opacity/images/Lung_Opacity-824.png,Lung_Opacity,Lung_Opacity,False,0.28908243775367737,0.1532525271177292,False,0.15304911136627197,False
1411,/kaggle/input/datasets/tawsifurrahman/covid19-radiography-database/COVID-19_Radiography_Dataset/Lung_Opacity/images/Lung_Opacity-833.png,Lung_Opacity,Lung_Opacity,True,0.21500317752361298,0.09030219912528992,False,0.09117671102285385,False
1412,/kaggle/input/datasets/tawsifurrahman/covid19-radiography-database/COVID-19_Radiography_Dataset/Lung_Opacity/images/Lung_Opacity-837.png,Lung_Opacity,Lung_Opacity,False,0.2540457546710968,0.12295996397733688,False,0.12229795753955841,False
1413,/kaggle/input/datasets/tawsifurrahman/covid19-radiography-database/COVID-19_Radiography_Dataset/Lung_Opacity/images/Lung_Opacity-841.png,Lung_Opacity,Lung_Opacity,True,0.32216596603393555,0.17693829536437988,False,0.17687179148197174,False
1414,/kaggle/input/datasets/tawsifurrahman/covid19-radiography-database/COVID-19_Radiography_Dataset/Lung_Opacity/images/Lung_Opacity-843.png,Lung_Opacity,Lung_Opacity,False,0.13777503371238708,0.0420101024210453,False,0.04196223244071007,False
1415,/kaggle/input/datasets/tawsifurrahman/covid19-radiography-database/COVID-19_Radiography_Dataset/Lung_Opacity/images/Lung_Opacity-846.png,Lung_Opacity,Lung_Opacity,True,0.15198500454425812,0.04668619856238365,False,0.04746145009994507,False
1416,/kaggle/input/datasets/tawsifurrahman/covid19-radiography-database/COVID-19_Radiography_Dataset/Lung_Opacity/images/Lung_Opacity-859.png,Lung_Opacity,Lung_Opacity,True,0.2045997977256775,0.09630473703145981,False,0.09572470933198929,False
1417,/kaggle/input/datasets/tawsifurrahman/covid19-radiography-database/COVID-19_Radiography_Dataset/Lung_Opacity/images/Lung_Opacity-865.png,Lung_Opacity,Lung_Opacity,False,0.15654894709587097,0.06996116787195206,False,0.06999621540307999,False
1418,/kaggle/input/datasets/tawsifurrahman/covid19-radiography-database/COVID-19_Radiography_Dataset/Lung_Opacity/images/Lung_Opacity-888.png,Lung_Opacity,Lung_Opacity,False,0.26365193724632263,0.11136943101882935,False,0.1114458441734314,False
1419,/kaggle/input/datasets/tawsifurrahman/covid19-radiography-database/COVID-19_Radiography_Dataset/Lung_Opacity/images/Lung_Opacity-894.png,Lung_Opacity,Lung_Opacity,False,0.20589524507522583,0.0686635673046112,False,0.06893540173768997,False
1420,/kaggle/input/datasets/tawsifurrahman/covid19-radiography-database/COVID-19_Radiography_Dataset/Lung_Opacity/images/Lung_Opacity-905.png,Lung_Opacity,Lung_Opacity,False,0.20224808156490326,0.055325139313936234,False,0.055696483701467514,False
1421,/kaggle/input/datasets/tawsifurrahman/covid19-radiography-database/COVID-19_Radiography_Dataset/Lung_Opacity/images/Lung_Opacity-910.png,Lung_Opacity,Lung_Opacity,True,0.2111567258834839,0.1305769383907318,False,0.13204652070999146,False
1422,/kaggle/input/datasets/tawsifurrahman/covid19-radiography-database/COVID-19_Radiography_Dataset/Lung_Opacity/images/Lung_Opacity-911.png,Lung_Opacity,Lung_Opacity,False,0.29524075984954834,0.18504424393177032,False,0.18517033755779266,False
1423,/kaggle/input/datasets/tawsifurrahman/covid19-radiography-database/COVID-19_Radiography_Dataset/Lung_Opacity/images/Lung_Opacity-912.png,Lung_Opacity,Lung_Opacity,False,0.2626953125,0.10609293729066849,False,0.10699424147605896,False
1424,/kaggle/input/datasets/tawsifurrahman/covid19-radiography-database/COVID-19_Radiography_Dataset/Lung_Opacity/images/Lung_Opacity-913.png,Lung_Opacity,Lung_Opacity,False,0.29334741830825806,0.22288572788238525,False,0.2229124903678894,False
1425,/kaggle/input/datasets/tawsifurrahman/covid19-radiography-database/COVID-19_Radiography_Dataset/Lung_Opacity/images/Lung_Opacity-914.png,Lung_Opacity,Lung_Opacity,False,0.3293207883834839,0.17511463165283203,False,0.17546172440052032,False
1426,/kaggle/input/datasets/tawsifurrahman/covid19-radiography-database/COVID-19_Radiography_Dataset/Lung_Opacity/images/Lung_Opacity-918.png,Lung_Opacity,Lung_Opacity,False,0.2908163070678711,0.1892467588186264,False,0.18950672447681427,False
1427,/kaggle/input/datasets/tawsifurrahman/covid19-radiography-database/COVID-19_Radiography_Dataset/Lung_Opacity/images/Lung_Opacity-927.png,Lung_Opacity,Lung_Opacity,False,0.17610011994838715,0.09913217276334763,False,0.09965604543685913,False
1428,/kaggle/input/datasets/tawsifurrahman/covid19-radiography-database/COVID-19_Radiography_Dataset/Lung_Opacity/images/Lung_Opacity-932.png,Lung_Opacity,Lung_Opacity,False,0.23182398080825806,0.11954250186681747,False,0.11984091252088547,False
1429,/kaggle/input/datasets/tawsifurrahman/covid19-radiography-database/COVID-19_Radiography_Dataset/Lung_Opacity/images/Lung_Opacity-945.png,Lung_Opacity,Lung_Opacity,False,0.15670838952064514,0.04566640406847,False,0.045814745128154755,False
1430,/kaggle/input/datasets/tawsifurrahman/covid19-radiography-database/COVID-19_Radiography_Dataset/Lung_Opacity/images/Lung_Opacity-946.png,Lung_Opacity,Lung_Opacity,False,0.2645687162876129,0.13084609806537628,False,0.13072286546230316,False
1431,/kaggle/input/datasets/tawsifurrahman/covid19-radiography-database/COVID-19_Radiography_Dataset/Lung_Opacity/images/Lung_Opacity-949.png,Lung_Opacity,Lung_Opacity,True,0.20023517310619354,0.08190087974071503,False,0.08156947791576385,False
1432,/kaggle/input/datasets/tawsifurrahman/covid19-radiography-database/COVID-19_Radiography_Dataset/Lung_Opacity/images/Lung_Opacity-952.png,Lung_Opacity,Lung_Opacity,False,0.158203125,0.08010727912187576,False,0.07985128462314606,False
1433,/kaggle/input/datasets/tawsifurrahman/covid19-radiography-database/COVID-19_Radiography_Dataset/Lung_Opacity/images/Lung_Opacity-954.png,Lung_Opacity,Lung_Opacity,False,0.2177136391401291,0.11011113226413727,False,0.11088438332080841,False
1434,/kaggle/input/datasets/tawsifurrahman/covid19-radiography-database/COVID-19_Radiography_Dataset/Lung_Opacity/images/Lung_Opacity-957.png,Lung_Opacity,Lung_Opacity,True,0.24320392310619354,0.10230366140604019,False,0.10323955863714218,False
1435,/kaggle/input/datasets/tawsifurrahman/covid19-radiography-database/COVID-19_Radiography_Dataset/Lung_Opacity/images/Lung_Opacity-958.png,Lung_Opacity,Lung_Opacity,False,0.18536750972270966,0.08843249082565308,False,0.08767804503440857,False
1436,/kaggle/input/datasets/tawsifurrahman/covid19-radiography-database/COVID-19_Radiography_Dataset/Lung_Opacity/images/Lung_Opacity-960.png,Lung_Opacity,Lung_Opacity,False,0.1863042116165161,0.09801488369703293,False,0.09938023239374161,False
1437,/kaggle/input/datasets/tawsifurrahman/covid19-radiography-database/COVID-19_Radiography_Dataset/Lung_Opacity/images/Lung_Opacity-966.png,Lung_Opacity,Lung_Opacity,False,0.28575414419174194,0.13243432343006134,False,0.13304324448108673,False
1438,/kaggle/input/datasets/tawsifurrahman/covid19-radiography-database/COVID-19_Radiography_Dataset/Lung_Opacity/images/Lung_Opacity-977.png,Lung_Opacity,Lung_Opacity,True,0.23818159103393555,0.09329166263341904,False,0.09318071603775024,False
1439,/kaggle/input/datasets/tawsifurrahman/covid19-radiography-database/COVID-19_Radiography_Dataset/Lung_Opacity/images/Lung_Opacity-983.png,Lung_Opacity,Lung_Opacity,True,0.2693120241165161,0.13646292686462402,False,0.13675226271152496,False
1440,/kaggle/input/datasets/tawsifurrahman/covid19-radiography-database/COVID-19_Radiography_Dataset/Lung_Opacity/images/Lung_Opacity-987.png,Lung_Opacity,Normal,True,0.29559949040412903,0.16063553094863892,False,0.16246578097343445,False
1441,/kaggle/input/datasets/tawsifurrahman/covid19-radiography-database/COVID-19_Radiography_Dataset/Lung_Opacity/images/Lung_Opacity-989.png,Lung_Opacity,Lung_Opacity,False,0.14775988459587097,0.04922167584300041,False,0.04985255002975464,False
1442,/kaggle/input/datasets/tawsifurrahman/covid19-radiography-database/COVID-19_Radiography_Dataset/Lung_Opacity/images/Lung_Opacity-99.png,Lung_Opacity,Lung_Opacity,False,0.09052136540412903,0.08751779049634933,False,0.09019026905298233,False
1443,/kaggle/input/datasets/tawsifurrahman/covid19-radiography-database/COVID-19_Radiography_Dataset/Lung_Opacity/images/Lung_Opacity-992.png,Lung_Opacity,Lung_Opacity,True,0.21426577866077423,0.09211845695972443,False,0.09231744706630707,False
1444,/kaggle/input/datasets/tawsifurrahman/covid19-radiography-database/COVID-19_Radiography_Dataset/Normal/images/Normal-100.png,Normal,Normal,False,0.24834582209587097,0.1111028864979744,False,0.11079403758049011,False
1445,/kaggle/input/datasets/tawsifurrahman/covid19-radiography-database/COVID-19_Radiography_Dataset/Normal/images/Normal-10006.png,Normal,Normal,False,0.13590162992477417,0.06432120501995087,False,0.06529631465673447,False
1446,/kaggle/input/datasets/tawsifurrahman/covid19-radiography-database/COVID-19_Radiography_Dataset/Normal/images/Normal-10007.png,Normal,Normal,False,0.3442282974720001,0.16708458960056305,False,0.16711652278900146,False
1447,/kaggle/input/datasets/tawsifurrahman/covid19-radiography-database/COVID-19_Radiography_Dataset/Normal/images/Normal-10030.png,Normal,Normal,True,0.26656168699264526,0.16421020030975342,False,0.16555534303188324,False
1448,/kaggle/input/datasets/tawsifurrahman/covid19-radiography-database/COVID-19_Radiography_Dataset/Normal/images/Normal-10032.png,Normal,Normal,True,0.2828045189380646,0.13980960845947266,False,0.1400231271982193,False
1449,/kaggle/input/datasets/tawsifurrahman/covid19-radiography-database/COVID-19_Radiography_Dataset/Normal/images/Normal-10059.png,Normal,Normal,True,0.21301020681858063,0.12380825728178024,False,0.12530595064163208,False
1450,/kaggle/input/datasets/tawsifurrahman/covid19-radiography-database/COVID-19_Radiography_Dataset/Normal/images/Normal-10061.png,Normal,Normal,False,0.30966994166374207,0.1602434664964676,False,0.1607605665922165,False
1451,/kaggle/input/datasets/tawsifurrahman/covid19-radiography-database/COVID-19_Radiography_Dataset/Normal/images/Normal-10063.png,Normal,Normal,False,0.21590003371238708,0.12051509320735931,False,0.12136813998222351,False
1452,/kaggle/input/datasets/tawsifurrahman/covid19-radiography-database/COVID-19_Radiography_Dataset/Normal/images/Normal-10066.png,Normal,Normal,False,0.22046396136283875,0.09394560009241104,False,0.09443365782499313,False
1453,/kaggle/input/datasets/tawsifurrahman/covid19-radiography-database/COVID-19_Radiography_Dataset/Normal/images/Normal-10067.png,Normal,Normal,False,0.27291932702064514,0.15447457134723663,False,0.15517652034759521,False
1454,/kaggle/input/datasets/tawsifurrahman/covid19-radiography-database/COVID-19_Radiography_Dataset/Normal/images/Normal-1007.png,Normal,Normal,False,0.2234135866165161,0.1095181256532669,False,0.11017774790525436,False
1455,/kaggle/input/datasets/tawsifurrahman/covid19-radiography-database/COVID-19_Radiography_Dataset/Normal/images/Normal-10083.png,Normal,Normal,False,0.3244180381298065,0.1754976212978363,False,0.1761920303106308,False
1456,/kaggle/input/datasets/tawsifurrahman/covid19-radiography-database/COVID-19_Radiography_Dataset/Normal/images/Normal-10088.png,Normal,Normal,False,0.21697624027729034,0.1034771129488945,False,0.103720523416996,False
1457,/kaggle/input/datasets/tawsifurrahman/covid19-radiography-database/COVID-19_Radiography_Dataset/Normal/images/Normal-10094.png,Normal,Normal,False,0.35391420125961304,0.1554926633834839,False,0.15679876506328583,False
1458,/kaggle/input/datasets/tawsifurrahman/covid19-radiography-database/COVID-19_Radiography_Dataset/Normal/images/Normal-10097.png,Normal,Normal,True,0.2902383506298065,0.13862080872058868,False,0.13861626386642456,False
1459,/kaggle/input/datasets/tawsifurrahman/covid19-radiography-database/COVID-19_Radiography_Dataset/Normal/images/Normal-10098.png,Normal,Normal,False,0.31740275025367737,0.17716467380523682,False,0.17712265253067017,False
1460,/kaggle/input/datasets/tawsifurrahman/covid19-radiography-database/COVID-19_Radiography_Dataset/Normal/images/Normal-10105.png,Normal,Normal,False,0.2538464665412903,0.11257567256689072,False,0.11238858103752136,False
1461,/kaggle/input/datasets/tawsifurrahman/covid19-radiography-database/COVID-19_Radiography_Dataset/Normal/images/Normal-10117.png,Normal,Normal,True,0.2701092064380646,0.1635730117559433,False,0.16441521048545837,False
1462,/kaggle/input/datasets/tawsifurrahman/covid19-radiography-database/COVID-19_Radiography_Dataset/Normal/images/Normal-10125.png,Normal,Normal,False,0.3976602256298065,0.2609626054763794,False,0.26167911291122437,False
1463,/kaggle/input/datasets/tawsifurrahman/covid19-radiography-database/COVID-19_Radiography_Dataset/Normal/images/Normal-10127.png,Normal,Normal,True,0.20457987487316132,0.10485967993736267,False,0.10581865906715393,False
1464,/kaggle/input/datasets/tawsifurrahman/covid19-radiography-database/COVID-19_Radiography_Dataset/Normal/images/Normal-10130.png,Normal,Normal,False,0.2261439710855484,0.12373863160610199,False,0.12368561327457428,False
1465,/kaggle/input/datasets/tawsifurrahman/covid19-radiography-database/COVID-19_Radiography_Dataset/Normal/images/Normal-10135.png,Normal,Normal,False,0.3458426296710968,0.18010979890823364,False,0.17983539402484894,False
1466,/kaggle/input/datasets/tawsifurrahman/covid19-radiography-database/COVID-19_Radiography_Dataset/Normal/images/Normal-10136.png,Normal,Normal,True,0.235212042927742,0.13524915277957916,False,0.13559815287590027,False
1467,/kaggle/input/datasets/tawsifurrahman/covid19-radiography-database/COVID-19_Radiography_Dataset/Normal/images/Normal-10138.png,Normal,Normal,False,0.2805524468421936,0.10210799425840378,False,0.10384885966777802,False
1468,/kaggle/input/datasets/tawsifurrahman/covid19-radiography-database/COVID-19_Radiography_Dataset/Normal/images/Normal-10154.png,Normal,Normal,False,0.18516820669174194,0.1102653443813324,False,0.11074972152709961,False
1469,/kaggle/input/datasets/tawsifurrahman/covid19-radiography-database/COVID-19_Radiography_Dataset/Normal/images/Normal-10163.png,Normal,Normal,False,0.27026864886283875,0.1502293199300766,False,0.15160469710826874,False
1470,/kaggle/input/datasets/tawsifurrahman/covid19-radiography-database/COVID-19_Radiography_Dataset/Normal/images/Normal-10164.png,Normal,Normal,True,0.3739038407802582,0.25687190890312195,False,0.25850483775138855,False
1471,/kaggle/input/datasets/tawsifurrahman/covid19-radiography-database/COVID-19_Radiography_Dataset/Normal/images/Normal-10184.png,Normal,Normal,False,0.26476800441741943,0.11183677613735199,False,0.11189727485179901,False
1472,/kaggle/input/datasets/tawsifurrahman/covid19-radiography-database/COVID-19_Radiography_Dataset/Normal/images/Normal-10185.png,Normal,Normal,False,0.24752868711948395,0.1411350816488266,False,0.14144384860992432,False
1473,/kaggle/input/datasets/tawsifurrahman/covid19-radiography-database/COVID-19_Radiography_Dataset/Normal/images/Normal-10192.png,Normal,Normal,True,0.26267537474632263,0.12579143047332764,False,0.1257702261209488,False
1474,/kaggle/input/datasets/tawsifurrahman/covid19-radiography-database/COVID-19_Radiography_Dataset/Normal/images/Normal-1035.png,Normal,Normal,True,0.2546834945678711,0.1271612048149109,False,0.12738195061683655,False
1475,/kaggle/input/datasets/tawsifurrahman/covid19-radiography-database/COVID-19_Radiography_Dataset/Normal/images/Normal-1042.png,Normal,Normal,True,0.34867265820503235,0.2150518149137497,False,0.21540594100952148,False
1476,/kaggle/input/datasets/tawsifurrahman/covid19-radiography-database/COVID-19_Radiography_Dataset/Normal/images/Normal-1043.png,Normal,Normal,True,0.1594586968421936,0.07651214301586151,False,0.07667665928602219,False
1477,/kaggle/input/datasets/tawsifurrahman/covid19-radiography-database/COVID-19_Radiography_Dataset/Normal/images/Normal-1044.png,Normal,Normal,True,0.23684629797935486,0.13090433180332184,False,0.13086505234241486,False
1478,/kaggle/input/datasets/tawsifurrahman/covid19-radiography-database/COVID-19_Radiography_Dataset/Normal/images/Normal-1054.png,Normal,Normal,False,0.20579560101032257,0.0995129868388176,False,0.09959612786769867,False
1479,/kaggle/input/datasets/tawsifurrahman/covid19-radiography-database/COVID-19_Radiography_Dataset/Normal/images/Normal-1057.png,Normal,Normal,False,0.25587931275367737,0.1561184525489807,False,0.15594421327114105,False
1480,/kaggle/input/datasets/tawsifurrahman/covid19-radiography-database/COVID-19_Radiography_Dataset/Normal/images/Normal-1062.png,Normal,Normal,False,0.17629942297935486,0.08805923908948898,False,0.08814307302236557,False
1481,/kaggle/input/datasets/tawsifurrahman/covid19-radiography-database/COVID-19_Radiography_Dataset/Normal/images/Normal-1065.png,Normal,Normal,False,0.16244818270206451,0.09521909058094025,False,0.09486608952283859,False
1482,/kaggle/input/datasets/tawsifurrahman/covid19-radiography-database/COVID-19_Radiography_Dataset/Normal/images/Normal-1068.png,Normal,Normal,False,0.16452088952064514,0.08452803641557693,False,0.08428221940994263,False
1483,/kaggle/input/datasets/tawsifurrahman/covid19-radiography-database/COVID-19_Radiography_Dataset/Normal/images/Normal-1074.png,Normal,Normal,False,0.23543128371238708,0.14227476716041565,False,0.14317330718040466,False
1484,/kaggle/input/datasets/tawsifurrahman/covid19-radiography-database/COVID-19_Radiography_Dataset/Normal/images/Normal-1113.png,Normal,Normal,True,0.15762515366077423,0.0699552670121193,False,0.06978049129247665,False
1485,/kaggle/input/datasets/tawsifurrahman/covid19-radiography-database/COVID-19_Radiography_Dataset/Normal/images/Normal-1116.png,Normal,Normal,False,0.2468710094690323,0.12031283974647522,False,0.12019208073616028,False
1486,/kaggle/input/datasets/tawsifurrahman/covid19-radiography-database/COVID-19_Radiography_Dataset/Normal/images/Normal-1120.png,Normal,Normal,False,0.14211973547935486,0.06323125958442688,False,0.06320580095052719,False
1487,/kaggle/input/datasets/tawsifurrahman/covid19-radiography-database/COVID-19_Radiography_Dataset/Normal/images/Normal-1121.png,Normal,Normal,True,0.24459899961948395,0.11366640776395798,False,0.11411317437887192,False
1488,/kaggle/input/datasets/tawsifurrahman/covid19-radiography-database/COVID-19_Radiography_Dataset/Normal/images/Normal-1122.png,Normal,Normal,True,0.1925223171710968,0.1089445948600769,False,0.10831036418676376,False
1489,/kaggle/input/datasets/tawsifurrahman/covid19-radiography-database/COVID-19_Radiography_Dataset/Normal/images/Normal-1130.png,Normal,Normal,True,0.1534598171710968,0.08473926782608032,False,0.08429472148418427,False
1490,/kaggle/input/datasets/tawsifurrahman/covid19-radiography-database/COVID-19_Radiography_Dataset/Normal/images/Normal-1132.png,Normal,Normal,True,0.22534677386283875,0.10783571749925613,False,0.10790271311998367,False
1491,/kaggle/input/datasets/tawsifurrahman/covid19-radiography-database/COVID-19_Radiography_Dataset/Normal/images/Normal-1137.png,Normal,Viral Pneumonia,True,0.2660435140132904,0.13172106444835663,False,0.13132451474666595,False
1492,/kaggle/input/datasets/tawsifurrahman/covid19-radiography-database/COVID-19_Radiography_Dataset/Normal/images/Normal-1147.png,Normal,Normal,False,0.22696109116077423,0.11853452771902084,False,0.11812303960323334,False
1493,/kaggle/input/datasets/tawsifurrahman/covid19-radiography-database/COVID-19_Radiography_Dataset/Normal/images/Normal-1152.png,Normal,Normal,False,0.16661351919174194,0.055220700800418854,False,0.055296074599027634,False
1494,/kaggle/input/datasets/tawsifurrahman/covid19-radiography-database/COVID-19_Radiography_Dataset/Normal/images/Normal-116.png,Normal,Normal,False,0.20579560101032257,0.10566932708024979,False,0.10585619509220123,False
1495,/kaggle/input/datasets/tawsifurrahman/covid19-radiography-database/COVID-19_Radiography_Dataset/Normal/images/Normal-1163.png,Normal,Normal,True,0.19632892310619354,0.10613340884447098,False,0.10601656138896942,False
1496,/kaggle/input/datasets/tawsifurrahman/covid19-radiography-database/COVID-19_Radiography_Dataset/Normal/images/Normal-1172.png,Normal,Normal,False,0.21480388939380646,0.10750018805265427,False,0.1074221283197403,False
1497,/kaggle/input/datasets/tawsifurrahman/covid19-radiography-database/COVID-19_Radiography_Dataset/Normal/images/Normal-1176.png,Normal,Normal,False,0.2278180718421936,0.11976344883441925,False,0.11976225674152374,False
1498,/kaggle/input/datasets/tawsifurrahman/covid19-radiography-database/COVID-19_Radiography_Dataset/Normal/images/Normal-1185.png,Normal,Normal,False,0.2957589328289032,0.17413698136806488,False,0.17425039410591125,False
1499,/kaggle/input/datasets/tawsifurrahman/covid19-radiography-database/COVID-19_Radiography_Dataset/Normal/images/Normal-1189.png,Normal,Normal,False,0.19005101919174194,0.08658658713102341,False,0.08652819693088531,False
1500,/kaggle/input/datasets/tawsifurrahman/covid19-radiography-database/COVID-19_Radiography_Dataset/Normal/images/Normal-1199.png,Normal,Normal,True,0.19192442297935486,0.09830202162265778,False,0.0984395444393158,False
1501,/kaggle/input/datasets/tawsifurrahman/covid19-radiography-database/COVID-19_Radiography_Dataset/Normal/images/Normal-120.png,Normal,Normal,False,0.23469386994838715,0.12575289607048035,False,0.12588544189929962,False
1502,/kaggle/input/datasets/tawsifurrahman/covid19-radiography-database/COVID-19_Radiography_Dataset/Normal/images/Normal-1210.png,Normal,Normal,True,0.15632972121238708,0.08452153205871582,False,0.08406531810760498,False
1503,/kaggle/input/datasets/tawsifurrahman/covid19-radiography-database/COVID-19_Radiography_Dataset/Normal/images/Normal-1211.png,Normal,Normal,False,0.2714046537876129,0.13570581376552582,False,0.1350191980600357,False
1504,/kaggle/input/datasets/tawsifurrahman/covid19-radiography-database/COVID-19_Radiography_Dataset/Normal/images/Normal-1214.png,Normal,Normal,False,0.2410116344690323,0.1141967922449112,False,0.1143207848072052,False
1505,/kaggle/input/datasets/tawsifurrahman/covid19-radiography-database/COVID-19_Radiography_Dataset/Normal/images/Normal-1218.png,Normal,Normal,False,0.13576211035251617,0.059502869844436646,False,0.05945419892668724,False
1506,/kaggle/input/datasets/tawsifurrahman/covid19-radiography-database/COVID-19_Radiography_Dataset/Normal/images/Normal-1223.png,Normal,Normal,False,0.1921835094690323,0.10060330480337143,False,0.10044509172439575,False
1507,/kaggle/input/datasets/tawsifurrahman/covid19-radiography-database/COVID-19_Radiography_Dataset/Normal/images/Normal-1224.png,Normal,Normal,True,0.18839684128761292,0.08801349997520447,False,0.08788187801837921,False
1508,/kaggle/input/datasets/tawsifurrahman/covid19-radiography-database/COVID-19_Radiography_Dataset/Normal/images/Normal-1226.png,Normal,Normal,False,0.22289539873600006,0.12806659936904907,False,0.12813636660575867,False
1509,/kaggle/input/datasets/tawsifurrahman/covid19-radiography-database/COVID-19_Radiography_Dataset/Normal/images/Normal-1235.png,Normal,Viral Pneumonia,False,0.2640704810619354,0.15645967423915863,False,0.15721164643764496,False
1510,/kaggle/input/datasets/tawsifurrahman/covid19-radiography-database/COVID-19_Radiography_Dataset/Normal/images/Normal-124.png,Normal,Normal,False,0.17498405277729034,0.07896875590085983,False,0.07940058410167694,False
1511,/kaggle/input/datasets/tawsifurrahman/covid19-radiography-database/COVID-19_Radiography_Dataset/Normal/images/Normal-1243.png,Normal,Normal,True,0.24364237487316132,0.16483023762702942,False,0.16564840078353882,False
1512,/kaggle/input/datasets/tawsifurrahman/covid19-radiography-database/COVID-19_Radiography_Dataset/Normal/images/Normal-1252.png,Normal,Normal,False,0.20202885568141937,0.08560769259929657,False,0.08527079969644547,False
1513,/kaggle/input/datasets/tawsifurrahman/covid19-radiography-database/COVID-19_Radiography_Dataset/Normal/images/Normal-1256.png,Normal,Normal,False,0.1825573891401291,0.07613208889961243,False,0.07627345621585846,False
1514,/kaggle/input/datasets/tawsifurrahman/covid19-radiography-database/COVID-19_Radiography_Dataset/Normal/images/Normal-1259.png,Normal,Normal,True,0.25115591287612915,0.11460534483194351,False,0.11426378041505814,False
1515,/kaggle/input/datasets/tawsifurrahman/covid19-radiography-database/COVID-19_Radiography_Dataset/Normal/images/Normal-1271.png,Normal,Normal,False,0.2641103267669678,0.12447870522737503,False,0.12429149448871613,False
1516,/kaggle/input/datasets/tawsifurrahman/covid19-radiography-database/COVID-19_Radiography_Dataset/Normal/images/Normal-1292.png,Normal,Viral Pneumonia,False,0.16432158648967743,0.07186291366815567,False,0.07207528501749039,False
1517,/kaggle/input/datasets/tawsifurrahman/covid19-radiography-database/COVID-19_Radiography_Dataset/Normal/images/Normal-13.png,Normal,Normal,True,0.2373046875,0.13649439811706543,False,0.13619965314865112,False
1518,/kaggle/input/datasets/tawsifurrahman/covid19-radiography-database/COVID-19_Radiography_Dataset/Normal/images/Normal-130.png,Normal,Normal,True,0.09763631969690323,0.04574422910809517,False,0.045780666172504425,False
1519,/kaggle/input/datasets/tawsifurrahman/covid19-radiography-database/COVID-19_Radiography_Dataset/Normal/images/Normal-1301.png,Normal,Normal,False,0.21105708181858063,0.11311141401529312,False,0.11347101628780365,False
1520,/kaggle/input/datasets/tawsifurrahman/covid19-radiography-database/COVID-19_Radiography_Dataset/Normal/images/Normal-1303.png,Normal,Normal,False,0.15642936527729034,0.0789426788687706,False,0.07886738330125809,False
1521,/kaggle/input/datasets/tawsifurrahman/covid19-radiography-database/COVID-19_Radiography_Dataset/Normal/images/Normal-1310.png,Normal,Normal,True,0.26104113459587097,0.15256865322589874,False,0.15286268293857574,False
1522,/kaggle/input/datasets/tawsifurrahman/covid19-radiography-database/COVID-19_Radiography_Dataset/Normal/images/Normal-1314.png,Normal,Viral Pneumonia,False,0.24418048560619354,0.1349329650402069,False,0.13585270941257477,False
1523,/kaggle/input/datasets/tawsifurrahman/covid19-radiography-database/COVID-19_Radiography_Dataset/Normal/images/Normal-1328.png,Normal,Normal,False,0.28469786047935486,0.15501752495765686,False,0.15483132004737854,False
1524,/kaggle/input/datasets/tawsifurrahman/covid19-radiography-database/COVID-19_Radiography_Dataset/Normal/images/Normal-1329.png,Normal,Normal,True,0.2569754421710968,0.13939617574214935,False,0.13966570794582367,False
1525,/kaggle/input/datasets/tawsifurrahman/covid19-radiography-database/COVID-19_Radiography_Dataset/Normal/images/Normal-1348.png,Normal,Normal,False,0.15902024507522583,0.07855760306119919,False,0.07876431196928024,False
1526,/kaggle/input/datasets/tawsifurrahman/covid19-radiography-database/COVID-19_Radiography_Dataset/Normal/images/Normal-1358.png,Normal,Normal,False,0.1482979953289032,0.08034457266330719,False,0.08054948598146439,False
1527,/kaggle/input/datasets/tawsifurrahman/covid19-radiography-database/COVID-19_Radiography_Dataset/Normal/images/Normal-136.png,Normal,Normal,False,0.19164539873600006,0.11102788895368576,False,0.11137465387582779,False
1528,/kaggle/input/datasets/tawsifurrahman/covid19-radiography-database/COVID-19_Radiography_Dataset/Normal/images/Normal-1362.png,Normal,Normal,False,0.16800861060619354,0.09784328937530518,False,0.09760423004627228,False
1529,/kaggle/input/datasets/tawsifurrahman/covid19-radiography-database/COVID-19_Radiography_Dataset/Normal/images/Normal-1363.png,Normal,Normal,False,0.2473493218421936,0.143454909324646,False,0.1435612291097641,False
1530,/kaggle/input/datasets/tawsifurrahman/covid19-radiography-database/COVID-19_Radiography_Dataset/Normal/images/Normal-1365.png,Normal,Normal,False,0.19082827866077423,0.12792865931987762,False,0.1275263875722885,False
1531,/kaggle/input/datasets/tawsifurrahman/covid19-radiography-database/COVID-19_Radiography_Dataset/Normal/images/Normal-1368.png,Normal,Normal,True,0.20202885568141937,0.10213859379291534,False,0.10176324844360352,False
1532,/kaggle/input/datasets/tawsifurrahman/covid19-radiography-database/COVID-19_Radiography_Dataset/Normal/images/Normal-1370.png,Normal,Normal,False,0.15599091351032257,0.07774974405765533,False,0.07800346612930298,False
1533,/kaggle/input/datasets/tawsifurrahman/covid19-radiography-database/COVID-19_Radiography_Dataset/Normal/images/Normal-1371.png,Normal,Normal,False,0.22387196123600006,0.09809316694736481,False,0.09841936081647873,False
1534,/kaggle/input/datasets/tawsifurrahman/covid19-radiography-database/COVID-19_Radiography_Dataset/Normal/images/Normal-1377.png,Normal,Normal,True,0.19533242285251617,0.11199283599853516,False,0.11211815476417542,False
1535,/kaggle/input/datasets/tawsifurrahman/covid19-radiography-database/COVID-19_Radiography_Dataset/Normal/images/Normal-1382.png,Normal,Normal,False,0.23216278851032257,0.12368197739124298,False,0.12350524961948395,False
1536,/kaggle/input/datasets/tawsifurrahman/covid19-radiography-database/COVID-19_Radiography_Dataset/Normal/images/Normal-1383.png,Normal,Normal,False,0.19844147562980652,0.06944427639245987,False,0.06934735924005508,False
1537,/kaggle/input/datasets/tawsifurrahman/covid19-radiography-database/COVID-19_Radiography_Dataset/Normal/images/Normal-1388.png,Normal,Viral Pneumonia,True,0.22191883623600006,0.08764860033988953,False,0.08746656775474548,False
1538,/kaggle/input/datasets/tawsifurrahman/covid19-radiography-database/COVID-19_Radiography_Dataset/Normal/images/Normal-1394.png,Normal,Normal,False,0.26955118775367737,0.13138943910598755,False,0.13127577304840088,False
1539,/kaggle/input/datasets/tawsifurrahman/covid19-radiography-database/COVID-19_Radiography_Dataset/Normal/images/Normal-1396.png,Normal,Viral Pneumonia,True,0.19575095176696777,0.07294218987226486,False,0.07301346212625504,False
1540,/kaggle/input/datasets/tawsifurrahman/covid19-radiography-database/COVID-19_Radiography_Dataset/Normal/images/Normal-1398.png,Normal,Viral Pneumonia,False,0.18867585062980652,0.07513418048620224,False,0.07501727342605591,False
1541,/kaggle/input/datasets/tawsifurrahman/covid19-radiography-database/COVID-19_Radiography_Dataset/Normal/images/Normal-1406.png,Normal,Normal,True,0.25149473547935486,0.13233134150505066,False,0.13323776423931122,False
1542,/kaggle/input/datasets/tawsifurrahman/covid19-radiography-database/COVID-19_Radiography_Dataset/Normal/images/Normal-1417.png,Normal,Normal,False,0.30648118257522583,0.15225839614868164,False,0.15317176282405853,False
1543,/kaggle/input/datasets/tawsifurrahman/covid19-radiography-database/COVID-19_Radiography_Dataset/Normal/images/Normal-1419.png,Normal,Normal,False,0.2723812162876129,0.1306169331073761,False,0.1318383663892746,False
1544,/kaggle/input/datasets/tawsifurrahman/covid19-radiography-database/COVID-19_Radiography_Dataset/Normal/images/Normal-1423.png,Normal,Normal,False,0.24043366312980652,0.12233850359916687,False,0.12256930768489838,False
1545,/kaggle/input/datasets/tawsifurrahman/covid19-radiography-database/COVID-19_Radiography_Dataset/Normal/images/Normal-1424.png,Normal,Normal,False,0.3542729616165161,0.21604464948177338,False,0.21801044046878815,False
1546,/kaggle/input/datasets/tawsifurrahman/covid19-radiography-database/COVID-19_Radiography_Dataset/Normal/images/Normal-1425.png,Normal,Normal,True,0.3643973171710968,0.2348773032426834,False,0.23499329388141632,False
1547,/kaggle/input/datasets/tawsifurrahman/covid19-radiography-database/COVID-19_Radiography_Dataset/Normal/images/Normal-1437.png,Normal,Normal,False,0.40084901452064514,0.3438902795314789,False,0.34332093596458435,False
1548,/kaggle/input/datasets/tawsifurrahman/covid19-radiography-database/COVID-19_Radiography_Dataset/Normal/images/Normal-1446.png,Normal,Normal,False,0.2343152016401291,0.12171794474124908,False,0.12182602286338806,False
1549,/kaggle/input/datasets/tawsifurrahman/covid19-radiography-database/COVID-19_Radiography_Dataset/Normal/images/Normal-145.png,Normal,Normal,False,0.17185506224632263,0.1153080016374588,False,0.11582538485527039,False
1550,/kaggle/input/datasets/tawsifurrahman/covid19-radiography-database/COVID-19_Radiography_Dataset/Normal/images/Normal-1453.png,Normal,Normal,True,0.19425621628761292,0.0953577533364296,False,0.09601511806249619,False
1551,/kaggle/input/datasets/tawsifurrahman/covid19-radiography-database/COVID-19_Radiography_Dataset/Normal/images/Normal-1458.png,Normal,Normal,False,0.2569754421710968,0.11854902654886246,False,0.11836337298154831,False
1552,/kaggle/input/datasets/tawsifurrahman/covid19-radiography-database/COVID-19_Radiography_Dataset/Normal/images/Normal-1459.png,Normal,Normal,False,0.24820630252361298,0.12242329120635986,False,0.12351924926042557,False
1553,/kaggle/input/datasets/tawsifurrahman/covid19-radiography-database/COVID-19_Radiography_Dataset/Normal/images/Normal-1468.png,Normal,Normal,False,0.27562978863716125,0.1684504747390747,False,0.16960027813911438,False
1554,/kaggle/input/datasets/tawsifurrahman/covid19-radiography-database/COVID-19_Radiography_Dataset/Normal/images/Normal-1470.png,Normal,Normal,False,0.23373724520206451,0.11669379472732544,False,0.11730159819126129,False
1555,/kaggle/input/datasets/tawsifurrahman/covid19-radiography-database/COVID-19_Radiography_Dataset/Normal/images/Normal-1479.png,Normal,Normal,True,0.22411112487316132,0.12655580043792725,False,0.12728659808635712,False
1556,/kaggle/input/datasets/tawsifurrahman/covid19-radiography-database/COVID-19_Radiography_Dataset/Normal/images/Normal-1483.png,Normal,Normal,True,0.18078364431858063,0.08841989189386368,False,0.08836409449577332,False
1557,/kaggle/input/datasets/tawsifurrahman/covid19-radiography-database/COVID-19_Radiography_Dataset/Normal/images/Normal-1491.png,Normal,Normal,False,0.24625317752361298,0.1871209442615509,False,0.189897820353508,False
1558,/kaggle/input/datasets/tawsifurrahman/covid19-radiography-database/COVID-19_Radiography_Dataset/Normal/images/Normal-1496.png,Normal,Normal,False,0.17578125,0.07540596276521683,False,0.07555975019931793,False
1559,/kaggle/input/datasets/tawsifurrahman/covid19-radiography-database/COVID-19_Radiography_Dataset/Normal/images/Normal-1502.png,Normal,Normal,False,0.34030213952064514,0.2733334004878998,False,0.27484938502311707,False
1560,/kaggle/input/datasets/tawsifurrahman/covid19-radiography-database/COVID-19_Radiography_Dataset/Normal/images/Normal-1504.png,Normal,Normal,False,0.20762914419174194,0.1441754698753357,False,0.14499935507774353,False
1561,/kaggle/input/datasets/tawsifurrahman/covid19-radiography-database/COVID-19_Radiography_Dataset/Normal/images/Normal-1510.png,Normal,Normal,False,0.22207827866077423,0.08425211906433105,False,0.08480268716812134,False
1562,/kaggle/input/datasets/tawsifurrahman/covid19-radiography-database/COVID-19_Radiography_Dataset/Normal/images/Normal-1511.png,Normal,Normal,False,0.21709582209587097,0.14218878746032715,False,0.14256559312343597,False
1563,/kaggle/input/datasets/tawsifurrahman/covid19-radiography-database/COVID-19_Radiography_Dataset/Normal/images/Normal-1516.png,Normal,Normal,False,0.2374441921710968,0.09762230515480042,False,0.09817315638065338,False
1564,/kaggle/input/datasets/tawsifurrahman/covid19-radiography-database/COVID-19_Radiography_Dataset/Normal/images/Normal-1517.png,Normal,Normal,True,0.29195231199264526,0.20090609788894653,False,0.2027577906847,False
1565,/kaggle/input/datasets/tawsifurrahman/covid19-radiography-database/COVID-19_Radiography_Dataset/Normal/images/Normal-1519.png,Normal,Normal,False,0.21334901452064514,0.09792517125606537,False,0.09961505234241486,False
1566,/kaggle/input/datasets/tawsifurrahman/covid19-radiography-database/COVID-19_Radiography_Dataset/Normal/images/Normal-1535.png,Normal,Normal,True,0.31740275025367737,0.18088115751743317,False,0.18089157342910767,False
1567,/kaggle/input/datasets/tawsifurrahman/covid19-radiography-database/COVID-19_Radiography_Dataset/Normal/images/Normal-1543.png,Normal,Normal,False,0.2387794852256775,0.10787567496299744,False,0.10875605791807175,False
1568,/kaggle/input/datasets/tawsifurrahman/covid19-radiography-database/COVID-19_Radiography_Dataset/Normal/images/Normal-1544.png,Normal,Normal,True,0.27264028787612915,0.1195734441280365,False,0.1206229105591774,False
1569,/kaggle/input/datasets/tawsifurrahman/covid19-radiography-database/COVID-19_Radiography_Dataset/Normal/images/Normal-1547.png,Normal,Normal,False,0.1868821680545807,0.14179649949073792,False,0.14246448874473572,False
1570,/kaggle/input/datasets/tawsifurrahman/covid19-radiography-database/COVID-19_Radiography_Dataset/Normal/images/Normal-1561.png,Normal,Normal,True,0.2741948366165161,0.1276027411222458,False,0.12954992055892944,False
1571,/kaggle/input/datasets/tawsifurrahman/covid19-radiography-database/COVID-19_Radiography_Dataset/Normal/images/Normal-1562.png,Normal,Normal,False,0.30325254797935486,0.21676625311374664,False,0.21955770254135132,False
1572,/kaggle/input/datasets/tawsifurrahman/covid19-radiography-database/COVID-19_Radiography_Dataset/Normal/images/Normal-1568.png,Normal,Normal,False,0.24501752853393555,0.1402924656867981,False,0.1400957703590393,False
1573,/kaggle/input/datasets/tawsifurrahman/covid19-radiography-database/COVID-19_Radiography_Dataset/Normal/images/Normal-1575.png,Normal,Normal,False,0.2941446006298065,0.12320081144571304,False,0.1236710473895073,False
1574,/kaggle/input/datasets/tawsifurrahman/covid19-radiography-database/COVID-19_Radiography_Dataset/Normal/images/Normal-1580.png,Normal,Normal,False,0.2834223508834839,0.1891012042760849,False,0.19001972675323486,False
1575,/kaggle/input/datasets/tawsifurrahman/covid19-radiography-database/COVID-19_Radiography_Dataset/Normal/images/Normal-1581.png,Normal,Normal,True,0.23592951893806458,0.13248160481452942,False,0.1324957013130188,False
1576,/kaggle/input/datasets/tawsifurrahman/covid19-radiography-database/COVID-19_Radiography_Dataset/Normal/images/Normal-1586.png,Normal,Normal,False,0.22179926931858063,0.08122637122869492,False,0.08148067444562912,False
1577,/kaggle/input/datasets/tawsifurrahman/covid19-radiography-database/COVID-19_Radiography_Dataset/Normal/images/Normal-159.png,Normal,Normal,False,0.25143495202064514,0.10525935888290405,False,0.10571497678756714,False
1578,/kaggle/input/datasets/tawsifurrahman/covid19-radiography-database/COVID-19_Radiography_Dataset/Normal/images/Normal-1603.png,Normal,Normal,True,0.2570551633834839,0.10913452506065369,False,0.10987544804811478,False
1579,/kaggle/input/datasets/tawsifurrahman/covid19-radiography-database/COVID-19_Radiography_Dataset/Normal/images/Normal-1604.png,Normal,Normal,True,0.26510682702064514,0.14391207695007324,False,0.14438177645206451,False
1580,/kaggle/input/datasets/tawsifurrahman/covid19-radiography-database/COVID-19_Radiography_Dataset/Normal/images/Normal-161.png,Normal,Normal,True,0.2280372977256775,0.09682051092386246,False,0.09730565547943115,False
1581,/kaggle/input/datasets/tawsifurrahman/covid19-radiography-database/COVID-19_Radiography_Dataset/Normal/images/Normal-1618.png,Normal,Normal,True,0.2244100719690323,0.09312310814857483,False,0.09304281324148178,False
1582,/kaggle/input/datasets/tawsifurrahman/covid19-radiography-database/COVID-19_Radiography_Dataset/Normal/images/Normal-1625.png,Normal,Normal,True,0.1506098508834839,0.062332089990377426,False,0.06254520267248154,False
1583,/kaggle/input/datasets/tawsifurrahman/covid19-radiography-database/COVID-19_Radiography_Dataset/Normal/images/Normal-1632.png,Normal,Normal,True,0.3348214328289032,0.18019795417785645,False,0.18293720483779907,False
1584,/kaggle/input/datasets/tawsifurrahman/covid19-radiography-database/COVID-19_Radiography_Dataset/Normal/images/Normal-1642.png,Normal,Normal,False,0.2161790430545807,0.12046536058187485,False,0.1207101047039032,False
1585,/kaggle/input/datasets/tawsifurrahman/covid19-radiography-database/COVID-19_Radiography_Dataset/Normal/images/Normal-1643.png,Normal,Normal,True,0.356166273355484,0.1744106411933899,False,0.17454709112644196,False
1586,/kaggle/input/datasets/tawsifurrahman/covid19-radiography-database/COVID-19_Radiography_Dataset/Normal/images/Normal-1655.png,Normal,Normal,False,0.20127151906490326,0.10804127901792526,False,0.10868324339389801,False
1587,/kaggle/input/datasets/tawsifurrahman/covid19-radiography-database/COVID-19_Radiography_Dataset/Normal/images/Normal-167.png,Normal,Normal,False,0.19830197095870972,0.07594265788793564,False,0.07630791515111923,False
1588,/kaggle/input/datasets/tawsifurrahman/covid19-radiography-database/COVID-19_Radiography_Dataset/Normal/images/Normal-1675.png,Normal,Normal,False,0.22179926931858063,0.11317294836044312,False,0.11338823288679123,False
1589,/kaggle/input/datasets/tawsifurrahman/covid19-radiography-database/COVID-19_Radiography_Dataset/Normal/images/Normal-1679.png,Normal,Normal,False,0.21876992285251617,0.11782951653003693,False,0.11882900446653366,False
1590,/kaggle/input/datasets/tawsifurrahman/covid19-radiography-database/COVID-19_Radiography_Dataset/Normal/images/Normal-168.png,Normal,Viral Pneumonia,False,0.178571417927742,0.12554490566253662,False,0.1250719577074051,False
1591,/kaggle/input/datasets/tawsifurrahman/covid19-radiography-database/COVID-19_Radiography_Dataset/Normal/images/Normal-1681.png,Normal,Normal,False,0.23726482689380646,0.09708583354949951,False,0.09808729588985443,False
1592,/kaggle/input/datasets/tawsifurrahman/covid19-radiography-database/COVID-19_Radiography_Dataset/Normal/images/Normal-1682.png,Normal,Normal,False,0.32061144709587097,0.1661374717950821,False,0.1652856022119522,False
1593,/kaggle/input/datasets/tawsifurrahman/covid19-radiography-database/COVID-19_Radiography_Dataset/Normal/images/Normal-1688.png,Normal,Normal,True,0.24005499482154846,0.13667090237140656,False,0.13637717068195343,False
1594,/kaggle/input/datasets/tawsifurrahman/covid19-radiography-database/COVID-19_Radiography_Dataset/Normal/images/Normal-1702.png,Normal,Normal,False,0.27116549015045166,0.10753804445266724,False,0.1084757074713707,False
1595,/kaggle/input/datasets/tawsifurrahman/covid19-radiography-database/COVID-19_Radiography_Dataset/Normal/images/Normal-1703.png,Normal,Normal,False,0.2444993555545807,0.12416502088308334,False,0.1239752322435379,False
1596,/kaggle/input/datasets/tawsifurrahman/covid19-radiography-database/COVID-19_Radiography_Dataset/Normal/images/Normal-1712.png,Normal,Normal,True,0.26022401452064514,0.16715221107006073,False,0.1664658486843109,False
1597,/kaggle/input/datasets/tawsifurrahman/covid19-radiography-database/COVID-19_Radiography_Dataset/Normal/images/Normal-1716.png,Normal,Normal,False,0.2387794852256775,0.11693467944860458,False,0.11822405457496643,False
1598,/kaggle/input/datasets/tawsifurrahman/covid19-radiography-database/COVID-19_Radiography_Dataset/Normal/images/Normal-1750.png,Normal,Normal,False,0.41318556666374207,0.25639528036117554,False,0.2565252184867859,False
1599,/kaggle/input/datasets/tawsifurrahman/covid19-radiography-database/COVID-19_Radiography_Dataset/Normal/images/Normal-1758.png,Normal,Normal,False,0.19577088952064514,0.10069621354341507,False,0.10079661756753922,False
1600,/kaggle/input/datasets/tawsifurrahman/covid19-radiography-database/COVID-19_Radiography_Dataset/Normal/images/Normal-1774.png,Normal,Normal,False,0.1650390625,0.09102126210927963,False,0.09163197129964828,False
1601,/kaggle/input/datasets/tawsifurrahman/covid19-radiography-database/COVID-19_Radiography_Dataset/Normal/images/Normal-1775.png,Normal,COVID,False,0.32529494166374207,0.17812998592853546,False,0.1795690506696701,False
1602,/kaggle/input/datasets/tawsifurrahman/covid19-radiography-database/COVID-19_Radiography_Dataset/Normal/images/Normal-1792.png,Normal,Normal,False,0.28999918699264526,0.15956339240074158,False,0.16182824969291687,False
1603,/kaggle/input/datasets/tawsifurrahman/covid19-radiography-database/COVID-19_Radiography_Dataset/Normal/images/Normal-1804.png,Normal,Normal,False,0.2981903553009033,0.157423734664917,False,0.1591937094926834,False
1604,/kaggle/input/datasets/tawsifurrahman/covid19-radiography-database/COVID-19_Radiography_Dataset/Normal/images/Normal-1809.png,Normal,Normal,False,0.2724011540412903,0.1847994327545166,False,0.18468961119651794,False
1605,/kaggle/input/datasets/tawsifurrahman/covid19-radiography-database/COVID-19_Radiography_Dataset/Normal/images/Normal-1810.png,Normal,Normal,True,0.2443598508834839,0.08475955575704575,False,0.08516964316368103,False
1606,/kaggle/input/datasets/tawsifurrahman/covid19-radiography-database/COVID-19_Radiography_Dataset/Normal/images/Normal-1815.png,Normal,Normal,True,0.21593989431858063,0.13354936242103577,False,0.13414262235164642,False
1607,/kaggle/input/datasets/tawsifurrahman/covid19-radiography-database/COVID-19_Radiography_Dataset/Normal/images/Normal-1819.png,Normal,Normal,False,0.27883848547935486,0.14574745297431946,False,0.14682061970233917,False
1608,/kaggle/input/datasets/tawsifurrahman/covid19-radiography-database/COVID-19_Radiography_Dataset/Normal/images/Normal-1823.png,Normal,Lung_Opacity,False,0.1478794664144516,0.07231391966342926,False,0.074554443359375,False
1609,/kaggle/input/datasets/tawsifurrahman/covid19-radiography-database/COVID-19_Radiography_Dataset/Normal/images/Normal-1829.png,Normal,Normal,False,0.24914300441741943,0.1651398092508316,False,0.16774865984916687,False
1610,/kaggle/input/datasets/tawsifurrahman/covid19-radiography-database/COVID-19_Radiography_Dataset/Normal/images/Normal-1849.png,Normal,Normal,False,0.26949137449264526,0.21976105868816376,False,0.21928009390830994,False
1611,/kaggle/input/datasets/tawsifurrahman/covid19-radiography-database/COVID-19_Radiography_Dataset/Normal/images/Normal-1852.png,Normal,Normal,True,0.26391103863716125,0.1630261391401291,False,0.1640777736902237,False
1612,/kaggle/input/datasets/tawsifurrahman/covid19-radiography-database/COVID-19_Radiography_Dataset/Normal/images/Normal-1853.png,Normal,Normal,True,0.20332428812980652,0.12032806128263474,False,0.12118799984455109,False
1613,/kaggle/input/datasets/tawsifurrahman/covid19-radiography-database/COVID-19_Radiography_Dataset/Normal/images/Normal-1856.png,Normal,Normal,False,0.30843430757522583,0.12477327883243561,False,0.1258070170879364,False
1614,/kaggle/input/datasets/tawsifurrahman/covid19-radiography-database/COVID-19_Radiography_Dataset/Normal/images/Normal-1857.png,Normal,Normal,True,0.183454230427742,0.1590805947780609,False,0.15977951884269714,False
1615,/kaggle/input/datasets/tawsifurrahman/covid19-radiography-database/COVID-19_Radiography_Dataset/Normal/images/Normal-1869.png,Normal,Normal,False,0.22793765366077423,0.10931719839572906,False,0.10967104882001877,False
1616,/kaggle/input/datasets/tawsifurrahman/covid19-radiography-database/COVID-19_Radiography_Dataset/Normal/images/Normal-187.png,Normal,Normal,False,0.16864636540412903,0.07279779016971588,False,0.07261233776807785,False
1617,/kaggle/input/datasets/tawsifurrahman/covid19-radiography-database/COVID-19_Radiography_Dataset/Normal/images/Normal-1889.png,Normal,Normal,True,0.30355149507522583,0.17112742364406586,False,0.17150914669036865,False
1618,/kaggle/input/datasets/tawsifurrahman/covid19-radiography-database/COVID-19_Radiography_Dataset/Normal/images/Normal-1891.png,Normal,Normal,False,0.22817681729793549,0.1558469831943512,False,0.15630345046520233,False
1619,/kaggle/input/datasets/tawsifurrahman/covid19-radiography-database/COVID-19_Radiography_Dataset/Normal/images/Normal-1893.png,Normal,Normal,True,0.31678491830825806,0.1599542200565338,False,0.16100281476974487,False
1620,/kaggle/input/datasets/tawsifurrahman/covid19-radiography-database/COVID-19_Radiography_Dataset/Normal/images/Normal-1895.png,Normal,Normal,True,0.2514150142669678,0.14647485315799713,False,0.1474614143371582,False
1621,/kaggle/input/datasets/tawsifurrahman/covid19-radiography-database/COVID-19_Radiography_Dataset/Normal/images/Normal-19.png,Normal,Normal,False,0.2810307741165161,0.13621686398983002,False,0.13584882020950317,False
1622,/kaggle/input/datasets/tawsifurrahman/covid19-radiography-database/COVID-19_Radiography_Dataset/Normal/images/Normal-1903.png,Normal,Normal,True,0.19537228345870972,0.07135027647018433,False,0.072271429002285,False
1623,/kaggle/input/datasets/tawsifurrahman/covid19-radiography-database/COVID-19_Radiography_Dataset/Normal/images/Normal-1909.png,Normal,Normal,False,0.224609375,0.11111992597579956,False,0.11260279268026352,False
1624,/kaggle/input/datasets/tawsifurrahman/covid19-radiography-database/COVID-19_Radiography_Dataset/Normal/images/Normal-1916.png,Normal,Normal,True,0.2843789756298065,0.12868396937847137,False,0.12942805886268616,False
1625,/kaggle/input/datasets/tawsifurrahman/covid19-radiography-database/COVID-19_Radiography_Dataset/Normal/images/Normal-1926.png,Normal,Normal,True,0.3302176296710968,0.169829860329628,False,0.17092452943325043,False
1626,/kaggle/input/datasets/tawsifurrahman/covid19-radiography-database/COVID-19_Radiography_Dataset/Normal/images/Normal-1934.png,Normal,Normal,False,0.2500597834587097,0.1706141233444214,False,0.17008715867996216,False
1627,/kaggle/input/datasets/tawsifurrahman/covid19-radiography-database/COVID-19_Radiography_Dataset/Normal/images/Normal-1936.png,Normal,Normal,False,0.26084181666374207,0.13421760499477386,False,0.13473908603191376,False
1628,/kaggle/input/datasets/tawsifurrahman/covid19-radiography-database/COVID-19_Radiography_Dataset/Normal/images/Normal-1939.png,Normal,Normal,False,0.24252630770206451,0.10893306881189346,False,0.10934232175350189,False
1629,/kaggle/input/datasets/tawsifurrahman/covid19-radiography-database/COVID-19_Radiography_Dataset/Normal/images/Normal-195.png,Normal,Normal,False,0.15375876426696777,0.07730624079704285,False,0.07683566957712173,False
1630,/kaggle/input/datasets/tawsifurrahman/covid19-radiography-database/COVID-19_Radiography_Dataset/Normal/images/Normal-1952.png,Normal,Normal,False,0.13775509595870972,0.07729097455739975,False,0.07875969260931015,False
1631,/kaggle/input/datasets/tawsifurrahman/covid19-radiography-database/COVID-19_Radiography_Dataset/Normal/images/Normal-1957.png,Normal,Normal,False,0.3491310477256775,0.17379474639892578,False,0.1748763471841812,False
1632,/kaggle/input/datasets/tawsifurrahman/covid19-radiography-database/COVID-19_Radiography_Dataset/Normal/images/Normal-1964.png,Normal,Normal,True,0.3539540767669678,0.16756193339824677,False,0.16870532929897308,False
1633,/kaggle/input/datasets/tawsifurrahman/covid19-radiography-database/COVID-19_Radiography_Dataset/Normal/images/Normal-1984.png,Normal,Normal,False,0.32461732625961304,0.17832915484905243,False,0.1806715875864029,False
1634,/kaggle/input/datasets/tawsifurrahman/covid19-radiography-database/COVID-19_Radiography_Dataset/Normal/images/Normal-1989.png,Normal,Normal,False,0.33193159103393555,0.13258926570415497,False,0.13303664326667786,False
1635,/kaggle/input/datasets/tawsifurrahman/covid19-radiography-database/COVID-19_Radiography_Dataset/Normal/images/Normal-1991.png,Normal,Normal,False,0.20418128371238708,0.10891057550907135,False,0.10937478393316269,False
1636,/kaggle/input/datasets/tawsifurrahman/covid19-radiography-database/COVID-19_Radiography_Dataset/Normal/images/Normal-1992.png,Normal,Normal,False,0.3019770383834839,0.17429649829864502,False,0.17514389753341675,False
1637,/kaggle/input/datasets/tawsifurrahman/covid19-radiography-database/COVID-19_Radiography_Dataset/Normal/images/Normal-1994.png,Normal,Normal,False,0.20244738459587097,0.0838303342461586,False,0.08428110182285309,False
1638,/kaggle/input/datasets/tawsifurrahman/covid19-radiography-database/COVID-19_Radiography_Dataset/Normal/images/Normal-2001.png,Normal,Normal,True,0.04308832809329033,0.036379892379045486,False,0.038201574236154556,False
1639,/kaggle/input/datasets/tawsifurrahman/covid19-radiography-database/COVID-19_Radiography_Dataset/Normal/images/Normal-2009.png,Normal,Normal,False,0.24978075921535492,0.1324872225522995,False,0.13309374451637268,False
1640,/kaggle/input/datasets/tawsifurrahman/covid19-radiography-database/COVID-19_Radiography_Dataset/Normal/images/Normal-2025.png,Normal,Normal,True,0.3104272782802582,0.15367810428142548,False,0.1557207554578781,False
1641,/kaggle/input/datasets/tawsifurrahman/covid19-radiography-database/COVID-19_Radiography_Dataset/Normal/images/Normal-2030.png,Normal,Normal,False,0.26969069242477417,0.11468537151813507,False,0.11605269461870193,False
1642,/kaggle/input/datasets/tawsifurrahman/covid19-radiography-database/COVID-19_Radiography_Dataset/Normal/images/Normal-2034.png,Normal,Normal,False,0.214704230427742,0.0831277146935463,False,0.08419759571552277,False
1643,/kaggle/input/datasets/tawsifurrahman/covid19-radiography-database/COVID-19_Radiography_Dataset/Normal/images/Normal-2038.png,Normal,Normal,False,0.22871491312980652,0.1286117136478424,False,0.13040675222873688,False
1644,/kaggle/input/datasets/tawsifurrahman/covid19-radiography-database/COVID-19_Radiography_Dataset/Normal/images/Normal-2040.png,Normal,Normal,True,0.21633848547935486,0.09773430973291397,False,0.09811049699783325,False
1645,/kaggle/input/datasets/tawsifurrahman/covid19-radiography-database/COVID-19_Radiography_Dataset/Normal/images/Normal-2048.png,Normal,Normal,False,0.28043287992477417,0.1309942752122879,False,0.13087154924869537,False
1646,/kaggle/input/datasets/tawsifurrahman/covid19-radiography-database/COVID-19_Radiography_Dataset/Normal/images/Normal-2049.png,Normal,Normal,True,0.3276865482330322,0.12632282078266144,False,0.12729333341121674,False
1647,/kaggle/input/datasets/tawsifurrahman/covid19-radiography-database/COVID-19_Radiography_Dataset/Normal/images/Normal-2057.png,Normal,Normal,True,0.2819674611091614,0.18326084315776825,False,0.18512840569019318,False
1648,/kaggle/input/datasets/tawsifurrahman/covid19-radiography-database/COVID-19_Radiography_Dataset/Normal/images/Normal-2061.png,Normal,Normal,True,0.19222337007522583,0.11265062540769577,False,0.11418668925762177,False
1649,/kaggle/input/datasets/tawsifurrahman/covid19-radiography-database/COVID-19_Radiography_Dataset/Normal/images/Normal-2073.png,Normal,Normal,False,0.24368223547935486,0.1244930699467659,False,0.1251649111509323,False
1650,/kaggle/input/datasets/tawsifurrahman/covid19-radiography-database/COVID-19_Radiography_Dataset/Normal/images/Normal-2074.png,Normal,Normal,True,0.30508607625961304,0.12604385614395142,False,0.12650634348392487,False
1651,/kaggle/input/datasets/tawsifurrahman/covid19-radiography-database/COVID-19_Radiography_Dataset/Normal/images/Normal-2078.png,Normal,Normal,False,0.3128587305545807,0.15068306028842926,False,0.15071028470993042,False
1652,/kaggle/input/datasets/tawsifurrahman/covid19-radiography-database/COVID-19_Radiography_Dataset/Normal/images/Normal-2088.png,Normal,Normal,False,0.2512555718421936,0.11883183568716049,False,0.11974109709262848,False
1653,/kaggle/input/datasets/tawsifurrahman/covid19-radiography-database/COVID-19_Radiography_Dataset/Normal/images/Normal-2089.png,Normal,Normal,False,0.2535076439380646,0.16967816650867462,False,0.16993536055088043,False
1654,/kaggle/input/datasets/tawsifurrahman/covid19-radiography-database/COVID-19_Radiography_Dataset/Normal/images/Normal-2092.png,Normal,Normal,True,0.2896205186843872,0.11045863479375839,False,0.11115368455648422,False
1655,/kaggle/input/datasets/tawsifurrahman/covid19-radiography-database/COVID-19_Radiography_Dataset/Normal/images/Normal-2094.png,Normal,Normal,True,0.1991589516401291,0.0916600450873375,False,0.09157323837280273,False
1656,/kaggle/input/datasets/tawsifurrahman/covid19-radiography-database/COVID-19_Radiography_Dataset/Normal/images/Normal-2102.png,Normal,Normal,False,0.25219228863716125,0.11583871394395828,False,0.11659206449985504,False
1657,/kaggle/input/datasets/tawsifurrahman/covid19-radiography-database/COVID-19_Radiography_Dataset/Normal/images/Normal-2103.png,Normal,Normal,False,0.2533282935619354,0.11387140303850174,False,0.11436784267425537,False
1658,/kaggle/input/datasets/tawsifurrahman/covid19-radiography-database/COVID-19_Radiography_Dataset/Normal/images/Normal-2108.png,Normal,Normal,True,0.26014429330825806,0.09965375065803528,False,0.09970024973154068,False
1659,/kaggle/input/datasets/tawsifurrahman/covid19-radiography-database/COVID-19_Radiography_Dataset/Normal/images/Normal-2120.png,Normal,Normal,False,0.26271525025367737,0.09395246207714081,False,0.09509626030921936,False
1660,/kaggle/input/datasets/tawsifurrahman/covid19-radiography-database/COVID-19_Radiography_Dataset/Normal/images/Normal-2126.png,Normal,Normal,False,0.2592075765132904,0.11261006444692612,False,0.11525700986385345,False
1661,/kaggle/input/datasets/tawsifurrahman/covid19-radiography-database/COVID-19_Radiography_Dataset/Normal/images/Normal-2141.png,Normal,Normal,False,0.17428651452064514,0.09535472095012665,False,0.09540394693613052,False
1662,/kaggle/input/datasets/tawsifurrahman/covid19-radiography-database/COVID-19_Radiography_Dataset/Normal/images/Normal-2149.png,Normal,Normal,True,0.2569156587123871,0.07984516769647598,False,0.08065323531627655,False
1663,/kaggle/input/datasets/tawsifurrahman/covid19-radiography-database/COVID-19_Radiography_Dataset/Normal/images/Normal-215.png,Normal,Normal,False,0.1634446680545807,0.08276061713695526,False,0.08346720039844513,False
1664,/kaggle/input/datasets/tawsifurrahman/covid19-radiography-database/COVID-19_Radiography_Dataset/Normal/images/Normal-2150.png,Normal,Normal,False,0.12886638939380646,0.07348467409610748,False,0.0741473063826561,False
1665,/kaggle/input/datasets/tawsifurrahman/covid19-radiography-database/COVID-19_Radiography_Dataset/Normal/images/Normal-2154.png,Normal,Normal,True,0.30849409103393555,0.18512515723705292,False,0.18631918728351593,False
1666,/kaggle/input/datasets/tawsifurrahman/covid19-radiography-database/COVID-19_Radiography_Dataset/Normal/images/Normal-2157.png,Normal,Normal,False,0.23778299987316132,0.11431748420000076,False,0.11428186297416687,False
1667,/kaggle/input/datasets/tawsifurrahman/covid19-radiography-database/COVID-19_Radiography_Dataset/Normal/images/Normal-2163.png,Normal,Normal,False,0.21530212461948395,0.12496752291917801,False,0.1266336888074875,False
1668,/kaggle/input/datasets/tawsifurrahman/covid19-radiography-database/COVID-19_Radiography_Dataset/Normal/images/Normal-2174.png,Normal,Normal,False,0.25129544734954834,0.09136880189180374,False,0.09222112596035004,False
1669,/kaggle/input/datasets/tawsifurrahman/covid19-radiography-database/COVID-19_Radiography_Dataset/Normal/images/Normal-2189.png,Normal,Normal,False,0.30430883169174194,0.17318812012672424,False,0.1739557385444641,False
1670,/kaggle/input/datasets/tawsifurrahman/covid19-radiography-database/COVID-19_Radiography_Dataset/Normal/images/Normal-2209.png,Normal,Normal,False,0.2720423936843872,0.17823588848114014,False,0.17824392020702362,False
1671,/kaggle/input/datasets/tawsifurrahman/covid19-radiography-database/COVID-19_Radiography_Dataset/Normal/images/Normal-2210.png,Normal,Normal,True,0.19383768737316132,0.09449847787618637,False,0.09504961967468262,False
1672,/kaggle/input/datasets/tawsifurrahman/covid19-radiography-database/COVID-19_Radiography_Dataset/Normal/images/Normal-2225.png,Normal,Normal,True,0.29404494166374207,0.1920088678598404,False,0.1931602507829666,False
1673,/kaggle/input/datasets/tawsifurrahman/covid19-radiography-database/COVID-19_Radiography_Dataset/Normal/images/Normal-2228.png,Normal,Normal,False,0.31176260113716125,0.20189228653907776,False,0.20295773446559906,False
1674,/kaggle/input/datasets/tawsifurrahman/covid19-radiography-database/COVID-19_Radiography_Dataset/Normal/images/Normal-2231.png,Normal,Normal,False,0.23614874482154846,0.1363798826932907,False,0.13773947954177856,False
1675,/kaggle/input/datasets/tawsifurrahman/covid19-radiography-database/COVID-19_Radiography_Dataset/Normal/images/Normal-2240.png,Normal,Normal,False,0.20133130252361298,0.10388830304145813,False,0.10434675216674805,False
1676,/kaggle/input/datasets/tawsifurrahman/covid19-radiography-database/COVID-19_Radiography_Dataset/Normal/images/Normal-2254.png,Normal,Normal,True,0.2448381632566452,0.1299985647201538,False,0.13023892045021057,False
1677,/kaggle/input/datasets/tawsifurrahman/covid19-radiography-database/COVID-19_Radiography_Dataset/Normal/images/Normal-2268.png,Normal,Normal,True,0.22024473547935486,0.14812642335891724,False,0.14846491813659668,False
1678,/kaggle/input/datasets/tawsifurrahman/covid19-radiography-database/COVID-19_Radiography_Dataset/Normal/images/Normal-227.png,Normal,Normal,True,0.21607939898967743,0.14821206033229828,False,0.14689062535762787,False
1679,/kaggle/input/datasets/tawsifurrahman/covid19-radiography-database/COVID-19_Radiography_Dataset/Normal/images/Normal-2273.png,Normal,Normal,True,0.23174425959587097,0.1452833116054535,False,0.14708979427814484,False
1680,/kaggle/input/datasets/tawsifurrahman/covid19-radiography-database/COVID-19_Radiography_Dataset/Normal/images/Normal-2277.png,Normal,Normal,False,0.20392218232154846,0.09229934215545654,False,0.0929417535662651,False
1681,/kaggle/input/datasets/tawsifurrahman/covid19-radiography-database/COVID-19_Radiography_Dataset/Normal/images/Normal-2278.png,Normal,Normal,False,0.16187021136283875,0.07236763089895248,False,0.07482006400823593,False
1682,/kaggle/input/datasets/tawsifurrahman/covid19-radiography-database/COVID-19_Radiography_Dataset/Normal/images/Normal-2281.png,Normal,Normal,False,0.2085060477256775,0.07906220853328705,False,0.08035344630479813,False
1683,/kaggle/input/datasets/tawsifurrahman/covid19-radiography-database/COVID-19_Radiography_Dataset/Normal/images/Normal-2283.png,Normal,Normal,True,0.3265306055545807,0.2271013855934143,False,0.22773514688014984,False
1684,/kaggle/input/datasets/tawsifurrahman/covid19-radiography-database/COVID-19_Radiography_Dataset/Normal/images/Normal-2293.png,Normal,Normal,False,0.2926299273967743,0.19791260361671448,False,0.19832013547420502,False
1685,/kaggle/input/datasets/tawsifurrahman/covid19-radiography-database/COVID-19_Radiography_Dataset/Normal/images/Normal-2297.png,Normal,Normal,False,0.2806122303009033,0.16245096921920776,False,0.16208064556121826,False
1686,/kaggle/input/datasets/tawsifurrahman/covid19-radiography-database/COVID-19_Radiography_Dataset/Normal/images/Normal-2302.png,Normal,Normal,True,0.24830596148967743,0.13459452986717224,False,0.13476769626140594,False
1687,/kaggle/input/datasets/tawsifurrahman/covid19-radiography-database/COVID-19_Radiography_Dataset/Normal/images/Normal-2306.png,Normal,Normal,False,0.24141022562980652,0.12724405527114868,False,0.12864558398723602,False
1688,/kaggle/input/datasets/tawsifurrahman/covid19-radiography-database/COVID-19_Radiography_Dataset/Normal/images/Normal-2307.png,Normal,Normal,False,0.21432557702064514,0.08514586836099625,False,0.08576947450637817,False
1689,/kaggle/input/datasets/tawsifurrahman/covid19-radiography-database/COVID-19_Radiography_Dataset/Normal/images/Normal-2311.png,Normal,Lung_Opacity,False,0.2358497977256775,0.10920608788728714,False,0.10979544371366501,False
1690,/kaggle/input/datasets/tawsifurrahman/covid19-radiography-database/COVID-19_Radiography_Dataset/Normal/images/Normal-2313.png,Normal,Normal,True,0.17107780277729034,0.09897389262914658,False,0.10058467835187912,False
1691,/kaggle/input/datasets/tawsifurrahman/covid19-radiography-database/COVID-19_Radiography_Dataset/Normal/images/Normal-2315.png,Normal,Normal,False,0.2655054032802582,0.1442110538482666,False,0.14666061103343964,False
1692,/kaggle/input/datasets/tawsifurrahman/covid19-radiography-database/COVID-19_Radiography_Dataset/Normal/images/Normal-2321.png,Normal,Normal,True,0.2876474857330322,0.14319095015525818,False,0.14573976397514343,False
1693,/kaggle/input/datasets/tawsifurrahman/covid19-radiography-database/COVID-19_Radiography_Dataset/Normal/images/Normal-2323.png,Normal,Normal,True,0.2811702787876129,0.1371821016073227,False,0.13782215118408203,False
1694,/kaggle/input/datasets/tawsifurrahman/covid19-radiography-database/COVID-19_Radiography_Dataset/Normal/images/Normal-2327.png,Normal,Normal,False,0.2669602930545807,0.11714045703411102,False,0.11846538633108139,False
1695,/kaggle/input/datasets/tawsifurrahman/covid19-radiography-database/COVID-19_Radiography_Dataset/Normal/images/Normal-2330.png,Normal,Normal,True,0.2931680381298065,0.2157084345817566,False,0.2159769982099533,False
1696,/kaggle/input/datasets/tawsifurrahman/covid19-radiography-database/COVID-19_Radiography_Dataset/Normal/images/Normal-2339.png,Normal,Normal,False,0.22024473547935486,0.11690612882375717,False,0.117629773914814,False
1697,/kaggle/input/datasets/tawsifurrahman/covid19-radiography-database/COVID-19_Radiography_Dataset/Normal/images/Normal-2342.png,Normal,Normal,False,0.19148597121238708,0.11329330503940582,False,0.11453630030155182,False
1698,/kaggle/input/datasets/tawsifurrahman/covid19-radiography-database/COVID-19_Radiography_Dataset/Normal/images/Normal-2346.png,Normal,Normal,True,0.2562181055545807,0.17456652224063873,False,0.17464609444141388,False
1699,/kaggle/input/datasets/tawsifurrahman/covid19-radiography-database/COVID-19_Radiography_Dataset/Normal/images/Normal-2356.png,Normal,Normal,True,0.2616589665412903,0.14148420095443726,False,0.14124488830566406,False
1700,/kaggle/input/datasets/tawsifurrahman/covid19-radiography-database/COVID-19_Radiography_Dataset/Normal/images/Normal-2369.png,Normal,Normal,True,0.21069833636283875,0.12051410228013992,False,0.12038350850343704,False
1701,/kaggle/input/datasets/tawsifurrahman/covid19-radiography-database/COVID-19_Radiography_Dataset/Normal/images/Normal-2371.png,Normal,Normal,True,0.26921236515045166,0.13183018565177917,False,0.1335301697254181,False
1702,/kaggle/input/datasets/tawsifurrahman/covid19-radiography-database/COVID-19_Radiography_Dataset/Normal/images/Normal-2374.png,Normal,Normal,False,0.28017377853393555,0.14856958389282227,False,0.15034407377243042,False
1703,/kaggle/input/datasets/tawsifurrahman/covid19-radiography-database/COVID-19_Radiography_Dataset/Normal/images/Normal-2380.png,Normal,Lung_Opacity,False,0.1892338991165161,0.06629660725593567,False,0.06729711592197418,False
1704,/kaggle/input/datasets/tawsifurrahman/covid19-radiography-database/COVID-19_Radiography_Dataset/Normal/images/Normal-2392.png,Normal,Lung_Opacity,False,0.18991151452064514,0.06939850002527237,False,0.07059376686811447,False
1705,/kaggle/input/datasets/tawsifurrahman/covid19-radiography-database/COVID-19_Radiography_Dataset/Normal/images/Normal-24.png,Normal,Normal,False,0.2884247303009033,0.16164836287498474,False,0.16601569950580597,False
1706,/kaggle/input/datasets/tawsifurrahman/covid19-radiography-database/COVID-19_Radiography_Dataset/Normal/images/Normal-240.png,Normal,Normal,False,0.19300062954425812,0.09322118014097214,False,0.09254391491413116,False
1707,/kaggle/input/datasets/tawsifurrahman/covid19-radiography-database/COVID-19_Radiography_Dataset/Normal/images/Normal-2404.png,Normal,Normal,False,0.22859534621238708,0.10107255727052689,False,0.10223536193370819,False
1708,/kaggle/input/datasets/tawsifurrahman/covid19-radiography-database/COVID-19_Radiography_Dataset/Normal/images/Normal-2413.png,Normal,Normal,True,0.267578125,0.15761645138263702,False,0.15807397663593292,False
1709,/kaggle/input/datasets/tawsifurrahman/covid19-radiography-database/COVID-19_Radiography_Dataset/Normal/images/Normal-2426.png,Normal,Normal,False,0.2189692258834839,0.08871407061815262,False,0.08923975378274918,False
1710,/kaggle/input/datasets/tawsifurrahman/covid19-radiography-database/COVID-19_Radiography_Dataset/Normal/images/Normal-2429.png,Normal,Normal,False,0.27847975492477417,0.1275535672903061,False,0.12817196547985077,False
1711,/kaggle/input/datasets/tawsifurrahman/covid19-radiography-database/COVID-19_Radiography_Dataset/Normal/images/Normal-2431.png,Normal,Normal,True,0.22877471148967743,0.1366698145866394,False,0.13618244230747223,False
1712,/kaggle/input/datasets/tawsifurrahman/covid19-radiography-database/COVID-19_Radiography_Dataset/Normal/images/Normal-2433.png,Normal,Normal,True,0.29049745202064514,0.15437248349189758,False,0.15479284524917603,False
1713,/kaggle/input/datasets/tawsifurrahman/covid19-radiography-database/COVID-19_Radiography_Dataset/Normal/images/Normal-2439.png,Normal,Normal,False,0.24465879797935486,0.09946838021278381,False,0.10204370319843292,False
1714,/kaggle/input/datasets/tawsifurrahman/covid19-radiography-database/COVID-19_Radiography_Dataset/Normal/images/Normal-2445.png,Normal,Normal,True,0.2991868555545807,0.17376604676246643,False,0.1738605797290802,False
1715,/kaggle/input/datasets/tawsifurrahman/covid19-radiography-database/COVID-19_Radiography_Dataset/Normal/images/Normal-2453.png,Normal,Normal,False,0.27150431275367737,0.12202690541744232,False,0.12200506776571274,False
1716,/kaggle/input/datasets/tawsifurrahman/covid19-radiography-database/COVID-19_Radiography_Dataset/Normal/images/Normal-246.png,Normal,Normal,True,0.20081312954425812,0.08529844880104065,False,0.08520003408193588,False
1717,/kaggle/input/datasets/tawsifurrahman/covid19-radiography-database/COVID-19_Radiography_Dataset/Normal/images/Normal-2482.png,Normal,Normal,False,0.32816484570503235,0.17828187346458435,False,0.17849265038967133,False
1718,/kaggle/input/datasets/tawsifurrahman/covid19-radiography-database/COVID-19_Radiography_Dataset/Normal/images/Normal-2487.png,Normal,Normal,True,0.1967075914144516,0.0812566876411438,False,0.08192545175552368,False
1719,/kaggle/input/datasets/tawsifurrahman/covid19-radiography-database/COVID-19_Radiography_Dataset/Normal/images/Normal-2494.png,Normal,Normal,False,0.25263074040412903,0.12616948783397675,False,0.12664420902729034,False
1720,/kaggle/input/datasets/tawsifurrahman/covid19-radiography-database/COVID-19_Radiography_Dataset/Normal/images/Normal-2496.png,Normal,Normal,False,0.2508370578289032,0.09546289592981339,False,0.09591031074523926,False
1721,/kaggle/input/datasets/tawsifurrahman/covid19-radiography-database/COVID-19_Radiography_Dataset/Normal/images/Normal-2498.png,Normal,COVID,False,0.31128427386283875,0.17956314980983734,False,0.18076181411743164,False
1722,/kaggle/input/datasets/tawsifurrahman/covid19-radiography-database/COVID-19_Radiography_Dataset/Normal/images/Normal-25.png,Normal,Normal,False,0.20824696123600006,0.10496846586465836,False,0.10592880100011826,False
1723,/kaggle/input/datasets/tawsifurrahman/covid19-radiography-database/COVID-19_Radiography_Dataset/Normal/images/Normal-2506.png,Normal,Normal,False,0.31742265820503235,0.1356087625026703,False,0.13676334917545319,False
1724,/kaggle/input/datasets/tawsifurrahman/covid19-radiography-database/COVID-19_Radiography_Dataset/Normal/images/Normal-2515.png,Normal,Normal,True,0.26502710580825806,0.12652048468589783,False,0.126760333776474,False
1725,/kaggle/input/datasets/tawsifurrahman/covid19-radiography-database/COVID-19_Radiography_Dataset/Normal/images/Normal-2519.png,Normal,Normal,False,0.2890625,0.17116492986679077,False,0.17265437543392181,False
1726,/kaggle/input/datasets/tawsifurrahman/covid19-radiography-database/COVID-19_Radiography_Dataset/Normal/images/Normal-252.png,Normal,Normal,True,0.15830276906490326,0.08370336145162582,False,0.08342661708593369,False
1727,/kaggle/input/datasets/tawsifurrahman/covid19-radiography-database/COVID-19_Radiography_Dataset/Normal/images/Normal-2521.png,Normal,Normal,False,0.26432955265045166,0.13899344205856323,False,0.13946934044361115,False
1728,/kaggle/input/datasets/tawsifurrahman/covid19-radiography-database/COVID-19_Radiography_Dataset/Normal/images/Normal-2527.png,Normal,Normal,False,0.2239915430545807,0.12622250616550446,False,0.12626256048679352,False
1729,/kaggle/input/datasets/tawsifurrahman/covid19-radiography-database/COVID-19_Radiography_Dataset/Normal/images/Normal-2528.png,Normal,Normal,False,0.21410633623600006,0.08833907544612885,False,0.08932466804981232,False
1730,/kaggle/input/datasets/tawsifurrahman/covid19-radiography-database/COVID-19_Radiography_Dataset/Normal/images/Normal-253.png,Normal,Normal,False,0.17839205265045166,0.07030706852674484,False,0.07019421458244324,False
1731,/kaggle/input/datasets/tawsifurrahman/covid19-radiography-database/COVID-19_Radiography_Dataset/Normal/images/Normal-2532.png,Normal,Normal,False,0.2737762928009033,0.15857702493667603,False,0.16097146272659302,False
1732,/kaggle/input/datasets/tawsifurrahman/covid19-radiography-database/COVID-19_Radiography_Dataset/Normal/images/Normal-2535.png,Normal,Normal,False,0.18734055757522583,0.10599368065595627,False,0.10806173086166382,False
1733,/kaggle/input/datasets/tawsifurrahman/covid19-radiography-database/COVID-19_Radiography_Dataset/Normal/images/Normal-2537.png,Normal,Normal,True,0.2784000337123871,0.16055244207382202,False,0.16350573301315308,False
1734,/kaggle/input/datasets/tawsifurrahman/covid19-radiography-database/COVID-19_Radiography_Dataset/Normal/images/Normal-2538.png,Normal,Lung_Opacity,False,0.27660635113716125,0.2219967097043991,False,0.2222774475812912,False
1735,/kaggle/input/datasets/tawsifurrahman/covid19-radiography-database/COVID-19_Radiography_Dataset/Normal/images/Normal-2540.png,Normal,Normal,True,0.2746133506298065,0.1579064130783081,False,0.1586149036884308,False
1736,/kaggle/input/datasets/tawsifurrahman/covid19-radiography-database/COVID-19_Radiography_Dataset/Normal/images/Normal-2541.png,Normal,Normal,False,0.3542729616165161,0.18948078155517578,False,0.19125957787036896,False
1737,/kaggle/input/datasets/tawsifurrahman/covid19-radiography-database/COVID-19_Radiography_Dataset/Normal/images/Normal-2543.png,Normal,Normal,False,0.24844546616077423,0.15744133293628693,False,0.15765297412872314,False
1738,/kaggle/input/datasets/tawsifurrahman/covid19-radiography-database/COVID-19_Radiography_Dataset/Normal/images/Normal-2546.png,Normal,Normal,False,0.23282046616077423,0.12314896285533905,False,0.12558826804161072,False
1739,/kaggle/input/datasets/tawsifurrahman/covid19-radiography-database/COVID-19_Radiography_Dataset/Normal/images/Normal-2548.png,Normal,Normal,True,0.2612802982330322,0.171711727976799,False,0.17190296947956085,False
1740,/kaggle/input/datasets/tawsifurrahman/covid19-radiography-database/COVID-19_Radiography_Dataset/Normal/images/Normal-2552.png,Normal,Normal,True,0.2156210094690323,0.09352584183216095,False,0.09509098529815674,False
1741,/kaggle/input/datasets/tawsifurrahman/covid19-radiography-database/COVID-19_Radiography_Dataset/Normal/images/Normal-2557.png,Normal,Normal,False,0.22369259595870972,0.12972599267959595,False,0.1296362727880478,False
1742,/kaggle/input/datasets/tawsifurrahman/covid19-radiography-database/COVID-19_Radiography_Dataset/Normal/images/Normal-2566.png,Normal,Normal,True,0.2643893361091614,0.14804871380329132,False,0.14768829941749573,False
1743,/kaggle/input/datasets/tawsifurrahman/covid19-radiography-database/COVID-19_Radiography_Dataset/Normal/images/Normal-2580.png,Normal,Normal,False,0.20693159103393555,0.08949485421180725,False,0.08965755254030228,False
1744,/kaggle/input/datasets/tawsifurrahman/covid19-radiography-database/COVID-19_Radiography_Dataset/Normal/images/Normal-259.png,Normal,Normal,False,0.1320352405309677,0.07353222370147705,False,0.07313686609268188,False
1745,/kaggle/input/datasets/tawsifurrahman/covid19-radiography-database/COVID-19_Radiography_Dataset/Normal/images/Normal-2592.png,Normal,Normal,False,0.29900747537612915,0.18600884079933167,False,0.18736320734024048,False
1746,/kaggle/input/datasets/tawsifurrahman/covid19-radiography-database/COVID-19_Radiography_Dataset/Normal/images/Normal-26.png,Normal,Normal,False,0.2124122977256775,0.12990005314350128,False,0.12985800206661224,False
1747,/kaggle/input/datasets/tawsifurrahman/covid19-radiography-database/COVID-19_Radiography_Dataset/Normal/images/Normal-2600.png,Normal,Normal,False,0.2926299273967743,0.12163980305194855,False,0.12162855267524719,False
1748,/kaggle/input/datasets/tawsifurrahman/covid19-radiography-database/COVID-19_Radiography_Dataset/Normal/images/Normal-2604.png,Normal,Normal,False,0.3577008843421936,0.20209312438964844,False,0.20173797011375427,False
1749,/kaggle/input/datasets/tawsifurrahman/covid19-radiography-database/COVID-19_Radiography_Dataset/Normal/images/Normal-2620.png,Normal,Normal,False,0.2742147445678711,0.12164627760648727,False,0.12209150195121765,False
1750,/kaggle/input/datasets/tawsifurrahman/covid19-radiography-database/COVID-19_Radiography_Dataset/Normal/images/Normal-2623.png,Normal,Normal,False,0.23820152878761292,0.11298441886901855,False,0.11372507363557816,False
1751,/kaggle/input/datasets/tawsifurrahman/covid19-radiography-database/COVID-19_Radiography_Dataset/Normal/images/Normal-2624.png,Normal,Normal,False,0.3312539756298065,0.20157814025878906,False,0.20272397994995117,False
1752,/kaggle/input/datasets/tawsifurrahman/covid19-radiography-database/COVID-19_Radiography_Dataset/Normal/images/Normal-2639.png,Normal,Normal,False,0.27244099974632263,0.14967772364616394,False,0.14994831383228302,False
1753,/kaggle/input/datasets/tawsifurrahman/covid19-radiography-database/COVID-19_Radiography_Dataset/Normal/images/Normal-2642.png,Normal,Normal,True,0.17259247601032257,0.09935043007135391,False,0.10073644667863846,False
1754,/kaggle/input/datasets/tawsifurrahman/covid19-radiography-database/COVID-19_Radiography_Dataset/Normal/images/Normal-2645.png,Normal,Normal,False,0.24551577866077423,0.1353006809949875,False,0.13685820996761322,False
1755,/kaggle/input/datasets/tawsifurrahman/covid19-radiography-database/COVID-19_Radiography_Dataset/Normal/images/Normal-2655.png,Normal,Normal,False,0.3124402165412903,0.12814311683177948,False,0.12901636958122253,False
1756,/kaggle/input/datasets/tawsifurrahman/covid19-radiography-database/COVID-19_Radiography_Dataset/Normal/images/Normal-2678.png,Normal,Normal,False,0.3723493218421936,0.27953365445137024,False,0.2805730402469635,False
1757,/kaggle/input/datasets/tawsifurrahman/covid19-radiography-database/COVID-19_Radiography_Dataset/Normal/images/Normal-268.png,Normal,Normal,False,0.1904296875,0.12710095942020416,False,0.12868106365203857,False
1758,/kaggle/input/datasets/tawsifurrahman/covid19-radiography-database/COVID-19_Radiography_Dataset/Normal/images/Normal-2682.png,Normal,Normal,True,0.24069274961948395,0.09116246551275253,False,0.09211859852075577,False
1759,/kaggle/input/datasets/tawsifurrahman/covid19-radiography-database/COVID-19_Radiography_Dataset/Normal/images/Normal-2687.png,Normal,Normal,False,0.29251036047935486,0.1429925411939621,False,0.14313189685344696,False
1760,/kaggle/input/datasets/tawsifurrahman/covid19-radiography-database/COVID-19_Radiography_Dataset/Normal/images/Normal-2690.png,Normal,Normal,False,0.20986127853393555,0.12911540269851685,False,0.13091202080249786,False
1761,/kaggle/input/datasets/tawsifurrahman/covid19-radiography-database/COVID-19_Radiography_Dataset/Normal/images/Normal-270.png,Normal,Normal,False,0.20338408648967743,0.08415613323450089,False,0.08307573199272156,False
1762,/kaggle/input/datasets/tawsifurrahman/covid19-radiography-database/COVID-19_Radiography_Dataset/Normal/images/Normal-2705.png,Normal,Normal,True,0.24320392310619354,0.08320070058107376,False,0.08385691046714783,False
1763,/kaggle/input/datasets/tawsifurrahman/covid19-radiography-database/COVID-19_Radiography_Dataset/Normal/images/Normal-2709.png,Normal,Normal,False,0.4323580861091614,0.25847354531288147,False,0.2587442994117737,False
1764,/kaggle/input/datasets/tawsifurrahman/covid19-radiography-database/COVID-19_Radiography_Dataset/Normal/images/Normal-2722.png,Normal,Normal,False,0.29490193724632263,0.18546998500823975,False,0.18641214072704315,False
1765,/kaggle/input/datasets/tawsifurrahman/covid19-radiography-database/COVID-19_Radiography_Dataset/Normal/images/Normal-2778.png,Normal,Normal,True,0.29019850492477417,0.14404642581939697,False,0.14471295475959778,False
1766,/kaggle/input/datasets/tawsifurrahman/covid19-radiography-database/COVID-19_Radiography_Dataset/Normal/images/Normal-278.png,Normal,Normal,True,0.21081791818141937,0.1170116662979126,False,0.11673415452241898,False
1767,/kaggle/input/datasets/tawsifurrahman/covid19-radiography-database/COVID-19_Radiography_Dataset/Normal/images/Normal-2784.png,Normal,Normal,False,0.25797194242477417,0.13461656868457794,False,0.1347912847995758,False
1768,/kaggle/input/datasets/tawsifurrahman/covid19-radiography-database/COVID-19_Radiography_Dataset/Normal/images/Normal-2787.png,Normal,Normal,True,0.3122807741165161,0.15120922029018402,False,0.15225182473659515,False
1769,/kaggle/input/datasets/tawsifurrahman/covid19-radiography-database/COVID-19_Radiography_Dataset/Normal/images/Normal-2789.png,Normal,Normal,False,0.35949456691741943,0.3288083076477051,False,0.3304731845855713,False
1770,/kaggle/input/datasets/tawsifurrahman/covid19-radiography-database/COVID-19_Radiography_Dataset/Normal/images/Normal-2793.png,Normal,Normal,True,0.30269449949264526,0.21614058315753937,False,0.218475803732872,False
1771,/kaggle/input/datasets/tawsifurrahman/covid19-radiography-database/COVID-19_Radiography_Dataset/Normal/images/Normal-2794.png,Normal,Normal,False,0.2052176296710968,0.09798866510391235,False,0.09846148639917374,False
1772,/kaggle/input/datasets/tawsifurrahman/covid19-radiography-database/COVID-19_Radiography_Dataset/Normal/images/Normal-2803.png,Normal,Normal,False,0.32487642765045166,0.15457847714424133,False,0.15589681267738342,False
1773,/kaggle/input/datasets/tawsifurrahman/covid19-radiography-database/COVID-19_Radiography_Dataset/Normal/images/Normal-2813.png,Normal,Normal,True,0.2474888414144516,0.09801112115383148,False,0.09859728813171387,False
1774,/kaggle/input/datasets/tawsifurrahman/covid19-radiography-database/COVID-19_Radiography_Dataset/Normal/images/Normal-2814.png,Normal,Normal,False,0.25771284103393555,0.14268086850643158,False,0.14413957297801971,False
1775,/kaggle/input/datasets/tawsifurrahman/covid19-radiography-database/COVID-19_Radiography_Dataset/Normal/images/Normal-2819.png,Normal,Normal,True,0.22207827866077423,0.1133028194308281,False,0.11460739374160767,False
1776,/kaggle/input/datasets/tawsifurrahman/covid19-radiography-database/COVID-19_Radiography_Dataset/Normal/images/Normal-2835.png,Normal,Normal,False,0.21139588952064514,0.1469113677740097,False,0.1472587138414383,False
1777,/kaggle/input/datasets/tawsifurrahman/covid19-radiography-database/COVID-19_Radiography_Dataset/Normal/images/Normal-2858.png,Normal,Normal,False,0.3429727256298065,0.25480493903160095,False,0.2539566457271576,False
1778,/kaggle/input/datasets/tawsifurrahman/covid19-radiography-database/COVID-19_Radiography_Dataset/Normal/images/Normal-2863.png,Normal,Normal,False,0.2397560477256775,0.0900707021355629,False,0.09095357358455658,False
1779,/kaggle/input/datasets/tawsifurrahman/covid19-radiography-database/COVID-19_Radiography_Dataset/Normal/images/Normal-2880.png,Normal,Normal,False,0.33687418699264526,0.18144866824150085,False,0.18266555666923523,False
1780,/kaggle/input/datasets/tawsifurrahman/covid19-radiography-database/COVID-19_Radiography_Dataset/Normal/images/Normal-2881.png,Normal,Normal,True,0.050841037184000015,0.07846715301275253,False,0.08350717276334763,False
1781,/kaggle/input/datasets/tawsifurrahman/covid19-radiography-database/COVID-19_Radiography_Dataset/Normal/images/Normal-2883.png,Normal,Normal,False,0.34022241830825806,0.1981775462627411,False,0.19895219802856445,False
1782,/kaggle/input/datasets/tawsifurrahman/covid19-radiography-database/COVID-19_Radiography_Dataset/Normal/images/Normal-2884.png,Normal,Normal,True,0.33625638484954834,0.17375428974628448,False,0.17337395250797272,False
1783,/kaggle/input/datasets/tawsifurrahman/covid19-radiography-database/COVID-19_Radiography_Dataset/Normal/images/Normal-2886.png,Normal,Normal,False,0.25149473547935486,0.14481183886528015,False,0.14530329406261444,False
1784,/kaggle/input/datasets/tawsifurrahman/covid19-radiography-database/COVID-19_Radiography_Dataset/Normal/images/Normal-289.png,Normal,Normal,False,0.21671715378761292,0.09275120496749878,False,0.0928637757897377,False
1785,/kaggle/input/datasets/tawsifurrahman/covid19-radiography-database/COVID-19_Radiography_Dataset/Normal/images/Normal-2893.png,Normal,Normal,False,0.23120614886283875,0.08349974453449249,False,0.08407820016145706,False
1786,/kaggle/input/datasets/tawsifurrahman/covid19-radiography-database/COVID-19_Radiography_Dataset/Normal/images/Normal-2899.png,Normal,Normal,False,0.2875876724720001,0.14171364903450012,False,0.14264042675495148,False
1787,/kaggle/input/datasets/tawsifurrahman/covid19-radiography-database/COVID-19_Radiography_Dataset/Normal/images/Normal-2900.png,Normal,Normal,False,0.29364636540412903,0.16612687706947327,False,0.16716893017292023,False
1788,/kaggle/input/datasets/tawsifurrahman/covid19-radiography-database/COVID-19_Radiography_Dataset/Normal/images/Normal-2908.png,Normal,Normal,False,0.2777822017669678,0.13949766755104065,False,0.1397581398487091,False
1789,/kaggle/input/datasets/tawsifurrahman/covid19-radiography-database/COVID-19_Radiography_Dataset/Normal/images/Normal-2913.png,Normal,Normal,True,0.1726522594690323,0.09413042664527893,False,0.09406489878892899,False
1790,/kaggle/input/datasets/tawsifurrahman/covid19-radiography-database/COVID-19_Radiography_Dataset/Normal/images/Normal-2915.png,Normal,Normal,True,0.2746332883834839,0.13803334534168243,False,0.13908877968788147,False
1791,/kaggle/input/datasets/tawsifurrahman/covid19-radiography-database/COVID-19_Radiography_Dataset/Normal/images/Normal-2920.png,Normal,Normal,False,0.3246970474720001,0.1714421957731247,False,0.1725834608078003,False
1792,/kaggle/input/datasets/tawsifurrahman/covid19-radiography-database/COVID-19_Radiography_Dataset/Normal/images/Normal-2929.png,Normal,Normal,False,0.24091199040412903,0.10483232885599136,False,0.10623257607221603,False
1793,/kaggle/input/datasets/tawsifurrahman/covid19-radiography-database/COVID-19_Radiography_Dataset/Normal/images/Normal-2931.png,Normal,Normal,False,0.20930324494838715,0.10366865247488022,False,0.10432689636945724,False
1794,/kaggle/input/datasets/tawsifurrahman/covid19-radiography-database/COVID-19_Radiography_Dataset/Normal/images/Normal-2938.png,Normal,Normal,False,0.21161511540412903,0.10372144728899002,False,0.10382555425167084,False
1795,/kaggle/input/datasets/tawsifurrahman/covid19-radiography-database/COVID-19_Radiography_Dataset/Normal/images/Normal-2940.png,Normal,Normal,False,0.24356265366077423,0.15676817297935486,False,0.15792454779148102,False
1796,/kaggle/input/datasets/tawsifurrahman/covid19-radiography-database/COVID-19_Radiography_Dataset/Normal/images/Normal-2945.png,Normal,Normal,False,0.32816484570503235,0.20099195837974548,False,0.20199383795261383,False
1797,/kaggle/input/datasets/tawsifurrahman/covid19-radiography-database/COVID-19_Radiography_Dataset/Normal/images/Normal-2956.png,Normal,Normal,False,0.24499760568141937,0.07896322757005692,False,0.07952210307121277,False
1798,/kaggle/input/datasets/tawsifurrahman/covid19-radiography-database/COVID-19_Radiography_Dataset/Normal/images/Normal-2957.png,Normal,Normal,True,0.18307557702064514,0.13911138474941254,False,0.14373309910297394,False
1799,/kaggle/input/datasets/tawsifurrahman/covid19-radiography-database/COVID-19_Radiography_Dataset/Normal/images/Normal-2965.png,Normal,Normal,False,0.3424346148967743,0.19721053540706635,False,0.19919942319393158,False
1800,/kaggle/input/datasets/tawsifurrahman/covid19-radiography-database/COVID-19_Radiography_Dataset/Normal/images/Normal-2976.png,Normal,Normal,True,0.2679169178009033,0.15418727695941925,False,0.15482760965824127,False
1801,/kaggle/input/datasets/tawsifurrahman/covid19-radiography-database/COVID-19_Radiography_Dataset/Normal/images/Normal-2977.png,Normal,Normal,False,0.29984453320503235,0.14256598055362701,False,0.14292187988758087,False
1802,/kaggle/input/datasets/tawsifurrahman/covid19-radiography-database/COVID-19_Radiography_Dataset/Normal/images/Normal-2984.png,Normal,Normal,False,0.33793047070503235,0.1898082196712494,False,0.19068211317062378,False
1803,/kaggle/input/datasets/tawsifurrahman/covid19-radiography-database/COVID-19_Radiography_Dataset/Normal/images/Normal-2988.png,Normal,Normal,False,0.31415417790412903,0.1485893577337265,False,0.14921444654464722,False
1804,/kaggle/input/datasets/tawsifurrahman/covid19-radiography-database/COVID-19_Radiography_Dataset/Normal/images/Normal-2992.png,Normal,Normal,False,0.27953603863716125,0.1262105107307434,False,0.12645259499549866,False
1805,/kaggle/input/datasets/tawsifurrahman/covid19-radiography-database/COVID-19_Radiography_Dataset/Normal/images/Normal-3.png,Normal,Normal,False,0.2069714516401291,0.09811628609895706,False,0.09853504598140717,False
1806,/kaggle/input/datasets/tawsifurrahman/covid19-radiography-database/COVID-19_Radiography_Dataset/Normal/images/Normal-30.png,Normal,Normal,False,0.2624760866165161,0.12616825103759766,False,0.1270633190870285,False
1807,/kaggle/input/datasets/tawsifurrahman/covid19-radiography-database/COVID-19_Radiography_Dataset/Normal/images/Normal-3004.png,Normal,Normal,False,0.29314810037612915,0.13725391030311584,False,0.13750587403774261,False
1808,/kaggle/input/datasets/tawsifurrahman/covid19-radiography-database/COVID-19_Radiography_Dataset/Normal/images/Normal-301.png,Normal,Normal,False,0.2522321343421936,0.1169416680932045,False,0.11682303249835968,False
1809,/kaggle/input/datasets/tawsifurrahman/covid19-radiography-database/COVID-19_Radiography_Dataset/Normal/images/Normal-3010.png,Normal,Normal,True,0.31232061982154846,0.17088685929775238,False,0.17231960594654083,False
1810,/kaggle/input/datasets/tawsifurrahman/covid19-radiography-database/COVID-19_Radiography_Dataset/Normal/images/Normal-3012.png,Normal,Normal,True,0.18558673560619354,0.0766848623752594,False,0.07677300274372101,False
1811,/kaggle/input/datasets/tawsifurrahman/covid19-radiography-database/COVID-19_Radiography_Dataset/Normal/images/Normal-3029.png,Normal,Normal,True,0.28499680757522583,0.11082691699266434,False,0.11099335551261902,False
1812,/kaggle/input/datasets/tawsifurrahman/covid19-radiography-database/COVID-19_Radiography_Dataset/Normal/images/Normal-3035.png,Normal,Normal,True,0.17560188472270966,0.10001985728740692,False,0.10021179914474487,False
1813,/kaggle/input/datasets/tawsifurrahman/covid19-radiography-database/COVID-19_Radiography_Dataset/Normal/images/Normal-3042.png,Normal,Normal,True,0.3318917453289032,0.20204178988933563,False,0.20469267666339874,False
1814,/kaggle/input/datasets/tawsifurrahman/covid19-radiography-database/COVID-19_Radiography_Dataset/Normal/images/Normal-3048.png,Normal,Normal,True,0.3099091053009033,0.1883164346218109,False,0.1889403760433197,False
1815,/kaggle/input/datasets/tawsifurrahman/covid19-radiography-database/COVID-19_Radiography_Dataset/Normal/images/Normal-3051.png,Normal,Normal,False,0.2880859375,0.12108616530895233,False,0.12301380187273026,False
1816,/kaggle/input/datasets/tawsifurrahman/covid19-radiography-database/COVID-19_Radiography_Dataset/Normal/images/Normal-3054.png,Normal,Normal,False,0.26662150025367737,0.12041936069726944,False,0.12050123512744904,False
1817,/kaggle/input/datasets/tawsifurrahman/covid19-radiography-database/COVID-19_Radiography_Dataset/Normal/images/Normal-3060.png,Normal,Normal,False,0.24453921616077423,0.10457107424736023,False,0.10508355498313904,False
1818,/kaggle/input/datasets/tawsifurrahman/covid19-radiography-database/COVID-19_Radiography_Dataset/Normal/images/Normal-3065.png,Normal,Normal,False,0.2160993218421936,0.07800602167844772,False,0.07887185364961624,False
1819,/kaggle/input/datasets/tawsifurrahman/covid19-radiography-database/COVID-19_Radiography_Dataset/Normal/images/Normal-3066.png,Normal,Normal,False,0.27096620202064514,0.13932567834854126,False,0.14072604477405548,False
1820,/kaggle/input/datasets/tawsifurrahman/covid19-radiography-database/COVID-19_Radiography_Dataset/Normal/images/Normal-3071.png,Normal,Normal,False,0.2736567258834839,0.15010054409503937,False,0.15097202360630035,False
1821,/kaggle/input/datasets/tawsifurrahman/covid19-radiography-database/COVID-19_Radiography_Dataset/Normal/images/Normal-3077.png,Normal,Normal,False,0.29884806275367737,0.15625379979610443,False,0.15870696306228638,False
1822,/kaggle/input/datasets/tawsifurrahman/covid19-radiography-database/COVID-19_Radiography_Dataset/Normal/images/Normal-3079.png,Normal,Normal,True,0.3327885866165161,0.21574527025222778,False,0.22095438838005066,False
1823,/kaggle/input/datasets/tawsifurrahman/covid19-radiography-database/COVID-19_Radiography_Dataset/Normal/images/Normal-3080.png,Normal,Normal,False,0.2325613796710968,0.11044605821371078,False,0.11135173588991165,False
1824,/kaggle/input/datasets/tawsifurrahman/covid19-radiography-database/COVID-19_Radiography_Dataset/Normal/images/Normal-3085.png,Normal,Normal,False,0.29573899507522583,0.1614055037498474,False,0.16263464093208313,False
1825,/kaggle/input/datasets/tawsifurrahman/covid19-radiography-database/COVID-19_Radiography_Dataset/Normal/images/Normal-3087.png,Normal,Normal,False,0.21845105290412903,0.13800707459449768,False,0.137326180934906,False
1826,/kaggle/input/datasets/tawsifurrahman/covid19-radiography-database/COVID-19_Radiography_Dataset/Normal/images/Normal-3089.png,Normal,Normal,False,0.35977357625961304,0.2482871115207672,False,0.25142335891723633,False
1827,/kaggle/input/datasets/tawsifurrahman/covid19-radiography-database/COVID-19_Radiography_Dataset/Normal/images/Normal-3099.png,Normal,Normal,False,0.29446348547935486,0.1774147003889084,False,0.17813104391098022,False
1828,/kaggle/input/datasets/tawsifurrahman/covid19-radiography-database/COVID-19_Radiography_Dataset/Normal/images/Normal-3100.png,Normal,Normal,False,0.18307557702064514,0.09594537317752838,False,0.09642253071069717,False
1829,/kaggle/input/datasets/tawsifurrahman/covid19-radiography-database/COVID-19_Radiography_Dataset/Normal/images/Normal-3103.png,Normal,Normal,False,0.3076969087123871,0.18828797340393066,False,0.18797394633293152,False
1830,/kaggle/input/datasets/tawsifurrahman/covid19-radiography-database/COVID-19_Radiography_Dataset/Normal/images/Normal-3114.png,Normal,Normal,False,0.2956194281578064,0.2019471526145935,False,0.20157496631145477,False
1831,/kaggle/input/datasets/tawsifurrahman/covid19-radiography-database/COVID-19_Radiography_Dataset/Normal/images/Normal-312.png,Normal,Normal,True,0.17175541818141937,0.10548808425664902,False,0.10574319213628769,False
1832,/kaggle/input/datasets/tawsifurrahman/covid19-radiography-database/COVID-19_Radiography_Dataset/Normal/images/Normal-3138.png,Normal,Normal,False,0.225446417927742,0.1709989309310913,False,0.17188912630081177,False
1833,/kaggle/input/datasets/tawsifurrahman/covid19-radiography-database/COVID-19_Radiography_Dataset/Normal/images/Normal-3142.png,Normal,Normal,False,0.3338647782802582,0.14580079913139343,False,0.14634183049201965,False
1834,/kaggle/input/datasets/tawsifurrahman/covid19-radiography-database/COVID-19_Radiography_Dataset/Normal/images/Normal-3144.png,Normal,Normal,True,0.30576369166374207,0.1721717268228531,False,0.17284978926181793,False
1835,/kaggle/input/datasets/tawsifurrahman/covid19-radiography-database/COVID-19_Radiography_Dataset/Normal/images/Normal-3154.png,Normal,Normal,False,0.16848692297935486,0.10110422968864441,False,0.10355740040540695,False
1836,/kaggle/input/datasets/tawsifurrahman/covid19-radiography-database/COVID-19_Radiography_Dataset/Normal/images/Normal-3162.png,Normal,Normal,False,0.20473931729793549,0.09177284687757492,False,0.09355614334344864,False
1837,/kaggle/input/datasets/tawsifurrahman/covid19-radiography-database/COVID-19_Radiography_Dataset/Normal/images/Normal-3168.png,Normal,Normal,True,0.353535532951355,0.20793937146663666,False,0.20668044686317444,False
1838,/kaggle/input/datasets/tawsifurrahman/covid19-radiography-database/COVID-19_Radiography_Dataset/Normal/images/Normal-3175.png,Normal,Normal,False,0.2523915767669678,0.14199943840503693,False,0.14266559481620789,False
1839,/kaggle/input/datasets/tawsifurrahman/covid19-radiography-database/COVID-19_Radiography_Dataset/Normal/images/Normal-319.png,Normal,Normal,True,0.2549625337123871,0.10054325312376022,False,0.10026407241821289,False
1840,/kaggle/input/datasets/tawsifurrahman/covid19-radiography-database/COVID-19_Radiography_Dataset/Normal/images/Normal-3193.png,Normal,Normal,False,0.16360411047935486,0.077382393181324,False,0.07836951315402985,False
1841,/kaggle/input/datasets/tawsifurrahman/covid19-radiography-database/COVID-19_Radiography_Dataset/Normal/images/Normal-3196.png,Normal,Normal,True,0.21322943270206451,0.1158694252371788,False,0.11636760085821152,False
1842,/kaggle/input/datasets/tawsifurrahman/covid19-radiography-database/COVID-19_Radiography_Dataset/Normal/images/Normal-3206.png,Normal,Normal,False,0.19632892310619354,0.09688308835029602,False,0.09782106429338455,False
1843,/kaggle/input/datasets/tawsifurrahman/covid19-radiography-database/COVID-19_Radiography_Dataset/Normal/images/Normal-3208.png,Normal,Normal,False,0.2954998314380646,0.1685524433851242,False,0.16904528439044952,False
1844,/kaggle/input/datasets/tawsifurrahman/covid19-radiography-database/COVID-19_Radiography_Dataset/Normal/images/Normal-3212.png,Normal,Normal,False,0.2855149805545807,0.16339607536792755,False,0.16418510675430298,False
1845,/kaggle/input/datasets/tawsifurrahman/covid19-radiography-database/COVID-19_Radiography_Dataset/Normal/images/Normal-3214.png,Normal,Normal,False,0.2596261203289032,0.17719173431396484,False,0.1768741011619568,False
1846,/kaggle/input/datasets/tawsifurrahman/covid19-radiography-database/COVID-19_Radiography_Dataset/Normal/images/Normal-3225.png,Normal,Normal,True,0.2532086968421936,0.17359541356563568,False,0.1737237423658371,False
1847,/kaggle/input/datasets/tawsifurrahman/covid19-radiography-database/COVID-19_Radiography_Dataset/Normal/images/Normal-3241.png,Normal,Normal,False,0.23419561982154846,0.11192622035741806,False,0.11377748101949692,False
1848,/kaggle/input/datasets/tawsifurrahman/covid19-radiography-database/COVID-19_Radiography_Dataset/Normal/images/Normal-3242.png,Normal,Normal,False,0.2470703125,0.13925768435001373,False,0.14075593650341034,False
1849,/kaggle/input/datasets/tawsifurrahman/covid19-radiography-database/COVID-19_Radiography_Dataset/Normal/images/Normal-3257.png,Normal,Normal,False,0.2302694469690323,0.10613852739334106,False,0.10620279610157013,False
1850,/kaggle/input/datasets/tawsifurrahman/covid19-radiography-database/COVID-19_Radiography_Dataset/Normal/images/Normal-326.png,Normal,Normal,False,0.21014030277729034,0.10265788435935974,False,0.10255727171897888,False
1851,/kaggle/input/datasets/tawsifurrahman/covid19-radiography-database/COVID-19_Radiography_Dataset/Normal/images/Normal-3262.png,Normal,Normal,False,0.3673270046710968,0.20450066030025482,False,0.20524896681308746,False
1852,/kaggle/input/datasets/tawsifurrahman/covid19-radiography-database/COVID-19_Radiography_Dataset/Normal/images/Normal-3273.png,Normal,Normal,True,0.2128308266401291,0.06731550395488739,False,0.06833244860172272,False
1853,/kaggle/input/datasets/tawsifurrahman/covid19-radiography-database/COVID-19_Radiography_Dataset/Normal/images/Normal-3276.png,Normal,Normal,False,0.22233736515045166,0.1266852170228958,False,0.12681418657302856,False
1854,/kaggle/input/datasets/tawsifurrahman/covid19-radiography-database/COVID-19_Radiography_Dataset/Normal/images/Normal-3281.png,Normal,Normal,True,0.4037587642669678,0.21714980900287628,False,0.218265101313591,False
1855,/kaggle/input/datasets/tawsifurrahman/covid19-radiography-database/COVID-19_Radiography_Dataset/Normal/images/Normal-3284.png,Normal,Normal,True,0.3240792453289032,0.16034378111362457,False,0.16179557144641876,False
1856,/kaggle/input/datasets/tawsifurrahman/covid19-radiography-database/COVID-19_Radiography_Dataset/Normal/images/Normal-3287.png,Normal,Normal,True,0.24792729318141937,0.10742925852537155,False,0.10781920701265335,False
1857,/kaggle/input/datasets/tawsifurrahman/covid19-radiography-database/COVID-19_Radiography_Dataset/Normal/images/Normal-3312.png,Normal,Normal,False,0.1860451102256775,0.10450127720832825,False,0.10495347529649734,False
1858,/kaggle/input/datasets/tawsifurrahman/covid19-radiography-database/COVID-19_Radiography_Dataset/Normal/images/Normal-3318.png,Normal,Normal,True,0.3012794852256775,0.17318901419639587,False,0.17397119104862213,False
1859,/kaggle/input/datasets/tawsifurrahman/covid19-radiography-database/COVID-19_Radiography_Dataset/Normal/images/Normal-3323.png,Normal,Normal,False,0.1595384180545807,0.06364331394433975,False,0.06352460384368896,False
1860,/kaggle/input/datasets/tawsifurrahman/covid19-radiography-database/COVID-19_Radiography_Dataset/Normal/images/Normal-3345.png,Normal,Normal,False,0.26365193724632263,0.1480235755443573,False,0.14860749244689941,False
1861,/kaggle/input/datasets/tawsifurrahman/covid19-radiography-database/COVID-19_Radiography_Dataset/Normal/images/Normal-3346.png,Normal,Normal,True,0.26963087916374207,0.14227598905563354,False,0.1446511596441269,False
1862,/kaggle/input/datasets/tawsifurrahman/covid19-radiography-database/COVID-19_Radiography_Dataset/Normal/images/Normal-3349.png,Normal,Normal,False,0.2380022257566452,0.09495308995246887,False,0.09579968452453613,False
1863,/kaggle/input/datasets/tawsifurrahman/covid19-radiography-database/COVID-19_Radiography_Dataset/Normal/images/Normal-3352.png,Normal,Normal,False,0.26578444242477417,0.1488114893436432,False,0.1491396725177765,False
1864,/kaggle/input/datasets/tawsifurrahman/covid19-radiography-database/COVID-19_Radiography_Dataset/Normal/images/Normal-3353.png,Normal,Normal,True,0.23226243257522583,0.1049048900604248,False,0.10613374412059784,False
1865,/kaggle/input/datasets/tawsifurrahman/covid19-radiography-database/COVID-19_Radiography_Dataset/Normal/images/Normal-3359.png,Normal,Normal,False,0.2806919515132904,0.14568205177783966,False,0.14652341604232788,False
1866,/kaggle/input/datasets/tawsifurrahman/covid19-radiography-database/COVID-19_Radiography_Dataset/Normal/images/Normal-3362.png,Normal,Lung_Opacity,False,0.15818318724632263,0.12300021946430206,False,0.12350032478570938,False
1867,/kaggle/input/datasets/tawsifurrahman/covid19-radiography-database/COVID-19_Radiography_Dataset/Normal/images/Normal-3366.png,Normal,Normal,True,0.3088129758834839,0.15294332802295685,False,0.1537916660308838,False
1868,/kaggle/input/datasets/tawsifurrahman/covid19-radiography-database/COVID-19_Radiography_Dataset/Normal/images/Normal-3368.png,Normal,Normal,False,0.22983099520206451,0.1164311096072197,False,0.1180168092250824,False
1869,/kaggle/input/datasets/tawsifurrahman/covid19-radiography-database/COVID-19_Radiography_Dataset/Normal/images/Normal-337.png,Normal,Normal,False,0.1886957883834839,0.08355220407247543,False,0.0837658941745758,False
1870,/kaggle/input/datasets/tawsifurrahman/covid19-radiography-database/COVID-19_Radiography_Dataset/Normal/images/Normal-3388.png,Normal,Lung_Opacity,False,0.19527263939380646,0.06803052872419357,False,0.06900645047426224,False
1871,/kaggle/input/datasets/tawsifurrahman/covid19-radiography-database/COVID-19_Radiography_Dataset/Normal/images/Normal-3391.png,Normal,Normal,False,0.2627550959587097,0.1591181755065918,False,0.16090591251850128,False
1872,/kaggle/input/datasets/tawsifurrahman/covid19-radiography-database/COVID-19_Radiography_Dataset/Normal/images/Normal-3405.png,Normal,Normal,False,0.19543208181858063,0.07402276992797852,False,0.0748869925737381,False
1873,/kaggle/input/datasets/tawsifurrahman/covid19-radiography-database/COVID-19_Radiography_Dataset/Normal/images/Normal-3406.png,Normal,Lung_Opacity,False,0.19634884595870972,0.06676021218299866,False,0.06770610809326172,False
1874,/kaggle/input/datasets/tawsifurrahman/covid19-radiography-database/COVID-19_Radiography_Dataset/Normal/images/Normal-3413.png,Normal,Normal,True,0.2906568944454193,0.13989630341529846,False,0.14001619815826416,False
1875,/kaggle/input/datasets/tawsifurrahman/covid19-radiography-database/COVID-19_Radiography_Dataset/Normal/images/Normal-3414.png,Normal,Normal,False,0.3346221148967743,0.18452045321464539,False,0.18594267964363098,False
1876,/kaggle/input/datasets/tawsifurrahman/covid19-radiography-database/COVID-19_Radiography_Dataset/Normal/images/Normal-3418.png,Normal,Normal,False,0.4080636203289032,0.23675327003002167,False,0.23661978542804718,False
1877,/kaggle/input/datasets/tawsifurrahman/covid19-radiography-database/COVID-19_Radiography_Dataset/Normal/images/Normal-3427.png,Normal,Normal,True,0.2818279564380646,0.15635663270950317,False,0.1573782116174698,False
1878,/kaggle/input/datasets/tawsifurrahman/covid19-radiography-database/COVID-19_Radiography_Dataset/Normal/images/Normal-3429.png,Normal,Normal,False,0.29298868775367737,0.1456567645072937,False,0.14570339024066925,False
1879,/kaggle/input/datasets/tawsifurrahman/covid19-radiography-database/COVID-19_Radiography_Dataset/Normal/images/Normal-3437.png,Normal,Normal,False,0.3366549611091614,0.15248966217041016,False,0.15338309109210968,False
1880,/kaggle/input/datasets/tawsifurrahman/covid19-radiography-database/COVID-19_Radiography_Dataset/Normal/images/Normal-3438.png,Normal,Normal,True,0.27551019191741943,0.1502530872821808,False,0.15082000195980072,False
1881,/kaggle/input/datasets/tawsifurrahman/covid19-radiography-database/COVID-19_Radiography_Dataset/Normal/images/Normal-3445.png,Normal,Lung_Opacity,True,0.21424585580825806,0.12711822986602783,False,0.12836575508117676,False
1882,/kaggle/input/datasets/tawsifurrahman/covid19-radiography-database/COVID-19_Radiography_Dataset/Normal/images/Normal-3447.png,Normal,Normal,False,0.22626355290412903,0.1535104513168335,False,0.1532576084136963,False
1883,/kaggle/input/datasets/tawsifurrahman/covid19-radiography-database/COVID-19_Radiography_Dataset/Normal/images/Normal-3454.png,Normal,Normal,True,0.2470105141401291,0.12252196669578552,False,0.12351369112730026,False
1884,/kaggle/input/datasets/tawsifurrahman/covid19-radiography-database/COVID-19_Radiography_Dataset/Normal/images/Normal-3457.png,Normal,Lung_Opacity,False,0.2019491344690323,0.09032277762889862,False,0.0910034105181694,False
1885,/kaggle/input/datasets/tawsifurrahman/covid19-radiography-database/COVID-19_Radiography_Dataset/Normal/images/Normal-3465.png,Normal,Normal,False,0.3403818607330322,0.19061151146888733,False,0.19245965778827667,False
1886,/kaggle/input/datasets/tawsifurrahman/covid19-radiography-database/COVID-19_Radiography_Dataset/Normal/images/Normal-3476.png,Normal,Normal,True,0.3047672212123871,0.1537850797176361,False,0.15495014190673828,False
1887,/kaggle/input/datasets/tawsifurrahman/covid19-radiography-database/COVID-19_Radiography_Dataset/Normal/images/Normal-348.png,Normal,Normal,False,0.21466436982154846,0.12355002015829086,False,0.12410397082567215,False
1888,/kaggle/input/datasets/tawsifurrahman/covid19-radiography-database/COVID-19_Radiography_Dataset/Normal/images/Normal-3482.png,Normal,Normal,False,0.3111647069454193,0.16745644807815552,False,0.16831301152706146,False
1889,/kaggle/input/datasets/tawsifurrahman/covid19-radiography-database/COVID-19_Radiography_Dataset/Normal/images/Normal-3486.png,Normal,Normal,False,0.2977917790412903,0.17221157252788544,False,0.17387056350708008,False
1890,/kaggle/input/datasets/tawsifurrahman/covid19-radiography-database/COVID-19_Radiography_Dataset/Normal/images/Normal-3487.png,Normal,Normal,False,0.1954520046710968,0.10603487491607666,False,0.10582440346479416,False
1891,/kaggle/input/datasets/tawsifurrahman/covid19-radiography-database/COVID-19_Radiography_Dataset/Normal/images/Normal-3491.png,Normal,Normal,False,0.1491350382566452,0.08021215349435806,False,0.08066945523023605,False
1892,/kaggle/input/datasets/tawsifurrahman/covid19-radiography-database/COVID-19_Radiography_Dataset/Normal/images/Normal-3505.png,Normal,Normal,False,0.25372686982154846,0.13886217772960663,False,0.13974423706531525,False
1893,/kaggle/input/datasets/tawsifurrahman/covid19-radiography-database/COVID-19_Radiography_Dataset/Normal/images/Normal-3507.png,Normal,Normal,False,0.244001105427742,0.13890594244003296,False,0.13951268792152405,False
1894,/kaggle/input/datasets/tawsifurrahman/covid19-radiography-database/COVID-19_Radiography_Dataset/Normal/images/Normal-3509.png,Normal,Normal,True,0.22967155277729034,0.12237772345542908,False,0.1240842193365097,False
1895,/kaggle/input/datasets/tawsifurrahman/covid19-radiography-database/COVID-19_Radiography_Dataset/Normal/images/Normal-3511.png,Normal,Normal,False,0.2684350907802582,0.13723713159561157,False,0.13960927724838257,False
1896,/kaggle/input/datasets/tawsifurrahman/covid19-radiography-database/COVID-19_Radiography_Dataset/Normal/images/Normal-3516.png,Normal,Normal,False,0.24071268737316132,0.14186929166316986,False,0.14152421057224274,False
1897,/kaggle/input/datasets/tawsifurrahman/covid19-radiography-database/COVID-19_Radiography_Dataset/Normal/images/Normal-3532.png,Normal,Normal,False,0.2284558266401291,0.10017868876457214,False,0.10058057308197021,False
1898,/kaggle/input/datasets/tawsifurrahman/covid19-radiography-database/COVID-19_Radiography_Dataset/Normal/images/Normal-3534.png,Normal,Normal,False,0.21312977373600006,0.0703609362244606,False,0.07015474140644073,False
1899,/kaggle/input/datasets/tawsifurrahman/covid19-radiography-database/COVID-19_Radiography_Dataset/Normal/images/Normal-3540.png,Normal,Normal,False,0.22289539873600006,0.12208108603954315,False,0.12228002399206161,False
1900,/kaggle/input/datasets/tawsifurrahman/covid19-radiography-database/COVID-19_Radiography_Dataset/Normal/images/Normal-3545.png,Normal,Normal,False,0.17055962979793549,0.05716726928949356,False,0.057128291577100754,False
1901,/kaggle/input/datasets/tawsifurrahman/covid19-radiography-database/COVID-19_Radiography_Dataset/Normal/images/Normal-3549.png,Normal,Normal,True,0.2741549611091614,0.17318570613861084,False,0.17415682971477509,False
1902,/kaggle/input/datasets/tawsifurrahman/covid19-radiography-database/COVID-19_Radiography_Dataset/Normal/images/Normal-3559.png,Normal,Normal,False,0.15076929330825806,0.09695086628198624,False,0.09793578833341599,False
1903,/kaggle/input/datasets/tawsifurrahman/covid19-radiography-database/COVID-19_Radiography_Dataset/Normal/images/Normal-356.png,Normal,Normal,False,0.1821388602256775,0.08505723625421524,False,0.08480357378721237,False
1904,/kaggle/input/datasets/tawsifurrahman/covid19-radiography-database/COVID-19_Radiography_Dataset/Normal/images/Normal-3562.png,Normal,Normal,True,0.2621372640132904,0.12156389653682709,False,0.12181535363197327,False
1905,/kaggle/input/datasets/tawsifurrahman/covid19-radiography-database/COVID-19_Radiography_Dataset/Normal/images/Normal-3566.png,Normal,Normal,False,0.32802534103393555,0.19492869079113007,False,0.19561268389225006,False
1906,/kaggle/input/datasets/tawsifurrahman/covid19-radiography-database/COVID-19_Radiography_Dataset/Normal/images/Normal-3567.png,Normal,Normal,False,0.23875956237316132,0.09934959560632706,False,0.09974556416273117,False
1907,/kaggle/input/datasets/tawsifurrahman/covid19-radiography-database/COVID-19_Radiography_Dataset/Normal/images/Normal-3586.png,Normal,Normal,True,0.3767538070678711,0.2127274125814438,False,0.21294960379600525,False
1908,/kaggle/input/datasets/tawsifurrahman/covid19-radiography-database/COVID-19_Radiography_Dataset/Normal/images/Normal-3598.png,Normal,Normal,False,0.3147919178009033,0.23790159821510315,False,0.23817963898181915,False
1909,/kaggle/input/datasets/tawsifurrahman/covid19-radiography-database/COVID-19_Radiography_Dataset/Normal/images/Normal-36.png,Normal,Normal,False,0.24750876426696777,0.1453762799501419,False,0.14603213965892792,False
1910,/kaggle/input/datasets/tawsifurrahman/covid19-radiography-database/COVID-19_Radiography_Dataset/Normal/images/Normal-3602.png,Normal,Normal,False,0.25924745202064514,0.1332469880580902,False,0.13465462625026703,False
1911,/kaggle/input/datasets/tawsifurrahman/covid19-radiography-database/COVID-19_Radiography_Dataset/Normal/images/Normal-3604.png,Normal,Normal,True,0.2896006107330322,0.2289963960647583,False,0.22831818461418152,False
1912,/kaggle/input/datasets/tawsifurrahman/covid19-radiography-database/COVID-19_Radiography_Dataset/Normal/images/Normal-3609.png,Normal,Normal,True,0.15965799987316132,0.0726270079612732,False,0.0730583518743515,False
1913,/kaggle/input/datasets/tawsifurrahman/covid19-radiography-database/COVID-19_Radiography_Dataset/Normal/images/Normal-361.png,Normal,Normal,False,0.2592075765132904,0.11610370874404907,False,0.11633912473917007,False
1914,/kaggle/input/datasets/tawsifurrahman/covid19-radiography-database/COVID-19_Radiography_Dataset/Normal/images/Normal-3610.png,Normal,Normal,False,0.26167887449264526,0.11484916508197784,False,0.11527431011199951,False
1915,/kaggle/input/datasets/tawsifurrahman/covid19-radiography-database/COVID-19_Radiography_Dataset/Normal/images/Normal-3628.png,Normal,Normal,True,0.27905771136283875,0.1704450100660324,False,0.17061878740787506,False
1916,/kaggle/input/datasets/tawsifurrahman/covid19-radiography-database/COVID-19_Radiography_Dataset/Normal/images/Normal-3643.png,Normal,Normal,False,0.2796954810619354,0.11004515737295151,False,0.1117907389998436,False
1917,/kaggle/input/datasets/tawsifurrahman/covid19-radiography-database/COVID-19_Radiography_Dataset/Normal/images/Normal-365.png,Normal,Normal,False,0.20204877853393555,0.09411019086837769,False,0.09392070770263672,False
1918,/kaggle/input/datasets/tawsifurrahman/covid19-radiography-database/COVID-19_Radiography_Dataset/Normal/images/Normal-3657.png,Normal,Normal,True,0.27088648080825806,0.11824148893356323,False,0.11833717674016953,False
1919,/kaggle/input/datasets/tawsifurrahman/covid19-radiography-database/COVID-19_Radiography_Dataset/Normal/images/Normal-3659.png,Normal,Normal,True,0.25583943724632263,0.1500585675239563,False,0.15043053030967712,False
1920,/kaggle/input/datasets/tawsifurrahman/covid19-radiography-database/COVID-19_Radiography_Dataset/Normal/images/Normal-367.png,Normal,Normal,False,0.2419881969690323,0.14070522785186768,False,0.14077837765216827,False
1921,/kaggle/input/datasets/tawsifurrahman/covid19-radiography-database/COVID-19_Radiography_Dataset/Normal/images/Normal-3671.png,Normal,Normal,False,0.27012914419174194,0.1477881669998169,False,0.1498919278383255,False
1922,/kaggle/input/datasets/tawsifurrahman/covid19-radiography-database/COVID-19_Radiography_Dataset/Normal/images/Normal-3673.png,Normal,Normal,True,0.15724648535251617,0.05615202337503433,False,0.05609285458922386,False
1923,/kaggle/input/datasets/tawsifurrahman/covid19-radiography-database/COVID-19_Radiography_Dataset/Normal/images/Normal-3683.png,Normal,Normal,True,0.23636798560619354,0.16369052231311798,False,0.16543027758598328,False
1924,/kaggle/input/datasets/tawsifurrahman/covid19-radiography-database/COVID-19_Radiography_Dataset/Normal/images/Normal-3684.png,Normal,Normal,False,0.3273676633834839,0.17497661709785461,False,0.17632968723773956,False
1925,/kaggle/input/datasets/tawsifurrahman/covid19-radiography-database/COVID-19_Radiography_Dataset/Normal/images/Normal-369.png,Normal,Normal,False,0.14128267765045166,0.07271692901849747,False,0.0725795179605484,False
1926,/kaggle/input/datasets/tawsifurrahman/covid19-radiography-database/COVID-19_Radiography_Dataset/Normal/images/Normal-3701.png,Normal,Normal,False,0.27178332209587097,0.14630554616451263,False,0.14730258285999298,False
1927,/kaggle/input/datasets/tawsifurrahman/covid19-radiography-database/COVID-19_Radiography_Dataset/Normal/images/Normal-3707.png,Normal,Normal,False,0.18867585062980652,0.07957368344068527,False,0.08072604984045029,False
1928,/kaggle/input/datasets/tawsifurrahman/covid19-radiography-database/COVID-19_Radiography_Dataset/Normal/images/Normal-3710.png,Normal,Normal,False,0.30773675441741943,0.1690388023853302,False,0.17005811631679535,False
1929,/kaggle/input/datasets/tawsifurrahman/covid19-radiography-database/COVID-19_Radiography_Dataset/Normal/images/Normal-3719.png,Normal,Normal,True,0.3359972834587097,0.19647830724716187,False,0.19838090240955353,False
1930,/kaggle/input/datasets/tawsifurrahman/covid19-radiography-database/COVID-19_Radiography_Dataset/Normal/images/Normal-3721.png,Normal,Normal,True,0.31038743257522583,0.11426709592342377,False,0.11521059274673462,False
1931,/kaggle/input/datasets/tawsifurrahman/covid19-radiography-database/COVID-19_Radiography_Dataset/Normal/images/Normal-373.png,Normal,Normal,True,0.20705117285251617,0.10141561180353165,False,0.10150214284658432,False
1932,/kaggle/input/datasets/tawsifurrahman/covid19-radiography-database/COVID-19_Radiography_Dataset/Normal/images/Normal-3733.png,Normal,Normal,False,0.15274234116077423,0.050995565950870514,False,0.05172555893659592,False
1933,/kaggle/input/datasets/tawsifurrahman/covid19-radiography-database/COVID-19_Radiography_Dataset/Normal/images/Normal-3737.png,Normal,Lung_Opacity,False,0.2317243218421936,0.2753780484199524,False,0.27758288383483887,False
1934,/kaggle/input/datasets/tawsifurrahman/covid19-radiography-database/COVID-19_Radiography_Dataset/Normal/images/Normal-3739.png,Normal,Normal,True,0.24990034103393555,0.149767205119133,False,0.15064473450183868,False
1935,/kaggle/input/datasets/tawsifurrahman/covid19-radiography-database/COVID-19_Radiography_Dataset/Normal/images/Normal-3740.png,Normal,Normal,False,0.27556997537612915,0.111305832862854,False,0.11150521039962769,False
1936,/kaggle/input/datasets/tawsifurrahman/covid19-radiography-database/COVID-19_Radiography_Dataset/Normal/images/Normal-3741.png,Normal,Normal,False,0.314453125,0.11982982605695724,False,0.11950454115867615,False
1937,/kaggle/input/datasets/tawsifurrahman/covid19-radiography-database/COVID-19_Radiography_Dataset/Normal/images/Normal-3769.png,Normal,Normal,False,0.35754144191741943,0.22099478542804718,False,0.22077223658561707,False
1938,/kaggle/input/datasets/tawsifurrahman/covid19-radiography-database/COVID-19_Radiography_Dataset/Normal/images/Normal-377.png,Normal,Normal,False,0.2247488796710968,0.11017961800098419,False,0.11007717996835709,False
1939,/kaggle/input/datasets/tawsifurrahman/covid19-radiography-database/COVID-19_Radiography_Dataset/Normal/images/Normal-3777.png,Normal,Normal,True,0.1630261391401291,0.09187070280313492,False,0.09135587513446808,False
1940,/kaggle/input/datasets/tawsifurrahman/covid19-radiography-database/COVID-19_Radiography_Dataset/Normal/images/Normal-3779.png,Normal,Normal,False,0.2514548599720001,0.1133003830909729,False,0.11393509060144424,False
1941,/kaggle/input/datasets/tawsifurrahman/covid19-radiography-database/COVID-19_Radiography_Dataset/Normal/images/Normal-3780.png,Normal,Normal,False,0.18658322095870972,0.1091606393456459,False,0.1084224134683609,False
1942,/kaggle/input/datasets/tawsifurrahman/covid19-radiography-database/COVID-19_Radiography_Dataset/Normal/images/Normal-3806.png,Normal,Normal,True,0.33165258169174194,0.19416144490242004,False,0.19554246962070465,False
1943,/kaggle/input/datasets/tawsifurrahman/covid19-radiography-database/COVID-19_Radiography_Dataset/Normal/images/Normal-382.png,Normal,Normal,False,0.15328045189380646,0.08030887693166733,False,0.08019043505191803,False
1944,/kaggle/input/datasets/tawsifurrahman/covid19-radiography-database/COVID-19_Radiography_Dataset/Normal/images/Normal-3820.png,Normal,Normal,False,0.2553013265132904,0.10574575513601303,False,0.10663466900587082,False
1945,/kaggle/input/datasets/tawsifurrahman/covid19-radiography-database/COVID-19_Radiography_Dataset/Normal/images/Normal-3839.png,Normal,Normal,True,0.2674386203289032,0.14172208309173584,False,0.14208808541297913,False
1946,/kaggle/input/datasets/tawsifurrahman/covid19-radiography-database/COVID-19_Radiography_Dataset/Normal/images/Normal-385.png,Normal,Normal,True,0.23407605290412903,0.10929099470376968,False,0.10891390591859818,False
1947,/kaggle/input/datasets/tawsifurrahman/covid19-radiography-database/COVID-19_Radiography_Dataset/Normal/images/Normal-3866.png,Normal,Normal,False,0.21751435101032257,0.12877708673477173,False,0.1290811151266098,False
1948,/kaggle/input/datasets/tawsifurrahman/covid19-radiography-database/COVID-19_Radiography_Dataset/Normal/images/Normal-3868.png,Normal,Normal,True,0.29460299015045166,0.22032566368579865,False,0.22306472063064575,False
1949,/kaggle/input/datasets/tawsifurrahman/covid19-radiography-database/COVID-19_Radiography_Dataset/Normal/images/Normal-3881.png,Normal,Normal,False,0.2208426296710968,0.1465783566236496,False,0.14821980893611908,False
1950,/kaggle/input/datasets/tawsifurrahman/covid19-radiography-database/COVID-19_Radiography_Dataset/Normal/images/Normal-389.png,Normal,Normal,True,0.19459502398967743,0.09116752445697784,False,0.09081478416919708,False
1951,/kaggle/input/datasets/tawsifurrahman/covid19-radiography-database/COVID-19_Radiography_Dataset/Normal/images/Normal-3892.png,Normal,Normal,True,0.2820870578289032,0.1927281618118286,False,0.19389256834983826,False
1952,/kaggle/input/datasets/tawsifurrahman/covid19-radiography-database/COVID-19_Radiography_Dataset/Normal/images/Normal-3894.png,Normal,Normal,False,0.29348692297935486,0.2668277621269226,False,0.2697276473045349,False
1953,/kaggle/input/datasets/tawsifurrahman/covid19-radiography-database/COVID-19_Radiography_Dataset/Normal/images/Normal-3898.png,Normal,Normal,False,0.2657645046710968,0.12453405559062958,False,0.1252528727054596,False
1954,/kaggle/input/datasets/tawsifurrahman/covid19-radiography-database/COVID-19_Radiography_Dataset/Normal/images/Normal-3907.png,Normal,Normal,False,0.13257333636283875,0.07842230796813965,False,0.07833852618932724,False
1955,/kaggle/input/datasets/tawsifurrahman/covid19-radiography-database/COVID-19_Radiography_Dataset/Normal/images/Normal-3910.png,Normal,COVID,True,0.35229989886283875,0.20428450405597687,False,0.20398983359336853,False
1956,/kaggle/input/datasets/tawsifurrahman/covid19-radiography-database/COVID-19_Radiography_Dataset/Normal/images/Normal-3917.png,Normal,Normal,False,0.21769371628761292,0.10321565717458725,False,0.10389071702957153,False
1957,/kaggle/input/datasets/tawsifurrahman/covid19-radiography-database/COVID-19_Radiography_Dataset/Normal/images/Normal-3943.png,Normal,Normal,True,0.2819475531578064,0.1540047973394394,False,0.15820550918579102,False
1958,/kaggle/input/datasets/tawsifurrahman/covid19-radiography-database/COVID-19_Radiography_Dataset/Normal/images/Normal-3944.png,Normal,Normal,False,0.31251993775367737,0.20646217465400696,False,0.20789983868598938,False
1959,/kaggle/input/datasets/tawsifurrahman/covid19-radiography-database/COVID-19_Radiography_Dataset/Normal/images/Normal-3945.png,Normal,Normal,False,0.20304527878761292,0.07866030931472778,False,0.07910752296447754,False
1960,/kaggle/input/datasets/tawsifurrahman/covid19-radiography-database/COVID-19_Radiography_Dataset/Normal/images/Normal-3946.png,Normal,Normal,False,0.26686063408851624,0.10135171562433243,False,0.10239393264055252,False
1961,/kaggle/input/datasets/tawsifurrahman/covid19-radiography-database/COVID-19_Radiography_Dataset/Normal/images/Normal-3949.png,Normal,Normal,True,0.35042649507522583,0.26257336139678955,False,0.26406407356262207,False
1962,/kaggle/input/datasets/tawsifurrahman/covid19-radiography-database/COVID-19_Radiography_Dataset/Normal/images/Normal-3951.png,Normal,Normal,False,0.32447782158851624,0.24051533639431,False,0.24121195077896118,False
1963,/kaggle/input/datasets/tawsifurrahman/covid19-radiography-database/COVID-19_Radiography_Dataset/Normal/images/Normal-3971.png,Normal,Normal,False,0.33645567297935486,0.21625523269176483,False,0.21698272228240967,False
1964,/kaggle/input/datasets/tawsifurrahman/covid19-radiography-database/COVID-19_Radiography_Dataset/Normal/images/Normal-3975.png,Normal,Normal,False,0.2674386203289032,0.15639039874076843,False,0.15692965686321259,False
1965,/kaggle/input/datasets/tawsifurrahman/covid19-radiography-database/COVID-19_Radiography_Dataset/Normal/images/Normal-3981.png,Normal,Normal,True,0.25645726919174194,0.12797623872756958,False,0.12835043668746948,False
1966,/kaggle/input/datasets/tawsifurrahman/covid19-radiography-database/COVID-19_Radiography_Dataset/Normal/images/Normal-3994.png,Normal,Normal,False,0.24286511540412903,0.12061932682991028,False,0.12084372341632843,False
1967,/kaggle/input/datasets/tawsifurrahman/covid19-radiography-database/COVID-19_Radiography_Dataset/Normal/images/Normal-3997.png,Normal,Normal,False,0.2518335282802582,0.15768364071846008,False,0.15918347239494324,False
1968,/kaggle/input/datasets/tawsifurrahman/covid19-radiography-database/COVID-19_Radiography_Dataset/Normal/images/Normal-40.png,Normal,Normal,False,0.25031888484954834,0.077622190117836,False,0.0780157521367073,False
1969,/kaggle/input/datasets/tawsifurrahman/covid19-radiography-database/COVID-19_Radiography_Dataset/Normal/images/Normal-4004.png,Normal,Normal,False,0.2136678844690323,0.14275646209716797,False,0.14264018833637238,False
1970,/kaggle/input/datasets/tawsifurrahman/covid19-radiography-database/COVID-19_Radiography_Dataset/Normal/images/Normal-4006.png,Normal,Normal,False,0.26399075984954834,0.12053186446428299,False,0.1214674562215805,False
1971,/kaggle/input/datasets/tawsifurrahman/covid19-radiography-database/COVID-19_Radiography_Dataset/Normal/images/Normal-4007.png,Normal,Normal,True,0.4081433415412903,0.27023813128471375,False,0.2733573317527771,False
1972,/kaggle/input/datasets/tawsifurrahman/covid19-radiography-database/COVID-19_Radiography_Dataset/Normal/images/Normal-403.png,Normal,Normal,True,0.20107221603393555,0.11809752136468887,False,0.11799334734678268,False
1973,/kaggle/input/datasets/tawsifurrahman/covid19-radiography-database/COVID-19_Radiography_Dataset/Normal/images/Normal-4047.png,Normal,Normal,False,0.32238519191741943,0.14890146255493164,False,0.15026052296161652,False
1974,/kaggle/input/datasets/tawsifurrahman/covid19-radiography-database/COVID-19_Radiography_Dataset/Normal/images/Normal-4059.png,Normal,Normal,False,0.22857540845870972,0.1167050451040268,False,0.11852668225765228,False
1975,/kaggle/input/datasets/tawsifurrahman/covid19-radiography-database/COVID-19_Radiography_Dataset/Normal/images/Normal-4069.png,Normal,Normal,False,0.2801937162876129,0.1378684937953949,False,0.1386052370071411,False
1976,/kaggle/input/datasets/tawsifurrahman/covid19-radiography-database/COVID-19_Radiography_Dataset/Normal/images/Normal-4076.png,Normal,Normal,True,0.3625239133834839,0.2386036217212677,False,0.2398916333913803,False
1977,/kaggle/input/datasets/tawsifurrahman/covid19-radiography-database/COVID-19_Radiography_Dataset/Normal/images/Normal-4077.png,Normal,Normal,True,0.2937459945678711,0.14889629185199738,False,0.1495467722415924,False
1978,/kaggle/input/datasets/tawsifurrahman/covid19-radiography-database/COVID-19_Radiography_Dataset/Normal/images/Normal-4078.png,Normal,Normal,False,0.28726881742477417,0.1590069830417633,False,0.15957990288734436,False
1979,/kaggle/input/datasets/tawsifurrahman/covid19-radiography-database/COVID-19_Radiography_Dataset/Normal/images/Normal-4084.png,Normal,Normal,True,0.1951131969690323,0.10633577406406403,False,0.10715317726135254,False
1980,/kaggle/input/datasets/tawsifurrahman/covid19-radiography-database/COVID-19_Radiography_Dataset/Normal/images/Normal-4093.png,Normal,Normal,False,0.20958226919174194,0.07376131415367126,False,0.07421814650297165,False
1981,/kaggle/input/datasets/tawsifurrahman/covid19-radiography-database/COVID-19_Radiography_Dataset/Normal/images/Normal-4101.png,Normal,Normal,False,0.17219386994838715,0.13799069821834564,False,0.13870446383953094,False
1982,/kaggle/input/datasets/tawsifurrahman/covid19-radiography-database/COVID-19_Radiography_Dataset/Normal/images/Normal-4104.png,Normal,Normal,False,0.1841517835855484,0.10183556377887726,False,0.10158823430538177,False
1983,/kaggle/input/datasets/tawsifurrahman/covid19-radiography-database/COVID-19_Radiography_Dataset/Normal/images/Normal-411.png,Normal,Normal,False,0.21789301931858063,0.10367856174707413,False,0.10375608503818512,False
1984,/kaggle/input/datasets/tawsifurrahman/covid19-radiography-database/COVID-19_Radiography_Dataset/Normal/images/Normal-4112.png,Normal,Lung_Opacity,True,0.29538026452064514,0.11464222520589828,False,0.11523684114217758,False
1985,/kaggle/input/datasets/tawsifurrahman/covid19-radiography-database/COVID-19_Radiography_Dataset/Normal/images/Normal-4118.png,Normal,Normal,False,0.16659358143806458,0.07124616950750351,False,0.07162553071975708,False
1986,/kaggle/input/datasets/tawsifurrahman/covid19-radiography-database/COVID-19_Radiography_Dataset/Normal/images/Normal-4119.png,Normal,Normal,False,0.3441685140132904,0.2206619679927826,False,0.22093114256858826,False
1987,/kaggle/input/datasets/tawsifurrahman/covid19-radiography-database/COVID-19_Radiography_Dataset/Normal/images/Normal-4121.png,Normal,Normal,False,0.29181280732154846,0.16125397384166718,False,0.16341304779052734,False
1988,/kaggle/input/datasets/tawsifurrahman/covid19-radiography-database/COVID-19_Radiography_Dataset/Normal/images/Normal-4124.png,Normal,Normal,False,0.32545438408851624,0.15134122967720032,False,0.15152306854724884,False
1989,/kaggle/input/datasets/tawsifurrahman/covid19-radiography-database/COVID-19_Radiography_Dataset/Normal/images/Normal-4128.png,Normal,Normal,False,0.26187819242477417,0.16038864850997925,False,0.1626223623752594,False
1990,/kaggle/input/datasets/tawsifurrahman/covid19-radiography-database/COVID-19_Radiography_Dataset/Normal/images/Normal-4133.png,Normal,Normal,True,0.2504384517669678,0.13517822325229645,False,0.13651502132415771,False
1991,/kaggle/input/datasets/tawsifurrahman/covid19-radiography-database/COVID-19_Radiography_Dataset/Normal/images/Normal-4134.png,Normal,Normal,False,0.23268096148967743,0.11250274628400803,False,0.11269619315862656,False
1992,/kaggle/input/datasets/tawsifurrahman/covid19-radiography-database/COVID-19_Radiography_Dataset/Normal/images/Normal-4136.png,Normal,Normal,False,0.22710059583187103,0.1197630763053894,False,0.12240064889192581,False
1993,/kaggle/input/datasets/tawsifurrahman/covid19-radiography-database/COVID-19_Radiography_Dataset/Normal/images/Normal-4137.png,Normal,Normal,False,0.179547980427742,0.14392414689064026,False,0.14451855421066284,False
1994,/kaggle/input/datasets/tawsifurrahman/covid19-radiography-database/COVID-19_Radiography_Dataset/Normal/images/Normal-4144.png,Normal,Normal,True,0.2455357164144516,0.13400639593601227,False,0.13488180935382843,False
1995,/kaggle/input/datasets/tawsifurrahman/covid19-radiography-database/COVID-19_Radiography_Dataset/Normal/images/Normal-415.png,Normal,Normal,False,0.17008131742477417,0.06839711964130402,False,0.06899264454841614,False
1996,/kaggle/input/datasets/tawsifurrahman/covid19-radiography-database/COVID-19_Radiography_Dataset/Normal/images/Normal-4163.png,Normal,Normal,False,0.20505818724632263,0.10928244888782501,False,0.11043471097946167,False
1997,/kaggle/input/datasets/tawsifurrahman/covid19-radiography-database/COVID-19_Radiography_Dataset/Normal/images/Normal-4165.png,Normal,Normal,False,0.32278379797935486,0.2254473716020584,False,0.2275383174419403,False
1998,/kaggle/input/datasets/tawsifurrahman/covid19-radiography-database/COVID-19_Radiography_Dataset/Normal/images/Normal-4171.png,Normal,Normal,True,0.30333226919174194,0.17021501064300537,False,0.17184831202030182,False
1999,/kaggle/input/datasets/tawsifurrahman/covid19-radiography-database/COVID-19_Radiography_Dataset/Normal/images/Normal-4176.png,Normal,Normal,True,0.4356863796710968,0.2795138359069824,False,0.2807614505290985,False
2000,/kaggle/input/datasets/tawsifurrahman/covid19-radiography-database/COVID-19_Radiography_Dataset/Normal/images/Normal-4180.png,Normal,Normal,False,0.2524912357330322,0.156391441822052,False,0.15741288661956787,False
2001,/kaggle/input/datasets/tawsifurrahman/covid19-radiography-database/COVID-19_Radiography_Dataset/Normal/images/Normal-4192.png,Normal,Normal,True,0.24007493257522583,0.12518392503261566,False,0.12577293813228607,False
2002,/kaggle/input/datasets/tawsifurrahman/covid19-radiography-database/COVID-19_Radiography_Dataset/Normal/images/Normal-4198.png,Normal,Normal,False,0.23112642765045166,0.12149792164564133,False,0.12193117290735245,False
2003,/kaggle/input/datasets/tawsifurrahman/covid19-radiography-database/COVID-19_Radiography_Dataset/Normal/images/Normal-420.png,Normal,Normal,False,0.21727518737316132,0.1147349402308464,False,0.11467698216438293,False
2004,/kaggle/input/datasets/tawsifurrahman/covid19-radiography-database/COVID-19_Radiography_Dataset/Normal/images/Normal-4208.png,Normal,Normal,False,0.2613799273967743,0.10929470509290695,False,0.11021220684051514,False
2005,/kaggle/input/datasets/tawsifurrahman/covid19-radiography-database/COVID-19_Radiography_Dataset/Normal/images/Normal-4213.png,Normal,Normal,False,0.033103473484516144,0.06250382214784622,False,0.06486940383911133,False
2006,/kaggle/input/datasets/tawsifurrahman/covid19-radiography-database/COVID-19_Radiography_Dataset/Normal/images/Normal-4214.png,Normal,Normal,True,0.19919881224632263,0.10083597898483276,False,0.10225238651037216,False
2007,/kaggle/input/datasets/tawsifurrahman/covid19-radiography-database/COVID-19_Radiography_Dataset/Normal/images/Normal-4218.png,Normal,Normal,False,0.18000636994838715,0.0973382294178009,False,0.09699252992868423,False
2008,/kaggle/input/datasets/tawsifurrahman/covid19-radiography-database/COVID-19_Radiography_Dataset/Normal/images/Normal-422.png,Normal,Normal,True,0.1864636391401291,0.10383018851280212,False,0.10420878231525421,False
2009,/kaggle/input/datasets/tawsifurrahman/covid19-radiography-database/COVID-19_Radiography_Dataset/Normal/images/Normal-4220.png,Normal,Normal,True,0.2205038219690323,0.0957086905837059,False,0.09628821164369583,False
2010,/kaggle/input/datasets/tawsifurrahman/covid19-radiography-database/COVID-19_Radiography_Dataset/Normal/images/Normal-4231.png,Normal,Normal,True,0.2212611585855484,0.12999777495861053,False,0.13166125118732452,False
2011,/kaggle/input/datasets/tawsifurrahman/covid19-radiography-database/COVID-19_Radiography_Dataset/Normal/images/Normal-4251.png,Normal,Normal,True,0.30592313408851624,0.19035543501377106,False,0.19103851914405823,False
2012,/kaggle/input/datasets/tawsifurrahman/covid19-radiography-database/COVID-19_Radiography_Dataset/Normal/images/Normal-4254.png,Normal,Normal,True,0.2513950765132904,0.10989691317081451,False,0.11113277077674866,False
2013,/kaggle/input/datasets/tawsifurrahman/covid19-radiography-database/COVID-19_Radiography_Dataset/Normal/images/Normal-4259.png,Normal,Normal,False,0.2624760866165161,0.10385972261428833,False,0.10427545756101608,False
2014,/kaggle/input/datasets/tawsifurrahman/covid19-radiography-database/COVID-19_Radiography_Dataset/Normal/images/Normal-426.png,Normal,Normal,False,0.21480388939380646,0.1300717443227768,False,0.13078084588050842,False
2015,/kaggle/input/datasets/tawsifurrahman/covid19-radiography-database/COVID-19_Radiography_Dataset/Normal/images/Normal-4262.png,Normal,Normal,False,0.22040417790412903,0.11530939489603043,False,0.116274893283844,False
2016,/kaggle/input/datasets/tawsifurrahman/covid19-radiography-database/COVID-19_Radiography_Dataset/Normal/images/Normal-4265.png,Normal,Normal,True,0.2657645046710968,0.1258956640958786,False,0.1266641765832901,False
2017,/kaggle/input/datasets/tawsifurrahman/covid19-radiography-database/COVID-19_Radiography_Dataset/Normal/images/Normal-4266.png,Normal,Normal,True,0.3076969087123871,0.20001941919326782,False,0.2002040594816208,False
2018,/kaggle/input/datasets/tawsifurrahman/covid19-radiography-database/COVID-19_Radiography_Dataset/Normal/images/Normal-4282.png,Normal,Normal,False,0.3558075428009033,0.18050317466259003,False,0.18205173313617706,False
2019,/kaggle/input/datasets/tawsifurrahman/covid19-radiography-database/COVID-19_Radiography_Dataset/Normal/images/Normal-4286.png,Normal,Normal,False,0.22435028851032257,0.1310361623764038,False,0.13171842694282532,False
2020,/kaggle/input/datasets/tawsifurrahman/covid19-radiography-database/COVID-19_Radiography_Dataset/Normal/images/Normal-429.png,Normal,Normal,False,0.22024473547935486,0.11333540081977844,False,0.11336273699998856,False
2021,/kaggle/input/datasets/tawsifurrahman/covid19-radiography-database/COVID-19_Radiography_Dataset/Normal/images/Normal-4290.png,Normal,Normal,False,0.2938855290412903,0.17312921583652496,False,0.1735019087791443,False
2022,/kaggle/input/datasets/tawsifurrahman/covid19-radiography-database/COVID-19_Radiography_Dataset/Normal/images/Normal-4293.png,Normal,Normal,True,0.3212093412876129,0.15732142329216003,False,0.15907369554042816,False
2023,/kaggle/input/datasets/tawsifurrahman/covid19-radiography-database/COVID-19_Radiography_Dataset/Normal/images/Normal-4298.png,Normal,Normal,False,0.24131058156490326,0.08588268607854843,False,0.08642386645078659,False
2024,/kaggle/input/datasets/tawsifurrahman/covid19-radiography-database/COVID-19_Radiography_Dataset/Normal/images/Normal-4300.png,Normal,Normal,False,0.27116549015045166,0.18678401410579681,False,0.18836192786693573,False
2025,/kaggle/input/datasets/tawsifurrahman/covid19-radiography-database/COVID-19_Radiography_Dataset/Normal/images/Normal-431.png,Normal,Normal,True,0.3010004758834839,0.14793527126312256,False,0.14826704561710358,False
2026,/kaggle/input/datasets/tawsifurrahman/covid19-radiography-database/COVID-19_Radiography_Dataset/Normal/images/Normal-4316.png,Normal,Normal,False,0.2873286008834839,0.11781087517738342,False,0.11842788755893707,False
2027,/kaggle/input/datasets/tawsifurrahman/covid19-radiography-database/COVID-19_Radiography_Dataset/Normal/images/Normal-4321.png,Normal,Normal,False,0.25288981199264526,0.09011854231357574,False,0.0912938043475151,False
2028,/kaggle/input/datasets/tawsifurrahman/covid19-radiography-database/COVID-19_Radiography_Dataset/Normal/images/Normal-4324.png,Normal,Normal,False,0.2534079849720001,0.14828521013259888,False,0.14792418479919434,False
2029,/kaggle/input/datasets/tawsifurrahman/covid19-radiography-database/COVID-19_Radiography_Dataset/Normal/images/Normal-4334.png,Normal,Normal,False,0.26578444242477417,0.19534240663051605,False,0.1961551308631897,False
2030,/kaggle/input/datasets/tawsifurrahman/covid19-radiography-database/COVID-19_Radiography_Dataset/Normal/images/Normal-4335.png,Normal,Normal,True,0.33801019191741943,0.18868890404701233,False,0.18771013617515564,False
2031,/kaggle/input/datasets/tawsifurrahman/covid19-radiography-database/COVID-19_Radiography_Dataset/Normal/images/Normal-4343.png,Normal,Normal,False,0.17534278333187103,0.11579369753599167,False,0.1162882149219513,False
2032,/kaggle/input/datasets/tawsifurrahman/covid19-radiography-database/COVID-19_Radiography_Dataset/Normal/images/Normal-4356.png,Normal,Normal,False,0.33360570669174194,0.18445858359336853,False,0.18506328761577606,False
2033,/kaggle/input/datasets/tawsifurrahman/covid19-radiography-database/COVID-19_Radiography_Dataset/Normal/images/Normal-4360.png,Normal,Normal,False,0.3822544515132904,0.25688034296035767,False,0.2603176236152649,False
2034,/kaggle/input/datasets/tawsifurrahman/covid19-radiography-database/COVID-19_Radiography_Dataset/Normal/images/Normal-4369.png,Normal,Normal,False,0.2511957883834839,0.12589697539806366,False,0.12720926105976105,False
2035,/kaggle/input/datasets/tawsifurrahman/covid19-radiography-database/COVID-19_Radiography_Dataset/Normal/images/Normal-4370.png,Normal,Normal,False,0.2087651491165161,0.07589291781187057,False,0.07655808329582214,False
2036,/kaggle/input/datasets/tawsifurrahman/covid19-radiography-database/COVID-19_Radiography_Dataset/Normal/images/Normal-4386.png,Normal,Normal,False,0.1386120766401291,0.06175926327705383,False,0.06235799938440323,False
2037,/kaggle/input/datasets/tawsifurrahman/covid19-radiography-database/COVID-19_Radiography_Dataset/Normal/images/Normal-439.png,Normal,Normal,False,0.2045997977256775,0.07938989251852036,False,0.07920008152723312,False
2038,/kaggle/input/datasets/tawsifurrahman/covid19-radiography-database/COVID-19_Radiography_Dataset/Normal/images/Normal-4396.png,Normal,Normal,True,0.23608896136283875,0.08261663466691971,False,0.08246107399463654,False
2039,/kaggle/input/datasets/tawsifurrahman/covid19-radiography-database/COVID-19_Radiography_Dataset/Normal/images/Normal-4414.png,Normal,Normal,False,0.2824457883834839,0.13048121333122253,False,0.13099601864814758,False
2040,/kaggle/input/datasets/tawsifurrahman/covid19-radiography-database/COVID-19_Radiography_Dataset/Normal/images/Normal-4425.png,Normal,Normal,False,0.2652263939380646,0.1876172423362732,False,0.1868640035390854,False
2041,/kaggle/input/datasets/tawsifurrahman/covid19-radiography-database/COVID-19_Radiography_Dataset/Normal/images/Normal-4426.png,Normal,Normal,True,0.22325414419174194,0.0949433445930481,False,0.09435467422008514,False
2042,/kaggle/input/datasets/tawsifurrahman/covid19-radiography-database/COVID-19_Radiography_Dataset/Normal/images/Normal-4428.png,Normal,Normal,True,0.18227837979793549,0.1013924852013588,False,0.10206429660320282,False
2043,/kaggle/input/datasets/tawsifurrahman/covid19-radiography-database/COVID-19_Radiography_Dataset/Normal/images/Normal-4436.png,Normal,Normal,True,0.2597058415412903,0.13223381340503693,False,0.1329057216644287,False
2044,/kaggle/input/datasets/tawsifurrahman/covid19-radiography-database/COVID-19_Radiography_Dataset/Normal/images/Normal-444.png,Normal,Normal,False,0.23768335580825806,0.1141633614897728,False,0.11398662626743317,False
2045,/kaggle/input/datasets/tawsifurrahman/covid19-radiography-database/COVID-19_Radiography_Dataset/Normal/images/Normal-4446.png,Normal,Normal,False,0.2612802982330322,0.10927721112966537,False,0.10995746403932571,False
2046,/kaggle/input/datasets/tawsifurrahman/covid19-radiography-database/COVID-19_Radiography_Dataset/Normal/images/Normal-445.png,Normal,Normal,True,0.238141730427742,0.11453967541456223,False,0.11540959030389786,False
2047,/kaggle/input/datasets/tawsifurrahman/covid19-radiography-database/COVID-19_Radiography_Dataset/Normal/images/Normal-4452.png,Normal,Normal,False,0.30584341287612915,0.17281998693943024,False,0.17361053824424744,False
2048,/kaggle/input/datasets/tawsifurrahman/covid19-radiography-database/COVID-19_Radiography_Dataset/Normal/images/Normal-4473.png,Normal,Normal,False,0.14225924015045166,0.054653383791446686,False,0.055135391652584076,False
2049,/kaggle/input/datasets/tawsifurrahman/covid19-radiography-database/COVID-19_Radiography_Dataset/Normal/images/Normal-448.png,Normal,Viral Pneumonia,False,0.1737683266401291,0.08794794231653214,False,0.08839672803878784,False
2050,/kaggle/input/datasets/tawsifurrahman/covid19-radiography-database/COVID-19_Radiography_Dataset/Normal/images/Normal-4493.png,Normal,Normal,False,0.20169004797935486,0.06872051954269409,False,0.06945306062698364,False
2051,/kaggle/input/datasets/tawsifurrahman/covid19-radiography-database/COVID-19_Radiography_Dataset/Normal/images/Normal-4495.png,Normal,Normal,False,0.23985570669174194,0.1640479415655136,False,0.16469845175743103,False
2052,/kaggle/input/datasets/tawsifurrahman/covid19-radiography-database/COVID-19_Radiography_Dataset/Normal/images/Normal-4498.png,Normal,Normal,True,0.22371253371238708,0.07345853000879288,False,0.07401172816753387,False
2053,/kaggle/input/datasets/tawsifurrahman/covid19-radiography-database/COVID-19_Radiography_Dataset/Normal/images/Normal-4504.png,Normal,Normal,False,0.42506375908851624,0.30788761377334595,False,0.31032663583755493,False
2054,/kaggle/input/datasets/tawsifurrahman/covid19-radiography-database/COVID-19_Radiography_Dataset/Normal/images/Normal-4508.png,Normal,Normal,True,0.2815290093421936,0.2008313536643982,False,0.20225688815116882,False
2055,/kaggle/input/datasets/tawsifurrahman/covid19-radiography-database/COVID-19_Radiography_Dataset/Normal/images/Normal-4528.png,Normal,Normal,False,0.27855947613716125,0.13543125987052917,False,0.13658109307289124,False
2056,/kaggle/input/datasets/tawsifurrahman/covid19-radiography-database/COVID-19_Radiography_Dataset/Normal/images/Normal-4531.png,Normal,Normal,False,0.2697305381298065,0.09099816530942917,False,0.09115087985992432,False
2057,/kaggle/input/datasets/tawsifurrahman/covid19-radiography-database/COVID-19_Radiography_Dataset/Normal/images/Normal-4533.png,Normal,Normal,False,0.21643812954425812,0.12902569770812988,False,0.1290348321199417,False
2058,/kaggle/input/datasets/tawsifurrahman/covid19-radiography-database/COVID-19_Radiography_Dataset/Normal/images/Normal-4534.png,Normal,Normal,False,0.26494738459587097,0.1299947053194046,False,0.13189786672592163,False
2059,/kaggle/input/datasets/tawsifurrahman/covid19-radiography-database/COVID-19_Radiography_Dataset/Normal/images/Normal-4535.png,Normal,Normal,True,0.2786790430545807,0.19587770104408264,False,0.19737869501113892,False
2060,/kaggle/input/datasets/tawsifurrahman/covid19-radiography-database/COVID-19_Radiography_Dataset/Normal/images/Normal-4547.png,Normal,Normal,True,0.28190767765045166,0.1756589412689209,False,0.17638418078422546,False
2061,/kaggle/input/datasets/tawsifurrahman/covid19-radiography-database/COVID-19_Radiography_Dataset/Normal/images/Normal-4560.png,Normal,Lung_Opacity,False,0.22696109116077423,0.09881532937288284,False,0.09912052750587463,False
2062,/kaggle/input/datasets/tawsifurrahman/covid19-radiography-database/COVID-19_Radiography_Dataset/Normal/images/Normal-4565.png,Normal,Normal,False,0.29579877853393555,0.1559523195028305,False,0.15673713386058807,False
2063,/kaggle/input/datasets/tawsifurrahman/covid19-radiography-database/COVID-19_Radiography_Dataset/Normal/images/Normal-4571.png,Normal,Normal,False,0.2282366007566452,0.10555050522089005,False,0.10681505501270294,False
2064,/kaggle/input/datasets/tawsifurrahman/covid19-radiography-database/COVID-19_Radiography_Dataset/Normal/images/Normal-4587.png,Normal,Normal,False,0.23840081691741943,0.10903728753328323,False,0.10951513797044754,False
2065,/kaggle/input/datasets/tawsifurrahman/covid19-radiography-database/COVID-19_Radiography_Dataset/Normal/images/Normal-4588.png,Normal,Lung_Opacity,False,0.39967313408851624,0.27161872386932373,False,0.2732393145561218,False
2066,/kaggle/input/datasets/tawsifurrahman/covid19-radiography-database/COVID-19_Radiography_Dataset/Normal/images/Normal-4589.png,Normal,Normal,True,0.22741948068141937,0.13684171438217163,False,0.13727712631225586,False
2067,/kaggle/input/datasets/tawsifurrahman/covid19-radiography-database/COVID-19_Radiography_Dataset/Normal/images/Normal-459.png,Normal,Normal,True,0.19788344204425812,0.09601627290248871,False,0.0958227589726448,False
2068,/kaggle/input/datasets/tawsifurrahman/covid19-radiography-database/COVID-19_Radiography_Dataset/Normal/images/Normal-4590.png,Normal,Normal,True,0.23363758623600006,0.1336645781993866,False,0.1343587189912796,False
2069,/kaggle/input/datasets/tawsifurrahman/covid19-radiography-database/COVID-19_Radiography_Dataset/Normal/images/Normal-4591.png,Normal,Normal,False,0.2225964516401291,0.11498992145061493,False,0.11478149145841599,False
2070,/kaggle/input/datasets/tawsifurrahman/covid19-radiography-database/COVID-19_Radiography_Dataset/Normal/images/Normal-4597.png,Normal,Normal,False,0.21835139393806458,0.10632041841745377,False,0.10748210549354553,False
2071,/kaggle/input/datasets/tawsifurrahman/covid19-radiography-database/COVID-19_Radiography_Dataset/Normal/images/Normal-4604.png,Normal,Normal,False,0.11433752626180649,0.07421265542507172,False,0.07427263259887695,False
2072,/kaggle/input/datasets/tawsifurrahman/covid19-radiography-database/COVID-19_Radiography_Dataset/Normal/images/Normal-4613.png,Normal,Normal,False,0.3207509517669678,0.15634571015834808,False,0.15684236586093903,False
2073,/kaggle/input/datasets/tawsifurrahman/covid19-radiography-database/COVID-19_Radiography_Dataset/Normal/images/Normal-4618.png,Normal,Normal,False,0.29420438408851624,0.18752384185791016,False,0.18878982961177826,False
2074,/kaggle/input/datasets/tawsifurrahman/covid19-radiography-database/COVID-19_Radiography_Dataset/Normal/images/Normal-4621.png,Normal,Normal,False,0.17928889393806458,0.09805889427661896,False,0.09895620495080948,False
2075,/kaggle/input/datasets/tawsifurrahman/covid19-radiography-database/COVID-19_Radiography_Dataset/Normal/images/Normal-463.png,Normal,Normal,True,0.16370375454425812,0.08511342108249664,False,0.0854886919260025,False
2076,/kaggle/input/datasets/tawsifurrahman/covid19-radiography-database/COVID-19_Radiography_Dataset/Normal/images/Normal-4633.png,Normal,Normal,False,0.1859056055545807,0.1476338803768158,False,0.1474725753068924,False
2077,/kaggle/input/datasets/tawsifurrahman/covid19-radiography-database/COVID-19_Radiography_Dataset/Normal/images/Normal-4640.png,Normal,Normal,True,0.21580037474632263,0.11770864576101303,False,0.11819617450237274,False
2078,/kaggle/input/datasets/tawsifurrahman/covid19-radiography-database/COVID-19_Radiography_Dataset/Normal/images/Normal-4643.png,Normal,Normal,False,0.2632334232330322,0.1624733805656433,False,0.16281375288963318,False
2079,/kaggle/input/datasets/tawsifurrahman/covid19-radiography-database/COVID-19_Radiography_Dataset/Normal/images/Normal-4660.png,Normal,Normal,True,0.2220982164144516,0.11104783415794373,False,0.11139285564422607,False
2080,/kaggle/input/datasets/tawsifurrahman/covid19-radiography-database/COVID-19_Radiography_Dataset/Normal/images/Normal-4662.png,Normal,Normal,False,0.2576929032802582,0.10396828502416611,False,0.10415221005678177,False
2081,/kaggle/input/datasets/tawsifurrahman/covid19-radiography-database/COVID-19_Radiography_Dataset/Normal/images/Normal-4667.png,Normal,Lung_Opacity,False,0.2146444469690323,0.07062792778015137,False,0.07157839834690094,False
2082,/kaggle/input/datasets/tawsifurrahman/covid19-radiography-database/COVID-19_Radiography_Dataset/Normal/images/Normal-4672.png,Normal,Normal,False,0.28712931275367737,0.14857245981693268,False,0.1498812884092331,False
2083,/kaggle/input/datasets/tawsifurrahman/covid19-radiography-database/COVID-19_Radiography_Dataset/Normal/images/Normal-4681.png,Normal,Normal,True,0.3212292790412903,0.16589614748954773,False,0.1666632890701294,False
2084,/kaggle/input/datasets/tawsifurrahman/covid19-radiography-database/COVID-19_Radiography_Dataset/Normal/images/Normal-4691.png,Normal,Normal,False,0.26873403787612915,0.13806797564029694,False,0.13918696343898773,False
2085,/kaggle/input/datasets/tawsifurrahman/covid19-radiography-database/COVID-19_Radiography_Dataset/Normal/images/Normal-4694.png,Normal,Normal,False,0.3168845474720001,0.17776386439800262,False,0.17900270223617554,False
2086,/kaggle/input/datasets/tawsifurrahman/covid19-radiography-database/COVID-19_Radiography_Dataset/Normal/images/Normal-4695.png,Normal,Normal,False,0.25611844658851624,0.11759408563375473,False,0.1177603080868721,False
2087,/kaggle/input/datasets/tawsifurrahman/covid19-radiography-database/COVID-19_Radiography_Dataset/Normal/images/Normal-4696.png,Normal,Normal,False,0.24770806729793549,0.12517744302749634,False,0.12655098736286163,False
2088,/kaggle/input/datasets/tawsifurrahman/covid19-radiography-database/COVID-19_Radiography_Dataset/Normal/images/Normal-4697.png,Normal,Normal,True,0.2764269709587097,0.16400912404060364,False,0.16578452289104462,False
2089,/kaggle/input/datasets/tawsifurrahman/covid19-radiography-database/COVID-19_Radiography_Dataset/Normal/images/Normal-4704.png,Normal,Normal,False,0.18879543244838715,0.10377954691648483,False,0.10524328052997589,False
2090,/kaggle/input/datasets/tawsifurrahman/covid19-radiography-database/COVID-19_Radiography_Dataset/Normal/images/Normal-4707.png,Normal,Normal,True,0.2007533460855484,0.1130516305565834,False,0.11312250047922134,False
2091,/kaggle/input/datasets/tawsifurrahman/covid19-radiography-database/COVID-19_Radiography_Dataset/Normal/images/Normal-4713.png,Normal,Normal,False,0.30687978863716125,0.1332646906375885,False,0.13371731340885162,False
2092,/kaggle/input/datasets/tawsifurrahman/covid19-radiography-database/COVID-19_Radiography_Dataset/Normal/images/Normal-472.png,Normal,Normal,True,0.1964285671710968,0.10021638125181198,False,0.1004968211054802,False
2093,/kaggle/input/datasets/tawsifurrahman/covid19-radiography-database/COVID-19_Radiography_Dataset/Normal/images/Normal-4721.png,Normal,Normal,False,0.232421875,0.10263344645500183,False,0.10363317281007767,False
2094,/kaggle/input/datasets/tawsifurrahman/covid19-radiography-database/COVID-19_Radiography_Dataset/Normal/images/Normal-4727.png,Normal,Normal,True,0.19031010568141937,0.10118290781974792,False,0.1007905825972557,False
2095,/kaggle/input/datasets/tawsifurrahman/covid19-radiography-database/COVID-19_Radiography_Dataset/Normal/images/Normal-4734.png,Normal,Lung_Opacity,True,0.20246730744838715,0.0786055400967598,False,0.07852530479431152,False
2096,/kaggle/input/datasets/tawsifurrahman/covid19-radiography-database/COVID-19_Radiography_Dataset/Normal/images/Normal-4739.png,Normal,Normal,True,0.27718430757522583,0.12640896439552307,False,0.12725290656089783,False
2097,/kaggle/input/datasets/tawsifurrahman/covid19-radiography-database/COVID-19_Radiography_Dataset/Normal/images/Normal-474.png,Normal,Normal,False,0.2724011540412903,0.1801321655511856,False,0.18035244941711426,False
2098,/kaggle/input/datasets/tawsifurrahman/covid19-radiography-database/COVID-19_Radiography_Dataset/Normal/images/Normal-4740.png,Normal,Lung_Opacity,False,0.19383768737316132,0.10117295384407043,False,0.100617915391922,False
2099,/kaggle/input/datasets/tawsifurrahman/covid19-radiography-database/COVID-19_Radiography_Dataset/Normal/images/Normal-4744.png,Normal,Normal,False,0.3118821680545807,0.1534101516008377,False,0.15469254553318024,False
2100,/kaggle/input/datasets/tawsifurrahman/covid19-radiography-database/COVID-19_Radiography_Dataset/Normal/images/Normal-4745.png,Normal,Normal,False,0.24647241830825806,0.1576058268547058,False,0.1601073145866394,False
2101,/kaggle/input/datasets/tawsifurrahman/covid19-radiography-database/COVID-19_Radiography_Dataset/Normal/images/Normal-4754.png,Normal,Normal,False,0.220703125,0.10738913714885712,False,0.10802173614501953,False
2102,/kaggle/input/datasets/tawsifurrahman/covid19-radiography-database/COVID-19_Radiography_Dataset/Normal/images/Normal-4757.png,Normal,Normal,True,0.2439413219690323,0.13063986599445343,False,0.13161934912204742,False
2103,/kaggle/input/datasets/tawsifurrahman/covid19-radiography-database/COVID-19_Radiography_Dataset/Normal/images/Normal-477.png,Normal,Normal,True,0.15328045189380646,0.08756114542484283,False,0.08701164275407791,False
2104,/kaggle/input/datasets/tawsifurrahman/covid19-radiography-database/COVID-19_Radiography_Dataset/Normal/images/Normal-4780.png,Normal,Normal,False,0.2431640625,0.14125722646713257,False,0.14137238264083862,False
2105,/kaggle/input/datasets/tawsifurrahman/covid19-radiography-database/COVID-19_Radiography_Dataset/Normal/images/Normal-4789.png,Normal,Normal,False,0.20457987487316132,0.10550770163536072,False,0.10744941234588623,False
2106,/kaggle/input/datasets/tawsifurrahman/covid19-radiography-database/COVID-19_Radiography_Dataset/Normal/images/Normal-4797.png,Normal,Normal,True,0.24228714406490326,0.11648814380168915,False,0.11689235270023346,False
2107,/kaggle/input/datasets/tawsifurrahman/covid19-radiography-database/COVID-19_Radiography_Dataset/Normal/images/Normal-4802.png,Normal,Normal,False,0.1673509180545807,0.09634874761104584,False,0.09986681491136551,False
2108,/kaggle/input/datasets/tawsifurrahman/covid19-radiography-database/COVID-19_Radiography_Dataset/Normal/images/Normal-4811.png,Normal,Normal,False,0.32001355290412903,0.1604224443435669,False,0.16204074025154114,False
2109,/kaggle/input/datasets/tawsifurrahman/covid19-radiography-database/COVID-19_Radiography_Dataset/Normal/images/Normal-4813.png,Normal,Normal,False,0.16491948068141937,0.06337033212184906,False,0.0638822466135025,False
2110,/kaggle/input/datasets/tawsifurrahman/covid19-radiography-database/COVID-19_Radiography_Dataset/Normal/images/Normal-4824.png,Normal,Normal,True,0.1921835094690323,0.07129181176424026,False,0.0719175785779953,False
2111,/kaggle/input/datasets/tawsifurrahman/covid19-radiography-database/COVID-19_Radiography_Dataset/Normal/images/Normal-4837.png,Normal,Normal,True,0.17617984116077423,0.10334071516990662,False,0.10397331416606903,False
2112,/kaggle/input/datasets/tawsifurrahman/covid19-radiography-database/COVID-19_Radiography_Dataset/Normal/images/Normal-4855.png,Normal,Normal,False,0.22741948068141937,0.08453918993473053,False,0.08685976266860962,False
2113,/kaggle/input/datasets/tawsifurrahman/covid19-radiography-database/COVID-19_Radiography_Dataset/Normal/images/Normal-4860.png,Normal,Normal,False,0.3099290430545807,0.13730274140834808,False,0.13797272741794586,False
2114,/kaggle/input/datasets/tawsifurrahman/covid19-radiography-database/COVID-19_Radiography_Dataset/Normal/images/Normal-4862.png,Normal,Normal,False,0.3262515962123871,0.20101895928382874,False,0.2007363885641098,False
2115,/kaggle/input/datasets/tawsifurrahman/covid19-radiography-database/COVID-19_Radiography_Dataset/Normal/images/Normal-4863.png,Normal,Normal,False,0.24862483143806458,0.16166755557060242,False,0.16279500722885132,False
2116,/kaggle/input/datasets/tawsifurrahman/covid19-radiography-database/COVID-19_Radiography_Dataset/Normal/images/Normal-4882.png,Normal,Normal,False,0.3854830861091614,0.23613527417182922,False,0.23609185218811035,False
2117,/kaggle/input/datasets/tawsifurrahman/covid19-radiography-database/COVID-19_Radiography_Dataset/Normal/images/Normal-4887.png,Normal,Normal,True,0.24206791818141937,0.09559968113899231,False,0.09651146084070206,False
2118,/kaggle/input/datasets/tawsifurrahman/covid19-radiography-database/COVID-19_Radiography_Dataset/Normal/images/Normal-4888.png,Normal,Normal,False,0.22030451893806458,0.06822965294122696,False,0.06896524131298065,False
2119,/kaggle/input/datasets/tawsifurrahman/covid19-radiography-database/COVID-19_Radiography_Dataset/Normal/images/Normal-4896.png,Normal,Normal,False,0.25603872537612915,0.13180367648601532,False,0.13288669288158417,False
2120,/kaggle/input/datasets/tawsifurrahman/covid19-radiography-database/COVID-19_Radiography_Dataset/Normal/images/Normal-4901.png,Normal,Normal,True,0.18949298560619354,0.09867934137582779,False,0.10088928788900375,False
2121,/kaggle/input/datasets/tawsifurrahman/covid19-radiography-database/COVID-19_Radiography_Dataset/Normal/images/Normal-4908.png,Normal,Normal,True,0.22757892310619354,0.11367683112621307,False,0.11396180838346481,False
2122,/kaggle/input/datasets/tawsifurrahman/covid19-radiography-database/COVID-19_Radiography_Dataset/Normal/images/Normal-4912.png,Normal,Normal,False,0.3104272782802582,0.18502958118915558,False,0.18729017674922943,False
2123,/kaggle/input/datasets/tawsifurrahman/covid19-radiography-database/COVID-19_Radiography_Dataset/Normal/images/Normal-4914.png,Normal,Normal,True,0.2928491532802582,0.16026140749454498,False,0.1609189659357071,False
2124,/kaggle/input/datasets/tawsifurrahman/covid19-radiography-database/COVID-19_Radiography_Dataset/Normal/images/Normal-4928.png,Normal,Normal,False,0.22010523080825806,0.11791469156742096,False,0.11849056929349899,False
2125,/kaggle/input/datasets/tawsifurrahman/covid19-radiography-database/COVID-19_Radiography_Dataset/Normal/images/Normal-4929.png,Normal,Lung_Opacity,False,0.13687819242477417,0.09172677993774414,False,0.09317570179700851,False
2126,/kaggle/input/datasets/tawsifurrahman/covid19-radiography-database/COVID-19_Radiography_Dataset/Normal/images/Normal-4937.png,Normal,Normal,True,0.2987683415412903,0.12649889290332794,False,0.12713100016117096,False
2127,/kaggle/input/datasets/tawsifurrahman/covid19-radiography-database/COVID-19_Radiography_Dataset/Normal/images/Normal-4939.png,Normal,Lung_Opacity,True,0.20143096148967743,0.11784563213586807,False,0.11853069812059402,False
2128,/kaggle/input/datasets/tawsifurrahman/covid19-radiography-database/COVID-19_Radiography_Dataset/Normal/images/Normal-4946.png,Normal,Normal,False,0.33151307702064514,0.19276933372020721,False,0.19403909146785736,False
2129,/kaggle/input/datasets/tawsifurrahman/covid19-radiography-database/COVID-19_Radiography_Dataset/Normal/images/Normal-4947.png,Normal,Normal,True,0.3466199040412903,0.1750756800174713,False,0.17628122866153717,False
2130,/kaggle/input/datasets/tawsifurrahman/covid19-radiography-database/COVID-19_Radiography_Dataset/Normal/images/Normal-495.png,Normal,Normal,False,0.21542170643806458,0.10930504649877548,False,0.11022095382213593,False
2131,/kaggle/input/datasets/tawsifurrahman/covid19-radiography-database/COVID-19_Radiography_Dataset/Normal/images/Normal-4951.png,Normal,Lung_Opacity,False,0.22799743711948395,0.09729059785604477,False,0.09822187572717667,False
2132,/kaggle/input/datasets/tawsifurrahman/covid19-radiography-database/COVID-19_Radiography_Dataset/Normal/images/Normal-496.png,Normal,Viral Pneumonia,False,0.1223493292927742,0.05600499361753464,False,0.05594496801495552,False
2133,/kaggle/input/datasets/tawsifurrahman/covid19-radiography-database/COVID-19_Radiography_Dataset/Normal/images/Normal-4963.png,Normal,Normal,False,0.2888631820678711,0.11986097693443298,False,0.12195960432291031,False
2134,/kaggle/input/datasets/tawsifurrahman/covid19-radiography-database/COVID-19_Radiography_Dataset/Normal/images/Normal-4971.png,Normal,Normal,False,0.27911749482154846,0.09878472983837128,False,0.09896955639123917,False
2135,/kaggle/input/datasets/tawsifurrahman/covid19-radiography-database/COVID-19_Radiography_Dataset/Normal/images/Normal-498.png,Normal,Normal,False,0.1408442258834839,0.07198464125394821,False,0.07133785635232925,False
2136,/kaggle/input/datasets/tawsifurrahman/covid19-radiography-database/COVID-19_Radiography_Dataset/Normal/images/Normal-4981.png,Normal,Normal,False,0.3080357015132904,0.1674293875694275,False,0.169447124004364,False
2137,/kaggle/input/datasets/tawsifurrahman/covid19-radiography-database/COVID-19_Radiography_Dataset/Normal/images/Normal-4985.png,Normal,Normal,False,0.2904775142669678,0.1679328978061676,False,0.16968852281570435,False
2138,/kaggle/input/datasets/tawsifurrahman/covid19-radiography-database/COVID-19_Radiography_Dataset/Normal/images/Normal-4998.png,Normal,Normal,False,0.26223692297935486,0.16462667286396027,False,0.1645447313785553,False
2139,/kaggle/input/datasets/tawsifurrahman/covid19-radiography-database/COVID-19_Radiography_Dataset/Normal/images/Normal-5004.png,Normal,Normal,True,0.2782007157802582,0.1314062476158142,False,0.13143840432167053,False
2140,/kaggle/input/datasets/tawsifurrahman/covid19-radiography-database/COVID-19_Radiography_Dataset/Normal/images/Normal-5006.png,Normal,Normal,False,0.24406090378761292,0.17527645826339722,False,0.1779767870903015,False
2141,/kaggle/input/datasets/tawsifurrahman/covid19-radiography-database/COVID-19_Radiography_Dataset/Normal/images/Normal-501.png,Normal,Normal,False,0.16998165845870972,0.09283078461885452,False,0.09263830631971359,False
2142,/kaggle/input/datasets/tawsifurrahman/covid19-radiography-database/COVID-19_Radiography_Dataset/Normal/images/Normal-5015.png,Normal,Normal,False,0.3164859712123871,0.12365780770778656,False,0.1238240897655487,False
2143,/kaggle/input/datasets/tawsifurrahman/covid19-radiography-database/COVID-19_Radiography_Dataset/Normal/images/Normal-5018.png,Normal,Normal,False,0.1850685477256775,0.10440093278884888,False,0.10509355366230011,False
2144,/kaggle/input/datasets/tawsifurrahman/covid19-radiography-database/COVID-19_Radiography_Dataset/Normal/images/Normal-502.png,Normal,Normal,False,0.2493821680545807,0.1460893750190735,False,0.14604444801807404,False
2145,/kaggle/input/datasets/tawsifurrahman/covid19-radiography-database/COVID-19_Radiography_Dataset/Normal/images/Normal-5024.png,Normal,Normal,True,0.31768175959587097,0.20261338353157043,False,0.20421527326107025,False
2146,/kaggle/input/datasets/tawsifurrahman/covid19-radiography-database/COVID-19_Radiography_Dataset/Normal/images/Normal-5030.png,Normal,Normal,True,0.3255341053009033,0.20845885574817657,False,0.20877641439437866,False
2147,/kaggle/input/datasets/tawsifurrahman/covid19-radiography-database/COVID-19_Radiography_Dataset/Normal/images/Normal-5032.png,Normal,Normal,False,0.3526187837123871,0.17215310037136078,False,0.17363722622394562,False
2148,/kaggle/input/datasets/tawsifurrahman/covid19-radiography-database/COVID-19_Radiography_Dataset/Normal/images/Normal-5033.png,Normal,Normal,False,0.28595343232154846,0.12291174381971359,False,0.12424257397651672,False
2149,/kaggle/input/datasets/tawsifurrahman/covid19-radiography-database/COVID-19_Radiography_Dataset/Normal/images/Normal-5034.png,Normal,Normal,True,0.2659637928009033,0.12928363680839539,False,0.13049493730068207,False
2150,/kaggle/input/datasets/tawsifurrahman/covid19-radiography-database/COVID-19_Radiography_Dataset/Normal/images/Normal-5043.png,Normal,Normal,True,0.18676258623600006,0.13030210137367249,False,0.1312107890844345,False
2151,/kaggle/input/datasets/tawsifurrahman/covid19-radiography-database/COVID-19_Radiography_Dataset/Normal/images/Normal-5051.png,Normal,Normal,False,0.17456552386283875,0.1113332211971283,False,0.11246348172426224,False
2152,/kaggle/input/datasets/tawsifurrahman/covid19-radiography-database/COVID-19_Radiography_Dataset/Normal/images/Normal-5061.png,Normal,Normal,False,0.32043206691741943,0.1320399045944214,False,0.13279403746128082,False
2153,/kaggle/input/datasets/tawsifurrahman/covid19-radiography-database/COVID-19_Radiography_Dataset/Normal/images/Normal-5064.png,Normal,Normal,False,0.2652662694454193,0.12705814838409424,False,0.12880562245845795,False
2154,/kaggle/input/datasets/tawsifurrahman/covid19-radiography-database/COVID-19_Radiography_Dataset/Normal/images/Normal-5065.png,Normal,Normal,False,0.2595463991165161,0.15120269358158112,False,0.1532798856496811,False
2155,/kaggle/input/datasets/tawsifurrahman/covid19-radiography-database/COVID-19_Radiography_Dataset/Normal/images/Normal-507.png,Normal,Normal,False,0.32244497537612915,0.17905014753341675,False,0.17875584959983826,False
2156,/kaggle/input/datasets/tawsifurrahman/covid19-radiography-database/COVID-19_Radiography_Dataset/Normal/images/Normal-5070.png,Normal,Normal,True,0.3187978267669678,0.2004665583372116,False,0.20199273526668549,False
2157,/kaggle/input/datasets/tawsifurrahman/covid19-radiography-database/COVID-19_Radiography_Dataset/Normal/images/Normal-508.png,Normal,Normal,False,0.27150431275367737,0.1178792342543602,False,0.11792883276939392,False
2158,/kaggle/input/datasets/tawsifurrahman/covid19-radiography-database/COVID-19_Radiography_Dataset/Normal/images/Normal-5081.png,Normal,Normal,False,0.25623804330825806,0.14614807069301605,False,0.15065141022205353,False
2159,/kaggle/input/datasets/tawsifurrahman/covid19-radiography-database/COVID-19_Radiography_Dataset/Normal/images/Normal-5097.png,Normal,Lung_Opacity,False,0.16458067297935486,0.09424355626106262,False,0.0942269042134285,False
2160,/kaggle/input/datasets/tawsifurrahman/covid19-radiography-database/COVID-19_Radiography_Dataset/Normal/images/Normal-5098.png,Normal,Normal,True,0.31234055757522583,0.26312825083732605,False,0.26304399967193604,False
2161,/kaggle/input/datasets/tawsifurrahman/covid19-radiography-database/COVID-19_Radiography_Dataset/Normal/images/Normal-51.png,Normal,Normal,False,0.1764787882566452,0.05348919332027435,False,0.053808603435754776,False
2162,/kaggle/input/datasets/tawsifurrahman/covid19-radiography-database/COVID-19_Radiography_Dataset/Normal/images/Normal-5109.png,Normal,Normal,False,0.3606305718421936,0.21805773675441742,False,0.21812188625335693,False
2163,/kaggle/input/datasets/tawsifurrahman/covid19-radiography-database/COVID-19_Radiography_Dataset/Normal/images/Normal-5113.png,Normal,Normal,False,0.27425462007522583,0.15855564177036285,False,0.1604239046573639,False
2164,/kaggle/input/datasets/tawsifurrahman/covid19-radiography-database/COVID-19_Radiography_Dataset/Normal/images/Normal-5122.png,Normal,Normal,False,0.233258917927742,0.12140688300132751,False,0.12223325669765472,False
2165,/kaggle/input/datasets/tawsifurrahman/covid19-radiography-database/COVID-19_Radiography_Dataset/Normal/images/Normal-5129.png,Normal,Normal,False,0.39869657158851624,0.2015175223350525,False,0.20247386395931244,False
2166,/kaggle/input/datasets/tawsifurrahman/covid19-radiography-database/COVID-19_Radiography_Dataset/Normal/images/Normal-5130.png,Normal,Lung_Opacity,False,0.18528778851032257,0.07607965916395187,False,0.07657698541879654,False
2167,/kaggle/input/datasets/tawsifurrahman/covid19-radiography-database/COVID-19_Radiography_Dataset/Normal/images/Normal-5132.png,Normal,Normal,True,0.28531569242477417,0.16931314766407013,False,0.16981256008148193,False
2168,/kaggle/input/datasets/tawsifurrahman/covid19-radiography-database/COVID-19_Radiography_Dataset/Normal/images/Normal-5137.png,Normal,Lung_Opacity,False,0.2771245241165161,0.1574200838804245,False,0.15857015550136566,False
2169,/kaggle/input/datasets/tawsifurrahman/covid19-radiography-database/COVID-19_Radiography_Dataset/Normal/images/Normal-5144.png,Normal,Normal,False,0.18947304785251617,0.11363576352596283,False,0.11494609713554382,False
2170,/kaggle/input/datasets/tawsifurrahman/covid19-radiography-database/COVID-19_Radiography_Dataset/Normal/images/Normal-5146.png,Normal,Normal,False,0.24800701439380646,0.12754374742507935,False,0.12897178530693054,False
2171,/kaggle/input/datasets/tawsifurrahman/covid19-radiography-database/COVID-19_Radiography_Dataset/Normal/images/Normal-5148.png,Normal,Lung_Opacity,True,0.2592673599720001,0.13948997855186462,False,0.14074191451072693,False
2172,/kaggle/input/datasets/tawsifurrahman/covid19-radiography-database/COVID-19_Radiography_Dataset/Normal/images/Normal-5150.png,Normal,Normal,False,0.24272559583187103,0.12101675570011139,False,0.12105736136436462,False
2173,/kaggle/input/datasets/tawsifurrahman/covid19-radiography-database/COVID-19_Radiography_Dataset/Normal/images/Normal-5160.png,Normal,Normal,True,0.24210777878761292,0.16041333973407745,False,0.16082027554512024,False
2174,/kaggle/input/datasets/tawsifurrahman/covid19-radiography-database/COVID-19_Radiography_Dataset/Normal/images/Normal-5168.png,Normal,Normal,False,0.2583705186843872,0.16491803526878357,False,0.16540560126304626,False
2175,/kaggle/input/datasets/tawsifurrahman/covid19-radiography-database/COVID-19_Radiography_Dataset/Normal/images/Normal-5175.png,Normal,Normal,False,0.25037866830825806,0.10668208450078964,False,0.10750073194503784,False
2176,/kaggle/input/datasets/tawsifurrahman/covid19-radiography-database/COVID-19_Radiography_Dataset/Normal/images/Normal-5180.png,Normal,Lung_Opacity,True,0.31315767765045166,0.13084691762924194,False,0.131595179438591,False
2177,/kaggle/input/datasets/tawsifurrahman/covid19-radiography-database/COVID-19_Radiography_Dataset/Normal/images/Normal-5181.png,Normal,Normal,False,0.21857061982154846,0.11936692148447037,False,0.11966405063867569,False
2178,/kaggle/input/datasets/tawsifurrahman/covid19-radiography-database/COVID-19_Radiography_Dataset/Normal/images/Normal-5185.png,Normal,Normal,False,0.11459662020206451,0.05515331029891968,False,0.05628785118460655,False
2179,/kaggle/input/datasets/tawsifurrahman/covid19-radiography-database/COVID-19_Radiography_Dataset/Normal/images/Normal-5193.png,Normal,Normal,False,0.22743940353393555,0.12726888060569763,False,0.12846511602401733,False
2180,/kaggle/input/datasets/tawsifurrahman/covid19-radiography-database/COVID-19_Radiography_Dataset/Normal/images/Normal-520.png,Normal,Normal,False,0.16697224974632263,0.0768209770321846,False,0.07745448499917984,False
2181,/kaggle/input/datasets/tawsifurrahman/covid19-radiography-database/COVID-19_Radiography_Dataset/Normal/images/Normal-5202.png,Normal,Normal,False,0.2692721486091614,0.11180446296930313,False,0.11260926723480225,False
2182,/kaggle/input/datasets/tawsifurrahman/covid19-radiography-database/COVID-19_Radiography_Dataset/Normal/images/Normal-5203.png,Normal,Normal,False,0.337611585855484,0.23154579102993011,False,0.23274023830890656,False
2183,/kaggle/input/datasets/tawsifurrahman/covid19-radiography-database/COVID-19_Radiography_Dataset/Normal/images/Normal-5216.png,Normal,Normal,False,0.2599051296710968,0.11527514457702637,False,0.11534391343593597,False
2184,/kaggle/input/datasets/tawsifurrahman/covid19-radiography-database/COVID-19_Radiography_Dataset/Normal/images/Normal-522.png,Normal,Normal,True,0.20420120656490326,0.08603816479444504,False,0.08592244237661362,False
2185,/kaggle/input/datasets/tawsifurrahman/covid19-radiography-database/COVID-19_Radiography_Dataset/Normal/images/Normal-5224.png,Normal,Normal,False,0.23106664419174194,0.15587781369686127,False,0.1559496819972992,False
2186,/kaggle/input/datasets/tawsifurrahman/covid19-radiography-database/COVID-19_Radiography_Dataset/Normal/images/Normal-5225.png,Normal,Normal,True,0.3325892686843872,0.15301775932312012,False,0.1542423814535141,False
2187,/kaggle/input/datasets/tawsifurrahman/covid19-radiography-database/COVID-19_Radiography_Dataset/Normal/images/Normal-5235.png,Normal,Normal,False,0.22498804330825806,0.11777804791927338,False,0.11781369149684906,False
2188,/kaggle/input/datasets/tawsifurrahman/covid19-radiography-database/COVID-19_Radiography_Dataset/Normal/images/Normal-524.png,Normal,Normal,False,0.2292131632566452,0.10250800848007202,False,0.10247361660003662,False
2189,/kaggle/input/datasets/tawsifurrahman/covid19-radiography-database/COVID-19_Radiography_Dataset/Normal/images/Normal-5252.png,Normal,Normal,False,0.3637197017669678,0.245238795876503,False,0.24698461592197418,False
2190,/kaggle/input/datasets/tawsifurrahman/covid19-radiography-database/COVID-19_Radiography_Dataset/Normal/images/Normal-526.png,Normal,Normal,True,0.11138791590929031,0.05689596012234688,False,0.056513749063014984,False
2191,/kaggle/input/datasets/tawsifurrahman/covid19-radiography-database/COVID-19_Radiography_Dataset/Normal/images/Normal-5280.png,Normal,Normal,False,0.17095822095870972,0.08484794944524765,False,0.08628526329994202,False
2192,/kaggle/input/datasets/tawsifurrahman/covid19-radiography-database/COVID-19_Radiography_Dataset/Normal/images/Normal-5282.png,Normal,Normal,True,0.195172980427742,0.08425088971853256,False,0.08433731645345688,False
2193,/kaggle/input/datasets/tawsifurrahman/covid19-radiography-database/COVID-19_Radiography_Dataset/Normal/images/Normal-5289.png,Normal,Normal,False,0.3203722834587097,0.17219118773937225,False,0.17429998517036438,False
2194,/kaggle/input/datasets/tawsifurrahman/covid19-radiography-database/COVID-19_Radiography_Dataset/Normal/images/Normal-529.png,Normal,Normal,False,0.2756098508834839,0.1368512213230133,False,0.13710980117321014,False
2195,/kaggle/input/datasets/tawsifurrahman/covid19-radiography-database/COVID-19_Radiography_Dataset/Normal/images/Normal-5293.png,Normal,Normal,False,0.26104113459587097,0.10391557216644287,False,0.10416101664304733,False
2196,/kaggle/input/datasets/tawsifurrahman/covid19-radiography-database/COVID-19_Radiography_Dataset/Normal/images/Normal-5306.png,Normal,Normal,False,0.23188376426696777,0.14168107509613037,False,0.14172829687595367,False
2197,/kaggle/input/datasets/tawsifurrahman/covid19-radiography-database/COVID-19_Radiography_Dataset/Normal/images/Normal-532.png,Normal,Normal,False,0.17741549015045166,0.0824018120765686,False,0.0824582427740097,False
2198,/kaggle/input/datasets/tawsifurrahman/covid19-radiography-database/COVID-19_Radiography_Dataset/Normal/images/Normal-5330.png,Normal,Normal,False,0.29781168699264526,0.16477756202220917,False,0.16745251417160034,False
2199,/kaggle/input/datasets/tawsifurrahman/covid19-radiography-database/COVID-19_Radiography_Dataset/Normal/images/Normal-5332.png,Normal,Normal,True,0.30827486515045166,0.1931968778371811,False,0.1954139620065689,False
2200,/kaggle/input/datasets/tawsifurrahman/covid19-radiography-database/COVID-19_Radiography_Dataset/Normal/images/Normal-5354.png,Normal,Normal,False,0.18397241830825806,0.10952465981245041,False,0.10873232781887054,False
2201,/kaggle/input/datasets/tawsifurrahman/covid19-radiography-database/COVID-19_Radiography_Dataset/Normal/images/Normal-5361.png,Normal,Normal,True,0.26979032158851624,0.1915055513381958,False,0.1922774463891983,False
2202,/kaggle/input/datasets/tawsifurrahman/covid19-radiography-database/COVID-19_Radiography_Dataset/Normal/images/Normal-5365.png,Normal,Normal,False,0.2390585094690323,0.12771007418632507,False,0.12897785007953644,False
2203,/kaggle/input/datasets/tawsifurrahman/covid19-radiography-database/COVID-19_Radiography_Dataset/Normal/images/Normal-5370.png,Normal,Normal,True,0.19692681729793549,0.09823838621377945,False,0.099248506128788,False
2204,/kaggle/input/datasets/tawsifurrahman/covid19-radiography-database/COVID-19_Radiography_Dataset/Normal/images/Normal-5372.png,Normal,Normal,False,0.20533721148967743,0.1125057116150856,False,0.11258185654878616,False
2205,/kaggle/input/datasets/tawsifurrahman/covid19-radiography-database/COVID-19_Radiography_Dataset/Normal/images/Normal-5383.png,Normal,Normal,True,0.27634724974632263,0.1794259250164032,False,0.18045444786548615,False
2206,/kaggle/input/datasets/tawsifurrahman/covid19-radiography-database/COVID-19_Radiography_Dataset/Normal/images/Normal-5386.png,Normal,Normal,False,0.2523915767669678,0.25922486186027527,False,0.26127922534942627,False
2207,/kaggle/input/datasets/tawsifurrahman/covid19-radiography-database/COVID-19_Radiography_Dataset/Normal/images/Normal-5400.png,Normal,Normal,True,0.23824138939380646,0.13220401108264923,False,0.13330571353435516,False
2208,/kaggle/input/datasets/tawsifurrahman/covid19-radiography-database/COVID-19_Radiography_Dataset/Normal/images/Normal-5402.png,Normal,Lung_Opacity,True,0.19429607689380646,0.09375736862421036,False,0.09618236869573593,False
2209,/kaggle/input/datasets/tawsifurrahman/covid19-radiography-database/COVID-19_Radiography_Dataset/Normal/images/Normal-5404.png,Normal,Normal,False,0.27060744166374207,0.1624261438846588,False,0.1618296355009079,False
2210,/kaggle/input/datasets/tawsifurrahman/covid19-radiography-database/COVID-19_Radiography_Dataset/Normal/images/Normal-5412.png,Normal,Normal,False,0.3146723508834839,0.15926535427570343,False,0.15944230556488037,False
2211,/kaggle/input/datasets/tawsifurrahman/covid19-radiography-database/COVID-19_Radiography_Dataset/Normal/images/Normal-542.png,Normal,Normal,False,0.244977667927742,0.12321881204843521,False,0.1233840212225914,False
2212,/kaggle/input/datasets/tawsifurrahman/covid19-radiography-database/COVID-19_Radiography_Dataset/Normal/images/Normal-5427.png,Normal,Normal,True,0.3477359712123871,0.18077169358730316,False,0.18121670186519623,False
2213,/kaggle/input/datasets/tawsifurrahman/covid19-radiography-database/COVID-19_Radiography_Dataset/Normal/images/Normal-5433.png,Normal,Lung_Opacity,True,0.09642060101032257,0.037973638623952866,False,0.03872446343302727,False
2214,/kaggle/input/datasets/tawsifurrahman/covid19-radiography-database/COVID-19_Radiography_Dataset/Normal/images/Normal-5434.png,Normal,Normal,False,0.2377232164144516,0.10818354040384293,False,0.10874572396278381,False
2215,/kaggle/input/datasets/tawsifurrahman/covid19-radiography-database/COVID-19_Radiography_Dataset/Normal/images/Normal-5436.png,Normal,Normal,False,0.4090401828289032,0.26941367983818054,False,0.27151191234588623,False
2216,/kaggle/input/datasets/tawsifurrahman/covid19-radiography-database/COVID-19_Radiography_Dataset/Normal/images/Normal-5442.png,Normal,Normal,False,0.23315927386283875,0.14997266232967377,False,0.14994825422763824,False
2217,/kaggle/input/datasets/tawsifurrahman/covid19-radiography-database/COVID-19_Radiography_Dataset/Normal/images/Normal-545.png,Normal,Normal,False,0.2179129421710968,0.1566920429468155,False,0.15701715648174286,False
2218,/kaggle/input/datasets/tawsifurrahman/covid19-radiography-database/COVID-19_Radiography_Dataset/Normal/images/Normal-5456.png,Normal,Lung_Opacity,False,0.24282525479793549,0.13361357152462006,False,0.1335170865058899,False
2219,/kaggle/input/datasets/tawsifurrahman/covid19-radiography-database/COVID-19_Radiography_Dataset/Normal/images/Normal-5460.png,Normal,Normal,False,0.36128824949264526,0.22313246130943298,False,0.22360672056674957,False
2220,/kaggle/input/datasets/tawsifurrahman/covid19-radiography-database/COVID-19_Radiography_Dataset/Normal/images/Normal-5463.png,Normal,Normal,False,0.33428332209587097,0.22696943581104279,False,0.22798745334148407,False
2221,/kaggle/input/datasets/tawsifurrahman/covid19-radiography-database/COVID-19_Radiography_Dataset/Normal/images/Normal-5464.png,Normal,Normal,False,0.21918845176696777,0.12602274119853973,False,0.12570537626743317,False
2222,/kaggle/input/datasets/tawsifurrahman/covid19-radiography-database/COVID-19_Radiography_Dataset/Normal/images/Normal-5466.png,Normal,Normal,False,0.29934629797935486,0.15293484926223755,False,0.1543140411376953,False
2223,/kaggle/input/datasets/tawsifurrahman/covid19-radiography-database/COVID-19_Radiography_Dataset/Normal/images/Normal-5470.png,Normal,Normal,True,0.26175859570503235,0.09939378499984741,False,0.100131556391716,False
2224,/kaggle/input/datasets/tawsifurrahman/covid19-radiography-database/COVID-19_Radiography_Dataset/Normal/images/Normal-5474.png,Normal,Normal,False,0.23824138939380646,0.13851501047611237,False,0.13991065323352814,False
2225,/kaggle/input/datasets/tawsifurrahman/covid19-radiography-database/COVID-19_Radiography_Dataset/Normal/images/Normal-5478.png,Normal,Normal,True,0.23951689898967743,0.14997562766075134,False,0.15279972553253174,False
2226,/kaggle/input/datasets/tawsifurrahman/covid19-radiography-database/COVID-19_Radiography_Dataset/Normal/images/Normal-5499.png,Normal,Normal,False,0.2829838991165161,0.11030501872301102,False,0.11035699397325516,False
2227,/kaggle/input/datasets/tawsifurrahman/covid19-radiography-database/COVID-19_Radiography_Dataset/Normal/images/Normal-551.png,Normal,Normal,True,0.2585299611091614,0.14886513352394104,False,0.1480616331100464,False
2228,/kaggle/input/datasets/tawsifurrahman/covid19-radiography-database/COVID-19_Radiography_Dataset/Normal/images/Normal-5530.png,Normal,Lung_Opacity,True,0.23830117285251617,0.18394899368286133,False,0.18345043063163757,False
2229,/kaggle/input/datasets/tawsifurrahman/covid19-radiography-database/COVID-19_Radiography_Dataset/Normal/images/Normal-5540.png,Normal,Normal,False,0.2976323366165161,0.20709189772605896,False,0.20607151091098785,False
2230,/kaggle/input/datasets/tawsifurrahman/covid19-radiography-database/COVID-19_Radiography_Dataset/Normal/images/Normal-5542.png,Normal,Normal,False,0.3170240819454193,0.21114221215248108,False,0.21183355152606964,False
2231,/kaggle/input/datasets/tawsifurrahman/covid19-radiography-database/COVID-19_Radiography_Dataset/Normal/images/Normal-5544.png,Normal,Normal,False,0.29689493775367737,0.19377247989177704,False,0.19397181272506714,False
2232,/kaggle/input/datasets/tawsifurrahman/covid19-radiography-database/COVID-19_Radiography_Dataset/Normal/images/Normal-5548.png,Normal,Normal,False,0.2785993218421936,0.1556350141763687,False,0.15689590573310852,False
2233,/kaggle/input/datasets/tawsifurrahman/covid19-radiography-database/COVID-19_Radiography_Dataset/Normal/images/Normal-555.png,Normal,Normal,False,0.20866549015045166,0.09979796409606934,False,0.09977643936872482,False
2234,/kaggle/input/datasets/tawsifurrahman/covid19-radiography-database/COVID-19_Radiography_Dataset/Normal/images/Normal-5560.png,Normal,Normal,True,0.23706552386283875,0.13190481066703796,False,0.13296033442020416,False
2235,/kaggle/input/datasets/tawsifurrahman/covid19-radiography-database/COVID-19_Radiography_Dataset/Normal/images/Normal-5562.png,Normal,Normal,False,0.3462810814380646,0.19432991743087769,False,0.1962372213602066,False
2236,/kaggle/input/datasets/tawsifurrahman/covid19-radiography-database/COVID-19_Radiography_Dataset/Normal/images/Normal-5565.png,Normal,Normal,False,0.16039539873600006,0.09894924610853195,False,0.09977560490369797,False
2237,/kaggle/input/datasets/tawsifurrahman/covid19-radiography-database/COVID-19_Radiography_Dataset/Normal/images/Normal-5580.png,Normal,Normal,False,0.24318398535251617,0.12558354437351227,False,0.12695403397083282,False
2238,/kaggle/input/datasets/tawsifurrahman/covid19-radiography-database/COVID-19_Radiography_Dataset/Normal/images/Normal-5583.png,Normal,Normal,True,0.23162467777729034,0.16553904116153717,False,0.1670655459165573,False
2239,/kaggle/input/datasets/tawsifurrahman/covid19-radiography-database/COVID-19_Radiography_Dataset/Normal/images/Normal-5586.png,Normal,Normal,False,0.32224568724632263,0.13669970631599426,False,0.1372496336698532,False
2240,/kaggle/input/datasets/tawsifurrahman/covid19-radiography-database/COVID-19_Radiography_Dataset/Normal/images/Normal-5589.png,Normal,Normal,False,0.26321348547935486,0.13714823126792908,False,0.1371309906244278,False
2241,/kaggle/input/datasets/tawsifurrahman/covid19-radiography-database/COVID-19_Radiography_Dataset/Normal/images/Normal-559.png,Normal,Normal,True,0.16840720176696777,0.08086764067411423,False,0.0810132846236229,False
2242,/kaggle/input/datasets/tawsifurrahman/covid19-radiography-database/COVID-19_Radiography_Dataset/Normal/images/Normal-5598.png,Normal,Normal,True,0.24557556211948395,0.10499118268489838,False,0.10649801790714264,False
2243,/kaggle/input/datasets/tawsifurrahman/covid19-radiography-database/COVID-19_Radiography_Dataset/Normal/images/Normal-5602.png,Normal,Normal,False,0.2104591727256775,0.05618777871131897,False,0.05638262256979942,False
2244,/kaggle/input/datasets/tawsifurrahman/covid19-radiography-database/COVID-19_Radiography_Dataset/Normal/images/Normal-5605.png,Normal,Normal,False,0.18989157676696777,0.09033511579036713,False,0.09049614518880844,False
2245,/kaggle/input/datasets/tawsifurrahman/covid19-radiography-database/COVID-19_Radiography_Dataset/Normal/images/Normal-5609.png,Normal,Normal,False,0.23403619229793549,0.11394908279180527,False,0.11487618088722229,False
2246,/kaggle/input/datasets/tawsifurrahman/covid19-radiography-database/COVID-19_Radiography_Dataset/Normal/images/Normal-5612.png,Normal,Normal,False,0.28238600492477417,0.1517995148897171,False,0.15238553285598755,False
2247,/kaggle/input/datasets/tawsifurrahman/covid19-radiography-database/COVID-19_Radiography_Dataset/Normal/images/Normal-5616.png,Normal,Normal,False,0.3926379084587097,0.2360633760690689,False,0.23996567726135254,False
2248,/kaggle/input/datasets/tawsifurrahman/covid19-radiography-database/COVID-19_Radiography_Dataset/Normal/images/Normal-5621.png,Normal,Lung_Opacity,False,0.2640106678009033,0.10785026103258133,False,0.10896791517734528,False
2249,/kaggle/input/datasets/tawsifurrahman/covid19-radiography-database/COVID-19_Radiography_Dataset/Normal/images/Normal-5631.png,Normal,Normal,True,0.22273597121238708,0.07741477340459824,False,0.07760463654994965,False
2250,/kaggle/input/datasets/tawsifurrahman/covid19-radiography-database/COVID-19_Radiography_Dataset/Normal/images/Normal-5635.png,Normal,Normal,False,0.08623644709587097,0.06069338694214821,False,0.0650423914194107,False
2251,/kaggle/input/datasets/tawsifurrahman/covid19-radiography-database/COVID-19_Radiography_Dataset/Normal/images/Normal-5645.png,Normal,Normal,False,0.3136758506298065,0.23827581107616425,False,0.24125491082668304,False
2252,/kaggle/input/datasets/tawsifurrahman/covid19-radiography-database/COVID-19_Radiography_Dataset/Normal/images/Normal-5646.png,Normal,Normal,False,0.3003427982330322,0.16263899207115173,False,0.16493132710456848,False
2253,/kaggle/input/datasets/tawsifurrahman/covid19-radiography-database/COVID-19_Radiography_Dataset/Normal/images/Normal-5659.png,Normal,Normal,True,0.2278180718421936,0.10553793609142303,False,0.10633159428834915,False
2254,/kaggle/input/datasets/tawsifurrahman/covid19-radiography-database/COVID-19_Radiography_Dataset/Normal/images/Normal-5662.png,Normal,Normal,False,0.2163185477256775,0.14886674284934998,False,0.15258845686912537,False
2255,/kaggle/input/datasets/tawsifurrahman/covid19-radiography-database/COVID-19_Radiography_Dataset/Normal/images/Normal-5679.png,Normal,Normal,True,0.2738361060619354,0.14689576625823975,False,0.14743579924106598,False
2256,/kaggle/input/datasets/tawsifurrahman/covid19-radiography-database/COVID-19_Radiography_Dataset/Normal/images/Normal-568.png,Normal,Normal,False,0.25735411047935486,0.1416376531124115,False,0.14135603606700897,False
2257,/kaggle/input/datasets/tawsifurrahman/covid19-radiography-database/COVID-19_Radiography_Dataset/Normal/images/Normal-5682.png,Normal,Normal,False,0.19188456237316132,0.11610838025808334,False,0.11615948379039764,False
2258,/kaggle/input/datasets/tawsifurrahman/covid19-radiography-database/COVID-19_Radiography_Dataset/Normal/images/Normal-5683.png,Normal,Normal,False,0.2443598508834839,0.09805438667535782,False,0.09874102473258972,False
2259,/kaggle/input/datasets/tawsifurrahman/covid19-radiography-database/COVID-19_Radiography_Dataset/Normal/images/Normal-5689.png,Normal,Normal,False,0.21332907676696777,0.13173650205135345,False,0.13203676044940948,False
2260,/kaggle/input/datasets/tawsifurrahman/covid19-radiography-database/COVID-19_Radiography_Dataset/Normal/images/Normal-5695.png,Normal,Normal,False,0.3214883506298065,0.18176743388175964,False,0.18265412747859955,False
2261,/kaggle/input/datasets/tawsifurrahman/covid19-radiography-database/COVID-19_Radiography_Dataset/Normal/images/Normal-5696.png,Normal,Normal,True,0.15830276906490326,0.08590193092823029,False,0.09321331977844238,False
2262,/kaggle/input/datasets/tawsifurrahman/covid19-radiography-database/COVID-19_Radiography_Dataset/Normal/images/Normal-5708.png,Normal,Normal,True,0.17938855290412903,0.07493788003921509,False,0.07550787925720215,False
2263,/kaggle/input/datasets/tawsifurrahman/covid19-radiography-database/COVID-19_Radiography_Dataset/Normal/images/Normal-5712.png,Normal,Normal,False,0.24445949494838715,0.08507369458675385,False,0.08542727679014206,False
2264,/kaggle/input/datasets/tawsifurrahman/covid19-radiography-database/COVID-19_Radiography_Dataset/Normal/images/Normal-5717.png,Normal,Normal,False,0.24705037474632263,0.15122175216674805,False,0.15181130170822144,False
2265,/kaggle/input/datasets/tawsifurrahman/covid19-radiography-database/COVID-19_Radiography_Dataset/Normal/images/Normal-5719.png,Normal,Normal,False,0.17157605290412903,0.08241021633148193,False,0.08383604139089584,False
2266,/kaggle/input/datasets/tawsifurrahman/covid19-radiography-database/COVID-19_Radiography_Dataset/Normal/images/Normal-5720.png,Normal,Normal,True,0.3072783648967743,0.17708435654640198,False,0.17888107895851135,False
2267,/kaggle/input/datasets/tawsifurrahman/covid19-radiography-database/COVID-19_Radiography_Dataset/Normal/images/Normal-5724.png,Normal,Normal,True,0.2628348171710968,0.189872145652771,False,0.19014772772789001,False
2268,/kaggle/input/datasets/tawsifurrahman/covid19-radiography-database/COVID-19_Radiography_Dataset/Normal/images/Normal-5725.png,Normal,Normal,False,0.3279057741165161,0.18609267473220825,False,0.1863742172718048,False
2269,/kaggle/input/datasets/tawsifurrahman/covid19-radiography-database/COVID-19_Radiography_Dataset/Normal/images/Normal-5729.png,Normal,Normal,False,0.25729432702064514,0.1243131086230278,False,0.12538155913352966,False
2270,/kaggle/input/datasets/tawsifurrahman/covid19-radiography-database/COVID-19_Radiography_Dataset/Normal/images/Normal-5740.png,Normal,Normal,True,0.3280652165412903,0.24121366441249847,False,0.24099867045879364,False
2271,/kaggle/input/datasets/tawsifurrahman/covid19-radiography-database/COVID-19_Radiography_Dataset/Normal/images/Normal-5755.png,Normal,Normal,False,0.31552931666374207,0.1664973795413971,False,0.1682465821504593,False
2272,/kaggle/input/datasets/tawsifurrahman/covid19-radiography-database/COVID-19_Radiography_Dataset/Normal/images/Normal-5757.png,Normal,Normal,True,0.2897799611091614,0.18769168853759766,False,0.18816989660263062,False
2273,/kaggle/input/datasets/tawsifurrahman/covid19-radiography-database/COVID-19_Radiography_Dataset/Normal/images/Normal-5769.png,Normal,Normal,False,0.24988041818141937,0.12861952185630798,False,0.12983393669128418,False
2274,/kaggle/input/datasets/tawsifurrahman/covid19-radiography-database/COVID-19_Radiography_Dataset/Normal/images/Normal-5773.png,Normal,Normal,True,0.25783243775367737,0.14043036103248596,False,0.14175817370414734,False
2275,/kaggle/input/datasets/tawsifurrahman/covid19-radiography-database/COVID-19_Radiography_Dataset/Normal/images/Normal-5783.png,Normal,Normal,False,0.2758290767669678,0.15007808804512024,False,0.15091194212436676,False
2276,/kaggle/input/datasets/tawsifurrahman/covid19-radiography-database/COVID-19_Radiography_Dataset/Normal/images/Normal-58.png,Normal,Normal,False,0.23565050959587097,0.08594195544719696,False,0.08616011589765549,False
2277,/kaggle/input/datasets/tawsifurrahman/covid19-radiography-database/COVID-19_Radiography_Dataset/Normal/images/Normal-5817.png,Normal,Normal,True,0.2721022069454193,0.1412154883146286,False,0.14209476113319397,False
2278,/kaggle/input/datasets/tawsifurrahman/covid19-radiography-database/COVID-19_Radiography_Dataset/Normal/images/Normal-5826.png,Normal,Normal,False,0.20499840378761292,0.11508495360612869,False,0.11503750830888748,False
2279,/kaggle/input/datasets/tawsifurrahman/covid19-radiography-database/COVID-19_Radiography_Dataset/Normal/images/Normal-5828.png,Normal,Normal,True,0.30389028787612915,0.15763522684574127,False,0.1578264683485031,False
2280,/kaggle/input/datasets/tawsifurrahman/covid19-radiography-database/COVID-19_Radiography_Dataset/Normal/images/Normal-5831.png,Normal,Normal,False,0.318359375,0.187175452709198,False,0.1879466027021408,False
2281,/kaggle/input/datasets/tawsifurrahman/covid19-radiography-database/COVID-19_Radiography_Dataset/Normal/images/Normal-5834.png,Normal,Normal,False,0.25938695669174194,0.12103141099214554,False,0.12176927924156189,False
2282,/kaggle/input/datasets/tawsifurrahman/covid19-radiography-database/COVID-19_Radiography_Dataset/Normal/images/Normal-5855.png,Normal,Normal,True,0.3304966390132904,0.1723308265209198,False,0.17390768229961395,False
2283,/kaggle/input/datasets/tawsifurrahman/covid19-radiography-database/COVID-19_Radiography_Dataset/Normal/images/Normal-5858.png,Normal,Normal,False,0.2543447017669678,0.14975936710834503,False,0.1503547579050064,False
2284,/kaggle/input/datasets/tawsifurrahman/covid19-radiography-database/COVID-19_Radiography_Dataset/Normal/images/Normal-5859.png,Normal,Normal,False,0.23973612487316132,0.16522938013076782,False,0.16607056558132172,False
2285,/kaggle/input/datasets/tawsifurrahman/covid19-radiography-database/COVID-19_Radiography_Dataset/Normal/images/Normal-5865.png,Normal,Normal,False,0.29001912474632263,0.14202822744846344,False,0.14354783296585083,False
2286,/kaggle/input/datasets/tawsifurrahman/covid19-radiography-database/COVID-19_Radiography_Dataset/Normal/images/Normal-5866.png,Normal,Normal,True,0.2778419852256775,0.11554288864135742,False,0.11581133306026459,False
2287,/kaggle/input/datasets/tawsifurrahman/covid19-radiography-database/COVID-19_Radiography_Dataset/Normal/images/Normal-5872.png,Normal,Normal,False,0.20603474974632263,0.1148676872253418,False,0.11671857535839081,False
2288,/kaggle/input/datasets/tawsifurrahman/covid19-radiography-database/COVID-19_Radiography_Dataset/Normal/images/Normal-5876.png,Normal,Normal,False,0.3917410671710968,0.1981888860464096,False,0.1987994760274887,False
2289,/kaggle/input/datasets/tawsifurrahman/covid19-radiography-database/COVID-19_Radiography_Dataset/Normal/images/Normal-5880.png,Normal,Normal,True,0.1911272257566452,0.11046972870826721,False,0.11158780753612518,False
2290,/kaggle/input/datasets/tawsifurrahman/covid19-radiography-database/COVID-19_Radiography_Dataset/Normal/images/Normal-5885.png,Normal,Normal,False,0.30400988459587097,0.14638559520244598,False,0.14762020111083984,False
2291,/kaggle/input/datasets/tawsifurrahman/covid19-radiography-database/COVID-19_Radiography_Dataset/Normal/images/Normal-5886.png,Normal,Normal,False,0.24029415845870972,0.13743963837623596,False,0.13995054364204407,False
2292,/kaggle/input/datasets/tawsifurrahman/covid19-radiography-database/COVID-19_Radiography_Dataset/Normal/images/Normal-5890.png,Normal,Normal,False,0.33324697613716125,0.19491241872310638,False,0.19923052191734314,False
2293,/kaggle/input/datasets/tawsifurrahman/covid19-radiography-database/COVID-19_Radiography_Dataset/Normal/images/Normal-5891.png,Normal,Normal,False,0.22219786047935486,0.1537523716688156,False,0.15414093434810638,False
2294,/kaggle/input/datasets/tawsifurrahman/covid19-radiography-database/COVID-19_Radiography_Dataset/Normal/images/Normal-59.png,Normal,Normal,False,0.2837013602256775,0.12759384512901306,False,0.12816470861434937,False
2295,/kaggle/input/datasets/tawsifurrahman/covid19-radiography-database/COVID-19_Radiography_Dataset/Normal/images/Normal-5901.png,Normal,Normal,False,0.19355866312980652,0.09955205023288727,False,0.10100678354501724,False
2296,/kaggle/input/datasets/tawsifurrahman/covid19-radiography-database/COVID-19_Radiography_Dataset/Normal/images/Normal-5906.png,Normal,Normal,True,0.17645886540412903,0.1305694580078125,False,0.1354009062051773,False
2297,/kaggle/input/datasets/tawsifurrahman/covid19-radiography-database/COVID-19_Radiography_Dataset/Normal/images/Normal-5911.png,Normal,Normal,True,0.31413424015045166,0.187389075756073,False,0.18897324800491333,False
2298,/kaggle/input/datasets/tawsifurrahman/covid19-radiography-database/COVID-19_Radiography_Dataset/Normal/images/Normal-5923.png,Normal,Normal,True,0.221540167927742,0.11956634372472763,False,0.1194547712802887,False
2299,/kaggle/input/datasets/tawsifurrahman/covid19-radiography-database/COVID-19_Radiography_Dataset/Normal/images/Normal-5932.png,Normal,Normal,False,0.27576929330825806,0.16212958097457886,False,0.16349942982196808,False
2300,/kaggle/input/datasets/tawsifurrahman/covid19-radiography-database/COVID-19_Radiography_Dataset/Normal/images/Normal-5937.png,Normal,Normal,True,0.2858737111091614,0.1387273371219635,False,0.1397123634815216,False
2301,/kaggle/input/datasets/tawsifurrahman/covid19-radiography-database/COVID-19_Radiography_Dataset/Normal/images/Normal-5945.png,Normal,Normal,False,0.21117664873600006,0.07446818798780441,False,0.07523483037948608,False
2302,/kaggle/input/datasets/tawsifurrahman/covid19-radiography-database/COVID-19_Radiography_Dataset/Normal/images/Normal-5951.png,Normal,Normal,False,0.3107661008834839,0.1640118658542633,False,0.16541478037834167,False
2303,/kaggle/input/datasets/tawsifurrahman/covid19-radiography-database/COVID-19_Radiography_Dataset/Normal/images/Normal-5956.png,Normal,Normal,True,0.3270089328289032,0.17271441221237183,False,0.1730414628982544,False
2304,/kaggle/input/datasets/tawsifurrahman/covid19-radiography-database/COVID-19_Radiography_Dataset/Normal/images/Normal-596.png,Normal,Normal,False,0.30227598547935486,0.14897844195365906,False,0.14926649630069733,False
2305,/kaggle/input/datasets/tawsifurrahman/covid19-radiography-database/COVID-19_Radiography_Dataset/Normal/images/Normal-5967.png,Normal,Normal,False,0.2404536008834839,0.11939460039138794,False,0.12004366517066956,False
2306,/kaggle/input/datasets/tawsifurrahman/covid19-radiography-database/COVID-19_Radiography_Dataset/Normal/images/Normal-5972.png,Normal,Normal,False,0.18592554330825806,0.10146886110305786,False,0.10113444924354553,False
2307,/kaggle/input/datasets/tawsifurrahman/covid19-radiography-database/COVID-19_Radiography_Dataset/Normal/images/Normal-5983.png,Normal,Normal,False,0.3185586631298065,0.18342989683151245,False,0.18443623185157776,False
2308,/kaggle/input/datasets/tawsifurrahman/covid19-radiography-database/COVID-19_Radiography_Dataset/Normal/images/Normal-5986.png,Normal,Normal,True,0.19826211035251617,0.05812516435980797,False,0.058594200760126114,False
2309,/kaggle/input/datasets/tawsifurrahman/covid19-radiography-database/COVID-19_Radiography_Dataset/Normal/images/Normal-5990.png,Normal,Normal,False,0.36812418699264526,0.2661522626876831,False,0.27041730284690857,False
2310,/kaggle/input/datasets/tawsifurrahman/covid19-radiography-database/COVID-19_Radiography_Dataset/Normal/images/Normal-5992.png,Normal,Normal,False,0.27523118257522583,0.09117565304040909,False,0.09169331192970276,False
2311,/kaggle/input/datasets/tawsifurrahman/covid19-radiography-database/COVID-19_Radiography_Dataset/Normal/images/Normal-5999.png,Normal,Normal,False,0.3305763602256775,0.20914290845394135,False,0.21094651520252228,False
2312,/kaggle/input/datasets/tawsifurrahman/covid19-radiography-database/COVID-19_Radiography_Dataset/Normal/images/Normal-600.png,Normal,Normal,False,0.21063855290412903,0.12752175331115723,False,0.12733228504657745,False
2313,/kaggle/input/datasets/tawsifurrahman/covid19-radiography-database/COVID-19_Radiography_Dataset/Normal/images/Normal-6013.png,Normal,Normal,False,0.3416772782802582,0.18048633635044098,False,0.1820659339427948,False
2314,/kaggle/input/datasets/tawsifurrahman/covid19-radiography-database/COVID-19_Radiography_Dataset/Normal/images/Normal-6015.png,Normal,Normal,False,0.2299107164144516,0.141580268740654,False,0.14149244129657745,False
2315,/kaggle/input/datasets/tawsifurrahman/covid19-radiography-database/COVID-19_Radiography_Dataset/Normal/images/Normal-602.png,Normal,Viral Pneumonia,False,0.2323620766401291,0.10974792391061783,False,0.10972674190998077,False
2316,/kaggle/input/datasets/tawsifurrahman/covid19-radiography-database/COVID-19_Radiography_Dataset/Normal/images/Normal-6024.png,Normal,Normal,False,0.24750876426696777,0.10608232766389847,False,0.10651905834674835,False
2317,/kaggle/input/datasets/tawsifurrahman/covid19-radiography-database/COVID-19_Radiography_Dataset/Normal/images/Normal-6025.png,Normal,Normal,False,0.33492106199264526,0.20498012006282806,False,0.20601019263267517,False
2318,/kaggle/input/datasets/tawsifurrahman/covid19-radiography-database/COVID-19_Radiography_Dataset/Normal/images/Normal-6029.png,Normal,Normal,False,0.18160076439380646,0.08999868482351303,False,0.08978820592164993,False
2319,/kaggle/input/datasets/tawsifurrahman/covid19-radiography-database/COVID-19_Radiography_Dataset/Normal/images/Normal-6036.png,Normal,Normal,True,0.1432756632566452,0.08327803015708923,False,0.08320248872041702,False
2320,/kaggle/input/datasets/tawsifurrahman/covid19-radiography-database/COVID-19_Radiography_Dataset/Normal/images/Normal-6047.png,Normal,Normal,True,0.2672991156578064,0.13828685879707336,False,0.13849623501300812,False
2321,/kaggle/input/datasets/tawsifurrahman/covid19-radiography-database/COVID-19_Radiography_Dataset/Normal/images/Normal-6050.png,Normal,Normal,True,0.23537148535251617,0.10325483232736588,False,0.103844553232193,False
2322,/kaggle/input/datasets/tawsifurrahman/covid19-radiography-database/COVID-19_Radiography_Dataset/Normal/images/Normal-6051.png,Normal,Normal,False,0.3258330523967743,0.16805991530418396,False,0.1688344031572342,False
2323,/kaggle/input/datasets/tawsifurrahman/covid19-radiography-database/COVID-19_Radiography_Dataset/Normal/images/Normal-6057.png,Normal,Normal,False,0.19527263939380646,0.08886031806468964,False,0.09007278084754944,False
2324,/kaggle/input/datasets/tawsifurrahman/covid19-radiography-database/COVID-19_Radiography_Dataset/Normal/images/Normal-6062.png,Normal,Normal,False,0.31616708636283875,0.1776706874370575,False,0.1792987883090973,False
2325,/kaggle/input/datasets/tawsifurrahman/covid19-radiography-database/COVID-19_Radiography_Dataset/Normal/images/Normal-6067.png,Normal,Lung_Opacity,True,0.2821069657802582,0.16528181731700897,False,0.16475531458854675,False
2326,/kaggle/input/datasets/tawsifurrahman/covid19-radiography-database/COVID-19_Radiography_Dataset/Normal/images/Normal-6068.png,Normal,Normal,True,0.3174425959587097,0.13057513535022736,False,0.13140244781970978,False
2327,/kaggle/input/datasets/tawsifurrahman/covid19-radiography-database/COVID-19_Radiography_Dataset/Normal/images/Normal-6072.png,Normal,Normal,False,0.3235211968421936,0.13411682844161987,False,0.13449667394161224,False
2328,/kaggle/input/datasets/tawsifurrahman/covid19-radiography-database/COVID-19_Radiography_Dataset/Normal/images/Normal-6079.png,Normal,Normal,False,0.26253587007522583,0.14544104039669037,False,0.14729967713356018,False
2329,/kaggle/input/datasets/tawsifurrahman/covid19-radiography-database/COVID-19_Radiography_Dataset/Normal/images/Normal-608.png,Normal,Normal,False,0.24182875454425812,0.11276053637266159,False,0.11253449320793152,False
2330,/kaggle/input/datasets/tawsifurrahman/covid19-radiography-database/COVID-19_Radiography_Dataset/Normal/images/Normal-6091.png,Normal,Normal,False,0.23240193724632263,0.09724301099777222,False,0.09868058562278748,False
2331,/kaggle/input/datasets/tawsifurrahman/covid19-radiography-database/COVID-19_Radiography_Dataset/Normal/images/Normal-6093.png,Normal,Normal,True,0.2624760866165161,0.08925459533929825,False,0.08979301899671555,False
2332,/kaggle/input/datasets/tawsifurrahman/covid19-radiography-database/COVID-19_Radiography_Dataset/Normal/images/Normal-6095.png,Normal,Normal,False,0.2603236436843872,0.14804188907146454,False,0.1488463431596756,False
2333,/kaggle/input/datasets/tawsifurrahman/covid19-radiography-database/COVID-19_Radiography_Dataset/Normal/images/Normal-61.png,Normal,Normal,False,0.2642498314380646,0.15458063781261444,False,0.15498286485671997,False
2334,/kaggle/input/datasets/tawsifurrahman/covid19-radiography-database/COVID-19_Radiography_Dataset/Normal/images/Normal-611.png,Normal,Normal,False,0.28408002853393555,0.14781802892684937,False,0.14759957790374756,False
2335,/kaggle/input/datasets/tawsifurrahman/covid19-radiography-database/COVID-19_Radiography_Dataset/Normal/images/Normal-6110.png,Normal,Normal,False,0.39917489886283875,0.25581592321395874,False,0.2566613554954529,False
2336,/kaggle/input/datasets/tawsifurrahman/covid19-radiography-database/COVID-19_Radiography_Dataset/Normal/images/Normal-6113.png,Normal,Normal,False,0.22714045643806458,0.1396329700946808,False,0.1412741243839264,False
2337,/kaggle/input/datasets/tawsifurrahman/covid19-radiography-database/COVID-19_Radiography_Dataset/Normal/images/Normal-6116.png,Normal,Normal,False,0.29787150025367737,0.13991929590702057,False,0.14038267731666565,False
2338,/kaggle/input/datasets/tawsifurrahman/covid19-radiography-database/COVID-19_Radiography_Dataset/Normal/images/Normal-6117.png,Normal,Normal,False,0.20910395681858063,0.09773768484592438,False,0.09796937555074692,False
2339,/kaggle/input/datasets/tawsifurrahman/covid19-radiography-database/COVID-19_Radiography_Dataset/Normal/images/Normal-6131.png,Normal,Normal,True,0.24844546616077423,0.13666725158691406,False,0.13756640255451202,False
2340,/kaggle/input/datasets/tawsifurrahman/covid19-radiography-database/COVID-19_Radiography_Dataset/Normal/images/Normal-6132.png,Normal,Normal,True,0.21450494229793549,0.13259977102279663,False,0.13249528408050537,False
2341,/kaggle/input/datasets/tawsifurrahman/covid19-radiography-database/COVID-19_Radiography_Dataset/Normal/images/Normal-6134.png,Normal,Normal,True,0.2923309803009033,0.13086889684200287,False,0.1313287764787674,False
2342,/kaggle/input/datasets/tawsifurrahman/covid19-radiography-database/COVID-19_Radiography_Dataset/Normal/images/Normal-6136.png,Normal,Normal,False,0.27716436982154846,0.1182885617017746,False,0.11884184926748276,False
2343,/kaggle/input/datasets/tawsifurrahman/covid19-radiography-database/COVID-19_Radiography_Dataset/Normal/images/Normal-6145.png,Normal,Normal,False,0.32615193724632263,0.2109788954257965,False,0.21148890256881714,False
2344,/kaggle/input/datasets/tawsifurrahman/covid19-radiography-database/COVID-19_Radiography_Dataset/Normal/images/Normal-6148.png,Normal,Normal,False,0.33888712525367737,0.15624549984931946,False,0.15752558410167694,False
2345,/kaggle/input/datasets/tawsifurrahman/covid19-radiography-database/COVID-19_Radiography_Dataset/Normal/images/Normal-6163.png,Normal,Normal,False,0.3042091727256775,0.16887672245502472,False,0.1696915626525879,False
2346,/kaggle/input/datasets/tawsifurrahman/covid19-radiography-database/COVID-19_Radiography_Dataset/Normal/images/Normal-6167.png,Normal,Normal,False,0.28826528787612915,0.1387135535478592,False,0.14005370438098907,False
2347,/kaggle/input/datasets/tawsifurrahman/covid19-radiography-database/COVID-19_Radiography_Dataset/Normal/images/Normal-6168.png,Normal,Normal,False,0.33896681666374207,0.21110522747039795,False,0.21201273798942566,False
2348,/kaggle/input/datasets/tawsifurrahman/covid19-radiography-database/COVID-19_Radiography_Dataset/Normal/images/Normal-617.png,Normal,Normal,False,0.2112962305545807,0.11692643165588379,False,0.11712975054979324,False
2349,/kaggle/input/datasets/tawsifurrahman/covid19-radiography-database/COVID-19_Radiography_Dataset/Normal/images/Normal-6175.png,Normal,Normal,False,0.29697462916374207,0.1220661923289299,False,0.12307363748550415,False
2350,/kaggle/input/datasets/tawsifurrahman/covid19-radiography-database/COVID-19_Radiography_Dataset/Normal/images/Normal-6185.png,Normal,Normal,False,0.24613361060619354,0.14642000198364258,False,0.14835156500339508,False
2351,/kaggle/input/datasets/tawsifurrahman/covid19-radiography-database/COVID-19_Radiography_Dataset/Normal/images/Normal-6187.png,Normal,Normal,True,0.2403738796710968,0.13439825177192688,False,0.13477255403995514,False
2352,/kaggle/input/datasets/tawsifurrahman/covid19-radiography-database/COVID-19_Radiography_Dataset/Normal/images/Normal-6193.png,Normal,Normal,False,0.32336175441741943,0.15396039187908173,False,0.15349020063877106,False
2353,/kaggle/input/datasets/tawsifurrahman/covid19-radiography-database/COVID-19_Radiography_Dataset/Normal/images/Normal-6196.png,Normal,Normal,True,0.2614397406578064,0.14757579565048218,False,0.14703483879566193,False
2354,/kaggle/input/datasets/tawsifurrahman/covid19-radiography-database/COVID-19_Radiography_Dataset/Normal/images/Normal-620.png,Normal,Normal,False,0.2053571343421936,0.10323368012905121,False,0.10300929844379425,False
2355,/kaggle/input/datasets/tawsifurrahman/covid19-radiography-database/COVID-19_Radiography_Dataset/Normal/images/Normal-6200.png,Normal,Normal,True,0.2616589665412903,0.12914451956748962,False,0.1307312548160553,False
2356,/kaggle/input/datasets/tawsifurrahman/covid19-radiography-database/COVID-19_Radiography_Dataset/Normal/images/Normal-6203.png,Normal,Normal,False,0.25735411047935486,0.12439680099487305,False,0.1258283406496048,False
2357,/kaggle/input/datasets/tawsifurrahman/covid19-radiography-database/COVID-19_Radiography_Dataset/Normal/images/Normal-6204.png,Normal,Normal,False,0.16491948068141937,0.09012465924024582,False,0.0909918025135994,False
2358,/kaggle/input/datasets/tawsifurrahman/covid19-radiography-database/COVID-19_Radiography_Dataset/Normal/images/Normal-6214.png,Normal,Normal,True,0.28388074040412903,0.12425457686185837,False,0.12493103742599487,False
2359,/kaggle/input/datasets/tawsifurrahman/covid19-radiography-database/COVID-19_Radiography_Dataset/Normal/images/Normal-6225.png,Normal,Normal,False,0.36463648080825806,0.2496759444475174,False,0.25016602873802185,False
2360,/kaggle/input/datasets/tawsifurrahman/covid19-radiography-database/COVID-19_Radiography_Dataset/Normal/images/Normal-623.png,Normal,Normal,False,0.19734534621238708,0.10933703184127808,False,0.1099514588713646,False
2361,/kaggle/input/datasets/tawsifurrahman/covid19-radiography-database/COVID-19_Radiography_Dataset/Normal/images/Normal-6234.png,Normal,Normal,False,0.29516103863716125,0.14969997107982635,False,0.1506899744272232,False
2362,/kaggle/input/datasets/tawsifurrahman/covid19-radiography-database/COVID-19_Radiography_Dataset/Normal/images/Normal-6244.png,Normal,Normal,False,0.3148716390132904,0.17371052503585815,False,0.17424646019935608,False
2363,/kaggle/input/datasets/tawsifurrahman/covid19-radiography-database/COVID-19_Radiography_Dataset/Normal/images/Normal-6248.png,Normal,Normal,False,0.25667649507522583,0.1386883407831192,False,0.13898079097270966,False
2364,/kaggle/input/datasets/tawsifurrahman/covid19-radiography-database/COVID-19_Radiography_Dataset/Normal/images/Normal-6249.png,Normal,Normal,False,0.3100486099720001,0.14206117391586304,False,0.14301232993602753,False
2365,/kaggle/input/datasets/tawsifurrahman/covid19-radiography-database/COVID-19_Radiography_Dataset/Normal/images/Normal-6255.png,Normal,Normal,False,0.19634884595870972,0.10737520456314087,False,0.10785870999097824,False
2366,/kaggle/input/datasets/tawsifurrahman/covid19-radiography-database/COVID-19_Radiography_Dataset/Normal/images/Normal-6256.png,Normal,Normal,True,0.3990752398967743,0.2160416841506958,False,0.21732957661151886,False
2367,/kaggle/input/datasets/tawsifurrahman/covid19-radiography-database/COVID-19_Radiography_Dataset/Normal/images/Normal-6259.png,Normal,Normal,False,0.33107462525367737,0.22522473335266113,False,0.225846067070961,False
2368,/kaggle/input/datasets/tawsifurrahman/covid19-radiography-database/COVID-19_Radiography_Dataset/Normal/images/Normal-6263.png,Normal,Normal,True,0.22564572095870972,0.11892495304346085,False,0.11949688196182251,False
2369,/kaggle/input/datasets/tawsifurrahman/covid19-radiography-database/COVID-19_Radiography_Dataset/Normal/images/Normal-6264.png,Normal,Normal,False,0.2444993555545807,0.1295197755098343,False,0.12986662983894348,False
2370,/kaggle/input/datasets/tawsifurrahman/covid19-radiography-database/COVID-19_Radiography_Dataset/Normal/images/Normal-6265.png,Normal,Normal,False,0.25994497537612915,0.14224600791931152,False,0.1421675831079483,False
2371,/kaggle/input/datasets/tawsifurrahman/covid19-radiography-database/COVID-19_Radiography_Dataset/Normal/images/Normal-6269.png,Normal,Lung_Opacity,False,0.2821069657802582,0.10485793650150299,False,0.10553848743438721,False
2372,/kaggle/input/datasets/tawsifurrahman/covid19-radiography-database/COVID-19_Radiography_Dataset/Normal/images/Normal-6270.png,Normal,Normal,False,0.2622967064380646,0.1545955091714859,False,0.15471120178699493,False
2373,/kaggle/input/datasets/tawsifurrahman/covid19-radiography-database/COVID-19_Radiography_Dataset/Normal/images/Normal-628.png,Normal,Normal,False,0.2698899805545807,0.14801260828971863,False,0.14845262467861176,False
2374,/kaggle/input/datasets/tawsifurrahman/covid19-radiography-database/COVID-19_Radiography_Dataset/Normal/images/Normal-6295.png,Normal,Normal,False,0.2987683415412903,0.12888944149017334,False,0.13018427789211273,False
2375,/kaggle/input/datasets/tawsifurrahman/covid19-radiography-database/COVID-19_Radiography_Dataset/Normal/images/Normal-63.png,Normal,Normal,False,0.18441087007522583,0.07620754092931747,False,0.07582901418209076,False
2376,/kaggle/input/datasets/tawsifurrahman/covid19-radiography-database/COVID-19_Radiography_Dataset/Normal/images/Normal-6311.png,Normal,Normal,False,0.37448182702064514,0.20489710569381714,False,0.2058606594800949,False
2377,/kaggle/input/datasets/tawsifurrahman/covid19-radiography-database/COVID-19_Radiography_Dataset/Normal/images/Normal-6316.png,Normal,Normal,False,0.2583107352256775,0.11222019791603088,False,0.11274934560060501,False
2378,/kaggle/input/datasets/tawsifurrahman/covid19-radiography-database/COVID-19_Radiography_Dataset/Normal/images/Normal-6318.png,Normal,Normal,False,0.2592872977256775,0.13115651905536652,False,0.13196006417274475,False
2379,/kaggle/input/datasets/tawsifurrahman/covid19-radiography-database/COVID-19_Radiography_Dataset/Normal/images/Normal-6323.png,Normal,Normal,False,0.27258050441741943,0.14258840680122375,False,0.14403684437274933,False
2380,/kaggle/input/datasets/tawsifurrahman/covid19-radiography-database/COVID-19_Radiography_Dataset/Normal/images/Normal-634.png,Normal,Normal,False,0.13639986515045166,0.06997879594564438,False,0.06983087956905365,False
2381,/kaggle/input/datasets/tawsifurrahman/covid19-radiography-database/COVID-19_Radiography_Dataset/Normal/images/Normal-6341.png,Normal,Normal,True,0.08695392310619354,0.045527130365371704,False,0.048076286911964417,False
2382,/kaggle/input/datasets/tawsifurrahman/covid19-radiography-database/COVID-19_Radiography_Dataset/Normal/images/Normal-6343.png,Normal,Normal,False,0.24890385568141937,0.13983795046806335,False,0.14035572111606598,False
2383,/kaggle/input/datasets/tawsifurrahman/covid19-radiography-database/COVID-19_Radiography_Dataset/Normal/images/Normal-6355.png,Normal,Normal,False,0.29649633169174194,0.14206016063690186,False,0.14311248064041138,False
2384,/kaggle/input/datasets/tawsifurrahman/covid19-radiography-database/COVID-19_Radiography_Dataset/Normal/images/Normal-6366.png,Normal,Normal,False,0.21484375,0.10360848158597946,False,0.10567359626293182,False
2385,/kaggle/input/datasets/tawsifurrahman/covid19-radiography-database/COVID-19_Radiography_Dataset/Normal/images/Normal-6367.png,Normal,Normal,False,0.22480866312980652,0.13283361494541168,False,0.1327386349439621,False
2386,/kaggle/input/datasets/tawsifurrahman/covid19-radiography-database/COVID-19_Radiography_Dataset/Normal/images/Normal-6368.png,Normal,Normal,False,0.16577646136283875,0.05970418080687523,False,0.05958348512649536,False
2387,/kaggle/input/datasets/tawsifurrahman/covid19-radiography-database/COVID-19_Radiography_Dataset/Normal/images/Normal-6369.png,Normal,Normal,True,0.2700095474720001,0.12171623855829239,False,0.12501205503940582,False
2388,/kaggle/input/datasets/tawsifurrahman/covid19-radiography-database/COVID-19_Radiography_Dataset/Normal/images/Normal-6372.png,Normal,Normal,False,0.26231664419174194,0.13250531256198883,False,0.1337449550628662,False
2389,/kaggle/input/datasets/tawsifurrahman/covid19-radiography-database/COVID-19_Radiography_Dataset/Normal/images/Normal-6378.png,Normal,Normal,False,0.3081951439380646,0.17975012958049774,False,0.18094660341739655,False
2390,/kaggle/input/datasets/tawsifurrahman/covid19-radiography-database/COVID-19_Radiography_Dataset/Normal/images/Normal-6379.png,Normal,Normal,False,0.15230388939380646,0.05027821660041809,False,0.05084127187728882,False
2391,/kaggle/input/datasets/tawsifurrahman/covid19-radiography-database/COVID-19_Radiography_Dataset/Normal/images/Normal-6380.png,Normal,Normal,False,0.22100207209587097,0.13420628011226654,False,0.1354760229587555,False
2392,/kaggle/input/datasets/tawsifurrahman/covid19-radiography-database/COVID-19_Radiography_Dataset/Normal/images/Normal-6384.png,Normal,Normal,False,0.2933075428009033,0.13993431627750397,False,0.14193095266819,False
2393,/kaggle/input/datasets/tawsifurrahman/covid19-radiography-database/COVID-19_Radiography_Dataset/Normal/images/Normal-6394.png,Normal,Normal,False,0.2930285334587097,0.1584249585866928,False,0.16010668873786926,False
2394,/kaggle/input/datasets/tawsifurrahman/covid19-radiography-database/COVID-19_Radiography_Dataset/Normal/images/Normal-6395.png,Normal,Normal,True,0.22291533648967743,0.11972903460264206,False,0.12110445648431778,False
2395,/kaggle/input/datasets/tawsifurrahman/covid19-radiography-database/COVID-19_Radiography_Dataset/Normal/images/Normal-640.png,Normal,Normal,False,0.18445073068141937,0.08839583396911621,False,0.088218554854393,False
2396,/kaggle/input/datasets/tawsifurrahman/covid19-radiography-database/COVID-19_Radiography_Dataset/Normal/images/Normal-6409.png,Normal,Normal,False,0.23830117285251617,0.07942388206720352,False,0.0798749253153801,False
2397,/kaggle/input/datasets/tawsifurrahman/covid19-radiography-database/COVID-19_Radiography_Dataset/Normal/images/Normal-6411.png,Normal,Normal,True,0.3733258843421936,0.19082292914390564,False,0.19166454672813416,False
2398,/kaggle/input/datasets/tawsifurrahman/covid19-radiography-database/COVID-19_Radiography_Dataset/Normal/images/Normal-6412.png,Normal,Normal,False,0.2794961631298065,0.11350677162408829,False,0.11440373212099075,False
2399,/kaggle/input/datasets/tawsifurrahman/covid19-radiography-database/COVID-19_Radiography_Dataset/Normal/images/Normal-6433.png,Normal,Normal,False,0.2660236060619354,0.11715629696846008,False,0.11768356710672379,False
2400,/kaggle/input/datasets/tawsifurrahman/covid19-radiography-database/COVID-19_Radiography_Dataset/Normal/images/Normal-645.png,Normal,Normal,False,0.1750836968421936,0.10022986680269241,False,0.10055425763130188,False
2401,/kaggle/input/datasets/tawsifurrahman/covid19-radiography-database/COVID-19_Radiography_Dataset/Normal/images/Normal-6450.png,Normal,Normal,False,0.2962372303009033,0.1994757503271103,False,0.1989525854587555,False
2402,/kaggle/input/datasets/tawsifurrahman/covid19-radiography-database/COVID-19_Radiography_Dataset/Normal/images/Normal-6455.png,Normal,Normal,False,0.2738361060619354,0.16080410778522491,False,0.15954236686229706,False
2403,/kaggle/input/datasets/tawsifurrahman/covid19-radiography-database/COVID-19_Radiography_Dataset/Normal/images/Normal-6462.png,Normal,Normal,False,0.20569594204425812,0.11688966304063797,False,0.11784404516220093,False
2404,/kaggle/input/datasets/tawsifurrahman/covid19-radiography-database/COVID-19_Radiography_Dataset/Normal/images/Normal-6463.png,Normal,Normal,True,0.3175223171710968,0.17859438061714172,False,0.18125295639038086,False
2405,/kaggle/input/datasets/tawsifurrahman/covid19-radiography-database/COVID-19_Radiography_Dataset/Normal/images/Normal-6472.png,Normal,Normal,True,0.26787707209587097,0.1070350855588913,False,0.10758257657289505,False
2406,/kaggle/input/datasets/tawsifurrahman/covid19-radiography-database/COVID-19_Radiography_Dataset/Normal/images/Normal-6475.png,Normal,Normal,False,0.2869698703289032,0.10966136306524277,False,0.10967058688402176,False
2407,/kaggle/input/datasets/tawsifurrahman/covid19-radiography-database/COVID-19_Radiography_Dataset/Normal/images/Normal-6480.png,Normal,Normal,False,0.25910794734954834,0.14028316736221313,False,0.14071105420589447,False
2408,/kaggle/input/datasets/tawsifurrahman/covid19-radiography-database/COVID-19_Radiography_Dataset/Normal/images/Normal-6484.png,Normal,Normal,False,0.22520726919174194,0.1549873799085617,False,0.1567029058933258,False
2409,/kaggle/input/datasets/tawsifurrahman/covid19-radiography-database/COVID-19_Radiography_Dataset/Normal/images/Normal-649.png,Normal,Normal,False,0.19290098547935486,0.09491851180791855,False,0.0949966087937355,False
2410,/kaggle/input/datasets/tawsifurrahman/covid19-radiography-database/COVID-19_Radiography_Dataset/Normal/images/Normal-6495.png,Normal,Normal,True,0.3205317258834839,0.1542235016822815,False,0.1541551947593689,False
2411,/kaggle/input/datasets/tawsifurrahman/covid19-radiography-database/COVID-19_Radiography_Dataset/Normal/images/Normal-650.png,Normal,Normal,False,0.14184071123600006,0.09022040665149689,False,0.0899663120508194,False
2412,/kaggle/input/datasets/tawsifurrahman/covid19-radiography-database/COVID-19_Radiography_Dataset/Normal/images/Normal-6504.png,Normal,Normal,False,0.27718430757522583,0.16283372044563293,False,0.16431890428066254,False
2413,/kaggle/input/datasets/tawsifurrahman/covid19-radiography-database/COVID-19_Radiography_Dataset/Normal/images/Normal-6529.png,Normal,Normal,False,0.3631616532802582,0.2676146626472473,False,0.27001509070396423,False
2414,/kaggle/input/datasets/tawsifurrahman/covid19-radiography-database/COVID-19_Radiography_Dataset/Normal/images/Normal-6534.png,Normal,Normal,False,0.2590680718421936,0.11351529508829117,False,0.1142444908618927,False
2415,/kaggle/input/datasets/tawsifurrahman/covid19-radiography-database/COVID-19_Radiography_Dataset/Normal/images/Normal-6535.png,Normal,Normal,False,0.23704560101032257,0.12239348143339157,False,0.12295342236757278,False
2416,/kaggle/input/datasets/tawsifurrahman/covid19-radiography-database/COVID-19_Radiography_Dataset/Normal/images/Normal-6541.png,Normal,Normal,False,0.3394052982330322,0.24624450504779816,False,0.24606171250343323,False
2417,/kaggle/input/datasets/tawsifurrahman/covid19-radiography-database/COVID-19_Radiography_Dataset/Normal/images/Normal-6549.png,Normal,Normal,False,0.3933553695678711,0.26321887969970703,False,0.2628715932369232,False
2418,/kaggle/input/datasets/tawsifurrahman/covid19-radiography-database/COVID-19_Radiography_Dataset/Normal/images/Normal-6550.png,Normal,Normal,False,0.2714046537876129,0.17946282029151917,False,0.1805075705051422,False
2419,/kaggle/input/datasets/tawsifurrahman/covid19-radiography-database/COVID-19_Radiography_Dataset/Normal/images/Normal-6567.png,Normal,Normal,False,0.23495295643806458,0.13567392528057098,False,0.13702736794948578,False
2420,/kaggle/input/datasets/tawsifurrahman/covid19-radiography-database/COVID-19_Radiography_Dataset/Normal/images/Normal-658.png,Normal,Normal,False,0.3100685477256775,0.16066837310791016,False,0.16001006960868835,False
2421,/kaggle/input/datasets/tawsifurrahman/covid19-radiography-database/COVID-19_Radiography_Dataset/Normal/images/Normal-6581.png,Normal,Normal,False,0.30333226919174194,0.14078651368618011,False,0.1412200927734375,False
2422,/kaggle/input/datasets/tawsifurrahman/covid19-radiography-database/COVID-19_Radiography_Dataset/Normal/images/Normal-6584.png,Normal,Normal,True,0.27800142765045166,0.18276341259479523,False,0.18256136775016785,False
2423,/kaggle/input/datasets/tawsifurrahman/covid19-radiography-database/COVID-19_Radiography_Dataset/Normal/images/Normal-6589.png,Normal,Normal,False,0.29007890820503235,0.15336348116397858,False,0.1565501093864441,False
2424,/kaggle/input/datasets/tawsifurrahman/covid19-radiography-database/COVID-19_Radiography_Dataset/Normal/images/Normal-6591.png,Normal,Normal,True,0.26592394709587097,0.18165108561515808,False,0.18288938701152802,False
2425,/kaggle/input/datasets/tawsifurrahman/covid19-radiography-database/COVID-19_Radiography_Dataset/Normal/images/Normal-6596.png,Normal,Normal,False,0.22672192752361298,0.17495329678058624,False,0.17441922426223755,False
2426,/kaggle/input/datasets/tawsifurrahman/covid19-radiography-database/COVID-19_Radiography_Dataset/Normal/images/Normal-6608.png,Normal,Normal,False,0.2622967064380646,0.15308435261249542,False,0.15458935499191284,False
2427,/kaggle/input/datasets/tawsifurrahman/covid19-radiography-database/COVID-19_Radiography_Dataset/Normal/images/Normal-6611.png,Normal,Normal,False,0.3384486436843872,0.14825743436813354,False,0.1492546796798706,False
2428,/kaggle/input/datasets/tawsifurrahman/covid19-radiography-database/COVID-19_Radiography_Dataset/Normal/images/Normal-6613.png,Normal,Normal,False,0.2743542790412903,0.15028440952301025,False,0.15093344449996948,False
2429,/kaggle/input/datasets/tawsifurrahman/covid19-radiography-database/COVID-19_Radiography_Dataset/Normal/images/Normal-6619.png,Normal,Normal,False,0.1734095960855484,0.09512653946876526,False,0.0951046571135521,False
2430,/kaggle/input/datasets/tawsifurrahman/covid19-radiography-database/COVID-19_Radiography_Dataset/Normal/images/Normal-6627.png,Normal,Normal,True,0.2878268361091614,0.17225155234336853,False,0.17239202558994293,False
2431,/kaggle/input/datasets/tawsifurrahman/covid19-radiography-database/COVID-19_Radiography_Dataset/Normal/images/Normal-663.png,Normal,Normal,False,0.26867425441741943,0.1714935451745987,False,0.17175771296024323,False
2432,/kaggle/input/datasets/tawsifurrahman/covid19-radiography-database/COVID-19_Radiography_Dataset/Normal/images/Normal-6630.png,Normal,Normal,False,0.2574138939380646,0.1239495500922203,False,0.12463618814945221,False
2433,/kaggle/input/datasets/tawsifurrahman/covid19-radiography-database/COVID-19_Radiography_Dataset/Normal/images/Normal-6632.png,Normal,Normal,False,0.19830197095870972,0.09084463864564896,False,0.09117653965950012,False
2434,/kaggle/input/datasets/tawsifurrahman/covid19-radiography-database/COVID-19_Radiography_Dataset/Normal/images/Normal-6634.png,Normal,Normal,False,0.26462849974632263,0.13185951113700867,False,0.13259227573871613,False
2435,/kaggle/input/datasets/tawsifurrahman/covid19-radiography-database/COVID-19_Radiography_Dataset/Normal/images/Normal-6637.png,Normal,Normal,False,0.3461415767669678,0.19569940865039825,False,0.1969171166419983,False
2436,/kaggle/input/datasets/tawsifurrahman/covid19-radiography-database/COVID-19_Radiography_Dataset/Normal/images/Normal-6640.png,Normal,Normal,False,0.2830835282802582,0.12806333601474762,False,0.1293778121471405,False
2437,/kaggle/input/datasets/tawsifurrahman/covid19-radiography-database/COVID-19_Radiography_Dataset/Normal/images/Normal-6653.png,Normal,Normal,False,0.24158960580825806,0.1471995860338211,False,0.14690788090229034,False
2438,/kaggle/input/datasets/tawsifurrahman/covid19-radiography-database/COVID-19_Radiography_Dataset/Normal/images/Normal-6662.png,Normal,Normal,False,0.33207109570503235,0.14844369888305664,False,0.14903844892978668,False
2439,/kaggle/input/datasets/tawsifurrahman/covid19-radiography-database/COVID-19_Radiography_Dataset/Normal/images/Normal-6680.png,Normal,COVID,True,0.16948340833187103,0.04795759916305542,False,0.04833044111728668,False
2440,/kaggle/input/datasets/tawsifurrahman/covid19-radiography-database/COVID-19_Radiography_Dataset/Normal/images/Normal-6682.png,Normal,Normal,False,0.28380101919174194,0.12650732696056366,False,0.12813888490200043,False
2441,/kaggle/input/datasets/tawsifurrahman/covid19-radiography-database/COVID-19_Radiography_Dataset/Normal/images/Normal-6688.png,Normal,Normal,False,0.18399234116077423,0.11137378960847855,False,0.11300282925367355,False
2442,/kaggle/input/datasets/tawsifurrahman/covid19-radiography-database/COVID-19_Radiography_Dataset/Normal/images/Normal-6689.png,Normal,COVID,False,0.32991868257522583,0.19872581958770752,False,0.19860756397247314,False
2443,/kaggle/input/datasets/tawsifurrahman/covid19-radiography-database/COVID-19_Radiography_Dataset/Normal/images/Normal-6696.png,Normal,Normal,True,0.19393733143806458,0.11183709651231766,False,0.11224304884672165,False
2444,/kaggle/input/datasets/tawsifurrahman/covid19-radiography-database/COVID-19_Radiography_Dataset/Normal/images/Normal-6703.png,Normal,Normal,True,0.23056839406490326,0.09919573366641998,False,0.10030397772789001,False
2445,/kaggle/input/datasets/tawsifurrahman/covid19-radiography-database/COVID-19_Radiography_Dataset/Normal/images/Normal-671.png,Normal,Normal,True,0.15278220176696777,0.07189346104860306,False,0.07174527645111084,False
2446,/kaggle/input/datasets/tawsifurrahman/covid19-radiography-database/COVID-19_Radiography_Dataset/Normal/images/Normal-6720.png,Normal,Normal,True,0.30283400416374207,0.16482023894786835,False,0.1662193387746811,False
2447,/kaggle/input/datasets/tawsifurrahman/covid19-radiography-database/COVID-19_Radiography_Dataset/Normal/images/Normal-673.png,Normal,Normal,False,0.14855708181858063,0.07612555474042892,False,0.07628520578145981,False
2448,/kaggle/input/datasets/tawsifurrahman/covid19-radiography-database/COVID-19_Radiography_Dataset/Normal/images/Normal-6743.png,Normal,Normal,False,0.2352917641401291,0.08304577320814133,False,0.08353791385889053,False
2449,/kaggle/input/datasets/tawsifurrahman/covid19-radiography-database/COVID-19_Radiography_Dataset/Normal/images/Normal-6745.png,Normal,Normal,False,0.3520607352256775,0.1974804550409317,False,0.2001211941242218,False
2450,/kaggle/input/datasets/tawsifurrahman/covid19-radiography-database/COVID-19_Radiography_Dataset/Normal/images/Normal-6746.png,Normal,Normal,False,0.25685587525367737,0.13470116257667542,False,0.13490477204322815,False
2451,/kaggle/input/datasets/tawsifurrahman/covid19-radiography-database/COVID-19_Radiography_Dataset/Normal/images/Normal-6747.png,Normal,Normal,False,0.3225446343421936,0.26917222142219543,False,0.27020999789237976,False
2452,/kaggle/input/datasets/tawsifurrahman/covid19-radiography-database/COVID-19_Radiography_Dataset/Normal/images/Normal-6760.png,Normal,Normal,False,0.26181837916374207,0.1610437035560608,False,0.16187798976898193,False
2453,/kaggle/input/datasets/tawsifurrahman/covid19-radiography-database/COVID-19_Radiography_Dataset/Normal/images/Normal-6761.png,Normal,Normal,False,0.32391980290412903,0.18146838247776031,False,0.18114721775054932,False
2454,/kaggle/input/datasets/tawsifurrahman/covid19-radiography-database/COVID-19_Radiography_Dataset/Normal/images/Normal-6775.png,Normal,Normal,True,0.23313935101032257,0.19012004137039185,False,0.19162319600582123,False
2455,/kaggle/input/datasets/tawsifurrahman/covid19-radiography-database/COVID-19_Radiography_Dataset/Normal/images/Normal-678.png,Normal,Normal,True,0.20517776906490326,0.12139702588319778,False,0.12113368511199951,False
2456,/kaggle/input/datasets/tawsifurrahman/covid19-radiography-database/COVID-19_Radiography_Dataset/Normal/images/Normal-6780.png,Normal,Normal,False,0.24691087007522583,0.15055391192436218,False,0.1513999104499817,False
2457,/kaggle/input/datasets/tawsifurrahman/covid19-radiography-database/COVID-19_Radiography_Dataset/Normal/images/Normal-6782.png,Normal,Normal,False,0.2946428656578064,0.14237485826015472,False,0.14281918108463287,False
2458,/kaggle/input/datasets/tawsifurrahman/covid19-radiography-database/COVID-19_Radiography_Dataset/Normal/images/Normal-6798.png,Normal,Normal,False,0.2629743218421936,0.14962831139564514,False,0.14982321858406067,False
2459,/kaggle/input/datasets/tawsifurrahman/covid19-radiography-database/COVID-19_Radiography_Dataset/Normal/images/Normal-6800.png,Normal,Normal,True,0.25799185037612915,0.13841907680034637,False,0.1391027420759201,False
2460,/kaggle/input/datasets/tawsifurrahman/covid19-radiography-database/COVID-19_Radiography_Dataset/Normal/images/Normal-6807.png,Normal,Normal,False,0.2263432741165161,0.10434431582689285,False,0.10359589755535126,False
2461,/kaggle/input/datasets/tawsifurrahman/covid19-radiography-database/COVID-19_Radiography_Dataset/Normal/images/Normal-6815.png,Normal,Normal,True,0.2655452787876129,0.14053598046302795,False,0.14004141092300415,False
2462,/kaggle/input/datasets/tawsifurrahman/covid19-radiography-database/COVID-19_Radiography_Dataset/Normal/images/Normal-6816.png,Normal,Normal,True,0.24477837979793549,0.12187042087316513,False,0.12113002687692642,False
2463,/kaggle/input/datasets/tawsifurrahman/covid19-radiography-database/COVID-19_Radiography_Dataset/Normal/images/Normal-6818.png,Normal,Normal,True,0.24306440353393555,0.13310976326465607,False,0.13479554653167725,False
2464,/kaggle/input/datasets/tawsifurrahman/covid19-radiography-database/COVID-19_Radiography_Dataset/Normal/images/Normal-6831.png,Normal,Normal,True,0.23565050959587097,0.14737406373023987,False,0.14761315286159515,False
2465,/kaggle/input/datasets/tawsifurrahman/covid19-radiography-database/COVID-19_Radiography_Dataset/Normal/images/Normal-6832.png,Normal,Normal,False,0.30751752853393555,0.13785897195339203,False,0.1384064257144928,False
2466,/kaggle/input/datasets/tawsifurrahman/covid19-radiography-database/COVID-19_Radiography_Dataset/Normal/images/Normal-6834.png,Normal,Normal,False,0.3274274468421936,0.2009432166814804,False,0.20279930531978607,False
2467,/kaggle/input/datasets/tawsifurrahman/covid19-radiography-database/COVID-19_Radiography_Dataset/Normal/images/Normal-6838.png,Normal,Normal,True,0.3446667790412903,0.19248178601264954,False,0.19148167967796326,False
2468,/kaggle/input/datasets/tawsifurrahman/covid19-radiography-database/COVID-19_Radiography_Dataset/Normal/images/Normal-6840.png,Normal,Normal,False,0.2796556055545807,0.17222248017787933,False,0.17455501854419708,False
2469,/kaggle/input/datasets/tawsifurrahman/covid19-radiography-database/COVID-19_Radiography_Dataset/Normal/images/Normal-6841.png,Normal,Normal,False,0.2914939224720001,0.1554950326681137,False,0.1559532731771469,False
2470,/kaggle/input/datasets/tawsifurrahman/covid19-radiography-database/COVID-19_Radiography_Dataset/Normal/images/Normal-6846.png,Normal,Normal,True,0.1603754758834839,0.07967937737703323,False,0.08050385862588882,False
2471,/kaggle/input/datasets/tawsifurrahman/covid19-radiography-database/COVID-19_Radiography_Dataset/Normal/images/Normal-686.png,Normal,Normal,False,0.317103773355484,0.18555407226085663,False,0.18548591434955597,False
2472,/kaggle/input/datasets/tawsifurrahman/covid19-radiography-database/COVID-19_Radiography_Dataset/Normal/images/Normal-6866.png,Normal,Normal,True,0.23828125,0.12271131575107574,False,0.12309081107378006,False
2473,/kaggle/input/datasets/tawsifurrahman/covid19-radiography-database/COVID-19_Radiography_Dataset/Normal/images/Normal-6872.png,Normal,Normal,False,0.2513751685619354,0.1991192102432251,False,0.1995779424905777,False
2474,/kaggle/input/datasets/tawsifurrahman/covid19-radiography-database/COVID-19_Radiography_Dataset/Normal/images/Normal-6884.png,Normal,Normal,False,0.2170161008834839,0.1071128100156784,False,0.10706592351198196,False
2475,/kaggle/input/datasets/tawsifurrahman/covid19-radiography-database/COVID-19_Radiography_Dataset/Normal/images/Normal-6892.png,Normal,Normal,False,0.3335857689380646,0.2040649652481079,False,0.2050665318965912,False
2476,/kaggle/input/datasets/tawsifurrahman/covid19-radiography-database/COVID-19_Radiography_Dataset/Normal/images/Normal-6894.png,Normal,Normal,True,0.2876076102256775,0.17126668989658356,False,0.17265884578227997,False
2477,/kaggle/input/datasets/tawsifurrahman/covid19-radiography-database/COVID-19_Radiography_Dataset/Normal/images/Normal-6896.png,Normal,Normal,False,0.2544044852256775,0.09102198481559753,False,0.09206105768680573,False
2478,/kaggle/input/datasets/tawsifurrahman/covid19-radiography-database/COVID-19_Radiography_Dataset/Normal/images/Normal-6899.png,Normal,Normal,True,0.27040815353393555,0.152582585811615,False,0.15285445749759674,False
2479,/kaggle/input/datasets/tawsifurrahman/covid19-radiography-database/COVID-19_Radiography_Dataset/Normal/images/Normal-6908.png,Normal,Normal,False,0.37992265820503235,0.26258009672164917,False,0.26204627752304077,False
2480,/kaggle/input/datasets/tawsifurrahman/covid19-radiography-database/COVID-19_Radiography_Dataset/Normal/images/Normal-6913.png,Normal,Normal,True,0.2765066921710968,0.18981873989105225,False,0.19041842222213745,False
2481,/kaggle/input/datasets/tawsifurrahman/covid19-radiography-database/COVID-19_Radiography_Dataset/Normal/images/Normal-6914.png,Normal,Normal,False,0.2494419664144516,0.11938057094812393,False,0.12008173018693924,False
2482,/kaggle/input/datasets/tawsifurrahman/covid19-radiography-database/COVID-19_Radiography_Dataset/Normal/images/Normal-6915.png,Normal,Normal,False,0.2675183415412903,0.1626187115907669,False,0.1642248034477234,False
2483,/kaggle/input/datasets/tawsifurrahman/covid19-radiography-database/COVID-19_Radiography_Dataset/Normal/images/Normal-6933.png,Normal,Normal,True,0.23403619229793549,0.09715759754180908,False,0.09777574241161346,False
2484,/kaggle/input/datasets/tawsifurrahman/covid19-radiography-database/COVID-19_Radiography_Dataset/Normal/images/Normal-6934.png,Normal,Normal,False,0.32880261540412903,0.14745771884918213,False,0.14878611266613007,False
2485,/kaggle/input/datasets/tawsifurrahman/covid19-radiography-database/COVID-19_Radiography_Dataset/Normal/images/Normal-6947.png,Normal,Normal,False,0.22574536502361298,0.13421154022216797,False,0.13557186722755432,False
2486,/kaggle/input/datasets/tawsifurrahman/covid19-radiography-database/COVID-19_Radiography_Dataset/Normal/images/Normal-6950.png,Normal,Normal,True,0.22267617285251617,0.1318587213754654,False,0.13177259266376495,False
2487,/kaggle/input/datasets/tawsifurrahman/covid19-radiography-database/COVID-19_Radiography_Dataset/Normal/images/Normal-6951.png,Normal,Normal,False,0.10010761767625809,0.1038786843419075,False,0.10623717308044434,False
2488,/kaggle/input/datasets/tawsifurrahman/covid19-radiography-database/COVID-19_Radiography_Dataset/Normal/images/Normal-6956.png,Normal,Normal,False,0.17930883169174194,0.10721558332443237,False,0.10693148523569107,False
2489,/kaggle/input/datasets/tawsifurrahman/covid19-radiography-database/COVID-19_Radiography_Dataset/Normal/images/Normal-6967.png,Normal,Normal,False,0.2754504084587097,0.14386744797229767,False,0.14592845737934113,False
2490,/kaggle/input/datasets/tawsifurrahman/covid19-radiography-database/COVID-19_Radiography_Dataset/Normal/images/Normal-6976.png,Normal,Normal,True,0.29607778787612915,0.14782528579235077,False,0.1494089812040329,False
2491,/kaggle/input/datasets/tawsifurrahman/covid19-radiography-database/COVID-19_Radiography_Dataset/Normal/images/Normal-6981.png,Normal,Normal,False,0.2754703462123871,0.1548767387866974,False,0.15721461176872253,False
2492,/kaggle/input/datasets/tawsifurrahman/covid19-radiography-database/COVID-19_Radiography_Dataset/Normal/images/Normal-6987.png,Normal,Normal,True,0.22923310101032257,0.15258608758449554,False,0.15349343419075012,False
2493,/kaggle/input/datasets/tawsifurrahman/covid19-radiography-database/COVID-19_Radiography_Dataset/Normal/images/Normal-6990.png,Normal,Normal,False,0.352558970451355,0.24132370948791504,False,0.2421654462814331,False
2494,/kaggle/input/datasets/tawsifurrahman/covid19-radiography-database/COVID-19_Radiography_Dataset/Normal/images/Normal-6991.png,Normal,Normal,False,0.26600366830825806,0.156569704413414,False,0.1574517786502838,False
2495,/kaggle/input/datasets/tawsifurrahman/covid19-radiography-database/COVID-19_Radiography_Dataset/Normal/images/Normal-6993.png,Normal,Normal,True,0.2956991195678711,0.14614008367061615,False,0.14664871990680695,False
2496,/kaggle/input/datasets/tawsifurrahman/covid19-radiography-database/COVID-19_Radiography_Dataset/Normal/images/Normal-6995.png,Normal,Normal,False,0.22108179330825806,0.1144324392080307,False,0.11467733979225159,False
2497,/kaggle/input/datasets/tawsifurrahman/covid19-radiography-database/COVID-19_Radiography_Dataset/Normal/images/Normal-6998.png,Normal,Normal,True,0.2947225570678711,0.17386996746063232,False,0.17473019659519196,False
2498,/kaggle/input/datasets/tawsifurrahman/covid19-radiography-database/COVID-19_Radiography_Dataset/Normal/images/Normal-70.png,Normal,Normal,False,0.21550142765045166,0.10352101176977158,False,0.10313747078180313,False
2499,/kaggle/input/datasets/tawsifurrahman/covid19-radiography-database/COVID-19_Radiography_Dataset/Normal/images/Normal-7007.png,Normal,Normal,False,0.28302374482154846,0.12799815833568573,False,0.12880516052246094,False
2500,/kaggle/input/datasets/tawsifurrahman/covid19-radiography-database/COVID-19_Radiography_Dataset/Normal/images/Normal-7014.png,Normal,Normal,False,0.2927694320678711,0.14299874007701874,False,0.1442110538482666,False
2501,/kaggle/input/datasets/tawsifurrahman/covid19-radiography-database/COVID-19_Radiography_Dataset/Normal/images/Normal-7019.png,Normal,Normal,False,0.2782605290412903,0.17184585332870483,False,0.1717614084482193,False
2502,/kaggle/input/datasets/tawsifurrahman/covid19-radiography-database/COVID-19_Radiography_Dataset/Normal/images/Normal-702.png,Normal,Normal,True,0.24625317752361298,0.11089340597391129,False,0.1110665500164032,False
2503,/kaggle/input/datasets/tawsifurrahman/covid19-radiography-database/COVID-19_Radiography_Dataset/Normal/images/Normal-7026.png,Normal,Normal,False,0.26315370202064514,0.1425407975912094,False,0.14302241802215576,False
2504,/kaggle/input/datasets/tawsifurrahman/covid19-radiography-database/COVID-19_Radiography_Dataset/Normal/images/Normal-7035.png,Normal,Normal,True,0.2694515287876129,0.1686532348394394,False,0.16952863335609436,False
2505,/kaggle/input/datasets/tawsifurrahman/covid19-radiography-database/COVID-19_Radiography_Dataset/Normal/images/Normal-704.png,Normal,Normal,True,0.2792171537876129,0.170859694480896,False,0.17254102230072021,False
2506,/kaggle/input/datasets/tawsifurrahman/covid19-radiography-database/COVID-19_Radiography_Dataset/Normal/images/Normal-7041.png,Normal,Normal,False,0.34683912992477417,0.16286659240722656,False,0.1635715663433075,False
2507,/kaggle/input/datasets/tawsifurrahman/covid19-radiography-database/COVID-19_Radiography_Dataset/Normal/images/Normal-7042.png,Normal,Normal,False,0.2876873314380646,0.18534646928310394,False,0.1867884248495102,False
2508,/kaggle/input/datasets/tawsifurrahman/covid19-radiography-database/COVID-19_Radiography_Dataset/Normal/images/Normal-7052.png,Normal,Normal,False,0.18488918244838715,0.11727031320333481,False,0.11747787147760391,False
2509,/kaggle/input/datasets/tawsifurrahman/covid19-radiography-database/COVID-19_Radiography_Dataset/Normal/images/Normal-7055.png,Normal,Normal,False,0.24856504797935486,0.1172240674495697,False,0.11779345571994781,False
2510,/kaggle/input/datasets/tawsifurrahman/covid19-radiography-database/COVID-19_Radiography_Dataset/Normal/images/Normal-706.png,Normal,Normal,False,0.33916613459587097,0.25044482946395874,False,0.25132042169570923,False
2511,/kaggle/input/datasets/tawsifurrahman/covid19-radiography-database/COVID-19_Radiography_Dataset/Normal/images/Normal-7063.png,Normal,Normal,True,0.23871970176696777,0.07717446982860565,False,0.07777213305234909,False
2512,/kaggle/input/datasets/tawsifurrahman/covid19-radiography-database/COVID-19_Radiography_Dataset/Normal/images/Normal-7070.png,Normal,Normal,True,0.21908880770206451,0.1262250691652298,False,0.12671823799610138,False
2513,/kaggle/input/datasets/tawsifurrahman/covid19-radiography-database/COVID-19_Radiography_Dataset/Normal/images/Normal-7074.png,Normal,Normal,False,0.3383290767669678,0.202977254986763,False,0.20370067656040192,False
2514,/kaggle/input/datasets/tawsifurrahman/covid19-radiography-database/COVID-19_Radiography_Dataset/Normal/images/Normal-708.png,Normal,COVID,False,0.36282286047935486,0.212769016623497,False,0.21468853950500488,False
2515,/kaggle/input/datasets/tawsifurrahman/covid19-radiography-database/COVID-19_Radiography_Dataset/Normal/images/Normal-7087.png,Normal,Normal,False,0.22648277878761292,0.11431489139795303,False,0.11478863656520844,False
2516,/kaggle/input/datasets/tawsifurrahman/covid19-radiography-database/COVID-19_Radiography_Dataset/Normal/images/Normal-7094.png,Normal,Normal,True,0.2735172212123871,0.10553516447544098,False,0.10588867217302322,False
2517,/kaggle/input/datasets/tawsifurrahman/covid19-radiography-database/COVID-19_Radiography_Dataset/Normal/images/Normal-7117.png,Normal,Normal,False,0.22741948068141937,0.1228380799293518,False,0.12366308271884918,False
2518,/kaggle/input/datasets/tawsifurrahman/covid19-radiography-database/COVID-19_Radiography_Dataset/Normal/images/Normal-7119.png,Normal,Normal,False,0.3054049611091614,0.1808854043483734,False,0.18120810389518738,False
2519,/kaggle/input/datasets/tawsifurrahman/covid19-radiography-database/COVID-19_Radiography_Dataset/Normal/images/Normal-7124.png,Normal,Normal,False,0.21639826893806458,0.11794428527355194,False,0.12153182178735733,False
2520,/kaggle/input/datasets/tawsifurrahman/covid19-radiography-database/COVID-19_Radiography_Dataset/Normal/images/Normal-7129.png,Normal,Normal,False,0.1892338991165161,0.08921080082654953,False,0.08911073952913284,False
2521,/kaggle/input/datasets/tawsifurrahman/covid19-radiography-database/COVID-19_Radiography_Dataset/Normal/images/Normal-7137.png,Normal,Normal,False,0.24886399507522583,0.1399594247341156,False,0.14051517844200134,False
2522,/kaggle/input/datasets/tawsifurrahman/covid19-radiography-database/COVID-19_Radiography_Dataset/Normal/images/Normal-7141.png,Normal,Normal,False,0.2552415430545807,0.1453600525856018,False,0.1455126255750656,False
2523,/kaggle/input/datasets/tawsifurrahman/covid19-radiography-database/COVID-19_Radiography_Dataset/Normal/images/Normal-7148.png,Normal,Normal,True,0.1989995241165161,0.12309280037879944,False,0.12479420006275177,False
2524,/kaggle/input/datasets/tawsifurrahman/covid19-radiography-database/COVID-19_Radiography_Dataset/Normal/images/Normal-7154.png,Normal,Normal,True,0.2626953125,0.10280438512563705,False,0.10377758741378784,False
2525,/kaggle/input/datasets/tawsifurrahman/covid19-radiography-database/COVID-19_Radiography_Dataset/Normal/images/Normal-7156.png,Normal,Normal,True,0.19770407676696777,0.11519525945186615,False,0.11584241688251495,False
2526,/kaggle/input/datasets/tawsifurrahman/covid19-radiography-database/COVID-19_Radiography_Dataset/Normal/images/Normal-7157.png,Normal,Normal,False,0.27646681666374207,0.16106291115283966,False,0.16170883178710938,False
2527,/kaggle/input/datasets/tawsifurrahman/covid19-radiography-database/COVID-19_Radiography_Dataset/Normal/images/Normal-7160.png,Normal,Normal,False,0.2635522782802582,0.13339491188526154,False,0.1350913792848587,False
2528,/kaggle/input/datasets/tawsifurrahman/covid19-radiography-database/COVID-19_Radiography_Dataset/Normal/images/Normal-7162.png,Normal,Normal,False,0.3240991532802582,0.14317013323307037,False,0.1441410332918167,False
2529,/kaggle/input/datasets/tawsifurrahman/covid19-radiography-database/COVID-19_Radiography_Dataset/Normal/images/Normal-7163.png,Normal,Normal,False,0.3083147406578064,0.16209819912910461,False,0.16216188669204712,False
2530,/kaggle/input/datasets/tawsifurrahman/covid19-radiography-database/COVID-19_Radiography_Dataset/Normal/images/Normal-7164.png,Normal,Normal,False,0.23945710062980652,0.09988562017679214,False,0.1006496325135231,False
2531,/kaggle/input/datasets/tawsifurrahman/covid19-radiography-database/COVID-19_Radiography_Dataset/Normal/images/Normal-7181.png,Normal,Normal,False,0.2828045189380646,0.14692530035972595,False,0.15059559047222137,False
2532,/kaggle/input/datasets/tawsifurrahman/covid19-radiography-database/COVID-19_Radiography_Dataset/Normal/images/Normal-7182.png,Normal,Normal,False,0.11822384595870972,0.045066218823194504,False,0.04698888212442398,False
2533,/kaggle/input/datasets/tawsifurrahman/covid19-radiography-database/COVID-19_Radiography_Dataset/Normal/images/Normal-7188.png,Normal,Normal,True,0.18134167790412903,0.10797413438558578,False,0.1094842255115509,False
2534,/kaggle/input/datasets/tawsifurrahman/covid19-radiography-database/COVID-19_Radiography_Dataset/Normal/images/Normal-7192.png,Normal,Normal,False,0.18887515366077423,0.14782631397247314,False,0.14703752100467682,False
2535,/kaggle/input/datasets/tawsifurrahman/covid19-radiography-database/COVID-19_Radiography_Dataset/Normal/images/Normal-7193.png,Normal,Normal,True,0.31951528787612915,0.1980300396680832,False,0.19862358272075653,False
2536,/kaggle/input/datasets/tawsifurrahman/covid19-radiography-database/COVID-19_Radiography_Dataset/Normal/images/Normal-72.png,Normal,Viral Pneumonia,True,0.16723133623600006,0.059895098209381104,False,0.05972271040081978,False
2537,/kaggle/input/datasets/tawsifurrahman/covid19-radiography-database/COVID-19_Radiography_Dataset/Normal/images/Normal-720.png,Normal,Normal,True,0.18490912020206451,0.10719521343708038,False,0.10691684484481812,False
2538,/kaggle/input/datasets/tawsifurrahman/covid19-radiography-database/COVID-19_Radiography_Dataset/Normal/images/Normal-7207.png,Normal,Normal,False,0.23696587979793549,0.1341208666563034,False,0.13489994406700134,False
2539,/kaggle/input/datasets/tawsifurrahman/covid19-radiography-database/COVID-19_Radiography_Dataset/Normal/images/Normal-7239.png,Normal,Normal,False,0.20573580265045166,0.11523187160491943,False,0.11636507511138916,False
2540,/kaggle/input/datasets/tawsifurrahman/covid19-radiography-database/COVID-19_Radiography_Dataset/Normal/images/Normal-7242.png,Normal,Normal,False,0.08671475946903229,0.026599889621138573,False,0.02675705961883068,False
2541,/kaggle/input/datasets/tawsifurrahman/covid19-radiography-database/COVID-19_Radiography_Dataset/Normal/images/Normal-7248.png,Normal,Normal,True,0.23616868257522583,0.07517803460359573,False,0.0760885551571846,False
2542,/kaggle/input/datasets/tawsifurrahman/covid19-radiography-database/COVID-19_Radiography_Dataset/Normal/images/Normal-7253.png,Normal,Normal,False,0.22450971603393555,0.10333520174026489,False,0.10703198611736298,False
2543,/kaggle/input/datasets/tawsifurrahman/covid19-radiography-database/COVID-19_Radiography_Dataset/Normal/images/Normal-7266.png,Normal,Normal,False,0.13775509595870972,0.06945829838514328,False,0.07054891437292099,False
2544,/kaggle/input/datasets/tawsifurrahman/covid19-radiography-database/COVID-19_Radiography_Dataset/Normal/images/Normal-7279.png,Normal,Normal,False,0.27724409103393555,0.07854639738798141,False,0.0788954347372055,False
2545,/kaggle/input/datasets/tawsifurrahman/covid19-radiography-database/COVID-19_Radiography_Dataset/Normal/images/Normal-7287.png,Normal,Normal,False,0.2921316921710968,0.14845718443393707,False,0.1505669802427292,False
2546,/kaggle/input/datasets/tawsifurrahman/covid19-radiography-database/COVID-19_Radiography_Dataset/Normal/images/Normal-7295.png,Normal,Normal,True,0.30492666363716125,0.14169606566429138,False,0.14214608073234558,False
2547,/kaggle/input/datasets/tawsifurrahman/covid19-radiography-database/COVID-19_Radiography_Dataset/Normal/images/Normal-7311.png,Normal,Normal,True,0.23202326893806458,0.1342134028673172,False,0.1340944766998291,False
2548,/kaggle/input/datasets/tawsifurrahman/covid19-radiography-database/COVID-19_Radiography_Dataset/Normal/images/Normal-7313.png,Normal,Normal,True,0.25310903787612915,0.15466667711734772,False,0.15480954945087433,False
2549,/kaggle/input/datasets/tawsifurrahman/covid19-radiography-database/COVID-19_Radiography_Dataset/Normal/images/Normal-7315.png,Normal,Lung_Opacity,True,0.19228315353393555,0.0688648372888565,False,0.06914021819829941,False
2550,/kaggle/input/datasets/tawsifurrahman/covid19-radiography-database/COVID-19_Radiography_Dataset/Normal/images/Normal-7321.png,Normal,Normal,True,0.2595065236091614,0.14134563505649567,False,0.14300063252449036,False
2551,/kaggle/input/datasets/tawsifurrahman/covid19-radiography-database/COVID-19_Radiography_Dataset/Normal/images/Normal-7327.png,Normal,Normal,False,0.2832629084587097,0.15922723710536957,False,0.15929260849952698,False
2552,/kaggle/input/datasets/tawsifurrahman/covid19-radiography-database/COVID-19_Radiography_Dataset/Normal/images/Normal-7329.png,Normal,Normal,False,0.2541055381298065,0.11185640841722488,False,0.11187569797039032,False
2553,/kaggle/input/datasets/tawsifurrahman/covid19-radiography-database/COVID-19_Radiography_Dataset/Normal/images/Normal-733.png,Normal,Normal,False,0.2318040430545807,0.11172130703926086,False,0.11172433942556381,False
2554,/kaggle/input/datasets/tawsifurrahman/covid19-radiography-database/COVID-19_Radiography_Dataset/Normal/images/Normal-7334.png,Normal,Normal,True,0.26552534103393555,0.10929451882839203,False,0.11030668020248413,False
2555,/kaggle/input/datasets/tawsifurrahman/covid19-radiography-database/COVID-19_Radiography_Dataset/Normal/images/Normal-7336.png,Normal,Normal,False,0.36660951375961304,0.2301032543182373,False,0.23072238266468048,False
2556,/kaggle/input/datasets/tawsifurrahman/covid19-radiography-database/COVID-19_Radiography_Dataset/Normal/images/Normal-7337.png,Normal,Normal,False,0.2057756632566452,0.1174532100558281,False,0.11833903938531876,False
2557,/kaggle/input/datasets/tawsifurrahman/covid19-radiography-database/COVID-19_Radiography_Dataset/Normal/images/Normal-735.png,Normal,Normal,False,0.16786909103393555,0.07318344712257385,False,0.07318657636642456,False
2558,/kaggle/input/datasets/tawsifurrahman/covid19-radiography-database/COVID-19_Radiography_Dataset/Normal/images/Normal-7355.png,Normal,Normal,True,0.1302415430545807,0.04819205403327942,False,0.05225411802530289,False
2559,/kaggle/input/datasets/tawsifurrahman/covid19-radiography-database/COVID-19_Radiography_Dataset/Normal/images/Normal-7356.png,Normal,Normal,False,0.21049903333187103,0.12036241590976715,False,0.12057338654994965,False
2560,/kaggle/input/datasets/tawsifurrahman/covid19-radiography-database/COVID-19_Radiography_Dataset/Normal/images/Normal-7371.png,Normal,Normal,True,0.3570232689380646,0.2887513339519501,False,0.28882917761802673,False
2561,/kaggle/input/datasets/tawsifurrahman/covid19-radiography-database/COVID-19_Radiography_Dataset/Normal/images/Normal-7380.png,Normal,Normal,True,0.27054765820503235,0.18173810839653015,False,0.18326140940189362,False
2562,/kaggle/input/datasets/tawsifurrahman/covid19-radiography-database/COVID-19_Radiography_Dataset/Normal/images/Normal-7402.png,Normal,Normal,False,0.215680792927742,0.11978180706501007,False,0.12082155048847198,False
2563,/kaggle/input/datasets/tawsifurrahman/covid19-radiography-database/COVID-19_Radiography_Dataset/Normal/images/Normal-7403.png,Normal,Normal,False,0.20880499482154846,0.13979791104793549,False,0.14004948735237122,False
2564,/kaggle/input/datasets/tawsifurrahman/covid19-radiography-database/COVID-19_Radiography_Dataset/Normal/images/Normal-7407.png,Normal,Normal,True,0.24418048560619354,0.12050819396972656,False,0.12078703194856644,False
2565,/kaggle/input/datasets/tawsifurrahman/covid19-radiography-database/COVID-19_Radiography_Dataset/Normal/images/Normal-7428.png,Normal,Normal,False,0.1872209757566452,0.06709691137075424,False,0.06790654361248016,False
2566,/kaggle/input/datasets/tawsifurrahman/covid19-radiography-database/COVID-19_Radiography_Dataset/Normal/images/Normal-7436.png,Normal,Normal,False,0.26098135113716125,0.12823599576950073,False,0.1299191415309906,False
2567,/kaggle/input/datasets/tawsifurrahman/covid19-radiography-database/COVID-19_Radiography_Dataset/Normal/images/Normal-7438.png,Normal,Normal,True,0.26676100492477417,0.1398581713438034,False,0.14194442331790924,False
2568,/kaggle/input/datasets/tawsifurrahman/covid19-radiography-database/COVID-19_Radiography_Dataset/Normal/images/Normal-7453.png,Normal,Normal,False,0.2515345811843872,0.14572525024414062,False,0.14659598469734192,False
2569,/kaggle/input/datasets/tawsifurrahman/covid19-radiography-database/COVID-19_Radiography_Dataset/Normal/images/Normal-7457.png,Normal,Normal,True,0.24705037474632263,0.1184539869427681,False,0.11964153498411179,False
2570,/kaggle/input/datasets/tawsifurrahman/covid19-radiography-database/COVID-19_Radiography_Dataset/Normal/images/Normal-7458.png,Normal,Normal,False,0.17446587979793549,0.09283245354890823,False,0.0935511440038681,False
2571,/kaggle/input/datasets/tawsifurrahman/covid19-radiography-database/COVID-19_Radiography_Dataset/Normal/images/Normal-7460.png,Normal,Normal,False,0.34191644191741943,0.22501935064792633,False,0.22653146088123322,False
2572,/kaggle/input/datasets/tawsifurrahman/covid19-radiography-database/COVID-19_Radiography_Dataset/Normal/images/Normal-7466.png,Normal,Normal,True,0.24599409103393555,0.12154632061719894,False,0.12134981155395508,False
2573,/kaggle/input/datasets/tawsifurrahman/covid19-radiography-database/COVID-19_Radiography_Dataset/Normal/images/Normal-7468.png,Normal,Normal,True,0.15621013939380646,0.06529570370912552,False,0.06590046733617783,False
2574,/kaggle/input/datasets/tawsifurrahman/covid19-radiography-database/COVID-19_Radiography_Dataset/Normal/images/Normal-7472.png,Normal,Normal,False,0.17936861515045166,0.11448720842599869,False,0.11515683680772781,False
2575,/kaggle/input/datasets/tawsifurrahman/covid19-radiography-database/COVID-19_Radiography_Dataset/Normal/images/Normal-7475.png,Normal,Normal,False,0.29872846603393555,0.13748732209205627,False,0.1384359449148178,False
2576,/kaggle/input/datasets/tawsifurrahman/covid19-radiography-database/COVID-19_Radiography_Dataset/Normal/images/Normal-7478.png,Normal,Normal,True,0.24523675441741943,0.15318720042705536,False,0.15478457510471344,False
2577,/kaggle/input/datasets/tawsifurrahman/covid19-radiography-database/COVID-19_Radiography_Dataset/Normal/images/Normal-7482.png,Normal,Normal,True,0.27841994166374207,0.10233084857463837,False,0.10319415479898453,False
2578,/kaggle/input/datasets/tawsifurrahman/covid19-radiography-database/COVID-19_Radiography_Dataset/Normal/images/Normal-7487.png,Normal,Normal,False,0.26787707209587097,0.16505922377109528,False,0.16538122296333313,False
2579,/kaggle/input/datasets/tawsifurrahman/covid19-radiography-database/COVID-19_Radiography_Dataset/Normal/images/Normal-7492.png,Normal,Normal,False,0.0899832546710968,0.12097523361444473,False,0.12345534563064575,False
2580,/kaggle/input/datasets/tawsifurrahman/covid19-radiography-database/COVID-19_Radiography_Dataset/Normal/images/Normal-7497.png,Normal,Normal,False,0.26656168699264526,0.14073461294174194,False,0.1414434015750885,False
2581,/kaggle/input/datasets/tawsifurrahman/covid19-radiography-database/COVID-19_Radiography_Dataset/Normal/images/Normal-750.png,Normal,Normal,False,0.15427693724632263,0.08006731420755386,False,0.07947831600904465,False
2582,/kaggle/input/datasets/tawsifurrahman/covid19-radiography-database/COVID-19_Radiography_Dataset/Normal/images/Normal-7503.png,Normal,Normal,False,0.24988041818141937,0.13428187370300293,False,0.13628612458705902,False
2583,/kaggle/input/datasets/tawsifurrahman/covid19-radiography-database/COVID-19_Radiography_Dataset/Normal/images/Normal-751.png,Normal,Normal,False,0.23836097121238708,0.10475606471300125,False,0.10465239733457565,False
2584,/kaggle/input/datasets/tawsifurrahman/covid19-radiography-database/COVID-19_Radiography_Dataset/Normal/images/Normal-7518.png,Normal,Normal,True,0.19878028333187103,0.24212193489074707,False,0.24632398784160614,False
2585,/kaggle/input/datasets/tawsifurrahman/covid19-radiography-database/COVID-19_Radiography_Dataset/Normal/images/Normal-7525.png,Normal,Normal,True,0.30018335580825806,0.1923641711473465,False,0.19462387263774872,False
2586,/kaggle/input/datasets/tawsifurrahman/covid19-radiography-database/COVID-19_Radiography_Dataset/Normal/images/Normal-7547.png,Normal,Normal,True,0.2419084757566452,0.08397109061479568,False,0.08477925509214401,False
2587,/kaggle/input/datasets/tawsifurrahman/covid19-radiography-database/COVID-19_Radiography_Dataset/Normal/images/Normal-7556.png,Normal,Normal,False,0.2212013602256775,0.09733176231384277,False,0.09843325614929199,False
2588,/kaggle/input/datasets/tawsifurrahman/covid19-radiography-database/COVID-19_Radiography_Dataset/Normal/images/Normal-756.png,Normal,Normal,False,0.1952527016401291,0.10842786729335785,False,0.10833447426557541,False
2589,/kaggle/input/datasets/tawsifurrahman/covid19-radiography-database/COVID-19_Radiography_Dataset/Normal/images/Normal-7572.png,Normal,Normal,False,0.3101482689380646,0.1732814759016037,False,0.17382456362247467,False
2590,/kaggle/input/datasets/tawsifurrahman/covid19-radiography-database/COVID-19_Radiography_Dataset/Normal/images/Normal-7574.png,Normal,Normal,False,0.24992027878761292,0.14168564975261688,False,0.14205999672412872,False
2591,/kaggle/input/datasets/tawsifurrahman/covid19-radiography-database/COVID-19_Radiography_Dataset/Normal/images/Normal-7582.png,Normal,Normal,False,0.26357221603393555,0.1556781828403473,False,0.15528181195259094,False
2592,/kaggle/input/datasets/tawsifurrahman/covid19-radiography-database/COVID-19_Radiography_Dataset/Normal/images/Normal-7592.png,Normal,Normal,True,0.21099728345870972,0.13042932748794556,False,0.13098080456256866,False
2593,/kaggle/input/datasets/tawsifurrahman/covid19-radiography-database/COVID-19_Radiography_Dataset/Normal/images/Normal-7594.png,Normal,Normal,False,0.19565130770206451,0.10589824616909027,False,0.10627111047506332,False
2594,/kaggle/input/datasets/tawsifurrahman/covid19-radiography-database/COVID-19_Radiography_Dataset/Normal/images/Normal-760.png,Normal,Viral Pneumonia,True,0.210797980427742,0.13381771743297577,False,0.1341576725244522,False
2595,/kaggle/input/datasets/tawsifurrahman/covid19-radiography-database/COVID-19_Radiography_Dataset/Normal/images/Normal-7611.png,Normal,Normal,False,0.2506178319454193,0.14296871423721313,False,0.1463855654001236,False
2596,/kaggle/input/datasets/tawsifurrahman/covid19-radiography-database/COVID-19_Radiography_Dataset/Normal/images/Normal-7616.png,Normal,Normal,True,0.24378187954425812,0.13383044302463531,False,0.13403841853141785,False
2597,/kaggle/input/datasets/tawsifurrahman/covid19-radiography-database/COVID-19_Radiography_Dataset/Normal/images/Normal-7639.png,Normal,Normal,False,0.28876355290412903,0.1598762422800064,False,0.15896113216876984,False
2598,/kaggle/input/datasets/tawsifurrahman/covid19-radiography-database/COVID-19_Radiography_Dataset/Normal/images/Normal-7641.png,Normal,Normal,False,0.22403140366077423,0.12221130728721619,False,0.12488625198602676,False
2599,/kaggle/input/datasets/tawsifurrahman/covid19-radiography-database/COVID-19_Radiography_Dataset/Normal/images/Normal-7652.png,Normal,Normal,False,0.29823023080825806,0.19550786912441254,False,0.19711467623710632,False
2600,/kaggle/input/datasets/tawsifurrahman/covid19-radiography-database/COVID-19_Radiography_Dataset/Normal/images/Normal-7666.png,Normal,Normal,False,0.3429727256298065,0.19536785781383514,False,0.1958719789981842,False
2601,/kaggle/input/datasets/tawsifurrahman/covid19-radiography-database/COVID-19_Radiography_Dataset/Normal/images/Normal-7679.png,Normal,Normal,True,0.2995854616165161,0.15102171897888184,False,0.15173248946666718,False
2602,/kaggle/input/datasets/tawsifurrahman/covid19-radiography-database/COVID-19_Radiography_Dataset/Normal/images/Normal-7680.png,Normal,Normal,True,0.2840600907802582,0.182520791888237,False,0.18307514488697052,False
2603,/kaggle/input/datasets/tawsifurrahman/covid19-radiography-database/COVID-19_Radiography_Dataset/Normal/images/Normal-7687.png,Normal,Normal,True,0.2673190236091614,0.1443749964237213,False,0.14595992863178253,False
2604,/kaggle/input/datasets/tawsifurrahman/covid19-radiography-database/COVID-19_Radiography_Dataset/Normal/images/Normal-7692.png,Normal,Normal,False,0.2681560814380646,0.12060140818357468,False,0.12090778350830078,False
2605,/kaggle/input/datasets/tawsifurrahman/covid19-radiography-database/COVID-19_Radiography_Dataset/Normal/images/Normal-7693.png,Normal,Normal,False,0.31078603863716125,0.1576988250017166,False,0.1581479012966156,False
2606,/kaggle/input/datasets/tawsifurrahman/covid19-radiography-database/COVID-19_Radiography_Dataset/Normal/images/Normal-7697.png,Normal,Normal,False,0.3212093412876129,0.19056148827075958,False,0.1909213364124298,False
2607,/kaggle/input/datasets/tawsifurrahman/covid19-radiography-database/COVID-19_Radiography_Dataset/Normal/images/Normal-77.png,Normal,Normal,False,0.23983576893806458,0.1252281814813614,False,0.1254264861345291,False
2608,/kaggle/input/datasets/tawsifurrahman/covid19-radiography-database/COVID-19_Radiography_Dataset/Normal/images/Normal-7700.png,Normal,Normal,False,0.2345942258834839,0.09638622403144836,False,0.09689886122941971,False
2609,/kaggle/input/datasets/tawsifurrahman/covid19-radiography-database/COVID-19_Radiography_Dataset/Normal/images/Normal-7702.png,Normal,Normal,False,0.3903658986091614,0.225369393825531,False,0.22658681869506836,False
2610,/kaggle/input/datasets/tawsifurrahman/covid19-radiography-database/COVID-19_Radiography_Dataset/Normal/images/Normal-7729.png,Normal,Normal,False,0.3671077787876129,0.19753694534301758,False,0.19863343238830566,False
2611,/kaggle/input/datasets/tawsifurrahman/covid19-radiography-database/COVID-19_Radiography_Dataset/Normal/images/Normal-7736.png,Normal,Normal,False,0.20742984116077423,0.15187734365463257,False,0.15277791023254395,False
2612,/kaggle/input/datasets/tawsifurrahman/covid19-radiography-database/COVID-19_Radiography_Dataset/Normal/images/Normal-7743.png,Normal,Normal,False,0.30020326375961304,0.20651768147945404,False,0.20806929469108582,False
2613,/kaggle/input/datasets/tawsifurrahman/covid19-radiography-database/COVID-19_Radiography_Dataset/Normal/images/Normal-7750.png,Normal,Normal,True,0.36798468232154846,0.23896104097366333,False,0.2395864874124527,False
2614,/kaggle/input/datasets/tawsifurrahman/covid19-radiography-database/COVID-19_Radiography_Dataset/Normal/images/Normal-7755.png,Normal,Normal,False,0.2987085282802582,0.1926375925540924,False,0.19279921054840088,False
2615,/kaggle/input/datasets/tawsifurrahman/covid19-radiography-database/COVID-19_Radiography_Dataset/Normal/images/Normal-7757.png,Normal,Normal,False,0.2938855290412903,0.19398540258407593,False,0.19396917521953583,False
2616,/kaggle/input/datasets/tawsifurrahman/covid19-radiography-database/COVID-19_Radiography_Dataset/Normal/images/Normal-7762.png,Normal,Normal,False,0.2668207883834839,0.11404106765985489,False,0.11527657508850098,False
2617,/kaggle/input/datasets/tawsifurrahman/covid19-radiography-database/COVID-19_Radiography_Dataset/Normal/images/Normal-7769.png,Normal,Normal,False,0.21434549987316132,0.10790491849184036,False,0.11024615913629532,False
2618,/kaggle/input/datasets/tawsifurrahman/covid19-radiography-database/COVID-19_Radiography_Dataset/Normal/images/Normal-7780.png,Normal,Normal,True,0.17319037020206451,0.099247045814991,False,0.09987757354974747,False
2619,/kaggle/input/datasets/tawsifurrahman/covid19-radiography-database/COVID-19_Radiography_Dataset/Normal/images/Normal-7782.png,Normal,Normal,False,0.21099728345870972,0.08135197311639786,False,0.08247238397598267,False
2620,/kaggle/input/datasets/tawsifurrahman/covid19-radiography-database/COVID-19_Radiography_Dataset/Normal/images/Normal-7793.png,Normal,Normal,False,0.22431042790412903,0.12452176958322525,False,0.1263844519853592,False
2621,/kaggle/input/datasets/tawsifurrahman/covid19-radiography-database/COVID-19_Radiography_Dataset/Normal/images/Normal-7795.png,Normal,Normal,False,0.2938655912876129,0.17151282727718353,False,0.17265234887599945,False
2622,/kaggle/input/datasets/tawsifurrahman/covid19-radiography-database/COVID-19_Radiography_Dataset/Normal/images/Normal-7797.png,Normal,Normal,False,0.14965321123600006,0.06860856711864471,False,0.06901158392429352,False
2623,/kaggle/input/datasets/tawsifurrahman/covid19-radiography-database/COVID-19_Radiography_Dataset/Normal/images/Normal-7808.png,Normal,Normal,False,0.2901187837123871,0.1781490594148636,False,0.1778901070356369,False
2624,/kaggle/input/datasets/tawsifurrahman/covid19-radiography-database/COVID-19_Radiography_Dataset/Normal/images/Normal-7816.png,Normal,Normal,False,0.24166931211948395,0.11545667797327042,False,0.11924813687801361,False
2625,/kaggle/input/datasets/tawsifurrahman/covid19-radiography-database/COVID-19_Radiography_Dataset/Normal/images/Normal-7817.png,Normal,Normal,False,0.27417489886283875,0.15976965427398682,False,0.16082896292209625,False
2626,/kaggle/input/datasets/tawsifurrahman/covid19-radiography-database/COVID-19_Radiography_Dataset/Normal/images/Normal-7833.png,Normal,Normal,False,0.2820073366165161,0.14063096046447754,False,0.14197970926761627,False
2627,/kaggle/input/datasets/tawsifurrahman/covid19-radiography-database/COVID-19_Radiography_Dataset/Normal/images/Normal-7837.png,Normal,Normal,False,0.2642498314380646,0.1427908092737198,False,0.14465586841106415,False
2628,/kaggle/input/datasets/tawsifurrahman/covid19-radiography-database/COVID-19_Radiography_Dataset/Normal/images/Normal-7841.png,Normal,Normal,False,0.17879065871238708,0.10152143239974976,False,0.10259947925806046,False
2629,/kaggle/input/datasets/tawsifurrahman/covid19-radiography-database/COVID-19_Radiography_Dataset/Normal/images/Normal-7858.png,Normal,Normal,False,0.3145129084587097,0.16321896016597748,False,0.16310179233551025,False
2630,/kaggle/input/datasets/tawsifurrahman/covid19-radiography-database/COVID-19_Radiography_Dataset/Normal/images/Normal-7863.png,Normal,Normal,False,0.22951211035251617,0.13872376084327698,False,0.13929513096809387,False
2631,/kaggle/input/datasets/tawsifurrahman/covid19-radiography-database/COVID-19_Radiography_Dataset/Normal/images/Normal-7864.png,Normal,Normal,False,0.29043763875961304,0.14765740931034088,False,0.1495770514011383,False
2632,/kaggle/input/datasets/tawsifurrahman/covid19-radiography-database/COVID-19_Radiography_Dataset/Normal/images/Normal-7869.png,Normal,Normal,True,0.3135562837123871,0.2182469516992569,False,0.22118064761161804,False
2633,/kaggle/input/datasets/tawsifurrahman/covid19-radiography-database/COVID-19_Radiography_Dataset/Normal/images/Normal-7880.png,Normal,Normal,True,0.1689453125,0.1104428768157959,False,0.11357756704092026,False
2634,/kaggle/input/datasets/tawsifurrahman/covid19-radiography-database/COVID-19_Radiography_Dataset/Normal/images/Normal-7885.png,Normal,Normal,False,0.2357700914144516,0.11630711704492569,False,0.11652042716741562,False
2635,/kaggle/input/datasets/tawsifurrahman/covid19-radiography-database/COVID-19_Radiography_Dataset/Normal/images/Normal-7887.png,Normal,Normal,False,0.2034837305545807,0.11177662760019302,False,0.11225584149360657,False
2636,/kaggle/input/datasets/tawsifurrahman/covid19-radiography-database/COVID-19_Radiography_Dataset/Normal/images/Normal-7896.png,Normal,Lung_Opacity,False,0.15854193270206451,0.053387779742479324,False,0.05416611209511757,False
2637,/kaggle/input/datasets/tawsifurrahman/covid19-radiography-database/COVID-19_Radiography_Dataset/Normal/images/Normal-7897.png,Normal,Normal,False,0.2635522782802582,0.11964112520217896,False,0.12095315009355545,False
2638,/kaggle/input/datasets/tawsifurrahman/covid19-radiography-database/COVID-19_Radiography_Dataset/Normal/images/Normal-7901.png,Normal,Lung_Opacity,False,0.1345663219690323,0.06761443614959717,False,0.06692039966583252,False
2639,/kaggle/input/datasets/tawsifurrahman/covid19-radiography-database/COVID-19_Radiography_Dataset/Normal/images/Normal-7907.png,Normal,Normal,True,0.30400988459587097,0.16943229734897614,False,0.17015735805034637,False
2640,/kaggle/input/datasets/tawsifurrahman/covid19-radiography-database/COVID-19_Radiography_Dataset/Normal/images/Normal-791.png,Normal,Normal,False,0.1469029039144516,0.07642220705747604,False,0.0760335773229599,False
2641,/kaggle/input/datasets/tawsifurrahman/covid19-radiography-database/COVID-19_Radiography_Dataset/Normal/images/Normal-7914.png,Normal,Normal,True,0.2128308266401291,0.08094864338636398,False,0.0812920406460762,False
2642,/kaggle/input/datasets/tawsifurrahman/covid19-radiography-database/COVID-19_Radiography_Dataset/Normal/images/Normal-7915.png,Normal,Normal,True,0.2234135866165161,0.10438315570354462,False,0.1054450199007988,False
2643,/kaggle/input/datasets/tawsifurrahman/covid19-radiography-database/COVID-19_Radiography_Dataset/Normal/images/Normal-7920.png,Normal,Normal,False,0.2463129758834839,0.13623639941215515,False,0.13653308153152466,False
2644,/kaggle/input/datasets/tawsifurrahman/covid19-radiography-database/COVID-19_Radiography_Dataset/Normal/images/Normal-7921.png,Normal,Normal,True,0.40202486515045166,0.23812538385391235,False,0.23802298307418823,False
2645,/kaggle/input/datasets/tawsifurrahman/covid19-radiography-database/COVID-19_Radiography_Dataset/Normal/images/Normal-7924.png,Normal,Normal,False,0.2670798599720001,0.13526436686515808,False,0.13608618080615997,False
2646,/kaggle/input/datasets/tawsifurrahman/covid19-radiography-database/COVID-19_Radiography_Dataset/Normal/images/Normal-7926.png,Normal,Normal,False,0.33179208636283875,0.24303552508354187,False,0.2443377524614334,False
2647,/kaggle/input/datasets/tawsifurrahman/covid19-radiography-database/COVID-19_Radiography_Dataset/Normal/images/Normal-7930.png,Normal,Lung_Opacity,False,0.28254544734954834,0.09428925812244415,False,0.09531363099813461,False
2648,/kaggle/input/datasets/tawsifurrahman/covid19-radiography-database/COVID-19_Radiography_Dataset/Normal/images/Normal-7953.png,Normal,Normal,False,0.22313456237316132,0.15186378359794617,False,0.15192581713199615,False
2649,/kaggle/input/datasets/tawsifurrahman/covid19-radiography-database/COVID-19_Radiography_Dataset/Normal/images/Normal-796.png,Normal,Viral Pneumonia,True,0.2667410671710968,0.13159333169460297,False,0.13146936893463135,False
2650,/kaggle/input/datasets/tawsifurrahman/covid19-radiography-database/COVID-19_Radiography_Dataset/Normal/images/Normal-7965.png,Normal,Normal,False,0.18002630770206451,0.10065611451864243,False,0.10086312890052795,False
2651,/kaggle/input/datasets/tawsifurrahman/covid19-radiography-database/COVID-19_Radiography_Dataset/Normal/images/Normal-7966.png,Normal,Normal,False,0.3351602256298065,0.19895689189434052,False,0.2001379132270813,False
2652,/kaggle/input/datasets/tawsifurrahman/covid19-radiography-database/COVID-19_Radiography_Dataset/Normal/images/Normal-7970.png,Normal,Normal,False,0.2780612111091614,0.1379624754190445,False,0.13877210021018982,False
2653,/kaggle/input/datasets/tawsifurrahman/covid19-radiography-database/COVID-19_Radiography_Dataset/Normal/images/Normal-7974.png,Normal,Normal,True,0.2795161008834839,0.14468587934970856,False,0.14672598242759705,False
2654,/kaggle/input/datasets/tawsifurrahman/covid19-radiography-database/COVID-19_Radiography_Dataset/Normal/images/Normal-7984.png,Normal,Normal,False,0.27020886540412903,0.1270458996295929,False,0.12772251665592194,False
2655,/kaggle/input/datasets/tawsifurrahman/covid19-radiography-database/COVID-19_Radiography_Dataset/Normal/images/Normal-7990.png,Normal,Normal,False,0.2495814710855484,0.14026311039924622,False,0.14387263357639313,False
2656,/kaggle/input/datasets/tawsifurrahman/covid19-radiography-database/COVID-19_Radiography_Dataset/Normal/images/Normal-7991.png,Normal,Normal,False,0.33326688408851624,0.27942389249801636,False,0.28054067492485046,False
2657,/kaggle/input/datasets/tawsifurrahman/covid19-radiography-database/COVID-19_Radiography_Dataset/Normal/images/Normal-7992.png,Normal,Normal,False,0.17123724520206451,0.08633683621883392,False,0.0867638811469078,False
2658,/kaggle/input/datasets/tawsifurrahman/covid19-radiography-database/COVID-19_Radiography_Dataset/Normal/images/Normal-800.png,Normal,Normal,False,0.21109692752361298,0.1302708089351654,False,0.13012078404426575,False
2659,/kaggle/input/datasets/tawsifurrahman/covid19-radiography-database/COVID-19_Radiography_Dataset/Normal/images/Normal-8000.png,Normal,Normal,True,0.23034916818141937,0.08852268010377884,False,0.08951883763074875,False
2660,/kaggle/input/datasets/tawsifurrahman/covid19-radiography-database/COVID-19_Radiography_Dataset/Normal/images/Normal-8007.png,Normal,Normal,False,0.23832111060619354,0.07251273095607758,False,0.07306873798370361,False
2661,/kaggle/input/datasets/tawsifurrahman/covid19-radiography-database/COVID-19_Radiography_Dataset/Normal/images/Normal-8012.png,Normal,Normal,False,0.16766980290412903,0.07226072251796722,False,0.07239385694265366,False
2662,/kaggle/input/datasets/tawsifurrahman/covid19-radiography-database/COVID-19_Radiography_Dataset/Normal/images/Normal-8017.png,Normal,Normal,False,0.23286032676696777,0.15577569603919983,False,0.15547782182693481,False
2663,/kaggle/input/datasets/tawsifurrahman/covid19-radiography-database/COVID-19_Radiography_Dataset/Normal/images/Normal-8025.png,Normal,Normal,False,0.29727357625961304,0.1764889806509018,False,0.17686979472637177,False
2664,/kaggle/input/datasets/tawsifurrahman/covid19-radiography-database/COVID-19_Radiography_Dataset/Normal/images/Normal-8031.png,Normal,Normal,False,0.2668008506298065,0.11917402595281601,False,0.11980539560317993,False
2665,/kaggle/input/datasets/tawsifurrahman/covid19-radiography-database/COVID-19_Radiography_Dataset/Normal/images/Normal-8033.png,Normal,Normal,True,0.2470703125,0.14010387659072876,False,0.14175283908843994,False
2666,/kaggle/input/datasets/tawsifurrahman/covid19-radiography-database/COVID-19_Radiography_Dataset/Normal/images/Normal-8057.png,Normal,Normal,True,0.3172433078289032,0.14758728444576263,False,0.14859923720359802,False
2667,/kaggle/input/datasets/tawsifurrahman/covid19-radiography-database/COVID-19_Radiography_Dataset/Normal/images/Normal-8061.png,Normal,Normal,True,0.21474409103393555,0.12067505717277527,False,0.12125974148511887,False
2668,/kaggle/input/datasets/tawsifurrahman/covid19-radiography-database/COVID-19_Radiography_Dataset/Normal/images/Normal-8063.png,Normal,Normal,True,0.20457987487316132,0.07580477744340897,False,0.07612811774015427,False
2669,/kaggle/input/datasets/tawsifurrahman/covid19-radiography-database/COVID-19_Radiography_Dataset/Normal/images/Normal-807.png,Normal,Normal,True,0.24936224520206451,0.13171404600143433,False,0.13170354068279266,False
2670,/kaggle/input/datasets/tawsifurrahman/covid19-radiography-database/COVID-19_Radiography_Dataset/Normal/images/Normal-8071.png,Normal,Normal,True,0.33773118257522583,0.19178318977355957,False,0.19285458326339722,False
2671,/kaggle/input/datasets/tawsifurrahman/covid19-radiography-database/COVID-19_Radiography_Dataset/Normal/images/Normal-808.png,Normal,Normal,True,0.22173947095870972,0.09542804211378098,False,0.09543955326080322,False
2672,/kaggle/input/datasets/tawsifurrahman/covid19-radiography-database/COVID-19_Radiography_Dataset/Normal/images/Normal-8081.png,Normal,Normal,True,0.2940848171710968,0.1846625804901123,False,0.18560682237148285,False
2673,/kaggle/input/datasets/tawsifurrahman/covid19-radiography-database/COVID-19_Radiography_Dataset/Normal/images/Normal-8084.png,Normal,Normal,False,0.23234215378761292,0.14258119463920593,False,0.14661720395088196,False
2674,/kaggle/input/datasets/tawsifurrahman/covid19-radiography-database/COVID-19_Radiography_Dataset/Normal/images/Normal-81.png,Normal,Normal,False,0.1732102930545807,0.1221308633685112,False,0.12237688899040222,False
2675,/kaggle/input/datasets/tawsifurrahman/covid19-radiography-database/COVID-19_Radiography_Dataset/Normal/images/Normal-8100.png,Normal,Normal,True,0.2978515625,0.173787921667099,False,0.17528729140758514,False
2676,/kaggle/input/datasets/tawsifurrahman/covid19-radiography-database/COVID-19_Radiography_Dataset/Normal/images/Normal-8102.png,Normal,Normal,False,0.25908800959587097,0.15947629511356354,False,0.1618712842464447,False
2677,/kaggle/input/datasets/tawsifurrahman/covid19-radiography-database/COVID-19_Radiography_Dataset/Normal/images/Normal-8115.png,Normal,Normal,False,0.18231824040412903,0.09167925268411636,False,0.09156006574630737,False
2678,/kaggle/input/datasets/tawsifurrahman/covid19-radiography-database/COVID-19_Radiography_Dataset/Normal/images/Normal-8119.png,Normal,Normal,False,0.25360730290412903,0.12541130185127258,False,0.12601453065872192,False
2679,/kaggle/input/datasets/tawsifurrahman/covid19-radiography-database/COVID-19_Radiography_Dataset/Normal/images/Normal-8138.png,Normal,Normal,False,0.1312779039144516,0.07406773418188095,False,0.07513423264026642,False
2680,/kaggle/input/datasets/tawsifurrahman/covid19-radiography-database/COVID-19_Radiography_Dataset/Normal/images/Normal-814.png,Normal,Normal,False,0.30026307702064514,0.15793347358703613,False,0.1572917252779007,False
2681,/kaggle/input/datasets/tawsifurrahman/covid19-radiography-database/COVID-19_Radiography_Dataset/Normal/images/Normal-8148.png,Normal,Normal,False,0.11037149280309677,0.10143283754587173,False,0.10792143642902374,False
2682,/kaggle/input/datasets/tawsifurrahman/covid19-radiography-database/COVID-19_Radiography_Dataset/Normal/images/Normal-8157.png,Normal,Normal,False,0.1962292641401291,0.12592126429080963,False,0.1299923062324524,False
2683,/kaggle/input/datasets/tawsifurrahman/covid19-radiography-database/COVID-19_Radiography_Dataset/Normal/images/Normal-8159.png,Normal,Normal,False,0.2045200914144516,0.11644885689020157,False,0.11751821637153625,False
2684,/kaggle/input/datasets/tawsifurrahman/covid19-radiography-database/COVID-19_Radiography_Dataset/Normal/images/Normal-817.png,Normal,Normal,True,0.3087332546710968,0.21040251851081848,False,0.21069864928722382,False
2685,/kaggle/input/datasets/tawsifurrahman/covid19-radiography-database/COVID-19_Radiography_Dataset/Normal/images/Normal-8175.png,Normal,Normal,False,0.2421875,0.1361805945634842,False,0.13721823692321777,False
2686,/kaggle/input/datasets/tawsifurrahman/covid19-radiography-database/COVID-19_Radiography_Dataset/Normal/images/Normal-8177.png,Normal,Normal,False,0.07308274507522583,0.034742869436740875,False,0.0356285460293293,False
2687,/kaggle/input/datasets/tawsifurrahman/covid19-radiography-database/COVID-19_Radiography_Dataset/Normal/images/Normal-8185.png,Normal,Normal,False,0.3258131444454193,0.13691486418247223,False,0.13754241168498993,False
2688,/kaggle/input/datasets/tawsifurrahman/covid19-radiography-database/COVID-19_Radiography_Dataset/Normal/images/Normal-8221.png,Normal,Normal,True,0.18403220176696777,0.09247118979692459,False,0.09312869608402252,False
2689,/kaggle/input/datasets/tawsifurrahman/covid19-radiography-database/COVID-19_Radiography_Dataset/Normal/images/Normal-8231.png,Normal,Normal,False,0.21908880770206451,0.13194744288921356,False,0.13190364837646484,False
2690,/kaggle/input/datasets/tawsifurrahman/covid19-radiography-database/COVID-19_Radiography_Dataset/Normal/images/Normal-8232.png,Normal,Normal,False,0.210797980427742,0.06969258189201355,False,0.07010633498430252,False
2691,/kaggle/input/datasets/tawsifurrahman/covid19-radiography-database/COVID-19_Radiography_Dataset/Normal/images/Normal-8237.png,Normal,Normal,False,0.25358736515045166,0.10664775222539902,False,0.10701224952936172,False
2692,/kaggle/input/datasets/tawsifurrahman/covid19-radiography-database/COVID-19_Radiography_Dataset/Normal/images/Normal-8244.png,Normal,Normal,False,0.29691484570503235,0.1244473084807396,False,0.1252269595861435,False
2693,/kaggle/input/datasets/tawsifurrahman/covid19-radiography-database/COVID-19_Radiography_Dataset/Normal/images/Normal-8249.png,Normal,Normal,False,0.2897002398967743,0.16237856447696686,False,0.16190394759178162,False
2694,/kaggle/input/datasets/tawsifurrahman/covid19-radiography-database/COVID-19_Radiography_Dataset/Normal/images/Normal-8250.png,Normal,Normal,False,0.27144449949264526,0.15285071730613708,False,0.15422601997852325,False
2695,/kaggle/input/datasets/tawsifurrahman/covid19-radiography-database/COVID-19_Radiography_Dataset/Normal/images/Normal-8252.png,Normal,Normal,True,0.24487802386283875,0.14828267693519592,False,0.14890027046203613,False
2696,/kaggle/input/datasets/tawsifurrahman/covid19-radiography-database/COVID-19_Radiography_Dataset/Normal/images/Normal-8260.png,Normal,Normal,True,0.21882972121238708,0.07623587548732758,False,0.07697317004203796,False
2697,/kaggle/input/datasets/tawsifurrahman/covid19-radiography-database/COVID-19_Radiography_Dataset/Normal/images/Normal-8275.png,Normal,Normal,False,0.28517618775367737,0.16266942024230957,False,0.1632394790649414,False
2698,/kaggle/input/datasets/tawsifurrahman/covid19-radiography-database/COVID-19_Radiography_Dataset/Normal/images/Normal-828.png,Normal,COVID,False,0.26923230290412903,0.15468166768550873,False,0.15499214828014374,False
2699,/kaggle/input/datasets/tawsifurrahman/covid19-radiography-database/COVID-19_Radiography_Dataset/Normal/images/Normal-8286.png,Normal,Normal,False,0.20336414873600006,0.0722746029496193,False,0.07283858954906464,False
2700,/kaggle/input/datasets/tawsifurrahman/covid19-radiography-database/COVID-19_Radiography_Dataset/Normal/images/Normal-8294.png,Normal,Normal,False,0.14646443724632263,0.06821050494909286,False,0.06767895817756653,False
2701,/kaggle/input/datasets/tawsifurrahman/covid19-radiography-database/COVID-19_Radiography_Dataset/Normal/images/Normal-8317.png,Normal,Normal,True,0.29209181666374207,0.15773063898086548,False,0.15955355763435364,False
2702,/kaggle/input/datasets/tawsifurrahman/covid19-radiography-database/COVID-19_Radiography_Dataset/Normal/images/Normal-8320.png,Normal,Normal,False,0.3104272782802582,0.14387813210487366,False,0.1448780596256256,False
2703,/kaggle/input/datasets/tawsifurrahman/covid19-radiography-database/COVID-19_Radiography_Dataset/Normal/images/Normal-8322.png,Normal,Normal,True,0.3547711968421936,0.1809517741203308,False,0.1812334656715393,False
2704,/kaggle/input/datasets/tawsifurrahman/covid19-radiography-database/COVID-19_Radiography_Dataset/Normal/images/Normal-833.png,Normal,Normal,False,0.22674186527729034,0.1285530924797058,False,0.1288672834634781,False
2705,/kaggle/input/datasets/tawsifurrahman/covid19-radiography-database/COVID-19_Radiography_Dataset/Normal/images/Normal-8354.png,Normal,Normal,False,0.21633848547935486,0.11415763944387436,False,0.11299499869346619,False
2706,/kaggle/input/datasets/tawsifurrahman/covid19-radiography-database/COVID-19_Radiography_Dataset/Normal/images/Normal-8360.png,Normal,Normal,False,0.24713009595870972,0.14733746647834778,False,0.1482740193605423,False
2707,/kaggle/input/datasets/tawsifurrahman/covid19-radiography-database/COVID-19_Radiography_Dataset/Normal/images/Normal-8370.png,Normal,Normal,False,0.171875,0.09077677875757217,False,0.09108207374811172,False
2708,/kaggle/input/datasets/tawsifurrahman/covid19-radiography-database/COVID-19_Radiography_Dataset/Normal/images/Normal-8371.png,Normal,Normal,False,0.31022799015045166,0.18396352231502533,False,0.1854386329650879,False
2709,/kaggle/input/datasets/tawsifurrahman/covid19-radiography-database/COVID-19_Radiography_Dataset/Normal/images/Normal-8388.png,Normal,Normal,False,0.28234612941741943,0.14684490859508514,False,0.1484931856393814,False
2710,/kaggle/input/datasets/tawsifurrahman/covid19-radiography-database/COVID-19_Radiography_Dataset/Normal/images/Normal-8389.png,Normal,Lung_Opacity,False,0.20234772562980652,0.09356845915317535,False,0.09505318105220795,False
2711,/kaggle/input/datasets/tawsifurrahman/covid19-radiography-database/COVID-19_Radiography_Dataset/Normal/images/Normal-8403.png,Normal,Normal,False,0.2847177982330322,0.09504720568656921,False,0.09509626030921936,False
2712,/kaggle/input/datasets/tawsifurrahman/covid19-radiography-database/COVID-19_Radiography_Dataset/Normal/images/Normal-8405.png,Normal,Normal,True,0.29245057702064514,0.12568803131580353,False,0.12633247673511505,False
2713,/kaggle/input/datasets/tawsifurrahman/covid19-radiography-database/COVID-19_Radiography_Dataset/Normal/images/Normal-8437.png,Normal,Normal,False,0.25099650025367737,0.1348414272069931,False,0.13471119105815887,False
2714,/kaggle/input/datasets/tawsifurrahman/covid19-radiography-database/COVID-19_Radiography_Dataset/Normal/images/Normal-8443.png,Normal,Normal,False,0.342494398355484,0.18524089455604553,False,0.18524350225925446,False
2715,/kaggle/input/datasets/tawsifurrahman/covid19-radiography-database/COVID-19_Radiography_Dataset/Normal/images/Normal-845.png,Normal,Normal,True,0.20039460062980652,0.11658016592264175,False,0.11638928949832916,False
2716,/kaggle/input/datasets/tawsifurrahman/covid19-radiography-database/COVID-19_Radiography_Dataset/Normal/images/Normal-8458.png,Normal,Normal,False,0.3200533986091614,0.17346350848674774,False,0.1744939535856247,False
2717,/kaggle/input/datasets/tawsifurrahman/covid19-radiography-database/COVID-19_Radiography_Dataset/Normal/images/Normal-8460.png,Normal,Normal,True,0.22616389393806458,0.13300099968910217,False,0.13308414816856384,False
2718,/kaggle/input/datasets/tawsifurrahman/covid19-radiography-database/COVID-19_Radiography_Dataset/Normal/images/Normal-8469.png,Normal,Normal,False,0.26239636540412903,0.175426185131073,False,0.17633403837680817,False
2719,/kaggle/input/datasets/tawsifurrahman/covid19-radiography-database/COVID-19_Radiography_Dataset/Normal/images/Normal-847.png,Normal,Normal,True,0.1603754758834839,0.10031763464212418,False,0.10087620466947556,False
2720,/kaggle/input/datasets/tawsifurrahman/covid19-radiography-database/COVID-19_Radiography_Dataset/Normal/images/Normal-8473.png,Normal,Normal,False,0.34677931666374207,0.23417578637599945,False,0.23705916106700897,False
2721,/kaggle/input/datasets/tawsifurrahman/covid19-radiography-database/COVID-19_Radiography_Dataset/Normal/images/Normal-8474.png,Normal,Normal,False,0.30777662992477417,0.20266656577587128,False,0.20504267513751984,False
2722,/kaggle/input/datasets/tawsifurrahman/covid19-radiography-database/COVID-19_Radiography_Dataset/Normal/images/Normal-8487.png,Normal,Normal,False,0.3120017349720001,0.21550127863883972,False,0.21516036987304688,False
2723,/kaggle/input/datasets/tawsifurrahman/covid19-radiography-database/COVID-19_Radiography_Dataset/Normal/images/Normal-849.png,Normal,Normal,True,0.23086734116077423,0.12361554801464081,False,0.12454824149608612,False
2724,/kaggle/input/datasets/tawsifurrahman/covid19-radiography-database/COVID-19_Radiography_Dataset/Normal/images/Normal-8513.png,Normal,COVID,False,0.20011559128761292,0.0832442045211792,False,0.08530578762292862,False
2725,/kaggle/input/datasets/tawsifurrahman/covid19-radiography-database/COVID-19_Radiography_Dataset/Normal/images/Normal-8527.png,Normal,Normal,False,0.2729990482330322,0.11267319321632385,False,0.11392728984355927,False
2726,/kaggle/input/datasets/tawsifurrahman/covid19-radiography-database/COVID-19_Radiography_Dataset/Normal/images/Normal-8540.png,Normal,Normal,False,0.2119140625,0.10891199111938477,False,0.10874553769826889,False
2727,/kaggle/input/datasets/tawsifurrahman/covid19-radiography-database/COVID-19_Radiography_Dataset/Normal/images/Normal-8549.png,Normal,Normal,True,0.2454759180545807,0.14336636662483215,False,0.1435062438249588,False
2728,/kaggle/input/datasets/tawsifurrahman/covid19-radiography-database/COVID-19_Radiography_Dataset/Normal/images/Normal-8559.png,Normal,Normal,False,0.2523517310619354,0.12765297293663025,False,0.1286153942346573,False
2729,/kaggle/input/datasets/tawsifurrahman/covid19-radiography-database/COVID-19_Radiography_Dataset/Normal/images/Normal-856.png,Normal,Normal,False,0.20232780277729034,0.08931738138198853,False,0.08905638009309769,False
2730,/kaggle/input/datasets/tawsifurrahman/covid19-radiography-database/COVID-19_Radiography_Dataset/Normal/images/Normal-8563.png,Normal,Normal,False,0.2101801633834839,0.11145871877670288,False,0.11231235414743423,False
2731,/kaggle/input/datasets/tawsifurrahman/covid19-radiography-database/COVID-19_Radiography_Dataset/Normal/images/Normal-8569.png,Normal,Normal,True,0.18417170643806458,0.1234479546546936,False,0.12303479760885239,False
2732,/kaggle/input/datasets/tawsifurrahman/covid19-radiography-database/COVID-19_Radiography_Dataset/Normal/images/Normal-8579.png,Normal,Normal,False,0.20475924015045166,0.129595547914505,False,0.13057073950767517,False
2733,/kaggle/input/datasets/tawsifurrahman/covid19-radiography-database/COVID-19_Radiography_Dataset/Normal/images/Normal-8589.png,Normal,Normal,False,0.3363560140132904,0.20704005658626556,False,0.2095579206943512,False
2734,/kaggle/input/datasets/tawsifurrahman/covid19-radiography-database/COVID-19_Radiography_Dataset/Normal/images/Normal-8593.png,Normal,Normal,False,0.19886000454425812,0.07707241177558899,False,0.07742909342050552,False
2735,/kaggle/input/datasets/tawsifurrahman/covid19-radiography-database/COVID-19_Radiography_Dataset/Normal/images/Normal-8596.png,Normal,Normal,False,0.2800542116165161,0.17342083156108856,False,0.1731548309326172,False
2736,/kaggle/input/datasets/tawsifurrahman/covid19-radiography-database/COVID-19_Radiography_Dataset/Normal/images/Normal-8597.png,Normal,Normal,True,0.23891900479793549,0.13407650589942932,False,0.13475145399570465,False
2737,/kaggle/input/datasets/tawsifurrahman/covid19-radiography-database/COVID-19_Radiography_Dataset/Normal/images/Normal-8598.png,Normal,Normal,False,0.3420758843421936,0.15941672027111053,False,0.1600814312696457,False
2738,/kaggle/input/datasets/tawsifurrahman/covid19-radiography-database/COVID-19_Radiography_Dataset/Normal/images/Normal-86.png,Normal,Normal,False,0.16438136994838715,0.08382117003202438,False,0.08369196951389313,False
2739,/kaggle/input/datasets/tawsifurrahman/covid19-radiography-database/COVID-19_Radiography_Dataset/Normal/images/Normal-8604.png,Normal,Normal,True,0.23555085062980652,0.10638736933469772,False,0.1078653559088707,False
2740,/kaggle/input/datasets/tawsifurrahman/covid19-radiography-database/COVID-19_Radiography_Dataset/Normal/images/Normal-8610.png,Normal,Normal,False,0.2765664756298065,0.1347227692604065,False,0.13464821875095367,False
2741,/kaggle/input/datasets/tawsifurrahman/covid19-radiography-database/COVID-19_Radiography_Dataset/Normal/images/Normal-8614.png,Normal,Normal,False,0.2161790430545807,0.11558880656957626,False,0.1163063570857048,False
2742,/kaggle/input/datasets/tawsifurrahman/covid19-radiography-database/COVID-19_Radiography_Dataset/Normal/images/Normal-8616.png,Normal,Normal,True,0.34147799015045166,0.1884550154209137,False,0.18788735568523407,False
2743,/kaggle/input/datasets/tawsifurrahman/covid19-radiography-database/COVID-19_Radiography_Dataset/Normal/images/Normal-8619.png,Normal,Normal,False,0.3101084232330322,0.19344258308410645,False,0.1936570554971695,False
2744,/kaggle/input/datasets/tawsifurrahman/covid19-radiography-database/COVID-19_Radiography_Dataset/Normal/images/Normal-862.png,Normal,Normal,True,0.2025071680545807,0.11171672493219376,False,0.11135479807853699,False
2745,/kaggle/input/datasets/tawsifurrahman/covid19-radiography-database/COVID-19_Radiography_Dataset/Normal/images/Normal-8623.png,Normal,Normal,False,0.2839803695678711,0.12402661889791489,False,0.1247405856847763,False
2746,/kaggle/input/datasets/tawsifurrahman/covid19-radiography-database/COVID-19_Radiography_Dataset/Normal/images/Normal-8649.png,Normal,Normal,False,0.3065210282802582,0.1770435869693756,False,0.1778048872947693,False
2747,/kaggle/input/datasets/tawsifurrahman/covid19-radiography-database/COVID-19_Radiography_Dataset/Normal/images/Normal-865.png,Normal,Normal,False,0.189453125,0.085657998919487,False,0.08541706949472427,False
2748,/kaggle/input/datasets/tawsifurrahman/covid19-radiography-database/COVID-19_Radiography_Dataset/Normal/images/Normal-8650.png,Normal,Normal,False,0.1409837305545807,0.043459340929985046,False,0.04339732229709625,False
2749,/kaggle/input/datasets/tawsifurrahman/covid19-radiography-database/COVID-19_Radiography_Dataset/Normal/images/Normal-8663.png,Normal,Normal,False,0.2880062162876129,0.11757853627204895,False,0.11857457458972931,False
2750,/kaggle/input/datasets/tawsifurrahman/covid19-radiography-database/COVID-19_Radiography_Dataset/Normal/images/Normal-8673.png,Normal,Normal,False,0.3178013265132904,0.1556461900472641,False,0.15636788308620453,False
2751,/kaggle/input/datasets/tawsifurrahman/covid19-radiography-database/COVID-19_Radiography_Dataset/Normal/images/Normal-8676.png,Normal,Normal,True,0.39108338952064514,0.21377043426036835,False,0.21423251926898956,False
2752,/kaggle/input/datasets/tawsifurrahman/covid19-radiography-database/COVID-19_Radiography_Dataset/Normal/images/Normal-8678.png,Normal,Normal,True,0.22718031704425812,0.11897148191928864,False,0.11883150041103363,False
2753,/kaggle/input/datasets/tawsifurrahman/covid19-radiography-database/COVID-19_Radiography_Dataset/Normal/images/Normal-8689.png,Normal,Normal,False,0.3065011203289032,0.1642375886440277,False,0.16551227867603302,False
2754,/kaggle/input/datasets/tawsifurrahman/covid19-radiography-database/COVID-19_Radiography_Dataset/Normal/images/Normal-8695.png,Normal,Normal,False,0.2608816921710968,0.1346648931503296,False,0.1356028914451599,False
2755,/kaggle/input/datasets/tawsifurrahman/covid19-radiography-database/COVID-19_Radiography_Dataset/Normal/images/Normal-8701.png,Normal,Normal,True,0.3865991532802582,0.2621814012527466,False,0.26301246881484985,False
2756,/kaggle/input/datasets/tawsifurrahman/covid19-radiography-database/COVID-19_Radiography_Dataset/Normal/images/Normal-8703.png,Normal,Normal,False,0.26399075984954834,0.12148752063512802,False,0.12188823521137238,False
2757,/kaggle/input/datasets/tawsifurrahman/covid19-radiography-database/COVID-19_Radiography_Dataset/Normal/images/Normal-8711.png,Normal,Normal,False,0.27927693724632263,0.18292473256587982,False,0.18307849764823914,False
2758,/kaggle/input/datasets/tawsifurrahman/covid19-radiography-database/COVID-19_Radiography_Dataset/Normal/images/Normal-8743.png,Normal,Normal,True,0.2963169515132904,0.18563693761825562,False,0.1863032728433609,False
2759,/kaggle/input/datasets/tawsifurrahman/covid19-radiography-database/COVID-19_Radiography_Dataset/Normal/images/Normal-8761.png,Normal,Normal,True,0.25653699040412903,0.12319409847259521,False,0.12328268587589264,False
2760,/kaggle/input/datasets/tawsifurrahman/covid19-radiography-database/COVID-19_Radiography_Dataset/Normal/images/Normal-8763.png,Normal,Normal,False,0.29424425959587097,0.16470728814601898,False,0.16533836722373962,False
2761,/kaggle/input/datasets/tawsifurrahman/covid19-radiography-database/COVID-19_Radiography_Dataset/Normal/images/Normal-8766.png,Normal,Normal,False,0.32140862941741943,0.17806562781333923,False,0.17813417315483093,False
2762,/kaggle/input/datasets/tawsifurrahman/covid19-radiography-database/COVID-19_Radiography_Dataset/Normal/images/Normal-8776.png,Normal,Normal,False,0.2386399805545807,0.14599798619747162,False,0.14649780094623566,False
2763,/kaggle/input/datasets/tawsifurrahman/covid19-radiography-database/COVID-19_Radiography_Dataset/Normal/images/Normal-879.png,Normal,Normal,False,0.19401705265045166,0.12556909024715424,False,0.1254403293132782,False
2764,/kaggle/input/datasets/tawsifurrahman/covid19-radiography-database/COVID-19_Radiography_Dataset/Normal/images/Normal-8794.png,Normal,Normal,False,0.228376105427742,0.1442156881093979,False,0.14451196789741516,False
2765,/kaggle/input/datasets/tawsifurrahman/covid19-radiography-database/COVID-19_Radiography_Dataset/Normal/images/Normal-8796.png,Normal,Normal,False,0.25534120202064514,0.14669440686702728,False,0.14740589261054993,False
2766,/kaggle/input/datasets/tawsifurrahman/covid19-radiography-database/COVID-19_Radiography_Dataset/Normal/images/Normal-8801.png,Normal,Normal,False,0.2016701102256775,0.11440262943506241,False,0.11529050022363663,False
2767,/kaggle/input/datasets/tawsifurrahman/covid19-radiography-database/COVID-19_Radiography_Dataset/Normal/images/Normal-8804.png,Normal,Normal,True,0.2580117881298065,0.14294461905956268,False,0.14506898820400238,False
2768,/kaggle/input/datasets/tawsifurrahman/covid19-radiography-database/COVID-19_Radiography_Dataset/Normal/images/Normal-8812.png,Normal,Normal,False,0.18152104318141937,0.09770306944847107,False,0.09664222598075867,False
2769,/kaggle/input/datasets/tawsifurrahman/covid19-radiography-database/COVID-19_Radiography_Dataset/Normal/images/Normal-8815.png,Normal,Normal,False,0.2707868218421936,0.1388925015926361,False,0.13932788372039795,False
2770,/kaggle/input/datasets/tawsifurrahman/covid19-radiography-database/COVID-19_Radiography_Dataset/Normal/images/Normal-8827.png,Normal,Normal,True,0.30891263484954834,0.19224995374679565,False,0.19318310916423798,False
2771,/kaggle/input/datasets/tawsifurrahman/covid19-radiography-database/COVID-19_Radiography_Dataset/Normal/images/Normal-8828.png,Normal,Normal,True,0.33101481199264526,0.2173992395401001,False,0.219619482755661,False
2772,/kaggle/input/datasets/tawsifurrahman/covid19-radiography-database/COVID-19_Radiography_Dataset/Normal/images/Normal-8835.png,Normal,Normal,True,0.22773835062980652,0.10103411972522736,False,0.10061165690422058,False
2773,/kaggle/input/datasets/tawsifurrahman/covid19-radiography-database/COVID-19_Radiography_Dataset/Normal/images/Normal-8843.png,Normal,Normal,True,0.2639508843421936,0.14759618043899536,False,0.14757798612117767,False
2774,/kaggle/input/datasets/tawsifurrahman/covid19-radiography-database/COVID-19_Radiography_Dataset/Normal/images/Normal-8848.png,Normal,Normal,False,0.26285475492477417,0.14423112571239471,False,0.14426736533641815,False
2775,/kaggle/input/datasets/tawsifurrahman/covid19-radiography-database/COVID-19_Radiography_Dataset/Normal/images/Normal-8866.png,Normal,Normal,False,0.2933075428009033,0.12840978801250458,False,0.1302148848772049,False
2776,/kaggle/input/datasets/tawsifurrahman/covid19-radiography-database/COVID-19_Radiography_Dataset/Normal/images/Normal-8875.png,Normal,Normal,True,0.2689732015132904,0.11678972840309143,False,0.11782296746969223,False
2777,/kaggle/input/datasets/tawsifurrahman/covid19-radiography-database/COVID-19_Radiography_Dataset/Normal/images/Normal-8884.png,Normal,Normal,False,0.19491389393806458,0.09088172018527985,False,0.09096314013004303,False
2778,/kaggle/input/datasets/tawsifurrahman/covid19-radiography-database/COVID-19_Radiography_Dataset/Normal/images/Normal-8888.png,Normal,Normal,False,0.2739357352256775,0.1320793479681015,False,0.13313032686710358,False
2779,/kaggle/input/datasets/tawsifurrahman/covid19-radiography-database/COVID-19_Radiography_Dataset/Normal/images/Normal-8897.png,Normal,Normal,False,0.19660793244838715,0.11740921437740326,False,0.11798694729804993,False
2780,/kaggle/input/datasets/tawsifurrahman/covid19-radiography-database/COVID-19_Radiography_Dataset/Normal/images/Normal-8902.png,Normal,Normal,False,0.21723532676696777,0.13498839735984802,False,0.13628244400024414,False
2781,/kaggle/input/datasets/tawsifurrahman/covid19-radiography-database/COVID-19_Radiography_Dataset/Normal/images/Normal-8911.png,Normal,Normal,False,0.31497129797935486,0.18211990594863892,False,0.18305610120296478,False
2782,/kaggle/input/datasets/tawsifurrahman/covid19-radiography-database/COVID-19_Radiography_Dataset/Normal/images/Normal-8914.png,Normal,Normal,True,0.4019849896430969,0.21620231866836548,False,0.21729297935962677,False
2783,/kaggle/input/datasets/tawsifurrahman/covid19-radiography-database/COVID-19_Radiography_Dataset/Normal/images/Normal-8915.png,Normal,Normal,False,0.185546875,0.06980906426906586,False,0.07016679644584656,False
2784,/kaggle/input/datasets/tawsifurrahman/covid19-radiography-database/COVID-19_Radiography_Dataset/Normal/images/Normal-8917.png,Normal,Normal,True,0.10237962007522583,0.06188419833779335,False,0.062359463423490524,False
2785,/kaggle/input/datasets/tawsifurrahman/covid19-radiography-database/COVID-19_Radiography_Dataset/Normal/images/Normal-8919.png,Normal,Normal,False,0.24820630252361298,0.12749038636684418,False,0.12898816168308258,False
2786,/kaggle/input/datasets/tawsifurrahman/covid19-radiography-database/COVID-19_Radiography_Dataset/Normal/images/Normal-8940.png,Normal,Normal,False,0.20511798560619354,0.11613292247056961,False,0.11793842166662216,False
2787,/kaggle/input/datasets/tawsifurrahman/covid19-radiography-database/COVID-19_Radiography_Dataset/Normal/images/Normal-8943.png,Normal,Normal,False,0.2574537694454193,0.1681775450706482,False,0.16967199742794037,False
2788,/kaggle/input/datasets/tawsifurrahman/covid19-radiography-database/COVID-19_Radiography_Dataset/Normal/images/Normal-8948.png,Normal,Normal,False,0.28128984570503235,0.13456176221370697,False,0.13541796803474426,False
2789,/kaggle/input/datasets/tawsifurrahman/covid19-radiography-database/COVID-19_Radiography_Dataset/Normal/images/Normal-8950.png,Normal,Normal,True,0.2322026491165161,0.10319500416517258,False,0.10334462672472,False
2790,/kaggle/input/datasets/tawsifurrahman/covid19-radiography-database/COVID-19_Radiography_Dataset/Normal/images/Normal-8959.png,Normal,Normal,False,0.26532605290412903,0.0961107686161995,False,0.09722297638654709,False
2791,/kaggle/input/datasets/tawsifurrahman/covid19-radiography-database/COVID-19_Radiography_Dataset/Normal/images/Normal-8960.png,Normal,Normal,False,0.26678091287612915,0.1494705080986023,False,0.15068921446800232,False
2792,/kaggle/input/datasets/tawsifurrahman/covid19-radiography-database/COVID-19_Radiography_Dataset/Normal/images/Normal-8961.png,Normal,Normal,False,0.31461256742477417,0.15286138653755188,False,0.15329107642173767,False
2793,/kaggle/input/datasets/tawsifurrahman/covid19-radiography-database/COVID-19_Radiography_Dataset/Normal/images/Normal-8964.png,Normal,Normal,False,0.13123804330825806,0.08201668411493301,False,0.08265930414199829,False
2794,/kaggle/input/datasets/tawsifurrahman/covid19-radiography-database/COVID-19_Radiography_Dataset/Normal/images/Normal-8991.png,Normal,Normal,True,0.2669403553009033,0.14481143653392792,False,0.1451323926448822,False
2795,/kaggle/input/datasets/tawsifurrahman/covid19-radiography-database/COVID-19_Radiography_Dataset/Normal/images/Normal-8992.png,Normal,Normal,False,0.20693159103393555,0.07177579402923584,False,0.07240277528762817,False
2796,/kaggle/input/datasets/tawsifurrahman/covid19-radiography-database/COVID-19_Radiography_Dataset/Normal/images/Normal-9003.png,Normal,Normal,False,0.3187181055545807,0.199167862534523,False,0.2006339728832245,False
2797,/kaggle/input/datasets/tawsifurrahman/covid19-radiography-database/COVID-19_Radiography_Dataset/Normal/images/Normal-9015.png,Normal,Normal,False,0.31092554330825806,0.19220271706581116,False,0.19298005104064941,False
2798,/kaggle/input/datasets/tawsifurrahman/covid19-radiography-database/COVID-19_Radiography_Dataset/Normal/images/Normal-9018.png,Normal,Normal,True,0.31670519709587097,0.20714071393013,False,0.20932544767856598,False
2799,/kaggle/input/datasets/tawsifurrahman/covid19-radiography-database/COVID-19_Radiography_Dataset/Normal/images/Normal-9023.png,Normal,COVID,False,0.17590083181858063,0.07224227488040924,False,0.07372654974460602,False
2800,/kaggle/input/datasets/tawsifurrahman/covid19-radiography-database/COVID-19_Radiography_Dataset/Normal/images/Normal-903.png,Normal,Normal,False,0.16262754797935486,0.07627267390489578,False,0.07601577043533325,False
2801,/kaggle/input/datasets/tawsifurrahman/covid19-radiography-database/COVID-19_Radiography_Dataset/Normal/images/Normal-9032.png,Normal,Normal,True,0.2919324040412903,0.18006537854671478,False,0.17946764826774597,False
2802,/kaggle/input/datasets/tawsifurrahman/covid19-radiography-database/COVID-19_Radiography_Dataset/Normal/images/Normal-9038.png,Normal,Normal,True,0.24264587461948395,0.14640291035175323,False,0.14656634628772736,False
2803,/kaggle/input/datasets/tawsifurrahman/covid19-radiography-database/COVID-19_Radiography_Dataset/Normal/images/Normal-9061.png,Normal,Normal,False,0.36806440353393555,0.22054900228977203,False,0.220855712890625,False
2804,/kaggle/input/datasets/tawsifurrahman/covid19-radiography-database/COVID-19_Radiography_Dataset/Normal/images/Normal-9076.png,Normal,Normal,False,0.3598134517669678,0.17423109710216522,False,0.17488326132297516,False
2805,/kaggle/input/datasets/tawsifurrahman/covid19-radiography-database/COVID-19_Radiography_Dataset/Normal/images/Normal-9083.png,Normal,Normal,True,0.2628946006298065,0.15340779721736908,False,0.15359842777252197,False
2806,/kaggle/input/datasets/tawsifurrahman/covid19-radiography-database/COVID-19_Radiography_Dataset/Normal/images/Normal-9090.png,Normal,Normal,True,0.2204241007566452,0.1227060854434967,False,0.12390103191137314,False
2807,/kaggle/input/datasets/tawsifurrahman/covid19-radiography-database/COVID-19_Radiography_Dataset/Normal/images/Normal-9096.png,Normal,Normal,False,0.2501395046710968,0.11439952254295349,False,0.11564528942108154,False
2808,/kaggle/input/datasets/tawsifurrahman/covid19-radiography-database/COVID-19_Radiography_Dataset/Normal/images/Normal-9097.png,Normal,Normal,True,0.20324458181858063,0.12593884766101837,False,0.12637370824813843,False
2809,/kaggle/input/datasets/tawsifurrahman/covid19-radiography-database/COVID-19_Radiography_Dataset/Normal/images/Normal-9111.png,Normal,Normal,True,0.2323620766401291,0.10575664043426514,False,0.10751081258058548,False
2810,/kaggle/input/datasets/tawsifurrahman/covid19-radiography-database/COVID-19_Radiography_Dataset/Normal/images/Normal-9114.png,Normal,Normal,True,0.35381457209587097,0.1819813847541809,False,0.18328821659088135,False
2811,/kaggle/input/datasets/tawsifurrahman/covid19-radiography-database/COVID-19_Radiography_Dataset/Normal/images/Normal-9124.png,Normal,Normal,False,0.30959025025367737,0.18256254494190216,False,0.1828261911869049,False
2812,/kaggle/input/datasets/tawsifurrahman/covid19-radiography-database/COVID-19_Radiography_Dataset/Normal/images/Normal-9130.png,Normal,Normal,False,0.2583506107330322,0.17124144732952118,False,0.17099377512931824,False
2813,/kaggle/input/datasets/tawsifurrahman/covid19-radiography-database/COVID-19_Radiography_Dataset/Normal/images/Normal-9132.png,Normal,Normal,False,0.22765864431858063,0.13269273936748505,False,0.13314619660377502,False
2814,/kaggle/input/datasets/tawsifurrahman/covid19-radiography-database/COVID-19_Radiography_Dataset/Normal/images/Normal-9147.png,Normal,Normal,False,0.2026466727256775,0.12554031610488892,False,0.1259278804063797,False
2815,/kaggle/input/datasets/tawsifurrahman/covid19-radiography-database/COVID-19_Radiography_Dataset/Normal/images/Normal-9150.png,Normal,Normal,False,0.18989157676696777,0.079841248691082,False,0.08033796399831772,False
2816,/kaggle/input/datasets/tawsifurrahman/covid19-radiography-database/COVID-19_Radiography_Dataset/Normal/images/Normal-9153.png,Normal,Normal,False,0.1765385866165161,0.09576766937971115,False,0.09611762315034866,False
2817,/kaggle/input/datasets/tawsifurrahman/covid19-radiography-database/COVID-19_Radiography_Dataset/Normal/images/Normal-9160.png,Normal,Normal,True,0.3138950765132904,0.13187353312969208,False,0.13173894584178925,False
2818,/kaggle/input/datasets/tawsifurrahman/covid19-radiography-database/COVID-19_Radiography_Dataset/Normal/images/Normal-9165.png,Normal,Normal,False,0.21932795643806458,0.09740035980939865,False,0.09822211414575577,False
2819,/kaggle/input/datasets/tawsifurrahman/covid19-radiography-database/COVID-19_Radiography_Dataset/Normal/images/Normal-9166.png,Normal,Normal,False,0.23776306211948395,0.10856640338897705,False,0.10974273085594177,False
2820,/kaggle/input/datasets/tawsifurrahman/covid19-radiography-database/COVID-19_Radiography_Dataset/Normal/images/Normal-9167.png,Normal,Normal,True,0.23349808156490326,0.10507366061210632,False,0.10858568549156189,False
2821,/kaggle/input/datasets/tawsifurrahman/covid19-radiography-database/COVID-19_Radiography_Dataset/Normal/images/Normal-9171.png,Normal,Normal,True,0.18279655277729034,0.091879703104496,False,0.0917014479637146,False
2822,/kaggle/input/datasets/tawsifurrahman/covid19-radiography-database/COVID-19_Radiography_Dataset/Normal/images/Normal-9178.png,Normal,Normal,False,0.17245295643806458,0.06311620771884918,False,0.06326150894165039,False
2823,/kaggle/input/datasets/tawsifurrahman/covid19-radiography-database/COVID-19_Radiography_Dataset/Normal/images/Normal-9188.png,Normal,Normal,True,0.3288424611091614,0.19310370087623596,False,0.19537486135959625,False
2824,/kaggle/input/datasets/tawsifurrahman/covid19-radiography-database/COVID-19_Radiography_Dataset/Normal/images/Normal-9189.png,Normal,Normal,False,0.32838407158851624,0.18524156510829926,False,0.18664050102233887,False
2825,/kaggle/input/datasets/tawsifurrahman/covid19-radiography-database/COVID-19_Radiography_Dataset/Normal/images/Normal-92.png,Normal,Normal,False,0.24242664873600006,0.10291291028261185,False,0.10313116014003754,False
2826,/kaggle/input/datasets/tawsifurrahman/covid19-radiography-database/COVID-19_Radiography_Dataset/Normal/images/Normal-9206.png,Normal,Normal,False,0.25791212916374207,0.14834384620189667,False,0.14789459109306335,False
2827,/kaggle/input/datasets/tawsifurrahman/covid19-radiography-database/COVID-19_Radiography_Dataset/Normal/images/Normal-9211.png,Normal,Normal,False,0.3083745241165161,0.17225967347621918,False,0.173236683011055,False
2828,/kaggle/input/datasets/tawsifurrahman/covid19-radiography-database/COVID-19_Radiography_Dataset/Normal/images/Normal-923.png,Normal,Viral Pneumonia,False,0.21922831237316132,0.07831206917762756,False,0.07820115983486176,False
2829,/kaggle/input/datasets/tawsifurrahman/covid19-radiography-database/COVID-19_Radiography_Dataset/Normal/images/Normal-9230.png,Normal,Normal,True,0.3570033311843872,0.2346632033586502,False,0.23605993390083313,False
2830,/kaggle/input/datasets/tawsifurrahman/covid19-radiography-database/COVID-19_Radiography_Dataset/Normal/images/Normal-9232.png,Normal,Normal,True,0.19264189898967743,0.06072048470377922,False,0.061955127865076065,False
2831,/kaggle/input/datasets/tawsifurrahman/covid19-radiography-database/COVID-19_Radiography_Dataset/Normal/images/Normal-9236.png,Normal,Normal,False,0.3212890625,0.18868687748908997,False,0.18924178183078766,False
2832,/kaggle/input/datasets/tawsifurrahman/covid19-radiography-database/COVID-19_Radiography_Dataset/Normal/images/Normal-9240.png,Normal,Normal,True,0.2701092064380646,0.13365818560123444,False,0.13395050168037415,False
2833,/kaggle/input/datasets/tawsifurrahman/covid19-radiography-database/COVID-19_Radiography_Dataset/Normal/images/Normal-9241.png,Normal,Normal,False,0.381855845451355,0.2651151418685913,False,0.2666812837123871,False
2834,/kaggle/input/datasets/tawsifurrahman/covid19-radiography-database/COVID-19_Radiography_Dataset/Normal/images/Normal-9243.png,Normal,Normal,True,0.3051857352256775,0.13083359599113464,False,0.13165722787380219,False
2835,/kaggle/input/datasets/tawsifurrahman/covid19-radiography-database/COVID-19_Radiography_Dataset/Normal/images/Normal-9250.png,Normal,Normal,False,0.27780213952064514,0.14162464439868927,False,0.14141562581062317,False
2836,/kaggle/input/datasets/tawsifurrahman/covid19-radiography-database/COVID-19_Radiography_Dataset/Normal/images/Normal-9258.png,Normal,Normal,False,0.21538184583187103,0.07323437929153442,False,0.07330820709466934,False
2837,/kaggle/input/datasets/tawsifurrahman/covid19-radiography-database/COVID-19_Radiography_Dataset/Normal/images/Normal-926.png,Normal,Normal,True,0.2135881632566452,0.09179288148880005,False,0.09192730486392975,False
2838,/kaggle/input/datasets/tawsifurrahman/covid19-radiography-database/COVID-19_Radiography_Dataset/Normal/images/Normal-9260.png,Normal,Normal,False,0.36611127853393555,0.2041126787662506,False,0.20559431612491608,False
2839,/kaggle/input/datasets/tawsifurrahman/covid19-radiography-database/COVID-19_Radiography_Dataset/Normal/images/Normal-9267.png,Normal,Normal,False,0.2668805718421936,0.12880222499370575,False,0.130141481757164,False
2840,/kaggle/input/datasets/tawsifurrahman/covid19-radiography-database/COVID-19_Radiography_Dataset/Normal/images/Normal-9272.png,Normal,Normal,False,0.1950334757566452,0.10922595113515854,False,0.1098354160785675,False
2841,/kaggle/input/datasets/tawsifurrahman/covid19-radiography-database/COVID-19_Radiography_Dataset/Normal/images/Normal-9273.png,Normal,Normal,False,0.33213087916374207,0.21430568397045135,False,0.21339532732963562,False
2842,/kaggle/input/datasets/tawsifurrahman/covid19-radiography-database/COVID-19_Radiography_Dataset/Normal/images/Normal-929.png,Normal,Normal,True,0.15623006224632263,0.06503235548734665,False,0.06496855616569519,False
2843,/kaggle/input/datasets/tawsifurrahman/covid19-radiography-database/COVID-19_Radiography_Dataset/Normal/images/Normal-9290.png,Normal,Normal,True,0.29663583636283875,0.14850406348705292,False,0.14910568296909332,False
2844,/kaggle/input/datasets/tawsifurrahman/covid19-radiography-database/COVID-19_Radiography_Dataset/Normal/images/Normal-9292.png,Normal,Normal,False,0.420619398355484,0.3249371349811554,False,0.32659998536109924,False
2845,/kaggle/input/datasets/tawsifurrahman/covid19-radiography-database/COVID-19_Radiography_Dataset/Normal/images/Normal-9293.png,Normal,Normal,False,0.17709662020206451,0.06884848326444626,False,0.06879086792469025,False
2846,/kaggle/input/datasets/tawsifurrahman/covid19-radiography-database/COVID-19_Radiography_Dataset/Normal/images/Normal-93.png,Normal,Normal,False,0.2678571343421936,0.1357455551624298,False,0.13467325270175934,False
2847,/kaggle/input/datasets/tawsifurrahman/covid19-radiography-database/COVID-19_Radiography_Dataset/Normal/images/Normal-9305.png,Normal,Normal,False,0.36449697613716125,0.26388058066368103,False,0.26683419942855835,False
2848,/kaggle/input/datasets/tawsifurrahman/covid19-radiography-database/COVID-19_Radiography_Dataset/Normal/images/Normal-9308.png,Normal,Normal,False,0.2797153890132904,0.1020456925034523,False,0.10221420973539352,False
2849,/kaggle/input/datasets/tawsifurrahman/covid19-radiography-database/COVID-19_Radiography_Dataset/Normal/images/Normal-931.png,Normal,Normal,True,0.23463408648967743,0.13631784915924072,False,0.1358131766319275,False
2850,/kaggle/input/datasets/tawsifurrahman/covid19-radiography-database/COVID-19_Radiography_Dataset/Normal/images/Normal-9316.png,Normal,Normal,True,0.20711097121238708,0.11584102362394333,False,0.11583782732486725,False
2851,/kaggle/input/datasets/tawsifurrahman/covid19-radiography-database/COVID-19_Radiography_Dataset/Normal/images/Normal-9320.png,Normal,Normal,False,0.2097616344690323,0.14276692271232605,False,0.14463447034358978,False
2852,/kaggle/input/datasets/tawsifurrahman/covid19-radiography-database/COVID-19_Radiography_Dataset/Normal/images/Normal-9322.png,Normal,Normal,False,0.28176817297935486,0.12999799847602844,False,0.1310173124074936,False
2853,/kaggle/input/datasets/tawsifurrahman/covid19-radiography-database/COVID-19_Radiography_Dataset/Normal/images/Normal-9327.png,Normal,Lung_Opacity,False,0.28429925441741943,0.2316451519727707,False,0.23135869204998016,False
2854,/kaggle/input/datasets/tawsifurrahman/covid19-radiography-database/COVID-19_Radiography_Dataset/Normal/images/Normal-933.png,Normal,Normal,False,0.1781529039144516,0.07791773229837418,False,0.07791534811258316,False
2855,/kaggle/input/datasets/tawsifurrahman/covid19-radiography-database/COVID-19_Radiography_Dataset/Normal/images/Normal-934.png,Normal,Normal,False,0.1371372789144516,0.06871236860752106,False,0.06824284046888351,False
2856,/kaggle/input/datasets/tawsifurrahman/covid19-radiography-database/COVID-19_Radiography_Dataset/Normal/images/Normal-9350.png,Normal,Normal,True,0.2749920189380646,0.16237330436706543,False,0.1646127551794052,False
2857,/kaggle/input/datasets/tawsifurrahman/covid19-radiography-database/COVID-19_Radiography_Dataset/Normal/images/Normal-9351.png,Normal,Lung_Opacity,False,0.16260762512683868,0.05143802613019943,False,0.05137401819229126,False
2858,/kaggle/input/datasets/tawsifurrahman/covid19-radiography-database/COVID-19_Radiography_Dataset/Normal/images/Normal-9376.png,Normal,Normal,True,0.18863599002361298,0.06359288096427917,False,0.06400629132986069,False
2859,/kaggle/input/datasets/tawsifurrahman/covid19-radiography-database/COVID-19_Radiography_Dataset/Normal/images/Normal-9377.png,Normal,Normal,True,0.24430005252361298,0.1502159833908081,False,0.15104404091835022,False
2860,/kaggle/input/datasets/tawsifurrahman/covid19-radiography-database/COVID-19_Radiography_Dataset/Normal/images/Normal-9378.png,Normal,Lung_Opacity,False,0.19477438926696777,0.0725909098982811,False,0.0736197829246521,False
2861,/kaggle/input/datasets/tawsifurrahman/covid19-radiography-database/COVID-19_Radiography_Dataset/Normal/images/Normal-9383.png,Normal,Normal,True,0.30387037992477417,0.19847838580608368,False,0.20159107446670532,False
2862,/kaggle/input/datasets/tawsifurrahman/covid19-radiography-database/COVID-19_Radiography_Dataset/Normal/images/Normal-9389.png,Normal,Normal,True,0.30422911047935486,0.2071501463651657,False,0.20747557282447815,False
2863,/kaggle/input/datasets/tawsifurrahman/covid19-radiography-database/COVID-19_Radiography_Dataset/Normal/images/Normal-9395.png,Normal,Normal,False,0.21580037474632263,0.07948200404644012,False,0.07907883077859879,False
2864,/kaggle/input/datasets/tawsifurrahman/covid19-radiography-database/COVID-19_Radiography_Dataset/Normal/images/Normal-9401.png,Normal,Normal,False,0.24669164419174194,0.09713513404130936,False,0.0975673720240593,False
2865,/kaggle/input/datasets/tawsifurrahman/covid19-radiography-database/COVID-19_Radiography_Dataset/Normal/images/Normal-9406.png,Normal,Normal,True,0.24210777878761292,0.1556200236082077,False,0.155690997838974,False
2866,/kaggle/input/datasets/tawsifurrahman/covid19-radiography-database/COVID-19_Radiography_Dataset/Normal/images/Normal-9409.png,Normal,Normal,False,0.24214763939380646,0.13134925067424774,False,0.13130472600460052,False
2867,/kaggle/input/datasets/tawsifurrahman/covid19-radiography-database/COVID-19_Radiography_Dataset/Normal/images/Normal-9412.png,Normal,Normal,True,0.2557796537876129,0.13854777812957764,False,0.13980244100093842,False
2868,/kaggle/input/datasets/tawsifurrahman/covid19-radiography-database/COVID-19_Radiography_Dataset/Normal/images/Normal-9417.png,Normal,Normal,False,0.3361567258834839,0.15030913054943085,False,0.15107065439224243,False
2869,/kaggle/input/datasets/tawsifurrahman/covid19-radiography-database/COVID-19_Radiography_Dataset/Normal/images/Normal-9429.png,Normal,Normal,False,0.3794443607330322,0.21951182186603546,False,0.22052805125713348,False
2870,/kaggle/input/datasets/tawsifurrahman/covid19-radiography-database/COVID-19_Radiography_Dataset/Normal/images/Normal-9439.png,Normal,Normal,True,0.3275868892669678,0.1601865589618683,False,0.16173136234283447,False
2871,/kaggle/input/datasets/tawsifurrahman/covid19-radiography-database/COVID-19_Radiography_Dataset/Normal/images/Normal-9443.png,Normal,Lung_Opacity,True,0.23648755252361298,0.10028571635484695,False,0.10057353973388672,False
2872,/kaggle/input/datasets/tawsifurrahman/covid19-radiography-database/COVID-19_Radiography_Dataset/Normal/images/Normal-9450.png,Normal,Normal,True,0.25009965896606445,0.1452314406633377,False,0.1446758210659027,False
2873,/kaggle/input/datasets/tawsifurrahman/covid19-radiography-database/COVID-19_Radiography_Dataset/Normal/images/Normal-9459.png,Normal,Normal,False,0.18879543244838715,0.10790687054395676,False,0.10902271419763565,False
2874,/kaggle/input/datasets/tawsifurrahman/covid19-radiography-database/COVID-19_Radiography_Dataset/Normal/images/Normal-9476.png,Normal,Lung_Opacity,False,0.1927415430545807,0.08079806715250015,False,0.08096454292535782,False
2875,/kaggle/input/datasets/tawsifurrahman/covid19-radiography-database/COVID-19_Radiography_Dataset/Normal/images/Normal-9477.png,Normal,Normal,False,0.2787189185619354,0.12373029440641403,False,0.12711043655872345,False
2876,/kaggle/input/datasets/tawsifurrahman/covid19-radiography-database/COVID-19_Radiography_Dataset/Normal/images/Normal-948.png,Normal,Normal,False,0.14945392310619354,0.07408398389816284,False,0.07403475046157837,False
2877,/kaggle/input/datasets/tawsifurrahman/covid19-radiography-database/COVID-19_Radiography_Dataset/Normal/images/Normal-9493.png,Normal,Normal,True,0.21990592777729034,0.16383793950080872,False,0.1622551530599594,False
2878,/kaggle/input/datasets/tawsifurrahman/covid19-radiography-database/COVID-19_Radiography_Dataset/Normal/images/Normal-9497.png,Normal,Lung_Opacity,False,0.13705755770206451,0.07494433969259262,False,0.0749996230006218,False
2879,/kaggle/input/datasets/tawsifurrahman/covid19-radiography-database/COVID-19_Radiography_Dataset/Normal/images/Normal-9499.png,Normal,Normal,True,0.18843670189380646,0.10177681595087051,False,0.10293921828269958,False
2880,/kaggle/input/datasets/tawsifurrahman/covid19-radiography-database/COVID-19_Radiography_Dataset/Normal/images/Normal-951.png,Normal,COVID,True,0.2873883843421936,0.12528641521930695,False,0.12682539224624634,False
2881,/kaggle/input/datasets/tawsifurrahman/covid19-radiography-database/COVID-19_Radiography_Dataset/Normal/images/Normal-9537.png,Normal,Normal,False,0.14465083181858063,0.09218355268239975,False,0.09453816711902618,False
2882,/kaggle/input/datasets/tawsifurrahman/covid19-radiography-database/COVID-19_Radiography_Dataset/Normal/images/Normal-9540.png,Normal,Normal,True,0.22528699040412903,0.08570417761802673,False,0.0865030586719513,False
2883,/kaggle/input/datasets/tawsifurrahman/covid19-radiography-database/COVID-19_Radiography_Dataset/Normal/images/Normal-9548.png,Normal,Normal,False,0.23889906704425812,0.1051679477095604,False,0.10699112713336945,False
2884,/kaggle/input/datasets/tawsifurrahman/covid19-radiography-database/COVID-19_Radiography_Dataset/Normal/images/Normal-9555.png,Normal,Normal,False,0.16292649507522583,0.060170162469148636,False,0.06087339669466019,False
2885,/kaggle/input/datasets/tawsifurrahman/covid19-radiography-database/COVID-19_Radiography_Dataset/Normal/images/Normal-956.png,Normal,Normal,False,0.1708386391401291,0.10147371888160706,False,0.10095661133527756,False
2886,/kaggle/input/datasets/tawsifurrahman/covid19-radiography-database/COVID-19_Radiography_Dataset/Normal/images/Normal-9563.png,Normal,Normal,True,0.21890942752361298,0.0719718188047409,False,0.0729685127735138,False
2887,/kaggle/input/datasets/tawsifurrahman/covid19-radiography-database/COVID-19_Radiography_Dataset/Normal/images/Normal-9574.png,Normal,Normal,True,0.1898118555545807,0.06800796836614609,False,0.0683574303984642,False
2888,/kaggle/input/datasets/tawsifurrahman/covid19-radiography-database/COVID-19_Radiography_Dataset/Normal/images/Normal-9592.png,Normal,Normal,False,0.2633928656578064,0.1372966468334198,False,0.13857050240039825,False
2889,/kaggle/input/datasets/tawsifurrahman/covid19-radiography-database/COVID-19_Radiography_Dataset/Normal/images/Normal-9594.png,Normal,Normal,False,0.2507573366165161,0.11114443093538284,False,0.11191441118717194,False
2890,/kaggle/input/datasets/tawsifurrahman/covid19-radiography-database/COVID-19_Radiography_Dataset/Normal/images/Normal-9603.png,Normal,Normal,False,0.2511160671710968,0.10519828647375107,False,0.10629941523075104,False
2891,/kaggle/input/datasets/tawsifurrahman/covid19-radiography-database/COVID-19_Radiography_Dataset/Normal/images/Normal-9607.png,Normal,Normal,False,0.24322384595870972,0.07543544471263885,False,0.07542505115270615,False
2892,/kaggle/input/datasets/tawsifurrahman/covid19-radiography-database/COVID-19_Radiography_Dataset/Normal/images/Normal-9609.png,Normal,Normal,False,0.20505818724632263,0.1083412691950798,False,0.1086488664150238,False
2893,/kaggle/input/datasets/tawsifurrahman/covid19-radiography-database/COVID-19_Radiography_Dataset/Normal/images/Normal-9613.png,Normal,Normal,False,0.26887357234954834,0.17401234805583954,False,0.1741286963224411,False
2894,/kaggle/input/datasets/tawsifurrahman/covid19-radiography-database/COVID-19_Radiography_Dataset/Normal/images/Normal-9616.png,Normal,Normal,False,0.22596460580825806,0.1422673910856247,False,0.14235500991344452,False
2895,/kaggle/input/datasets/tawsifurrahman/covid19-radiography-database/COVID-19_Radiography_Dataset/Normal/images/Normal-9622.png,Normal,Normal,False,0.2679767310619354,0.14354413747787476,False,0.14282208681106567,False
2896,/kaggle/input/datasets/tawsifurrahman/covid19-radiography-database/COVID-19_Radiography_Dataset/Normal/images/Normal-9624.png,Normal,Normal,False,0.20707111060619354,0.12474805116653442,False,0.1251312643289566,False
2897,/kaggle/input/datasets/tawsifurrahman/covid19-radiography-database/COVID-19_Radiography_Dataset/Normal/images/Normal-9630.png,Normal,Normal,False,0.21183434128761292,0.13586826622486115,False,0.1362428516149521,False
2898,/kaggle/input/datasets/tawsifurrahman/covid19-radiography-database/COVID-19_Radiography_Dataset/Normal/images/Normal-9633.png,Normal,Normal,False,0.2719028890132904,0.141585573554039,False,0.14244967699050903,False
2899,/kaggle/input/datasets/tawsifurrahman/covid19-radiography-database/COVID-19_Radiography_Dataset/Normal/images/Normal-9635.png,Normal,Normal,False,0.30235570669174194,0.19259195029735565,False,0.195054829120636,False
2900,/kaggle/input/datasets/tawsifurrahman/covid19-radiography-database/COVID-19_Radiography_Dataset/Normal/images/Normal-9636.png,Normal,Normal,False,0.22002550959587097,0.13120466470718384,False,0.13197490572929382,False
2901,/kaggle/input/datasets/tawsifurrahman/covid19-radiography-database/COVID-19_Radiography_Dataset/Normal/images/Normal-9637.png,Normal,Normal,False,0.2886439561843872,0.10912486910820007,False,0.10965078324079514,False
2902,/kaggle/input/datasets/tawsifurrahman/covid19-radiography-database/COVID-19_Radiography_Dataset/Normal/images/Normal-9641.png,Normal,Normal,False,0.3390066921710968,0.1666647344827652,False,0.16812816262245178,False
2903,/kaggle/input/datasets/tawsifurrahman/covid19-radiography-database/COVID-19_Radiography_Dataset/Normal/images/Normal-9645.png,Normal,Normal,False,0.2392578125,0.13010220229625702,False,0.1308213621377945,False
2904,/kaggle/input/datasets/tawsifurrahman/covid19-radiography-database/COVID-19_Radiography_Dataset/Normal/images/Normal-9647.png,Normal,Normal,True,0.19353874027729034,0.10458387434482574,False,0.10468602925539017,False
2905,/kaggle/input/datasets/tawsifurrahman/covid19-radiography-database/COVID-19_Radiography_Dataset/Normal/images/Normal-9660.png,Normal,Normal,True,0.2642897069454193,0.19097794592380524,False,0.1924024522304535,False
2906,/kaggle/input/datasets/tawsifurrahman/covid19-radiography-database/COVID-19_Radiography_Dataset/Normal/images/Normal-967.png,Normal,Normal,True,0.19058911502361298,0.10329880565404892,False,0.10335737466812134,False
2907,/kaggle/input/datasets/tawsifurrahman/covid19-radiography-database/COVID-19_Radiography_Dataset/Normal/images/Normal-9675.png,Normal,Normal,False,0.19031010568141937,0.08516892790794373,False,0.08617892861366272,False
2908,/kaggle/input/datasets/tawsifurrahman/covid19-radiography-database/COVID-19_Radiography_Dataset/Normal/images/Normal-9680.png,Normal,Normal,False,0.27945631742477417,0.1337256133556366,False,0.1343933492898941,False
2909,/kaggle/input/datasets/tawsifurrahman/covid19-radiography-database/COVID-19_Radiography_Dataset/Normal/images/Normal-969.png,Normal,Normal,False,0.2837013602256775,0.14678066968917847,False,0.14640119671821594,False
2910,/kaggle/input/datasets/tawsifurrahman/covid19-radiography-database/COVID-19_Radiography_Dataset/Normal/images/Normal-9691.png,Normal,Normal,False,0.21131616830825806,0.11540425568819046,False,0.11521042883396149,False
2911,/kaggle/input/datasets/tawsifurrahman/covid19-radiography-database/COVID-19_Radiography_Dataset/Normal/images/Normal-9699.png,Normal,Normal,True,0.31134405732154846,0.15715615451335907,False,0.15836067497730255,False
2912,/kaggle/input/datasets/tawsifurrahman/covid19-radiography-database/COVID-19_Radiography_Dataset/Normal/images/Normal-9700.png,Normal,Lung_Opacity,False,0.28366151452064514,0.1509932577610016,False,0.15121981501579285,False
2913,/kaggle/input/datasets/tawsifurrahman/covid19-radiography-database/COVID-19_Radiography_Dataset/Normal/images/Normal-9705.png,Normal,Normal,False,0.24418048560619354,0.15457123517990112,False,0.1542530208826065,False
2914,/kaggle/input/datasets/tawsifurrahman/covid19-radiography-database/COVID-19_Radiography_Dataset/Normal/images/Normal-9710.png,Normal,Normal,True,0.19822224974632263,0.10941040515899658,False,0.10989568382501602,False
2915,/kaggle/input/datasets/tawsifurrahman/covid19-radiography-database/COVID-19_Radiography_Dataset/Normal/images/Normal-9713.png,Normal,Normal,True,0.07541453838348389,0.03312838077545166,False,0.03311488777399063,False
2916,/kaggle/input/datasets/tawsifurrahman/covid19-radiography-database/COVID-19_Radiography_Dataset/Normal/images/Normal-9722.png,Normal,Normal,False,0.23750397562980652,0.114811010658741,False,0.11589241027832031,False
2917,/kaggle/input/datasets/tawsifurrahman/covid19-radiography-database/COVID-19_Radiography_Dataset/Normal/images/Normal-9728.png,Normal,Normal,False,0.21332907676696777,0.10449191927909851,False,0.10505962371826172,False
2918,/kaggle/input/datasets/tawsifurrahman/covid19-radiography-database/COVID-19_Radiography_Dataset/Normal/images/Normal-9738.png,Normal,Normal,False,0.31887754797935486,0.16361965239048004,False,0.16382701694965363,False
2919,/kaggle/input/datasets/tawsifurrahman/covid19-radiography-database/COVID-19_Radiography_Dataset/Normal/images/Normal-9743.png,Normal,Normal,False,0.08157286047935486,0.07662833482027054,False,0.08024697005748749,False
2920,/kaggle/input/datasets/tawsifurrahman/covid19-radiography-database/COVID-19_Radiography_Dataset/Normal/images/Normal-9751.png,Normal,Normal,True,0.3287029564380646,0.1801845133304596,False,0.18107639253139496,False
2921,/kaggle/input/datasets/tawsifurrahman/covid19-radiography-database/COVID-19_Radiography_Dataset/Normal/images/Normal-9756.png,Normal,Normal,False,0.35746172070503235,0.19811400771141052,False,0.19894756376743317,False
2922,/kaggle/input/datasets/tawsifurrahman/covid19-radiography-database/COVID-19_Radiography_Dataset/Normal/images/Normal-9762.png,Normal,Normal,False,0.21004065871238708,0.11385799199342728,False,0.11490710824728012,False
2923,/kaggle/input/datasets/tawsifurrahman/covid19-radiography-database/COVID-19_Radiography_Dataset/Normal/images/Normal-977.png,Normal,Normal,True,0.17012116312980652,0.09222448617219925,False,0.09193814545869827,False
2924,/kaggle/input/datasets/tawsifurrahman/covid19-radiography-database/COVID-19_Radiography_Dataset/Normal/images/Normal-9770.png,Normal,Normal,True,0.24778778851032257,0.1689908653497696,False,0.16965419054031372,False
2925,/kaggle/input/datasets/tawsifurrahman/covid19-radiography-database/COVID-19_Radiography_Dataset/Normal/images/Normal-9779.png,Normal,Normal,True,0.2091238796710968,0.0771956592798233,False,0.07717243582010269,False
2926,/kaggle/input/datasets/tawsifurrahman/covid19-radiography-database/COVID-19_Radiography_Dataset/Normal/images/Normal-9786.png,Normal,Normal,False,0.23762355744838715,0.13989944756031036,False,0.1416763961315155,False
2927,/kaggle/input/datasets/tawsifurrahman/covid19-radiography-database/COVID-19_Radiography_Dataset/Normal/images/Normal-9789.png,Normal,Normal,False,0.22030451893806458,0.10727287083864212,False,0.10772929340600967,False
2928,/kaggle/input/datasets/tawsifurrahman/covid19-radiography-database/COVID-19_Radiography_Dataset/Normal/images/Normal-9792.png,Normal,Normal,False,0.2255859375,0.11958286166191101,False,0.12106083333492279,False
2929,/kaggle/input/datasets/tawsifurrahman/covid19-radiography-database/COVID-19_Radiography_Dataset/Normal/images/Normal-9796.png,Normal,Normal,False,0.30283400416374207,0.19764895737171173,False,0.1983521729707718,False
2930,/kaggle/input/datasets/tawsifurrahman/covid19-radiography-database/COVID-19_Radiography_Dataset/Normal/images/Normal-9814.png,Normal,Normal,True,0.14772002398967743,0.06053515523672104,False,0.0610591322183609,False
2931,/kaggle/input/datasets/tawsifurrahman/covid19-radiography-database/COVID-19_Radiography_Dataset/Normal/images/Normal-9828.png,Normal,Normal,False,0.26279494166374207,0.13893821835517883,False,0.14048275351524353,False
2932,/kaggle/input/datasets/tawsifurrahman/covid19-radiography-database/COVID-19_Radiography_Dataset/Normal/images/Normal-9831.png,Normal,Normal,False,0.3054647445678711,0.19936101138591766,False,0.2013910561800003,False
2933,/kaggle/input/datasets/tawsifurrahman/covid19-radiography-database/COVID-19_Radiography_Dataset/Normal/images/Normal-9833.png,Normal,Normal,False,0.22082270681858063,0.09294304251670837,False,0.09332101792097092,False
2934,/kaggle/input/datasets/tawsifurrahman/covid19-radiography-database/COVID-19_Radiography_Dataset/Normal/images/Normal-9836.png,Normal,Normal,True,0.20408162474632263,0.0851483941078186,False,0.08533784002065659,False
2935,/kaggle/input/datasets/tawsifurrahman/covid19-radiography-database/COVID-19_Radiography_Dataset/Normal/images/Normal-9837.png,Normal,Normal,False,0.25011956691741943,0.17763669788837433,False,0.1776808202266693,False
2936,/kaggle/input/datasets/tawsifurrahman/covid19-radiography-database/COVID-19_Radiography_Dataset/Normal/images/Normal-9846.png,Normal,Lung_Opacity,False,0.2748525142669678,0.13519452512264252,False,0.13501803576946259,False
2937,/kaggle/input/datasets/tawsifurrahman/covid19-radiography-database/COVID-19_Radiography_Dataset/Normal/images/Normal-9859.png,Normal,Normal,False,0.39714205265045166,0.2938668131828308,False,0.294917494058609,False
2938,/kaggle/input/datasets/tawsifurrahman/covid19-radiography-database/COVID-19_Radiography_Dataset/Normal/images/Normal-986.png,Normal,Normal,False,0.22367267310619354,0.09339050948619843,False,0.09302988648414612,False
2939,/kaggle/input/datasets/tawsifurrahman/covid19-radiography-database/COVID-19_Radiography_Dataset/Normal/images/Normal-9867.png,Normal,Normal,True,0.33757174015045166,0.18325786292552948,False,0.1837913990020752,False
2940,/kaggle/input/datasets/tawsifurrahman/covid19-radiography-database/COVID-19_Radiography_Dataset/Normal/images/Normal-9869.png,Normal,Normal,False,0.28031328320503235,0.13906221091747284,False,0.139959916472435,False
2941,/kaggle/input/datasets/tawsifurrahman/covid19-radiography-database/COVID-19_Radiography_Dataset/Normal/images/Normal-987.png,Normal,Normal,True,0.2931879758834839,0.14626912772655487,False,0.14669659733772278,False
2942,/kaggle/input/datasets/tawsifurrahman/covid19-radiography-database/COVID-19_Radiography_Dataset/Normal/images/Normal-9872.png,Normal,Normal,False,0.2876076102256775,0.14162050187587738,False,0.14100733399391174,False
2943,/kaggle/input/datasets/tawsifurrahman/covid19-radiography-database/COVID-19_Radiography_Dataset/Normal/images/Normal-9875.png,Normal,Normal,False,0.365254282951355,0.28772541880607605,False,0.28743189573287964,False
2944,/kaggle/input/datasets/tawsifurrahman/covid19-radiography-database/COVID-19_Radiography_Dataset/Normal/images/Normal-9878.png,Normal,Normal,False,0.31070631742477417,0.2553988993167877,False,0.2564767897129059,False
2945,/kaggle/input/datasets/tawsifurrahman/covid19-radiography-database/COVID-19_Radiography_Dataset/Normal/images/Normal-9882.png,Normal,Normal,False,0.2787587642669678,0.13620439171791077,False,0.13633772730827332,False
2946,/kaggle/input/datasets/tawsifurrahman/covid19-radiography-database/COVID-19_Radiography_Dataset/Normal/images/Normal-989.png,Normal,Normal,False,0.16436144709587097,0.07762595266103745,False,0.07793138921260834,False
2947,/kaggle/input/datasets/tawsifurrahman/covid19-radiography-database/COVID-19_Radiography_Dataset/Normal/images/Normal-9895.png,Normal,Normal,False,0.19738520681858063,0.13393595814704895,False,0.13375821709632874,False
2948,/kaggle/input/datasets/tawsifurrahman/covid19-radiography-database/COVID-19_Radiography_Dataset/Normal/images/Normal-9896.png,Normal,Normal,False,0.20537707209587097,0.0846947729587555,False,0.0852760374546051,False
2949,/kaggle/input/datasets/tawsifurrahman/covid19-radiography-database/COVID-19_Radiography_Dataset/Normal/images/Normal-9907.png,Normal,Normal,True,0.37844786047935486,0.28676918148994446,False,0.28539717197418213,False
2950,/kaggle/input/datasets/tawsifurrahman/covid19-radiography-database/COVID-19_Radiography_Dataset/Normal/images/Normal-9911.png,Normal,Normal,False,0.24007493257522583,0.1178959533572197,False,0.11799508333206177,False
2951,/kaggle/input/datasets/tawsifurrahman/covid19-radiography-database/COVID-19_Radiography_Dataset/Normal/images/Normal-9924.png,Normal,Normal,False,0.2559988796710968,0.1275513768196106,False,0.1290896236896515,False
2952,/kaggle/input/datasets/tawsifurrahman/covid19-radiography-database/COVID-19_Radiography_Dataset/Normal/images/Normal-9925.png,Normal,Normal,False,0.158203125,0.08679481595754623,False,0.08709938079118729,False
2953,/kaggle/input/datasets/tawsifurrahman/covid19-radiography-database/COVID-19_Radiography_Dataset/Normal/images/Normal-9932.png,Normal,Normal,True,0.26100125908851624,0.12264345586299896,False,0.12381964176893234,False
2954,/kaggle/input/datasets/tawsifurrahman/covid19-radiography-database/COVID-19_Radiography_Dataset/Normal/images/Normal-9936.png,Normal,Normal,False,0.24613361060619354,0.12774983048439026,False,0.12702906131744385,False
2955,/kaggle/input/datasets/tawsifurrahman/covid19-radiography-database/COVID-19_Radiography_Dataset/Normal/images/Normal-9939.png,Normal,Normal,True,0.2818279564380646,0.1668461263179779,False,0.168487548828125,False
2956,/kaggle/input/datasets/tawsifurrahman/covid19-radiography-database/COVID-19_Radiography_Dataset/Normal/images/Normal-9941.png,Normal,Normal,False,0.27568957209587097,0.13586567342281342,False,0.1361912190914154,False
2957,/kaggle/input/datasets/tawsifurrahman/covid19-radiography-database/COVID-19_Radiography_Dataset/Normal/images/Normal-9943.png,Normal,Normal,False,0.162109375,0.0767253190279007,False,0.07695048302412033,False
2958,/kaggle/input/datasets/tawsifurrahman/covid19-radiography-database/COVID-19_Radiography_Dataset/Normal/images/Normal-9956.png,Normal,Lung_Opacity,False,0.2776825428009033,0.12427186220884323,False,0.12636786699295044,False
2959,/kaggle/input/datasets/tawsifurrahman/covid19-radiography-database/COVID-19_Radiography_Dataset/Normal/images/Normal-9959.png,Normal,Normal,True,0.2414301633834839,0.10610788315534592,False,0.10731076449155807,False
2960,/kaggle/input/datasets/tawsifurrahman/covid19-radiography-database/COVID-19_Radiography_Dataset/Normal/images/Normal-9961.png,Normal,Normal,False,0.33597734570503235,0.2806228697299957,False,0.28112563490867615,False
2961,/kaggle/input/datasets/tawsifurrahman/covid19-radiography-database/COVID-19_Radiography_Dataset/Normal/images/Normal-9968.png,Normal,Normal,False,0.185546875,0.10422395169734955,False,0.10529110580682755,False
2962,/kaggle/input/datasets/tawsifurrahman/covid19-radiography-database/COVID-19_Radiography_Dataset/Normal/images/Normal-997.png,Normal,Normal,False,0.2756098508834839,0.15499787032604218,False,0.15510091185569763,False
2963,/kaggle/input/datasets/tawsifurrahman/covid19-radiography-database/COVID-19_Radiography_Dataset/Normal/images/Normal-9973.png,Normal,Normal,True,0.17323023080825806,0.11523693054914474,False,0.1182767003774643,False
2964,/kaggle/input/datasets/tawsifurrahman/covid19-radiography-database/COVID-19_Radiography_Dataset/Normal/images/Normal-9976.png,Normal,Normal,True,0.1860451102256775,0.09520860761404037,False,0.09726699441671371,False
2965,/kaggle/input/datasets/tawsifurrahman/covid19-radiography-database/COVID-19_Radiography_Dataset/Normal/images/Normal-9983.png,Normal,Normal,False,0.3106863796710968,0.26078149676322937,False,0.26037776470184326,False
2966,/kaggle/input/datasets/tawsifurrahman/covid19-radiography-database/COVID-19_Radiography_Dataset/Normal/images/Normal-9991.png,Normal,Lung_Opacity,True,0.11031170189380646,0.05037210136651993,False,0.05114341154694557,False
2967,/kaggle/input/datasets/tawsifurrahman/covid19-radiography-database/COVID-19_Radiography_Dataset/Normal/images/Normal-9993.png,Normal,Lung_Opacity,False,0.2666015625,0.09920588880777359,False,0.09924343228340149,False
2968,/kaggle/input/datasets/tawsifurrahman/covid19-radiography-database/COVID-19_Radiography_Dataset/Normal/images/Normal-9994.png,Normal,Normal,False,0.40453603863716125,0.29851290583610535,False,0.3009474575519562,False
2969,/kaggle/input/datasets/tawsifurrahman/covid19-radiography-database/COVID-19_Radiography_Dataset/Normal/images/Normal-9996.png,Normal,Normal,True,0.33492106199264526,0.21323487162590027,False,0.21520479023456573,False
2970,/kaggle/input/datasets/tawsifurrahman/covid19-radiography-database/COVID-19_Radiography_Dataset/Normal/images/Normal-9997.png,Normal,Normal,True,0.24890385568141937,0.15198014676570892,False,0.15178191661834717,False
2971,/kaggle/input/datasets/tawsifurrahman/covid19-radiography-database/COVID-19_Radiography_Dataset/Normal/images/Normal-9998.png,Normal,Normal,False,0.2887236773967743,0.14594967663288116,False,0.14753590524196625,False
2972,/kaggle/input/datasets/tawsifurrahman/covid19-radiography-database/COVID-19_Radiography_Dataset/Normal/images/Normal-9999.png,Normal,Normal,False,0.17992664873600006,0.10525946319103241,False,0.10544281452894211,False
2973,/kaggle/input/datasets/tawsifurrahman/covid19-radiography-database/COVID-19_Radiography_Dataset/Viral Pneumonia/images/Viral Pneumonia-1011.png,Viral Pneumonia,Viral Pneumonia,False,0.23090720176696777,0.11183512210845947,False,0.11207398027181625,False
2974,/kaggle/input/datasets/tawsifurrahman/covid19-radiography-database/COVID-19_Radiography_Dataset/Viral Pneumonia/images/Viral Pneumonia-1022.png,Viral Pneumonia,Viral Pneumonia,False,0.2045200914144516,0.11210916191339493,False,0.11252632737159729,False
2975,/kaggle/input/datasets/tawsifurrahman/covid19-radiography-database/COVID-19_Radiography_Dataset/Viral Pneumonia/images/Viral Pneumonia-1037.png,Viral Pneumonia,Viral Pneumonia,False,0.16474011540412903,0.07827005535364151,False,0.07913756370544434,False
2976,/kaggle/input/datasets/tawsifurrahman/covid19-radiography-database/COVID-19_Radiography_Dataset/Viral Pneumonia/images/Viral Pneumonia-1051.png,Viral Pneumonia,Viral Pneumonia,False,0.2647879421710968,0.09179538488388062,False,0.09171881526708603,False
2977,/kaggle/input/datasets/tawsifurrahman/covid19-radiography-database/COVID-19_Radiography_Dataset/Viral Pneumonia/images/Viral Pneumonia-1053.png,Viral Pneumonia,Viral Pneumonia,True,0.2679767310619354,0.14007224142551422,False,0.14021475613117218,False
2978,/kaggle/input/datasets/tawsifurrahman/covid19-radiography-database/COVID-19_Radiography_Dataset/Viral Pneumonia/images/Viral Pneumonia-1055.png,Viral Pneumonia,Viral Pneumonia,True,0.13659916818141937,0.07285760343074799,False,0.0721975639462471,False
2979,/kaggle/input/datasets/tawsifurrahman/covid19-radiography-database/COVID-19_Radiography_Dataset/Viral Pneumonia/images/Viral Pneumonia-106.png,Viral Pneumonia,Viral Pneumonia,True,0.18594546616077423,0.11066275835037231,False,0.1109028086066246,False
2980,/kaggle/input/datasets/tawsifurrahman/covid19-radiography-database/COVID-19_Radiography_Dataset/Viral Pneumonia/images/Viral Pneumonia-1061.png,Viral Pneumonia,Viral Pneumonia,False,0.22347337007522583,0.08331622928380966,False,0.08332923799753189,False
2981,/kaggle/input/datasets/tawsifurrahman/covid19-radiography-database/COVID-19_Radiography_Dataset/Viral Pneumonia/images/Viral Pneumonia-1064.png,Viral Pneumonia,Viral Pneumonia,False,0.2721022069454193,0.16125483810901642,False,0.16156381368637085,False
2982,/kaggle/input/datasets/tawsifurrahman/covid19-radiography-database/COVID-19_Radiography_Dataset/Viral Pneumonia/images/Viral Pneumonia-1072.png,Viral Pneumonia,Viral Pneumonia,True,0.26078203320503235,0.11925668269395828,False,0.11972323805093765,False
2983,/kaggle/input/datasets/tawsifurrahman/covid19-radiography-database/COVID-19_Radiography_Dataset/Viral Pneumonia/images/Viral Pneumonia-1075.png,Viral Pneumonia,Viral Pneumonia,True,0.2286551296710968,0.10563365370035172,False,0.10571902245283127,False
2984,/kaggle/input/datasets/tawsifurrahman/covid19-radiography-database/COVID-19_Radiography_Dataset/Viral Pneumonia/images/Viral Pneumonia-1081.png,Viral Pneumonia,Viral Pneumonia,False,0.20932318270206451,0.11008448898792267,False,0.10992828011512756,False
2985,/kaggle/input/datasets/tawsifurrahman/covid19-radiography-database/COVID-19_Radiography_Dataset/Viral Pneumonia/images/Viral Pneumonia-1084.png,Viral Pneumonia,Viral Pneumonia,True,0.24286511540412903,0.13958123326301575,False,0.13882742822170258,False
2986,/kaggle/input/datasets/tawsifurrahman/covid19-radiography-database/COVID-19_Radiography_Dataset/Viral Pneumonia/images/Viral Pneumonia-1085.png,Viral Pneumonia,Viral Pneumonia,False,0.22096221148967743,0.12039869278669357,False,0.12107490748167038,False
2987,/kaggle/input/datasets/tawsifurrahman/covid19-radiography-database/COVID-19_Radiography_Dataset/Viral Pneumonia/images/Viral Pneumonia-1087.png,Viral Pneumonia,Viral Pneumonia,False,0.33408400416374207,0.18038105964660645,False,0.18055826425552368,False
2988,/kaggle/input/datasets/tawsifurrahman/covid19-radiography-database/COVID-19_Radiography_Dataset/Viral Pneumonia/images/Viral Pneumonia-109.png,Viral Pneumonia,Viral Pneumonia,False,0.22743940353393555,0.09222385287284851,False,0.09276540577411652,False
2989,/kaggle/input/datasets/tawsifurrahman/covid19-radiography-database/COVID-19_Radiography_Dataset/Viral Pneumonia/images/Viral Pneumonia-1091.png,Viral Pneumonia,Viral Pneumonia,False,0.1464245766401291,0.08813616633415222,False,0.08835671842098236,False
2990,/kaggle/input/datasets/tawsifurrahman/covid19-radiography-database/COVID-19_Radiography_Dataset/Viral Pneumonia/images/Viral Pneumonia-1096.png,Viral Pneumonia,Viral Pneumonia,True,0.23286032676696777,0.14433440566062927,False,0.14541129767894745,False
2991,/kaggle/input/datasets/tawsifurrahman/covid19-radiography-database/COVID-19_Radiography_Dataset/Viral Pneumonia/images/Viral Pneumonia-1097.png,Viral Pneumonia,Viral Pneumonia,False,0.21892936527729034,0.12099666893482208,False,0.12122390419244766,False
2992,/kaggle/input/datasets/tawsifurrahman/covid19-radiography-database/COVID-19_Radiography_Dataset/Viral Pneumonia/images/Viral Pneumonia-110.png,Viral Pneumonia,Viral Pneumonia,True,0.2603037357330322,0.11396684497594833,False,0.11441660672426224,False
2993,/kaggle/input/datasets/tawsifurrahman/covid19-radiography-database/COVID-19_Radiography_Dataset/Viral Pneumonia/images/Viral Pneumonia-1103.png,Viral Pneumonia,Viral Pneumonia,False,0.18594546616077423,0.09474211931228638,False,0.09437445551156998,False
2994,/kaggle/input/datasets/tawsifurrahman/covid19-radiography-database/COVID-19_Radiography_Dataset/Viral Pneumonia/images/Viral Pneumonia-1104.png,Viral Pneumonia,Viral Pneumonia,False,0.2895407974720001,0.15796999633312225,False,0.1580895185470581,False
2995,/kaggle/input/datasets/tawsifurrahman/covid19-radiography-database/COVID-19_Radiography_Dataset/Viral Pneumonia/images/Viral Pneumonia-1117.png,Viral Pneumonia,Viral Pneumonia,False,0.2251674085855484,0.11250890791416168,False,0.1127321869134903,False
2996,/kaggle/input/datasets/tawsifurrahman/covid19-radiography-database/COVID-19_Radiography_Dataset/Viral Pneumonia/images/Viral Pneumonia-1119.png,Viral Pneumonia,Viral Pneumonia,True,0.1905691921710968,0.11956723779439926,False,0.11926861852407455,False
2997,/kaggle/input/datasets/tawsifurrahman/covid19-radiography-database/COVID-19_Radiography_Dataset/Viral Pneumonia/images/Viral Pneumonia-1122.png,Viral Pneumonia,Viral Pneumonia,False,0.162946417927742,0.06856747716665268,False,0.06851840764284134,False
2998,/kaggle/input/datasets/tawsifurrahman/covid19-radiography-database/COVID-19_Radiography_Dataset/Viral Pneumonia/images/Viral Pneumonia-1129.png,Viral Pneumonia,Viral Pneumonia,False,0.1697225719690323,0.09578295052051544,False,0.09584654867649078,False
2999,/kaggle/input/datasets/tawsifurrahman/covid19-radiography-database/COVID-19_Radiography_Dataset/Viral Pneumonia/images/Viral Pneumonia-1134.png,Viral Pneumonia,Viral Pneumonia,True,0.19152583181858063,0.06344375014305115,False,0.06340469419956207,False
3000,/kaggle/input/datasets/tawsifurrahman/covid19-radiography-database/COVID-19_Radiography_Dataset/Viral Pneumonia/images/Viral Pneumonia-1145.png,Viral Pneumonia,Viral Pneumonia,False,0.20065370202064514,0.09076464921236038,False,0.09080778062343597,False
3001,/kaggle/input/datasets/tawsifurrahman/covid19-radiography-database/COVID-19_Radiography_Dataset/Viral Pneumonia/images/Viral Pneumonia-1169.png,Viral Pneumonia,Viral Pneumonia,True,0.22548627853393555,0.11394086480140686,False,0.11426379531621933,False
3002,/kaggle/input/datasets/tawsifurrahman/covid19-radiography-database/COVID-19_Radiography_Dataset/Viral Pneumonia/images/Viral Pneumonia-1173.png,Viral Pneumonia,Viral Pneumonia,False,0.17873086035251617,0.08143913745880127,False,0.08127642422914505,False
3003,/kaggle/input/datasets/tawsifurrahman/covid19-radiography-database/COVID-19_Radiography_Dataset/Viral Pneumonia/images/Viral Pneumonia-1178.png,Viral Pneumonia,Viral Pneumonia,True,0.2848971486091614,0.12376028299331665,False,0.1243201196193695,False
3004,/kaggle/input/datasets/tawsifurrahman/covid19-radiography-database/COVID-19_Radiography_Dataset/Viral Pneumonia/images/Viral Pneumonia-1179.png,Viral Pneumonia,Viral Pneumonia,True,0.23349808156490326,0.12007556110620499,False,0.12065715342760086,False
3005,/kaggle/input/datasets/tawsifurrahman/covid19-radiography-database/COVID-19_Radiography_Dataset/Viral Pneumonia/images/Viral Pneumonia-118.png,Viral Pneumonia,Viral Pneumonia,False,0.20342394709587097,0.0982096940279007,False,0.09806936979293823,False
3006,/kaggle/input/datasets/tawsifurrahman/covid19-radiography-database/COVID-19_Radiography_Dataset/Viral Pneumonia/images/Viral Pneumonia-1187.png,Viral Pneumonia,Viral Pneumonia,False,0.31084582209587097,0.15374861657619476,False,0.15363739430904388,False
3007,/kaggle/input/datasets/tawsifurrahman/covid19-radiography-database/COVID-19_Radiography_Dataset/Viral Pneumonia/images/Viral Pneumonia-1191.png,Viral Pneumonia,Viral Pneumonia,False,0.22062340378761292,0.10055515915155411,False,0.10058150440454483,False
3008,/kaggle/input/datasets/tawsifurrahman/covid19-radiography-database/COVID-19_Radiography_Dataset/Viral Pneumonia/images/Viral Pneumonia-1195.png,Viral Pneumonia,Viral Pneumonia,False,0.2719228267669678,0.14140503108501434,False,0.14172351360321045,False
3009,/kaggle/input/datasets/tawsifurrahman/covid19-radiography-database/COVID-19_Radiography_Dataset/Viral Pneumonia/images/Viral Pneumonia-12.png,Viral Pneumonia,Viral Pneumonia,True,0.24635283648967743,0.08954447507858276,False,0.08943760395050049,False
3010,/kaggle/input/datasets/tawsifurrahman/covid19-radiography-database/COVID-19_Radiography_Dataset/Viral Pneumonia/images/Viral Pneumonia-120.png,Viral Pneumonia,Viral Pneumonia,False,0.13215480744838715,0.05054391548037529,False,0.050270311534404755,False
3011,/kaggle/input/datasets/tawsifurrahman/covid19-radiography-database/COVID-19_Radiography_Dataset/Viral Pneumonia/images/Viral Pneumonia-1202.png,Viral Pneumonia,Viral Pneumonia,False,0.1905691921710968,0.08966498076915741,False,0.089805468916893,False
3012,/kaggle/input/datasets/tawsifurrahman/covid19-radiography-database/COVID-19_Radiography_Dataset/Viral Pneumonia/images/Viral Pneumonia-1218.png,Viral Pneumonia,Viral Pneumonia,False,0.24948181211948395,0.11423856765031815,False,0.11382611840963364,False
3013,/kaggle/input/datasets/tawsifurrahman/covid19-radiography-database/COVID-19_Radiography_Dataset/Viral Pneumonia/images/Viral Pneumonia-1224.png,Viral Pneumonia,Normal,False,0.3085140287876129,0.15841127932071686,False,0.1573282778263092,False
3014,/kaggle/input/datasets/tawsifurrahman/covid19-radiography-database/COVID-19_Radiography_Dataset/Viral Pneumonia/images/Viral Pneumonia-1228.png,Viral Pneumonia,Viral Pneumonia,False,0.25308912992477417,0.13179537653923035,False,0.1318073570728302,False
3015,/kaggle/input/datasets/tawsifurrahman/covid19-radiography-database/COVID-19_Radiography_Dataset/Viral Pneumonia/images/Viral Pneumonia-1237.png,Viral Pneumonia,Viral Pneumonia,True,0.26773756742477417,0.1301364302635193,False,0.1298554390668869,False
3016,/kaggle/input/datasets/tawsifurrahman/covid19-radiography-database/COVID-19_Radiography_Dataset/Viral Pneumonia/images/Viral Pneumonia-1240.png,Viral Pneumonia,Viral Pneumonia,True,0.20141102373600006,0.06246635317802429,False,0.062217555940151215,False
3017,/kaggle/input/datasets/tawsifurrahman/covid19-radiography-database/COVID-19_Radiography_Dataset/Viral Pneumonia/images/Viral Pneumonia-1242.png,Viral Pneumonia,Viral Pneumonia,False,0.17291134595870972,0.048688311129808426,False,0.04859834164381027,False
3018,/kaggle/input/datasets/tawsifurrahman/covid19-radiography-database/COVID-19_Radiography_Dataset/Viral Pneumonia/images/Viral Pneumonia-1243.png,Viral Pneumonia,Viral Pneumonia,False,0.19638870656490326,0.07860789448022842,False,0.07859481126070023,False
3019,/kaggle/input/datasets/tawsifurrahman/covid19-radiography-database/COVID-19_Radiography_Dataset/Viral Pneumonia/images/Viral Pneumonia-1244.png,Viral Pneumonia,Viral Pneumonia,False,0.26853474974632263,0.13559980690479279,False,0.13542155921459198,False
3020,/kaggle/input/datasets/tawsifurrahman/covid19-radiography-database/COVID-19_Radiography_Dataset/Viral Pneumonia/images/Viral Pneumonia-1254.png,Viral Pneumonia,Viral Pneumonia,False,0.28720900416374207,0.13998255133628845,False,0.14047184586524963,False
3021,/kaggle/input/datasets/tawsifurrahman/covid19-radiography-database/COVID-19_Radiography_Dataset/Viral Pneumonia/images/Viral Pneumonia-1261.png,Viral Pneumonia,Viral Pneumonia,True,0.26650190353393555,0.12869030237197876,False,0.12942369282245636,False
3022,/kaggle/input/datasets/tawsifurrahman/covid19-radiography-database/COVID-19_Radiography_Dataset/Viral Pneumonia/images/Viral Pneumonia-1263.png,Viral Pneumonia,Viral Pneumonia,True,0.22724011540412903,0.10496383905410767,False,0.10491522401571274,False
3023,/kaggle/input/datasets/tawsifurrahman/covid19-radiography-database/COVID-19_Radiography_Dataset/Viral Pneumonia/images/Viral Pneumonia-1267.png,Viral Pneumonia,Viral Pneumonia,False,0.2797751724720001,0.12199565768241882,False,0.12062869966030121,False
3024,/kaggle/input/datasets/tawsifurrahman/covid19-radiography-database/COVID-19_Radiography_Dataset/Viral Pneumonia/images/Viral Pneumonia-1269.png,Viral Pneumonia,Viral Pneumonia,False,0.1780133843421936,0.050429392606019974,False,0.05035357177257538,False
3025,/kaggle/input/datasets/tawsifurrahman/covid19-radiography-database/COVID-19_Radiography_Dataset/Viral Pneumonia/images/Viral Pneumonia-127.png,Viral Pneumonia,Viral Pneumonia,False,0.2674984037876129,0.12013492733240128,False,0.12013658881187439,False
3026,/kaggle/input/datasets/tawsifurrahman/covid19-radiography-database/COVID-19_Radiography_Dataset/Viral Pneumonia/images/Viral Pneumonia-1281.png,Viral Pneumonia,Viral Pneumonia,True,0.25994497537612915,0.1350635141134262,False,0.1350545585155487,False
3027,/kaggle/input/datasets/tawsifurrahman/covid19-radiography-database/COVID-19_Radiography_Dataset/Viral Pneumonia/images/Viral Pneumonia-1286.png,Viral Pneumonia,Viral Pneumonia,False,0.30939093232154846,0.17078280448913574,False,0.17144279181957245,False
3028,/kaggle/input/datasets/tawsifurrahman/covid19-radiography-database/COVID-19_Radiography_Dataset/Viral Pneumonia/images/Viral Pneumonia-129.png,Viral Pneumonia,Viral Pneumonia,True,0.23935745656490326,0.11206915974617004,False,0.1120135486125946,False
3029,/kaggle/input/datasets/tawsifurrahman/covid19-radiography-database/COVID-19_Radiography_Dataset/Viral Pneumonia/images/Viral Pneumonia-1298.png,Viral Pneumonia,Viral Pneumonia,False,0.233258917927742,0.11164993792772293,False,0.11170711368322372,False
3030,/kaggle/input/datasets/tawsifurrahman/covid19-radiography-database/COVID-19_Radiography_Dataset/Viral Pneumonia/images/Viral Pneumonia-1304.png,Viral Pneumonia,Viral Pneumonia,False,0.2181919664144516,0.09530273824930191,False,0.09617828577756882,False
3031,/kaggle/input/datasets/tawsifurrahman/covid19-radiography-database/COVID-19_Radiography_Dataset/Viral Pneumonia/images/Viral Pneumonia-1309.png,Viral Pneumonia,Viral Pneumonia,False,0.2855149805545807,0.17502844333648682,False,0.17492306232452393,False
3032,/kaggle/input/datasets/tawsifurrahman/covid19-radiography-database/COVID-19_Radiography_Dataset/Viral Pneumonia/images/Viral Pneumonia-1310.png,Viral Pneumonia,Viral Pneumonia,False,0.205078125,0.10318424552679062,False,0.10313905775547028,False
3033,/kaggle/input/datasets/tawsifurrahman/covid19-radiography-database/COVID-19_Radiography_Dataset/Viral Pneumonia/images/Viral Pneumonia-1313.png,Viral Pneumonia,Viral Pneumonia,False,0.222516730427742,0.10308130830526352,False,0.10330987721681595,False
3034,/kaggle/input/datasets/tawsifurrahman/covid19-radiography-database/COVID-19_Radiography_Dataset/Viral Pneumonia/images/Viral Pneumonia-1316.png,Viral Pneumonia,Viral Pneumonia,False,0.24774792790412903,0.12397933006286621,False,0.12354651838541031,False
3035,/kaggle/input/datasets/tawsifurrahman/covid19-radiography-database/COVID-19_Radiography_Dataset/Viral Pneumonia/images/Viral Pneumonia-1318.png,Viral Pneumonia,Viral Pneumonia,False,0.24248644709587097,0.1133650690317154,False,0.11273862421512604,False
3036,/kaggle/input/datasets/tawsifurrahman/covid19-radiography-database/COVID-19_Radiography_Dataset/Viral Pneumonia/images/Viral Pneumonia-1333.png,Viral Pneumonia,Viral Pneumonia,False,0.31178250908851624,0.18432462215423584,False,0.1842842698097229,False
3037,/kaggle/input/datasets/tawsifurrahman/covid19-radiography-database/COVID-19_Radiography_Dataset/Viral Pneumonia/images/Viral Pneumonia-1334.png,Viral Pneumonia,Viral Pneumonia,True,0.1850685477256775,0.09785676747560501,False,0.09837070852518082,False
3038,/kaggle/input/datasets/tawsifurrahman/covid19-radiography-database/COVID-19_Radiography_Dataset/Viral Pneumonia/images/Viral Pneumonia-1335.png,Viral Pneumonia,Viral Pneumonia,False,0.2581712305545807,0.1160484254360199,False,0.11734277755022049,False
3039,/kaggle/input/datasets/tawsifurrahman/covid19-radiography-database/COVID-19_Radiography_Dataset/Viral Pneumonia/images/Viral Pneumonia-1337.png,Viral Pneumonia,Viral Pneumonia,False,0.22855548560619354,0.09788762778043747,False,0.09807746112346649,False
3040,/kaggle/input/datasets/tawsifurrahman/covid19-radiography-database/COVID-19_Radiography_Dataset/Viral Pneumonia/images/Viral Pneumonia-137.png,Viral Pneumonia,Normal,False,0.12264827638864517,0.046800095587968826,False,0.04679734632372856,False
3041,/kaggle/input/datasets/tawsifurrahman/covid19-radiography-database/COVID-19_Radiography_Dataset/Viral Pneumonia/images/Viral Pneumonia-151.png,Viral Pneumonia,Viral Pneumonia,False,0.33338648080825806,0.22102315723896027,False,0.22199593484401703,False
3042,/kaggle/input/datasets/tawsifurrahman/covid19-radiography-database/COVID-19_Radiography_Dataset/Viral Pneumonia/images/Viral Pneumonia-156.png,Viral Pneumonia,Viral Pneumonia,True,0.18502870202064514,0.09823291748762131,False,0.09720366448163986,False
3043,/kaggle/input/datasets/tawsifurrahman/covid19-radiography-database/COVID-19_Radiography_Dataset/Viral Pneumonia/images/Viral Pneumonia-157.png,Viral Pneumonia,Viral Pneumonia,False,0.20330436527729034,0.09703969955444336,False,0.09636349231004715,False
3044,/kaggle/input/datasets/tawsifurrahman/covid19-radiography-database/COVID-19_Radiography_Dataset/Viral Pneumonia/images/Viral Pneumonia-16.png,Viral Pneumonia,Viral Pneumonia,False,0.34984853863716125,0.19580115377902985,False,0.19567866623401642,False
3045,/kaggle/input/datasets/tawsifurrahman/covid19-radiography-database/COVID-19_Radiography_Dataset/Viral Pneumonia/images/Viral Pneumonia-166.png,Viral Pneumonia,Viral Pneumonia,False,0.18020567297935486,0.1482868790626526,False,0.1478484869003296,False
3046,/kaggle/input/datasets/tawsifurrahman/covid19-radiography-database/COVID-19_Radiography_Dataset/Viral Pneumonia/images/Viral Pneumonia-169.png,Viral Pneumonia,Viral Pneumonia,True,0.315150648355484,0.16395798325538635,False,0.16361171007156372,False
3047,/kaggle/input/datasets/tawsifurrahman/covid19-radiography-database/COVID-19_Radiography_Dataset/Viral Pneumonia/images/Viral Pneumonia-172.png,Viral Pneumonia,Viral Pneumonia,False,0.2503387928009033,0.10800527036190033,False,0.10826540738344193,False
3048,/kaggle/input/datasets/tawsifurrahman/covid19-radiography-database/COVID-19_Radiography_Dataset/Viral Pneumonia/images/Viral Pneumonia-184.png,Viral Pneumonia,Viral Pneumonia,False,0.2778419852256775,0.20845429599285126,False,0.20849555730819702,False
3049,/kaggle/input/datasets/tawsifurrahman/covid19-radiography-database/COVID-19_Radiography_Dataset/Viral Pneumonia/images/Viral Pneumonia-191.png,Viral Pneumonia,Viral Pneumonia,False,0.2945830523967743,0.17989006638526917,False,0.17994701862335205,False
3050,/kaggle/input/datasets/tawsifurrahman/covid19-radiography-database/COVID-19_Radiography_Dataset/Viral Pneumonia/images/Viral Pneumonia-192.png,Viral Pneumonia,Viral Pneumonia,False,0.20727039873600006,0.06903129070997238,False,0.06889369338750839,False
3051,/kaggle/input/datasets/tawsifurrahman/covid19-radiography-database/COVID-19_Radiography_Dataset/Viral Pneumonia/images/Viral Pneumonia-2.png,Viral Pneumonia,Viral Pneumonia,True,0.19620934128761292,0.07295386493206024,False,0.07367683947086334,False
3052,/kaggle/input/datasets/tawsifurrahman/covid19-radiography-database/COVID-19_Radiography_Dataset/Viral Pneumonia/images/Viral Pneumonia-215.png,Viral Pneumonia,Viral Pneumonia,True,0.2058553844690323,0.10682667046785355,False,0.10659709572792053,False
3053,/kaggle/input/datasets/tawsifurrahman/covid19-radiography-database/COVID-19_Radiography_Dataset/Viral Pneumonia/images/Viral Pneumonia-222.png,Viral Pneumonia,Viral Pneumonia,False,0.2788584232330322,0.24626736342906952,False,0.24732676148414612,False
3054,/kaggle/input/datasets/tawsifurrahman/covid19-radiography-database/COVID-19_Radiography_Dataset/Viral Pneumonia/images/Viral Pneumonia-227.png,Viral Pneumonia,Viral Pneumonia,False,0.30137914419174194,0.17820534110069275,False,0.1782984584569931,False
3055,/kaggle/input/datasets/tawsifurrahman/covid19-radiography-database/COVID-19_Radiography_Dataset/Viral Pneumonia/images/Viral Pneumonia-237.png,Viral Pneumonia,Viral Pneumonia,False,0.20894451439380646,0.068134605884552,False,0.06826440244913101,False
3056,/kaggle/input/datasets/tawsifurrahman/covid19-radiography-database/COVID-19_Radiography_Dataset/Viral Pneumonia/images/Viral Pneumonia-242.png,Viral Pneumonia,Viral Pneumonia,False,0.22919324040412903,0.11831408739089966,False,0.1186959370970726,False
3057,/kaggle/input/datasets/tawsifurrahman/covid19-radiography-database/COVID-19_Radiography_Dataset/Viral Pneumonia/images/Viral Pneumonia-250.png,Viral Pneumonia,Viral Pneumonia,True,0.21043924987316132,0.09072937816381454,False,0.09079397469758987,False
3058,/kaggle/input/datasets/tawsifurrahman/covid19-radiography-database/COVID-19_Radiography_Dataset/Viral Pneumonia/images/Viral Pneumonia-256.png,Viral Pneumonia,Viral Pneumonia,False,0.15828284621238708,0.07673455029726028,False,0.07671885192394257,False
3059,/kaggle/input/datasets/tawsifurrahman/covid19-radiography-database/COVID-19_Radiography_Dataset/Viral Pneumonia/images/Viral Pneumonia-261.png,Viral Pneumonia,Viral Pneumonia,False,0.2574736773967743,0.12528705596923828,False,0.12506639957427979,False
3060,/kaggle/input/datasets/tawsifurrahman/covid19-radiography-database/COVID-19_Radiography_Dataset/Viral Pneumonia/images/Viral Pneumonia-262.png,Viral Pneumonia,Viral Pneumonia,False,0.31993383169174194,0.1416734904050827,False,0.14220145344734192,False
3061,/kaggle/input/datasets/tawsifurrahman/covid19-radiography-database/COVID-19_Radiography_Dataset/Viral Pneumonia/images/Viral Pneumonia-263.png,Viral Pneumonia,Viral Pneumonia,True,0.27333784103393555,0.11517971009016037,False,0.11651881784200668,False
3062,/kaggle/input/datasets/tawsifurrahman/covid19-radiography-database/COVID-19_Radiography_Dataset/Viral Pneumonia/images/Viral Pneumonia-273.png,Viral Pneumonia,Viral Pneumonia,True,0.24768812954425812,0.09001974016427994,False,0.09039266407489777,False
3063,/kaggle/input/datasets/tawsifurrahman/covid19-radiography-database/COVID-19_Radiography_Dataset/Viral Pneumonia/images/Viral Pneumonia-283.png,Viral Pneumonia,Viral Pneumonia,False,0.17472496628761292,0.07521020621061325,False,0.07522498816251755,False
3064,/kaggle/input/datasets/tawsifurrahman/covid19-radiography-database/COVID-19_Radiography_Dataset/Viral Pneumonia/images/Viral Pneumonia-291.png,Viral Pneumonia,Viral Pneumonia,True,0.24220742285251617,0.11009211093187332,False,0.11099845170974731,False
3065,/kaggle/input/datasets/tawsifurrahman/covid19-radiography-database/COVID-19_Radiography_Dataset/Viral Pneumonia/images/Viral Pneumonia-31.png,Viral Pneumonia,Viral Pneumonia,False,0.2502192258834839,0.08226341009140015,False,0.08213434368371964,False
3066,/kaggle/input/datasets/tawsifurrahman/covid19-radiography-database/COVID-19_Radiography_Dataset/Viral Pneumonia/images/Viral Pneumonia-315.png,Viral Pneumonia,Viral Pneumonia,False,0.30046236515045166,0.13766716420650482,False,0.13835817575454712,False
3067,/kaggle/input/datasets/tawsifurrahman/covid19-radiography-database/COVID-19_Radiography_Dataset/Viral Pneumonia/images/Viral Pneumonia-316.png,Viral Pneumonia,Viral Pneumonia,True,0.26490750908851624,0.08495771884918213,False,0.08529522269964218,False
3068,/kaggle/input/datasets/tawsifurrahman/covid19-radiography-database/COVID-19_Radiography_Dataset/Viral Pneumonia/images/Viral Pneumonia-357.png,Viral Pneumonia,Viral Pneumonia,True,0.22367267310619354,0.10029212385416031,False,0.1004381999373436,False
3069,/kaggle/input/datasets/tawsifurrahman/covid19-radiography-database/COVID-19_Radiography_Dataset/Viral Pneumonia/images/Viral Pneumonia-367.png,Viral Pneumonia,Viral Pneumonia,False,0.2065529227256775,0.11653700470924377,False,0.11610528081655502,False
3070,/kaggle/input/datasets/tawsifurrahman/covid19-radiography-database/COVID-19_Radiography_Dataset/Viral Pneumonia/images/Viral Pneumonia-369.png,Viral Pneumonia,Viral Pneumonia,False,0.16862642765045166,0.11123431473970413,False,0.11619511246681213,False
3071,/kaggle/input/datasets/tawsifurrahman/covid19-radiography-database/COVID-19_Radiography_Dataset/Viral Pneumonia/images/Viral Pneumonia-370.png,Viral Pneumonia,Viral Pneumonia,False,0.25390625,0.09505993127822876,False,0.09551546722650528,False
3072,/kaggle/input/datasets/tawsifurrahman/covid19-radiography-database/COVID-19_Radiography_Dataset/Viral Pneumonia/images/Viral Pneumonia-373.png,Viral Pneumonia,Viral Pneumonia,False,0.27537068724632263,0.15591081976890564,False,0.1562693566083908,False
3073,/kaggle/input/datasets/tawsifurrahman/covid19-radiography-database/COVID-19_Radiography_Dataset/Viral Pneumonia/images/Viral Pneumonia-374.png,Viral Pneumonia,Viral Pneumonia,True,0.24503746628761292,0.12116792798042297,False,0.12117698788642883,False
3074,/kaggle/input/datasets/tawsifurrahman/covid19-radiography-database/COVID-19_Radiography_Dataset/Viral Pneumonia/images/Viral Pneumonia-376.png,Viral Pneumonia,Viral Pneumonia,False,0.2059948891401291,0.07751908898353577,False,0.07768076658248901,False
3075,/kaggle/input/datasets/tawsifurrahman/covid19-radiography-database/COVID-19_Radiography_Dataset/Viral Pneumonia/images/Viral Pneumonia-391.png,Viral Pneumonia,Viral Pneumonia,False,0.3599928319454193,0.23202931880950928,False,0.2322927862405777,False
3076,/kaggle/input/datasets/tawsifurrahman/covid19-radiography-database/COVID-19_Radiography_Dataset/Viral Pneumonia/images/Viral Pneumonia-394.png,Viral Pneumonia,Viral Pneumonia,False,0.23212292790412903,0.0982278436422348,False,0.09855093061923981,False
3077,/kaggle/input/datasets/tawsifurrahman/covid19-radiography-database/COVID-19_Radiography_Dataset/Viral Pneumonia/images/Viral Pneumonia-409.png,Viral Pneumonia,Viral Pneumonia,True,0.32397958636283875,0.22028429806232452,False,0.21991577744483948,False
3078,/kaggle/input/datasets/tawsifurrahman/covid19-radiography-database/COVID-19_Radiography_Dataset/Viral Pneumonia/images/Viral Pneumonia-413.png,Viral Pneumonia,Viral Pneumonia,True,0.25366708636283875,0.10895377397537231,False,0.10973392426967621,False
3079,/kaggle/input/datasets/tawsifurrahman/covid19-radiography-database/COVID-19_Radiography_Dataset/Viral Pneumonia/images/Viral Pneumonia-417.png,Viral Pneumonia,Viral Pneumonia,True,0.27373644709587097,0.11816570907831192,False,0.11830631643533707,False
3080,/kaggle/input/datasets/tawsifurrahman/covid19-radiography-database/COVID-19_Radiography_Dataset/Viral Pneumonia/images/Viral Pneumonia-428.png,Viral Pneumonia,Viral Pneumonia,False,0.22654256224632263,0.10041722655296326,False,0.10072799026966095,False
3081,/kaggle/input/datasets/tawsifurrahman/covid19-radiography-database/COVID-19_Radiography_Dataset/Viral Pneumonia/images/Viral Pneumonia-429.png,Viral Pneumonia,Viral Pneumonia,False,0.30570390820503235,0.13746842741966248,False,0.1375674605369568,False
3082,/kaggle/input/datasets/tawsifurrahman/covid19-radiography-database/COVID-19_Radiography_Dataset/Viral Pneumonia/images/Viral Pneumonia-433.png,Viral Pneumonia,Viral Pneumonia,True,0.24880419671535492,0.1553846150636673,False,0.1550751030445099,False
3083,/kaggle/input/datasets/tawsifurrahman/covid19-radiography-database/COVID-19_Radiography_Dataset/Viral Pneumonia/images/Viral Pneumonia-459.png,Viral Pneumonia,Viral Pneumonia,True,0.29083624482154846,0.16437070071697235,False,0.1631155163049698,False
3084,/kaggle/input/datasets/tawsifurrahman/covid19-radiography-database/COVID-19_Radiography_Dataset/Viral Pneumonia/images/Viral Pneumonia-471.png,Viral Pneumonia,Viral Pneumonia,True,0.2378627210855484,0.08680135011672974,False,0.0865018293261528,False
3085,/kaggle/input/datasets/tawsifurrahman/covid19-radiography-database/COVID-19_Radiography_Dataset/Viral Pneumonia/images/Viral Pneumonia-473.png,Viral Pneumonia,Viral Pneumonia,False,0.17301100492477417,0.09639875590801239,False,0.09578918665647507,False
3086,/kaggle/input/datasets/tawsifurrahman/covid19-radiography-database/COVID-19_Radiography_Dataset/Viral Pneumonia/images/Viral Pneumonia-478.png,Viral Pneumonia,Viral Pneumonia,False,0.2465919852256775,0.08417045325040817,False,0.08460143208503723,False
3087,/kaggle/input/datasets/tawsifurrahman/covid19-radiography-database/COVID-19_Radiography_Dataset/Viral Pneumonia/images/Viral Pneumonia-483.png,Viral Pneumonia,Viral Pneumonia,False,0.19624920189380646,0.07029600441455841,False,0.07048715651035309,False
3088,/kaggle/input/datasets/tawsifurrahman/covid19-radiography-database/COVID-19_Radiography_Dataset/Viral Pneumonia/images/Viral Pneumonia-489.png,Viral Pneumonia,Viral Pneumonia,False,0.23371730744838715,0.1047743558883667,False,0.10464174300432205,False
3089,/kaggle/input/datasets/tawsifurrahman/covid19-radiography-database/COVID-19_Radiography_Dataset/Viral Pneumonia/images/Viral Pneumonia-493.png,Viral Pneumonia,Viral Pneumonia,False,0.21187420189380646,0.11332298070192337,False,0.11314687132835388,False
3090,/kaggle/input/datasets/tawsifurrahman/covid19-radiography-database/COVID-19_Radiography_Dataset/Viral Pneumonia/images/Viral Pneumonia-495.png,Viral Pneumonia,Viral Pneumonia,True,0.3432716727256775,0.2235480546951294,False,0.22389180958271027,False
3091,/kaggle/input/datasets/tawsifurrahman/covid19-radiography-database/COVID-19_Radiography_Dataset/Viral Pneumonia/images/Viral Pneumonia-496.png,Viral Pneumonia,Viral Pneumonia,False,0.16669324040412903,0.07405849546194077,False,0.0741574615240097,False
3092,/kaggle/input/datasets/tawsifurrahman/covid19-radiography-database/COVID-19_Radiography_Dataset/Viral Pneumonia/images/Viral Pneumonia-50.png,Viral Pneumonia,Viral Pneumonia,False,0.27417489886283875,0.1591656655073166,False,0.1591009497642517,False
3093,/kaggle/input/datasets/tawsifurrahman/covid19-radiography-database/COVID-19_Radiography_Dataset/Viral Pneumonia/images/Viral Pneumonia-503.png,Viral Pneumonia,Viral Pneumonia,False,0.2559191584587097,0.09997440129518509,False,0.10017833858728409,False
3094,/kaggle/input/datasets/tawsifurrahman/covid19-radiography-database/COVID-19_Radiography_Dataset/Viral Pneumonia/images/Viral Pneumonia-504.png,Viral Pneumonia,Viral Pneumonia,False,0.26139986515045166,0.08799760788679123,False,0.08855070918798447,False
3095,/kaggle/input/datasets/tawsifurrahman/covid19-radiography-database/COVID-19_Radiography_Dataset/Viral Pneumonia/images/Viral Pneumonia-514.png,Viral Pneumonia,Viral Pneumonia,False,0.2221779227256775,0.08948370814323425,False,0.08918555825948715,False
3096,/kaggle/input/datasets/tawsifurrahman/covid19-radiography-database/COVID-19_Radiography_Dataset/Viral Pneumonia/images/Viral Pneumonia-525.png,Viral Pneumonia,Viral Pneumonia,False,0.2820073366165161,0.13256339728832245,False,0.13256371021270752,False
3097,/kaggle/input/datasets/tawsifurrahman/covid19-radiography-database/COVID-19_Radiography_Dataset/Viral Pneumonia/images/Viral Pneumonia-526.png,Viral Pneumonia,Viral Pneumonia,False,0.23991549015045166,0.07780778408050537,False,0.07772539556026459,False
3098,/kaggle/input/datasets/tawsifurrahman/covid19-radiography-database/COVID-19_Radiography_Dataset/Viral Pneumonia/images/Viral Pneumonia-533.png,Viral Pneumonia,Viral Pneumonia,False,0.18114237487316132,0.08198396116495132,False,0.08252006024122238,False
3099,/kaggle/input/datasets/tawsifurrahman/covid19-radiography-database/COVID-19_Radiography_Dataset/Viral Pneumonia/images/Viral Pneumonia-549.png,Viral Pneumonia,Viral Pneumonia,True,0.2686941921710968,0.11870087683200836,False,0.1194804385304451,False
3100,/kaggle/input/datasets/tawsifurrahman/covid19-radiography-database/COVID-19_Radiography_Dataset/Viral Pneumonia/images/Viral Pneumonia-55.png,Viral Pneumonia,Viral Pneumonia,False,0.22431042790412903,0.09526096284389496,False,0.09607779234647751,False
3101,/kaggle/input/datasets/tawsifurrahman/covid19-radiography-database/COVID-19_Radiography_Dataset/Viral Pneumonia/images/Viral Pneumonia-550.png,Viral Pneumonia,Viral Pneumonia,False,0.2347935289144516,0.10015235841274261,False,0.10144151747226715,False
3102,/kaggle/input/datasets/tawsifurrahman/covid19-radiography-database/COVID-19_Radiography_Dataset/Viral Pneumonia/images/Viral Pneumonia-552.png,Viral Pneumonia,Viral Pneumonia,True,0.24188855290412903,0.10643105953931808,False,0.10639443248510361,False
3103,/kaggle/input/datasets/tawsifurrahman/covid19-radiography-database/COVID-19_Radiography_Dataset/Viral Pneumonia/images/Viral Pneumonia-556.png,Viral Pneumonia,Viral Pneumonia,False,0.19282126426696777,0.0637950524687767,False,0.06376606225967407,False
3104,/kaggle/input/datasets/tawsifurrahman/covid19-radiography-database/COVID-19_Radiography_Dataset/Viral Pneumonia/images/Viral Pneumonia-557.png,Viral Pneumonia,Viral Pneumonia,True,0.24842554330825806,0.11767738312482834,False,0.11813878268003464,False
3105,/kaggle/input/datasets/tawsifurrahman/covid19-radiography-database/COVID-19_Radiography_Dataset/Viral Pneumonia/images/Viral Pneumonia-564.png,Viral Pneumonia,Viral Pneumonia,False,0.16404256224632263,0.05467499420046806,False,0.05467539280653,False
3106,/kaggle/input/datasets/tawsifurrahman/covid19-radiography-database/COVID-19_Radiography_Dataset/Viral Pneumonia/images/Viral Pneumonia-569.png,Viral Pneumonia,Viral Pneumonia,False,0.21556122601032257,0.10840407013893127,False,0.1088952049612999,False
3107,/kaggle/input/datasets/tawsifurrahman/covid19-radiography-database/COVID-19_Radiography_Dataset/Viral Pneumonia/images/Viral Pneumonia-582.png,Viral Pneumonia,Viral Pneumonia,False,0.27423468232154846,0.14450599253177643,False,0.14458627998828888,False
3108,/kaggle/input/datasets/tawsifurrahman/covid19-radiography-database/COVID-19_Radiography_Dataset/Viral Pneumonia/images/Viral Pneumonia-597.png,Viral Pneumonia,Viral Pneumonia,True,0.11057078838348389,0.03236079961061478,False,0.032096199691295624,False
3109,/kaggle/input/datasets/tawsifurrahman/covid19-radiography-database/COVID-19_Radiography_Dataset/Viral Pneumonia/images/Viral Pneumonia-602.png,Viral Pneumonia,Normal,False,0.3273477256298065,0.17931145429611206,False,0.17898871004581451,False
3110,/kaggle/input/datasets/tawsifurrahman/covid19-radiography-database/COVID-19_Radiography_Dataset/Viral Pneumonia/images/Viral Pneumonia-612.png,Viral Pneumonia,Viral Pneumonia,True,0.27704480290412903,0.1558379977941513,False,0.15618468821048737,False
3111,/kaggle/input/datasets/tawsifurrahman/covid19-radiography-database/COVID-19_Radiography_Dataset/Viral Pneumonia/images/Viral Pneumonia-614.png,Viral Pneumonia,Viral Pneumonia,False,0.18909437954425812,0.05942627415060997,False,0.05956080183386803,False
3112,/kaggle/input/datasets/tawsifurrahman/covid19-radiography-database/COVID-19_Radiography_Dataset/Viral Pneumonia/images/Viral Pneumonia-624.png,Viral Pneumonia,Viral Pneumonia,False,0.23134565353393555,0.11576506495475769,False,0.11617390811443329,False
3113,/kaggle/input/datasets/tawsifurrahman/covid19-radiography-database/COVID-19_Radiography_Dataset/Viral Pneumonia/images/Viral Pneumonia-625.png,Viral Pneumonia,Viral Pneumonia,True,0.20071348547935486,0.08017532527446747,False,0.08007881790399551,False
3114,/kaggle/input/datasets/tawsifurrahman/covid19-radiography-database/COVID-19_Radiography_Dataset/Viral Pneumonia/images/Viral Pneumonia-629.png,Viral Pneumonia,Viral Pneumonia,True,0.21611925959587097,0.08028249442577362,False,0.0803963840007782,False
3115,/kaggle/input/datasets/tawsifurrahman/covid19-radiography-database/COVID-19_Radiography_Dataset/Viral Pneumonia/images/Viral Pneumonia-642.png,Viral Pneumonia,Viral Pneumonia,False,0.2214006632566452,0.09637823700904846,False,0.09662610292434692,False
3116,/kaggle/input/datasets/tawsifurrahman/covid19-radiography-database/COVID-19_Radiography_Dataset/Viral Pneumonia/images/Viral Pneumonia-644.png,Viral Pneumonia,Viral Pneumonia,False,0.2514548599720001,0.11949068307876587,False,0.11942309141159058,False
3117,/kaggle/input/datasets/tawsifurrahman/covid19-radiography-database/COVID-19_Radiography_Dataset/Viral Pneumonia/images/Viral Pneumonia-648.png,Viral Pneumonia,Viral Pneumonia,False,0.32453763484954834,0.14853951334953308,False,0.1488223671913147,False
3118,/kaggle/input/datasets/tawsifurrahman/covid19-radiography-database/COVID-19_Radiography_Dataset/Viral Pneumonia/images/Viral Pneumonia-652.png,Viral Pneumonia,Viral Pneumonia,True,0.26379144191741943,0.19407446682453156,False,0.1946849673986435,False
3119,/kaggle/input/datasets/tawsifurrahman/covid19-radiography-database/COVID-19_Radiography_Dataset/Viral Pneumonia/images/Viral Pneumonia-668.png,Viral Pneumonia,Normal,True,0.2749521732330322,0.13426122069358826,False,0.13355809450149536,False
3120,/kaggle/input/datasets/tawsifurrahman/covid19-radiography-database/COVID-19_Radiography_Dataset/Viral Pneumonia/images/Viral Pneumonia-669.png,Viral Pneumonia,Viral Pneumonia,False,0.22303491830825806,0.09172520786523819,False,0.09219468384981155,False
3121,/kaggle/input/datasets/tawsifurrahman/covid19-radiography-database/COVID-19_Radiography_Dataset/Viral Pneumonia/images/Viral Pneumonia-675.png,Viral Pneumonia,Viral Pneumonia,False,0.22285553812980652,0.09158570319414139,False,0.0913105383515358,False
3122,/kaggle/input/datasets/tawsifurrahman/covid19-radiography-database/COVID-19_Radiography_Dataset/Viral Pneumonia/images/Viral Pneumonia-678.png,Viral Pneumonia,Viral Pneumonia,False,0.2513751685619354,0.14230602979660034,False,0.1422944813966751,False
3123,/kaggle/input/datasets/tawsifurrahman/covid19-radiography-database/COVID-19_Radiography_Dataset/Viral Pneumonia/images/Viral Pneumonia-693.png,Viral Pneumonia,Viral Pneumonia,False,0.32796555757522583,0.1824183613061905,False,0.182477667927742,False
3124,/kaggle/input/datasets/tawsifurrahman/covid19-radiography-database/COVID-19_Radiography_Dataset/Viral Pneumonia/images/Viral Pneumonia-708.png,Viral Pneumonia,Viral Pneumonia,False,0.25687578320503235,0.09483882039785385,False,0.09511010348796844,False
3125,/kaggle/input/datasets/tawsifurrahman/covid19-radiography-database/COVID-19_Radiography_Dataset/Viral Pneumonia/images/Viral Pneumonia-710.png,Viral Pneumonia,Viral Pneumonia,False,0.24336335062980652,0.09430753439664841,False,0.09470219165086746,False
3126,/kaggle/input/datasets/tawsifurrahman/covid19-radiography-database/COVID-19_Radiography_Dataset/Viral Pneumonia/images/Viral Pneumonia-712.png,Viral Pneumonia,Viral Pneumonia,False,0.23718510568141937,0.1096937283873558,False,0.11020071804523468,False
3127,/kaggle/input/datasets/tawsifurrahman/covid19-radiography-database/COVID-19_Radiography_Dataset/Viral Pneumonia/images/Viral Pneumonia-719.png,Viral Pneumonia,Viral Pneumonia,False,0.27652662992477417,0.13985443115234375,False,0.14097167551517487,False
3128,/kaggle/input/datasets/tawsifurrahman/covid19-radiography-database/COVID-19_Radiography_Dataset/Viral Pneumonia/images/Viral Pneumonia-724.png,Viral Pneumonia,Viral Pneumonia,False,0.2096819132566452,0.0965266078710556,False,0.09721937775611877,False
3129,/kaggle/input/datasets/tawsifurrahman/covid19-radiography-database/COVID-19_Radiography_Dataset/Viral Pneumonia/images/Viral Pneumonia-73.png,Viral Pneumonia,Viral Pneumonia,False,0.2592673599720001,0.12283579260110855,False,0.122078076004982,False
3130,/kaggle/input/datasets/tawsifurrahman/covid19-radiography-database/COVID-19_Radiography_Dataset/Viral Pneumonia/images/Viral Pneumonia-748.png,Viral Pneumonia,Viral Pneumonia,False,0.21586017310619354,0.07657969743013382,False,0.07679218053817749,False
3131,/kaggle/input/datasets/tawsifurrahman/covid19-radiography-database/COVID-19_Radiography_Dataset/Viral Pneumonia/images/Viral Pneumonia-749.png,Viral Pneumonia,Viral Pneumonia,True,0.2796556055545807,0.13227598369121552,False,0.1336761713027954,False
3132,/kaggle/input/datasets/tawsifurrahman/covid19-radiography-database/COVID-19_Radiography_Dataset/Viral Pneumonia/images/Viral Pneumonia-76.png,Viral Pneumonia,Viral Pneumonia,True,0.3120814561843872,0.1300082802772522,False,0.1298862248659134,False
3133,/kaggle/input/datasets/tawsifurrahman/covid19-radiography-database/COVID-19_Radiography_Dataset/Viral Pneumonia/images/Viral Pneumonia-777.png,Viral Pneumonia,Viral Pneumonia,False,0.3097696006298065,0.1424936205148697,False,0.14246363937854767,False
3134,/kaggle/input/datasets/tawsifurrahman/covid19-radiography-database/COVID-19_Radiography_Dataset/Viral Pneumonia/images/Viral Pneumonia-779.png,Viral Pneumonia,Viral Pneumonia,False,0.14841756224632263,0.0654311254620552,False,0.06522151082754135,False
3135,/kaggle/input/datasets/tawsifurrahman/covid19-radiography-database/COVID-19_Radiography_Dataset/Viral Pneumonia/images/Viral Pneumonia-792.png,Viral Pneumonia,Viral Pneumonia,False,0.3529575765132904,0.1846436709165573,False,0.18496419489383698,False
3136,/kaggle/input/datasets/tawsifurrahman/covid19-radiography-database/COVID-19_Radiography_Dataset/Viral Pneumonia/images/Viral Pneumonia-802.png,Viral Pneumonia,Viral Pneumonia,True,0.19692681729793549,0.08564721047878265,False,0.08579235523939133,False
3137,/kaggle/input/datasets/tawsifurrahman/covid19-radiography-database/COVID-19_Radiography_Dataset/Viral Pneumonia/images/Viral Pneumonia-806.png,Viral Pneumonia,Viral Pneumonia,True,0.38960856199264526,0.3981863856315613,False,0.39939671754837036,False
3138,/kaggle/input/datasets/tawsifurrahman/covid19-radiography-database/COVID-19_Radiography_Dataset/Viral Pneumonia/images/Viral Pneumonia-819.png,Viral Pneumonia,Viral Pneumonia,False,0.20750956237316132,0.09289809316396713,False,0.09306708723306656,False
3139,/kaggle/input/datasets/tawsifurrahman/covid19-radiography-database/COVID-19_Radiography_Dataset/Viral Pneumonia/images/Viral Pneumonia-833.png,Viral Pneumonia,Viral Pneumonia,True,0.21257174015045166,0.11981936544179916,False,0.11951567232608795,False
3140,/kaggle/input/datasets/tawsifurrahman/covid19-radiography-database/COVID-19_Radiography_Dataset/Viral Pneumonia/images/Viral Pneumonia-836.png,Viral Pneumonia,Viral Pneumonia,False,0.2216796875,0.09703653305768967,False,0.09740283340215683,False
3141,/kaggle/input/datasets/tawsifurrahman/covid19-radiography-database/COVID-19_Radiography_Dataset/Viral Pneumonia/images/Viral Pneumonia-838.png,Viral Pneumonia,Viral Pneumonia,True,0.24238678812980652,0.08743588626384735,False,0.08745282888412476,False
3142,/kaggle/input/datasets/tawsifurrahman/covid19-radiography-database/COVID-19_Radiography_Dataset/Viral Pneumonia/images/Viral Pneumonia-84.png,Viral Pneumonia,Viral Pneumonia,True,0.21006058156490326,0.07283824682235718,False,0.07268159836530685,False
3143,/kaggle/input/datasets/tawsifurrahman/covid19-radiography-database/COVID-19_Radiography_Dataset/Viral Pneumonia/images/Viral Pneumonia-847.png,Viral Pneumonia,Viral Pneumonia,False,0.18612483143806458,0.09009552747011185,False,0.09123724699020386,False
3144,/kaggle/input/datasets/tawsifurrahman/covid19-radiography-database/COVID-19_Radiography_Dataset/Viral Pneumonia/images/Viral Pneumonia-850.png,Viral Pneumonia,Viral Pneumonia,False,0.26572462916374207,0.09902051836252213,False,0.09952455013990402,False
3145,/kaggle/input/datasets/tawsifurrahman/covid19-radiography-database/COVID-19_Radiography_Dataset/Viral Pneumonia/images/Viral Pneumonia-858.png,Viral Pneumonia,Viral Pneumonia,True,0.18379303812980652,0.08804800361394882,False,0.08787906169891357,False
3146,/kaggle/input/datasets/tawsifurrahman/covid19-radiography-database/COVID-19_Radiography_Dataset/Viral Pneumonia/images/Viral Pneumonia-867.png,Viral Pneumonia,Viral Pneumonia,True,0.2338966727256775,0.09340612590312958,False,0.09333991259336472,False
3147,/kaggle/input/datasets/tawsifurrahman/covid19-radiography-database/COVID-19_Radiography_Dataset/Viral Pneumonia/images/Viral Pneumonia-870.png,Viral Pneumonia,Viral Pneumonia,False,0.2110770046710968,0.09759221971035004,False,0.09753825515508652,False
3148,/kaggle/input/datasets/tawsifurrahman/covid19-radiography-database/COVID-19_Radiography_Dataset/Viral Pneumonia/images/Viral Pneumonia-885.png,Viral Pneumonia,Viral Pneumonia,True,0.22207827866077423,0.11192040145397186,False,0.11256113648414612,False
3149,/kaggle/input/datasets/tawsifurrahman/covid19-radiography-database/COVID-19_Radiography_Dataset/Viral Pneumonia/images/Viral Pneumonia-888.png,Viral Pneumonia,Viral Pneumonia,False,0.24125079810619354,0.10512737184762955,False,0.10516523569822311,False
3150,/kaggle/input/datasets/tawsifurrahman/covid19-radiography-database/COVID-19_Radiography_Dataset/Viral Pneumonia/images/Viral Pneumonia-894.png,Viral Pneumonia,Viral Pneumonia,False,0.28575414419174194,0.1646736115217209,False,0.16451917588710785,False
3151,/kaggle/input/datasets/tawsifurrahman/covid19-radiography-database/COVID-19_Radiography_Dataset/Viral Pneumonia/images/Viral Pneumonia-9.png,Viral Pneumonia,Viral Pneumonia,False,0.39526864886283875,0.28041553497314453,False,0.28029951453208923,False
3152,/kaggle/input/datasets/tawsifurrahman/covid19-radiography-database/COVID-19_Radiography_Dataset/Viral Pneumonia/images/Viral Pneumonia-901.png,Viral Pneumonia,Viral Pneumonia,False,0.12159199267625809,0.06482218950986862,False,0.06720872223377228,False
3153,/kaggle/input/datasets/tawsifurrahman/covid19-radiography-database/COVID-19_Radiography_Dataset/Viral Pneumonia/images/Viral Pneumonia-902.png,Viral Pneumonia,Viral Pneumonia,False,0.23345822095870972,0.14025212824344635,False,0.13949498534202576,False
3154,/kaggle/input/datasets/tawsifurrahman/covid19-radiography-database/COVID-19_Radiography_Dataset/Viral Pneumonia/images/Viral Pneumonia-92.png,Viral Pneumonia,Viral Pneumonia,False,0.3051657974720001,0.1307191103696823,False,0.13115856051445007,False
3155,/kaggle/input/datasets/tawsifurrahman/covid19-radiography-database/COVID-19_Radiography_Dataset/Viral Pneumonia/images/Viral Pneumonia-923.png,Viral Pneumonia,Viral Pneumonia,False,0.21839125454425812,0.15092451870441437,False,0.15136520564556122,False
3156,/kaggle/input/datasets/tawsifurrahman/covid19-radiography-database/COVID-19_Radiography_Dataset/Viral Pneumonia/images/Viral Pneumonia-929.png,Viral Pneumonia,Viral Pneumonia,False,0.1462053507566452,0.10106932371854782,False,0.1014736145734787,False
3157,/kaggle/input/datasets/tawsifurrahman/covid19-radiography-database/COVID-19_Radiography_Dataset/Viral Pneumonia/images/Viral Pneumonia-93.png,Viral Pneumonia,Viral Pneumonia,False,0.2434430718421936,0.11059227585792542,False,0.11067581176757812,False
3158,/kaggle/input/datasets/tawsifurrahman/covid19-radiography-database/COVID-19_Radiography_Dataset/Viral Pneumonia/images/Viral Pneumonia-934.png,Viral Pneumonia,Viral Pneumonia,False,0.14574696123600006,0.046592190861701965,False,0.04640786722302437,False
3159,/kaggle/input/datasets/tawsifurrahman/covid19-radiography-database/COVID-19_Radiography_Dataset/Viral Pneumonia/images/Viral Pneumonia-935.png,Viral Pneumonia,Normal,True,0.1413225382566452,0.05850470811128616,False,0.05822652205824852,False
3160,/kaggle/input/datasets/tawsifurrahman/covid19-radiography-database/COVID-19_Radiography_Dataset/Viral Pneumonia/images/Viral Pneumonia-936.png,Viral Pneumonia,Viral Pneumonia,True,0.2431640625,0.090167336165905,False,0.09014838188886642,False
3161,/kaggle/input/datasets/tawsifurrahman/covid19-radiography-database/COVID-19_Radiography_Dataset/Viral Pneumonia/images/Viral Pneumonia-938.png,Viral Pneumonia,Viral Pneumonia,False,0.18008609116077423,0.06676958501338959,False,0.06625793874263763,False
3162,/kaggle/input/datasets/tawsifurrahman/covid19-radiography-database/COVID-19_Radiography_Dataset/Viral Pneumonia/images/Viral Pneumonia-939.png,Viral Pneumonia,Viral Pneumonia,False,0.3097098171710968,0.19873282313346863,False,0.19843456149101257,False
3163,/kaggle/input/datasets/tawsifurrahman/covid19-radiography-database/COVID-19_Radiography_Dataset/Viral Pneumonia/images/Viral Pneumonia-961.png,Viral Pneumonia,Viral Pneumonia,False,0.25862962007522583,0.08984598517417908,False,0.09002620726823807,False
3164,/kaggle/input/datasets/tawsifurrahman/covid19-radiography-database/COVID-19_Radiography_Dataset/Viral Pneumonia/images/Viral Pneumonia-964.png,Viral Pneumonia,Viral Pneumonia,False,0.22397162020206451,0.06498061865568161,False,0.06424622982740402,False
3165,/kaggle/input/datasets/tawsifurrahman/covid19-radiography-database/COVID-19_Radiography_Dataset/Viral Pneumonia/images/Viral Pneumonia-965.png,Viral Pneumonia,Normal,False,0.2594268023967743,0.12346893548965454,False,0.12355164438486099,False
3166,/kaggle/input/datasets/tawsifurrahman/covid19-radiography-database/COVID-19_Radiography_Dataset/Viral Pneumonia/images/Viral Pneumonia-976.png,Viral Pneumonia,Viral Pneumonia,True,0.2705875337123871,0.12683989107608795,False,0.12692861258983612,False
3167,/kaggle/input/datasets/tawsifurrahman/covid19-radiography-database/COVID-19_Radiography_Dataset/Viral Pneumonia/images/Viral Pneumonia-977.png,Viral Pneumonia,Viral Pneumonia,True,0.2852957546710968,0.1294666975736618,False,0.13028275966644287,False
3168,/kaggle/input/datasets/tawsifurrahman/covid19-radiography-database/COVID-19_Radiography_Dataset/Viral Pneumonia/images/Viral Pneumonia-978.png,Viral Pneumonia,Viral Pneumonia,False,0.29719388484954834,0.1624353677034378,False,0.1623864322900772,False
3169,/kaggle/input/datasets/tawsifurrahman/covid19-radiography-database/COVID-19_Radiography_Dataset/Viral Pneumonia/images/Viral Pneumonia-98.png,Viral Pneumonia,Viral Pneumonia,False,0.18797831237316132,0.0883941650390625,False,0.08830416947603226,False
3170,/kaggle/input/datasets/tawsifurrahman/covid19-radiography-database/COVID-19_Radiography_Dataset/Viral Pneumonia/images/Viral Pneumonia-985.png,Viral Pneumonia,Viral Pneumonia,False,0.21057875454425812,0.09000816941261292,False,0.09008760750293732,False
3171,/kaggle/input/datasets/tawsifurrahman/covid19-radiography-database/COVID-19_Radiography_Dataset/Viral Pneumonia/images/Viral Pneumonia-992.png,Viral Pneumonia,Viral Pneumonia,True,0.24222736060619354,0.12390727549791336,False,0.12371410429477692,False
3172,/kaggle/input/datasets/tawsifurrahman/covid19-radiography-database/COVID-19_Radiography_Dataset/Viral Pneumonia/images/Viral Pneumonia-993.png,Viral Pneumonia,Viral Pneumonia,True,0.28140944242477417,0.18317723274230957,False,0.18220892548561096,False
3173,/kaggle/input/datasets/tawsifurrahman/covid19-radiography-database/COVID-19_Radiography_Dataset/Viral Pneumonia/images/Viral Pneumonia-994.png,Viral Pneumonia,Viral Pneumonia,False,0.17568159103393555,0.054903075098991394,False,0.055313657969236374,False
3174,/kaggle/input/datasets/tawsifurrahman/covid19-radiography-database/COVID-19_Radiography_Dataset/Viral Pneumonia/images/Viral Pneumonia-998.png,Viral Pneumonia,Viral Pneumonia,False,0.21524234116077423,0.1135270893573761,False,0.11376388370990753,False
