image_path,true_label,pred_label,prob_0,prob_1,prob_2,prob_3,ilar,eil_post,eil_pre
/kaggle/input/datasets/tawsifurrahman/covid19-radiography-database/COVID-19_Radiography_Dataset/COVID/images/COVID-1000.png,COVID,COVID,0.9999617338180542,2.28794624490547e-06,3.583744910429232e-05,9.974704084925179e-08,0.6754567623138428,0.29469671845436096,0.29469671845436096
/kaggle/input/datasets/tawsifurrahman/covid19-radiography-database/COVID-19_Radiography_Dataset/COVID/images/COVID-1002.png,COVID,COVID,0.9998887777328491,1.4017982721270528e-05,9.697466884972528e-05,1.1263969668107165e-07,0.7302401661872864,,
/kaggle/input/datasets/tawsifurrahman/covid19-radiography-database/COVID-19_Radiography_Dataset/COVID/images/COVID-1006.png,COVID,COVID,0.9999985694885254,3.2901024837883597e-07,2.0038798709265393e-07,8.51262882406445e-07,0.6526384353637695,0.22985173761844635,0.22985173761844635
/kaggle/input/datasets/tawsifurrahman/covid19-radiography-database/COVID-19_Radiography_Dataset/COVID/images/COVID-1015.png,COVID,Lung_Opacity,0.1238057091832161,0.875518798828125,0.0006711397436447442,4.400258148962166e-06,0.64796382188797,,
/kaggle/input/datasets/tawsifurrahman/covid19-radiography-database/COVID-19_Radiography_Dataset/COVID/images/COVID-1017.png,COVID,COVID,0.9999955892562866,4.093596544407774e-06,8.249242178237637e-09,3.6991966112509544e-07,0.7841234803199768,,
/kaggle/input/datasets/tawsifurrahman/covid19-radiography-database/COVID-19_Radiography_Dataset/COVID/images/COVID-1022.png,COVID,COVID,0.9999998807907104,1.1878104544393864e-07,2.635712315068872e-09,3.810769655387958e-08,0.5936939120292664,,
/kaggle/input/datasets/tawsifurrahman/covid19-radiography-database/COVID-19_Radiography_Dataset/COVID/images/COVID-1036.png,COVID,COVID,0.9999994039535522,2.804777068377007e-07,3.947188815800473e-07,1.3033644385984644e-08,0.6057245135307312,0.3267020583152771,0.3267020583152771
/kaggle/input/datasets/tawsifurrahman/covid19-radiography-database/COVID-19_Radiography_Dataset/COVID/images/COVID-1040.png,COVID,COVID,0.9999932050704956,4.9802110879682004e-06,1.7969655345950741e-06,8.12277463069222e-08,0.6695275902748108,,
/kaggle/input/datasets/tawsifurrahman/covid19-radiography-database/COVID-19_Radiography_Dataset/COVID/images/COVID-1043.png,COVID,COVID,0.999998927116394,1.906750100033605e-07,1.7542265595693607e-07,7.836835607122339e-07,0.6096705198287964,,
/kaggle/input/datasets/tawsifurrahman/covid19-radiography-database/COVID-19_Radiography_Dataset/COVID/images/COVID-1048.png,COVID,COVID,0.9996993541717529,2.733703331614379e-05,0.00027333368780091405,1.3683655597507283e-10,0.6968683004379272,0.39382651448249817,0.39382651448249817
/kaggle/input/datasets/tawsifurrahman/covid19-radiography-database/COVID-19_Radiography_Dataset/COVID/images/COVID-1056.png,COVID,COVID,0.9972395896911621,0.00011876079224748537,3.253133229463856e-07,0.0026413307059556246,0.6268049478530884,0.25125184655189514,0.25125184655189514
/kaggle/input/datasets/tawsifurrahman/covid19-radiography-database/COVID-19_Radiography_Dataset/COVID/images/COVID-1058.png,COVID,COVID,0.9999710321426392,2.792511077132076e-05,1.2673667981744074e-07,8.849075356920366e-07,0.6240244507789612,0.3238447904586792,0.3238447904586792
/kaggle/input/datasets/tawsifurrahman/covid19-radiography-database/COVID-19_Radiography_Dataset/COVID/images/COVID-106.png,COVID,COVID,0.9999722242355347,4.0504025378140796e-07,2.7288562705507502e-05,6.538257935062575e-08,0.6693331599235535,,
/kaggle/input/datasets/tawsifurrahman/covid19-radiography-database/COVID-19_Radiography_Dataset/COVID/images/COVID-1065.png,COVID,COVID,0.9802114963531494,0.013659182004630566,4.0487666410626844e-05,0.00608889851719141,0.6345586180686951,,
/kaggle/input/datasets/tawsifurrahman/covid19-radiography-database/COVID-19_Radiography_Dataset/COVID/images/COVID-107.png,COVID,COVID,0.9999459981918335,5.405468255048618e-05,4.482600246547008e-08,6.77033096252444e-10,0.7364971041679382,,
/kaggle/input/datasets/tawsifurrahman/covid19-radiography-database/COVID-19_Radiography_Dataset/COVID/images/COVID-108.png,COVID,COVID,0.9999979734420776,8.271243956414764e-08,1.8598528868096764e-06,2.5182027130199458e-08,0.5521997213363647,0.305643767118454,0.305643767118454
/kaggle/input/datasets/tawsifurrahman/covid19-radiography-database/COVID-19_Radiography_Dataset/COVID/images/COVID-11.png,COVID,COVID,0.9987542629241943,0.001207965542562306,8.420730068792182e-07,3.6945624742656946e-05,0.709168553352356,,
/kaggle/input/datasets/tawsifurrahman/covid19-radiography-database/COVID-19_Radiography_Dataset/COVID/images/COVID-1100.png,COVID,COVID,0.9999969005584717,1.8147086393582867e-06,4.2332189309490786e-07,8.607555628259433e-07,0.6952363848686218,0.34030407667160034,0.34030407667160034
/kaggle/input/datasets/tawsifurrahman/covid19-radiography-database/COVID-19_Radiography_Dataset/COVID/images/COVID-1102.png,COVID,COVID,0.9999163150787354,5.622801495519525e-07,8.307387179229409e-05,8.951711767679615e-12,0.6855890154838562,0.3621496856212616,0.3621496856212616
/kaggle/input/datasets/tawsifurrahman/covid19-radiography-database/COVID-19_Radiography_Dataset/COVID/images/COVID-1105.png,COVID,COVID,0.9999973773956299,2.554751254990606e-08,2.613767264847411e-06,3.882795474030587e-11,0.6736970543861389,0.330329030752182,0.330329030752182
/kaggle/input/datasets/tawsifurrahman/covid19-radiography-database/COVID-19_Radiography_Dataset/COVID/images/COVID-1108.png,COVID,COVID,0.9999998807907104,1.2230094270648806e-08,7.365245124901776e-08,9.596535371914072e-11,0.71827632188797,,
/kaggle/input/datasets/tawsifurrahman/covid19-radiography-database/COVID-19_Radiography_Dataset/COVID/images/COVID-1110.png,COVID,COVID,0.9999994039535522,4.920157170573702e-09,5.719742830478936e-07,4.10838550679582e-11,0.6138327121734619,,
/kaggle/input/datasets/tawsifurrahman/covid19-radiography-database/COVID-19_Radiography_Dataset/COVID/images/COVID-1112.png,COVID,COVID,0.9999940395355225,8.681611802785483e-07,5.169613359612413e-06,1.0223761420791178e-10,0.6952760219573975,0.3521885275840759,0.3521885275840759
/kaggle/input/datasets/tawsifurrahman/covid19-radiography-database/COVID-19_Radiography_Dataset/COVID/images/COVID-1115.png,COVID,COVID,1.0,4.2184472581752175e-10,6.440242089622572e-11,6.872730162754692e-10,0.7171318531036377,,
/kaggle/input/datasets/tawsifurrahman/covid19-radiography-database/COVID-19_Radiography_Dataset/COVID/images/COVID-1116.png,COVID,COVID,0.9991582632064819,9.28613189898897e-06,0.0008325023809447885,9.950615442733124e-09,0.5998054146766663,0.3660324215888977,0.3660324215888977
/kaggle/input/datasets/tawsifurrahman/covid19-radiography-database/COVID-19_Radiography_Dataset/COVID/images/COVID-1127.png,COVID,COVID,0.9835885763168335,4.785729470313527e-05,0.016363410279154778,1.5316341261950583e-07,0.7272613644599915,0.29662972688674927,0.29662972688674927
/kaggle/input/datasets/tawsifurrahman/covid19-radiography-database/COVID-19_Radiography_Dataset/COVID/images/COVID-113.png,COVID,COVID,0.9999575614929199,2.040416802628897e-06,4.043388616992161e-05,1.8285764014080996e-08,0.5233188271522522,,
/kaggle/input/datasets/tawsifurrahman/covid19-radiography-database/COVID-19_Radiography_Dataset/COVID/images/COVID-1142.png,COVID,COVID,1.0,1.0347332365934214e-11,8.92020457499143e-10,2.8995605916293243e-09,0.6610633134841919,,
/kaggle/input/datasets/tawsifurrahman/covid19-radiography-database/COVID-19_Radiography_Dataset/COVID/images/COVID-1143.png,COVID,COVID,0.9998323917388916,1.5672324025217677e-06,0.00016607636644039303,1.5540058129204226e-08,0.537912905216217,,
/kaggle/input/datasets/tawsifurrahman/covid19-radiography-database/COVID-19_Radiography_Dataset/COVID/images/COVID-1147.png,COVID,COVID,0.9999985694885254,1.3565068002208136e-06,5.787484727570735e-11,9.797783917520064e-08,0.6955800652503967,,
/kaggle/input/datasets/tawsifurrahman/covid19-radiography-database/COVID-19_Radiography_Dataset/COVID/images/COVID-1160.png,COVID,COVID,0.999997615814209,1.918367161124479e-06,5.069949793323758e-07,1.1217091699933235e-09,0.691082775592804,0.34201061725616455,0.34201061725616455
/kaggle/input/datasets/tawsifurrahman/covid19-radiography-database/COVID-19_Radiography_Dataset/COVID/images/COVID-1166.png,COVID,COVID,0.9711148738861084,0.023603448644280434,0.00526451924815774,1.7091162590077147e-05,0.6834494471549988,0.246318519115448,0.246318519115448
/kaggle/input/datasets/tawsifurrahman/covid19-radiography-database/COVID-19_Radiography_Dataset/COVID/images/COVID-1169.png,COVID,COVID,0.9999933242797852,1.719538289535194e-08,1.6008451231286358e-09,6.618296993110562e-06,0.6537594199180603,,
/kaggle/input/datasets/tawsifurrahman/covid19-radiography-database/COVID-19_Radiography_Dataset/COVID/images/COVID-118.png,COVID,Normal,0.4753979742527008,0.00010672278585843742,0.5244953036308289,4.637534800622234e-09,0.7080265283584595,0.5909961462020874,0.5909961462020874
/kaggle/input/datasets/tawsifurrahman/covid19-radiography-database/COVID-19_Radiography_Dataset/COVID/images/COVID-1182.png,COVID,COVID,0.9999997615814209,1.6884506237602181e-07,8.3255287108841e-09,2.5222403721159026e-08,0.5601372718811035,,
/kaggle/input/datasets/tawsifurrahman/covid19-radiography-database/COVID-19_Radiography_Dataset/COVID/images/COVID-1184.png,COVID,COVID,0.9999459981918335,1.6201663584070047e-06,1.489241640229011e-06,5.0913360610138625e-05,0.48905885219573975,,
/kaggle/input/datasets/tawsifurrahman/covid19-radiography-database/COVID-19_Radiography_Dataset/COVID/images/COVID-1193.png,COVID,COVID,0.8998154401779175,0.09684131294488907,0.003169336821883917,0.0001739218132570386,0.4720282554626465,,
/kaggle/input/datasets/tawsifurrahman/covid19-radiography-database/COVID-19_Radiography_Dataset/COVID/images/COVID-120.png,COVID,COVID,0.9999998807907104,2.827707845654004e-08,1.2616737876669504e-07,2.5287721135830443e-12,0.6823750138282776,,
/kaggle/input/datasets/tawsifurrahman/covid19-radiography-database/COVID-19_Radiography_Dataset/COVID/images/COVID-1200.png,COVID,COVID,1.0,1.5999651381548574e-08,1.2531603532650593e-10,1.5387109641995522e-10,0.7028437256813049,,
/kaggle/input/datasets/tawsifurrahman/covid19-radiography-database/COVID-19_Radiography_Dataset/COVID/images/COVID-1203.png,COVID,COVID,1.0,3.883988616837364e-12,7.084255599677791e-14,1.7176050581824143e-09,0.710665225982666,0.4201999306678772,0.4201999306678772
/kaggle/input/datasets/tawsifurrahman/covid19-radiography-database/COVID-19_Radiography_Dataset/COVID/images/COVID-121.png,COVID,COVID,0.6602045297622681,0.0004420315381139517,0.33935192227363586,1.508866830590705e-06,0.7009119391441345,,
/kaggle/input/datasets/tawsifurrahman/covid19-radiography-database/COVID-19_Radiography_Dataset/COVID/images/COVID-1216.png,COVID,COVID,0.9999978542327881,6.337199920380954e-08,2.0512966329988558e-06,3.5020226718529557e-09,0.6468833088874817,,
/kaggle/input/datasets/tawsifurrahman/covid19-radiography-database/COVID-19_Radiography_Dataset/COVID/images/COVID-1219.png,COVID,COVID,0.9999990463256836,9.540408427710645e-07,4.192662328428298e-10,4.819454169080473e-09,0.6860442757606506,0.3413359820842743,0.3413359820842743
/kaggle/input/datasets/tawsifurrahman/covid19-radiography-database/COVID-19_Radiography_Dataset/COVID/images/COVID-1222.png,COVID,COVID,0.9999011754989624,9.765344293555245e-05,9.733859551719348e-11,1.1656574088192428e-06,0.6798075437545776,,
/kaggle/input/datasets/tawsifurrahman/covid19-radiography-database/COVID-19_Radiography_Dataset/COVID/images/COVID-1228.png,COVID,COVID,0.9999991655349731,4.161509821187792e-07,3.038256011222984e-07,4.987764512520698e-08,0.7250118851661682,,
/kaggle/input/datasets/tawsifurrahman/covid19-radiography-database/COVID-19_Radiography_Dataset/COVID/images/COVID-1236.png,COVID,Normal,0.44419804215431213,0.0020077002700418234,0.5537932515144348,1.0335596698496374e-06,0.6804224252700806,,
/kaggle/input/datasets/tawsifurrahman/covid19-radiography-database/COVID-19_Radiography_Dataset/COVID/images/COVID-1239.png,COVID,COVID,1.0,3.401311871042978e-11,7.955489739197574e-11,4.4637661622548563e-11,0.7195500135421753,0.341254860162735,0.341254860162735
/kaggle/input/datasets/tawsifurrahman/covid19-radiography-database/COVID-19_Radiography_Dataset/COVID/images/COVID-1250.png,COVID,COVID,0.9950000047683716,0.0027327188290655613,0.0022207440342754126,4.6554898290196434e-05,0.75105881690979,,
/kaggle/input/datasets/tawsifurrahman/covid19-radiography-database/COVID-19_Radiography_Dataset/COVID/images/COVID-1262.png,COVID,COVID,0.9999724626541138,2.4134500563377514e-05,4.906691586370471e-08,3.411909119677148e-06,0.6908506155014038,,
/kaggle/input/datasets/tawsifurrahman/covid19-radiography-database/COVID-19_Radiography_Dataset/COVID/images/COVID-1287.png,COVID,COVID,0.9907388687133789,0.009251660667359829,1.64681762271357e-06,7.796108548063785e-06,0.510118305683136,,
/kaggle/input/datasets/tawsifurrahman/covid19-radiography-database/COVID-19_Radiography_Dataset/COVID/images/COVID-130.png,COVID,COVID,0.5750303268432617,0.00031272665364667773,0.4246421456336975,1.4806864783167839e-05,0.6946659088134766,,
/kaggle/input/datasets/tawsifurrahman/covid19-radiography-database/COVID-19_Radiography_Dataset/COVID/images/COVID-1301.png,COVID,COVID,0.999987006187439,2.006806653298554e-06,1.0756070878414903e-05,2.709121815769322e-07,0.5988140106201172,,
/kaggle/input/datasets/tawsifurrahman/covid19-radiography-database/COVID-19_Radiography_Dataset/COVID/images/COVID-1319.png,COVID,COVID,0.999652624130249,0.00014111374912317842,2.9588611027975276e-07,0.00020606353064067662,0.658876895904541,,
/kaggle/input/datasets/tawsifurrahman/covid19-radiography-database/COVID-19_Radiography_Dataset/COVID/images/COVID-132.png,COVID,COVID,1.0,5.810827374830296e-09,9.421690982946984e-09,1.1852999051015223e-12,0.7369869947433472,,
/kaggle/input/datasets/tawsifurrahman/covid19-radiography-database/COVID-19_Radiography_Dataset/COVID/images/COVID-1326.png,COVID,COVID,1.0,4.5437347218069135e-09,6.053048340337597e-11,1.7031004384548964e-10,0.6293081045150757,,
/kaggle/input/datasets/tawsifurrahman/covid19-radiography-database/COVID-19_Radiography_Dataset/COVID/images/COVID-1333.png,COVID,COVID,1.0,8.210383761753093e-12,6.07626449156129e-11,3.7186733184944865e-13,0.7036415934562683,0.26689866185188293,0.26689866185188293
/kaggle/input/datasets/tawsifurrahman/covid19-radiography-database/COVID-19_Radiography_Dataset/COVID/images/COVID-1334.png,COVID,COVID,0.9983789920806885,1.8536607058194932e-06,2.14602469128522e-08,0.001619187998585403,0.4458758533000946,0.1549394577741623,0.1549394577741623
/kaggle/input/datasets/tawsifurrahman/covid19-radiography-database/COVID-19_Radiography_Dataset/COVID/images/COVID-1336.png,COVID,COVID,0.993623673915863,0.006368913222104311,8.159686331055127e-07,6.584115908481181e-06,0.6837584376335144,0.3996122181415558,0.3996122181415558
/kaggle/input/datasets/tawsifurrahman/covid19-radiography-database/COVID-19_Radiography_Dataset/COVID/images/COVID-1339.png,COVID,COVID,0.9999970197677612,2.252093622701068e-07,1.2063736676282133e-08,2.753806029431871e-06,0.5538149476051331,,
/kaggle/input/datasets/tawsifurrahman/covid19-radiography-database/COVID-19_Radiography_Dataset/COVID/images/COVID-134.png,COVID,COVID,0.9999687671661377,2.883366687456146e-05,1.967314119610819e-06,4.108201494545938e-07,0.5692399144172668,,
/kaggle/input/datasets/tawsifurrahman/covid19-radiography-database/COVID-19_Radiography_Dataset/COVID/images/COVID-1344.png,COVID,COVID,1.0,4.417994858840757e-10,1.1762431306738819e-10,6.229634585963595e-10,0.6482454538345337,,
/kaggle/input/datasets/tawsifurrahman/covid19-radiography-database/COVID-19_Radiography_Dataset/COVID/images/COVID-1348.png,COVID,COVID,0.9997100234031677,5.7443012337898836e-05,0.00021287499112077057,1.9606653950177133e-05,0.6774249076843262,,
/kaggle/input/datasets/tawsifurrahman/covid19-radiography-database/COVID-19_Radiography_Dataset/COVID/images/COVID-1350.png,COVID,COVID,1.0,2.1495090152257035e-08,1.64856114870382e-11,2.605363258467719e-09,0.694640576839447,,
/kaggle/input/datasets/tawsifurrahman/covid19-radiography-database/COVID-19_Radiography_Dataset/COVID/images/COVID-1354.png,COVID,COVID,1.0,7.486039343973516e-09,3.3981077507405644e-08,1.4519296875903365e-09,0.7189142107963562,0.330382764339447,0.330382764339447
/kaggle/input/datasets/tawsifurrahman/covid19-radiography-database/COVID-19_Radiography_Dataset/COVID/images/COVID-1359.png,COVID,COVID,1.0,2.650711428131558e-09,1.0128516948759714e-11,2.6303088596080215e-09,0.6931460499763489,,
/kaggle/input/datasets/tawsifurrahman/covid19-radiography-database/COVID-19_Radiography_Dataset/COVID/images/COVID-1361.png,COVID,Normal,0.003171183168888092,0.055534135550260544,0.9412892460823059,5.3694116104452405e-06,0.6938138604164124,,
/kaggle/input/datasets/tawsifurrahman/covid19-radiography-database/COVID-19_Radiography_Dataset/COVID/images/COVID-1401.png,COVID,COVID,0.9999996423721313,6.677689956546828e-09,9.787203165967373e-12,3.5028040201723343e-07,0.6647469401359558,,
/kaggle/input/datasets/tawsifurrahman/covid19-radiography-database/COVID-19_Radiography_Dataset/COVID/images/COVID-1405.png,COVID,COVID,1.0,5.0559075155665045e-12,1.5915408148147034e-15,5.065854957742033e-10,0.6653894186019897,,
/kaggle/input/datasets/tawsifurrahman/covid19-radiography-database/COVID-19_Radiography_Dataset/COVID/images/COVID-1418.png,COVID,COVID,0.8551508188247681,0.14459840953350067,0.0002494795771781355,1.339729124083533e-06,0.633086085319519,0.41143137216567993,0.41143137216567993
/kaggle/input/datasets/tawsifurrahman/covid19-radiography-database/COVID-19_Radiography_Dataset/COVID/images/COVID-1419.png,COVID,COVID,1.0,1.9819434982082385e-08,7.82084008665862e-10,2.3997989373469863e-08,0.6864712834358215,0.4575223922729492,0.4575223922729492
/kaggle/input/datasets/tawsifurrahman/covid19-radiography-database/COVID-19_Radiography_Dataset/COVID/images/COVID-1424.png,COVID,COVID,0.999998927116394,1.0405772172816796e-06,2.110786878617432e-09,1.8345971408706419e-09,0.6366352438926697,0.3928021788597107,0.3928021788597107
/kaggle/input/datasets/tawsifurrahman/covid19-radiography-database/COVID-19_Radiography_Dataset/COVID/images/COVID-1426.png,COVID,COVID,0.9973249435424805,0.0003642601368483156,0.0005463633569888771,0.0017643276369199157,0.6372530460357666,,
/kaggle/input/datasets/tawsifurrahman/covid19-radiography-database/COVID-19_Radiography_Dataset/COVID/images/COVID-1437.png,COVID,COVID,1.0,2.1295132768273106e-08,2.1295729624171145e-09,7.282879188608149e-09,0.6426795125007629,0.25947028398513794,0.25947028398513794
/kaggle/input/datasets/tawsifurrahman/covid19-radiography-database/COVID-19_Radiography_Dataset/COVID/images/COVID-1438.png,COVID,COVID,1.0,4.232642236701167e-09,2.0019507829260874e-08,7.124705270200593e-10,0.6658914685249329,0.34500059485435486,0.34500059485435486
/kaggle/input/datasets/tawsifurrahman/covid19-radiography-database/COVID-19_Radiography_Dataset/COVID/images/COVID-1441.png,COVID,COVID,1.0,6.196781282552521e-11,3.564816497547696e-11,6.17400878685781e-12,0.606052577495575,,
/kaggle/input/datasets/tawsifurrahman/covid19-radiography-database/COVID-19_Radiography_Dataset/COVID/images/COVID-1448.png,COVID,COVID,0.9999386072158813,6.0968057368882e-05,2.451751583976147e-07,1.5203482917058864e-07,0.6355209350585938,0.3905136287212372,0.3905136287212372
/kaggle/input/datasets/tawsifurrahman/covid19-radiography-database/COVID-19_Radiography_Dataset/COVID/images/COVID-1450.png,COVID,COVID,1.0,4.142376219817834e-09,4.3406989114203043e-10,1.0541160999633092e-10,0.3877395987510681,0.18219275772571564,0.18219275772571564
/kaggle/input/datasets/tawsifurrahman/covid19-radiography-database/COVID-19_Radiography_Dataset/COVID/images/COVID-147.png,COVID,COVID,0.9999562501907349,1.1879619954413556e-08,3.5884941240738044e-08,4.372210969449952e-05,0.7188351154327393,0.35773640871047974,0.35773640871047974
/kaggle/input/datasets/tawsifurrahman/covid19-radiography-database/COVID-19_Radiography_Dataset/COVID/images/COVID-1470.png,COVID,COVID,1.0,2.9538715223820233e-11,5.413940780060744e-13,8.862276689412807e-13,0.5493306517601013,0.22675339877605438,0.22675339877605438
/kaggle/input/datasets/tawsifurrahman/covid19-radiography-database/COVID-19_Radiography_Dataset/COVID/images/COVID-1477.png,COVID,COVID,1.0,1.2190863596384105e-10,1.669046303075239e-12,1.2268855636293763e-12,0.6802881360054016,0.3590361773967743,0.3590361773967743
/kaggle/input/datasets/tawsifurrahman/covid19-radiography-database/COVID-19_Radiography_Dataset/COVID/images/COVID-1482.png,COVID,COVID,1.0,7.911508362497266e-13,2.5934562775732943e-15,7.533966397792191e-13,0.6573541760444641,,
/kaggle/input/datasets/tawsifurrahman/covid19-radiography-database/COVID-19_Radiography_Dataset/COVID/images/COVID-1485.png,COVID,COVID,1.0,4.660477559426113e-11,6.264863194188619e-12,4.526384475567191e-12,0.6458005905151367,,
/kaggle/input/datasets/tawsifurrahman/covid19-radiography-database/COVID-19_Radiography_Dataset/COVID/images/COVID-1486.png,COVID,COVID,0.9382811784744263,0.0581841878592968,0.0034995893947780132,3.502073377603665e-05,0.6339993476867676,0.2903618812561035,0.2903618812561035
/kaggle/input/datasets/tawsifurrahman/covid19-radiography-database/COVID-19_Radiography_Dataset/COVID/images/COVID-1490.png,COVID,COVID,1.0,2.2235391305969188e-09,7.631317452960751e-12,8.255156280778664e-11,0.669601559638977,,
/kaggle/input/datasets/tawsifurrahman/covid19-radiography-database/COVID-19_Radiography_Dataset/COVID/images/COVID-1510.png,COVID,COVID,0.9999951124191284,4.082386112713721e-06,7.004156827861152e-07,3.785273605672046e-08,0.6257824897766113,0.3796219229698181,0.3796219229698181
/kaggle/input/datasets/tawsifurrahman/covid19-radiography-database/COVID-19_Radiography_Dataset/COVID/images/COVID-1518.png,COVID,COVID,0.9937580823898315,0.001167715759947896,0.005072691477835178,1.5353842854892719e-06,0.635607123374939,,
/kaggle/input/datasets/tawsifurrahman/covid19-radiography-database/COVID-19_Radiography_Dataset/COVID/images/COVID-1534.png,COVID,COVID,0.9999890327453613,1.253745608664758e-06,8.219227311201394e-06,1.4458032637776341e-06,0.6287420988082886,0.3485146760940552,0.3485146760940552
/kaggle/input/datasets/tawsifurrahman/covid19-radiography-database/COVID-19_Radiography_Dataset/COVID/images/COVID-1539.png,COVID,COVID,1.0,4.305999168341401e-10,1.1862906490467395e-12,1.1968560587050092e-09,0.7168741822242737,,
/kaggle/input/datasets/tawsifurrahman/covid19-radiography-database/COVID-19_Radiography_Dataset/COVID/images/COVID-1544.png,COVID,COVID,0.9999285936355591,3.2174928492167965e-05,3.911752355634235e-05,7.927442169375354e-08,0.6254910826683044,,
/kaggle/input/datasets/tawsifurrahman/covid19-radiography-database/COVID-19_Radiography_Dataset/COVID/images/COVID-156.png,COVID,COVID,0.999996542930603,3.2676832688594004e-06,2.8931398787790386e-07,5.326519780801675e-10,0.6413896083831787,0.35379424691200256,0.35379424691200256
/kaggle/input/datasets/tawsifurrahman/covid19-radiography-database/COVID-19_Radiography_Dataset/COVID/images/COVID-1560.png,COVID,COVID,1.0,1.914136182890047e-09,2.6633339977877313e-10,2.423502891424345e-11,0.5773154497146606,0.2916330397129059,0.2916330397129059
/kaggle/input/datasets/tawsifurrahman/covid19-radiography-database/COVID-19_Radiography_Dataset/COVID/images/COVID-1561.png,COVID,COVID,0.9999986886978149,1.207152536153444e-06,6.909794336706909e-08,8.324689271255181e-10,0.5514367818832397,,
/kaggle/input/datasets/tawsifurrahman/covid19-radiography-database/COVID-19_Radiography_Dataset/COVID/images/COVID-1569.png,COVID,COVID,1.0,7.554785130814423e-10,4.682664325739161e-11,1.3170150733876618e-11,0.6853272318840027,,
/kaggle/input/datasets/tawsifurrahman/covid19-radiography-database/COVID-19_Radiography_Dataset/COVID/images/COVID-1570.png,COVID,COVID,0.9999957084655762,1.8557922487616452e-07,4.020477263111388e-06,9.166800651883023e-09,0.5891311764717102,0.3430757522583008,0.3430757522583008
/kaggle/input/datasets/tawsifurrahman/covid19-radiography-database/COVID-19_Radiography_Dataset/COVID/images/COVID-1573.png,COVID,COVID,0.9987046718597412,0.0010314533719792962,0.00026192760560661554,1.960421059266082e-06,0.5325412154197693,,
/kaggle/input/datasets/tawsifurrahman/covid19-radiography-database/COVID-19_Radiography_Dataset/COVID/images/COVID-1575.png,COVID,COVID,1.0,1.713991309992835e-10,2.550513619747896e-11,3.891490807979986e-13,0.6746174693107605,,
/kaggle/input/datasets/tawsifurrahman/covid19-radiography-database/COVID-19_Radiography_Dataset/COVID/images/COVID-1576.png,COVID,COVID,0.9999949932098389,4.16427514693396e-09,5.013501322537195e-06,8.696149703113498e-12,0.6651371121406555,,
/kaggle/input/datasets/tawsifurrahman/covid19-radiography-database/COVID-19_Radiography_Dataset/COVID/images/COVID-1580.png,COVID,COVID,0.9999517202377319,2.1866535462322645e-05,1.997627259697765e-05,6.415813459170749e-06,0.7262436747550964,,
/kaggle/input/datasets/tawsifurrahman/covid19-radiography-database/COVID-19_Radiography_Dataset/COVID/images/COVID-1586.png,COVID,COVID,0.9999551773071289,4.43332755821757e-05,1.9865295541876549e-07,2.0467564354476053e-07,0.5521367192268372,,
/kaggle/input/datasets/tawsifurrahman/covid19-radiography-database/COVID-19_Radiography_Dataset/COVID/images/COVID-159.png,COVID,COVID,0.9999783039093018,2.3263207822310505e-06,1.9353725292603485e-05,5.847605066833239e-08,0.6614627242088318,,
/kaggle/input/datasets/tawsifurrahman/covid19-radiography-database/COVID-19_Radiography_Dataset/COVID/images/COVID-1591.png,COVID,COVID,0.9998641014099121,2.1707339328713715e-05,0.000111225395812653,2.9133673251635628e-06,0.5791565179824829,,
/kaggle/input/datasets/tawsifurrahman/covid19-radiography-database/COVID-19_Radiography_Dataset/COVID/images/COVID-1604.png,COVID,Normal,0.2711215615272522,0.008551198057830334,0.5046787858009338,0.21564842760562897,0.732356071472168,0.46555259823799133,0.46555259823799133
/kaggle/input/datasets/tawsifurrahman/covid19-radiography-database/COVID-19_Radiography_Dataset/COVID/images/COVID-1611.png,COVID,COVID,0.909641683101654,0.05018935352563858,0.0401652529835701,3.710351393237943e-06,0.5451942682266235,,
/kaggle/input/datasets/tawsifurrahman/covid19-radiography-database/COVID-19_Radiography_Dataset/COVID/images/COVID-1614.png,COVID,COVID,1.0,1.3020036604416418e-08,4.886417048766134e-09,3.0371314352350964e-09,0.6864259243011475,,
/kaggle/input/datasets/tawsifurrahman/covid19-radiography-database/COVID-19_Radiography_Dataset/COVID/images/COVID-1618.png,COVID,COVID,1.0,1.649857889196582e-10,4.287827384819032e-11,3.495081724036453e-10,0.5818820595741272,0.33095255494117737,0.33095255494117737
/kaggle/input/datasets/tawsifurrahman/covid19-radiography-database/COVID-19_Radiography_Dataset/COVID/images/COVID-1619.png,COVID,COVID,1.0,5.350461762532177e-08,3.5364866590725796e-08,5.2284003793090505e-09,0.6478185057640076,,
/kaggle/input/datasets/tawsifurrahman/covid19-radiography-database/COVID-19_Radiography_Dataset/COVID/images/COVID-1631.png,COVID,COVID,0.9999960660934448,2.682695878775121e-07,3.572910145521746e-07,3.3223327591258567e-06,0.5595211386680603,,
/kaggle/input/datasets/tawsifurrahman/covid19-radiography-database/COVID-19_Radiography_Dataset/COVID/images/COVID-1636.png,COVID,COVID,0.999998927116394,8.04627347861242e-07,1.242942886392484e-07,1.0359190127928741e-07,0.6727933287620544,,
/kaggle/input/datasets/tawsifurrahman/covid19-radiography-database/COVID-19_Radiography_Dataset/COVID/images/COVID-1637.png,COVID,COVID,0.9999876022338867,3.3803547694333247e-07,1.1957939932472073e-05,1.0690412466374255e-07,0.6522342562675476,,
/kaggle/input/datasets/tawsifurrahman/covid19-radiography-database/COVID-19_Radiography_Dataset/COVID/images/COVID-1640.png,COVID,COVID,1.0,5.950335981320248e-14,8.198463236693421e-15,1.7597635588312288e-12,0.6230894327163696,,
/kaggle/input/datasets/tawsifurrahman/covid19-radiography-database/COVID-19_Radiography_Dataset/COVID/images/COVID-1643.png,COVID,COVID,0.9999990463256836,2.4825442324072355e-07,7.614507353537192e-07,9.541681333935514e-11,0.5089384913444519,,
/kaggle/input/datasets/tawsifurrahman/covid19-radiography-database/COVID-19_Radiography_Dataset/COVID/images/COVID-1658.png,COVID,COVID,1.0,6.401294858765505e-12,9.570246504997382e-12,1.4008032581114271e-11,0.631450355052948,,
/kaggle/input/datasets/tawsifurrahman/covid19-radiography-database/COVID-19_Radiography_Dataset/COVID/images/COVID-1664.png,COVID,COVID,0.9999974966049194,1.7290849427809007e-06,6.899517757119611e-07,4.865625680139374e-10,0.667060375213623,,
/kaggle/input/datasets/tawsifurrahman/covid19-radiography-database/COVID-19_Radiography_Dataset/COVID/images/COVID-1665.png,COVID,COVID,0.999993085861206,6.322820809145924e-06,5.603474164672662e-07,4.809858822341084e-08,0.5917710065841675,0.31555160880088806,0.31555160880088806
/kaggle/input/datasets/tawsifurrahman/covid19-radiography-database/COVID-19_Radiography_Dataset/COVID/images/COVID-1671.png,COVID,COVID,0.9999936819076538,3.1492354537476785e-06,3.0896317184669897e-06,1.6546518821769496e-08,0.5922979712486267,,
/kaggle/input/datasets/tawsifurrahman/covid19-radiography-database/COVID-19_Radiography_Dataset/COVID/images/COVID-1681.png,COVID,COVID,0.9999939203262329,2.4261860289698234e-06,1.322506818723923e-06,2.344553649891168e-06,0.5981661081314087,,
/kaggle/input/datasets/tawsifurrahman/covid19-radiography-database/COVID-19_Radiography_Dataset/COVID/images/COVID-1683.png,COVID,COVID,0.9999915361404419,2.5042913520678667e-08,8.464228812954389e-06,1.6011666659210277e-08,0.5834248065948486,,
/kaggle/input/datasets/tawsifurrahman/covid19-radiography-database/COVID-19_Radiography_Dataset/COVID/images/COVID-1685.png,COVID,COVID,0.9998705387115479,4.098682438780088e-06,0.0001253079535672441,1.907984703564125e-08,0.5931026339530945,0.19273124635219574,0.19273124635219574
/kaggle/input/datasets/tawsifurrahman/covid19-radiography-database/COVID-19_Radiography_Dataset/COVID/images/COVID-1692.png,COVID,COVID,0.9998563528060913,0.0001436000020476058,3.2702331509426585e-08,6.924423812115776e-10,0.6665889024734497,,
/kaggle/input/datasets/tawsifurrahman/covid19-radiography-database/COVID-19_Radiography_Dataset/COVID/images/COVID-1704.png,COVID,COVID,1.0,1.225010315408781e-08,8.793197073253545e-12,7.796539455706686e-12,0.6069023609161377,,
/kaggle/input/datasets/tawsifurrahman/covid19-radiography-database/COVID-19_Radiography_Dataset/COVID/images/COVID-1710.png,COVID,COVID,0.9924754500389099,0.007433719001710415,6.862747250124812e-05,2.2260179321165197e-05,0.6856271624565125,,
/kaggle/input/datasets/tawsifurrahman/covid19-radiography-database/COVID-19_Radiography_Dataset/COVID/images/COVID-1716.png,COVID,COVID,0.9999997615814209,2.5500267497591267e-07,2.0235249920119713e-08,4.021051047686797e-09,0.6064265370368958,,
/kaggle/input/datasets/tawsifurrahman/covid19-radiography-database/COVID-19_Radiography_Dataset/COVID/images/COVID-1732.png,COVID,COVID,0.9999998807907104,1.2300891683025839e-07,1.996694587447223e-09,1.2451943989799652e-11,0.591022253036499,,
/kaggle/input/datasets/tawsifurrahman/covid19-radiography-database/COVID-19_Radiography_Dataset/COVID/images/COVID-1744.png,COVID,COVID,1.0,5.536927583094098e-10,6.695285298397025e-11,8.179307009470449e-09,0.627311646938324,,
/kaggle/input/datasets/tawsifurrahman/covid19-radiography-database/COVID-19_Radiography_Dataset/COVID/images/COVID-1749.png,COVID,Lung_Opacity,0.12477856874465942,0.8681905269622803,0.007030753884464502,7.054424600028142e-08,0.6380886435508728,0.3787424564361572,0.3787424564361572
/kaggle/input/datasets/tawsifurrahman/covid19-radiography-database/COVID-19_Radiography_Dataset/COVID/images/COVID-1750.png,COVID,COVID,0.9999977350234985,2.211398850704427e-06,5.658827006982392e-08,8.675903329091739e-10,0.4657042622566223,,
/kaggle/input/datasets/tawsifurrahman/covid19-radiography-database/COVID-19_Radiography_Dataset/COVID/images/COVID-1752.png,COVID,COVID,1.0,3.9534048257294785e-10,2.624721107125083e-09,3.847438367898803e-09,0.5867117643356323,0.14256587624549866,0.14256587624549866
/kaggle/input/datasets/tawsifurrahman/covid19-radiography-database/COVID-19_Radiography_Dataset/COVID/images/COVID-1760.png,COVID,COVID,0.999921441078186,7.61770861572586e-05,1.0414868967245638e-07,2.302422444699914e-06,0.5311681628227234,,
/kaggle/input/datasets/tawsifurrahman/covid19-radiography-database/COVID-19_Radiography_Dataset/COVID/images/COVID-1764.png,COVID,COVID,1.0,2.652553376947253e-08,1.7320077594362715e-09,6.831822330077841e-10,0.6905336380004883,,
/kaggle/input/datasets/tawsifurrahman/covid19-radiography-database/COVID-19_Radiography_Dataset/COVID/images/COVID-1766.png,COVID,COVID,1.0,4.3935163840380653e-10,2.0278509427207325e-10,2.843178192879492e-10,0.5091541409492493,,
/kaggle/input/datasets/tawsifurrahman/covid19-radiography-database/COVID-19_Radiography_Dataset/COVID/images/COVID-1767.png,COVID,COVID,0.9999886751174927,5.919255272601731e-06,5.382475137594156e-06,3.217691890711194e-09,0.5837756991386414,,
/kaggle/input/datasets/tawsifurrahman/covid19-radiography-database/COVID-19_Radiography_Dataset/COVID/images/COVID-1768.png,COVID,COVID,1.0,2.9902018361394056e-11,1.1641098675296835e-11,4.5043566099245425e-11,0.5310525298118591,0.18968933820724487,0.18968933820724487
/kaggle/input/datasets/tawsifurrahman/covid19-radiography-database/COVID-19_Radiography_Dataset/COVID/images/COVID-1782.png,COVID,COVID,0.9999998807907104,3.0663904748706727e-10,1.1146501499581518e-09,8.864074629855168e-08,0.5632073879241943,0.14318497478961945,0.14318497478961945
/kaggle/input/datasets/tawsifurrahman/covid19-radiography-database/COVID-19_Radiography_Dataset/COVID/images/COVID-1784.png,COVID,COVID,1.0,1.5088134361969808e-15,7.728192953127778e-17,4.2817118437010857e-16,0.6362260580062866,,
/kaggle/input/datasets/tawsifurrahman/covid19-radiography-database/COVID-19_Radiography_Dataset/COVID/images/COVID-1791.png,COVID,COVID,0.9998824596405029,3.194237797288224e-05,8.54951940709725e-05,1.1631220786512131e-07,0.5727738738059998,,
/kaggle/input/datasets/tawsifurrahman/covid19-radiography-database/COVID-19_Radiography_Dataset/COVID/images/COVID-1793.png,COVID,COVID,0.9995211362838745,0.00046892472892068326,4.676632215705467e-06,5.281166068016319e-06,0.5593082308769226,,
/kaggle/input/datasets/tawsifurrahman/covid19-radiography-database/COVID-19_Radiography_Dataset/COVID/images/COVID-1795.png,COVID,COVID,0.9996776580810547,0.000311161857098341,2.2415117655327776e-06,8.984321539173834e-06,0.4946310818195343,,
/kaggle/input/datasets/tawsifurrahman/covid19-radiography-database/COVID-19_Radiography_Dataset/COVID/images/COVID-1808.png,COVID,COVID,0.9999992847442627,9.285567870165323e-08,6.099105576140573e-07,6.6207186399935836e-09,0.6087983846664429,0.27729159593582153,0.27729159593582153
/kaggle/input/datasets/tawsifurrahman/covid19-radiography-database/COVID-19_Radiography_Dataset/COVID/images/COVID-1825.png,COVID,COVID,0.9991024732589722,0.0008975578239187598,1.9485114910455792e-10,8.603206480550796e-10,0.5163076519966125,,
/kaggle/input/datasets/tawsifurrahman/covid19-radiography-database/COVID-19_Radiography_Dataset/COVID/images/COVID-1826.png,COVID,COVID,0.9317595362663269,0.020093563944101334,0.047948576509952545,0.00019833206897601485,0.6065058708190918,,
/kaggle/input/datasets/tawsifurrahman/covid19-radiography-database/COVID-19_Radiography_Dataset/COVID/images/COVID-1830.png,COVID,COVID,0.9997963309288025,2.5543098672642373e-05,0.0001781819446478039,6.490775028566986e-09,0.6874632239341736,0.3758404552936554,0.3758404552936554
/kaggle/input/datasets/tawsifurrahman/covid19-radiography-database/COVID-19_Radiography_Dataset/COVID/images/COVID-1834.png,COVID,COVID,0.9999525547027588,2.9076181817799807e-06,4.447599349077791e-05,6.536821217650868e-08,0.6797956228256226,,
/kaggle/input/datasets/tawsifurrahman/covid19-radiography-database/COVID-19_Radiography_Dataset/COVID/images/COVID-1839.png,COVID,COVID,0.9942188262939453,0.005781208630651236,3.0403274564605454e-08,4.41789804739301e-09,0.6602017283439636,,
/kaggle/input/datasets/tawsifurrahman/covid19-radiography-database/COVID-19_Radiography_Dataset/COVID/images/COVID-1858.png,COVID,COVID,0.985483705997467,0.00016426066576968879,0.01435189787298441,5.400233149543965e-08,0.6561091542243958,,
/kaggle/input/datasets/tawsifurrahman/covid19-radiography-database/COVID-19_Radiography_Dataset/COVID/images/COVID-1859.png,COVID,COVID,0.9999963045120239,3.7401405279524624e-06,1.0878565603889001e-08,1.1948268152650598e-08,0.6148680448532104,,
/kaggle/input/datasets/tawsifurrahman/covid19-radiography-database/COVID-19_Radiography_Dataset/COVID/images/COVID-186.png,COVID,COVID,1.0,9.626859032163537e-11,2.2207204963820004e-09,1.2392747938960724e-09,0.6668242812156677,,
/kaggle/input/datasets/tawsifurrahman/covid19-radiography-database/COVID-19_Radiography_Dataset/COVID/images/COVID-1860.png,COVID,COVID,0.9999434947967529,1.9395354229345685e-06,5.459609747049399e-05,7.904169763151003e-09,0.6324018239974976,,
/kaggle/input/datasets/tawsifurrahman/covid19-radiography-database/COVID-19_Radiography_Dataset/COVID/images/COVID-1873.png,COVID,COVID,1.0,6.64110766379622e-10,4.657867425095219e-10,1.514753600329044e-11,0.6385418176651001,,
/kaggle/input/datasets/tawsifurrahman/covid19-radiography-database/COVID-19_Radiography_Dataset/COVID/images/COVID-1892.png,COVID,COVID,0.9997103810310364,7.653360626136418e-06,0.00027980859158560634,2.1259565983200446e-06,0.6168598532676697,0.29317131638526917,0.29317131638526917
/kaggle/input/datasets/tawsifurrahman/covid19-radiography-database/COVID-19_Radiography_Dataset/COVID/images/COVID-1906.png,COVID,COVID,0.9998730421066284,4.6243621909525245e-06,0.00012229268031660467,2.251258068852735e-09,0.6546973586082458,0.35611259937286377,0.35611259937286377
/kaggle/input/datasets/tawsifurrahman/covid19-radiography-database/COVID-19_Radiography_Dataset/COVID/images/COVID-1916.png,COVID,COVID,0.9999921321868896,7.108382305887062e-06,7.490128837162047e-07,3.160341677244105e-08,0.4948163330554962,,
/kaggle/input/datasets/tawsifurrahman/covid19-radiography-database/COVID-19_Radiography_Dataset/COVID/images/COVID-1917.png,COVID,COVID,0.9999516010284424,4.3440490117063746e-05,4.709678705694387e-06,2.3558030193271406e-07,0.5789613723754883,,
/kaggle/input/datasets/tawsifurrahman/covid19-radiography-database/COVID-19_Radiography_Dataset/COVID/images/COVID-1918.png,COVID,COVID,0.996687114238739,0.0014477313961833715,0.001858496805652976,6.657325229753042e-06,0.6649041175842285,,
/kaggle/input/datasets/tawsifurrahman/covid19-radiography-database/COVID-19_Radiography_Dataset/COVID/images/COVID-1922.png,COVID,COVID,0.9998125433921814,0.0001858809555415064,1.4568216784027754e-06,1.9177110743839876e-07,0.6837431788444519,0.4980943500995636,0.4980943500995636
/kaggle/input/datasets/tawsifurrahman/covid19-radiography-database/COVID-19_Radiography_Dataset/COVID/images/COVID-1926.png,COVID,COVID,0.9999998807907104,4.5786091584787414e-10,7.590033845872313e-08,4.448386548006056e-09,0.679009735584259,0.19731301069259644,0.19731301069259644
/kaggle/input/datasets/tawsifurrahman/covid19-radiography-database/COVID-19_Radiography_Dataset/COVID/images/COVID-1927.png,COVID,COVID,0.9999949932098389,9.857713934025014e-08,4.909053586743539e-06,9.16163200859188e-10,0.6478957533836365,0.29863888025283813,0.29863888025283813
/kaggle/input/datasets/tawsifurrahman/covid19-radiography-database/COVID-19_Radiography_Dataset/COVID/images/COVID-1930.png,COVID,COVID,0.9999938011169434,3.3467349567217752e-06,2.75890465673001e-06,1.6563454607876338e-07,0.6120087504386902,,
/kaggle/input/datasets/tawsifurrahman/covid19-radiography-database/COVID-19_Radiography_Dataset/COVID/images/COVID-1933.png,COVID,Normal,0.4088558852672577,0.0004253044899087399,0.5907187461853027,5.776685796377024e-10,0.6727727651596069,,
/kaggle/input/datasets/tawsifurrahman/covid19-radiography-database/COVID-19_Radiography_Dataset/COVID/images/COVID-194.png,COVID,COVID,1.0,1.5586747892371022e-08,2.240533980568671e-09,1.9996228672880534e-08,0.6436753869056702,0.22813460230827332,0.22813460230827332
/kaggle/input/datasets/tawsifurrahman/covid19-radiography-database/COVID-19_Radiography_Dataset/COVID/images/COVID-1943.png,COVID,COVID,0.9916450381278992,0.0024450081400573254,0.005870356224477291,3.9551588997710496e-05,0.5916339159011841,,
/kaggle/input/datasets/tawsifurrahman/covid19-radiography-database/COVID-19_Radiography_Dataset/COVID/images/COVID-1952.png,COVID,COVID,0.999994158744812,5.608044943983259e-07,5.227440396993188e-06,7.881566510548055e-09,0.5999597311019897,,
/kaggle/input/datasets/tawsifurrahman/covid19-radiography-database/COVID-19_Radiography_Dataset/COVID/images/COVID-1953.png,COVID,COVID,0.9979507327079773,2.6262185201630928e-05,0.002022627741098404,3.6616006582335103e-07,0.5588484406471252,,
/kaggle/input/datasets/tawsifurrahman/covid19-radiography-database/COVID-19_Radiography_Dataset/COVID/images/COVID-1955.png,COVID,COVID,0.9900984168052673,0.00921909511089325,0.0002795419713947922,0.0004029613919556141,0.5469856262207031,,
/kaggle/input/datasets/tawsifurrahman/covid19-radiography-database/COVID-19_Radiography_Dataset/COVID/images/COVID-1958.png,COVID,COVID,0.9999879598617554,3.004289226282708e-07,1.1706488294294104e-05,1.0079921786143586e-08,0.5774295926094055,,
/kaggle/input/datasets/tawsifurrahman/covid19-radiography-database/COVID-19_Radiography_Dataset/COVID/images/COVID-1968.png,COVID,COVID,0.9998304843902588,0.00016589637380093336,3.1820545700611547e-06,3.4410922467031924e-07,0.586558997631073,,
/kaggle/input/datasets/tawsifurrahman/covid19-radiography-database/COVID-19_Radiography_Dataset/COVID/images/COVID-1969.png,COVID,COVID,0.9999929666519165,6.213565939106047e-06,7.848037739677238e-07,1.1556833712234038e-08,0.7024202942848206,,
/kaggle/input/datasets/tawsifurrahman/covid19-radiography-database/COVID-19_Radiography_Dataset/COVID/images/COVID-1970.png,COVID,COVID,0.9996235370635986,3.860106062347768e-06,2.870466050808318e-05,0.0003438361163716763,0.6551108956336975,,
/kaggle/input/datasets/tawsifurrahman/covid19-radiography-database/COVID-19_Radiography_Dataset/COVID/images/COVID-1972.png,COVID,COVID,0.5836523175239563,0.414006769657135,0.0023009891156107187,3.994734288426116e-05,0.6756752133369446,0.29318171739578247,0.29318171739578247
/kaggle/input/datasets/tawsifurrahman/covid19-radiography-database/COVID-19_Radiography_Dataset/COVID/images/COVID-1973.png,COVID,COVID,0.651179313659668,0.3061034083366394,0.041223861277103424,0.0014934476930648088,0.6972166895866394,,
/kaggle/input/datasets/tawsifurrahman/covid19-radiography-database/COVID-19_Radiography_Dataset/COVID/images/COVID-1982.png,COVID,COVID,0.9997664093971252,1.0104240573127754e-06,0.0002326022950001061,1.8477522300847787e-13,0.6915403008460999,,
/kaggle/input/datasets/tawsifurrahman/covid19-radiography-database/COVID-19_Radiography_Dataset/COVID/images/COVID-1985.png,COVID,COVID,0.9983235001564026,0.0010979269864037633,0.0005755066522397101,3.0471878744720016e-06,0.6342661380767822,,
/kaggle/input/datasets/tawsifurrahman/covid19-radiography-database/COVID-19_Radiography_Dataset/COVID/images/COVID-2004.png,COVID,COVID,0.9999985694885254,7.218224027383258e-07,4.540640077266289e-07,2.4105364104798355e-07,0.6355323195457458,,
/kaggle/input/datasets/tawsifurrahman/covid19-radiography-database/COVID-19_Radiography_Dataset/COVID/images/COVID-2005.png,COVID,COVID,0.9999991655349731,4.0117643607118225e-07,5.212410201238526e-07,1.0056377064415756e-08,0.6390199065208435,0.25788557529449463,0.25788557529449463
/kaggle/input/datasets/tawsifurrahman/covid19-radiography-database/COVID-19_Radiography_Dataset/COVID/images/COVID-2014.png,COVID,COVID,0.9997759461402893,0.00021645816741511226,2.1693990674975794e-06,5.416620297182817e-06,0.5521684288978577,0.3207997679710388,0.3207997679710388
/kaggle/input/datasets/tawsifurrahman/covid19-radiography-database/COVID-19_Radiography_Dataset/COVID/images/COVID-2015.png,COVID,COVID,0.9995452761650085,0.00045169383520260453,2.996978764713276e-06,1.7371176719294112e-09,0.5658186078071594,,
/kaggle/input/datasets/tawsifurrahman/covid19-radiography-database/COVID-19_Radiography_Dataset/COVID/images/COVID-2020.png,COVID,COVID,1.0,7.308448290999081e-11,1.1573390900146419e-12,1.940486400037189e-12,0.6061328053474426,,
/kaggle/input/datasets/tawsifurrahman/covid19-radiography-database/COVID-19_Radiography_Dataset/COVID/images/COVID-2023.png,COVID,COVID,0.9998669624328613,0.0001105530172935687,2.2403923139791004e-05,1.0715557863250069e-07,0.6039384007453918,0.2659989893436432,0.2659989893436432
/kaggle/input/datasets/tawsifurrahman/covid19-radiography-database/COVID-19_Radiography_Dataset/COVID/images/COVID-2024.png,COVID,COVID,0.9999982118606567,1.8966575510148687e-07,1.5066364085214445e-06,6.350445169722718e-10,0.567038357257843,0.2966265380382538,0.2966265380382538
/kaggle/input/datasets/tawsifurrahman/covid19-radiography-database/COVID-19_Radiography_Dataset/COVID/images/COVID-2029.png,COVID,COVID,0.9998672008514404,4.7393509703397285e-06,0.0001278018025914207,2.1976001107759657e-07,0.5291563868522644,,
/kaggle/input/datasets/tawsifurrahman/covid19-radiography-database/COVID-19_Radiography_Dataset/COVID/images/COVID-2033.png,COVID,COVID,0.9996868371963501,1.00590955298685e-06,0.00031225066049955785,4.096994965507861e-10,0.6723541021347046,,
/kaggle/input/datasets/tawsifurrahman/covid19-radiography-database/COVID-19_Radiography_Dataset/COVID/images/COVID-2040.png,COVID,COVID,0.9999924898147583,1.4863892374705756e-06,5.7563092923373915e-06,2.670948333616252e-07,0.6176307797431946,0.3139840364456177,0.3139840364456177
/kaggle/input/datasets/tawsifurrahman/covid19-radiography-database/COVID-19_Radiography_Dataset/COVID/images/COVID-2042.png,COVID,COVID,0.9998433589935303,6.933105964890274e-07,0.00015580520266667008,1.6415107495504344e-07,0.6616285443305969,,
/kaggle/input/datasets/tawsifurrahman/covid19-radiography-database/COVID-19_Radiography_Dataset/COVID/images/COVID-205.png,COVID,COVID,0.9980683922767639,0.0019159147050231695,2.7612554731604178e-06,1.2977987353224307e-05,0.5070456266403198,,
/kaggle/input/datasets/tawsifurrahman/covid19-radiography-database/COVID-19_Radiography_Dataset/COVID/images/COVID-2060.png,COVID,COVID,0.9903742074966431,0.007850142195820808,0.001673482940532267,0.0001021514690364711,0.5014522075653076,,
/kaggle/input/datasets/tawsifurrahman/covid19-radiography-database/COVID-19_Radiography_Dataset/COVID/images/COVID-2063.png,COVID,COVID,0.9998276233673096,0.0001018983602989465,5.530530688702129e-05,1.5146732948778663e-05,0.5189608931541443,0.17692390084266663,0.17692390084266663
/kaggle/input/datasets/tawsifurrahman/covid19-radiography-database/COVID-19_Radiography_Dataset/COVID/images/COVID-2064.png,COVID,COVID,0.9999927282333374,2.139286834790255e-06,4.95523465815495e-07,4.659317710320465e-06,0.40700042247772217,,
/kaggle/input/datasets/tawsifurrahman/covid19-radiography-database/COVID-19_Radiography_Dataset/COVID/images/COVID-2070.png,COVID,COVID,0.9960474371910095,0.00016603646508883685,0.003786457935348153,3.33627809823156e-08,0.5770009756088257,,
/kaggle/input/datasets/tawsifurrahman/covid19-radiography-database/COVID-19_Radiography_Dataset/COVID/images/COVID-2076.png,COVID,COVID,0.9999970197677612,4.718725108432409e-07,2.501185463188449e-06,3.301040690795176e-11,0.6208693981170654,,
/kaggle/input/datasets/tawsifurrahman/covid19-radiography-database/COVID-19_Radiography_Dataset/COVID/images/COVID-2087.png,COVID,COVID,0.9999699592590332,2.0317071403042064e-07,2.9827957405359484e-05,2.2689303214029621e-10,0.6550910472869873,,
/kaggle/input/datasets/tawsifurrahman/covid19-radiography-database/COVID-19_Radiography_Dataset/COVID/images/COVID-209.png,COVID,COVID,0.9997665286064148,0.00022499807528220117,8.35397804621607e-06,9.719669691321542e-08,0.6288082599639893,,
/kaggle/input/datasets/tawsifurrahman/covid19-radiography-database/COVID-19_Radiography_Dataset/COVID/images/COVID-2095.png,COVID,COVID,0.9998944997787476,9.065802260010969e-07,0.00010457679309183732,3.134650539138306e-09,0.637353241443634,,
/kaggle/input/datasets/tawsifurrahman/covid19-radiography-database/COVID-19_Radiography_Dataset/COVID/images/COVID-2096.png,COVID,COVID,0.9999998807907104,6.034888855310783e-08,4.760823202332176e-08,3.220815003590616e-10,0.6419757008552551,,
/kaggle/input/datasets/tawsifurrahman/covid19-radiography-database/COVID-19_Radiography_Dataset/COVID/images/COVID-2114.png,COVID,COVID,1.0,6.660939355640494e-09,2.207842381141134e-10,1.0905306171982154e-11,0.6412074565887451,0.38697656989097595,0.38697656989097595
/kaggle/input/datasets/tawsifurrahman/covid19-radiography-database/COVID-19_Radiography_Dataset/COVID/images/COVID-2117.png,COVID,COVID,0.9999747276306152,1.5690499139964231e-06,2.350635259062983e-05,2.2453824044532666e-07,0.6017041802406311,,
/kaggle/input/datasets/tawsifurrahman/covid19-radiography-database/COVID-19_Radiography_Dataset/COVID/images/COVID-2123.png,COVID,COVID,0.9726970195770264,0.008099100552499294,0.01920356974005699,3.015389893334941e-07,0.6023734211921692,,
/kaggle/input/datasets/tawsifurrahman/covid19-radiography-database/COVID-19_Radiography_Dataset/COVID/images/COVID-2125.png,COVID,COVID,0.9999247789382935,6.874524842714891e-05,5.410724497778574e-06,1.0879458613999304e-06,0.6518316864967346,0.3106021583080292,0.3106021583080292
/kaggle/input/datasets/tawsifurrahman/covid19-radiography-database/COVID-19_Radiography_Dataset/COVID/images/COVID-2129.png,COVID,COVID,0.9996689558029175,2.3952865376486443e-05,0.0003069708764087409,9.265165346050708e-08,0.6094765067100525,0.3786974847316742,0.3786974847316742
/kaggle/input/datasets/tawsifurrahman/covid19-radiography-database/COVID-19_Radiography_Dataset/COVID/images/COVID-2147.png,COVID,COVID,0.998964786529541,0.0008556376560591161,2.542729998822324e-05,0.00015408742183353752,0.5833920836448669,,
/kaggle/input/datasets/tawsifurrahman/covid19-radiography-database/COVID-19_Radiography_Dataset/COVID/images/COVID-2150.png,COVID,COVID,0.9999990463256836,3.385390812127298e-07,6.517332735711534e-07,4.043436252487709e-09,0.5208660364151001,,
/kaggle/input/datasets/tawsifurrahman/covid19-radiography-database/COVID-19_Radiography_Dataset/COVID/images/COVID-2160.png,COVID,Normal,0.03070005401968956,0.0030270214192569256,0.9662724137306213,4.589523427966924e-07,0.5513875484466553,,
/kaggle/input/datasets/tawsifurrahman/covid19-radiography-database/COVID-19_Radiography_Dataset/COVID/images/COVID-2163.png,COVID,COVID,0.9999535083770752,1.024944751293333e-07,4.637199526769109e-05,5.5839866064388843e-08,0.6304347515106201,,
/kaggle/input/datasets/tawsifurrahman/covid19-radiography-database/COVID-19_Radiography_Dataset/COVID/images/COVID-2165.png,COVID,COVID,0.9972760081291199,3.6656707379734144e-05,0.002687274245545268,7.38651593223949e-08,0.6611747741699219,,
/kaggle/input/datasets/tawsifurrahman/covid19-radiography-database/COVID-19_Radiography_Dataset/COVID/images/COVID-218.png,COVID,COVID,0.9999743700027466,2.5564075258444063e-05,9.0327432644699e-08,3.686861260732144e-09,0.5312411189079285,,
/kaggle/input/datasets/tawsifurrahman/covid19-radiography-database/COVID-19_Radiography_Dataset/COVID/images/COVID-2197.png,COVID,COVID,0.9999998807907104,1.8477469554412096e-09,1.1148214440481752e-07,3.7894093196655376e-08,0.628585159778595,,
/kaggle/input/datasets/tawsifurrahman/covid19-radiography-database/COVID-19_Radiography_Dataset/COVID/images/COVID-220.png,COVID,COVID,0.999998927116394,2.1058791332961846e-07,8.592285212216666e-07,6.886793357807619e-09,0.7299915552139282,0.3529662787914276,0.3529662787914276
/kaggle/input/datasets/tawsifurrahman/covid19-radiography-database/COVID-19_Radiography_Dataset/COVID/images/COVID-2206.png,COVID,COVID,0.9998506307601929,9.614432201487944e-07,0.00014838091738056391,1.3627258210746618e-09,0.6330958008766174,,
/kaggle/input/datasets/tawsifurrahman/covid19-radiography-database/COVID-19_Radiography_Dataset/COVID/images/COVID-2211.png,COVID,COVID,0.9999995231628418,4.459475633211696e-07,4.2766341579181244e-08,5.246856282781209e-10,0.6637449264526367,,
/kaggle/input/datasets/tawsifurrahman/covid19-radiography-database/COVID-19_Radiography_Dataset/COVID/images/COVID-2220.png,COVID,COVID,0.99946528673172,0.0005314836162142456,2.6312191039323807e-06,5.851244964105717e-07,0.6225897669792175,,
/kaggle/input/datasets/tawsifurrahman/covid19-radiography-database/COVID-19_Radiography_Dataset/COVID/images/COVID-2225.png,COVID,COVID,0.9989315867424011,0.0010006539523601532,6.72619862598367e-05,4.588802653415769e-07,0.5498772859573364,,
/kaggle/input/datasets/tawsifurrahman/covid19-radiography-database/COVID-19_Radiography_Dataset/COVID/images/COVID-2229.png,COVID,COVID,0.9999561309814453,8.059072570176795e-06,3.564827056834474e-05,2.1664268956556043e-07,0.6414499878883362,0.3511771857738495,0.3511771857738495
/kaggle/input/datasets/tawsifurrahman/covid19-radiography-database/COVID-19_Radiography_Dataset/COVID/images/COVID-2232.png,COVID,COVID,0.9993005990982056,0.0006867027259431779,1.2588728168339003e-05,3.936330728038229e-08,0.5639277696609497,0.3968183398246765,0.3968183398246765
/kaggle/input/datasets/tawsifurrahman/covid19-radiography-database/COVID-19_Radiography_Dataset/COVID/images/COVID-2233.png,COVID,COVID,0.9998487234115601,4.232290848449338e-06,0.00014699611347168684,7.98811186086823e-08,0.7159882187843323,0.27435266971588135,0.27435266971588135
/kaggle/input/datasets/tawsifurrahman/covid19-radiography-database/COVID-19_Radiography_Dataset/COVID/images/COVID-225.png,COVID,COVID,0.9999914169311523,6.018969088472659e-06,2.641658056745655e-06,6.897754034618231e-10,0.5440470576286316,,
/kaggle/input/datasets/tawsifurrahman/covid19-radiography-database/COVID-19_Radiography_Dataset/COVID/images/COVID-2255.png,COVID,COVID,0.9996203184127808,8.61519765749108e-06,0.00037081612390466034,1.647065062115871e-07,0.6058477163314819,,
/kaggle/input/datasets/tawsifurrahman/covid19-radiography-database/COVID-19_Radiography_Dataset/COVID/images/COVID-2267.png,COVID,COVID,0.9999998807907104,1.0808167161258098e-07,2.232459728190861e-08,1.628094992156548e-09,0.5361366868019104,,
/kaggle/input/datasets/tawsifurrahman/covid19-radiography-database/COVID-19_Radiography_Dataset/COVID/images/COVID-2284.png,COVID,COVID,0.9994320273399353,3.981110785389319e-05,0.0005278075695969164,3.3023928835973493e-07,0.7151694893836975,,
/kaggle/input/datasets/tawsifurrahman/covid19-radiography-database/COVID-19_Radiography_Dataset/COVID/images/COVID-2293.png,COVID,COVID,0.999966025352478,3.0925750138521835e-07,3.360296250320971e-05,3.6671776726393546e-10,0.6203712224960327,,
/kaggle/input/datasets/tawsifurrahman/covid19-radiography-database/COVID-19_Radiography_Dataset/COVID/images/COVID-2294.png,COVID,COVID,0.9999982118606567,6.960903675690133e-08,1.7241529803868616e-06,8.974076343148951e-11,0.6266204118728638,,
/kaggle/input/datasets/tawsifurrahman/covid19-radiography-database/COVID-19_Radiography_Dataset/COVID/images/COVID-2295.png,COVID,Normal,0.18416793644428253,0.004922444000840187,0.8109034299850464,6.263710474740947e-06,0.6558777689933777,0.39866212010383606,0.39866212010383606
/kaggle/input/datasets/tawsifurrahman/covid19-radiography-database/COVID-19_Radiography_Dataset/COVID/images/COVID-2298.png,COVID,COVID,0.9999231100082397,7.387257210211828e-05,2.00628642232914e-06,9.77562194748316e-07,0.6009626984596252,,
/kaggle/input/datasets/tawsifurrahman/covid19-radiography-database/COVID-19_Radiography_Dataset/COVID/images/COVID-2310.png,COVID,COVID,0.9999974966049194,1.503271164438047e-06,9.374354021929321e-07,8.919829319609107e-09,0.6307510137557983,0.34968164563179016,0.34968164563179016
/kaggle/input/datasets/tawsifurrahman/covid19-radiography-database/COVID-19_Radiography_Dataset/COVID/images/COVID-2334.png,COVID,COVID,0.9995290040969849,0.00046993233263492584,1.0497001312614884e-06,1.8627330788945073e-09,0.609687864780426,,
/kaggle/input/datasets/tawsifurrahman/covid19-radiography-database/COVID-19_Radiography_Dataset/COVID/images/COVID-2335.png,COVID,COVID,0.9999897480010986,1.384605941012751e-08,1.022137439576909e-05,7.652276035052807e-11,0.6520645618438721,0.33490145206451416,0.33490145206451416
/kaggle/input/datasets/tawsifurrahman/covid19-radiography-database/COVID-19_Radiography_Dataset/COVID/images/COVID-2339.png,COVID,COVID,0.9994423985481262,6.336295882647391e-06,0.0005512869101949036,1.1440643987725707e-08,0.678804337978363,,
/kaggle/input/datasets/tawsifurrahman/covid19-radiography-database/COVID-19_Radiography_Dataset/COVID/images/COVID-2342.png,COVID,COVID,0.963687539100647,0.036307498812675476,1.3829127283315756e-06,3.6285862279328285e-06,0.6780402064323425,,
/kaggle/input/datasets/tawsifurrahman/covid19-radiography-database/COVID-19_Radiography_Dataset/COVID/images/COVID-2344.png,COVID,COVID,0.9921414852142334,4.509002337726997e-06,0.007854033261537552,3.5166813461273705e-08,0.6406568884849548,0.32222020626068115,0.32222020626068115
/kaggle/input/datasets/tawsifurrahman/covid19-radiography-database/COVID-19_Radiography_Dataset/COVID/images/COVID-2345.png,COVID,COVID,0.9999096393585205,1.649307341722306e-05,7.026083039818332e-05,3.7014456211181823e-06,0.6673047542572021,,
/kaggle/input/datasets/tawsifurrahman/covid19-radiography-database/COVID-19_Radiography_Dataset/COVID/images/COVID-2349.png,COVID,COVID,0.962257981300354,0.03038645163178444,0.00735435402020812,1.2143955245846882e-06,0.6502183675765991,,
/kaggle/input/datasets/tawsifurrahman/covid19-radiography-database/COVID-19_Radiography_Dataset/COVID/images/COVID-2352.png,COVID,COVID,0.9983773231506348,0.0014786337269470096,0.00014229887165129185,1.7212795455634478e-06,0.5451952815055847,,
/kaggle/input/datasets/tawsifurrahman/covid19-radiography-database/COVID-19_Radiography_Dataset/COVID/images/COVID-2362.png,COVID,COVID,0.9999951124191284,4.834642822970636e-06,2.145304378586843e-08,2.5828467142829936e-10,0.4383695423603058,0.29305219650268555,0.29305219650268555
/kaggle/input/datasets/tawsifurrahman/covid19-radiography-database/COVID-19_Radiography_Dataset/COVID/images/COVID-2363.png,COVID,COVID,0.9978612065315247,0.002127446001395583,1.019931642076699e-05,1.0697535799408797e-06,0.5390390157699585,,
/kaggle/input/datasets/tawsifurrahman/covid19-radiography-database/COVID-19_Radiography_Dataset/COVID/images/COVID-2366.png,COVID,COVID,0.9999277591705322,5.3270458010956645e-05,1.582127333676908e-05,3.120573410342331e-06,0.6778614521026611,0.4202333688735962,0.4202333688735962
/kaggle/input/datasets/tawsifurrahman/covid19-radiography-database/COVID-19_Radiography_Dataset/COVID/images/COVID-2367.png,COVID,COVID,0.9939234852790833,7.815952267264947e-05,0.005998316686600447,1.4248524582427535e-10,0.6298745274543762,,
/kaggle/input/datasets/tawsifurrahman/covid19-radiography-database/COVID-19_Radiography_Dataset/COVID/images/COVID-2377.png,COVID,COVID,0.9949536919593811,8.048205927480012e-06,3.464705514488742e-05,0.005003646947443485,0.6474321484565735,,
/kaggle/input/datasets/tawsifurrahman/covid19-radiography-database/COVID-19_Radiography_Dataset/COVID/images/COVID-238.png,COVID,COVID,0.9999985694885254,9.780909522305592e-07,5.091477532914723e-07,9.506059273078904e-10,0.5737719535827637,0.2066202610731125,0.2066202610731125
/kaggle/input/datasets/tawsifurrahman/covid19-radiography-database/COVID-19_Radiography_Dataset/COVID/images/COVID-2385.png,COVID,COVID,0.9958297610282898,0.0003403675218578428,0.003828656394034624,1.137638719228562e-06,0.6398057341575623,0.3363574147224426,0.3363574147224426
/kaggle/input/datasets/tawsifurrahman/covid19-radiography-database/COVID-19_Radiography_Dataset/COVID/images/COVID-2386.png,COVID,COVID,0.9982705116271973,0.0017049916787073016,2.3825059543014504e-05,6.28886539288942e-07,0.61433345079422,,
/kaggle/input/datasets/tawsifurrahman/covid19-radiography-database/COVID-19_Radiography_Dataset/COVID/images/COVID-2387.png,COVID,COVID,0.9999996423721313,1.1054230864004921e-09,3.1167837732937187e-07,5.452126305982574e-09,0.6133143901824951,0.2377944141626358,0.2377944141626358
/kaggle/input/datasets/tawsifurrahman/covid19-radiography-database/COVID-19_Radiography_Dataset/COVID/images/COVID-2393.png,COVID,COVID,0.9988284707069397,1.1032038855773862e-06,0.00117044011130929,2.904637363965179e-10,0.6451383233070374,,
/kaggle/input/datasets/tawsifurrahman/covid19-radiography-database/COVID-19_Radiography_Dataset/COVID/images/COVID-241.png,COVID,COVID,0.9999983310699463,1.4363353102453402e-06,1.9262502348738053e-07,5.674818601142384e-11,0.6517958045005798,,
/kaggle/input/datasets/tawsifurrahman/covid19-radiography-database/COVID-19_Radiography_Dataset/COVID/images/COVID-2412.png,COVID,COVID,0.9999768733978271,3.927036473783119e-08,2.3107919332687743e-05,1.5774929806866567e-08,0.6416781544685364,,
/kaggle/input/datasets/tawsifurrahman/covid19-radiography-database/COVID-19_Radiography_Dataset/COVID/images/COVID-2425.png,COVID,COVID,0.9999973773956299,2.607861233627773e-06,4.222723148927798e-08,6.234162075458016e-09,0.578718364238739,,
/kaggle/input/datasets/tawsifurrahman/covid19-radiography-database/COVID-19_Radiography_Dataset/COVID/images/COVID-2442.png,COVID,COVID,0.9983426332473755,0.0011800120119005442,9.887682608678006e-06,0.0004675143281929195,0.5413148999214172,,
/kaggle/input/datasets/tawsifurrahman/covid19-radiography-database/COVID-19_Radiography_Dataset/COVID/images/COVID-2454.png,COVID,COVID,0.9993487000465393,0.00019285189046058804,9.27135261008516e-06,0.0004491070576477796,0.656436026096344,,
/kaggle/input/datasets/tawsifurrahman/covid19-radiography-database/COVID-19_Radiography_Dataset/COVID/images/COVID-2466.png,COVID,COVID,0.9999587535858154,6.64982962916838e-07,4.051564974361099e-05,8.934148354455829e-08,0.6720069646835327,0.38131803274154663,0.38131803274154663
/kaggle/input/datasets/tawsifurrahman/covid19-radiography-database/COVID-19_Radiography_Dataset/COVID/images/COVID-2469.png,COVID,COVID,0.9983281493186951,5.3282055887393653e-05,0.001618244918063283,2.50310449700919e-07,0.6678375005722046,,
/kaggle/input/datasets/tawsifurrahman/covid19-radiography-database/COVID-19_Radiography_Dataset/COVID/images/COVID-2471.png,COVID,COVID,0.9999858140945435,8.562295988667756e-06,2.0381901322252816e-07,5.436741957964841e-06,0.6026859283447266,,
/kaggle/input/datasets/tawsifurrahman/covid19-radiography-database/COVID-19_Radiography_Dataset/COVID/images/COVID-2473.png,COVID,COVID,0.9999984502792358,1.3688510307474644e-06,1.3392281061896938e-08,1.7748871528056043e-07,0.5914726853370667,0.3223646581172943,0.3223646581172943
/kaggle/input/datasets/tawsifurrahman/covid19-radiography-database/COVID-19_Radiography_Dataset/COVID/images/COVID-2496.png,COVID,COVID,0.9999980926513672,1.0623710977597511e-07,3.6679685955220975e-09,1.7858965293271467e-06,0.49065011739730835,0.26196882128715515,0.26196882128715515
/kaggle/input/datasets/tawsifurrahman/covid19-radiography-database/COVID-19_Radiography_Dataset/COVID/images/COVID-2497.png,COVID,COVID,0.9862382411956787,0.0002827561693266034,2.1218971596681513e-05,0.013457908295094967,0.5941769480705261,0.1421092003583908,0.1421092003583908
/kaggle/input/datasets/tawsifurrahman/covid19-radiography-database/COVID-19_Radiography_Dataset/COVID/images/COVID-250.png,COVID,COVID,0.9999140501022339,1.819843237171881e-05,6.765298167010769e-05,4.501002681678301e-09,0.7237526178359985,0.4484190344810486,0.4484190344810486
/kaggle/input/datasets/tawsifurrahman/covid19-radiography-database/COVID-19_Radiography_Dataset/COVID/images/COVID-2504.png,COVID,COVID,0.9999992847442627,2.284779867522957e-07,4.2634289343368437e-07,9.908184689377819e-11,0.6538167595863342,,
/kaggle/input/datasets/tawsifurrahman/covid19-radiography-database/COVID-19_Radiography_Dataset/COVID/images/COVID-2509.png,COVID,COVID,0.9829469919204712,0.0009306083666160703,0.01612049713730812,1.8656877500689006e-06,0.7251139879226685,,
/kaggle/input/datasets/tawsifurrahman/covid19-radiography-database/COVID-19_Radiography_Dataset/COVID/images/COVID-251.png,COVID,COVID,0.9715207815170288,0.021722735837101936,0.006755743641406298,6.870452580187703e-07,0.6601319909095764,,
/kaggle/input/datasets/tawsifurrahman/covid19-radiography-database/COVID-19_Radiography_Dataset/COVID/images/COVID-2510.png,COVID,COVID,0.9996364116668701,1.013385826809099e-05,0.00035345085780136287,1.9326635847249918e-09,0.6530313491821289,,
/kaggle/input/datasets/tawsifurrahman/covid19-radiography-database/COVID-19_Radiography_Dataset/COVID/images/COVID-2515.png,COVID,COVID,0.9999352693557739,4.963993342244066e-05,1.4973165889387019e-05,4.31923155019831e-08,0.6231387853622437,,
/kaggle/input/datasets/tawsifurrahman/covid19-radiography-database/COVID-19_Radiography_Dataset/COVID/images/COVID-2517.png,COVID,COVID,0.9998999834060669,8.055515536398161e-06,9.133272396866232e-05,6.942437380530464e-07,0.627332329750061,,
/kaggle/input/datasets/tawsifurrahman/covid19-radiography-database/COVID-19_Radiography_Dataset/COVID/images/COVID-2522.png,COVID,COVID,0.9999988079071045,7.883110697548545e-08,1.0156659300264437e-06,3.0393820793506166e-09,0.5991646647453308,,
/kaggle/input/datasets/tawsifurrahman/covid19-radiography-database/COVID-19_Radiography_Dataset/COVID/images/COVID-2524.png,COVID,COVID,0.9999343156814575,5.92851438341313e-06,4.613617420545779e-05,1.3674200090463273e-05,0.5805498957633972,,
/kaggle/input/datasets/tawsifurrahman/covid19-radiography-database/COVID-19_Radiography_Dataset/COVID/images/COVID-2525.png,COVID,COVID,0.9993933439254761,4.390259346109815e-05,0.0005622592871077359,5.416848125605611e-07,0.6444255709648132,,
/kaggle/input/datasets/tawsifurrahman/covid19-radiography-database/COVID-19_Radiography_Dataset/COVID/images/COVID-2528.png,COVID,COVID,0.9989346861839294,4.0750343032414094e-05,0.0010183623526245356,6.150440185592743e-06,0.6028182506561279,,
/kaggle/input/datasets/tawsifurrahman/covid19-radiography-database/COVID-19_Radiography_Dataset/COVID/images/COVID-2535.png,COVID,COVID,0.9999998807907104,1.529868853822336e-08,1.5833469646509002e-08,7.110809718824385e-08,0.6234948635101318,,
/kaggle/input/datasets/tawsifurrahman/covid19-radiography-database/COVID-19_Radiography_Dataset/COVID/images/COVID-2542.png,COVID,COVID,0.9999954700469971,6.788143025460158e-08,4.4264993448450696e-06,6.588390943917943e-10,0.6168040633201599,,
/kaggle/input/datasets/tawsifurrahman/covid19-radiography-database/COVID-19_Radiography_Dataset/COVID/images/COVID-2546.png,COVID,COVID,0.9999998807907104,1.5691491161984317e-10,1.39573330670828e-07,8.41376124327553e-09,0.5892342925071716,,
/kaggle/input/datasets/tawsifurrahman/covid19-radiography-database/COVID-19_Radiography_Dataset/COVID/images/COVID-2549.png,COVID,COVID,0.9994819760322571,0.00010078042396344244,0.00012907922791782767,0.0002882434637285769,0.6579071283340454,,
/kaggle/input/datasets/tawsifurrahman/covid19-radiography-database/COVID-19_Radiography_Dataset/COVID/images/COVID-256.png,COVID,COVID,0.9999998807907104,7.421248615635534e-10,1.6703754113223113e-07,1.8286807623724144e-09,0.6247981786727905,,
/kaggle/input/datasets/tawsifurrahman/covid19-radiography-database/COVID-19_Radiography_Dataset/COVID/images/COVID-2575.png,COVID,COVID,0.9999881982803345,1.0157124279430718e-06,1.0768801075755619e-05,3.9520758220905686e-14,0.7252092957496643,,
/kaggle/input/datasets/tawsifurrahman/covid19-radiography-database/COVID-19_Radiography_Dataset/COVID/images/COVID-2577.png,COVID,COVID,0.9999849796295166,3.9492590531153837e-07,1.4674112208012957e-05,2.1340075539999503e-11,0.6471350789070129,,
/kaggle/input/datasets/tawsifurrahman/covid19-radiography-database/COVID-19_Radiography_Dataset/COVID/images/COVID-2580.png,COVID,COVID,0.9984521865844727,0.0015016132965683937,1.3680951269634534e-05,3.24754546454642e-05,0.5562770366668701,,
/kaggle/input/datasets/tawsifurrahman/covid19-radiography-database/COVID-19_Radiography_Dataset/COVID/images/COVID-2581.png,COVID,COVID,0.999995231628418,3.962180926464498e-06,8.798798489806359e-07,2.0231831765471497e-09,0.6143369078636169,,
/kaggle/input/datasets/tawsifurrahman/covid19-radiography-database/COVID-19_Radiography_Dataset/COVID/images/COVID-2582.png,COVID,COVID,0.9999998807907104,1.1763502527628589e-07,7.876977958787279e-10,1.2568808216428806e-09,0.6196960210800171,,
/kaggle/input/datasets/tawsifurrahman/covid19-radiography-database/COVID-19_Radiography_Dataset/COVID/images/COVID-2584.png,COVID,COVID,0.9999994039535522,5.606385116152524e-07,1.93209093168889e-08,2.4042234869625645e-08,0.6435467600822449,,
/kaggle/input/datasets/tawsifurrahman/covid19-radiography-database/COVID-19_Radiography_Dataset/COVID/images/COVID-2601.png,COVID,COVID,0.9999158382415771,8.410748364440224e-08,8.409027941524982e-05,1.2498407257061084e-12,0.6901293992996216,0.30527418851852417,0.30527418851852417
/kaggle/input/datasets/tawsifurrahman/covid19-radiography-database/COVID-19_Radiography_Dataset/COVID/images/COVID-2602.png,COVID,COVID,0.9998302459716797,9.757604857441038e-05,7.061765063554049e-05,1.6001102949303458e-06,0.46775931119918823,,
/kaggle/input/datasets/tawsifurrahman/covid19-radiography-database/COVID-19_Radiography_Dataset/COVID/images/COVID-2615.png,COVID,COVID,0.9991605281829834,0.0006341224070638418,0.00020483207481447607,4.524964936081233e-07,0.6106020212173462,,
/kaggle/input/datasets/tawsifurrahman/covid19-radiography-database/COVID-19_Radiography_Dataset/COVID/images/COVID-2624.png,COVID,COVID,0.9999271631240845,7.187568553490564e-05,9.724797109811334e-07,5.115650481002376e-08,0.6318672895431519,,
/kaggle/input/datasets/tawsifurrahman/covid19-radiography-database/COVID-19_Radiography_Dataset/COVID/images/COVID-2628.png,COVID,COVID,0.9999810457229614,1.4867457309719612e-07,1.882536889752373e-05,5.2793190825906056e-12,0.6932778358459473,,
/kaggle/input/datasets/tawsifurrahman/covid19-radiography-database/COVID-19_Radiography_Dataset/COVID/images/COVID-2633.png,COVID,COVID,0.9998912811279297,4.058296781295212e-06,0.00010444148938404396,2.6316965318073926e-07,0.6212248802185059,,
/kaggle/input/datasets/tawsifurrahman/covid19-radiography-database/COVID-19_Radiography_Dataset/COVID/images/COVID-2644.png,COVID,COVID,0.9999866485595703,5.578588570642751e-06,2.4373315454795375e-07,7.549715974164428e-06,0.5402242541313171,0.22613279521465302,0.22613279521465302
/kaggle/input/datasets/tawsifurrahman/covid19-radiography-database/COVID-19_Radiography_Dataset/COVID/images/COVID-2653.png,COVID,COVID,0.9999967813491821,2.7046669970332005e-07,2.8711147024296224e-06,4.6574307077662525e-08,0.6187983155250549,,
/kaggle/input/datasets/tawsifurrahman/covid19-radiography-database/COVID-19_Radiography_Dataset/COVID/images/COVID-2666.png,COVID,COVID,0.9993851184844971,3.310499323561089e-07,0.0006145203369669616,9.061896233397704e-10,0.6016746759414673,,
/kaggle/input/datasets/tawsifurrahman/covid19-radiography-database/COVID-19_Radiography_Dataset/COVID/images/COVID-2669.png,COVID,COVID,0.9999994039535522,9.569877335025012e-08,5.235258413449628e-07,9.313331356120003e-11,0.6602711081504822,0.28880295157432556,0.28880295157432556
/kaggle/input/datasets/tawsifurrahman/covid19-radiography-database/COVID-19_Radiography_Dataset/COVID/images/COVID-267.png,COVID,COVID,0.9999916553497314,8.007156793610193e-06,1.1374369890404523e-08,3.2050502341007814e-07,0.5363258719444275,,
/kaggle/input/datasets/tawsifurrahman/covid19-radiography-database/COVID-19_Radiography_Dataset/COVID/images/COVID-2687.png,COVID,COVID,0.9998226761817932,0.0001261396537302062,5.091019193059765e-05,3.566574946489709e-07,0.5939177870750427,,
/kaggle/input/datasets/tawsifurrahman/covid19-radiography-database/COVID-19_Radiography_Dataset/COVID/images/COVID-2692.png,COVID,COVID,0.9993517994880676,6.002783266012557e-07,0.0006476107519119978,3.239741114269279e-11,0.6770968437194824,,
/kaggle/input/datasets/tawsifurrahman/covid19-radiography-database/COVID-19_Radiography_Dataset/COVID/images/COVID-2698.png,COVID,COVID,0.9999874830245972,7.665907105547376e-06,4.197591351839947e-06,7.173675271587854e-07,0.5847313404083252,,
/kaggle/input/datasets/tawsifurrahman/covid19-radiography-database/COVID-19_Radiography_Dataset/COVID/images/COVID-2704.png,COVID,COVID,0.999984622001648,9.553131349093746e-06,5.4198903853830416e-06,4.88172190671321e-07,0.6589488983154297,,
/kaggle/input/datasets/tawsifurrahman/covid19-radiography-database/COVID-19_Radiography_Dataset/COVID/images/COVID-2708.png,COVID,COVID,0.9999501705169678,4.7642453864682466e-05,2.1252542410366004e-06,5.7059930114178314e-09,0.5890693664550781,,
/kaggle/input/datasets/tawsifurrahman/covid19-radiography-database/COVID-19_Radiography_Dataset/COVID/images/COVID-2711.png,COVID,COVID,0.8276234269142151,0.007836326025426388,0.16453608870506287,4.1673515625006985e-06,0.641356885433197,,
/kaggle/input/datasets/tawsifurrahman/covid19-radiography-database/COVID-19_Radiography_Dataset/COVID/images/COVID-2714.png,COVID,COVID,0.9999990463256836,8.647396043670597e-07,3.843312779139296e-09,1.2142984928686928e-07,0.6046060919761658,0.2980031669139862,0.2980031669139862
/kaggle/input/datasets/tawsifurrahman/covid19-radiography-database/COVID-19_Radiography_Dataset/COVID/images/COVID-2716.png,COVID,COVID,0.9994828701019287,0.000511876423843205,7.389105007860053e-07,4.550379344436806e-06,0.5957487225532532,,
/kaggle/input/datasets/tawsifurrahman/covid19-radiography-database/COVID-19_Radiography_Dataset/COVID/images/COVID-2724.png,COVID,COVID,0.9999806880950928,9.73592904074394e-08,1.9174829503754154e-05,1.4558274030740392e-10,0.6612192988395691,,
/kaggle/input/datasets/tawsifurrahman/covid19-radiography-database/COVID-19_Radiography_Dataset/COVID/images/COVID-273.png,COVID,COVID,0.9997054934501648,2.3518980469816597e-06,0.0002920638071373105,9.505136261411806e-11,0.653553307056427,,
/kaggle/input/datasets/tawsifurrahman/covid19-radiography-database/COVID-19_Radiography_Dataset/COVID/images/COVID-2736.png,COVID,COVID,0.9999957084655762,4.356188583187759e-07,3.768135684367735e-06,3.859401687122954e-09,0.6247417330741882,,
/kaggle/input/datasets/tawsifurrahman/covid19-radiography-database/COVID-19_Radiography_Dataset/COVID/images/COVID-2737.png,COVID,COVID,0.9999958276748657,9.104534797188535e-07,3.250393774578697e-06,5.82684844818715e-10,0.6430986523628235,,
/kaggle/input/datasets/tawsifurrahman/covid19-radiography-database/COVID-19_Radiography_Dataset/COVID/images/COVID-2740.png,COVID,COVID,0.9981757402420044,5.584507016465068e-05,0.0017679346492514014,3.8833516669001256e-07,0.6294582486152649,,
/kaggle/input/datasets/tawsifurrahman/covid19-radiography-database/COVID-19_Radiography_Dataset/COVID/images/COVID-2759.png,COVID,COVID,1.0,1.4306478668402178e-08,3.631752953925371e-10,1.1390031140479095e-08,0.6858853101730347,0.3241212069988251,0.3241212069988251
/kaggle/input/datasets/tawsifurrahman/covid19-radiography-database/COVID-19_Radiography_Dataset/COVID/images/COVID-2761.png,COVID,COVID,0.9999977350234985,2.1672867660527118e-06,2.642513408090963e-08,4.2836472147200766e-08,0.6607068777084351,0.4275340735912323,0.4275340735912323
/kaggle/input/datasets/tawsifurrahman/covid19-radiography-database/COVID-19_Radiography_Dataset/COVID/images/COVID-2762.png,COVID,COVID,0.9999517202377319,1.194854030472925e-05,5.1702153669452855e-09,3.6344907130114734e-05,0.48709043860435486,0.21386829018592834,0.21386829018592834
/kaggle/input/datasets/tawsifurrahman/covid19-radiography-database/COVID-19_Radiography_Dataset/COVID/images/COVID-2770.png,COVID,COVID,1.0,2.1555873752632237e-10,1.7855498191110541e-09,1.7319276568450448e-10,0.5653135180473328,0.22986085712909698,0.22986085712909698
/kaggle/input/datasets/tawsifurrahman/covid19-radiography-database/COVID-19_Radiography_Dataset/COVID/images/COVID-2771.png,COVID,COVID,0.9999502897262573,1.4311131053545978e-06,4.8179008445004e-05,1.1876314687242484e-07,0.5850563049316406,,
/kaggle/input/datasets/tawsifurrahman/covid19-radiography-database/COVID-19_Radiography_Dataset/COVID/images/COVID-2776.png,COVID,COVID,0.9999938011169434,4.244747060511145e-07,5.73890793020837e-06,8.937597328895208e-08,0.5985003113746643,0.16406525671482086,0.16406525671482086
/kaggle/input/datasets/tawsifurrahman/covid19-radiography-database/COVID-19_Radiography_Dataset/COVID/images/COVID-2778.png,COVID,COVID,0.9979678988456726,0.0001894469460239634,0.0018425416201353073,7.59600879973732e-08,0.6311508417129517,,
/kaggle/input/datasets/tawsifurrahman/covid19-radiography-database/COVID-19_Radiography_Dataset/COVID/images/COVID-2785.png,COVID,COVID,0.9999641180038452,3.8401927326958685e-07,3.5243523598182946e-05,1.668163349677343e-07,0.620428740978241,,
/kaggle/input/datasets/tawsifurrahman/covid19-radiography-database/COVID-19_Radiography_Dataset/COVID/images/COVID-2787.png,COVID,COVID,0.9952666759490967,0.0008069193572737277,0.003926442936062813,1.801465998596541e-08,0.5719776749610901,0.13354000449180603,0.13354000449180603
/kaggle/input/datasets/tawsifurrahman/covid19-radiography-database/COVID-19_Radiography_Dataset/COVID/images/COVID-279.png,COVID,COVID,0.9999960660934448,1.0079850198962959e-06,3.701927653310122e-10,2.9580423870356753e-06,0.6761114597320557,,
/kaggle/input/datasets/tawsifurrahman/covid19-radiography-database/COVID-19_Radiography_Dataset/COVID/images/COVID-2794.png,COVID,COVID,0.9984560012817383,3.2539068342885e-05,0.001511555863544345,2.084299122184774e-10,0.7091790437698364,,
/kaggle/input/datasets/tawsifurrahman/covid19-radiography-database/COVID-19_Radiography_Dataset/COVID/images/COVID-2798.png,COVID,COVID,0.9978037476539612,0.002194835338741541,1.2824839359382167e-06,5.294912241993188e-08,0.5922296047210693,0.31075847148895264,0.31075847148895264
/kaggle/input/datasets/tawsifurrahman/covid19-radiography-database/COVID-19_Radiography_Dataset/COVID/images/COVID-28.png,COVID,COVID,0.999669075012207,0.0002936341625172645,2.737327668000944e-05,9.92039349512197e-06,0.6261814832687378,,
/kaggle/input/datasets/tawsifurrahman/covid19-radiography-database/COVID-19_Radiography_Dataset/COVID/images/COVID-2804.png,COVID,COVID,0.999581515789032,9.606969251763076e-05,0.00032241904409602284,7.332702445239647e-09,0.6893925666809082,,
/kaggle/input/datasets/tawsifurrahman/covid19-radiography-database/COVID-19_Radiography_Dataset/COVID/images/COVID-2818.png,COVID,COVID,0.9996455907821655,2.695494174531632e-07,0.00035400313208810985,4.9343647390287515e-08,0.6586474776268005,,
/kaggle/input/datasets/tawsifurrahman/covid19-radiography-database/COVID-19_Radiography_Dataset/COVID/images/COVID-2833.png,COVID,COVID,0.9929779171943665,0.006577945780009031,0.0004402166814543307,3.947772711399011e-06,0.4980693757534027,,
/kaggle/input/datasets/tawsifurrahman/covid19-radiography-database/COVID-19_Radiography_Dataset/COVID/images/COVID-2841.png,COVID,COVID,0.9986360669136047,0.0013241686392575502,2.799281446641544e-07,3.9483165892306715e-05,0.6293455362319946,0.3655311167240143,0.3655311167240143
/kaggle/input/datasets/tawsifurrahman/covid19-radiography-database/COVID-19_Radiography_Dataset/COVID/images/COVID-2842.png,COVID,COVID,0.9995474219322205,0.00045136368134990335,2.592079262342395e-08,1.1396923582651652e-06,0.7002792954444885,,
/kaggle/input/datasets/tawsifurrahman/covid19-radiography-database/COVID-19_Radiography_Dataset/COVID/images/COVID-2849.png,COVID,COVID,0.9999889135360718,1.575071308934639e-07,1.1016669304808602e-05,8.448567366536874e-12,0.6870829463005066,,
/kaggle/input/datasets/tawsifurrahman/covid19-radiography-database/COVID-19_Radiography_Dataset/COVID/images/COVID-285.png,COVID,COVID,0.8862587213516235,0.0005915537476539612,0.11314970999956131,4.923164986792017e-09,0.7368811964988708,,
/kaggle/input/datasets/tawsifurrahman/covid19-radiography-database/COVID-19_Radiography_Dataset/COVID/images/COVID-2853.png,COVID,COVID,0.9988507032394409,0.0008482832927256823,0.00030090793734416366,6.342233405121078e-08,0.5861304402351379,,
/kaggle/input/datasets/tawsifurrahman/covid19-radiography-database/COVID-19_Radiography_Dataset/COVID/images/COVID-2855.png,COVID,COVID,0.9999451637268066,3.9198799640871584e-05,1.547749161545653e-05,1.1717177983427973e-07,0.6449416875839233,,
/kaggle/input/datasets/tawsifurrahman/covid19-radiography-database/COVID-19_Radiography_Dataset/COVID/images/COVID-2860.png,COVID,COVID,0.9995149374008179,1.449283104193455e-06,0.0004836826410610229,1.624116119369745e-11,0.6550376415252686,,
/kaggle/input/datasets/tawsifurrahman/covid19-radiography-database/COVID-19_Radiography_Dataset/COVID/images/COVID-2864.png,COVID,COVID,0.9855495095252991,0.00020736096485052258,0.014240569435060024,2.637102170410799e-06,0.6641229391098022,,
/kaggle/input/datasets/tawsifurrahman/covid19-radiography-database/COVID-19_Radiography_Dataset/COVID/images/COVID-2867.png,COVID,COVID,0.9999945163726807,8.425624287156097e-07,4.679985522670904e-06,1.8643765642423205e-08,0.6370019912719727,,
/kaggle/input/datasets/tawsifurrahman/covid19-radiography-database/COVID-19_Radiography_Dataset/COVID/images/COVID-2872.png,COVID,COVID,0.9999163150787354,6.468189326369611e-07,8.304599032271653e-05,1.054197285021985e-09,0.6347377300262451,0.3424527645111084,0.3424527645111084
/kaggle/input/datasets/tawsifurrahman/covid19-radiography-database/COVID-19_Radiography_Dataset/COVID/images/COVID-2879.png,COVID,COVID,0.999800980091095,4.5424021664075553e-05,0.00015351001638919115,5.5893469408374585e-08,0.5881733894348145,0.183999702334404,0.183999702334404
/kaggle/input/datasets/tawsifurrahman/covid19-radiography-database/COVID-19_Radiography_Dataset/COVID/images/COVID-2884.png,COVID,COVID,0.9999673366546631,9.583151950209867e-06,2.3072247131494805e-05,4.695936348109164e-11,0.6391379833221436,0.27212390303611755,0.27212390303611755
/kaggle/input/datasets/tawsifurrahman/covid19-radiography-database/COVID-19_Radiography_Dataset/COVID/images/COVID-289.png,COVID,COVID,1.0,3.697617841254275e-13,3.2832501366091005e-14,1.3910046075052418e-12,0.652373731136322,0.27571821212768555,0.27571821212768555
/kaggle/input/datasets/tawsifurrahman/covid19-radiography-database/COVID-19_Radiography_Dataset/COVID/images/COVID-2909.png,COVID,COVID,0.9999986886978149,2.3952675398675183e-09,1.2756358955812175e-06,1.617082467930686e-08,0.6288866400718689,,
/kaggle/input/datasets/tawsifurrahman/covid19-radiography-database/COVID-19_Radiography_Dataset/COVID/images/COVID-2914.png,COVID,COVID,0.9986075758934021,3.7635887565556914e-05,0.0013546703848987818,9.999515526715186e-08,0.6652968525886536,,
/kaggle/input/datasets/tawsifurrahman/covid19-radiography-database/COVID-19_Radiography_Dataset/COVID/images/COVID-2919.png,COVID,COVID,0.9999973773956299,6.746898293386039e-07,1.8509902020014124e-06,2.111770314172645e-09,0.5960476994514465,,
/kaggle/input/datasets/tawsifurrahman/covid19-radiography-database/COVID-19_Radiography_Dataset/COVID/images/COVID-2922.png,COVID,COVID,0.9992524981498718,4.999769771529827e-06,0.0007424793438985944,1.0493562685454094e-09,0.6127465963363647,,
/kaggle/input/datasets/tawsifurrahman/covid19-radiography-database/COVID-19_Radiography_Dataset/COVID/images/COVID-2924.png,COVID,COVID,0.9998869895935059,3.4980516829818953e-06,0.00010873852443182841,8.22948152290337e-07,0.6427479982376099,,
/kaggle/input/datasets/tawsifurrahman/covid19-radiography-database/COVID-19_Radiography_Dataset/COVID/images/COVID-2926.png,COVID,COVID,0.9999513626098633,8.408167559537105e-06,3.9542934246128425e-05,6.718574923070264e-07,0.56436687707901,,
/kaggle/input/datasets/tawsifurrahman/covid19-radiography-database/COVID-19_Radiography_Dataset/COVID/images/COVID-2927.png,COVID,COVID,0.9996042847633362,0.00013384973863139749,0.00026187271578237414,2.3339886467965698e-08,0.5428718328475952,,
/kaggle/input/datasets/tawsifurrahman/covid19-radiography-database/COVID-19_Radiography_Dataset/COVID/images/COVID-293.png,COVID,COVID,0.9996421337127686,0.000329904374666512,3.85590055884677e-07,2.7544556360226125e-05,0.6050886511802673,,
/kaggle/input/datasets/tawsifurrahman/covid19-radiography-database/COVID-19_Radiography_Dataset/COVID/images/COVID-2943.png,COVID,Lung_Opacity,0.13376878201961517,0.8659623265266418,0.00018743550754152238,8.14122540759854e-05,0.6329993605613708,0.3280494511127472,0.3280494511127472
/kaggle/input/datasets/tawsifurrahman/covid19-radiography-database/COVID-19_Radiography_Dataset/COVID/images/COVID-2955.png,COVID,COVID,0.9976119995117188,1.0416263648949098e-05,0.0023775934241712093,1.2000283433621917e-08,0.6590371131896973,0.41868263483047485,0.41868263483047485
/kaggle/input/datasets/tawsifurrahman/covid19-radiography-database/COVID-19_Radiography_Dataset/COVID/images/COVID-2963.png,COVID,COVID,0.9997197985649109,1.653308754612226e-05,0.00025978576741181314,3.7876327496633166e-06,0.6720417737960815,,
/kaggle/input/datasets/tawsifurrahman/covid19-radiography-database/COVID-19_Radiography_Dataset/COVID/images/COVID-2968.png,COVID,COVID,0.9947375655174255,0.004467491060495377,0.0007129443110898137,8.200603042496368e-05,0.5352337956428528,0.1212567389011383,0.1212567389011383
/kaggle/input/datasets/tawsifurrahman/covid19-radiography-database/COVID-19_Radiography_Dataset/COVID/images/COVID-2971.png,COVID,COVID,0.9992645382881165,5.7784745877143e-07,0.0007348157232627273,1.3309572999276043e-08,0.6569133400917053,,
/kaggle/input/datasets/tawsifurrahman/covid19-radiography-database/COVID-19_Radiography_Dataset/COVID/images/COVID-2972.png,COVID,COVID,0.980362057685852,4.1425002564210445e-05,0.019576318562030792,2.018398663494736e-05,0.6595301628112793,0.45974990725517273,0.45974990725517273
/kaggle/input/datasets/tawsifurrahman/covid19-radiography-database/COVID-19_Radiography_Dataset/COVID/images/COVID-2977.png,COVID,COVID,0.9999871253967285,8.238822374551091e-06,4.6635504986625165e-06,4.338501558009966e-09,0.5494000911712646,,
/kaggle/input/datasets/tawsifurrahman/covid19-radiography-database/COVID-19_Radiography_Dataset/COVID/images/COVID-2978.png,COVID,COVID,0.9995939135551453,0.00030826497822999954,8.96359997568652e-05,8.235724635596853e-06,0.5449862480163574,,
/kaggle/input/datasets/tawsifurrahman/covid19-radiography-database/COVID-19_Radiography_Dataset/COVID/images/COVID-2980.png,COVID,COVID,0.9997825026512146,4.3043593905167654e-05,0.0001697229454293847,4.692716629506322e-06,0.6681521534919739,,
/kaggle/input/datasets/tawsifurrahman/covid19-radiography-database/COVID-19_Radiography_Dataset/COVID/images/COVID-2984.png,COVID,COVID,0.9999986886978149,1.3399692910809335e-08,8.476753521335922e-08,1.1725065860446193e-06,0.5564785599708557,,
/kaggle/input/datasets/tawsifurrahman/covid19-radiography-database/COVID-19_Radiography_Dataset/COVID/images/COVID-2992.png,COVID,COVID,0.9999003410339355,9.92310160654597e-05,3.103113499491883e-07,4.56475675036927e-08,0.6515706181526184,,
/kaggle/input/datasets/tawsifurrahman/covid19-radiography-database/COVID-19_Radiography_Dataset/COVID/images/COVID-2995.png,COVID,COVID,0.9714321494102478,0.026149816811084747,0.002236993983387947,0.0001810489920899272,0.6259888410568237,,
/kaggle/input/datasets/tawsifurrahman/covid19-radiography-database/COVID-19_Radiography_Dataset/COVID/images/COVID-2997.png,COVID,COVID,0.83889240026474,0.00409715436398983,0.1570078283548355,2.5805247787502594e-06,0.6224884390830994,,
/kaggle/input/datasets/tawsifurrahman/covid19-radiography-database/COVID-19_Radiography_Dataset/COVID/images/COVID-3006.png,COVID,COVID,0.9998124241828918,1.2814956562579027e-06,0.00018633707077242434,6.452576695181733e-09,0.6306985020637512,0.3392333984375,0.3392333984375
/kaggle/input/datasets/tawsifurrahman/covid19-radiography-database/COVID-19_Radiography_Dataset/COVID/images/COVID-3011.png,COVID,COVID,0.9983139038085938,1.6659735138091492e-06,0.0016832327237352729,1.2490922927099746e-06,0.6395679116249084,,
/kaggle/input/datasets/tawsifurrahman/covid19-radiography-database/COVID-19_Radiography_Dataset/COVID/images/COVID-3013.png,COVID,COVID,0.9999998807907104,3.787181679371088e-09,6.94640647225242e-08,5.649464451806807e-09,0.6446571350097656,0.22890634834766388,0.22890634834766388
/kaggle/input/datasets/tawsifurrahman/covid19-radiography-database/COVID-19_Radiography_Dataset/COVID/images/COVID-3048.png,COVID,COVID,0.9998942613601685,0.00010493661102373153,8.316406479025318e-07,2.1599894095558625e-10,0.6839280128479004,,
/kaggle/input/datasets/tawsifurrahman/covid19-radiography-database/COVID-19_Radiography_Dataset/COVID/images/COVID-3049.png,COVID,COVID,0.833337128162384,9.612143912818283e-05,0.16656675934791565,2.6474101133544536e-08,0.701526403427124,,
/kaggle/input/datasets/tawsifurrahman/covid19-radiography-database/COVID-19_Radiography_Dataset/COVID/images/COVID-3056.png,COVID,COVID,0.9983381032943726,0.0015265191905200481,6.810771992604714e-06,0.0001286226324737072,0.49671241641044617,,
/kaggle/input/datasets/tawsifurrahman/covid19-radiography-database/COVID-19_Radiography_Dataset/COVID/images/COVID-3063.png,COVID,COVID,0.9916324019432068,0.0004959244397468865,0.007871702313423157,4.9347321784409814e-09,0.5354766845703125,,
/kaggle/input/datasets/tawsifurrahman/covid19-radiography-database/COVID-19_Radiography_Dataset/COVID/images/COVID-3065.png,COVID,COVID,0.9999194145202637,5.276183946989477e-05,2.7823165510199033e-05,5.9100035976200616e-09,0.6469835042953491,0.3218521773815155,0.3218521773815155
/kaggle/input/datasets/tawsifurrahman/covid19-radiography-database/COVID-19_Radiography_Dataset/COVID/images/COVID-3074.png,COVID,COVID,0.9703407883644104,1.0787887731567025e-05,0.02964838221669197,9.880563034414536e-10,0.716289222240448,0.4506639540195465,0.4506639540195465
/kaggle/input/datasets/tawsifurrahman/covid19-radiography-database/COVID-19_Radiography_Dataset/COVID/images/COVID-3079.png,COVID,COVID,0.9999990463256836,6.200530151545536e-07,2.4997922309921705e-07,7.877130059341653e-08,0.6366122961044312,,
/kaggle/input/datasets/tawsifurrahman/covid19-radiography-database/COVID-19_Radiography_Dataset/COVID/images/COVID-3092.png,COVID,COVID,0.9999270439147949,3.488167749310378e-06,6.946877692826092e-05,3.772543388791405e-10,0.6223717331886292,,
/kaggle/input/datasets/tawsifurrahman/covid19-radiography-database/COVID-19_Radiography_Dataset/COVID/images/COVID-3097.png,COVID,COVID,0.999998927116394,8.60689965520578e-07,1.4798795078263538e-08,1.7193750068145164e-07,0.5946298241615295,0.2633797824382782,0.2633797824382782
/kaggle/input/datasets/tawsifurrahman/covid19-radiography-database/COVID-19_Radiography_Dataset/COVID/images/COVID-3100.png,COVID,COVID,0.9999973773956299,1.0655791129465797e-06,1.0990376040354022e-06,5.023829885431041e-07,0.618289589881897,,
/kaggle/input/datasets/tawsifurrahman/covid19-radiography-database/COVID-19_Radiography_Dataset/COVID/images/COVID-3107.png,COVID,COVID,0.9999972581863403,7.389122060885711e-07,1.8675475530471886e-06,6.177832290177321e-08,0.649652898311615,,
/kaggle/input/datasets/tawsifurrahman/covid19-radiography-database/COVID-19_Radiography_Dataset/COVID/images/COVID-3115.png,COVID,COVID,0.9999995231628418,3.909185475325927e-10,7.963650716646953e-08,2.987937364196114e-07,0.6230825185775757,0.25980597734451294,0.25980597734451294
/kaggle/input/datasets/tawsifurrahman/covid19-radiography-database/COVID-19_Radiography_Dataset/COVID/images/COVID-3146.png,COVID,COVID,0.9999827146530151,1.1443069524830207e-05,5.670394330081763e-06,6.897148807638587e-08,0.6904162168502808,0.3748208284378052,0.3748208284378052
/kaggle/input/datasets/tawsifurrahman/covid19-radiography-database/COVID-19_Radiography_Dataset/COVID/images/COVID-3150.png,COVID,COVID,0.9930815100669861,0.0007559574441984296,0.00013563111133407801,0.00602688267827034,0.5483895540237427,,
/kaggle/input/datasets/tawsifurrahman/covid19-radiography-database/COVID-19_Radiography_Dataset/COVID/images/COVID-3152.png,COVID,COVID,0.9990935325622559,1.0655734513420612e-05,0.0008959189872257411,4.900401195939708e-10,0.6545026898384094,,
/kaggle/input/datasets/tawsifurrahman/covid19-radiography-database/COVID-19_Radiography_Dataset/COVID/images/COVID-3156.png,COVID,Normal,0.32008323073387146,0.0050893379375338554,0.6748273372650146,8.884595814606655e-08,0.651777446269989,,
/kaggle/input/datasets/tawsifurrahman/covid19-radiography-database/COVID-19_Radiography_Dataset/COVID/images/COVID-3168.png,COVID,Normal,0.2552865743637085,0.0051454463973641396,0.7395676374435425,4.0702425962990674e-07,0.6250414848327637,,
/kaggle/input/datasets/tawsifurrahman/covid19-radiography-database/COVID-19_Radiography_Dataset/COVID/images/COVID-3188.png,COVID,COVID,0.9993884563446045,0.0006109790992923081,2.042333591134593e-07,3.038978775293799e-07,0.5548366904258728,,
/kaggle/input/datasets/tawsifurrahman/covid19-radiography-database/COVID-19_Radiography_Dataset/COVID/images/COVID-3190.png,COVID,COVID,0.9999992847442627,2.1599556987439428e-07,4.513048281751253e-07,4.407921494475886e-08,0.6158186793327332,,
/kaggle/input/datasets/tawsifurrahman/covid19-radiography-database/COVID-19_Radiography_Dataset/COVID/images/COVID-3199.png,COVID,COVID,0.9999192953109741,1.072376107913442e-06,5.2841147407889366e-05,2.6797903046826832e-05,0.6258347034454346,0.2799766957759857,0.2799766957759857
/kaggle/input/datasets/tawsifurrahman/covid19-radiography-database/COVID-19_Radiography_Dataset/COVID/images/COVID-32.png,COVID,Normal,0.1049288883805275,0.026003222912549973,0.8686291575431824,0.0004387427179608494,0.7108164429664612,0.19499334692955017,0.19499334692955017
/kaggle/input/datasets/tawsifurrahman/covid19-radiography-database/COVID-19_Radiography_Dataset/COVID/images/COVID-3201.png,COVID,COVID,0.7504263520240784,0.0026669916696846485,0.24501176178455353,0.0018948640208691359,0.4090787172317505,0.022136829793453217,0.022136829793453217
/kaggle/input/datasets/tawsifurrahman/covid19-radiography-database/COVID-19_Radiography_Dataset/COVID/images/COVID-323.png,COVID,COVID,0.9999527931213379,1.1187052223249339e-05,3.5653458326123655e-05,3.7518790918511513e-07,0.6551599502563477,0.26156410574913025,0.26156410574913025
/kaggle/input/datasets/tawsifurrahman/covid19-radiography-database/COVID-19_Radiography_Dataset/COVID/images/COVID-3235.png,COVID,COVID,0.9999179840087891,8.081315172603354e-06,7.395869033643976e-05,5.447226350541179e-11,0.6812969446182251,,
/kaggle/input/datasets/tawsifurrahman/covid19-radiography-database/COVID-19_Radiography_Dataset/COVID/images/COVID-3239.png,COVID,COVID,0.9999980926513672,1.825671773758586e-07,1.7067102362489095e-06,1.6416446868561252e-08,0.6641225814819336,0.35585272312164307,0.35585272312164307
/kaggle/input/datasets/tawsifurrahman/covid19-radiography-database/COVID-19_Radiography_Dataset/COVID/images/COVID-3240.png,COVID,COVID,0.9977588653564453,0.0021298008505254984,0.00011126547906314954,9.334400630223172e-08,0.5968639254570007,,
/kaggle/input/datasets/tawsifurrahman/covid19-radiography-database/COVID-19_Radiography_Dataset/COVID/images/COVID-3241.png,COVID,COVID,0.9420472979545593,0.00041544862324371934,0.05753730982542038,8.09543154733916e-10,0.6529212594032288,,
/kaggle/input/datasets/tawsifurrahman/covid19-radiography-database/COVID-19_Radiography_Dataset/COVID/images/COVID-3246.png,COVID,COVID,0.9999217987060547,4.59956718259491e-05,2.5713638024171814e-05,6.406914508261252e-06,0.6535437703132629,,
/kaggle/input/datasets/tawsifurrahman/covid19-radiography-database/COVID-19_Radiography_Dataset/COVID/images/COVID-3259.png,COVID,COVID,0.9998040795326233,2.108564331138041e-06,0.00019385421182960272,1.580385822208541e-11,0.6258907318115234,,
/kaggle/input/datasets/tawsifurrahman/covid19-radiography-database/COVID-19_Radiography_Dataset/COVID/images/COVID-3265.png,COVID,COVID,0.9999356269836426,5.516314445230819e-07,6.375057273544371e-05,1.5634684658039077e-09,0.6750875115394592,,
/kaggle/input/datasets/tawsifurrahman/covid19-radiography-database/COVID-19_Radiography_Dataset/COVID/images/COVID-3267.png,COVID,COVID,0.9998960494995117,9.657316013544914e-07,0.00010299884161213413,1.8269354085109768e-10,0.6723477840423584,,
/kaggle/input/datasets/tawsifurrahman/covid19-radiography-database/COVID-19_Radiography_Dataset/COVID/images/COVID-3268.png,COVID,COVID,0.9999990463256836,1.964022544598265e-07,7.477804615518835e-07,3.436620779617705e-11,0.6928122639656067,,
/kaggle/input/datasets/tawsifurrahman/covid19-radiography-database/COVID-19_Radiography_Dataset/COVID/images/COVID-3270.png,COVID,COVID,0.9999991655349731,7.618368869088954e-08,6.742953928551287e-07,2.5958350052812662e-11,0.634579062461853,0.272291898727417,0.272291898727417
/kaggle/input/datasets/tawsifurrahman/covid19-radiography-database/COVID-19_Radiography_Dataset/COVID/images/COVID-3282.png,COVID,COVID,0.9999483823776245,1.0592690813382433e-07,5.147758929524571e-05,1.6809467229608743e-12,0.6763293743133545,0.3416805863380432,0.3416805863380432
/kaggle/input/datasets/tawsifurrahman/covid19-radiography-database/COVID-19_Radiography_Dataset/COVID/images/COVID-3289.png,COVID,COVID,0.9980231523513794,0.00031155027681961656,0.0016651905607432127,1.2035462759740767e-07,0.6198251247406006,,
/kaggle/input/datasets/tawsifurrahman/covid19-radiography-database/COVID-19_Radiography_Dataset/COVID/images/COVID-3290.png,COVID,COVID,0.9999948740005493,4.174069999862695e-06,1.1248260989304981e-08,9.175461173072108e-07,0.5880299806594849,0.22449137270450592,0.22449137270450592
/kaggle/input/datasets/tawsifurrahman/covid19-radiography-database/COVID-19_Radiography_Dataset/COVID/images/COVID-330.png,COVID,COVID,0.9999982118606567,1.2226039416418644e-06,3.3763180340429244e-07,2.5843814910331275e-07,0.5620135068893433,,
/kaggle/input/datasets/tawsifurrahman/covid19-radiography-database/COVID-19_Radiography_Dataset/COVID/images/COVID-3300.png,COVID,COVID,0.9998514652252197,1.2962274922756478e-05,6.449433567468077e-05,7.108043791959062e-05,0.6035508513450623,0.13329117000102997,0.13329117000102997
/kaggle/input/datasets/tawsifurrahman/covid19-radiography-database/COVID-19_Radiography_Dataset/COVID/images/COVID-3313.png,COVID,COVID,0.9999749660491943,4.995160452381242e-06,1.999446249101311e-05,1.778120939377459e-08,0.5642269849777222,,
/kaggle/input/datasets/tawsifurrahman/covid19-radiography-database/COVID-19_Radiography_Dataset/COVID/images/COVID-3321.png,COVID,COVID,0.9999998807907104,1.1468540006553951e-10,1.2171898333690478e-07,3.2559246410102105e-09,0.6502528190612793,,
/kaggle/input/datasets/tawsifurrahman/covid19-radiography-database/COVID-19_Radiography_Dataset/COVID/images/COVID-333.png,COVID,COVID,0.9909042716026306,0.0058005149476230145,0.0032952299807220697,3.08849412711254e-09,0.547607421875,,
/kaggle/input/datasets/tawsifurrahman/covid19-radiography-database/COVID-19_Radiography_Dataset/COVID/images/COVID-3334.png,COVID,COVID,0.9950150847434998,0.0008638292783871293,0.004120925907045603,1.37889372808786e-07,0.5954290628433228,,
/kaggle/input/datasets/tawsifurrahman/covid19-radiography-database/COVID-19_Radiography_Dataset/COVID/images/COVID-3350.png,COVID,COVID,0.9999580383300781,4.5338383642956614e-06,3.721704342751764e-05,1.780574336862628e-07,0.5942126512527466,,
/kaggle/input/datasets/tawsifurrahman/covid19-radiography-database/COVID-19_Radiography_Dataset/COVID/images/COVID-3386.png,COVID,COVID,0.999446451663971,3.627980186138302e-05,0.0005171812372282147,6.118156647971773e-09,0.6522468328475952,0.2750898003578186,0.2750898003578186
/kaggle/input/datasets/tawsifurrahman/covid19-radiography-database/COVID-19_Radiography_Dataset/COVID/images/COVID-3410.png,COVID,COVID,0.7613791823387146,0.0008932629134505987,0.23772715032100677,4.0935358924798493e-07,0.6964290738105774,0.3622502386569977,0.3622502386569977
/kaggle/input/datasets/tawsifurrahman/covid19-radiography-database/COVID-19_Radiography_Dataset/COVID/images/COVID-342.png,COVID,COVID,0.9999983310699463,1.2355584999568237e-08,1.6658525510138134e-06,4.943168985249713e-09,0.6288090944290161,,
/kaggle/input/datasets/tawsifurrahman/covid19-radiography-database/COVID-19_Radiography_Dataset/COVID/images/COVID-3424.png,COVID,COVID,0.9979029893875122,1.3529911484511103e-05,0.0015070564113557339,0.0005764191155321896,0.6134903430938721,,
/kaggle/input/datasets/tawsifurrahman/covid19-radiography-database/COVID-19_Radiography_Dataset/COVID/images/COVID-3435.png,COVID,COVID,0.999920129776001,6.427120524676866e-07,7.930819992907345e-05,1.6180775608276576e-09,0.6912676692008972,,
/kaggle/input/datasets/tawsifurrahman/covid19-radiography-database/COVID-19_Radiography_Dataset/COVID/images/COVID-3438.png,COVID,COVID,0.9999597072601318,1.3012238468945725e-06,3.8933470932533965e-05,3.852805185999841e-09,0.6955873370170593,,
/kaggle/input/datasets/tawsifurrahman/covid19-radiography-database/COVID-19_Radiography_Dataset/COVID/images/COVID-3455.png,COVID,COVID,0.9799648523330688,5.711484482162632e-05,0.01997787319123745,6.93805404239356e-08,0.6984761357307434,0.43543699383735657,0.43543699383735657
/kaggle/input/datasets/tawsifurrahman/covid19-radiography-database/COVID-19_Radiography_Dataset/COVID/images/COVID-3457.png,COVID,COVID,0.9924629926681519,9.33876981434878e-06,0.0075276196002960205,3.43246903122818e-10,0.6235200762748718,0.3663867712020874,0.3663867712020874
/kaggle/input/datasets/tawsifurrahman/covid19-radiography-database/COVID-19_Radiography_Dataset/COVID/images/COVID-3461.png,COVID,COVID,0.9999794960021973,1.871022732302663e-06,1.8654025552677922e-05,2.904885498811183e-10,0.6835043430328369,,
/kaggle/input/datasets/tawsifurrahman/covid19-radiography-database/COVID-19_Radiography_Dataset/COVID/images/COVID-3462.png,COVID,COVID,0.9975683093070984,0.002176459413021803,0.00025208588340319693,3.0878047709848033e-06,0.5957106947898865,,
/kaggle/input/datasets/tawsifurrahman/covid19-radiography-database/COVID-19_Radiography_Dataset/COVID/images/COVID-3463.png,COVID,COVID,0.9991971850395203,1.0942319931928068e-05,0.0007919024210423231,2.9613824725771565e-09,0.5864027142524719,0.21006174385547638,0.21006174385547638
/kaggle/input/datasets/tawsifurrahman/covid19-radiography-database/COVID-19_Radiography_Dataset/COVID/images/COVID-3469.png,COVID,COVID,0.9999014139175415,9.491129458183423e-05,3.03089973385795e-06,6.870379252177372e-07,0.6180232167243958,0.26109036803245544,0.26109036803245544
/kaggle/input/datasets/tawsifurrahman/covid19-radiography-database/COVID-19_Radiography_Dataset/COVID/images/COVID-3471.png,COVID,COVID,0.9999953508377075,6.316243972293023e-09,4.706144864030648e-06,2.4170115908717094e-10,0.6810575723648071,,
/kaggle/input/datasets/tawsifurrahman/covid19-radiography-database/COVID-19_Radiography_Dataset/COVID/images/COVID-348.png,COVID,COVID,0.999943733215332,5.05193702338147e-06,5.127964323037304e-05,6.43460706939436e-09,0.700994074344635,,
/kaggle/input/datasets/tawsifurrahman/covid19-radiography-database/COVID-19_Radiography_Dataset/COVID/images/COVID-349.png,COVID,COVID,0.9995916485786438,0.00033868575701490045,6.948006193852052e-05,1.5880870307682926e-07,0.6722444295883179,,
/kaggle/input/datasets/tawsifurrahman/covid19-radiography-database/COVID-19_Radiography_Dataset/COVID/images/COVID-3491.png,COVID,COVID,0.9998908042907715,0.00010078607010655105,1.7971601664612535e-06,6.598164873139467e-06,0.5422666072845459,,
/kaggle/input/datasets/tawsifurrahman/covid19-radiography-database/COVID-19_Radiography_Dataset/COVID/images/COVID-3496.png,COVID,COVID,0.9999990463256836,8.084675329200763e-08,7.805323889442661e-07,8.17545076775561e-12,0.6419686675071716,,
/kaggle/input/datasets/tawsifurrahman/covid19-radiography-database/COVID-19_Radiography_Dataset/COVID/images/COVID-3499.png,COVID,COVID,0.8360466957092285,0.12573683261871338,0.03685253858566284,0.0013639692915603518,0.6274592876434326,,
/kaggle/input/datasets/tawsifurrahman/covid19-radiography-database/COVID-19_Radiography_Dataset/COVID/images/COVID-3501.png,COVID,COVID,0.9999945163726807,5.5041828090907075e-06,2.733150772371573e-08,7.993251394111667e-09,0.5245307683944702,,
/kaggle/input/datasets/tawsifurrahman/covid19-radiography-database/COVID-19_Radiography_Dataset/COVID/images/COVID-3502.png,COVID,COVID,0.6909316778182983,0.3089590072631836,0.00010244793520541862,6.816149380028946e-06,0.6600576639175415,,
/kaggle/input/datasets/tawsifurrahman/covid19-radiography-database/COVID-19_Radiography_Dataset/COVID/images/COVID-3503.png,COVID,COVID,0.9998236298561096,6.815314009145368e-06,0.0001695899700280279,1.354177547874258e-09,0.6392676830291748,0.2573506534099579,0.2573506534099579
/kaggle/input/datasets/tawsifurrahman/covid19-radiography-database/COVID-19_Radiography_Dataset/COVID/images/COVID-351.png,COVID,COVID,0.9999833106994629,3.220884991605999e-06,1.3458919966069516e-05,4.295282796107358e-09,0.7241078615188599,,
/kaggle/input/datasets/tawsifurrahman/covid19-radiography-database/COVID-19_Radiography_Dataset/COVID/images/COVID-3515.png,COVID,COVID,0.9967668056488037,4.886099759460194e-06,0.003228346351534128,1.213977807168476e-09,0.7234874963760376,,
/kaggle/input/datasets/tawsifurrahman/covid19-radiography-database/COVID-19_Radiography_Dataset/COVID/images/COVID-3516.png,COVID,COVID,0.9967668056488037,4.886099759460194e-06,0.003228346351534128,1.213977807168476e-09,0.7234874963760376,,
/kaggle/input/datasets/tawsifurrahman/covid19-radiography-database/COVID-19_Radiography_Dataset/COVID/images/COVID-3526.png,COVID,COVID,0.995501697063446,0.0044823260977864265,1.5772571714478545e-05,1.384799759307498e-07,0.6096317172050476,,
/kaggle/input/datasets/tawsifurrahman/covid19-radiography-database/COVID-19_Radiography_Dataset/COVID/images/COVID-3527.png,COVID,COVID,0.9999995231628418,4.2533423538770876e-07,3.972180362410427e-09,3.2517120940322997e-11,0.61020827293396,,
/kaggle/input/datasets/tawsifurrahman/covid19-radiography-database/COVID-19_Radiography_Dataset/COVID/images/COVID-3531.png,COVID,COVID,0.9999535083770752,3.8136630564622465e-07,4.612236443790607e-05,2.7077371456130095e-09,0.5617129802703857,,
/kaggle/input/datasets/tawsifurrahman/covid19-radiography-database/COVID-19_Radiography_Dataset/COVID/images/COVID-3533.png,COVID,COVID,0.9999918937683105,1.0652777291397797e-06,6.983954335737508e-06,3.502434176017033e-10,0.5935414433479309,,
/kaggle/input/datasets/tawsifurrahman/covid19-radiography-database/COVID-19_Radiography_Dataset/COVID/images/COVID-3541.png,COVID,COVID,0.9999990463256836,2.1864833854579047e-07,5.875411375200201e-07,1.407996990110405e-07,0.5855597257614136,0.3569890558719635,0.3569890558719635
/kaggle/input/datasets/tawsifurrahman/covid19-radiography-database/COVID-19_Radiography_Dataset/COVID/images/COVID-3557.png,COVID,COVID,0.9999067783355713,1.9477960577773956e-08,9.3105249106884e-05,5.3431001845183346e-08,0.5993446111679077,,
/kaggle/input/datasets/tawsifurrahman/covid19-radiography-database/COVID-19_Radiography_Dataset/COVID/images/COVID-3562.png,COVID,COVID,0.9999983310699463,1.5944614517593436e-07,1.604104568286857e-06,5.748606590749716e-10,0.6164522171020508,,
/kaggle/input/datasets/tawsifurrahman/covid19-radiography-database/COVID-19_Radiography_Dataset/COVID/images/COVID-3563.png,COVID,COVID,0.9999988079071045,1.180050730908988e-06,1.1565544077996037e-08,5.402845726365513e-09,0.5851424932479858,,
/kaggle/input/datasets/tawsifurrahman/covid19-radiography-database/COVID-19_Radiography_Dataset/COVID/images/COVID-3567.png,COVID,COVID,0.9999924898147583,2.038024149442208e-06,5.480141226144042e-06,6.813236780311982e-11,0.5921513438224792,0.2629047930240631,0.2629047930240631
/kaggle/input/datasets/tawsifurrahman/covid19-radiography-database/COVID-19_Radiography_Dataset/COVID/images/COVID-3580.png,COVID,COVID,0.9999963045120239,5.210852194181825e-08,3.6696542338177096e-06,3.174802920558051e-10,0.6726967692375183,,
/kaggle/input/datasets/tawsifurrahman/covid19-radiography-database/COVID-19_Radiography_Dataset/COVID/images/COVID-3581.png,COVID,COVID,0.9999297857284546,6.463519184762845e-06,6.37252742308192e-05,5.816450876494628e-09,0.6507613658905029,,
/kaggle/input/datasets/tawsifurrahman/covid19-radiography-database/COVID-19_Radiography_Dataset/COVID/images/COVID-3587.png,COVID,COVID,1.0,6.427847837331413e-11,1.8496063347583913e-08,1.0610633205399012e-10,0.6770747900009155,,
/kaggle/input/datasets/tawsifurrahman/covid19-radiography-database/COVID-19_Radiography_Dataset/COVID/images/COVID-3591.png,COVID,COVID,0.9996626377105713,0.00031824884354136884,1.8905089746112935e-05,1.5718117651886132e-07,0.626248300075531,0.41565513610839844,0.41565513610839844
/kaggle/input/datasets/tawsifurrahman/covid19-radiography-database/COVID-19_Radiography_Dataset/COVID/images/COVID-3593.png,COVID,COVID,0.9999977350234985,2.2695994630339555e-06,5.280817561015283e-08,2.4289209532568634e-11,0.6147362589836121,,
/kaggle/input/datasets/tawsifurrahman/covid19-radiography-database/COVID-19_Radiography_Dataset/COVID/images/COVID-3598.png,COVID,COVID,0.9985993504524231,0.001397998770698905,2.230339077868848e-06,4.445949173259578e-07,0.5649968981742859,,
/kaggle/input/datasets/tawsifurrahman/covid19-radiography-database/COVID-19_Radiography_Dataset/COVID/images/COVID-36.png,COVID,COVID,0.9999501705169678,1.0537662546994397e-06,4.8758683988125995e-05,1.1363435192812688e-10,0.6735860109329224,0.358706533908844,0.358706533908844
/kaggle/input/datasets/tawsifurrahman/covid19-radiography-database/COVID-19_Radiography_Dataset/COVID/images/COVID-361.png,COVID,COVID,0.9862267374992371,0.010943939909338951,0.002666692715138197,0.00016264642181340605,0.6537050008773804,,
/kaggle/input/datasets/tawsifurrahman/covid19-radiography-database/COVID-19_Radiography_Dataset/COVID/images/COVID-3612.png,COVID,COVID,0.9999586343765259,3.394020779978746e-07,4.097126657143235e-05,2.4683076763065692e-11,0.6036824584007263,,
/kaggle/input/datasets/tawsifurrahman/covid19-radiography-database/COVID-19_Radiography_Dataset/COVID/images/COVID-3616.png,COVID,COVID,0.9977636337280273,0.0005446801078505814,0.001691589131951332,3.311057383825755e-08,0.6119627356529236,0.2868589758872986,0.2868589758872986
/kaggle/input/datasets/tawsifurrahman/covid19-radiography-database/COVID-19_Radiography_Dataset/COVID/images/COVID-364.png,COVID,Normal,0.17766346037387848,0.02599223516881466,0.7963441610336304,1.2998371801131725e-07,0.6555641889572144,,
/kaggle/input/datasets/tawsifurrahman/covid19-radiography-database/COVID-19_Radiography_Dataset/COVID/images/COVID-368.png,COVID,COVID,0.9999746084213257,1.9173818145645782e-05,6.0620150179602206e-06,8.112574789720384e-08,0.605787456035614,,
/kaggle/input/datasets/tawsifurrahman/covid19-radiography-database/COVID-19_Radiography_Dataset/COVID/images/COVID-372.png,COVID,COVID,1.0,7.368635562832182e-11,3.5278058252430355e-10,2.1621539628147168e-11,0.7088717818260193,,
/kaggle/input/datasets/tawsifurrahman/covid19-radiography-database/COVID-19_Radiography_Dataset/COVID/images/COVID-382.png,COVID,COVID,0.9999916553497314,6.231877705431543e-06,2.1046321307949256e-06,2.461645998153017e-08,0.6269496083259583,,
/kaggle/input/datasets/tawsifurrahman/covid19-radiography-database/COVID-19_Radiography_Dataset/COVID/images/COVID-383.png,COVID,COVID,1.0,6.757537307500172e-10,1.214690782853911e-13,6.197922619577412e-09,0.6581911444664001,,
/kaggle/input/datasets/tawsifurrahman/covid19-radiography-database/COVID-19_Radiography_Dataset/COVID/images/COVID-394.png,COVID,COVID,0.9871945977210999,0.012803098186850548,2.2318638457363704e-06,5.1165589098900455e-08,0.6196128726005554,0.3711074888706207,0.3711074888706207
/kaggle/input/datasets/tawsifurrahman/covid19-radiography-database/COVID-19_Radiography_Dataset/COVID/images/COVID-395.png,COVID,COVID,0.9999995231628418,1.0684439999408823e-08,4.2701481106632855e-07,6.480501912875525e-09,0.6634116172790527,,
/kaggle/input/datasets/tawsifurrahman/covid19-radiography-database/COVID-19_Radiography_Dataset/COVID/images/COVID-4.png,COVID,Viral Pneumonia,0.00034289478207938373,4.3688817186193774e-07,0.00023383169900625944,0.9994227886199951,0.6100290417671204,,
/kaggle/input/datasets/tawsifurrahman/covid19-radiography-database/COVID-19_Radiography_Dataset/COVID/images/COVID-407.png,COVID,COVID,0.9990060925483704,0.0009880680590867996,5.860602868779097e-06,8.196344225552821e-08,0.6325997114181519,,
/kaggle/input/datasets/tawsifurrahman/covid19-radiography-database/COVID-19_Radiography_Dataset/COVID/images/COVID-409.png,COVID,COVID,0.9996455907821655,0.0003539354365784675,3.716570518008666e-08,4.936503614771937e-07,0.6502042412757874,0.4251103103160858,0.4251103103160858
/kaggle/input/datasets/tawsifurrahman/covid19-radiography-database/COVID-19_Radiography_Dataset/COVID/images/COVID-414.png,COVID,COVID,1.0,5.387652990407332e-09,2.003967521438388e-12,7.583139116640325e-10,0.6989945769309998,,
/kaggle/input/datasets/tawsifurrahman/covid19-radiography-database/COVID-19_Radiography_Dataset/COVID/images/COVID-418.png,COVID,COVID,0.9999525547027588,1.2579574786286685e-06,4.615624129655771e-05,5.034813010951211e-09,0.6091997027397156,,
/kaggle/input/datasets/tawsifurrahman/covid19-radiography-database/COVID-19_Radiography_Dataset/COVID/images/COVID-42.png,COVID,COVID,0.9999897480010986,1.0250072591588832e-05,2.0038250170273386e-08,1.1242405895117713e-09,0.6405662894248962,,
/kaggle/input/datasets/tawsifurrahman/covid19-radiography-database/COVID-19_Radiography_Dataset/COVID/images/COVID-421.png,COVID,COVID,0.9998179078102112,1.413956761098234e-05,0.00016741080617066473,4.943064482176851e-07,0.6231076717376709,0.30359119176864624,0.30359119176864624
/kaggle/input/datasets/tawsifurrahman/covid19-radiography-database/COVID-19_Radiography_Dataset/COVID/images/COVID-423.png,COVID,Viral Pneumonia,0.32168862223625183,0.00016871202387847006,0.08587493747472763,0.5922677516937256,0.6229045987129211,0.435107558965683,0.435107558965683
/kaggle/input/datasets/tawsifurrahman/covid19-radiography-database/COVID-19_Radiography_Dataset/COVID/images/COVID-427.png,COVID,Normal,0.2133142203092575,0.007477123755961657,0.7792085409164429,7.39609689048848e-08,0.6884522438049316,,
/kaggle/input/datasets/tawsifurrahman/covid19-radiography-database/COVID-19_Radiography_Dataset/COVID/images/COVID-447.png,COVID,COVID,0.9999912977218628,2.08804181056621e-06,5.818306725302591e-09,6.61829608361586e-06,0.7012941241264343,,
/kaggle/input/datasets/tawsifurrahman/covid19-radiography-database/COVID-19_Radiography_Dataset/COVID/images/COVID-452.png,COVID,COVID,0.9994277358055115,0.000572143355384469,2.7101991761924182e-08,4.770094363948374e-08,0.743776261806488,0.5132399201393127,0.5132399201393127
/kaggle/input/datasets/tawsifurrahman/covid19-radiography-database/COVID-19_Radiography_Dataset/COVID/images/COVID-460.png,COVID,COVID,1.0,4.2401910975431445e-12,1.2453940656520501e-11,1.0239351033725086e-11,0.6376975178718567,0.3479287326335907,0.3479287326335907
/kaggle/input/datasets/tawsifurrahman/covid19-radiography-database/COVID-19_Radiography_Dataset/COVID/images/COVID-467.png,COVID,Normal,0.00014479765377473086,0.1594138890504837,0.8404408097267151,4.626955671938049e-07,0.633323073387146,,
/kaggle/input/datasets/tawsifurrahman/covid19-radiography-database/COVID-19_Radiography_Dataset/COVID/images/COVID-47.png,COVID,COVID,0.9999723434448242,2.704939106479287e-05,4.773633577315195e-07,1.257389214970317e-07,0.666895866394043,0.39333802461624146,0.39333802461624146
/kaggle/input/datasets/tawsifurrahman/covid19-radiography-database/COVID-19_Radiography_Dataset/COVID/images/COVID-470.png,COVID,COVID,0.676908016204834,0.00154980702791363,0.32152754068374634,1.4643991562479641e-05,0.6159077882766724,,
/kaggle/input/datasets/tawsifurrahman/covid19-radiography-database/COVID-19_Radiography_Dataset/COVID/images/COVID-476.png,COVID,COVID,0.9998599290847778,0.00011978333350270987,3.0883998078934383e-06,1.722134038573131e-05,0.5873925685882568,,
/kaggle/input/datasets/tawsifurrahman/covid19-radiography-database/COVID-19_Radiography_Dataset/COVID/images/COVID-480.png,COVID,COVID,0.9999853372573853,1.052283369062934e-05,3.6443987028178526e-06,4.4262196752242744e-07,0.5330131649971008,,
/kaggle/input/datasets/tawsifurrahman/covid19-radiography-database/COVID-19_Radiography_Dataset/COVID/images/COVID-490.png,COVID,COVID,0.9999867677688599,1.2957538331193064e-07,1.3085372302157339e-05,3.3242932850896523e-09,0.5004369020462036,,
/kaggle/input/datasets/tawsifurrahman/covid19-radiography-database/COVID-19_Radiography_Dataset/COVID/images/COVID-497.png,COVID,COVID,1.0,3.7086347881576387e-10,8.71533012425374e-10,1.284213512441068e-12,0.7004215121269226,,
/kaggle/input/datasets/tawsifurrahman/covid19-radiography-database/COVID-19_Radiography_Dataset/COVID/images/COVID-504.png,COVID,COVID,0.9461060762405396,0.00013123435201123357,0.05376264080405235,3.1100630959457476e-09,0.6905850768089294,0.4392758011817932,0.4392758011817932
/kaggle/input/datasets/tawsifurrahman/covid19-radiography-database/COVID-19_Radiography_Dataset/COVID/images/COVID-509.png,COVID,COVID,0.9962809681892395,0.0005690521211363375,0.0026816430035978556,0.0004683476290665567,0.67601478099823,0.45968806743621826,0.45968806743621826
/kaggle/input/datasets/tawsifurrahman/covid19-radiography-database/COVID-19_Radiography_Dataset/COVID/images/COVID-51.png,COVID,COVID,0.9999936819076538,2.5781034764804645e-06,1.0535762839936069e-07,3.659970161606907e-06,0.7088505625724792,,
/kaggle/input/datasets/tawsifurrahman/covid19-radiography-database/COVID-19_Radiography_Dataset/COVID/images/COVID-510.png,COVID,COVID,0.9999485015869141,5.025467908126302e-05,1.0181352081417572e-06,1.2775690549915453e-07,0.5857797861099243,0.44823503494262695,0.44823503494262695
/kaggle/input/datasets/tawsifurrahman/covid19-radiography-database/COVID-19_Radiography_Dataset/COVID/images/COVID-524.png,COVID,COVID,0.9999796152114868,1.8700158761930652e-05,1.728394636302255e-06,1.6925072454654355e-12,0.5972682237625122,,
/kaggle/input/datasets/tawsifurrahman/covid19-radiography-database/COVID-19_Radiography_Dataset/COVID/images/COVID-526.png,COVID,COVID,0.9826945662498474,0.017216399312019348,8.115216041915119e-05,7.885661943873856e-06,0.5641930103302002,,
/kaggle/input/datasets/tawsifurrahman/covid19-radiography-database/COVID-19_Radiography_Dataset/COVID/images/COVID-527.png,COVID,COVID,0.9999990463256836,7.34609955088672e-07,2.1460793675487366e-07,2.9553692826311817e-10,0.7057633996009827,,
/kaggle/input/datasets/tawsifurrahman/covid19-radiography-database/COVID-19_Radiography_Dataset/COVID/images/COVID-528.png,COVID,COVID,0.9995989203453064,3.364016083651222e-05,1.7477105984653463e-08,0.0003674189792945981,0.42148447036743164,0.1778637021780014,0.1778637021780014
/kaggle/input/datasets/tawsifurrahman/covid19-radiography-database/COVID-19_Radiography_Dataset/COVID/images/COVID-531.png,COVID,COVID,0.9992572665214539,0.00038560578832402825,8.86078623807407e-08,0.0003570129338186234,0.41933882236480713,,
/kaggle/input/datasets/tawsifurrahman/covid19-radiography-database/COVID-19_Radiography_Dataset/COVID/images/COVID-533.png,COVID,COVID,1.0,3.0176533494241653e-10,8.208247415097958e-10,2.467869797406763e-10,0.6574817299842834,,
/kaggle/input/datasets/tawsifurrahman/covid19-radiography-database/COVID-19_Radiography_Dataset/COVID/images/COVID-538.png,COVID,COVID,1.0,4.6381465779177233e-08,5.947373149517432e-11,7.58800400291193e-09,0.7407481074333191,0.4485054314136505,0.4485054314136505
/kaggle/input/datasets/tawsifurrahman/covid19-radiography-database/COVID-19_Radiography_Dataset/COVID/images/COVID-54.png,COVID,COVID,0.9999984502792358,4.675152354138845e-07,1.109015670408553e-06,2.8986382183404658e-09,0.7166968584060669,,
/kaggle/input/datasets/tawsifurrahman/covid19-radiography-database/COVID-19_Radiography_Dataset/COVID/images/COVID-541.png,COVID,COVID,0.99998939037323,5.726404310735234e-07,3.3928804210603403e-10,9.986593795474619e-06,0.6528439521789551,,
/kaggle/input/datasets/tawsifurrahman/covid19-radiography-database/COVID-19_Radiography_Dataset/COVID/images/COVID-55.png,COVID,COVID,0.9985148310661316,0.00018928035569842905,0.0012933663092553616,2.5043570985872066e-06,0.6148062944412231,,
/kaggle/input/datasets/tawsifurrahman/covid19-radiography-database/COVID-19_Radiography_Dataset/COVID/images/COVID-551.png,COVID,COVID,0.9976629018783569,0.002317819045856595,1.904512282635551e-05,2.859390235698811e-07,0.5974845886230469,,
/kaggle/input/datasets/tawsifurrahman/covid19-radiography-database/COVID-19_Radiography_Dataset/COVID/images/COVID-555.png,COVID,Lung_Opacity,0.27104949951171875,0.6570464372634888,0.0719016045331955,2.421190856694011e-06,0.651056706905365,0.029586998745799065,0.029586998745799065
/kaggle/input/datasets/tawsifurrahman/covid19-radiography-database/COVID-19_Radiography_Dataset/COVID/images/COVID-556.png,COVID,COVID,0.8000288605690002,0.06548761576414108,0.11108154058456421,0.023402007296681404,0.37712475657463074,,
/kaggle/input/datasets/tawsifurrahman/covid19-radiography-database/COVID-19_Radiography_Dataset/COVID/images/COVID-565.png,COVID,COVID,0.9999914169311523,8.218015864258632e-06,3.336683374044469e-09,4.158819137956016e-07,0.6459681987762451,,
/kaggle/input/datasets/tawsifurrahman/covid19-radiography-database/COVID-19_Radiography_Dataset/COVID/images/COVID-569.png,COVID,COVID,1.0,9.010462598268987e-09,1.2357019407716052e-08,9.457499887399745e-13,0.7284140586853027,0.47413843870162964,0.47413843870162964
/kaggle/input/datasets/tawsifurrahman/covid19-radiography-database/COVID-19_Radiography_Dataset/COVID/images/COVID-57.png,COVID,COVID,0.9993600249290466,5.347385013010353e-06,0.0005328824045136571,0.00010175360512221232,0.6856192350387573,,
/kaggle/input/datasets/tawsifurrahman/covid19-radiography-database/COVID-19_Radiography_Dataset/COVID/images/COVID-576.png,COVID,COVID,0.9998335838317871,0.00016620712995063514,8.499377202042524e-08,3.7229515026382387e-09,0.6840450763702393,,
/kaggle/input/datasets/tawsifurrahman/covid19-radiography-database/COVID-19_Radiography_Dataset/COVID/images/COVID-579.png,COVID,COVID,0.5519434213638306,0.4434308707714081,8.384537977690343e-06,0.004617347382009029,0.6388837099075317,,
/kaggle/input/datasets/tawsifurrahman/covid19-radiography-database/COVID-19_Radiography_Dataset/COVID/images/COVID-582.png,COVID,COVID,0.9999997615814209,1.9996005562461505e-07,1.3843201585039822e-10,7.006029534295521e-08,0.7217211127281189,,
/kaggle/input/datasets/tawsifurrahman/covid19-radiography-database/COVID-19_Radiography_Dataset/COVID/images/COVID-586.png,COVID,COVID,0.9993292093276978,2.2453694327850826e-05,0.0006483045872300863,8.08997313583859e-09,0.6992750763893127,,
/kaggle/input/datasets/tawsifurrahman/covid19-radiography-database/COVID-19_Radiography_Dataset/COVID/images/COVID-598.png,COVID,COVID,0.9999909400939941,3.355697799634072e-07,8.631996934127528e-06,1.4776868795252085e-07,0.5618716478347778,0.22030425071716309,0.22030425071716309
/kaggle/input/datasets/tawsifurrahman/covid19-radiography-database/COVID-19_Radiography_Dataset/COVID/images/COVID-599.png,COVID,COVID,0.9999873638153076,4.2329241978222854e-07,1.210723894473631e-05,2.132634346896367e-10,0.6880925297737122,0.2913447320461273,0.2913447320461273
/kaggle/input/datasets/tawsifurrahman/covid19-radiography-database/COVID-19_Radiography_Dataset/COVID/images/COVID-600.png,COVID,COVID,1.0,3.831079009586347e-09,5.0478742713577773e-11,5.659924195988708e-10,0.7026190161705017,,
/kaggle/input/datasets/tawsifurrahman/covid19-radiography-database/COVID-19_Radiography_Dataset/COVID/images/COVID-601.png,COVID,COVID,0.9981299042701721,0.00021743022080045193,0.0016524860402569175,1.7016128595059854e-07,0.6011796593666077,0.38592785596847534,0.38592785596847534
/kaggle/input/datasets/tawsifurrahman/covid19-radiography-database/COVID-19_Radiography_Dataset/COVID/images/COVID-602.png,COVID,COVID,0.9999988079071045,1.1073040013798163e-06,1.7405548646820534e-07,7.017824654731442e-10,0.6209375858306885,,
/kaggle/input/datasets/tawsifurrahman/covid19-radiography-database/COVID-19_Radiography_Dataset/COVID/images/COVID-609.png,COVID,COVID,1.0,4.796429364795074e-10,1.6602508257079762e-09,3.9285844022352023e-10,0.6458219885826111,0.36229315400123596,0.36229315400123596
/kaggle/input/datasets/tawsifurrahman/covid19-radiography-database/COVID-19_Radiography_Dataset/COVID/images/COVID-616.png,COVID,COVID,0.9987614154815674,0.0011708498932421207,6.780086550861597e-05,3.426720596166888e-08,0.6371596455574036,,
/kaggle/input/datasets/tawsifurrahman/covid19-radiography-database/COVID-19_Radiography_Dataset/COVID/images/COVID-640.png,COVID,COVID,0.9999619722366333,2.85683950096427e-06,3.514986747177318e-05,2.1349753964727824e-08,0.6557340025901794,0.2654345631599426,0.2654345631599426
/kaggle/input/datasets/tawsifurrahman/covid19-radiography-database/COVID-19_Radiography_Dataset/COVID/images/COVID-643.png,COVID,COVID,0.9999486207962036,2.414977416265174e-06,4.9005309847416356e-05,8.614062352307883e-09,0.6469920873641968,,
/kaggle/input/datasets/tawsifurrahman/covid19-radiography-database/COVID-19_Radiography_Dataset/COVID/images/COVID-648.png,COVID,COVID,0.9997754693031311,1.6391608369303867e-05,0.00020810196292586625,1.0828519236838474e-07,0.6041574478149414,,
/kaggle/input/datasets/tawsifurrahman/covid19-radiography-database/COVID-19_Radiography_Dataset/COVID/images/COVID-66.png,COVID,COVID,0.7003247737884521,0.20242592692375183,0.009663448669016361,0.08758581429719925,0.6708966493606567,,
/kaggle/input/datasets/tawsifurrahman/covid19-radiography-database/COVID-19_Radiography_Dataset/COVID/images/COVID-660.png,COVID,COVID,0.9893290400505066,0.0001349514495814219,0.010535717010498047,3.12004004854316e-07,0.7093694806098938,0.36583778262138367,0.36583778262138367
/kaggle/input/datasets/tawsifurrahman/covid19-radiography-database/COVID-19_Radiography_Dataset/COVID/images/COVID-662.png,COVID,COVID,0.9999648332595825,3.277371433796361e-05,1.9819437966361875e-06,3.976936113758711e-07,0.5899357199668884,,
/kaggle/input/datasets/tawsifurrahman/covid19-radiography-database/COVID-19_Radiography_Dataset/COVID/images/COVID-670.png,COVID,COVID,0.9993364214897156,2.700178447412327e-05,2.7701291855919408e-06,0.000633848540019244,0.6816012859344482,0.39681464433670044,0.39681464433670044
/kaggle/input/datasets/tawsifurrahman/covid19-radiography-database/COVID-19_Radiography_Dataset/COVID/images/COVID-677.png,COVID,COVID,0.998853325843811,0.0011246168287470937,2.1858351828996092e-05,2.0126122990404838e-07,0.5906827449798584,0.3879120945930481,0.3879120945930481
/kaggle/input/datasets/tawsifurrahman/covid19-radiography-database/COVID-19_Radiography_Dataset/COVID/images/COVID-68.png,COVID,COVID,0.9999990463256836,7.435606903527514e-07,2.0101667530525447e-07,8.43693892527142e-10,0.6159204840660095,0.32211512327194214,0.32211512327194214
/kaggle/input/datasets/tawsifurrahman/covid19-radiography-database/COVID-19_Radiography_Dataset/COVID/images/COVID-684.png,COVID,COVID,0.9999988079071045,9.975849479815224e-07,1.9156844643930526e-07,1.0633462426551388e-12,0.6608680486679077,0.3491505980491638,0.3491505980491638
/kaggle/input/datasets/tawsifurrahman/covid19-radiography-database/COVID-19_Radiography_Dataset/COVID/images/COVID-69.png,COVID,COVID,0.9999850988388062,2.5051233478734503e-06,1.5173756651165604e-07,1.2259896720934194e-05,0.6837651133537292,,
/kaggle/input/datasets/tawsifurrahman/covid19-radiography-database/COVID-19_Radiography_Dataset/COVID/images/COVID-714.png,COVID,COVID,0.9999567270278931,1.750383603393857e-06,4.143931801081635e-05,1.7468212987203913e-10,0.7089048624038696,,
/kaggle/input/datasets/tawsifurrahman/covid19-radiography-database/COVID-19_Radiography_Dataset/COVID/images/COVID-723.png,COVID,COVID,0.9999635219573975,3.304471101728268e-05,3.4720353596640052e-06,8.599465139980111e-09,0.5763657093048096,0.3520856499671936,0.3520856499671936
/kaggle/input/datasets/tawsifurrahman/covid19-radiography-database/COVID-19_Radiography_Dataset/COVID/images/COVID-725.png,COVID,COVID,0.9999980926513672,1.560490119345559e-07,1.8379538460067124e-06,1.1633413343759003e-08,0.5494206547737122,,
/kaggle/input/datasets/tawsifurrahman/covid19-radiography-database/COVID-19_Radiography_Dataset/COVID/images/COVID-731.png,COVID,COVID,0.9999995231628418,1.1483821538149641e-07,3.9534467077828594e-07,2.801100185134686e-10,0.6955199241638184,,
/kaggle/input/datasets/tawsifurrahman/covid19-radiography-database/COVID-19_Radiography_Dataset/COVID/images/COVID-743.png,COVID,COVID,0.999958872795105,2.3030457668937743e-05,5.537949050449242e-07,1.7492331608082168e-05,0.5996643304824829,,
/kaggle/input/datasets/tawsifurrahman/covid19-radiography-database/COVID-19_Radiography_Dataset/COVID/images/COVID-755.png,COVID,COVID,1.0,8.259386063969032e-09,1.0939815719979151e-09,5.857527241026617e-10,0.679176390171051,,
/kaggle/input/datasets/tawsifurrahman/covid19-radiography-database/COVID-19_Radiography_Dataset/COVID/images/COVID-756.png,COVID,COVID,0.9980512857437134,4.375083153718151e-05,0.0019049212569370866,3.0025171238179382e-09,0.6789987683296204,,
/kaggle/input/datasets/tawsifurrahman/covid19-radiography-database/COVID-19_Radiography_Dataset/COVID/images/COVID-759.png,COVID,COVID,0.9998254179954529,2.0946195036231074e-06,1.7871323507279158e-05,0.0001546767889522016,0.6623765230178833,,
/kaggle/input/datasets/tawsifurrahman/covid19-radiography-database/COVID-19_Radiography_Dataset/COVID/images/COVID-765.png,COVID,COVID,0.9999494552612305,4.4153191993245855e-05,3.3221930095805874e-08,6.43043904346996e-06,0.6196344494819641,,
/kaggle/input/datasets/tawsifurrahman/covid19-radiography-database/COVID-19_Radiography_Dataset/COVID/images/COVID-78.png,COVID,COVID,0.9999371767044067,1.6434183862656937e-06,1.137164235842647e-05,4.986416388419457e-05,0.6840111613273621,,
/kaggle/input/datasets/tawsifurrahman/covid19-radiography-database/COVID-19_Radiography_Dataset/COVID/images/COVID-781.png,COVID,COVID,0.9998003840446472,0.00015117236762307584,3.512562034302391e-05,1.3317301636561751e-05,0.6053553223609924,0.2552253305912018,0.2552253305912018
/kaggle/input/datasets/tawsifurrahman/covid19-radiography-database/COVID-19_Radiography_Dataset/COVID/images/COVID-782.png,COVID,COVID,0.9999986886978149,1.3385643704566519e-08,1.3346250682388927e-07,1.1526664138727938e-06,0.622217059135437,0.24587227404117584,0.24587227404117584
/kaggle/input/datasets/tawsifurrahman/covid19-radiography-database/COVID-19_Radiography_Dataset/COVID/images/COVID-808.png,COVID,COVID,0.9999992847442627,4.3229633206465223e-07,1.1030159008384999e-08,2.8940860374859767e-07,0.6447995901107788,0.37536484003067017,0.37536484003067017
/kaggle/input/datasets/tawsifurrahman/covid19-radiography-database/COVID-19_Radiography_Dataset/COVID/images/COVID-81.png,COVID,COVID,0.9999884366989136,3.721369807863084e-07,1.259823889654399e-08,1.1153254490636755e-05,0.6602009534835815,,
/kaggle/input/datasets/tawsifurrahman/covid19-radiography-database/COVID-19_Radiography_Dataset/COVID/images/COVID-811.png,COVID,COVID,0.9998927116394043,0.00010620935790939257,1.4981368678945728e-07,9.7644976904121e-07,0.6232166290283203,,
/kaggle/input/datasets/tawsifurrahman/covid19-radiography-database/COVID-19_Radiography_Dataset/COVID/images/COVID-837.png,COVID,COVID,0.9999998807907104,8.112284888284194e-08,1.4287407923418982e-09,1.6713136430368536e-09,0.5539167523384094,0.2519194781780243,0.2519194781780243
/kaggle/input/datasets/tawsifurrahman/covid19-radiography-database/COVID-19_Radiography_Dataset/COVID/images/COVID-841.png,COVID,COVID,0.9881725907325745,0.0008792882435955107,0.010893143713474274,5.49204669368919e-05,0.6231128573417664,,
/kaggle/input/datasets/tawsifurrahman/covid19-radiography-database/COVID-19_Radiography_Dataset/COVID/images/COVID-844.png,COVID,COVID,1.0,1.3247743346767038e-08,4.658595731399373e-10,1.7718343068781617e-12,0.6375705003738403,0.3606484532356262,0.3606484532356262
/kaggle/input/datasets/tawsifurrahman/covid19-radiography-database/COVID-19_Radiography_Dataset/COVID/images/COVID-85.png,COVID,COVID,0.9999920129776001,6.010758170305053e-06,8.663901596150936e-09,2.0003051304229302e-06,0.5669695734977722,,
/kaggle/input/datasets/tawsifurrahman/covid19-radiography-database/COVID-19_Radiography_Dataset/COVID/images/COVID-851.png,COVID,COVID,0.9999829530715942,4.0762228081803187e-07,1.6697020328138024e-05,4.202163950139948e-09,0.5807130932807922,,
/kaggle/input/datasets/tawsifurrahman/covid19-radiography-database/COVID-19_Radiography_Dataset/COVID/images/COVID-854.png,COVID,COVID,0.9411956667900085,6.183199002407491e-05,0.05874253436923027,4.230164218910204e-09,0.6129919290542603,,
/kaggle/input/datasets/tawsifurrahman/covid19-radiography-database/COVID-19_Radiography_Dataset/COVID/images/COVID-855.png,COVID,COVID,0.9991241097450256,0.0008754385635256767,2.1239513614546013e-07,2.529867231260141e-07,0.5595106482505798,0.3533073961734772,0.3533073961734772
/kaggle/input/datasets/tawsifurrahman/covid19-radiography-database/COVID-19_Radiography_Dataset/COVID/images/COVID-863.png,COVID,COVID,0.9999266862869263,7.741537046968006e-06,6.550140824401751e-05,1.548429051645428e-09,0.6730272173881531,,
/kaggle/input/datasets/tawsifurrahman/covid19-radiography-database/COVID-19_Radiography_Dataset/COVID/images/COVID-868.png,COVID,COVID,0.9999996423721313,2.1976879338581057e-07,9.471673934058344e-08,1.468173671526074e-08,0.6306233406066895,0.24023862183094025,0.24023862183094025
/kaggle/input/datasets/tawsifurrahman/covid19-radiography-database/COVID-19_Radiography_Dataset/COVID/images/COVID-869.png,COVID,Normal,0.4141475558280945,0.034189000725746155,0.551663339138031,1.0232351144168206e-07,0.6802798509597778,,
/kaggle/input/datasets/tawsifurrahman/covid19-radiography-database/COVID-19_Radiography_Dataset/COVID/images/COVID-91.png,COVID,COVID,0.9978918433189392,8.807681410871737e-07,0.002107380423694849,1.4575575468800395e-10,0.6716133952140808,0.4886060655117035,0.4886060655117035
/kaggle/input/datasets/tawsifurrahman/covid19-radiography-database/COVID-19_Radiography_Dataset/COVID/images/COVID-915.png,COVID,COVID,0.9999948740005493,5.5772243712226555e-08,2.1248489190384134e-08,5.074761247669812e-06,0.5530798435211182,0.23622313141822815,0.23622313141822815
/kaggle/input/datasets/tawsifurrahman/covid19-radiography-database/COVID-19_Radiography_Dataset/COVID/images/COVID-918.png,COVID,COVID,0.9999990463256836,2.1974287278681004e-07,1.4809110382429935e-07,6.234179750208568e-07,0.5913387537002563,0.2645251452922821,0.2645251452922821
/kaggle/input/datasets/tawsifurrahman/covid19-radiography-database/COVID-19_Radiography_Dataset/COVID/images/COVID-92.png,COVID,COVID,0.9999996423721313,2.9432328574330313e-07,3.006429594165638e-08,3.604922582667314e-08,0.6179091334342957,,
/kaggle/input/datasets/tawsifurrahman/covid19-radiography-database/COVID-19_Radiography_Dataset/COVID/images/COVID-920.png,COVID,COVID,0.9999927282333374,1.8928121789940633e-06,5.386476914281957e-06,3.545658211479008e-09,0.5332430005073547,,
/kaggle/input/datasets/tawsifurrahman/covid19-radiography-database/COVID-19_Radiography_Dataset/COVID/images/COVID-926.png,COVID,COVID,0.9984410405158997,0.0015490081859752536,9.894703907775693e-06,1.0640076908430274e-07,0.6912707090377808,,
/kaggle/input/datasets/tawsifurrahman/covid19-radiography-database/COVID-19_Radiography_Dataset/COVID/images/COVID-929.png,COVID,COVID,1.0,2.2493376050647385e-09,3.4111763413946505e-10,5.772868619767502e-13,0.6593064069747925,0.42950597405433655,0.42950597405433655
/kaggle/input/datasets/tawsifurrahman/covid19-radiography-database/COVID-19_Radiography_Dataset/COVID/images/COVID-932.png,COVID,COVID,0.9999946355819702,4.8736933422333095e-06,4.878531285612553e-07,3.187490826839223e-10,0.5935525894165039,0.3027387857437134,0.3027387857437134
/kaggle/input/datasets/tawsifurrahman/covid19-radiography-database/COVID-19_Radiography_Dataset/COVID/images/COVID-935.png,COVID,COVID,0.9999949932098389,4.474324668990448e-06,4.884450390818529e-07,3.0371163362019615e-09,0.6336050629615784,,
/kaggle/input/datasets/tawsifurrahman/covid19-radiography-database/COVID-19_Radiography_Dataset/COVID/images/COVID-943.png,COVID,COVID,0.9998096823692322,1.3498291082214564e-05,0.00017690900131128728,6.075605990529809e-11,0.6899509429931641,0.33821624517440796,0.33821624517440796
/kaggle/input/datasets/tawsifurrahman/covid19-radiography-database/COVID-19_Radiography_Dataset/COVID/images/COVID-955.png,COVID,COVID,1.0,3.557197592041206e-10,6.58613025228405e-11,6.111018809040747e-14,0.6742165684700012,0.30031487345695496,0.30031487345695496
/kaggle/input/datasets/tawsifurrahman/covid19-radiography-database/COVID-19_Radiography_Dataset/COVID/images/COVID-970.png,COVID,COVID,1.0,3.0430012287752106e-08,1.6209306119563394e-10,6.239064265223249e-10,0.648266613483429,,
/kaggle/input/datasets/tawsifurrahman/covid19-radiography-database/COVID-19_Radiography_Dataset/COVID/images/COVID-972.png,COVID,COVID,0.9999393224716187,5.820358273922466e-05,2.557628249633126e-06,1.9421573682620874e-08,0.6702567338943481,,
/kaggle/input/datasets/tawsifurrahman/covid19-radiography-database/COVID-19_Radiography_Dataset/COVID/images/COVID-986.png,COVID,COVID,0.9999992847442627,6.705582222821249e-07,5.172227091065906e-09,3.021477068543277e-09,0.56813645362854,0.25709888339042664,0.25709888339042664
/kaggle/input/datasets/tawsifurrahman/covid19-radiography-database/COVID-19_Radiography_Dataset/Lung_Opacity/images/Lung_Opacity-1004.png,Lung_Opacity,Lung_Opacity,0.0019606747664511204,0.9593638181686401,0.03866737708449364,8.072694072325248e-06,0.6012406349182129,,
/kaggle/input/datasets/tawsifurrahman/covid19-radiography-database/COVID-19_Radiography_Dataset/Lung_Opacity/images/Lung_Opacity-1036.png,Lung_Opacity,Lung_Opacity,3.1790428622890943e-10,0.9999842643737793,1.5718318536528386e-05,8.052986721907018e-09,0.5650326013565063,0.2806698679924011,0.2806698679924011
/kaggle/input/datasets/tawsifurrahman/covid19-radiography-database/COVID-19_Radiography_Dataset/Lung_Opacity/images/Lung_Opacity-1037.png,Lung_Opacity,Lung_Opacity,0.00039662400376982987,0.8765316605567932,0.12305476516485214,1.697530024102889e-05,0.5672350525856018,,
/kaggle/input/datasets/tawsifurrahman/covid19-radiography-database/COVID-19_Radiography_Dataset/Lung_Opacity/images/Lung_Opacity-1042.png,Lung_Opacity,Lung_Opacity,8.146358254634833e-07,0.9997162222862244,0.00028298923280090094,1.639976487943784e-09,0.6567061543464661,,
/kaggle/input/datasets/tawsifurrahman/covid19-radiography-database/COVID-19_Radiography_Dataset/Lung_Opacity/images/Lung_Opacity-1045.png,Lung_Opacity,Lung_Opacity,0.0004215327790006995,0.9991521835327148,0.00031843234319239855,0.00010779881995404139,0.6885868906974792,,
/kaggle/input/datasets/tawsifurrahman/covid19-radiography-database/COVID-19_Radiography_Dataset/Lung_Opacity/images/Lung_Opacity-1059.png,Lung_Opacity,Lung_Opacity,6.818978590672486e-07,0.9969370365142822,0.00011881310638273135,0.0029435751494020224,0.6223692297935486,,
/kaggle/input/datasets/tawsifurrahman/covid19-radiography-database/COVID-19_Radiography_Dataset/Lung_Opacity/images/Lung_Opacity-1063.png,Lung_Opacity,Lung_Opacity,3.585128069971688e-05,0.9996905326843262,0.00027361218235455453,3.352609567741638e-08,0.6710043549537659,,
/kaggle/input/datasets/tawsifurrahman/covid19-radiography-database/COVID-19_Radiography_Dataset/Lung_Opacity/images/Lung_Opacity-1066.png,Lung_Opacity,Lung_Opacity,1.7437959343169496e-07,0.99978107213974,0.00021793927589897066,8.401265176871675e-07,0.6719287037849426,,
/kaggle/input/datasets/tawsifurrahman/covid19-radiography-database/COVID-19_Radiography_Dataset/Lung_Opacity/images/Lung_Opacity-1079.png,Lung_Opacity,Lung_Opacity,3.4533754842414055e-06,0.9999295473098755,6.676649354631081e-05,2.5437316253373865e-07,0.5872429013252258,,
/kaggle/input/datasets/tawsifurrahman/covid19-radiography-database/COVID-19_Radiography_Dataset/Lung_Opacity/images/Lung_Opacity-1097.png,Lung_Opacity,Lung_Opacity,3.879632686221157e-07,0.9999967813491821,2.785448259601253e-06,1.0293791596893698e-08,0.6282927989959717,,
/kaggle/input/datasets/tawsifurrahman/covid19-radiography-database/COVID-19_Radiography_Dataset/Lung_Opacity/images/Lung_Opacity-11.png,Lung_Opacity,Normal,0.0008289652178063989,0.011865057982504368,0.9867907166481018,0.0005152903613634408,0.7100109457969666,,
/kaggle/input/datasets/tawsifurrahman/covid19-radiography-database/COVID-19_Radiography_Dataset/Lung_Opacity/images/Lung_Opacity-110.png,Lung_Opacity,Lung_Opacity,5.6294862588401884e-05,0.9998160004615784,0.00012769254681188613,2.180651570427017e-08,0.6600922346115112,,
/kaggle/input/datasets/tawsifurrahman/covid19-radiography-database/COVID-19_Radiography_Dataset/Lung_Opacity/images/Lung_Opacity-1112.png,Lung_Opacity,Lung_Opacity,2.651515842444496e-07,0.9978014826774597,0.002198257250711322,1.6813024306117086e-09,0.7344967126846313,,
/kaggle/input/datasets/tawsifurrahman/covid19-radiography-database/COVID-19_Radiography_Dataset/Lung_Opacity/images/Lung_Opacity-1120.png,Lung_Opacity,Lung_Opacity,0.00020304156350903213,0.9851371049880981,0.014659781008958817,6.560677690004013e-08,0.569514274597168,,
/kaggle/input/datasets/tawsifurrahman/covid19-radiography-database/COVID-19_Radiography_Dataset/Lung_Opacity/images/Lung_Opacity-1126.png,Lung_Opacity,Lung_Opacity,1.953097671503201e-05,0.9999569654464722,2.353024683543481e-05,1.8447106953090042e-08,0.5883664488792419,,
/kaggle/input/datasets/tawsifurrahman/covid19-radiography-database/COVID-19_Radiography_Dataset/Lung_Opacity/images/Lung_Opacity-113.png,Lung_Opacity,Lung_Opacity,1.2459270237741293e-07,0.9999679327011108,3.198168269591406e-05,1.7977065169816342e-08,0.5795944333076477,0.2715674936771393,0.2715674936771393
/kaggle/input/datasets/tawsifurrahman/covid19-radiography-database/COVID-19_Radiography_Dataset/Lung_Opacity/images/Lung_Opacity-1130.png,Lung_Opacity,Lung_Opacity,4.419575361680472e-06,0.9868642687797546,0.013124295510351658,6.93289257469587e-06,0.47695431113243103,0.13281801342964172,0.13281801342964172
/kaggle/input/datasets/tawsifurrahman/covid19-radiography-database/COVID-19_Radiography_Dataset/Lung_Opacity/images/Lung_Opacity-1138.png,Lung_Opacity,Lung_Opacity,1.0241903510177508e-05,0.9999867677688599,2.819310111590312e-06,5.968007599221892e-08,0.616162896156311,0.3936784863471985,0.3936784863471985
/kaggle/input/datasets/tawsifurrahman/covid19-radiography-database/COVID-19_Radiography_Dataset/Lung_Opacity/images/Lung_Opacity-1142.png,Lung_Opacity,Lung_Opacity,8.783211342233699e-06,0.9328568577766418,0.06712593138217926,8.426207386946771e-06,0.5039318203926086,,
/kaggle/input/datasets/tawsifurrahman/covid19-radiography-database/COVID-19_Radiography_Dataset/Lung_Opacity/images/Lung_Opacity-1147.png,Lung_Opacity,Lung_Opacity,6.3260617935156915e-06,0.9999772310256958,1.6414111087215133e-05,1.9587190536185517e-08,0.6167065501213074,,
/kaggle/input/datasets/tawsifurrahman/covid19-radiography-database/COVID-19_Radiography_Dataset/Lung_Opacity/images/Lung_Opacity-1155.png,Lung_Opacity,Lung_Opacity,1.781064747774508e-05,0.996881365776062,0.0031002010218799114,5.973696488581481e-07,0.6118369698524475,0.19694986939430237,0.19694986939430237
/kaggle/input/datasets/tawsifurrahman/covid19-radiography-database/COVID-19_Radiography_Dataset/Lung_Opacity/images/Lung_Opacity-1163.png,Lung_Opacity,Lung_Opacity,1.7622973246034235e-05,0.999722421169281,0.00025983527302742004,1.297155733936961e-07,0.54348224401474,0.25187966227531433,0.25187966227531433
/kaggle/input/datasets/tawsifurrahman/covid19-radiography-database/COVID-19_Radiography_Dataset/Lung_Opacity/images/Lung_Opacity-1172.png,Lung_Opacity,Lung_Opacity,1.0334061698813457e-05,0.999915361404419,7.412917329929769e-05,1.5700337030466471e-07,0.6130815148353577,,
/kaggle/input/datasets/tawsifurrahman/covid19-radiography-database/COVID-19_Radiography_Dataset/Lung_Opacity/images/Lung_Opacity-118.png,Lung_Opacity,Lung_Opacity,3.819413177552633e-05,0.9966239929199219,0.0033373883925378323,4.992510866941302e-07,0.6003478169441223,0.2507631182670593,0.2507631182670593
/kaggle/input/datasets/tawsifurrahman/covid19-radiography-database/COVID-19_Radiography_Dataset/Lung_Opacity/images/Lung_Opacity-1182.png,Lung_Opacity,Lung_Opacity,7.566887916254927e-07,0.9998577833175659,0.00014148031186778098,5.006874559398966e-08,0.6891528964042664,,
/kaggle/input/datasets/tawsifurrahman/covid19-radiography-database/COVID-19_Radiography_Dataset/Lung_Opacity/images/Lung_Opacity-1183.png,Lung_Opacity,Lung_Opacity,0.001329375896602869,0.9883008599281311,0.008732943795621395,0.0016368376091122627,0.6193426251411438,,
/kaggle/input/datasets/tawsifurrahman/covid19-radiography-database/COVID-19_Radiography_Dataset/Lung_Opacity/images/Lung_Opacity-1184.png,Lung_Opacity,Lung_Opacity,2.6641498607204994e-07,0.9999786615371704,1.2304315532674082e-05,8.819659342407249e-06,0.5302209258079529,0.23366667330265045,0.23366667330265045
/kaggle/input/datasets/tawsifurrahman/covid19-radiography-database/COVID-19_Radiography_Dataset/Lung_Opacity/images/Lung_Opacity-1207.png,Lung_Opacity,Lung_Opacity,0.00038862592191435397,0.9901312589645386,0.009479225613176823,7.710802947258344e-07,0.6096460223197937,,
/kaggle/input/datasets/tawsifurrahman/covid19-radiography-database/COVID-19_Radiography_Dataset/Lung_Opacity/images/Lung_Opacity-1212.png,Lung_Opacity,Normal,1.3314456737134606e-07,0.009201631881296635,0.9907982349395752,2.6831508126434755e-09,0.592003345489502,,
/kaggle/input/datasets/tawsifurrahman/covid19-radiography-database/COVID-19_Radiography_Dataset/Lung_Opacity/images/Lung_Opacity-1214.png,Lung_Opacity,Normal,0.001150107360444963,0.02638775110244751,0.9724621176719666,1.4726346808657809e-09,0.5776848196983337,0.17981207370758057,0.17981207370758057
/kaggle/input/datasets/tawsifurrahman/covid19-radiography-database/COVID-19_Radiography_Dataset/Lung_Opacity/images/Lung_Opacity-1218.png,Lung_Opacity,Lung_Opacity,2.740980107773794e-06,0.9992665648460388,0.0007261870778165758,4.498446742218221e-06,0.6479923129081726,,
/kaggle/input/datasets/tawsifurrahman/covid19-radiography-database/COVID-19_Radiography_Dataset/Lung_Opacity/images/Lung_Opacity-1222.png,Lung_Opacity,Lung_Opacity,8.729252840566915e-06,0.9997746348381042,0.00021662992367055267,2.981491675768666e-08,0.645507276058197,0.3725084364414215,0.3725084364414215
/kaggle/input/datasets/tawsifurrahman/covid19-radiography-database/COVID-19_Radiography_Dataset/Lung_Opacity/images/Lung_Opacity-1223.png,Lung_Opacity,Lung_Opacity,2.234597928918447e-08,0.9990730285644531,0.0009269579313695431,4.8029047405862e-08,0.612316370010376,0.2149779349565506,0.2149779349565506
/kaggle/input/datasets/tawsifurrahman/covid19-radiography-database/COVID-19_Radiography_Dataset/Lung_Opacity/images/Lung_Opacity-1226.png,Lung_Opacity,Lung_Opacity,6.44449482933851e-06,0.9548288583755493,0.04516470804810524,2.379751506964567e-08,0.6225264668464661,,
/kaggle/input/datasets/tawsifurrahman/covid19-radiography-database/COVID-19_Radiography_Dataset/Lung_Opacity/images/Lung_Opacity-1240.png,Lung_Opacity,Normal,0.001161749940365553,0.2783212661743164,0.7205154299736023,1.4941787185307476e-06,0.6589612364768982,,
/kaggle/input/datasets/tawsifurrahman/covid19-radiography-database/COVID-19_Radiography_Dataset/Lung_Opacity/images/Lung_Opacity-1241.png,Lung_Opacity,Lung_Opacity,2.1653993371728575e-06,0.9939350485801697,0.00606277072802186,1.3185743164001451e-08,0.5591577291488647,,
/kaggle/input/datasets/tawsifurrahman/covid19-radiography-database/COVID-19_Radiography_Dataset/Lung_Opacity/images/Lung_Opacity-1242.png,Lung_Opacity,Lung_Opacity,3.827820364676882e-06,0.9999904632568359,5.597763447440229e-06,1.2119613757022307e-07,0.7076176404953003,,
/kaggle/input/datasets/tawsifurrahman/covid19-radiography-database/COVID-19_Radiography_Dataset/Lung_Opacity/images/Lung_Opacity-1247.png,Lung_Opacity,Lung_Opacity,8.00538657586003e-08,0.9999796152114868,2.0255223716958426e-05,3.2035658570350733e-09,0.5925379991531372,,
/kaggle/input/datasets/tawsifurrahman/covid19-radiography-database/COVID-19_Radiography_Dataset/Lung_Opacity/images/Lung_Opacity-1249.png,Lung_Opacity,Lung_Opacity,1.8890331077159317e-08,0.9945967197418213,0.0054032159969210625,2.4034658707705603e-08,0.6299310326576233,,
/kaggle/input/datasets/tawsifurrahman/covid19-radiography-database/COVID-19_Radiography_Dataset/Lung_Opacity/images/Lung_Opacity-1253.png,Lung_Opacity,Lung_Opacity,4.070810609846376e-05,0.9985484480857849,0.0014108149334788322,4.213083926174477e-08,0.5575570464134216,,
/kaggle/input/datasets/tawsifurrahman/covid19-radiography-database/COVID-19_Radiography_Dataset/Lung_Opacity/images/Lung_Opacity-1254.png,Lung_Opacity,Lung_Opacity,3.885883415932767e-05,0.9105075597763062,0.08945361524820328,1.4210648657808633e-08,0.5748010873794556,,
/kaggle/input/datasets/tawsifurrahman/covid19-radiography-database/COVID-19_Radiography_Dataset/Lung_Opacity/images/Lung_Opacity-1257.png,Lung_Opacity,Lung_Opacity,0.0001781400351319462,0.999521017074585,0.0003005048492923379,4.144702927533217e-07,0.6423333287239075,,
/kaggle/input/datasets/tawsifurrahman/covid19-radiography-database/COVID-19_Radiography_Dataset/Lung_Opacity/images/Lung_Opacity-1273.png,Lung_Opacity,Normal,3.073197149205953e-05,0.35810598731040955,0.641863226890564,1.0795978000466278e-10,0.6754928231239319,,
/kaggle/input/datasets/tawsifurrahman/covid19-radiography-database/COVID-19_Radiography_Dataset/Lung_Opacity/images/Lung_Opacity-1277.png,Lung_Opacity,Lung_Opacity,4.5719766603724565e-06,0.9751165509223938,0.02487882412970066,1.537702942755459e-08,0.6490331888198853,0.23240959644317627,0.23240959644317627
/kaggle/input/datasets/tawsifurrahman/covid19-radiography-database/COVID-19_Radiography_Dataset/Lung_Opacity/images/Lung_Opacity-1281.png,Lung_Opacity,Lung_Opacity,1.2776896483046585e-06,0.9999984502792358,1.384902645895636e-07,1.7441601585233002e-07,0.6125157475471497,0.4437875747680664,0.4437875747680664
/kaggle/input/datasets/tawsifurrahman/covid19-radiography-database/COVID-19_Radiography_Dataset/Lung_Opacity/images/Lung_Opacity-1300.png,Lung_Opacity,Lung_Opacity,1.7672438161753234e-06,0.9996324777603149,0.0003654281026683748,3.9894467818157864e-07,0.6116200089454651,,
/kaggle/input/datasets/tawsifurrahman/covid19-radiography-database/COVID-19_Radiography_Dataset/Lung_Opacity/images/Lung_Opacity-1305.png,Lung_Opacity,Lung_Opacity,1.6129935147546348e-06,0.992597222328186,0.007401106879115105,4.9881219155167855e-09,0.5829195380210876,,
/kaggle/input/datasets/tawsifurrahman/covid19-radiography-database/COVID-19_Radiography_Dataset/Lung_Opacity/images/Lung_Opacity-133.png,Lung_Opacity,Lung_Opacity,4.985578925698064e-06,0.9999880790710449,6.982987997616874e-06,6.587905776456182e-09,0.6660504341125488,,
/kaggle/input/datasets/tawsifurrahman/covid19-radiography-database/COVID-19_Radiography_Dataset/Lung_Opacity/images/Lung_Opacity-1331.png,Lung_Opacity,Lung_Opacity,6.335096259135753e-06,0.9914400577545166,0.008552657440304756,9.20684044558584e-07,0.7028051018714905,0.39234623312950134,0.39234623312950134
/kaggle/input/datasets/tawsifurrahman/covid19-radiography-database/COVID-19_Radiography_Dataset/Lung_Opacity/images/Lung_Opacity-1346.png,Lung_Opacity,Lung_Opacity,3.176936297677457e-05,0.9939072728157043,0.006060993764549494,3.556438921137328e-09,0.598320484161377,0.2455069124698639,0.2455069124698639
/kaggle/input/datasets/tawsifurrahman/covid19-radiography-database/COVID-19_Radiography_Dataset/Lung_Opacity/images/Lung_Opacity-1349.png,Lung_Opacity,Lung_Opacity,0.005732426419854164,0.9700321555137634,0.00018188951071351767,0.024053502827882767,0.669413149356842,,
/kaggle/input/datasets/tawsifurrahman/covid19-radiography-database/COVID-19_Radiography_Dataset/Lung_Opacity/images/Lung_Opacity-1355.png,Lung_Opacity,Normal,2.8490653676271904e-06,0.2851575016975403,0.7148394584655762,2.918213510838541e-07,0.5390327572822571,0.21362748742103577,0.21362748742103577
/kaggle/input/datasets/tawsifurrahman/covid19-radiography-database/COVID-19_Radiography_Dataset/Lung_Opacity/images/Lung_Opacity-1364.png,Lung_Opacity,Lung_Opacity,0.002036934718489647,0.9974930286407471,5.609041181742214e-05,0.0004138797230552882,0.6851134896278381,,
/kaggle/input/datasets/tawsifurrahman/covid19-radiography-database/COVID-19_Radiography_Dataset/Lung_Opacity/images/Lung_Opacity-1379.png,Lung_Opacity,Lung_Opacity,1.953874743776396e-06,0.9959660768508911,0.004031979478895664,4.094725625236606e-08,0.5733857750892639,,
/kaggle/input/datasets/tawsifurrahman/covid19-radiography-database/COVID-19_Radiography_Dataset/Lung_Opacity/images/Lung_Opacity-1386.png,Lung_Opacity,Lung_Opacity,1.20764034363674e-05,0.9999873638153076,5.804589591207332e-07,1.3978217472399024e-09,0.6648999452590942,,
/kaggle/input/datasets/tawsifurrahman/covid19-radiography-database/COVID-19_Radiography_Dataset/Lung_Opacity/images/Lung_Opacity-140.png,Lung_Opacity,Lung_Opacity,1.0496892244304945e-08,0.9993402361869812,0.0006597507162950933,7.295443693600134e-10,0.6648851037025452,,
/kaggle/input/datasets/tawsifurrahman/covid19-radiography-database/COVID-19_Radiography_Dataset/Lung_Opacity/images/Lung_Opacity-1401.png,Lung_Opacity,Lung_Opacity,6.782795658466512e-09,0.999854564666748,0.0001454625598853454,2.3150659167470167e-09,0.6148685812950134,0.33273401856422424,0.33273401856422424
/kaggle/input/datasets/tawsifurrahman/covid19-radiography-database/COVID-19_Radiography_Dataset/Lung_Opacity/images/Lung_Opacity-1404.png,Lung_Opacity,Lung_Opacity,2.722886733863561e-07,0.9983100891113281,0.001689520082436502,8.25060837428282e-08,0.634555459022522,,
/kaggle/input/datasets/tawsifurrahman/covid19-radiography-database/COVID-19_Radiography_Dataset/Lung_Opacity/images/Lung_Opacity-1412.png,Lung_Opacity,Lung_Opacity,0.001958707580342889,0.9979610443115234,7.921904762042686e-05,1.0761742714748834e-06,0.6199307441711426,0.42924439907073975,0.42924439907073975
/kaggle/input/datasets/tawsifurrahman/covid19-radiography-database/COVID-19_Radiography_Dataset/Lung_Opacity/images/Lung_Opacity-1434.png,Lung_Opacity,Lung_Opacity,1.4800948520132806e-06,0.9988337159156799,0.0011648684740066528,9.616896862185698e-11,0.5414236783981323,,
/kaggle/input/datasets/tawsifurrahman/covid19-radiography-database/COVID-19_Radiography_Dataset/Lung_Opacity/images/Lung_Opacity-1439.png,Lung_Opacity,Lung_Opacity,1.8528346912294325e-10,0.9994276165962219,0.0005721766501665115,1.5329916891460016e-07,0.6097509264945984,,
/kaggle/input/datasets/tawsifurrahman/covid19-radiography-database/COVID-19_Radiography_Dataset/Lung_Opacity/images/Lung_Opacity-144.png,Lung_Opacity,Lung_Opacity,0.0011531965574249625,0.9987373948097229,9.224107634508982e-05,1.711629010969773e-05,0.7027994394302368,,
/kaggle/input/datasets/tawsifurrahman/covid19-radiography-database/COVID-19_Radiography_Dataset/Lung_Opacity/images/Lung_Opacity-1441.png,Lung_Opacity,Lung_Opacity,2.565328998116456e-07,0.9997723698616028,0.00022735893435310572,5.150964810241021e-08,0.5763064622879028,,
/kaggle/input/datasets/tawsifurrahman/covid19-radiography-database/COVID-19_Radiography_Dataset/Lung_Opacity/images/Lung_Opacity-1442.png,Lung_Opacity,Lung_Opacity,1.380664252792485e-05,0.9999849796295166,1.1792536724897218e-06,3.03826368508453e-08,0.5572618246078491,0.3611796498298645,0.3611796498298645
/kaggle/input/datasets/tawsifurrahman/covid19-radiography-database/COVID-19_Radiography_Dataset/Lung_Opacity/images/Lung_Opacity-1446.png,Lung_Opacity,Lung_Opacity,2.9250369237843188e-08,0.9999679327011108,3.202355946996249e-05,5.331370900307775e-09,0.5700132250785828,,
/kaggle/input/datasets/tawsifurrahman/covid19-radiography-database/COVID-19_Radiography_Dataset/Lung_Opacity/images/Lung_Opacity-1447.png,Lung_Opacity,Lung_Opacity,0.0008745539234951138,0.9989458918571472,0.00017941677651833743,1.4714228768752946e-07,0.5993450880050659,0.20808278024196625,0.20808278024196625
/kaggle/input/datasets/tawsifurrahman/covid19-radiography-database/COVID-19_Radiography_Dataset/Lung_Opacity/images/Lung_Opacity-1461.png,Lung_Opacity,Lung_Opacity,0.00034450460225343704,0.9954432249069214,0.004212132655084133,1.6460491281122813e-07,0.6322798728942871,,
/kaggle/input/datasets/tawsifurrahman/covid19-radiography-database/COVID-19_Radiography_Dataset/Lung_Opacity/images/Lung_Opacity-1464.png,Lung_Opacity,Lung_Opacity,0.0003653760359156877,0.9975484013557434,0.0020857949275523424,4.873494958701485e-07,0.6532255411148071,0.36741289496421814,0.36741289496421814
/kaggle/input/datasets/tawsifurrahman/covid19-radiography-database/COVID-19_Radiography_Dataset/Lung_Opacity/images/Lung_Opacity-1466.png,Lung_Opacity,Lung_Opacity,2.999300718897757e-08,0.9999105930328369,8.932896889746189e-05,5.364583000044831e-09,0.4292041063308716,,
/kaggle/input/datasets/tawsifurrahman/covid19-radiography-database/COVID-19_Radiography_Dataset/Lung_Opacity/images/Lung_Opacity-1467.png,Lung_Opacity,Lung_Opacity,6.524170999000489e-07,0.9999243021011353,7.500530045945197e-05,6.567500321352782e-09,0.6394051909446716,,
/kaggle/input/datasets/tawsifurrahman/covid19-radiography-database/COVID-19_Radiography_Dataset/Lung_Opacity/images/Lung_Opacity-1469.png,Lung_Opacity,Lung_Opacity,0.00021025318710599095,0.9889146685600281,0.010875057429075241,2.1333159683223357e-09,0.6257919669151306,0.2546026110649109,0.2546026110649109
/kaggle/input/datasets/tawsifurrahman/covid19-radiography-database/COVID-19_Radiography_Dataset/Lung_Opacity/images/Lung_Opacity-1513.png,Lung_Opacity,Lung_Opacity,1.3289954381434654e-07,0.9999983310699463,1.4857998849038268e-06,8.553024399837739e-10,0.6101275682449341,,
/kaggle/input/datasets/tawsifurrahman/covid19-radiography-database/COVID-19_Radiography_Dataset/Lung_Opacity/images/Lung_Opacity-1520.png,Lung_Opacity,Lung_Opacity,3.852155350614339e-05,0.8915897011756897,0.10837164521217346,1.050867268759248e-07,0.5497950315475464,,
/kaggle/input/datasets/tawsifurrahman/covid19-radiography-database/COVID-19_Radiography_Dataset/Lung_Opacity/images/Lung_Opacity-1523.png,Lung_Opacity,Lung_Opacity,9.812961252464447e-06,0.9999375343322754,5.263262937660329e-05,5.4812137051385434e-08,0.6990692615509033,,
/kaggle/input/datasets/tawsifurrahman/covid19-radiography-database/COVID-19_Radiography_Dataset/Lung_Opacity/images/Lung_Opacity-1524.png,Lung_Opacity,Lung_Opacity,3.4616793982422678e-06,0.9970959424972534,0.0029003615491092205,2.7677603497977543e-07,0.6308137774467468,,
/kaggle/input/datasets/tawsifurrahman/covid19-radiography-database/COVID-19_Radiography_Dataset/Lung_Opacity/images/Lung_Opacity-1529.png,Lung_Opacity,Lung_Opacity,1.425009122613119e-05,0.9995065927505493,0.0004780357994604856,1.0469434528204147e-06,0.6769406795501709,,
/kaggle/input/datasets/tawsifurrahman/covid19-radiography-database/COVID-19_Radiography_Dataset/Lung_Opacity/images/Lung_Opacity-1535.png,Lung_Opacity,Lung_Opacity,9.23192317259236e-07,0.9216583371162415,0.07830872386693954,3.192175063304603e-05,0.6038941740989685,0.17134538292884827,0.17134538292884827
/kaggle/input/datasets/tawsifurrahman/covid19-radiography-database/COVID-19_Radiography_Dataset/Lung_Opacity/images/Lung_Opacity-1540.png,Lung_Opacity,Lung_Opacity,9.797057282412425e-05,0.9788540601730347,0.02104376070201397,4.245999207341811e-06,0.6379179954528809,,
/kaggle/input/datasets/tawsifurrahman/covid19-radiography-database/COVID-19_Radiography_Dataset/Lung_Opacity/images/Lung_Opacity-1552.png,Lung_Opacity,Lung_Opacity,1.815274117689114e-05,0.9999675750732422,1.4062606169318315e-05,2.1998546628765325e-07,0.6127015352249146,0.32041770219802856,0.32041770219802856
/kaggle/input/datasets/tawsifurrahman/covid19-radiography-database/COVID-19_Radiography_Dataset/Lung_Opacity/images/Lung_Opacity-1556.png,Lung_Opacity,Lung_Opacity,2.1286306051138126e-09,0.9999215602874756,7.849004759918898e-05,5.0385184913182e-09,0.6050031781196594,,
/kaggle/input/datasets/tawsifurrahman/covid19-radiography-database/COVID-19_Radiography_Dataset/Lung_Opacity/images/Lung_Opacity-157.png,Lung_Opacity,Lung_Opacity,3.617563925217837e-05,0.9998804330825806,8.32729201647453e-05,1.0719013943116806e-07,0.5805546045303345,,
/kaggle/input/datasets/tawsifurrahman/covid19-radiography-database/COVID-19_Radiography_Dataset/Lung_Opacity/images/Lung_Opacity-1571.png,Lung_Opacity,Lung_Opacity,2.3943946871440858e-05,0.9997790455818176,0.00018988762167282403,7.116206234059064e-06,0.5763084888458252,0.3478141725063324,0.3478141725063324
/kaggle/input/datasets/tawsifurrahman/covid19-radiography-database/COVID-19_Radiography_Dataset/Lung_Opacity/images/Lung_Opacity-1579.png,Lung_Opacity,Normal,2.6117777451872826e-07,0.00200547743588686,0.997992992401123,1.315457325290481e-06,0.6026016473770142,,
/kaggle/input/datasets/tawsifurrahman/covid19-radiography-database/COVID-19_Radiography_Dataset/Lung_Opacity/images/Lung_Opacity-1583.png,Lung_Opacity,Lung_Opacity,6.413706432795152e-05,0.9994483590126038,0.00048421506653539836,3.2988129987643333e-06,0.6124002933502197,,
/kaggle/input/datasets/tawsifurrahman/covid19-radiography-database/COVID-19_Radiography_Dataset/Lung_Opacity/images/Lung_Opacity-1584.png,Lung_Opacity,Lung_Opacity,3.669231318781385e-07,0.9791414141654968,0.020858239382505417,6.6739667126114455e-09,0.6390049457550049,,
/kaggle/input/datasets/tawsifurrahman/covid19-radiography-database/COVID-19_Radiography_Dataset/Lung_Opacity/images/Lung_Opacity-159.png,Lung_Opacity,Normal,0.0008825857075862586,0.2340368926525116,0.7650402188301086,4.03277445002459e-05,0.6682802438735962,,
/kaggle/input/datasets/tawsifurrahman/covid19-radiography-database/COVID-19_Radiography_Dataset/Lung_Opacity/images/Lung_Opacity-1591.png,Lung_Opacity,Lung_Opacity,9.349847118755861e-07,0.7577921748161316,0.24220684170722961,3.6302452599557e-08,0.6264677047729492,0.1291782557964325,0.1291782557964325
/kaggle/input/datasets/tawsifurrahman/covid19-radiography-database/COVID-19_Radiography_Dataset/Lung_Opacity/images/Lung_Opacity-1599.png,Lung_Opacity,Lung_Opacity,4.21842560172081e-05,0.9990372657775879,0.0009203531662933528,2.5051429020095384e-07,0.5778939723968506,0.2500770390033722,0.2500770390033722
/kaggle/input/datasets/tawsifurrahman/covid19-radiography-database/COVID-19_Radiography_Dataset/Lung_Opacity/images/Lung_Opacity-16.png,Lung_Opacity,Lung_Opacity,0.0001605518045835197,0.9915205836296082,0.00831848755478859,3.6675444903266907e-07,0.6586645245552063,,
/kaggle/input/datasets/tawsifurrahman/covid19-radiography-database/COVID-19_Radiography_Dataset/Lung_Opacity/images/Lung_Opacity-1605.png,Lung_Opacity,Lung_Opacity,5.089974219885107e-09,0.9999980926513672,1.8072239527100464e-06,1.4258839087233355e-07,0.6497790813446045,,
/kaggle/input/datasets/tawsifurrahman/covid19-radiography-database/COVID-19_Radiography_Dataset/Lung_Opacity/images/Lung_Opacity-161.png,Lung_Opacity,Lung_Opacity,1.0332217243558262e-05,0.9987401366233826,0.0012494601542130113,8.867981904359112e-08,0.6780110597610474,,
/kaggle/input/datasets/tawsifurrahman/covid19-radiography-database/COVID-19_Radiography_Dataset/Lung_Opacity/images/Lung_Opacity-1619.png,Lung_Opacity,Lung_Opacity,0.006523409392684698,0.7301439046859741,0.26332661509513855,6.083037987991702e-06,0.5630272030830383,,
/kaggle/input/datasets/tawsifurrahman/covid19-radiography-database/COVID-19_Radiography_Dataset/Lung_Opacity/images/Lung_Opacity-1621.png,Lung_Opacity,Normal,0.00010180126992054284,0.10456162691116333,0.8952004909515381,0.00013608102744910866,0.6703397035598755,,
/kaggle/input/datasets/tawsifurrahman/covid19-radiography-database/COVID-19_Radiography_Dataset/Lung_Opacity/images/Lung_Opacity-1628.png,Lung_Opacity,Lung_Opacity,7.36021820557653e-06,0.930561363697052,0.069430872797966,2.8414825692379964e-07,0.6246941089630127,,
/kaggle/input/datasets/tawsifurrahman/covid19-radiography-database/COVID-19_Radiography_Dataset/Lung_Opacity/images/Lung_Opacity-1637.png,Lung_Opacity,Lung_Opacity,0.019336815923452377,0.7722609639167786,0.2083888202905655,1.3395969290286303e-05,0.568053662776947,,
/kaggle/input/datasets/tawsifurrahman/covid19-radiography-database/COVID-19_Radiography_Dataset/Lung_Opacity/images/Lung_Opacity-1647.png,Lung_Opacity,Lung_Opacity,3.5911773466068553e-06,0.9869036674499512,0.01300924364477396,8.349725976586342e-05,0.5487216711044312,,
/kaggle/input/datasets/tawsifurrahman/covid19-radiography-database/COVID-19_Radiography_Dataset/Lung_Opacity/images/Lung_Opacity-1648.png,Lung_Opacity,Lung_Opacity,2.3551963749923743e-05,0.9999734163284302,2.140686319762608e-06,8.878378139343113e-07,0.6585608720779419,,
/kaggle/input/datasets/tawsifurrahman/covid19-radiography-database/COVID-19_Radiography_Dataset/Lung_Opacity/images/Lung_Opacity-1651.png,Lung_Opacity,Lung_Opacity,2.1119646476108755e-07,0.9999891519546509,1.0601633221085649e-05,2.3794143738653517e-11,0.5989156365394592,,
/kaggle/input/datasets/tawsifurrahman/covid19-radiography-database/COVID-19_Radiography_Dataset/Lung_Opacity/images/Lung_Opacity-1664.png,Lung_Opacity,Lung_Opacity,5.985004349895462e-07,0.9999386072158813,6.07570145803038e-05,8.05200439657483e-09,0.61750727891922,,
/kaggle/input/datasets/tawsifurrahman/covid19-radiography-database/COVID-19_Radiography_Dataset/Lung_Opacity/images/Lung_Opacity-1685.png,Lung_Opacity,Lung_Opacity,1.9185023120371625e-05,0.9998844861984253,4.515663931670133e-07,9.581630729371682e-05,0.533936619758606,0.4141456186771393,0.4141456186771393
/kaggle/input/datasets/tawsifurrahman/covid19-radiography-database/COVID-19_Radiography_Dataset/Lung_Opacity/images/Lung_Opacity-1698.png,Lung_Opacity,Lung_Opacity,0.0003253227041568607,0.5347477197647095,0.46492651104927063,3.856512762467901e-07,0.6690896153450012,,
/kaggle/input/datasets/tawsifurrahman/covid19-radiography-database/COVID-19_Radiography_Dataset/Lung_Opacity/images/Lung_Opacity-17.png,Lung_Opacity,Lung_Opacity,6.495631055258855e-07,0.9997249245643616,0.00027438855613581836,1.679296168788369e-08,0.6264529228210449,0.30325445532798767,0.30325445532798767
/kaggle/input/datasets/tawsifurrahman/covid19-radiography-database/COVID-19_Radiography_Dataset/Lung_Opacity/images/Lung_Opacity-1720.png,Lung_Opacity,Lung_Opacity,3.3198379156829105e-08,0.9999955892562866,4.369566795503488e-06,5.4332897908440994e-14,0.5724623203277588,,
/kaggle/input/datasets/tawsifurrahman/covid19-radiography-database/COVID-19_Radiography_Dataset/Lung_Opacity/images/Lung_Opacity-1721.png,Lung_Opacity,Lung_Opacity,0.0018901400035247207,0.9981073141098022,2.501461494830437e-06,4.2712784420473326e-08,0.6498664617538452,,
/kaggle/input/datasets/tawsifurrahman/covid19-radiography-database/COVID-19_Radiography_Dataset/Lung_Opacity/images/Lung_Opacity-1726.png,Lung_Opacity,Lung_Opacity,2.7595915526035242e-05,0.9998236298561096,0.00013014550495427102,1.8730561350821517e-05,0.6605414152145386,,
/kaggle/input/datasets/tawsifurrahman/covid19-radiography-database/COVID-19_Radiography_Dataset/Lung_Opacity/images/Lung_Opacity-1733.png,Lung_Opacity,Lung_Opacity,9.403296985510678e-07,0.9989094734191895,0.0010877760360017419,1.797861955310509e-06,0.6857987642288208,,
/kaggle/input/datasets/tawsifurrahman/covid19-radiography-database/COVID-19_Radiography_Dataset/Lung_Opacity/images/Lung_Opacity-1734.png,Lung_Opacity,Lung_Opacity,2.1537505290325498e-07,0.9967585206031799,0.003241154132410884,7.947399183194648e-08,0.6196430325508118,,
/kaggle/input/datasets/tawsifurrahman/covid19-radiography-database/COVID-19_Radiography_Dataset/Lung_Opacity/images/Lung_Opacity-1739.png,Lung_Opacity,Lung_Opacity,1.5893067029537633e-05,0.9999767541885376,7.259235189849278e-06,8.693255182379289e-08,0.5517110228538513,0.3125602602958679,0.3125602602958679
/kaggle/input/datasets/tawsifurrahman/covid19-radiography-database/COVID-19_Radiography_Dataset/Lung_Opacity/images/Lung_Opacity-1742.png,Lung_Opacity,Lung_Opacity,3.5938111977884546e-05,0.9606721997261047,0.03929188475012779,4.194327996032143e-09,0.5410306453704834,,
/kaggle/input/datasets/tawsifurrahman/covid19-radiography-database/COVID-19_Radiography_Dataset/Lung_Opacity/images/Lung_Opacity-1745.png,Lung_Opacity,Lung_Opacity,1.2710820556094404e-05,0.9991773962974548,0.0006162058562040329,0.00019369465007912368,0.6017436385154724,,
/kaggle/input/datasets/tawsifurrahman/covid19-radiography-database/COVID-19_Radiography_Dataset/Lung_Opacity/images/Lung_Opacity-1755.png,Lung_Opacity,Lung_Opacity,0.0356312058866024,0.9639644026756287,0.0004043351218570024,1.2314042407979287e-07,0.7259743213653564,,
/kaggle/input/datasets/tawsifurrahman/covid19-radiography-database/COVID-19_Radiography_Dataset/Lung_Opacity/images/Lung_Opacity-1781.png,Lung_Opacity,Lung_Opacity,6.67017502564704e-07,0.9350048303604126,0.06498906016349792,5.4683150665368885e-06,0.5202510356903076,0.1655401736497879,0.1655401736497879
/kaggle/input/datasets/tawsifurrahman/covid19-radiography-database/COVID-19_Radiography_Dataset/Lung_Opacity/images/Lung_Opacity-1782.png,Lung_Opacity,Lung_Opacity,6.784962351957802e-06,0.9983532428741455,0.0016399562591686845,3.0641464920933004e-09,0.5521436929702759,,
/kaggle/input/datasets/tawsifurrahman/covid19-radiography-database/COVID-19_Radiography_Dataset/Lung_Opacity/images/Lung_Opacity-1785.png,Lung_Opacity,Lung_Opacity,5.361516014090739e-05,0.9945204854011536,0.005420237313956022,5.655638233292848e-06,0.3991950452327728,0.1044914647936821,0.1044914647936821
/kaggle/input/datasets/tawsifurrahman/covid19-radiography-database/COVID-19_Radiography_Dataset/Lung_Opacity/images/Lung_Opacity-1795.png,Lung_Opacity,Normal,0.0023652014788240194,0.006340297870337963,0.9912944436073303,4.7357264776337615e-08,0.6076912879943848,,
/kaggle/input/datasets/tawsifurrahman/covid19-radiography-database/COVID-19_Radiography_Dataset/Lung_Opacity/images/Lung_Opacity-1798.png,Lung_Opacity,Lung_Opacity,1.1348631687724264e-06,0.9999988079071045,7.346353214643386e-08,1.690355766470475e-08,0.6103568077087402,0.39276835322380066,0.39276835322380066
/kaggle/input/datasets/tawsifurrahman/covid19-radiography-database/COVID-19_Radiography_Dataset/Lung_Opacity/images/Lung_Opacity-1799.png,Lung_Opacity,Lung_Opacity,2.106249619160394e-10,0.999903678894043,9.633777517592534e-05,2.249212016636193e-08,0.5274607539176941,,
/kaggle/input/datasets/tawsifurrahman/covid19-radiography-database/COVID-19_Radiography_Dataset/Lung_Opacity/images/Lung_Opacity-180.png,Lung_Opacity,Lung_Opacity,0.0011950737098231912,0.5812295079231262,0.4175753593444824,7.600296214604896e-08,0.6789980530738831,,
/kaggle/input/datasets/tawsifurrahman/covid19-radiography-database/COVID-19_Radiography_Dataset/Lung_Opacity/images/Lung_Opacity-1800.png,Lung_Opacity,Lung_Opacity,6.111049879109487e-05,0.9999376535415649,1.270869915970252e-06,1.022804618777684e-09,0.6613843441009521,,
/kaggle/input/datasets/tawsifurrahman/covid19-radiography-database/COVID-19_Radiography_Dataset/Lung_Opacity/images/Lung_Opacity-1805.png,Lung_Opacity,Lung_Opacity,6.648609269177541e-05,0.9998599290847778,7.00790697010234e-05,3.4978938856511377e-06,0.674324095249176,0.4139811396598816,0.4139811396598816
/kaggle/input/datasets/tawsifurrahman/covid19-radiography-database/COVID-19_Radiography_Dataset/Lung_Opacity/images/Lung_Opacity-1806.png,Lung_Opacity,Lung_Opacity,1.210447953781113e-05,0.9993847608566284,0.00010940404899884015,0.0004936802433803678,0.6670728921890259,,
/kaggle/input/datasets/tawsifurrahman/covid19-radiography-database/COVID-19_Radiography_Dataset/Lung_Opacity/images/Lung_Opacity-1811.png,Lung_Opacity,Lung_Opacity,7.519596692873165e-06,0.9999879598617554,4.5554188545793295e-06,8.91253382206969e-09,0.5964171886444092,,
/kaggle/input/datasets/tawsifurrahman/covid19-radiography-database/COVID-19_Radiography_Dataset/Lung_Opacity/images/Lung_Opacity-182.png,Lung_Opacity,Lung_Opacity,1.0170520909014158e-05,0.9971281886100769,0.002861369401216507,2.935652219093754e-07,0.514624297618866,,
/kaggle/input/datasets/tawsifurrahman/covid19-radiography-database/COVID-19_Radiography_Dataset/Lung_Opacity/images/Lung_Opacity-1822.png,Lung_Opacity,Lung_Opacity,0.00045180751476436853,0.9992272853851318,0.00032077895593829453,8.869261591826216e-08,0.6946588754653931,0.5359663367271423,0.5359663367271423
/kaggle/input/datasets/tawsifurrahman/covid19-radiography-database/COVID-19_Radiography_Dataset/Lung_Opacity/images/Lung_Opacity-1824.png,Lung_Opacity,Normal,8.14655152225896e-07,0.0038244768511503935,0.996174693107605,2.9584168448337778e-09,0.6100756525993347,,
/kaggle/input/datasets/tawsifurrahman/covid19-radiography-database/COVID-19_Radiography_Dataset/Lung_Opacity/images/Lung_Opacity-1826.png,Lung_Opacity,Lung_Opacity,5.620995580102317e-08,0.9997405409812927,0.00025940025807358325,1.075153654994665e-08,0.7213005423545837,,
/kaggle/input/datasets/tawsifurrahman/covid19-radiography-database/COVID-19_Radiography_Dataset/Lung_Opacity/images/Lung_Opacity-1829.png,Lung_Opacity,Lung_Opacity,0.00011510056356200948,0.9991397857666016,0.0007448483374901116,2.1612731870845892e-07,0.7227691411972046,,
/kaggle/input/datasets/tawsifurrahman/covid19-radiography-database/COVID-19_Radiography_Dataset/Lung_Opacity/images/Lung_Opacity-1831.png,Lung_Opacity,Lung_Opacity,3.4332020732108504e-05,0.9906372427940369,0.00932836253196001,8.771473858359968e-08,0.7099676728248596,0.4079364240169525,0.4079364240169525
/kaggle/input/datasets/tawsifurrahman/covid19-radiography-database/COVID-19_Radiography_Dataset/Lung_Opacity/images/Lung_Opacity-1834.png,Lung_Opacity,Lung_Opacity,4.6351459559446084e-07,0.9998539686203003,0.00013874383876100183,6.80729726809659e-06,0.4258198142051697,0.24463054537773132,0.24463054537773132
/kaggle/input/datasets/tawsifurrahman/covid19-radiography-database/COVID-19_Radiography_Dataset/Lung_Opacity/images/Lung_Opacity-1835.png,Lung_Opacity,Normal,7.135819259929121e-07,0.032037317752838135,0.9679611921310425,8.188266633624153e-07,0.6939350366592407,,
/kaggle/input/datasets/tawsifurrahman/covid19-radiography-database/COVID-19_Radiography_Dataset/Lung_Opacity/images/Lung_Opacity-1848.png,Lung_Opacity,Lung_Opacity,0.00021570360695477575,0.9835216999053955,0.016127554699778557,0.0001350098755210638,0.6378015279769897,0.2505115568637848,0.2505115568637848
/kaggle/input/datasets/tawsifurrahman/covid19-radiography-database/COVID-19_Radiography_Dataset/Lung_Opacity/images/Lung_Opacity-1853.png,Lung_Opacity,Lung_Opacity,2.4325390768353827e-06,0.9992846846580505,0.0007129284786060452,1.4337696363497798e-08,0.6883938908576965,,
/kaggle/input/datasets/tawsifurrahman/covid19-radiography-database/COVID-19_Radiography_Dataset/Lung_Opacity/images/Lung_Opacity-1858.png,Lung_Opacity,Lung_Opacity,7.260851475621166e-08,0.9999419450759888,5.668144513037987e-05,1.353500579170941e-06,0.5461299419403076,,
/kaggle/input/datasets/tawsifurrahman/covid19-radiography-database/COVID-19_Radiography_Dataset/Lung_Opacity/images/Lung_Opacity-1864.png,Lung_Opacity,Lung_Opacity,3.632973630374181e-06,0.998866081237793,0.0011286248918622732,1.6711209127606708e-06,0.5373792052268982,,
/kaggle/input/datasets/tawsifurrahman/covid19-radiography-database/COVID-19_Radiography_Dataset/Lung_Opacity/images/Lung_Opacity-1871.png,Lung_Opacity,Lung_Opacity,3.622376652856474e-06,0.9999878406524658,8.580598660046235e-06,1.020730167056172e-08,0.5897505283355713,0.3484322130680084,0.3484322130680084
/kaggle/input/datasets/tawsifurrahman/covid19-radiography-database/COVID-19_Radiography_Dataset/Lung_Opacity/images/Lung_Opacity-1878.png,Lung_Opacity,Lung_Opacity,0.0027268342673778534,0.9537249803543091,0.04354793578386307,2.6632019967109954e-07,0.6202488541603088,,
/kaggle/input/datasets/tawsifurrahman/covid19-radiography-database/COVID-19_Radiography_Dataset/Lung_Opacity/images/Lung_Opacity-1879.png,Lung_Opacity,Lung_Opacity,3.4053488917606956e-08,0.9999161958694458,8.351934957318008e-05,2.1890187440476438e-07,0.6332608461380005,,
/kaggle/input/datasets/tawsifurrahman/covid19-radiography-database/COVID-19_Radiography_Dataset/Lung_Opacity/images/Lung_Opacity-188.png,Lung_Opacity,Lung_Opacity,2.5728380933287553e-05,0.9965023994445801,0.0034423586912453175,2.9464643375831656e-05,0.5966512560844421,,
/kaggle/input/datasets/tawsifurrahman/covid19-radiography-database/COVID-19_Radiography_Dataset/Lung_Opacity/images/Lung_Opacity-1884.png,Lung_Opacity,Lung_Opacity,1.5525808976235567e-06,0.9986365437507629,0.0013615989591926336,1.979780392957764e-07,0.6137410402297974,,
/kaggle/input/datasets/tawsifurrahman/covid19-radiography-database/COVID-19_Radiography_Dataset/Lung_Opacity/images/Lung_Opacity-1886.png,Lung_Opacity,Lung_Opacity,0.00012997649901080877,0.9998458623886108,2.304395820829086e-05,1.0476454690433457e-06,0.62629634141922,,
/kaggle/input/datasets/tawsifurrahman/covid19-radiography-database/COVID-19_Radiography_Dataset/Lung_Opacity/images/Lung_Opacity-1890.png,Lung_Opacity,Lung_Opacity,0.0017194284591823816,0.9978873133659363,0.00039022689452394843,2.9882148737669922e-06,0.586383581161499,,
/kaggle/input/datasets/tawsifurrahman/covid19-radiography-database/COVID-19_Radiography_Dataset/Lung_Opacity/images/Lung_Opacity-1891.png,Lung_Opacity,Lung_Opacity,5.630103032672196e-07,0.999995231628418,4.182846168987453e-06,3.936182579877823e-08,0.6545788049697876,,
/kaggle/input/datasets/tawsifurrahman/covid19-radiography-database/COVID-19_Radiography_Dataset/Lung_Opacity/images/Lung_Opacity-1892.png,Lung_Opacity,Lung_Opacity,2.4011670873846924e-08,0.9999290704727173,6.958071026019752e-05,1.3380398513618275e-06,0.4301925003528595,,
/kaggle/input/datasets/tawsifurrahman/covid19-radiography-database/COVID-19_Radiography_Dataset/Lung_Opacity/images/Lung_Opacity-190.png,Lung_Opacity,Lung_Opacity,1.9974195311078802e-05,0.9998306035995483,0.000149377912748605,7.207994645597182e-09,0.5862889885902405,,
/kaggle/input/datasets/tawsifurrahman/covid19-radiography-database/COVID-19_Radiography_Dataset/Lung_Opacity/images/Lung_Opacity-1913.png,Lung_Opacity,Lung_Opacity,1.9001307009602897e-05,0.5806232690811157,0.41935646533966064,1.2233938377903542e-06,0.5309973359107971,,
/kaggle/input/datasets/tawsifurrahman/covid19-radiography-database/COVID-19_Radiography_Dataset/Lung_Opacity/images/Lung_Opacity-1924.png,Lung_Opacity,Lung_Opacity,9.653718961999402e-07,0.9875237941741943,0.01247500255703926,2.1201068989284977e-07,0.6438040137290955,,
/kaggle/input/datasets/tawsifurrahman/covid19-radiography-database/COVID-19_Radiography_Dataset/Lung_Opacity/images/Lung_Opacity-1945.png,Lung_Opacity,Normal,0.009318805299699306,0.37776848673820496,0.6129060983657837,6.60631758364616e-06,0.6779647469520569,0.19524934887886047,0.19524934887886047
/kaggle/input/datasets/tawsifurrahman/covid19-radiography-database/COVID-19_Radiography_Dataset/Lung_Opacity/images/Lung_Opacity-1957.png,Lung_Opacity,Lung_Opacity,5.136755021339923e-07,0.9979070425033569,0.0020925155840814114,4.373507334065607e-09,0.6660135388374329,,
/kaggle/input/datasets/tawsifurrahman/covid19-radiography-database/COVID-19_Radiography_Dataset/Lung_Opacity/images/Lung_Opacity-196.png,Lung_Opacity,Lung_Opacity,0.03366914764046669,0.9654103517532349,0.0009102285839617252,1.0251322237309068e-05,0.5067487955093384,,
/kaggle/input/datasets/tawsifurrahman/covid19-radiography-database/COVID-19_Radiography_Dataset/Lung_Opacity/images/Lung_Opacity-1964.png,Lung_Opacity,Lung_Opacity,6.399008998414502e-05,0.9993858337402344,0.0005497927777469158,3.0593960786973184e-07,0.4992212951183319,0.2995418608188629,0.2995418608188629
/kaggle/input/datasets/tawsifurrahman/covid19-radiography-database/COVID-19_Radiography_Dataset/Lung_Opacity/images/Lung_Opacity-1974.png,Lung_Opacity,Lung_Opacity,8.009632438188419e-06,0.9989252686500549,0.0010666904272511601,3.1641434361517895e-08,0.5448383688926697,,
/kaggle/input/datasets/tawsifurrahman/covid19-radiography-database/COVID-19_Radiography_Dataset/Lung_Opacity/images/Lung_Opacity-1979.png,Lung_Opacity,Lung_Opacity,6.442172661991208e-07,0.9999486207962036,5.050134132034145e-05,2.436945862882567e-07,0.5977123379707336,,
/kaggle/input/datasets/tawsifurrahman/covid19-radiography-database/COVID-19_Radiography_Dataset/Lung_Opacity/images/Lung_Opacity-1981.png,Lung_Opacity,Lung_Opacity,5.506894495965753e-08,0.7199665307998657,0.2800333499908447,5.073352937756681e-08,0.5435450077056885,,
/kaggle/input/datasets/tawsifurrahman/covid19-radiography-database/COVID-19_Radiography_Dataset/Lung_Opacity/images/Lung_Opacity-1986.png,Lung_Opacity,Lung_Opacity,3.5120199299853994e-06,0.9999439716339111,5.251990296528675e-05,2.678570920622292e-09,0.5694893598556519,,
/kaggle/input/datasets/tawsifurrahman/covid19-radiography-database/COVID-19_Radiography_Dataset/Lung_Opacity/images/Lung_Opacity-1989.png,Lung_Opacity,Lung_Opacity,0.0005086750607006252,0.9986048340797424,0.0008652202668599784,2.1284749891492538e-05,0.5026023387908936,0.24175310134887695,0.24175310134887695
/kaggle/input/datasets/tawsifurrahman/covid19-radiography-database/COVID-19_Radiography_Dataset/Lung_Opacity/images/Lung_Opacity-1991.png,Lung_Opacity,Lung_Opacity,0.0011185463517904282,0.9951323866844177,0.0037488825619220734,1.4693914351937565e-07,0.6094785332679749,0.33895421028137207,0.33895421028137207
/kaggle/input/datasets/tawsifurrahman/covid19-radiography-database/COVID-19_Radiography_Dataset/Lung_Opacity/images/Lung_Opacity-1994.png,Lung_Opacity,Lung_Opacity,0.0020516563672572374,0.997641921043396,0.00030647055245935917,5.179037287916799e-08,0.38582974672317505,,
/kaggle/input/datasets/tawsifurrahman/covid19-radiography-database/COVID-19_Radiography_Dataset/Lung_Opacity/images/Lung_Opacity-1995.png,Lung_Opacity,Lung_Opacity,1.057083863997832e-05,0.7305847406387329,0.26939019560813904,1.4531121451000217e-05,0.6571983098983765,0.21715766191482544,0.21715766191482544
/kaggle/input/datasets/tawsifurrahman/covid19-radiography-database/COVID-19_Radiography_Dataset/Lung_Opacity/images/Lung_Opacity-2000.png,Lung_Opacity,Lung_Opacity,6.512734671559883e-06,0.9506573677062988,0.049336083233356476,1.4987612928507588e-07,0.5550870895385742,,
/kaggle/input/datasets/tawsifurrahman/covid19-radiography-database/COVID-19_Radiography_Dataset/Lung_Opacity/images/Lung_Opacity-2002.png,Lung_Opacity,Lung_Opacity,2.9434925181703875e-06,0.9969448447227478,0.0030405011493712664,1.1699515198415611e-05,0.5861411690711975,0.25199899077415466,0.25199899077415466
/kaggle/input/datasets/tawsifurrahman/covid19-radiography-database/COVID-19_Radiography_Dataset/Lung_Opacity/images/Lung_Opacity-201.png,Lung_Opacity,Lung_Opacity,4.830367106478661e-05,0.9999499320983887,1.7283713305005222e-06,1.033142815742849e-08,0.6666949391365051,,
/kaggle/input/datasets/tawsifurrahman/covid19-radiography-database/COVID-19_Radiography_Dataset/Lung_Opacity/images/Lung_Opacity-2017.png,Lung_Opacity,Lung_Opacity,3.1092215522221522e-06,0.9999884366989136,8.507222446496598e-06,5.7863207558739305e-08,0.5846365094184875,0.33503246307373047,0.33503246307373047
/kaggle/input/datasets/tawsifurrahman/covid19-radiography-database/COVID-19_Radiography_Dataset/Lung_Opacity/images/Lung_Opacity-2019.png,Lung_Opacity,Lung_Opacity,9.197825420415029e-06,0.9998062252998352,0.00018461151921655983,1.531001159182921e-10,0.6704362034797668,,
/kaggle/input/datasets/tawsifurrahman/covid19-radiography-database/COVID-19_Radiography_Dataset/Lung_Opacity/images/Lung_Opacity-2025.png,Lung_Opacity,Lung_Opacity,1.9178492038918193e-07,0.9982666969299316,0.0017331349663436413,6.1833776987541e-10,0.6149742603302002,0.25757062435150146,0.25757062435150146
/kaggle/input/datasets/tawsifurrahman/covid19-radiography-database/COVID-19_Radiography_Dataset/Lung_Opacity/images/Lung_Opacity-2034.png,Lung_Opacity,Lung_Opacity,1.750122535781884e-08,0.9991185069084167,0.000881441927049309,5.858456830765135e-08,0.6020687818527222,,
/kaggle/input/datasets/tawsifurrahman/covid19-radiography-database/COVID-19_Radiography_Dataset/Lung_Opacity/images/Lung_Opacity-2079.png,Lung_Opacity,Lung_Opacity,8.378422933219554e-08,0.9999828338623047,1.6724605302442797e-05,3.0414443585868867e-07,0.498073011636734,,
/kaggle/input/datasets/tawsifurrahman/covid19-radiography-database/COVID-19_Radiography_Dataset/Lung_Opacity/images/Lung_Opacity-2093.png,Lung_Opacity,Lung_Opacity,4.1432313082623295e-06,0.9993754029273987,0.0006203496013768017,6.280146891413096e-08,0.5732712745666504,,
/kaggle/input/datasets/tawsifurrahman/covid19-radiography-database/COVID-19_Radiography_Dataset/Lung_Opacity/images/Lung_Opacity-2104.png,Lung_Opacity,Lung_Opacity,9.928186773322523e-05,0.9098609089851379,0.09003886580467224,9.68952690527658e-07,0.5543164610862732,,
/kaggle/input/datasets/tawsifurrahman/covid19-radiography-database/COVID-19_Radiography_Dataset/Lung_Opacity/images/Lung_Opacity-2105.png,Lung_Opacity,Lung_Opacity,9.555074939271435e-05,0.9799361228942871,0.019964640960097313,3.5671500882017426e-06,0.6577603816986084,0.27384793758392334,0.27384793758392334
/kaggle/input/datasets/tawsifurrahman/covid19-radiography-database/COVID-19_Radiography_Dataset/Lung_Opacity/images/Lung_Opacity-2107.png,Lung_Opacity,Lung_Opacity,3.0534391015635265e-08,0.9999204874038696,7.946563709992915e-05,1.7804905327878373e-09,0.56196129322052,,
/kaggle/input/datasets/tawsifurrahman/covid19-radiography-database/COVID-19_Radiography_Dataset/Lung_Opacity/images/Lung_Opacity-2109.png,Lung_Opacity,Lung_Opacity,3.2031852015279583e-07,0.9999990463256836,4.089730225587118e-07,1.873440140798266e-07,0.6849725842475891,,
/kaggle/input/datasets/tawsifurrahman/covid19-radiography-database/COVID-19_Radiography_Dataset/Lung_Opacity/images/Lung_Opacity-2130.png,Lung_Opacity,Lung_Opacity,3.2608383548904385e-08,0.9989769458770752,0.0010230467887595296,2.4182660318672333e-09,0.6016535758972168,,
/kaggle/input/datasets/tawsifurrahman/covid19-radiography-database/COVID-19_Radiography_Dataset/Lung_Opacity/images/Lung_Opacity-2132.png,Lung_Opacity,Lung_Opacity,5.507608875632286e-07,0.9999727010726929,2.6452729798620567e-05,2.9562033887486905e-07,0.5703322291374207,,
/kaggle/input/datasets/tawsifurrahman/covid19-radiography-database/COVID-19_Radiography_Dataset/Lung_Opacity/images/Lung_Opacity-2134.png,Lung_Opacity,Lung_Opacity,3.422504505579127e-06,0.9967659711837769,0.003130891127511859,9.969996608560905e-05,0.4685139060020447,,
/kaggle/input/datasets/tawsifurrahman/covid19-radiography-database/COVID-19_Radiography_Dataset/Lung_Opacity/images/Lung_Opacity-2136.png,Lung_Opacity,Lung_Opacity,1.496038848358694e-08,0.9999299049377441,7.002892380114645e-05,1.0397261940298108e-09,0.524848461151123,0.21022358536720276,0.21022358536720276
/kaggle/input/datasets/tawsifurrahman/covid19-radiography-database/COVID-19_Radiography_Dataset/Lung_Opacity/images/Lung_Opacity-2140.png,Lung_Opacity,Lung_Opacity,9.47331227507675e-06,0.9999626874923706,2.762513940979261e-05,2.0510961462605337e-07,0.5497693419456482,0.32011720538139343,0.32011720538139343
/kaggle/input/datasets/tawsifurrahman/covid19-radiography-database/COVID-19_Radiography_Dataset/Lung_Opacity/images/Lung_Opacity-2144.png,Lung_Opacity,Lung_Opacity,1.0803762329203437e-08,0.9998540878295898,0.00014585352619178593,2.9143396584885295e-09,0.5120043158531189,,
/kaggle/input/datasets/tawsifurrahman/covid19-radiography-database/COVID-19_Radiography_Dataset/Lung_Opacity/images/Lung_Opacity-2146.png,Lung_Opacity,Normal,9.144378054770641e-07,0.05526064708828926,0.9447376132011414,8.444376931038278e-07,0.5692427158355713,,
/kaggle/input/datasets/tawsifurrahman/covid19-radiography-database/COVID-19_Radiography_Dataset/Lung_Opacity/images/Lung_Opacity-215.png,Lung_Opacity,Normal,2.3999918994377367e-06,0.0005362053634598851,0.9994614720344543,4.073674991084131e-12,0.6847368478775024,,
/kaggle/input/datasets/tawsifurrahman/covid19-radiography-database/COVID-19_Radiography_Dataset/Lung_Opacity/images/Lung_Opacity-2158.png,Lung_Opacity,Lung_Opacity,4.4836659071734175e-05,0.9999361038208008,1.747894384607207e-05,1.5723850310678245e-06,0.6861251592636108,0.42403343319892883,0.42403343319892883
/kaggle/input/datasets/tawsifurrahman/covid19-radiography-database/COVID-19_Radiography_Dataset/Lung_Opacity/images/Lung_Opacity-2165.png,Lung_Opacity,Lung_Opacity,5.270729275252961e-07,0.9811464548110962,0.018853066489100456,2.5728756014586907e-08,0.6371666193008423,0.3542494773864746,0.3542494773864746
/kaggle/input/datasets/tawsifurrahman/covid19-radiography-database/COVID-19_Radiography_Dataset/Lung_Opacity/images/Lung_Opacity-2173.png,Lung_Opacity,Lung_Opacity,8.80948107351287e-07,0.9999927282333374,6.334847512334818e-06,5.761363053302659e-10,0.5016878247261047,,
/kaggle/input/datasets/tawsifurrahman/covid19-radiography-database/COVID-19_Radiography_Dataset/Lung_Opacity/images/Lung_Opacity-2174.png,Lung_Opacity,Lung_Opacity,8.973298463388346e-06,0.9999872446060181,3.7982583762641298e-06,2.1934049021510305e-10,0.6431512832641602,,
/kaggle/input/datasets/tawsifurrahman/covid19-radiography-database/COVID-19_Radiography_Dataset/Lung_Opacity/images/Lung_Opacity-2175.png,Lung_Opacity,Lung_Opacity,1.4396270842098602e-07,0.999970555305481,2.8989530619583093e-05,2.9911350907241285e-07,0.5485499501228333,,
/kaggle/input/datasets/tawsifurrahman/covid19-radiography-database/COVID-19_Radiography_Dataset/Lung_Opacity/images/Lung_Opacity-2179.png,Lung_Opacity,Lung_Opacity,0.00020190831855870783,0.9912073016166687,0.008590717799961567,6.060031410015654e-08,0.5732505917549133,0.26124832034111023,0.26124832034111023
/kaggle/input/datasets/tawsifurrahman/covid19-radiography-database/COVID-19_Radiography_Dataset/Lung_Opacity/images/Lung_Opacity-2183.png,Lung_Opacity,Lung_Opacity,4.740304260231198e-10,0.9749698042869568,0.025030210614204407,6.074366010189181e-10,0.6741923093795776,,
/kaggle/input/datasets/tawsifurrahman/covid19-radiography-database/COVID-19_Radiography_Dataset/Lung_Opacity/images/Lung_Opacity-2186.png,Lung_Opacity,Lung_Opacity,2.487887797997246e-07,0.9984577894210815,0.0015407607425004244,1.2288936659388128e-06,0.6595267057418823,0.2650187611579895,0.2650187611579895
/kaggle/input/datasets/tawsifurrahman/covid19-radiography-database/COVID-19_Radiography_Dataset/Lung_Opacity/images/Lung_Opacity-2191.png,Lung_Opacity,Lung_Opacity,7.65138111091801e-07,0.9999146461486816,8.379869541386142e-05,8.30115652661334e-07,0.6904782652854919,0.40084108710289,0.40084108710289
/kaggle/input/datasets/tawsifurrahman/covid19-radiography-database/COVID-19_Radiography_Dataset/Lung_Opacity/images/Lung_Opacity-2193.png,Lung_Opacity,Lung_Opacity,0.00038052035961300135,0.9993984699249268,0.00022080955386627465,2.91254764306359e-07,0.4302271008491516,0.17700912058353424,0.17700912058353424
/kaggle/input/datasets/tawsifurrahman/covid19-radiography-database/COVID-19_Radiography_Dataset/Lung_Opacity/images/Lung_Opacity-2208.png,Lung_Opacity,Normal,0.00025781578733585775,0.3971675932407379,0.5582524538040161,0.04432216286659241,0.6458073854446411,,
/kaggle/input/datasets/tawsifurrahman/covid19-radiography-database/COVID-19_Radiography_Dataset/Lung_Opacity/images/Lung_Opacity-222.png,Lung_Opacity,Lung_Opacity,0.00014217638818081468,0.9990679621696472,0.0007864356739446521,3.4357747153990204e-06,0.5728307962417603,,
/kaggle/input/datasets/tawsifurrahman/covid19-radiography-database/COVID-19_Radiography_Dataset/Lung_Opacity/images/Lung_Opacity-2220.png,Lung_Opacity,Lung_Opacity,2.7237849309358353e-08,0.9994040727615356,0.0005958896363154054,1.2202558963281263e-09,0.5977895855903625,,
/kaggle/input/datasets/tawsifurrahman/covid19-radiography-database/COVID-19_Radiography_Dataset/Lung_Opacity/images/Lung_Opacity-2223.png,Lung_Opacity,Lung_Opacity,5.885135010430531e-07,0.9999113082885742,8.808840357232839e-05,4.997732006017941e-09,0.5025632977485657,0.18564338982105255,0.18564338982105255
/kaggle/input/datasets/tawsifurrahman/covid19-radiography-database/COVID-19_Radiography_Dataset/Lung_Opacity/images/Lung_Opacity-2226.png,Lung_Opacity,Lung_Opacity,2.3989299435811517e-09,0.999977707862854,2.2196465579327196e-05,8.035294030150908e-08,0.5893189311027527,,
/kaggle/input/datasets/tawsifurrahman/covid19-radiography-database/COVID-19_Radiography_Dataset/Lung_Opacity/images/Lung_Opacity-2239.png,Lung_Opacity,Lung_Opacity,1.3940310736870742e-06,0.9998623132705688,0.0001358299923595041,4.911912014904374e-07,0.6041342616081238,,
/kaggle/input/datasets/tawsifurrahman/covid19-radiography-database/COVID-19_Radiography_Dataset/Lung_Opacity/images/Lung_Opacity-2240.png,Lung_Opacity,Lung_Opacity,1.0532978649280267e-06,0.9930950999259949,0.006903837434947491,4.463799108123112e-09,0.6112602949142456,,
/kaggle/input/datasets/tawsifurrahman/covid19-radiography-database/COVID-19_Radiography_Dataset/Lung_Opacity/images/Lung_Opacity-2247.png,Lung_Opacity,Lung_Opacity,1.0012904567702208e-06,0.9981282353401184,0.0018706908449530602,1.7096537874294881e-07,0.5971985459327698,0.25699442625045776,0.25699442625045776
/kaggle/input/datasets/tawsifurrahman/covid19-radiography-database/COVID-19_Radiography_Dataset/Lung_Opacity/images/Lung_Opacity-2257.png,Lung_Opacity,Lung_Opacity,3.282904071966186e-05,0.857496440410614,0.14247043430805206,3.0226630087781814e-07,0.7101932168006897,,
/kaggle/input/datasets/tawsifurrahman/covid19-radiography-database/COVID-19_Radiography_Dataset/Lung_Opacity/images/Lung_Opacity-2269.png,Lung_Opacity,Lung_Opacity,9.885463470027389e-08,0.999874472618103,0.00012541604519356042,1.2348181366306221e-09,0.5836640000343323,0.21641461551189423,0.21641461551189423
/kaggle/input/datasets/tawsifurrahman/covid19-radiography-database/COVID-19_Radiography_Dataset/Lung_Opacity/images/Lung_Opacity-2279.png,Lung_Opacity,Lung_Opacity,1.1532042663020547e-06,0.819818377494812,0.18018044531345367,1.4403166659349154e-08,0.6768282055854797,,
/kaggle/input/datasets/tawsifurrahman/covid19-radiography-database/COVID-19_Radiography_Dataset/Lung_Opacity/images/Lung_Opacity-2301.png,Lung_Opacity,Lung_Opacity,1.343143338772279e-07,0.999998927116394,9.276247965317452e-07,4.280903409537018e-10,0.629990816116333,,
/kaggle/input/datasets/tawsifurrahman/covid19-radiography-database/COVID-19_Radiography_Dataset/Lung_Opacity/images/Lung_Opacity-2302.png,Lung_Opacity,Lung_Opacity,5.139324002811918e-06,0.9963321089744568,0.002373934956267476,0.0012887549819424748,0.6050412058830261,,
/kaggle/input/datasets/tawsifurrahman/covid19-radiography-database/COVID-19_Radiography_Dataset/Lung_Opacity/images/Lung_Opacity-2353.png,Lung_Opacity,Lung_Opacity,2.0040333836846003e-08,0.9999868869781494,1.3042080354352947e-05,6.201646418624307e-10,0.5369921922683716,,
/kaggle/input/datasets/tawsifurrahman/covid19-radiography-database/COVID-19_Radiography_Dataset/Lung_Opacity/images/Lung_Opacity-2364.png,Lung_Opacity,Lung_Opacity,4.4961606704418955e-07,0.9998570680618286,0.00014235288836061954,1.1856649706487588e-07,0.6103119850158691,0.22991520166397095,0.22991520166397095
/kaggle/input/datasets/tawsifurrahman/covid19-radiography-database/COVID-19_Radiography_Dataset/Lung_Opacity/images/Lung_Opacity-2365.png,Lung_Opacity,Lung_Opacity,1.4409663435799303e-06,0.970445454120636,0.029553167521953583,2.4701893863721125e-09,0.5613787770271301,,
/kaggle/input/datasets/tawsifurrahman/covid19-radiography-database/COVID-19_Radiography_Dataset/Lung_Opacity/images/Lung_Opacity-2372.png,Lung_Opacity,Normal,0.00015055919357109815,0.0526711642742157,0.9471781849861145,1.3770369378107716e-07,0.6450176239013672,0.3270266652107239,0.3270266652107239
/kaggle/input/datasets/tawsifurrahman/covid19-radiography-database/COVID-19_Radiography_Dataset/Lung_Opacity/images/Lung_Opacity-2382.png,Lung_Opacity,Lung_Opacity,9.054044767253799e-07,0.9998917579650879,0.00010723835293902084,1.782139946726602e-07,0.5616400837898254,,
/kaggle/input/datasets/tawsifurrahman/covid19-radiography-database/COVID-19_Radiography_Dataset/Lung_Opacity/images/Lung_Opacity-2392.png,Lung_Opacity,Lung_Opacity,9.300637202613871e-07,0.9169378876686096,0.08305726945400238,3.895351710525574e-06,0.48162317276000977,0.1442384570837021,0.1442384570837021
/kaggle/input/datasets/tawsifurrahman/covid19-radiography-database/COVID-19_Radiography_Dataset/Lung_Opacity/images/Lung_Opacity-2396.png,Lung_Opacity,Lung_Opacity,1.0846018085430842e-05,0.8747925758361816,0.1251942217350006,2.365022965022945e-06,0.6817125082015991,0.293686181306839,0.293686181306839
/kaggle/input/datasets/tawsifurrahman/covid19-radiography-database/COVID-19_Radiography_Dataset/Lung_Opacity/images/Lung_Opacity-2412.png,Lung_Opacity,Lung_Opacity,2.257391784610263e-08,0.9995437264442444,0.0004562147951219231,1.294469753609917e-09,0.6700509786605835,,
/kaggle/input/datasets/tawsifurrahman/covid19-radiography-database/COVID-19_Radiography_Dataset/Lung_Opacity/images/Lung_Opacity-2414.png,Lung_Opacity,Lung_Opacity,2.4749728254391812e-05,0.9997187256813049,0.00025415289564989507,2.3654527012695326e-06,0.6267377138137817,0.33791324496269226,0.33791324496269226
/kaggle/input/datasets/tawsifurrahman/covid19-radiography-database/COVID-19_Radiography_Dataset/Lung_Opacity/images/Lung_Opacity-2415.png,Lung_Opacity,Normal,0.00022550896392203867,0.0025910306721925735,0.9971833825111389,3.7304093147838557e-10,0.6344641447067261,,
/kaggle/input/datasets/tawsifurrahman/covid19-radiography-database/COVID-19_Radiography_Dataset/Lung_Opacity/images/Lung_Opacity-2420.png,Lung_Opacity,Lung_Opacity,4.875573722529225e-07,0.9999918937683105,7.6606356742559e-06,1.9607064416504727e-08,0.6499146819114685,,
/kaggle/input/datasets/tawsifurrahman/covid19-radiography-database/COVID-19_Radiography_Dataset/Lung_Opacity/images/Lung_Opacity-2427.png,Lung_Opacity,Lung_Opacity,4.769463757270387e-08,0.9999897480010986,1.0234260116703808e-05,6.965008569892461e-10,0.661818265914917,,
/kaggle/input/datasets/tawsifurrahman/covid19-radiography-database/COVID-19_Radiography_Dataset/Lung_Opacity/images/Lung_Opacity-2435.png,Lung_Opacity,Lung_Opacity,8.662797336000949e-05,0.7565712928771973,0.24331653118133545,2.558606502134353e-05,0.5515668392181396,,
/kaggle/input/datasets/tawsifurrahman/covid19-radiography-database/COVID-19_Radiography_Dataset/Lung_Opacity/images/Lung_Opacity-2443.png,Lung_Opacity,Lung_Opacity,6.097622826928273e-05,0.9999352693557739,3.7305080695659854e-06,3.5485867577733643e-09,0.6525863409042358,,
/kaggle/input/datasets/tawsifurrahman/covid19-radiography-database/COVID-19_Radiography_Dataset/Lung_Opacity/images/Lung_Opacity-2447.png,Lung_Opacity,Lung_Opacity,1.38226732815383e-06,0.9832894206047058,0.016685450449585915,2.3816148313926533e-05,0.637800931930542,,
/kaggle/input/datasets/tawsifurrahman/covid19-radiography-database/COVID-19_Radiography_Dataset/Lung_Opacity/images/Lung_Opacity-2457.png,Lung_Opacity,Lung_Opacity,3.7875429370615166e-06,0.983838677406311,0.016157526522874832,2.4883505034267728e-08,0.5774680972099304,,
/kaggle/input/datasets/tawsifurrahman/covid19-radiography-database/COVID-19_Radiography_Dataset/Lung_Opacity/images/Lung_Opacity-2461.png,Lung_Opacity,Lung_Opacity,8.513731700077187e-06,0.9999903440475464,1.1656501328616287e-06,1.5997361657582587e-08,0.6478641033172607,0.4769797623157501,0.4769797623157501
/kaggle/input/datasets/tawsifurrahman/covid19-radiography-database/COVID-19_Radiography_Dataset/Lung_Opacity/images/Lung_Opacity-2481.png,Lung_Opacity,Lung_Opacity,1.1545617439878697e-07,0.9997023940086365,0.0002974517992697656,6.396214669024403e-09,0.6706398129463196,,
/kaggle/input/datasets/tawsifurrahman/covid19-radiography-database/COVID-19_Radiography_Dataset/Lung_Opacity/images/Lung_Opacity-2494.png,Lung_Opacity,Lung_Opacity,0.0003172551514580846,0.9965489506721497,0.0031335591338574886,2.7897650056729617e-07,0.5820926427841187,0.31911006569862366,0.31911006569862366
/kaggle/input/datasets/tawsifurrahman/covid19-radiography-database/COVID-19_Radiography_Dataset/Lung_Opacity/images/Lung_Opacity-2499.png,Lung_Opacity,Lung_Opacity,4.2563999547162723e-10,0.9999004602432251,9.951665560947731e-05,6.867067470217592e-10,0.550598680973053,0.22315192222595215,0.22315192222595215
/kaggle/input/datasets/tawsifurrahman/covid19-radiography-database/COVID-19_Radiography_Dataset/Lung_Opacity/images/Lung_Opacity-2506.png,Lung_Opacity,Normal,4.0008821997616906e-06,0.031635429710149765,0.9683605432510376,1.2026501572393045e-08,0.6986721158027649,,
/kaggle/input/datasets/tawsifurrahman/covid19-radiography-database/COVID-19_Radiography_Dataset/Lung_Opacity/images/Lung_Opacity-2507.png,Lung_Opacity,Lung_Opacity,1.5936589647935762e-07,0.999950647354126,4.9163438234245405e-05,5.004341474545981e-08,0.695634663105011,,
/kaggle/input/datasets/tawsifurrahman/covid19-radiography-database/COVID-19_Radiography_Dataset/Lung_Opacity/images/Lung_Opacity-252.png,Lung_Opacity,Lung_Opacity,1.7432502374958858e-07,0.9999935626983643,6.2329945649253204e-06,8.466937567730426e-11,0.617019534111023,,
/kaggle/input/datasets/tawsifurrahman/covid19-radiography-database/COVID-19_Radiography_Dataset/Lung_Opacity/images/Lung_Opacity-2526.png,Lung_Opacity,Lung_Opacity,1.1795120968827177e-07,0.964866042137146,0.03513381630182266,6.784448870755799e-12,0.6975517868995667,0.2664852440357208,0.2664852440357208
/kaggle/input/datasets/tawsifurrahman/covid19-radiography-database/COVID-19_Radiography_Dataset/Lung_Opacity/images/Lung_Opacity-2539.png,Lung_Opacity,Lung_Opacity,6.332446389478719e-08,0.9999188184738159,8.116661774693057e-05,1.6368233157759704e-10,0.5531297326087952,,
/kaggle/input/datasets/tawsifurrahman/covid19-radiography-database/COVID-19_Radiography_Dataset/Lung_Opacity/images/Lung_Opacity-2544.png,Lung_Opacity,Lung_Opacity,0.0007486934191547334,0.9160752296447754,0.08309797942638397,7.803612970747054e-05,0.7360799312591553,,
/kaggle/input/datasets/tawsifurrahman/covid19-radiography-database/COVID-19_Radiography_Dataset/Lung_Opacity/images/Lung_Opacity-2546.png,Lung_Opacity,Lung_Opacity,8.342504770553205e-06,0.8391470909118652,0.16081759333610535,2.6905725462711416e-05,0.5015513300895691,,
/kaggle/input/datasets/tawsifurrahman/covid19-radiography-database/COVID-19_Radiography_Dataset/Lung_Opacity/images/Lung_Opacity-2550.png,Lung_Opacity,Lung_Opacity,3.19301470881328e-05,0.9244274497032166,0.07553324103355408,7.438286047545262e-06,0.5718368291854858,,
/kaggle/input/datasets/tawsifurrahman/covid19-radiography-database/COVID-19_Radiography_Dataset/Lung_Opacity/images/Lung_Opacity-2567.png,Lung_Opacity,Lung_Opacity,2.1923538952250965e-05,0.8173075318336487,0.1826704740524292,4.948426379769444e-08,0.6339318156242371,,
/kaggle/input/datasets/tawsifurrahman/covid19-radiography-database/COVID-19_Radiography_Dataset/Lung_Opacity/images/Lung_Opacity-2573.png,Lung_Opacity,Lung_Opacity,3.107064883156596e-10,0.9999746084213257,2.541860521887429e-05,1.52301071754124e-09,0.5741440653800964,0.1971937119960785,0.1971937119960785
/kaggle/input/datasets/tawsifurrahman/covid19-radiography-database/COVID-19_Radiography_Dataset/Lung_Opacity/images/Lung_Opacity-2575.png,Lung_Opacity,Lung_Opacity,7.862093480071053e-05,0.9985150694847107,0.001405867631547153,4.469281975616468e-07,0.567139744758606,,
/kaggle/input/datasets/tawsifurrahman/covid19-radiography-database/COVID-19_Radiography_Dataset/Lung_Opacity/images/Lung_Opacity-258.png,Lung_Opacity,Lung_Opacity,1.0918626685452182e-05,0.9997205138206482,0.0002676161238923669,9.598651331543806e-07,0.7046055793762207,0.4682157039642334,0.4682157039642334
/kaggle/input/datasets/tawsifurrahman/covid19-radiography-database/COVID-19_Radiography_Dataset/Lung_Opacity/images/Lung_Opacity-2587.png,Lung_Opacity,Lung_Opacity,2.7586489181885554e-07,0.9928983449935913,0.007101420778781176,2.7399673641070876e-09,0.6292028427124023,,
/kaggle/input/datasets/tawsifurrahman/covid19-radiography-database/COVID-19_Radiography_Dataset/Lung_Opacity/images/Lung_Opacity-2591.png,Lung_Opacity,Normal,2.278235342600965e-06,0.16516584157943726,0.8348318338394165,5.6360672573418924e-08,0.6765317916870117,,
/kaggle/input/datasets/tawsifurrahman/covid19-radiography-database/COVID-19_Radiography_Dataset/Lung_Opacity/images/Lung_Opacity-2594.png,Lung_Opacity,Lung_Opacity,1.1797443022487641e-08,0.9999842643737793,1.5758545487187803e-05,1.3296808099028112e-10,0.5313096642494202,,
/kaggle/input/datasets/tawsifurrahman/covid19-radiography-database/COVID-19_Radiography_Dataset/Lung_Opacity/images/Lung_Opacity-2598.png,Lung_Opacity,Lung_Opacity,8.607910331193125e-07,0.9999961853027344,2.5838155579549493e-06,3.2817902706483437e-07,0.7245836853981018,0.49367496371269226,0.49367496371269226
/kaggle/input/datasets/tawsifurrahman/covid19-radiography-database/COVID-19_Radiography_Dataset/Lung_Opacity/images/Lung_Opacity-260.png,Lung_Opacity,Lung_Opacity,0.02008601278066635,0.9796201586723328,0.000290237192530185,3.6258129512134474e-06,0.585105299949646,,
/kaggle/input/datasets/tawsifurrahman/covid19-radiography-database/COVID-19_Radiography_Dataset/Lung_Opacity/images/Lung_Opacity-2609.png,Lung_Opacity,Normal,2.8882359401904978e-05,0.4970529079437256,0.5029046535491943,1.3531713193515316e-05,0.5815876126289368,0.11420238018035889,0.11420238018035889
/kaggle/input/datasets/tawsifurrahman/covid19-radiography-database/COVID-19_Radiography_Dataset/Lung_Opacity/images/Lung_Opacity-262.png,Lung_Opacity,Lung_Opacity,1.5614632502547465e-05,0.9999490976333618,3.528967499732971e-05,2.4687681232649084e-08,0.5519084930419922,0.2367132157087326,0.2367132157087326
/kaggle/input/datasets/tawsifurrahman/covid19-radiography-database/COVID-19_Radiography_Dataset/Lung_Opacity/images/Lung_Opacity-2627.png,Lung_Opacity,Lung_Opacity,1.0506519174668938e-05,0.9869384765625,0.013035870157182217,1.5156783774727955e-05,0.6388839483261108,,
/kaggle/input/datasets/tawsifurrahman/covid19-radiography-database/COVID-19_Radiography_Dataset/Lung_Opacity/images/Lung_Opacity-2630.png,Lung_Opacity,Lung_Opacity,7.280510416762809e-09,0.9910007119178772,0.008999276906251907,2.03217176419912e-08,0.6221669316291809,,
/kaggle/input/datasets/tawsifurrahman/covid19-radiography-database/COVID-19_Radiography_Dataset/Lung_Opacity/images/Lung_Opacity-2631.png,Lung_Opacity,Lung_Opacity,0.013066006824374199,0.9094390869140625,0.07749489694833755,5.1641084297671114e-08,0.6326810121536255,0.3138349652290344,0.3138349652290344
/kaggle/input/datasets/tawsifurrahman/covid19-radiography-database/COVID-19_Radiography_Dataset/Lung_Opacity/images/Lung_Opacity-2639.png,Lung_Opacity,Lung_Opacity,2.7289587478662725e-07,0.9999964237213135,3.338140231790021e-06,2.1613660194930162e-08,0.649261474609375,0.41115352511405945,0.41115352511405945
/kaggle/input/datasets/tawsifurrahman/covid19-radiography-database/COVID-19_Radiography_Dataset/Lung_Opacity/images/Lung_Opacity-2640.png,Lung_Opacity,Lung_Opacity,4.525686492229397e-08,0.9999676942825317,3.2110830943565816e-05,7.008357272297872e-08,0.5639070272445679,0.2914789021015167,0.2914789021015167
/kaggle/input/datasets/tawsifurrahman/covid19-radiography-database/COVID-19_Radiography_Dataset/Lung_Opacity/images/Lung_Opacity-2644.png,Lung_Opacity,Lung_Opacity,6.668463470305142e-07,0.999998927116394,3.8938486568440567e-07,5.876309439045713e-10,0.6765743494033813,,
/kaggle/input/datasets/tawsifurrahman/covid19-radiography-database/COVID-19_Radiography_Dataset/Lung_Opacity/images/Lung_Opacity-2646.png,Lung_Opacity,Lung_Opacity,1.715087272202709e-08,0.9999935626983643,6.435685918404488e-06,2.76789036135483e-10,0.6701721549034119,0.4254482090473175,0.4254482090473175
/kaggle/input/datasets/tawsifurrahman/covid19-radiography-database/COVID-19_Radiography_Dataset/Lung_Opacity/images/Lung_Opacity-2652.png,Lung_Opacity,Lung_Opacity,1.5600277265548357e-06,0.848969578742981,0.15102891623973846,1.6608607822377053e-08,0.5483236312866211,,
/kaggle/input/datasets/tawsifurrahman/covid19-radiography-database/COVID-19_Radiography_Dataset/Lung_Opacity/images/Lung_Opacity-2663.png,Lung_Opacity,Lung_Opacity,0.000102175836218521,0.996189534664154,0.0037082298658788204,1.607709805284685e-07,0.5552210211753845,,
/kaggle/input/datasets/tawsifurrahman/covid19-radiography-database/COVID-19_Radiography_Dataset/Lung_Opacity/images/Lung_Opacity-2667.png,Lung_Opacity,Lung_Opacity,2.4492700845257787e-07,0.9991247057914734,0.0008736580493859947,1.4132237993180752e-06,0.5654657483100891,,
/kaggle/input/datasets/tawsifurrahman/covid19-radiography-database/COVID-19_Radiography_Dataset/Lung_Opacity/images/Lung_Opacity-2669.png,Lung_Opacity,Lung_Opacity,7.185159120126627e-06,0.9999899864196777,2.8557153655128786e-06,8.64653504351054e-09,0.6143165230751038,,
/kaggle/input/datasets/tawsifurrahman/covid19-radiography-database/COVID-19_Radiography_Dataset/Lung_Opacity/images/Lung_Opacity-2670.png,Lung_Opacity,Lung_Opacity,1.152054673880798e-09,0.9998699426651001,0.00012900674482807517,1.0679184470063774e-06,0.5887035131454468,,
/kaggle/input/datasets/tawsifurrahman/covid19-radiography-database/COVID-19_Radiography_Dataset/Lung_Opacity/images/Lung_Opacity-2672.png,Lung_Opacity,Lung_Opacity,8.626588532933965e-05,0.9858114719390869,0.014094047248363495,8.225830242736265e-06,0.6040917038917542,,
/kaggle/input/datasets/tawsifurrahman/covid19-radiography-database/COVID-19_Radiography_Dataset/Lung_Opacity/images/Lung_Opacity-269.png,Lung_Opacity,Lung_Opacity,5.174394118512282e-06,0.9616923928260803,0.038302451372146606,1.155931705909552e-08,0.6148706078529358,0.26479411125183105,0.26479411125183105
/kaggle/input/datasets/tawsifurrahman/covid19-radiography-database/COVID-19_Radiography_Dataset/Lung_Opacity/images/Lung_Opacity-2692.png,Lung_Opacity,Lung_Opacity,0.0003023808530997485,0.9980785846710205,0.0016177602810785174,1.297497192354058e-06,0.6880950927734375,,
/kaggle/input/datasets/tawsifurrahman/covid19-radiography-database/COVID-19_Radiography_Dataset/Lung_Opacity/images/Lung_Opacity-2695.png,Lung_Opacity,Lung_Opacity,1.117380321602468e-07,0.9999561309814453,4.3730698962463066e-05,4.4679446808970624e-09,0.6647858023643494,,
/kaggle/input/datasets/tawsifurrahman/covid19-radiography-database/COVID-19_Radiography_Dataset/Lung_Opacity/images/Lung_Opacity-270.png,Lung_Opacity,Lung_Opacity,4.199286252060119e-09,0.9999997615814209,1.7990339529205812e-07,2.889223860158552e-10,0.5938986539840698,0.34511446952819824,0.34511446952819824
/kaggle/input/datasets/tawsifurrahman/covid19-radiography-database/COVID-19_Radiography_Dataset/Lung_Opacity/images/Lung_Opacity-2710.png,Lung_Opacity,Lung_Opacity,9.09846846752771e-08,0.9996694326400757,0.00033027445897459984,2.5284299454142456e-07,0.6463009119033813,,
/kaggle/input/datasets/tawsifurrahman/covid19-radiography-database/COVID-19_Radiography_Dataset/Lung_Opacity/images/Lung_Opacity-2711.png,Lung_Opacity,Normal,0.00989884976297617,0.027467256411910057,0.9626331925392151,6.549035447278584e-07,0.6530103087425232,0.35870975255966187,0.35870975255966187
/kaggle/input/datasets/tawsifurrahman/covid19-radiography-database/COVID-19_Radiography_Dataset/Lung_Opacity/images/Lung_Opacity-2717.png,Lung_Opacity,Lung_Opacity,1.8447091179041308e-06,0.9986322522163391,0.0013659027172252536,1.9113988614094524e-08,0.5907986760139465,,
/kaggle/input/datasets/tawsifurrahman/covid19-radiography-database/COVID-19_Radiography_Dataset/Lung_Opacity/images/Lung_Opacity-2719.png,Lung_Opacity,Lung_Opacity,8.683935448061675e-05,0.999828577041626,8.145970059558749e-05,3.1425418001163052e-06,0.5694988965988159,0.3900394141674042,0.3900394141674042
/kaggle/input/datasets/tawsifurrahman/covid19-radiography-database/COVID-19_Radiography_Dataset/Lung_Opacity/images/Lung_Opacity-2730.png,Lung_Opacity,Lung_Opacity,4.597101810333015e-09,0.999544084072113,0.00045582352322526276,2.1900319779888378e-08,0.5890870690345764,0.25917914509773254,0.25917914509773254
/kaggle/input/datasets/tawsifurrahman/covid19-radiography-database/COVID-19_Radiography_Dataset/Lung_Opacity/images/Lung_Opacity-2738.png,Lung_Opacity,Lung_Opacity,1.96857399714645e-06,0.9999901056289673,7.546474080299959e-06,3.2765476021268114e-07,0.5981550812721252,0.2980126142501831,0.2980126142501831
/kaggle/input/datasets/tawsifurrahman/covid19-radiography-database/COVID-19_Radiography_Dataset/Lung_Opacity/images/Lung_Opacity-2743.png,Lung_Opacity,Lung_Opacity,4.411825102579314e-06,0.9998192191123962,3.1454219424631447e-05,0.00014487486623693258,0.5354713201522827,,
/kaggle/input/datasets/tawsifurrahman/covid19-radiography-database/COVID-19_Radiography_Dataset/Lung_Opacity/images/Lung_Opacity-2744.png,Lung_Opacity,Lung_Opacity,7.12211931386264e-06,0.9768975973129272,0.023094652220606804,6.164218007143063e-07,0.5600766539573669,0.23726505041122437,0.23726505041122437
/kaggle/input/datasets/tawsifurrahman/covid19-radiography-database/COVID-19_Radiography_Dataset/Lung_Opacity/images/Lung_Opacity-2748.png,Lung_Opacity,Lung_Opacity,1.0641217158990912e-05,0.9764171838760376,0.023572023957967758,1.0730231281286251e-07,0.5607576966285706,,
/kaggle/input/datasets/tawsifurrahman/covid19-radiography-database/COVID-19_Radiography_Dataset/Lung_Opacity/images/Lung_Opacity-2759.png,Lung_Opacity,Lung_Opacity,7.250947220427406e-08,0.9999922513961792,7.5972980084770825e-06,1.7623996484417148e-07,0.6417768597602844,,
/kaggle/input/datasets/tawsifurrahman/covid19-radiography-database/COVID-19_Radiography_Dataset/Lung_Opacity/images/Lung_Opacity-276.png,Lung_Opacity,Lung_Opacity,5.555783718591556e-05,0.8929098844528198,0.10703244805335999,2.0980289718863787e-06,0.5077548027038574,0.23969131708145142,0.23969131708145142
/kaggle/input/datasets/tawsifurrahman/covid19-radiography-database/COVID-19_Radiography_Dataset/Lung_Opacity/images/Lung_Opacity-2775.png,Lung_Opacity,Lung_Opacity,9.069513566828391e-07,0.9999184608459473,8.058911771513522e-05,6.935590768364364e-09,0.5573972463607788,,
/kaggle/input/datasets/tawsifurrahman/covid19-radiography-database/COVID-19_Radiography_Dataset/Lung_Opacity/images/Lung_Opacity-2777.png,Lung_Opacity,Lung_Opacity,1.421369961462915e-05,0.832861602306366,0.16712415218353271,2.9351522101705996e-08,0.6449697613716125,0.2391209751367569,0.2391209751367569
/kaggle/input/datasets/tawsifurrahman/covid19-radiography-database/COVID-19_Radiography_Dataset/Lung_Opacity/images/Lung_Opacity-2779.png,Lung_Opacity,Normal,9.53251128521515e-06,0.028386207297444344,0.9716042876243591,1.793924475634867e-08,0.6711270809173584,0.40364745259284973,0.40364745259284973
/kaggle/input/datasets/tawsifurrahman/covid19-radiography-database/COVID-19_Radiography_Dataset/Lung_Opacity/images/Lung_Opacity-2787.png,Lung_Opacity,Lung_Opacity,2.519601878248068e-07,0.9996899366378784,0.00030986274941824377,2.1942659494955663e-11,0.5345984101295471,,
/kaggle/input/datasets/tawsifurrahman/covid19-radiography-database/COVID-19_Radiography_Dataset/Lung_Opacity/images/Lung_Opacity-2788.png,Lung_Opacity,Lung_Opacity,4.4233926018932834e-05,0.9859505295753479,0.014004076831042767,1.2119303391955327e-06,0.6656928658485413,,
/kaggle/input/datasets/tawsifurrahman/covid19-radiography-database/COVID-19_Radiography_Dataset/Lung_Opacity/images/Lung_Opacity-2796.png,Lung_Opacity,Lung_Opacity,7.836965232854709e-05,0.9996979236602783,0.00021757437207270414,6.252003004192375e-06,0.6036781072616577,,
/kaggle/input/datasets/tawsifurrahman/covid19-radiography-database/COVID-19_Radiography_Dataset/Lung_Opacity/images/Lung_Opacity-280.png,Lung_Opacity,Lung_Opacity,4.6105569140308944e-07,0.9999957084655762,3.6560074931912823e-06,9.105240650342239e-08,0.6107015609741211,0.37281033396720886,0.37281033396720886
/kaggle/input/datasets/tawsifurrahman/covid19-radiography-database/COVID-19_Radiography_Dataset/Lung_Opacity/images/Lung_Opacity-2801.png,Lung_Opacity,Lung_Opacity,5.022242817176448e-07,0.99969482421875,0.00030472438083961606,2.664560838638863e-08,0.5482811331748962,,
/kaggle/input/datasets/tawsifurrahman/covid19-radiography-database/COVID-19_Radiography_Dataset/Lung_Opacity/images/Lung_Opacity-2808.png,Lung_Opacity,Lung_Opacity,7.214730590732188e-09,0.9999884366989136,1.153821995103499e-05,1.8076249047940807e-12,0.5593342781066895,0.2788025438785553,0.2788025438785553
/kaggle/input/datasets/tawsifurrahman/covid19-radiography-database/COVID-19_Radiography_Dataset/Lung_Opacity/images/Lung_Opacity-2814.png,Lung_Opacity,Lung_Opacity,0.005037233699113131,0.991832971572876,0.003129508113488555,2.3105017987745669e-07,0.5850843787193298,,
/kaggle/input/datasets/tawsifurrahman/covid19-radiography-database/COVID-19_Radiography_Dataset/Lung_Opacity/images/Lung_Opacity-2828.png,Lung_Opacity,Lung_Opacity,6.302961992332712e-05,0.9785997271537781,0.021336888894438744,3.104371728568367e-07,0.6218958497047424,0.23659095168113708,0.23659095168113708
/kaggle/input/datasets/tawsifurrahman/covid19-radiography-database/COVID-19_Radiography_Dataset/Lung_Opacity/images/Lung_Opacity-2832.png,Lung_Opacity,Lung_Opacity,2.1014777473737922e-08,0.9999022483825684,9.086327190743759e-05,6.863492217235034e-06,0.6008031368255615,,
/kaggle/input/datasets/tawsifurrahman/covid19-radiography-database/COVID-19_Radiography_Dataset/Lung_Opacity/images/Lung_Opacity-2833.png,Lung_Opacity,Lung_Opacity,2.2021937695626548e-07,0.9999793767929077,1.2304136362217832e-05,8.095464181678835e-06,0.581718385219574,,
/kaggle/input/datasets/tawsifurrahman/covid19-radiography-database/COVID-19_Radiography_Dataset/Lung_Opacity/images/Lung_Opacity-2836.png,Lung_Opacity,Lung_Opacity,2.5621744725867757e-07,0.9990134239196777,0.0009863505838438869,1.345758438020539e-08,0.6579569578170776,,
/kaggle/input/datasets/tawsifurrahman/covid19-radiography-database/COVID-19_Radiography_Dataset/Lung_Opacity/images/Lung_Opacity-2846.png,Lung_Opacity,Lung_Opacity,0.00022523135703522712,0.9957287907600403,0.004042160231620073,3.784695991271292e-06,0.632545530796051,0.2380443513393402,0.2380443513393402
/kaggle/input/datasets/tawsifurrahman/covid19-radiography-database/COVID-19_Radiography_Dataset/Lung_Opacity/images/Lung_Opacity-2852.png,Lung_Opacity,Lung_Opacity,1.4460495549428742e-05,0.9997355341911316,0.00024994160048663616,6.648598338543366e-11,0.6832528114318848,0.29897797107696533,0.29897797107696533
/kaggle/input/datasets/tawsifurrahman/covid19-radiography-database/COVID-19_Radiography_Dataset/Lung_Opacity/images/Lung_Opacity-2860.png,Lung_Opacity,Lung_Opacity,2.4369860511797015e-06,0.9967930912971497,0.003165938425809145,3.845963510684669e-05,0.6030825972557068,,
/kaggle/input/datasets/tawsifurrahman/covid19-radiography-database/COVID-19_Radiography_Dataset/Lung_Opacity/images/Lung_Opacity-2866.png,Lung_Opacity,Lung_Opacity,1.448050625185715e-06,0.9999629259109497,3.5649878554977477e-05,3.1467518368799574e-08,0.7079275846481323,,
/kaggle/input/datasets/tawsifurrahman/covid19-radiography-database/COVID-19_Radiography_Dataset/Lung_Opacity/images/Lung_Opacity-287.png,Lung_Opacity,Lung_Opacity,4.777460915761367e-08,0.97190260887146,0.02809722349047661,9.684961099765133e-08,0.5415602922439575,,
/kaggle/input/datasets/tawsifurrahman/covid19-radiography-database/COVID-19_Radiography_Dataset/Lung_Opacity/images/Lung_Opacity-2872.png,Lung_Opacity,Lung_Opacity,2.0516530696568225e-07,0.9999947547912598,5.0204280341858976e-06,3.969762119027109e-08,0.5013020038604736,,
/kaggle/input/datasets/tawsifurrahman/covid19-radiography-database/COVID-19_Radiography_Dataset/Lung_Opacity/images/Lung_Opacity-2883.png,Lung_Opacity,Lung_Opacity,1.8439642417433788e-06,0.9561300277709961,0.04267875850200653,0.0011893806513398886,0.5081354975700378,0.06814218312501907,0.06814218312501907
/kaggle/input/datasets/tawsifurrahman/covid19-radiography-database/COVID-19_Radiography_Dataset/Lung_Opacity/images/Lung_Opacity-289.png,Lung_Opacity,Lung_Opacity,2.6035124392365105e-05,0.6968943476676941,0.30307838320732117,1.267534230464662e-06,0.6764063239097595,,
/kaggle/input/datasets/tawsifurrahman/covid19-radiography-database/COVID-19_Radiography_Dataset/Lung_Opacity/images/Lung_Opacity-2890.png,Lung_Opacity,Lung_Opacity,3.27932099253303e-07,0.9999969005584717,2.7982284791505663e-06,4.405325826351003e-10,0.6712996363639832,,
/kaggle/input/datasets/tawsifurrahman/covid19-radiography-database/COVID-19_Radiography_Dataset/Lung_Opacity/images/Lung_Opacity-2904.png,Lung_Opacity,Lung_Opacity,1.4648595936250786e-07,0.9963441491127014,0.003586777253076434,6.890838994877413e-05,0.5998733639717102,,
/kaggle/input/datasets/tawsifurrahman/covid19-radiography-database/COVID-19_Radiography_Dataset/Lung_Opacity/images/Lung_Opacity-2907.png,Lung_Opacity,Lung_Opacity,0.0002556320687290281,0.9994194507598877,0.00032308202935382724,1.918717543958337e-06,0.5765773057937622,,
/kaggle/input/datasets/tawsifurrahman/covid19-radiography-database/COVID-19_Radiography_Dataset/Lung_Opacity/images/Lung_Opacity-291.png,Lung_Opacity,Lung_Opacity,2.419770908090868e-06,0.8554492592811584,0.14454831182956696,2.5684956383997815e-08,0.6661800742149353,,
/kaggle/input/datasets/tawsifurrahman/covid19-radiography-database/COVID-19_Radiography_Dataset/Lung_Opacity/images/Lung_Opacity-2920.png,Lung_Opacity,Lung_Opacity,7.848254268694177e-10,0.9963418841362,0.0036581186577677727,6.782069128519197e-09,0.650677502155304,,
/kaggle/input/datasets/tawsifurrahman/covid19-radiography-database/COVID-19_Radiography_Dataset/Lung_Opacity/images/Lung_Opacity-2928.png,Lung_Opacity,Normal,7.665881867069402e-07,0.021112674847245216,0.9788864850997925,7.687789294053005e-10,0.6745496392250061,,
/kaggle/input/datasets/tawsifurrahman/covid19-radiography-database/COVID-19_Radiography_Dataset/Lung_Opacity/images/Lung_Opacity-2932.png,Lung_Opacity,Lung_Opacity,2.5855755666270852e-05,0.999785840511322,0.00018821236153598875,7.31369880213606e-08,0.6993937492370605,0.4105244278907776,0.4105244278907776
/kaggle/input/datasets/tawsifurrahman/covid19-radiography-database/COVID-19_Radiography_Dataset/Lung_Opacity/images/Lung_Opacity-2935.png,Lung_Opacity,Lung_Opacity,1.3980420590087306e-05,0.9999485015869141,3.753462806344032e-05,2.5432402850356084e-08,0.6164268851280212,,
/kaggle/input/datasets/tawsifurrahman/covid19-radiography-database/COVID-19_Radiography_Dataset/Lung_Opacity/images/Lung_Opacity-2937.png,Lung_Opacity,Lung_Opacity,7.39378301659599e-05,0.9718492031097412,0.0279032364487648,0.00017351457790937275,0.5652912259101868,,
/kaggle/input/datasets/tawsifurrahman/covid19-radiography-database/COVID-19_Radiography_Dataset/Lung_Opacity/images/Lung_Opacity-294.png,Lung_Opacity,Lung_Opacity,5.1898095989599824e-05,0.9873441457748413,0.012603123672306538,8.198212526622228e-07,0.5996893048286438,,
/kaggle/input/datasets/tawsifurrahman/covid19-radiography-database/COVID-19_Radiography_Dataset/Lung_Opacity/images/Lung_Opacity-2941.png,Lung_Opacity,Lung_Opacity,6.588291512343858e-07,0.9994993209838867,0.0004998770891688764,7.0168958643535e-08,0.5870406627655029,,
/kaggle/input/datasets/tawsifurrahman/covid19-radiography-database/COVID-19_Radiography_Dataset/Lung_Opacity/images/Lung_Opacity-2958.png,Lung_Opacity,Normal,2.0937044610036537e-05,0.18336501717567444,0.8166138529777527,1.7669388796548446e-07,0.6278337836265564,,
/kaggle/input/datasets/tawsifurrahman/covid19-radiography-database/COVID-19_Radiography_Dataset/Lung_Opacity/images/Lung_Opacity-2960.png,Lung_Opacity,Lung_Opacity,3.660679067252204e-05,0.9997959733009338,0.0001660299312788993,1.4455213204200845e-06,0.5757966041564941,0.38579875230789185,0.38579875230789185
/kaggle/input/datasets/tawsifurrahman/covid19-radiography-database/COVID-19_Radiography_Dataset/Lung_Opacity/images/Lung_Opacity-2967.png,Lung_Opacity,Normal,0.0016028144164010882,0.23217684030532837,0.7661707401275635,4.96203065267764e-05,0.6677917242050171,,
/kaggle/input/datasets/tawsifurrahman/covid19-radiography-database/COVID-19_Radiography_Dataset/Lung_Opacity/images/Lung_Opacity-2968.png,Lung_Opacity,Normal,0.0012048688950017095,0.0014375163009390235,0.9973574280738831,1.7907723304233514e-07,0.7293412685394287,,
/kaggle/input/datasets/tawsifurrahman/covid19-radiography-database/COVID-19_Radiography_Dataset/Lung_Opacity/images/Lung_Opacity-2969.png,Lung_Opacity,Lung_Opacity,3.4942246429636725e-07,0.9999897480010986,9.59411045187153e-06,3.0982809562374314e-07,0.6414885520935059,0.3550432324409485,0.3550432324409485
/kaggle/input/datasets/tawsifurrahman/covid19-radiography-database/COVID-19_Radiography_Dataset/Lung_Opacity/images/Lung_Opacity-2977.png,Lung_Opacity,Lung_Opacity,5.5532636906718835e-05,0.9999270439147949,9.546516594127752e-06,7.91669481259305e-06,0.6244626641273499,,
/kaggle/input/datasets/tawsifurrahman/covid19-radiography-database/COVID-19_Radiography_Dataset/Lung_Opacity/images/Lung_Opacity-2985.png,Lung_Opacity,Lung_Opacity,1.781410929879712e-08,0.9997463822364807,0.00025356581318192184,3.4140483773370534e-09,0.5882536768913269,,
/kaggle/input/datasets/tawsifurrahman/covid19-radiography-database/COVID-19_Radiography_Dataset/Lung_Opacity/images/Lung_Opacity-2986.png,Lung_Opacity,Lung_Opacity,2.4631225414850633e-07,0.9999995231628418,2.157160849947104e-07,1.265454052656878e-08,0.6923969984054565,0.5163764953613281,0.5163764953613281
/kaggle/input/datasets/tawsifurrahman/covid19-radiography-database/COVID-19_Radiography_Dataset/Lung_Opacity/images/Lung_Opacity-2995.png,Lung_Opacity,Lung_Opacity,8.624986548966262e-06,0.9999575614929199,3.3704192901495844e-05,7.98179229377638e-08,0.5962984561920166,,
/kaggle/input/datasets/tawsifurrahman/covid19-radiography-database/COVID-19_Radiography_Dataset/Lung_Opacity/images/Lung_Opacity-300.png,Lung_Opacity,Lung_Opacity,0.39526990056037903,0.5301806330680847,0.07454926520586014,2.118632949077437e-07,0.6607123613357544,,
/kaggle/input/datasets/tawsifurrahman/covid19-radiography-database/COVID-19_Radiography_Dataset/Lung_Opacity/images/Lung_Opacity-3005.png,Lung_Opacity,Normal,2.2158043066156097e-05,0.25181829929351807,0.7481593489646912,2.252765796129097e-07,0.6109139323234558,0.2457495480775833,0.2457495480775833
/kaggle/input/datasets/tawsifurrahman/covid19-radiography-database/COVID-19_Radiography_Dataset/Lung_Opacity/images/Lung_Opacity-3016.png,Lung_Opacity,Lung_Opacity,1.4325405750525988e-08,0.997453510761261,0.0025465241633355618,3.423965277971064e-11,0.5954307317733765,0.2839756906032562,0.2839756906032562
/kaggle/input/datasets/tawsifurrahman/covid19-radiography-database/COVID-19_Radiography_Dataset/Lung_Opacity/images/Lung_Opacity-303.png,Lung_Opacity,Normal,1.445259982801872e-07,0.04081621393561363,0.9591836929321289,1.892852807827694e-08,0.695228099822998,,
/kaggle/input/datasets/tawsifurrahman/covid19-radiography-database/COVID-19_Radiography_Dataset/Lung_Opacity/images/Lung_Opacity-3030.png,Lung_Opacity,Lung_Opacity,4.086480112164281e-05,0.9838969707489014,0.016059163957834244,3.1031088383315364e-06,0.5818881988525391,,
/kaggle/input/datasets/tawsifurrahman/covid19-radiography-database/COVID-19_Radiography_Dataset/Lung_Opacity/images/Lung_Opacity-3031.png,Lung_Opacity,Normal,3.994351118308259e-06,0.04418864846229553,0.9558062553405762,1.1163161843796843e-06,0.6223743557929993,0.33507269620895386,0.33507269620895386
/kaggle/input/datasets/tawsifurrahman/covid19-radiography-database/COVID-19_Radiography_Dataset/Lung_Opacity/images/Lung_Opacity-3048.png,Lung_Opacity,Lung_Opacity,9.659375791670755e-05,0.9988168478012085,0.0010194616625085473,6.710421439493075e-05,0.6221786737442017,,
/kaggle/input/datasets/tawsifurrahman/covid19-radiography-database/COVID-19_Radiography_Dataset/Lung_Opacity/images/Lung_Opacity-3063.png,Lung_Opacity,Lung_Opacity,4.6436824050033465e-05,0.9998751878738403,7.84044896136038e-05,7.474789676109594e-09,0.5325454473495483,,
/kaggle/input/datasets/tawsifurrahman/covid19-radiography-database/COVID-19_Radiography_Dataset/Lung_Opacity/images/Lung_Opacity-3073.png,Lung_Opacity,Lung_Opacity,4.922992593492381e-05,0.9978606104850769,0.002072312170639634,1.7898126316140406e-05,0.5864909291267395,,
/kaggle/input/datasets/tawsifurrahman/covid19-radiography-database/COVID-19_Radiography_Dataset/Lung_Opacity/images/Lung_Opacity-3076.png,Lung_Opacity,Lung_Opacity,1.0164610486640413e-08,0.9999011754989624,9.879362187348306e-05,3.2122167148429526e-09,0.5615310072898865,,
/kaggle/input/datasets/tawsifurrahman/covid19-radiography-database/COVID-19_Radiography_Dataset/Lung_Opacity/images/Lung_Opacity-3095.png,Lung_Opacity,Lung_Opacity,5.512085044756532e-05,0.7439077496528625,0.2560368776321411,2.6991489221472875e-07,0.5983292460441589,,
/kaggle/input/datasets/tawsifurrahman/covid19-radiography-database/COVID-19_Radiography_Dataset/Lung_Opacity/images/Lung_Opacity-31.png,Lung_Opacity,Lung_Opacity,3.392528258316929e-09,0.9999613761901855,3.841511716018431e-05,2.886776258037571e-07,0.6083571910858154,0.21196027100086212,0.21196027100086212
/kaggle/input/datasets/tawsifurrahman/covid19-radiography-database/COVID-19_Radiography_Dataset/Lung_Opacity/images/Lung_Opacity-3103.png,Lung_Opacity,Lung_Opacity,1.718353956903229e-07,0.9999675750732422,3.221864972147159e-05,4.843260903442115e-09,0.6580964922904968,,
/kaggle/input/datasets/tawsifurrahman/covid19-radiography-database/COVID-19_Radiography_Dataset/Lung_Opacity/images/Lung_Opacity-3109.png,Lung_Opacity,Lung_Opacity,1.3438969972412451e-06,0.9999794960021973,1.883467848529108e-05,3.880294343616697e-07,0.6373224854469299,0.2691289186477661,0.2691289186477661
/kaggle/input/datasets/tawsifurrahman/covid19-radiography-database/COVID-19_Radiography_Dataset/Lung_Opacity/images/Lung_Opacity-3110.png,Lung_Opacity,Lung_Opacity,5.300543648445455e-07,0.9994648098945618,0.0005347236874513328,4.0285297320252766e-10,0.6001036763191223,,
/kaggle/input/datasets/tawsifurrahman/covid19-radiography-database/COVID-19_Radiography_Dataset/Lung_Opacity/images/Lung_Opacity-3112.png,Lung_Opacity,Lung_Opacity,0.00036744942190125585,0.9995949864387512,3.749063398572616e-05,1.571080474604969e-07,0.6222129464149475,,
/kaggle/input/datasets/tawsifurrahman/covid19-radiography-database/COVID-19_Radiography_Dataset/Lung_Opacity/images/Lung_Opacity-3121.png,Lung_Opacity,Lung_Opacity,1.8475377601134824e-06,0.9980921149253845,0.0019000177271664143,6.035952083038865e-06,0.5915748476982117,,
/kaggle/input/datasets/tawsifurrahman/covid19-radiography-database/COVID-19_Radiography_Dataset/Lung_Opacity/images/Lung_Opacity-3131.png,Lung_Opacity,Lung_Opacity,1.9761410563479131e-10,0.9997584223747253,0.00024160729662980884,8.015546559825282e-12,0.6572180986404419,,
/kaggle/input/datasets/tawsifurrahman/covid19-radiography-database/COVID-19_Radiography_Dataset/Lung_Opacity/images/Lung_Opacity-3139.png,Lung_Opacity,Lung_Opacity,5.079634046722958e-09,0.9999996423721313,3.3454125514253974e-07,1.4343527234006448e-11,0.6249890923500061,,
/kaggle/input/datasets/tawsifurrahman/covid19-radiography-database/COVID-19_Radiography_Dataset/Lung_Opacity/images/Lung_Opacity-3142.png,Lung_Opacity,Lung_Opacity,2.251868380653832e-07,0.9889983534812927,0.011001458391547203,4.887412141663106e-10,0.5753259658813477,,
/kaggle/input/datasets/tawsifurrahman/covid19-radiography-database/COVID-19_Radiography_Dataset/Lung_Opacity/images/Lung_Opacity-3146.png,Lung_Opacity,Lung_Opacity,6.035795195202809e-06,0.9563313722610474,0.04344283416867256,0.00021981893223710358,0.5892929434776306,,
/kaggle/input/datasets/tawsifurrahman/covid19-radiography-database/COVID-19_Radiography_Dataset/Lung_Opacity/images/Lung_Opacity-3156.png,Lung_Opacity,Lung_Opacity,7.98659948486602e-06,0.9998776912689209,0.00011427544086473063,9.453454685726115e-10,0.5628266334533691,,
/kaggle/input/datasets/tawsifurrahman/covid19-radiography-database/COVID-19_Radiography_Dataset/Lung_Opacity/images/Lung_Opacity-3157.png,Lung_Opacity,Lung_Opacity,0.0003039718430954963,0.99953293800354,0.00016229836910497397,8.613249065092532e-07,0.6560885906219482,,
/kaggle/input/datasets/tawsifurrahman/covid19-radiography-database/COVID-19_Radiography_Dataset/Lung_Opacity/images/Lung_Opacity-3160.png,Lung_Opacity,Lung_Opacity,2.314125957525448e-08,0.9999839067459106,1.4265478966990486e-05,1.807717012525245e-06,0.5501455664634705,,
/kaggle/input/datasets/tawsifurrahman/covid19-radiography-database/COVID-19_Radiography_Dataset/Lung_Opacity/images/Lung_Opacity-3169.png,Lung_Opacity,Lung_Opacity,6.934560224181041e-05,0.9999175071716309,2.753689614110044e-06,1.0334853868698701e-05,0.6220220923423767,0.4783875644207001,0.4783875644207001
/kaggle/input/datasets/tawsifurrahman/covid19-radiography-database/COVID-19_Radiography_Dataset/Lung_Opacity/images/Lung_Opacity-3172.png,Lung_Opacity,Lung_Opacity,6.916214800867237e-08,0.9999202489852905,7.966707926243544e-05,1.6160184301838854e-08,0.47856494784355164,,
/kaggle/input/datasets/tawsifurrahman/covid19-radiography-database/COVID-19_Radiography_Dataset/Lung_Opacity/images/Lung_Opacity-3187.png,Lung_Opacity,Normal,0.008414721116423607,0.44882309436798096,0.5427321195602417,3.008772364410106e-05,0.44876641035079956,0.13362643122673035,0.13362643122673035
/kaggle/input/datasets/tawsifurrahman/covid19-radiography-database/COVID-19_Radiography_Dataset/Lung_Opacity/images/Lung_Opacity-3188.png,Lung_Opacity,Lung_Opacity,2.329046537852264e-06,0.9999734163284302,2.423834303044714e-05,1.771456403787397e-08,0.6827870607376099,,
/kaggle/input/datasets/tawsifurrahman/covid19-radiography-database/COVID-19_Radiography_Dataset/Lung_Opacity/images/Lung_Opacity-3189.png,Lung_Opacity,Lung_Opacity,2.3025258144571126e-08,0.999942421913147,5.7601315347710624e-05,4.916569928958836e-11,0.5170162916183472,0.24262657761573792,0.24262657761573792
/kaggle/input/datasets/tawsifurrahman/covid19-radiography-database/COVID-19_Radiography_Dataset/Lung_Opacity/images/Lung_Opacity-319.png,Lung_Opacity,Lung_Opacity,2.599825847937609e-07,0.9656385183334351,0.034361280500888824,4.057616020958221e-09,0.6044253706932068,0.15664289891719818,0.15664289891719818
/kaggle/input/datasets/tawsifurrahman/covid19-radiography-database/COVID-19_Radiography_Dataset/Lung_Opacity/images/Lung_Opacity-3195.png,Lung_Opacity,Lung_Opacity,2.5504050427116454e-06,0.9991161227226257,0.0008813271415419877,4.839241185550236e-08,0.6479041576385498,,
/kaggle/input/datasets/tawsifurrahman/covid19-radiography-database/COVID-19_Radiography_Dataset/Lung_Opacity/images/Lung_Opacity-32.png,Lung_Opacity,Lung_Opacity,0.0002169721992686391,0.9992031455039978,0.0005797753692604601,8.318487232372718e-08,0.5238106846809387,0.24373647570610046,0.24373647570610046
/kaggle/input/datasets/tawsifurrahman/covid19-radiography-database/COVID-19_Radiography_Dataset/Lung_Opacity/images/Lung_Opacity-3201.png,Lung_Opacity,Lung_Opacity,5.5299647101492155e-06,0.9806455969810486,0.01934434473514557,4.57952955912333e-06,0.5986557006835938,,
/kaggle/input/datasets/tawsifurrahman/covid19-radiography-database/COVID-19_Radiography_Dataset/Lung_Opacity/images/Lung_Opacity-3204.png,Lung_Opacity,Lung_Opacity,5.054099528933875e-05,0.6152771711349487,0.38459512591362,7.712491787970066e-05,0.6595531702041626,0.24445465207099915,0.24445465207099915
/kaggle/input/datasets/tawsifurrahman/covid19-radiography-database/COVID-19_Radiography_Dataset/Lung_Opacity/images/Lung_Opacity-3218.png,Lung_Opacity,Lung_Opacity,0.002090299502015114,0.9978996515274048,4.85388181914459e-06,5.222474555921508e-06,0.6313425302505493,,
/kaggle/input/datasets/tawsifurrahman/covid19-radiography-database/COVID-19_Radiography_Dataset/Lung_Opacity/images/Lung_Opacity-3219.png,Lung_Opacity,Lung_Opacity,0.00021677346376236528,0.8650476336479187,0.13473539054393768,2.573945039330283e-07,0.6561933755874634,0.21535548567771912,0.21535548567771912
/kaggle/input/datasets/tawsifurrahman/covid19-radiography-database/COVID-19_Radiography_Dataset/Lung_Opacity/images/Lung_Opacity-3228.png,Lung_Opacity,Lung_Opacity,6.495446314147557e-08,0.6300225853919983,0.3699769973754883,3.8241850575104763e-07,0.5784122943878174,,
/kaggle/input/datasets/tawsifurrahman/covid19-radiography-database/COVID-19_Radiography_Dataset/Lung_Opacity/images/Lung_Opacity-3249.png,Lung_Opacity,COVID,0.6516477465629578,0.348131000995636,0.00012470876390580088,9.658155613578856e-05,0.642577052116394,,
/kaggle/input/datasets/tawsifurrahman/covid19-radiography-database/COVID-19_Radiography_Dataset/Lung_Opacity/images/Lung_Opacity-325.png,Lung_Opacity,Lung_Opacity,1.0352073331887368e-07,0.9037282466888428,0.09627161920070648,2.0102608466743277e-09,0.5685730576515198,,
/kaggle/input/datasets/tawsifurrahman/covid19-radiography-database/COVID-19_Radiography_Dataset/Lung_Opacity/images/Lung_Opacity-3253.png,Lung_Opacity,Lung_Opacity,4.2614719859557226e-05,0.9996689558029175,0.0002884854911826551,2.8208583913169605e-08,0.6055939197540283,0.2271052747964859,0.2271052747964859
/kaggle/input/datasets/tawsifurrahman/covid19-radiography-database/COVID-19_Radiography_Dataset/Lung_Opacity/images/Lung_Opacity-3254.png,Lung_Opacity,Lung_Opacity,8.500749260065277e-08,0.9380636811256409,0.06193625181913376,4.537937670079373e-08,0.5895435810089111,0.1707608699798584,0.1707608699798584
/kaggle/input/datasets/tawsifurrahman/covid19-radiography-database/COVID-19_Radiography_Dataset/Lung_Opacity/images/Lung_Opacity-3270.png,Lung_Opacity,Lung_Opacity,3.7059064705857736e-09,0.9999959468841553,4.098832960153231e-06,7.144122515789775e-10,0.6134968400001526,,
/kaggle/input/datasets/tawsifurrahman/covid19-radiography-database/COVID-19_Radiography_Dataset/Lung_Opacity/images/Lung_Opacity-3271.png,Lung_Opacity,Lung_Opacity,1.5780945439303196e-09,0.9999582767486572,3.2925028790486977e-05,8.87560690898681e-06,0.5560473203659058,0.2906883656978607,0.2906883656978607
/kaggle/input/datasets/tawsifurrahman/covid19-radiography-database/COVID-19_Radiography_Dataset/Lung_Opacity/images/Lung_Opacity-3286.png,Lung_Opacity,Lung_Opacity,2.559844915595022e-06,0.9987701773643494,0.0012271312298253179,1.0971942998594386e-07,0.5893992185592651,,
/kaggle/input/datasets/tawsifurrahman/covid19-radiography-database/COVID-19_Radiography_Dataset/Lung_Opacity/images/Lung_Opacity-3299.png,Lung_Opacity,Lung_Opacity,1.3625943040551647e-08,0.698867678642273,0.30113229155540466,4.207407311440647e-09,0.6122217178344727,,
/kaggle/input/datasets/tawsifurrahman/covid19-radiography-database/COVID-19_Radiography_Dataset/Lung_Opacity/images/Lung_Opacity-3301.png,Lung_Opacity,Lung_Opacity,0.0001691047946223989,0.9892587065696716,0.010572237893939018,2.59685624115491e-08,0.7100479006767273,0.3344101309776306,0.3344101309776306
/kaggle/input/datasets/tawsifurrahman/covid19-radiography-database/COVID-19_Radiography_Dataset/Lung_Opacity/images/Lung_Opacity-3307.png,Lung_Opacity,Lung_Opacity,5.843573671882041e-05,0.9999308586120605,1.6610620150459e-06,9.078145922103431e-06,0.6625942587852478,,
/kaggle/input/datasets/tawsifurrahman/covid19-radiography-database/COVID-19_Radiography_Dataset/Lung_Opacity/images/Lung_Opacity-3308.png,Lung_Opacity,Lung_Opacity,1.5346485193745707e-09,0.9999479055404663,5.202385364100337e-05,6.892017268000927e-08,0.5878539681434631,,
/kaggle/input/datasets/tawsifurrahman/covid19-radiography-database/COVID-19_Radiography_Dataset/Lung_Opacity/images/Lung_Opacity-3324.png,Lung_Opacity,Normal,4.5040284391006935e-08,0.0021699287462979555,0.9978298544883728,2.030977697131675e-07,0.5976191759109497,,
/kaggle/input/datasets/tawsifurrahman/covid19-radiography-database/COVID-19_Radiography_Dataset/Lung_Opacity/images/Lung_Opacity-3327.png,Lung_Opacity,Lung_Opacity,0.0009463230962865055,0.9616266489028931,0.03739694878458977,3.002012635988649e-05,0.4996945858001709,,
/kaggle/input/datasets/tawsifurrahman/covid19-radiography-database/COVID-19_Radiography_Dataset/Lung_Opacity/images/Lung_Opacity-3339.png,Lung_Opacity,Lung_Opacity,8.845659613143653e-05,0.9599520564079285,0.03995915874838829,3.149616247810627e-07,0.6405103802680969,,
/kaggle/input/datasets/tawsifurrahman/covid19-radiography-database/COVID-19_Radiography_Dataset/Lung_Opacity/images/Lung_Opacity-3345.png,Lung_Opacity,Lung_Opacity,1.7666547137196176e-05,0.9999775886535645,4.725836788566085e-06,2.1514463099947534e-08,0.5673002004623413,,
/kaggle/input/datasets/tawsifurrahman/covid19-radiography-database/COVID-19_Radiography_Dataset/Lung_Opacity/images/Lung_Opacity-3353.png,Lung_Opacity,Normal,7.442115474987077e-07,0.0792386531829834,0.9207605123519897,5.181409079568766e-08,0.6742690801620483,,
/kaggle/input/datasets/tawsifurrahman/covid19-radiography-database/COVID-19_Radiography_Dataset/Lung_Opacity/images/Lung_Opacity-3358.png,Lung_Opacity,Lung_Opacity,0.0007134118350222707,0.9991499185562134,0.0001348864461760968,1.8225142639494152e-06,0.5731514096260071,,
/kaggle/input/datasets/tawsifurrahman/covid19-radiography-database/COVID-19_Radiography_Dataset/Lung_Opacity/images/Lung_Opacity-3360.png,Lung_Opacity,Lung_Opacity,4.732832167064771e-06,0.9275884628295898,0.07240678369998932,5.845931294601314e-09,0.6141443252563477,0.24188008904457092,0.24188008904457092
/kaggle/input/datasets/tawsifurrahman/covid19-radiography-database/COVID-19_Radiography_Dataset/Lung_Opacity/images/Lung_Opacity-3369.png,Lung_Opacity,Lung_Opacity,4.194264136003767e-07,0.9999827146530151,1.684298513282556e-05,1.1764628160548796e-10,0.5662670135498047,,
/kaggle/input/datasets/tawsifurrahman/covid19-radiography-database/COVID-19_Radiography_Dataset/Lung_Opacity/images/Lung_Opacity-3370.png,Lung_Opacity,Lung_Opacity,1.765674895182201e-08,0.9999754428863525,2.4123410184984095e-05,3.613352532738645e-07,0.5915513634681702,,
/kaggle/input/datasets/tawsifurrahman/covid19-radiography-database/COVID-19_Radiography_Dataset/Lung_Opacity/images/Lung_Opacity-338.png,Lung_Opacity,Lung_Opacity,5.4194348194869235e-05,0.9999010562896729,3.5425418900558725e-05,9.313655027654022e-06,0.4444008469581604,,
/kaggle/input/datasets/tawsifurrahman/covid19-radiography-database/COVID-19_Radiography_Dataset/Lung_Opacity/images/Lung_Opacity-3386.png,Lung_Opacity,Lung_Opacity,4.301417888541437e-08,0.9787471890449524,0.02125277742743492,3.6467711073129294e-09,0.6328738331794739,0.26691296696662903,0.26691296696662903
/kaggle/input/datasets/tawsifurrahman/covid19-radiography-database/COVID-19_Radiography_Dataset/Lung_Opacity/images/Lung_Opacity-3389.png,Lung_Opacity,Lung_Opacity,6.465120918619505e-07,0.9982569813728333,0.001736722537316382,5.562166279560188e-06,0.38066431879997253,,
/kaggle/input/datasets/tawsifurrahman/covid19-radiography-database/COVID-19_Radiography_Dataset/Lung_Opacity/images/Lung_Opacity-3393.png,Lung_Opacity,Normal,6.245220447453903e-06,0.47643858194351196,0.5235546827316284,4.7132027702900814e-07,0.6776377558708191,,
/kaggle/input/datasets/tawsifurrahman/covid19-radiography-database/COVID-19_Radiography_Dataset/Lung_Opacity/images/Lung_Opacity-3394.png,Lung_Opacity,Lung_Opacity,3.6201876355335116e-05,0.9330788850784302,0.06688489764928818,4.191516467244583e-09,0.6663142442703247,,
/kaggle/input/datasets/tawsifurrahman/covid19-radiography-database/COVID-19_Radiography_Dataset/Lung_Opacity/images/Lung_Opacity-3395.png,Lung_Opacity,Lung_Opacity,3.028036189789418e-06,0.9983310103416443,0.0016651935875415802,8.320486699631147e-07,0.5855811238288879,,
/kaggle/input/datasets/tawsifurrahman/covid19-radiography-database/COVID-19_Radiography_Dataset/Lung_Opacity/images/Lung_Opacity-3399.png,Lung_Opacity,Lung_Opacity,7.363400527538033e-06,0.9923050999641418,0.0076760901138186455,1.1433428880991414e-05,0.6249304413795471,0.2351594865322113,0.2351594865322113
/kaggle/input/datasets/tawsifurrahman/covid19-radiography-database/COVID-19_Radiography_Dataset/Lung_Opacity/images/Lung_Opacity-3408.png,Lung_Opacity,Lung_Opacity,6.819068087970948e-10,0.9998632669448853,0.00013534328900277615,1.327013364971208e-06,0.6176065802574158,,
/kaggle/input/datasets/tawsifurrahman/covid19-radiography-database/COVID-19_Radiography_Dataset/Lung_Opacity/images/Lung_Opacity-341.png,Lung_Opacity,Lung_Opacity,3.2092957553686574e-05,0.9998154044151306,0.00015247309056576341,3.1027596492094744e-08,0.6204712390899658,,
/kaggle/input/datasets/tawsifurrahman/covid19-radiography-database/COVID-19_Radiography_Dataset/Lung_Opacity/images/Lung_Opacity-342.png,Lung_Opacity,Lung_Opacity,4.27312579631689e-06,0.9991210103034973,0.0008747497922740877,4.125726149606379e-11,0.7194646596908569,0.3932608962059021,0.3932608962059021
/kaggle/input/datasets/tawsifurrahman/covid19-radiography-database/COVID-19_Radiography_Dataset/Lung_Opacity/images/Lung_Opacity-3425.png,Lung_Opacity,Lung_Opacity,4.391888978716452e-06,0.99204421043396,0.0078357495367527,0.0001156633734353818,0.626046895980835,,
/kaggle/input/datasets/tawsifurrahman/covid19-radiography-database/COVID-19_Radiography_Dataset/Lung_Opacity/images/Lung_Opacity-3436.png,Lung_Opacity,Lung_Opacity,3.0497844818455633e-06,0.9999635219573975,3.326791193103418e-05,1.427913787210855e-07,0.5463576912879944,0.32250338792800903,0.32250338792800903
/kaggle/input/datasets/tawsifurrahman/covid19-radiography-database/COVID-19_Radiography_Dataset/Lung_Opacity/images/Lung_Opacity-3449.png,Lung_Opacity,Lung_Opacity,4.363973857834935e-05,0.9993963241577148,0.0004274274979252368,0.00013262481661513448,0.5798155665397644,0.2710937559604645,0.2710937559604645
/kaggle/input/datasets/tawsifurrahman/covid19-radiography-database/COVID-19_Radiography_Dataset/Lung_Opacity/images/Lung_Opacity-3453.png,Lung_Opacity,Lung_Opacity,2.579453848738922e-06,0.999987006187439,1.011536551231984e-05,3.170572711042041e-07,0.5918354392051697,,
/kaggle/input/datasets/tawsifurrahman/covid19-radiography-database/COVID-19_Radiography_Dataset/Lung_Opacity/images/Lung_Opacity-3456.png,Lung_Opacity,Lung_Opacity,3.995463515593656e-09,0.9947305917739868,0.005269365385174751,3.4501855594726294e-08,0.6770838499069214,0.1785663217306137,0.1785663217306137
/kaggle/input/datasets/tawsifurrahman/covid19-radiography-database/COVID-19_Radiography_Dataset/Lung_Opacity/images/Lung_Opacity-3468.png,Lung_Opacity,Lung_Opacity,6.942669278942049e-05,0.9747300744056702,0.025185350328683853,1.5103817531780805e-05,0.6693206429481506,,
/kaggle/input/datasets/tawsifurrahman/covid19-radiography-database/COVID-19_Radiography_Dataset/Lung_Opacity/images/Lung_Opacity-3470.png,Lung_Opacity,Lung_Opacity,1.0281911499987473e-06,0.9998090863227844,0.00018986941722687334,2.9116012378871403e-10,0.5806599855422974,,
/kaggle/input/datasets/tawsifurrahman/covid19-radiography-database/COVID-19_Radiography_Dataset/Lung_Opacity/images/Lung_Opacity-3473.png,Lung_Opacity,Lung_Opacity,7.953382663572484e-08,0.9990665316581726,0.0004504453099798411,0.00048291037091985345,0.534381091594696,,
/kaggle/input/datasets/tawsifurrahman/covid19-radiography-database/COVID-19_Radiography_Dataset/Lung_Opacity/images/Lung_Opacity-3484.png,Lung_Opacity,Lung_Opacity,1.2319079587541637e-06,0.9996496438980103,0.0003491572861094028,3.730568298720982e-09,0.5849881172180176,,
/kaggle/input/datasets/tawsifurrahman/covid19-radiography-database/COVID-19_Radiography_Dataset/Lung_Opacity/images/Lung_Opacity-3486.png,Lung_Opacity,Lung_Opacity,0.00017842641682364047,0.999784529209137,3.581736746127717e-05,1.1917906022063107e-06,0.6682525277137756,,
/kaggle/input/datasets/tawsifurrahman/covid19-radiography-database/COVID-19_Radiography_Dataset/Lung_Opacity/images/Lung_Opacity-3487.png,Lung_Opacity,Lung_Opacity,8.429091394646093e-05,0.9998822212219238,3.345705772517249e-05,1.0544414230651e-08,0.6478596329689026,,
/kaggle/input/datasets/tawsifurrahman/covid19-radiography-database/COVID-19_Radiography_Dataset/Lung_Opacity/images/Lung_Opacity-3488.png,Lung_Opacity,Normal,2.626193928989551e-09,0.007223415654152632,0.99277663230896,1.933429860656588e-09,0.7287132740020752,,
/kaggle/input/datasets/tawsifurrahman/covid19-radiography-database/COVID-19_Radiography_Dataset/Lung_Opacity/images/Lung_Opacity-3502.png,Lung_Opacity,Lung_Opacity,1.4418444216346415e-09,0.9999990463256836,9.582664688423392e-07,1.669360830125477e-11,0.5783610939979553,0.291251540184021,0.291251540184021
/kaggle/input/datasets/tawsifurrahman/covid19-radiography-database/COVID-19_Radiography_Dataset/Lung_Opacity/images/Lung_Opacity-3503.png,Lung_Opacity,Lung_Opacity,2.2476516203795427e-09,0.9932363629341125,0.006763594225049019,4.930805275193961e-08,0.6301789879798889,,
/kaggle/input/datasets/tawsifurrahman/covid19-radiography-database/COVID-19_Radiography_Dataset/Lung_Opacity/images/Lung_Opacity-3504.png,Lung_Opacity,Lung_Opacity,2.448200007165724e-07,0.9995304346084595,0.0004693762748502195,7.725221157217632e-11,0.6822128891944885,,
/kaggle/input/datasets/tawsifurrahman/covid19-radiography-database/COVID-19_Radiography_Dataset/Lung_Opacity/images/Lung_Opacity-3505.png,Lung_Opacity,Lung_Opacity,6.609709998883773e-06,0.9999395608901978,5.333284934749827e-05,4.340575685546355e-07,0.6091275811195374,,
/kaggle/input/datasets/tawsifurrahman/covid19-radiography-database/COVID-19_Radiography_Dataset/Lung_Opacity/images/Lung_Opacity-3507.png,Lung_Opacity,Lung_Opacity,7.931912904268756e-08,0.9996492862701416,0.0003505827335175127,3.741578424865111e-08,0.6239535808563232,0.2330126166343689,0.2330126166343689
/kaggle/input/datasets/tawsifurrahman/covid19-radiography-database/COVID-19_Radiography_Dataset/Lung_Opacity/images/Lung_Opacity-3508.png,Lung_Opacity,Lung_Opacity,1.5242459312503343e-06,0.9997709393501282,0.0002275657607242465,1.770881397078483e-08,0.602149486541748,,
/kaggle/input/datasets/tawsifurrahman/covid19-radiography-database/COVID-19_Radiography_Dataset/Lung_Opacity/images/Lung_Opacity-3509.png,Lung_Opacity,Lung_Opacity,1.2805023288819939e-05,0.9998499155044556,0.00010455387382535264,3.270042361691594e-05,0.6383568048477173,,
/kaggle/input/datasets/tawsifurrahman/covid19-radiography-database/COVID-19_Radiography_Dataset/Lung_Opacity/images/Lung_Opacity-3517.png,Lung_Opacity,Lung_Opacity,2.127609150193166e-05,0.9996819496154785,0.00029671925585716963,1.42072522635317e-07,0.5893034934997559,,
/kaggle/input/datasets/tawsifurrahman/covid19-radiography-database/COVID-19_Radiography_Dataset/Lung_Opacity/images/Lung_Opacity-3518.png,Lung_Opacity,Lung_Opacity,1.4325236179502099e-06,0.9999932050704956,5.317356681189267e-06,1.774196434212172e-08,0.6020696759223938,,
/kaggle/input/datasets/tawsifurrahman/covid19-radiography-database/COVID-19_Radiography_Dataset/Lung_Opacity/images/Lung_Opacity-352.png,Lung_Opacity,Normal,4.315963906265097e-06,0.011749088764190674,0.988246500492096,4.2162615065954867e-10,0.6716226935386658,0.30568963289260864,0.30568963289260864
/kaggle/input/datasets/tawsifurrahman/covid19-radiography-database/COVID-19_Radiography_Dataset/Lung_Opacity/images/Lung_Opacity-3521.png,Lung_Opacity,Lung_Opacity,2.9620910027006175e-06,0.9536699652671814,0.04632686451077461,2.775125551579549e-07,0.5855798125267029,,
/kaggle/input/datasets/tawsifurrahman/covid19-radiography-database/COVID-19_Radiography_Dataset/Lung_Opacity/images/Lung_Opacity-3522.png,Lung_Opacity,Lung_Opacity,5.191980889662773e-08,0.9999997615814209,2.2506266361688176e-07,4.181949453396783e-09,0.563804566860199,,
/kaggle/input/datasets/tawsifurrahman/covid19-radiography-database/COVID-19_Radiography_Dataset/Lung_Opacity/images/Lung_Opacity-3523.png,Lung_Opacity,Lung_Opacity,6.650359409832163e-07,0.9999735355377197,2.57519513979787e-05,2.6671385100485168e-09,0.6260883212089539,,
/kaggle/input/datasets/tawsifurrahman/covid19-radiography-database/COVID-19_Radiography_Dataset/Lung_Opacity/images/Lung_Opacity-3524.png,Lung_Opacity,Lung_Opacity,6.359559989732588e-08,0.9999915361404419,8.241075192927383e-06,1.178348014718722e-07,0.6609159708023071,0.3824206292629242,0.3824206292629242
/kaggle/input/datasets/tawsifurrahman/covid19-radiography-database/COVID-19_Radiography_Dataset/Lung_Opacity/images/Lung_Opacity-3528.png,Lung_Opacity,Lung_Opacity,1.2430451533873565e-05,0.999234676361084,0.0007473789737559855,5.450722710520495e-06,0.6136800050735474,,
/kaggle/input/datasets/tawsifurrahman/covid19-radiography-database/COVID-19_Radiography_Dataset/Lung_Opacity/images/Lung_Opacity-3534.png,Lung_Opacity,Lung_Opacity,2.618706957946415e-06,0.9998180270195007,0.0001769958616932854,2.421520093776053e-06,0.5864468812942505,,
/kaggle/input/datasets/tawsifurrahman/covid19-radiography-database/COVID-19_Radiography_Dataset/Lung_Opacity/images/Lung_Opacity-3544.png,Lung_Opacity,Lung_Opacity,3.650610779004637e-06,0.999962329864502,3.406950054340996e-05,8.203434376241603e-09,0.37390846014022827,,
/kaggle/input/datasets/tawsifurrahman/covid19-radiography-database/COVID-19_Radiography_Dataset/Lung_Opacity/images/Lung_Opacity-3548.png,Lung_Opacity,Lung_Opacity,8.303642289320123e-07,0.9992930889129639,0.000706037855707109,4.2500399644040954e-08,0.6427448987960815,,
/kaggle/input/datasets/tawsifurrahman/covid19-radiography-database/COVID-19_Radiography_Dataset/Lung_Opacity/images/Lung_Opacity-3552.png,Lung_Opacity,Lung_Opacity,4.343791815131226e-08,0.9925205707550049,0.007479452062398195,5.936565905528823e-09,0.6506030559539795,,
/kaggle/input/datasets/tawsifurrahman/covid19-radiography-database/COVID-19_Radiography_Dataset/Lung_Opacity/images/Lung_Opacity-3553.png,Lung_Opacity,Lung_Opacity,7.076953625073656e-05,0.9998062252998352,0.00012264386168681085,3.679736551021051e-07,0.5915802121162415,,
/kaggle/input/datasets/tawsifurrahman/covid19-radiography-database/COVID-19_Radiography_Dataset/Lung_Opacity/images/Lung_Opacity-3556.png,Lung_Opacity,Lung_Opacity,4.838259428652236e-07,0.9983425140380859,0.0016569887520745397,1.9552780727849495e-08,0.6562145948410034,0.26641225814819336,0.26641225814819336
/kaggle/input/datasets/tawsifurrahman/covid19-radiography-database/COVID-19_Radiography_Dataset/Lung_Opacity/images/Lung_Opacity-3563.png,Lung_Opacity,Lung_Opacity,5.390454589360161e-07,0.7339525818824768,0.266046941280365,2.4870429271572903e-08,0.6704386472702026,,
/kaggle/input/datasets/tawsifurrahman/covid19-radiography-database/COVID-19_Radiography_Dataset/Lung_Opacity/images/Lung_Opacity-3570.png,Lung_Opacity,Lung_Opacity,8.210309374589997e-07,0.9995393753051758,0.00045886682346463203,9.500042210675019e-07,0.5918368697166443,,
/kaggle/input/datasets/tawsifurrahman/covid19-radiography-database/COVID-19_Radiography_Dataset/Lung_Opacity/images/Lung_Opacity-3579.png,Lung_Opacity,Lung_Opacity,5.814180985908024e-05,0.9991962313652039,0.00039941188879311085,0.0003462651511654258,0.4913560152053833,,
/kaggle/input/datasets/tawsifurrahman/covid19-radiography-database/COVID-19_Radiography_Dataset/Lung_Opacity/images/Lung_Opacity-3585.png,Lung_Opacity,Lung_Opacity,1.9484608856146224e-05,0.9994837045669556,0.0004966583219356835,1.3581836810772074e-07,0.6592962741851807,,
/kaggle/input/datasets/tawsifurrahman/covid19-radiography-database/COVID-19_Radiography_Dataset/Lung_Opacity/images/Lung_Opacity-3587.png,Lung_Opacity,Lung_Opacity,2.80679469142342e-05,0.999576985836029,0.0003948126395698637,1.592190130850213e-07,0.676588773727417,0.40910953283309937,0.40910953283309937
/kaggle/input/datasets/tawsifurrahman/covid19-radiography-database/COVID-19_Radiography_Dataset/Lung_Opacity/images/Lung_Opacity-360.png,Lung_Opacity,Lung_Opacity,7.956039917189628e-05,0.9363678693771362,0.06355255842208862,3.3289815348780394e-08,0.6556639075279236,0.24050308763980865,0.24050308763980865
/kaggle/input/datasets/tawsifurrahman/covid19-radiography-database/COVID-19_Radiography_Dataset/Lung_Opacity/images/Lung_Opacity-3604.png,Lung_Opacity,Lung_Opacity,3.2014270345825935e-08,0.9998471736907959,0.0001527524582343176,1.9131101147706886e-09,0.6617082357406616,,
/kaggle/input/datasets/tawsifurrahman/covid19-radiography-database/COVID-19_Radiography_Dataset/Lung_Opacity/images/Lung_Opacity-3623.png,Lung_Opacity,Lung_Opacity,1.6542259118068614e-08,0.9999725818634033,2.690047404030338e-05,4.866820404458849e-07,0.554634153842926,,
/kaggle/input/datasets/tawsifurrahman/covid19-radiography-database/COVID-19_Radiography_Dataset/Lung_Opacity/images/Lung_Opacity-363.png,Lung_Opacity,Lung_Opacity,1.183088738088145e-08,0.9999808073043823,1.9235603758716024e-05,6.430526333645048e-09,0.5636870265007019,,
/kaggle/input/datasets/tawsifurrahman/covid19-radiography-database/COVID-19_Radiography_Dataset/Lung_Opacity/images/Lung_Opacity-3631.png,Lung_Opacity,Lung_Opacity,8.26212982474317e-08,0.9999959468841553,3.6106798688706476e-06,3.109667545686534e-07,0.5238827466964722,0.30610448122024536,0.30610448122024536
/kaggle/input/datasets/tawsifurrahman/covid19-radiography-database/COVID-19_Radiography_Dataset/Lung_Opacity/images/Lung_Opacity-364.png,Lung_Opacity,Lung_Opacity,5.616547227305091e-08,0.9995573163032532,0.00044266448821872473,4.960975033552195e-11,0.5137448906898499,,
/kaggle/input/datasets/tawsifurrahman/covid19-radiography-database/COVID-19_Radiography_Dataset/Lung_Opacity/images/Lung_Opacity-3641.png,Lung_Opacity,Lung_Opacity,0.019126759842038155,0.980593204498291,0.0002800326037686318,4.036270340179726e-08,0.6878263354301453,0.3807815611362457,0.3807815611362457
/kaggle/input/datasets/tawsifurrahman/covid19-radiography-database/COVID-19_Radiography_Dataset/Lung_Opacity/images/Lung_Opacity-3642.png,Lung_Opacity,Lung_Opacity,9.101822797674686e-07,0.9988784193992615,0.0011206280905753374,4.397760022811781e-08,0.649386465549469,,
/kaggle/input/datasets/tawsifurrahman/covid19-radiography-database/COVID-19_Radiography_Dataset/Lung_Opacity/images/Lung_Opacity-3646.png,Lung_Opacity,Lung_Opacity,0.005016077309846878,0.9941699504852295,0.0008139882702380419,3.540471382734722e-08,0.5960383415222168,,
/kaggle/input/datasets/tawsifurrahman/covid19-radiography-database/COVID-19_Radiography_Dataset/Lung_Opacity/images/Lung_Opacity-3650.png,Lung_Opacity,Lung_Opacity,7.211594493128359e-06,0.9999679327011108,2.4549357476644218e-05,3.124330021364585e-07,0.6000387668609619,,
/kaggle/input/datasets/tawsifurrahman/covid19-radiography-database/COVID-19_Radiography_Dataset/Lung_Opacity/images/Lung_Opacity-3654.png,Lung_Opacity,Lung_Opacity,8.457324440769298e-08,0.9999966621398926,3.2320049285772257e-06,1.30241339935111e-09,0.663557767868042,0.46313542127609253,0.46313542127609253
/kaggle/input/datasets/tawsifurrahman/covid19-radiography-database/COVID-19_Radiography_Dataset/Lung_Opacity/images/Lung_Opacity-3657.png,Lung_Opacity,Lung_Opacity,2.2144757849673624e-07,0.9999791383743286,3.6167929806651955e-07,2.0275681890780106e-05,0.7103399634361267,0.4540367126464844,0.4540367126464844
/kaggle/input/datasets/tawsifurrahman/covid19-radiography-database/COVID-19_Radiography_Dataset/Lung_Opacity/images/Lung_Opacity-3667.png,Lung_Opacity,Lung_Opacity,1.4135248704860714e-07,0.9996030926704407,0.0003967566299252212,7.265478885187804e-09,0.6234901547431946,,
/kaggle/input/datasets/tawsifurrahman/covid19-radiography-database/COVID-19_Radiography_Dataset/Lung_Opacity/images/Lung_Opacity-3668.png,Lung_Opacity,Lung_Opacity,5.886727012693882e-05,0.9990310668945312,0.0009099538438022137,7.709820692980429e-08,0.5979346632957458,,
/kaggle/input/datasets/tawsifurrahman/covid19-radiography-database/COVID-19_Radiography_Dataset/Lung_Opacity/images/Lung_Opacity-367.png,Lung_Opacity,Lung_Opacity,2.9501119325203717e-09,0.9999842643737793,1.576111390022561e-05,2.622361494619696e-10,0.7027154564857483,0.39867737889289856,0.39867737889289856
/kaggle/input/datasets/tawsifurrahman/covid19-radiography-database/COVID-19_Radiography_Dataset/Lung_Opacity/images/Lung_Opacity-3673.png,Lung_Opacity,Lung_Opacity,6.892971100569412e-07,0.999700665473938,0.0002986157196573913,2.578906532768599e-10,0.6576470136642456,0.26865336298942566,0.26865336298942566
/kaggle/input/datasets/tawsifurrahman/covid19-radiography-database/COVID-19_Radiography_Dataset/Lung_Opacity/images/Lung_Opacity-3679.png,Lung_Opacity,Lung_Opacity,2.0160670999302965e-07,0.9999688863754272,3.0910803616279736e-05,5.758764576313524e-10,0.5481586456298828,0.3155222535133362,0.3155222535133362
/kaggle/input/datasets/tawsifurrahman/covid19-radiography-database/COVID-19_Radiography_Dataset/Lung_Opacity/images/Lung_Opacity-3694.png,Lung_Opacity,Lung_Opacity,5.8197720420594123e-08,0.9999736547470093,2.633071198943071e-05,8.105479842868135e-09,0.6415046453475952,0.33400869369506836,0.33400869369506836
/kaggle/input/datasets/tawsifurrahman/covid19-radiography-database/COVID-19_Radiography_Dataset/Lung_Opacity/images/Lung_Opacity-3706.png,Lung_Opacity,Lung_Opacity,2.3306242837861646e-06,0.9997304081916809,0.00026707618962973356,1.352386647113235e-07,0.6326712369918823,,
/kaggle/input/datasets/tawsifurrahman/covid19-radiography-database/COVID-19_Radiography_Dataset/Lung_Opacity/images/Lung_Opacity-3717.png,Lung_Opacity,Lung_Opacity,3.369123305674293e-06,0.999993085861206,3.566875420801807e-06,1.8017412214965667e-11,0.5825473666191101,0.29977792501449585,0.29977792501449585
/kaggle/input/datasets/tawsifurrahman/covid19-radiography-database/COVID-19_Radiography_Dataset/Lung_Opacity/images/Lung_Opacity-3726.png,Lung_Opacity,Normal,0.0008152424707077444,0.44093549251556396,0.558183491230011,6.580383342225105e-05,0.6411752104759216,,
/kaggle/input/datasets/tawsifurrahman/covid19-radiography-database/COVID-19_Radiography_Dataset/Lung_Opacity/images/Lung_Opacity-3743.png,Lung_Opacity,Lung_Opacity,1.4881528898058605e-07,0.9999991655349731,7.393175565084675e-07,5.342426501186992e-10,0.6756358742713928,,
/kaggle/input/datasets/tawsifurrahman/covid19-radiography-database/COVID-19_Radiography_Dataset/Lung_Opacity/images/Lung_Opacity-3755.png,Lung_Opacity,Lung_Opacity,0.00012739849626086652,0.9994027614593506,0.0004687379114329815,1.0700500752136577e-06,0.6765897870063782,,
/kaggle/input/datasets/tawsifurrahman/covid19-radiography-database/COVID-19_Radiography_Dataset/Lung_Opacity/images/Lung_Opacity-3759.png,Lung_Opacity,Lung_Opacity,1.1407719284761697e-05,0.9969172477722168,0.0030711397994309664,1.9932105033149128e-07,0.5813112258911133,0.23399366438388824,0.23399366438388824
/kaggle/input/datasets/tawsifurrahman/covid19-radiography-database/COVID-19_Radiography_Dataset/Lung_Opacity/images/Lung_Opacity-3764.png,Lung_Opacity,Lung_Opacity,4.4938897048041326e-08,0.9986875653266907,0.0013124451506882906,2.2773923191721224e-08,0.587380051612854,,
/kaggle/input/datasets/tawsifurrahman/covid19-radiography-database/COVID-19_Radiography_Dataset/Lung_Opacity/images/Lung_Opacity-3765.png,Lung_Opacity,Lung_Opacity,9.095209861698095e-06,0.9950319528579712,0.0049545723013579845,4.409112989378627e-06,0.5597406029701233,0.23352178931236267,0.23352178931236267
/kaggle/input/datasets/tawsifurrahman/covid19-radiography-database/COVID-19_Radiography_Dataset/Lung_Opacity/images/Lung_Opacity-3767.png,Lung_Opacity,Lung_Opacity,6.469551408372354e-06,0.9999909400939941,1.856752646745008e-06,6.827745551163389e-07,0.703372597694397,,
/kaggle/input/datasets/tawsifurrahman/covid19-radiography-database/COVID-19_Radiography_Dataset/Lung_Opacity/images/Lung_Opacity-3768.png,Lung_Opacity,Normal,0.00015309147420339286,0.4615870416164398,0.5382598638534546,5.5545288368819e-09,0.6347826719284058,0.25169914960861206,0.25169914960861206
/kaggle/input/datasets/tawsifurrahman/covid19-radiography-database/COVID-19_Radiography_Dataset/Lung_Opacity/images/Lung_Opacity-378.png,Lung_Opacity,Lung_Opacity,0.001395014813169837,0.9712121486663818,0.027362417429685593,3.0446768505498767e-05,0.6562732458114624,,
/kaggle/input/datasets/tawsifurrahman/covid19-radiography-database/COVID-19_Radiography_Dataset/Lung_Opacity/images/Lung_Opacity-3782.png,Lung_Opacity,Lung_Opacity,8.14715477304162e-08,0.9999746084213257,2.5283532522735186e-05,1.2370322821642077e-10,0.5111415386199951,,
/kaggle/input/datasets/tawsifurrahman/covid19-radiography-database/COVID-19_Radiography_Dataset/Lung_Opacity/images/Lung_Opacity-3786.png,Lung_Opacity,Lung_Opacity,5.444396151688125e-07,0.9987941980361938,0.0012050934601575136,9.177839643825791e-08,0.6717571020126343,,
/kaggle/input/datasets/tawsifurrahman/covid19-radiography-database/COVID-19_Radiography_Dataset/Lung_Opacity/images/Lung_Opacity-3792.png,Lung_Opacity,Lung_Opacity,7.000196688977667e-08,0.9997201561927795,0.00027958673308603466,9.758991126318506e-08,0.5911852121353149,0.21754427254199982,0.21754427254199982
/kaggle/input/datasets/tawsifurrahman/covid19-radiography-database/COVID-19_Radiography_Dataset/Lung_Opacity/images/Lung_Opacity-3793.png,Lung_Opacity,Lung_Opacity,1.3346483683562838e-05,0.9957279562950134,0.00425867922604084,6.423431786473088e-10,0.6779723763465881,,
/kaggle/input/datasets/tawsifurrahman/covid19-radiography-database/COVID-19_Radiography_Dataset/Lung_Opacity/images/Lung_Opacity-3808.png,Lung_Opacity,Lung_Opacity,4.466573955141939e-05,0.9999363422393799,1.8951664969790727e-05,8.350647950905454e-10,0.6624106764793396,,
/kaggle/input/datasets/tawsifurrahman/covid19-radiography-database/COVID-19_Radiography_Dataset/Lung_Opacity/images/Lung_Opacity-3815.png,Lung_Opacity,Lung_Opacity,6.853702507214621e-05,0.8494413495063782,0.1504894644021988,6.175362159410724e-07,0.6611517667770386,,
/kaggle/input/datasets/tawsifurrahman/covid19-radiography-database/COVID-19_Radiography_Dataset/Lung_Opacity/images/Lung_Opacity-3821.png,Lung_Opacity,Lung_Opacity,6.58256311680816e-08,0.991489827632904,0.008499947376549244,1.019938827084843e-05,0.49588462710380554,0.1332024782896042,0.1332024782896042
/kaggle/input/datasets/tawsifurrahman/covid19-radiography-database/COVID-19_Radiography_Dataset/Lung_Opacity/images/Lung_Opacity-3829.png,Lung_Opacity,Lung_Opacity,0.0007192509365268052,0.9990226030349731,0.0002573849633336067,7.353680757660186e-07,0.5418881177902222,0.3299632668495178,0.3299632668495178
/kaggle/input/datasets/tawsifurrahman/covid19-radiography-database/COVID-19_Radiography_Dataset/Lung_Opacity/images/Lung_Opacity-384.png,Lung_Opacity,Lung_Opacity,1.0384933375462424e-06,0.9999866485595703,1.1992304280283861e-05,3.2796063464957115e-07,0.7483452558517456,0.4406150281429291,0.4406150281429291
/kaggle/input/datasets/tawsifurrahman/covid19-radiography-database/COVID-19_Radiography_Dataset/Lung_Opacity/images/Lung_Opacity-3845.png,Lung_Opacity,Lung_Opacity,0.0002367107808822766,0.9963991641998291,0.003362922463566065,1.1584717185542104e-06,0.5894525051116943,,
/kaggle/input/datasets/tawsifurrahman/covid19-radiography-database/COVID-19_Radiography_Dataset/Lung_Opacity/images/Lung_Opacity-3853.png,Lung_Opacity,Lung_Opacity,1.371285520690435e-06,0.9365136027336121,0.0634838193655014,1.265853711629461e-06,0.6666913032531738,,
/kaggle/input/datasets/tawsifurrahman/covid19-radiography-database/COVID-19_Radiography_Dataset/Lung_Opacity/images/Lung_Opacity-3855.png,Lung_Opacity,Lung_Opacity,0.0001709873613435775,0.7600250840187073,0.23979204893112183,1.184956909128232e-05,0.6578249931335449,,
/kaggle/input/datasets/tawsifurrahman/covid19-radiography-database/COVID-19_Radiography_Dataset/Lung_Opacity/images/Lung_Opacity-3870.png,Lung_Opacity,Lung_Opacity,4.563530455925502e-05,0.9999182224273682,3.615844980231486e-05,4.3786478443053056e-08,0.5783049464225769,,
/kaggle/input/datasets/tawsifurrahman/covid19-radiography-database/COVID-19_Radiography_Dataset/Lung_Opacity/images/Lung_Opacity-3873.png,Lung_Opacity,Lung_Opacity,2.1273519450915046e-05,0.9924001693725586,0.007575309835374355,3.195399131072918e-06,0.6773330569267273,0.4143337607383728,0.4143337607383728
/kaggle/input/datasets/tawsifurrahman/covid19-radiography-database/COVID-19_Radiography_Dataset/Lung_Opacity/images/Lung_Opacity-3877.png,Lung_Opacity,Lung_Opacity,9.170504000621804e-08,0.9999833106994629,1.6621592294541188e-05,6.253498607833308e-09,0.5958452820777893,0.35304105281829834,0.35304105281829834
/kaggle/input/datasets/tawsifurrahman/covid19-radiography-database/COVID-19_Radiography_Dataset/Lung_Opacity/images/Lung_Opacity-3879.png,Lung_Opacity,Lung_Opacity,0.00381220830604434,0.9961812496185303,6.2492481447407044e-06,3.8510475519615284e-07,0.6272130608558655,,
/kaggle/input/datasets/tawsifurrahman/covid19-radiography-database/COVID-19_Radiography_Dataset/Lung_Opacity/images/Lung_Opacity-3890.png,Lung_Opacity,Normal,0.0008997453260235488,0.10461517423391342,0.8944842219352722,8.603678907093126e-07,0.6449923515319824,,
/kaggle/input/datasets/tawsifurrahman/covid19-radiography-database/COVID-19_Radiography_Dataset/Lung_Opacity/images/Lung_Opacity-3892.png,Lung_Opacity,Lung_Opacity,0.0005783981177955866,0.9895632863044739,0.009843206033110619,1.5111393622646574e-05,0.6027933955192566,0.31664952635765076,0.31664952635765076
/kaggle/input/datasets/tawsifurrahman/covid19-radiography-database/COVID-19_Radiography_Dataset/Lung_Opacity/images/Lung_Opacity-3894.png,Lung_Opacity,Lung_Opacity,6.785601160824717e-12,0.9998767375946045,0.00012325205898378044,3.408204621302424e-11,0.5253788232803345,0.2532181441783905,0.2532181441783905
/kaggle/input/datasets/tawsifurrahman/covid19-radiography-database/COVID-19_Radiography_Dataset/Lung_Opacity/images/Lung_Opacity-3895.png,Lung_Opacity,Lung_Opacity,1.724308094708249e-05,0.9998283386230469,0.00015230126155074686,2.1306041162461042e-06,0.6890352964401245,0.39828917384147644,0.39828917384147644
/kaggle/input/datasets/tawsifurrahman/covid19-radiography-database/COVID-19_Radiography_Dataset/Lung_Opacity/images/Lung_Opacity-3896.png,Lung_Opacity,Lung_Opacity,1.4376772696778062e-06,0.9989767074584961,0.0010219148825854063,4.619379012638092e-08,0.5245152711868286,,
/kaggle/input/datasets/tawsifurrahman/covid19-radiography-database/COVID-19_Radiography_Dataset/Lung_Opacity/images/Lung_Opacity-3898.png,Lung_Opacity,Lung_Opacity,8.190852895495482e-06,0.999333918094635,0.000657512980978936,3.2120914283950697e-07,0.7026710510253906,0.35735780000686646,0.35735780000686646
/kaggle/input/datasets/tawsifurrahman/covid19-radiography-database/COVID-19_Radiography_Dataset/Lung_Opacity/images/Lung_Opacity-3899.png,Lung_Opacity,Normal,7.528265996370465e-05,0.3093160390853882,0.6906086206436157,1.0548839668444998e-07,0.621036171913147,,
/kaggle/input/datasets/tawsifurrahman/covid19-radiography-database/COVID-19_Radiography_Dataset/Lung_Opacity/images/Lung_Opacity-39.png,Lung_Opacity,Lung_Opacity,4.270746103429701e-06,0.9988712668418884,0.0011243417393416166,1.1278387290758474e-07,0.6641108393669128,,
/kaggle/input/datasets/tawsifurrahman/covid19-radiography-database/COVID-19_Radiography_Dataset/Lung_Opacity/images/Lung_Opacity-3902.png,Lung_Opacity,Lung_Opacity,2.8419112823030446e-06,0.9997010827064514,0.00029598671244457364,3.6130622049768135e-08,0.5925495028495789,,
/kaggle/input/datasets/tawsifurrahman/covid19-radiography-database/COVID-19_Radiography_Dataset/Lung_Opacity/images/Lung_Opacity-3903.png,Lung_Opacity,Lung_Opacity,6.721323006786406e-05,0.9006587862968445,0.09927398711442947,4.525301022795247e-08,0.6688516139984131,,
/kaggle/input/datasets/tawsifurrahman/covid19-radiography-database/COVID-19_Radiography_Dataset/Lung_Opacity/images/Lung_Opacity-3908.png,Lung_Opacity,Lung_Opacity,9.991120350605343e-06,0.9999552965164185,3.4617263736436144e-05,1.482102476302316e-07,0.6504958868026733,0.3880947530269623,0.3880947530269623
/kaggle/input/datasets/tawsifurrahman/covid19-radiography-database/COVID-19_Radiography_Dataset/Lung_Opacity/images/Lung_Opacity-3912.png,Lung_Opacity,Lung_Opacity,2.3659795260755345e-06,0.9975792765617371,0.0024184014182537794,2.7627169885136027e-08,0.6049943566322327,,
/kaggle/input/datasets/tawsifurrahman/covid19-radiography-database/COVID-19_Radiography_Dataset/Lung_Opacity/images/Lung_Opacity-3920.png,Lung_Opacity,Lung_Opacity,5.581090135819977e-06,0.9995262622833252,0.0004607446026057005,7.3509468165866565e-06,0.5556424260139465,,
/kaggle/input/datasets/tawsifurrahman/covid19-radiography-database/COVID-19_Radiography_Dataset/Lung_Opacity/images/Lung_Opacity-3923.png,Lung_Opacity,Lung_Opacity,4.357370562502183e-05,0.999954104423523,2.3532502382295206e-06,5.080073606222868e-08,0.5426556468009949,,
/kaggle/input/datasets/tawsifurrahman/covid19-radiography-database/COVID-19_Radiography_Dataset/Lung_Opacity/images/Lung_Opacity-3924.png,Lung_Opacity,Lung_Opacity,3.377924076630734e-05,0.9998317956924438,0.0001334334519924596,9.042137207870837e-07,0.6221265196800232,,
/kaggle/input/datasets/tawsifurrahman/covid19-radiography-database/COVID-19_Radiography_Dataset/Lung_Opacity/images/Lung_Opacity-3927.png,Lung_Opacity,Normal,9.964167475118302e-06,0.21584497392177582,0.7841448187828064,2.346541236875055e-07,0.6030555367469788,0.2099616825580597,0.2099616825580597
/kaggle/input/datasets/tawsifurrahman/covid19-radiography-database/COVID-19_Radiography_Dataset/Lung_Opacity/images/Lung_Opacity-3929.png,Lung_Opacity,Lung_Opacity,0.0001844997314037755,0.9728761315345764,0.026935258880257607,4.028430339531042e-06,0.5734397172927856,,
/kaggle/input/datasets/tawsifurrahman/covid19-radiography-database/COVID-19_Radiography_Dataset/Lung_Opacity/images/Lung_Opacity-3931.png,Lung_Opacity,Normal,1.2516976539700408e-06,0.39891839027404785,0.6010789275169373,1.44777743571467e-06,0.7400354146957397,0.19156968593597412,0.19156968593597412
/kaggle/input/datasets/tawsifurrahman/covid19-radiography-database/COVID-19_Radiography_Dataset/Lung_Opacity/images/Lung_Opacity-3935.png,Lung_Opacity,Lung_Opacity,6.430617531805183e-07,0.9999023675918579,9.695406333776191e-05,3.649713065101423e-08,0.5678749680519104,0.2022443562746048,0.2022443562746048
/kaggle/input/datasets/tawsifurrahman/covid19-radiography-database/COVID-19_Radiography_Dataset/Lung_Opacity/images/Lung_Opacity-3940.png,Lung_Opacity,Lung_Opacity,9.924428923113737e-06,0.7703902125358582,0.22955916821956635,4.068499765708111e-05,0.5444639921188354,,
/kaggle/input/datasets/tawsifurrahman/covid19-radiography-database/COVID-19_Radiography_Dataset/Lung_Opacity/images/Lung_Opacity-3942.png,Lung_Opacity,Lung_Opacity,7.100938091753051e-05,0.9903920888900757,0.009507672861218452,2.9239266950753517e-05,0.6586843132972717,0.2097523808479309,0.2097523808479309
/kaggle/input/datasets/tawsifurrahman/covid19-radiography-database/COVID-19_Radiography_Dataset/Lung_Opacity/images/Lung_Opacity-3945.png,Lung_Opacity,Lung_Opacity,1.186720396617602e-06,0.9878998398780823,0.01209853682667017,4.937809308103169e-07,0.5635032057762146,,
/kaggle/input/datasets/tawsifurrahman/covid19-radiography-database/COVID-19_Radiography_Dataset/Lung_Opacity/images/Lung_Opacity-3947.png,Lung_Opacity,Normal,8.528816124453442e-07,0.4424991011619568,0.5574032068252563,9.684611723059788e-05,0.6095634698867798,,
/kaggle/input/datasets/tawsifurrahman/covid19-radiography-database/COVID-19_Radiography_Dataset/Lung_Opacity/images/Lung_Opacity-3956.png,Lung_Opacity,Lung_Opacity,1.6564735361157545e-08,0.9999915361404419,8.403823812841438e-06,4.437747502805678e-09,0.6538731455802917,,
/kaggle/input/datasets/tawsifurrahman/covid19-radiography-database/COVID-19_Radiography_Dataset/Lung_Opacity/images/Lung_Opacity-396.png,Lung_Opacity,Lung_Opacity,1.2794586837117095e-05,0.9998137354850769,0.00016995467012748122,3.580480324671953e-06,0.5557494759559631,0.34011924266815186,0.34011924266815186
/kaggle/input/datasets/tawsifurrahman/covid19-radiography-database/COVID-19_Radiography_Dataset/Lung_Opacity/images/Lung_Opacity-3963.png,Lung_Opacity,Lung_Opacity,1.7658149999988382e-06,0.9924595952033997,0.007538667879998684,5.150189252844939e-08,0.6179531216621399,,
/kaggle/input/datasets/tawsifurrahman/covid19-radiography-database/COVID-19_Radiography_Dataset/Lung_Opacity/images/Lung_Opacity-3970.png,Lung_Opacity,Lung_Opacity,0.007124995347112417,0.9801234602928162,0.012750528752803802,9.956168014468858e-07,0.6270489692687988,,
/kaggle/input/datasets/tawsifurrahman/covid19-radiography-database/COVID-19_Radiography_Dataset/Lung_Opacity/images/Lung_Opacity-3972.png,Lung_Opacity,Lung_Opacity,1.4180410801145626e-07,0.9994884729385376,0.0005113931256346405,1.0633411484661792e-08,0.6626397967338562,,
/kaggle/input/datasets/tawsifurrahman/covid19-radiography-database/COVID-19_Radiography_Dataset/Lung_Opacity/images/Lung_Opacity-3977.png,Lung_Opacity,Lung_Opacity,1.3184201179683441e-06,0.9996523857116699,0.00034419234725646675,2.1640933027811116e-06,0.5010793805122375,0.2547863721847534,0.2547863721847534
/kaggle/input/datasets/tawsifurrahman/covid19-radiography-database/COVID-19_Radiography_Dataset/Lung_Opacity/images/Lung_Opacity-3981.png,Lung_Opacity,Normal,2.285837399540469e-05,0.1283855140209198,0.8715856075286865,6.022405159455957e-06,0.6067730188369751,0.22185055911540985,0.22185055911540985
/kaggle/input/datasets/tawsifurrahman/covid19-radiography-database/COVID-19_Radiography_Dataset/Lung_Opacity/images/Lung_Opacity-3986.png,Lung_Opacity,Lung_Opacity,0.0008320988272316754,0.9320758581161499,0.06709089875221252,1.1079782780143432e-06,0.6360176205635071,,
/kaggle/input/datasets/tawsifurrahman/covid19-radiography-database/COVID-19_Radiography_Dataset/Lung_Opacity/images/Lung_Opacity-3993.png,Lung_Opacity,Lung_Opacity,0.0005511186900548637,0.8349101543426514,0.1645384430885315,2.9946002655378834e-07,0.6613317131996155,,
/kaggle/input/datasets/tawsifurrahman/covid19-radiography-database/COVID-19_Radiography_Dataset/Lung_Opacity/images/Lung_Opacity-4004.png,Lung_Opacity,Lung_Opacity,3.126982119283639e-05,0.9998369216918945,0.000126820697914809,4.974363491783151e-06,0.6983169913291931,,
/kaggle/input/datasets/tawsifurrahman/covid19-radiography-database/COVID-19_Radiography_Dataset/Lung_Opacity/images/Lung_Opacity-4005.png,Lung_Opacity,Normal,3.297860166640021e-05,0.16925427317619324,0.8307124972343445,2.945587311842246e-07,0.6158144474029541,0.2818957567214966,0.2818957567214966
/kaggle/input/datasets/tawsifurrahman/covid19-radiography-database/COVID-19_Radiography_Dataset/Lung_Opacity/images/Lung_Opacity-4006.png,Lung_Opacity,Lung_Opacity,4.7009487502691627e-07,0.993367612361908,0.006631575990468264,3.7337599678721745e-07,0.3971989154815674,,
/kaggle/input/datasets/tawsifurrahman/covid19-radiography-database/COVID-19_Radiography_Dataset/Lung_Opacity/images/Lung_Opacity-4007.png,Lung_Opacity,Lung_Opacity,0.00013446352386381477,0.9560505151748657,0.04381505399942398,1.5174093925818255e-10,0.6589722037315369,,
/kaggle/input/datasets/tawsifurrahman/covid19-radiography-database/COVID-19_Radiography_Dataset/Lung_Opacity/images/Lung_Opacity-402.png,Lung_Opacity,Lung_Opacity,9.833210867782327e-08,0.9838986992835999,0.016100896522402763,3.286322396434116e-07,0.5039152503013611,0.16987325251102448,0.16987325251102448
/kaggle/input/datasets/tawsifurrahman/covid19-radiography-database/COVID-19_Radiography_Dataset/Lung_Opacity/images/Lung_Opacity-4020.png,Lung_Opacity,Lung_Opacity,6.146854138933122e-05,0.9991670846939087,0.0004034382291138172,0.0003680744266603142,0.5568493604660034,,
/kaggle/input/datasets/tawsifurrahman/covid19-radiography-database/COVID-19_Radiography_Dataset/Lung_Opacity/images/Lung_Opacity-4026.png,Lung_Opacity,Lung_Opacity,2.319581426490913e-06,0.9531753063201904,0.046822234988212585,9.692058000609904e-08,0.6771550178527832,,
/kaggle/input/datasets/tawsifurrahman/covid19-radiography-database/COVID-19_Radiography_Dataset/Lung_Opacity/images/Lung_Opacity-4028.png,Lung_Opacity,Lung_Opacity,6.35870237601921e-05,0.9760193228721619,0.023915769532322884,1.2332897085798322e-06,0.595043957233429,,
/kaggle/input/datasets/tawsifurrahman/covid19-radiography-database/COVID-19_Radiography_Dataset/Lung_Opacity/images/Lung_Opacity-4034.png,Lung_Opacity,Lung_Opacity,1.1091484501679627e-11,0.9936521053314209,0.006347884424030781,2.9824029912361993e-09,0.6379050016403198,,
/kaggle/input/datasets/tawsifurrahman/covid19-radiography-database/COVID-19_Radiography_Dataset/Lung_Opacity/images/Lung_Opacity-4044.png,Lung_Opacity,Normal,1.648490251682233e-05,0.1717456430196762,0.8282378315925598,4.833509592572227e-09,0.6589410305023193,,
/kaggle/input/datasets/tawsifurrahman/covid19-radiography-database/COVID-19_Radiography_Dataset/Lung_Opacity/images/Lung_Opacity-4045.png,Lung_Opacity,Lung_Opacity,2.1990879758959636e-05,0.9649974703788757,0.034957967698574066,2.2592173991142772e-05,0.6628727316856384,0.21782158315181732,0.21782158315181732
/kaggle/input/datasets/tawsifurrahman/covid19-radiography-database/COVID-19_Radiography_Dataset/Lung_Opacity/images/Lung_Opacity-405.png,Lung_Opacity,Lung_Opacity,2.053949356195517e-05,0.9986097812652588,0.0013695972738787532,8.479046353926378e-10,0.6765360236167908,,
/kaggle/input/datasets/tawsifurrahman/covid19-radiography-database/COVID-19_Radiography_Dataset/Lung_Opacity/images/Lung_Opacity-4057.png,Lung_Opacity,Lung_Opacity,5.220367143010662e-07,0.7863187193870544,0.2136807143688202,6.623461779042827e-09,0.5910454392433167,,
/kaggle/input/datasets/tawsifurrahman/covid19-radiography-database/COVID-19_Radiography_Dataset/Lung_Opacity/images/Lung_Opacity-4066.png,Lung_Opacity,Lung_Opacity,0.032913465052843094,0.9657802581787109,0.0013061872450634837,1.2948591177064372e-07,0.6921601295471191,0.5095903873443604,0.5095903873443604
/kaggle/input/datasets/tawsifurrahman/covid19-radiography-database/COVID-19_Radiography_Dataset/Lung_Opacity/images/Lung_Opacity-4067.png,Lung_Opacity,Lung_Opacity,3.512274986405828e-07,0.9995032548904419,0.00030294127645902336,0.00019352846720721573,0.5262884497642517,,
/kaggle/input/datasets/tawsifurrahman/covid19-radiography-database/COVID-19_Radiography_Dataset/Lung_Opacity/images/Lung_Opacity-4071.png,Lung_Opacity,Lung_Opacity,0.00019031956617254764,0.9965240359306335,0.0032828873954713345,2.694792556212633e-06,0.418730765581131,0.22943679988384247,0.22943679988384247
/kaggle/input/datasets/tawsifurrahman/covid19-radiography-database/COVID-19_Radiography_Dataset/Lung_Opacity/images/Lung_Opacity-4073.png,Lung_Opacity,Lung_Opacity,5.562289970839629e-07,0.9999470710754395,5.237216464593075e-05,2.0686879986797635e-10,0.6494563817977905,,
/kaggle/input/datasets/tawsifurrahman/covid19-radiography-database/COVID-19_Radiography_Dataset/Lung_Opacity/images/Lung_Opacity-408.png,Lung_Opacity,Lung_Opacity,1.4227908650354948e-05,0.999862551689148,0.00012317394430283457,7.07223035689708e-09,0.5535239577293396,,
/kaggle/input/datasets/tawsifurrahman/covid19-radiography-database/COVID-19_Radiography_Dataset/Lung_Opacity/images/Lung_Opacity-4081.png,Lung_Opacity,Normal,0.0013464608928188682,0.15749771893024445,0.8411558270454407,4.886527094072335e-08,0.6109128594398499,0.17712464928627014,0.17712464928627014
/kaggle/input/datasets/tawsifurrahman/covid19-radiography-database/COVID-19_Radiography_Dataset/Lung_Opacity/images/Lung_Opacity-4082.png,Lung_Opacity,Lung_Opacity,6.884834874654189e-05,0.9991406202316284,0.0007836149889044464,6.85559007251868e-06,0.6382550001144409,,
/kaggle/input/datasets/tawsifurrahman/covid19-radiography-database/COVID-19_Radiography_Dataset/Lung_Opacity/images/Lung_Opacity-4086.png,Lung_Opacity,Normal,8.057368177105673e-07,0.12826035916805267,0.8717387914657593,1.0373789605111483e-09,0.7076897621154785,0.25780948996543884,0.25780948996543884
/kaggle/input/datasets/tawsifurrahman/covid19-radiography-database/COVID-19_Radiography_Dataset/Lung_Opacity/images/Lung_Opacity-4094.png,Lung_Opacity,Normal,3.433406527619809e-05,0.04219815135002136,0.9577674269676208,2.5241844170409422e-08,0.643626868724823,0.27758049964904785,0.27758049964904785
/kaggle/input/datasets/tawsifurrahman/covid19-radiography-database/COVID-19_Radiography_Dataset/Lung_Opacity/images/Lung_Opacity-4103.png,Lung_Opacity,Lung_Opacity,3.7970651192154037e-06,0.9946045279502869,0.005390625447034836,1.0901934501816868e-06,0.5286203622817993,0.289076566696167,0.289076566696167
/kaggle/input/datasets/tawsifurrahman/covid19-radiography-database/COVID-19_Radiography_Dataset/Lung_Opacity/images/Lung_Opacity-4114.png,Lung_Opacity,Normal,0.0016083037480711937,0.3429527282714844,0.6554389595985413,2.7881119635253526e-08,0.6265594363212585,,
/kaggle/input/datasets/tawsifurrahman/covid19-radiography-database/COVID-19_Radiography_Dataset/Lung_Opacity/images/Lung_Opacity-4128.png,Lung_Opacity,Lung_Opacity,1.6011880177302373e-07,0.9999939203262329,5.931797659286531e-06,2.2591699622154238e-09,0.6139691472053528,,
/kaggle/input/datasets/tawsifurrahman/covid19-radiography-database/COVID-19_Radiography_Dataset/Lung_Opacity/images/Lung_Opacity-4129.png,Lung_Opacity,Lung_Opacity,6.471108804362302e-07,0.9997095465660095,0.0002897893718909472,5.036451256046348e-09,0.5597067475318909,,
/kaggle/input/datasets/tawsifurrahman/covid19-radiography-database/COVID-19_Radiography_Dataset/Lung_Opacity/images/Lung_Opacity-4134.png,Lung_Opacity,Lung_Opacity,0.0009199865162372589,0.9953504800796509,0.0037287927698343992,6.900122002662101e-07,0.5755996108055115,,
/kaggle/input/datasets/tawsifurrahman/covid19-radiography-database/COVID-19_Radiography_Dataset/Lung_Opacity/images/Lung_Opacity-4160.png,Lung_Opacity,Lung_Opacity,4.920084847981343e-06,0.9891194105148315,0.01087450422346592,1.2226054195707547e-06,0.6681603193283081,,
/kaggle/input/datasets/tawsifurrahman/covid19-radiography-database/COVID-19_Radiography_Dataset/Lung_Opacity/images/Lung_Opacity-4163.png,Lung_Opacity,Normal,1.2751279427902773e-05,0.13165466487407684,0.8683325052261353,7.746731256474959e-08,0.5727100968360901,,
/kaggle/input/datasets/tawsifurrahman/covid19-radiography-database/COVID-19_Radiography_Dataset/Lung_Opacity/images/Lung_Opacity-419.png,Lung_Opacity,Lung_Opacity,0.00018262614321429282,0.7746880650520325,0.22512921690940857,6.704291877213109e-08,0.692431628704071,0.286234587430954,0.286234587430954
/kaggle/input/datasets/tawsifurrahman/covid19-radiography-database/COVID-19_Radiography_Dataset/Lung_Opacity/images/Lung_Opacity-4195.png,Lung_Opacity,Lung_Opacity,4.873681245953776e-05,0.9997895359992981,0.00016158334619831294,8.593677591761661e-08,0.6850939989089966,,
/kaggle/input/datasets/tawsifurrahman/covid19-radiography-database/COVID-19_Radiography_Dataset/Lung_Opacity/images/Lung_Opacity-4198.png,Lung_Opacity,Normal,1.4310109690995887e-05,0.27957138419151306,0.7204128503799438,1.4413963072001934e-06,0.6408923864364624,,
/kaggle/input/datasets/tawsifurrahman/covid19-radiography-database/COVID-19_Radiography_Dataset/Lung_Opacity/images/Lung_Opacity-4202.png,Lung_Opacity,Normal,0.00013043376384302974,0.02120504528284073,0.9786645174026489,2.3695843509585757e-08,0.6389619708061218,,
/kaggle/input/datasets/tawsifurrahman/covid19-radiography-database/COVID-19_Radiography_Dataset/Lung_Opacity/images/Lung_Opacity-4205.png,Lung_Opacity,Lung_Opacity,3.120228711850359e-06,0.9922316074371338,0.007750523276627064,1.4663062756881118e-05,0.6425700187683105,,
/kaggle/input/datasets/tawsifurrahman/covid19-radiography-database/COVID-19_Radiography_Dataset/Lung_Opacity/images/Lung_Opacity-4220.png,Lung_Opacity,Lung_Opacity,4.3558006979083075e-08,0.678239107131958,0.3217608630657196,2.6997645008464133e-08,0.6412444114685059,,
/kaggle/input/datasets/tawsifurrahman/covid19-radiography-database/COVID-19_Radiography_Dataset/Lung_Opacity/images/Lung_Opacity-4223.png,Lung_Opacity,Lung_Opacity,8.19688466435764e-07,0.9996376037597656,0.0003615330206230283,1.1096764396256731e-08,0.6050124764442444,,
/kaggle/input/datasets/tawsifurrahman/covid19-radiography-database/COVID-19_Radiography_Dataset/Lung_Opacity/images/Lung_Opacity-4227.png,Lung_Opacity,Lung_Opacity,0.008335285820066929,0.9904204607009888,0.0012441050494089723,8.900913428533386e-08,0.607245683670044,,
/kaggle/input/datasets/tawsifurrahman/covid19-radiography-database/COVID-19_Radiography_Dataset/Lung_Opacity/images/Lung_Opacity-4230.png,Lung_Opacity,Lung_Opacity,4.622610049409559e-06,0.9977942705154419,0.002200811868533492,2.980026465593255e-07,0.5791813135147095,,
/kaggle/input/datasets/tawsifurrahman/covid19-radiography-database/COVID-19_Radiography_Dataset/Lung_Opacity/images/Lung_Opacity-4238.png,Lung_Opacity,Lung_Opacity,0.0002777455956675112,0.9996906518936157,1.6028563550207764e-05,1.5628873370587826e-05,0.5353004932403564,,
/kaggle/input/datasets/tawsifurrahman/covid19-radiography-database/COVID-19_Radiography_Dataset/Lung_Opacity/images/Lung_Opacity-4241.png,Lung_Opacity,Lung_Opacity,1.4899920870448113e-06,0.9848247170448303,0.015173726715147495,1.6479280162684518e-08,0.6567464470863342,0.22832132875919342,0.22832132875919342
/kaggle/input/datasets/tawsifurrahman/covid19-radiography-database/COVID-19_Radiography_Dataset/Lung_Opacity/images/Lung_Opacity-4256.png,Lung_Opacity,Lung_Opacity,2.1877401650272077e-06,0.8190104365348816,0.1809873729944229,8.403120865807523e-09,0.6482427716255188,,
/kaggle/input/datasets/tawsifurrahman/covid19-radiography-database/COVID-19_Radiography_Dataset/Lung_Opacity/images/Lung_Opacity-4259.png,Lung_Opacity,Lung_Opacity,3.873372406815179e-06,0.9964432120323181,0.0035527546424418688,6.217958770093901e-08,0.5619628429412842,0.36648574471473694,0.36648574471473694
/kaggle/input/datasets/tawsifurrahman/covid19-radiography-database/COVID-19_Radiography_Dataset/Lung_Opacity/images/Lung_Opacity-426.png,Lung_Opacity,Normal,0.014856044203042984,0.0602945014834404,0.9248484969139099,9.332476338386186e-07,0.6367178559303284,0.09487443417310715,0.09487443417310715
/kaggle/input/datasets/tawsifurrahman/covid19-radiography-database/COVID-19_Radiography_Dataset/Lung_Opacity/images/Lung_Opacity-4262.png,Lung_Opacity,Lung_Opacity,5.180475000088336e-07,0.9990113973617554,0.0009877595584839582,3.6554459370563563e-07,0.6222454905509949,,
/kaggle/input/datasets/tawsifurrahman/covid19-radiography-database/COVID-19_Radiography_Dataset/Lung_Opacity/images/Lung_Opacity-4265.png,Lung_Opacity,Lung_Opacity,0.0015227700350806117,0.6921220421791077,0.30635496973991394,1.4920399848961097e-07,0.6819577217102051,,
/kaggle/input/datasets/tawsifurrahman/covid19-radiography-database/COVID-19_Radiography_Dataset/Lung_Opacity/images/Lung_Opacity-427.png,Lung_Opacity,Lung_Opacity,2.066401293632225e-06,0.9356368780136108,0.06436090171337128,8.236599313704573e-08,0.6522611379623413,,
/kaggle/input/datasets/tawsifurrahman/covid19-radiography-database/COVID-19_Radiography_Dataset/Lung_Opacity/images/Lung_Opacity-4273.png,Lung_Opacity,Lung_Opacity,1.9795084682527886e-08,0.7778498530387878,0.22215014696121216,3.0069819967337708e-09,0.5750430822372437,,
/kaggle/input/datasets/tawsifurrahman/covid19-radiography-database/COVID-19_Radiography_Dataset/Lung_Opacity/images/Lung_Opacity-4288.png,Lung_Opacity,Lung_Opacity,2.9085605035561457e-08,0.9998751878738403,0.00012475455878302455,1.2195929821601226e-09,0.6882997751235962,0.3612595200538635,0.3612595200538635
/kaggle/input/datasets/tawsifurrahman/covid19-radiography-database/COVID-19_Radiography_Dataset/Lung_Opacity/images/Lung_Opacity-4290.png,Lung_Opacity,Lung_Opacity,6.414300202095546e-08,0.9999486207962036,5.1365648687351495e-05,4.3967024465629834e-10,0.6224010586738586,,
/kaggle/input/datasets/tawsifurrahman/covid19-radiography-database/COVID-19_Radiography_Dataset/Lung_Opacity/images/Lung_Opacity-4296.png,Lung_Opacity,Lung_Opacity,3.259229561081156e-05,0.9221815466880798,0.0777854397892952,3.9359389347737306e-07,0.6747811436653137,,
/kaggle/input/datasets/tawsifurrahman/covid19-radiography-database/COVID-19_Radiography_Dataset/Lung_Opacity/images/Lung_Opacity-4297.png,Lung_Opacity,Normal,6.416842370526865e-05,0.4615054130554199,0.5384290218353271,1.4056123518457753e-06,0.636222243309021,,
/kaggle/input/datasets/tawsifurrahman/covid19-radiography-database/COVID-19_Radiography_Dataset/Lung_Opacity/images/Lung_Opacity-43.png,Lung_Opacity,Normal,2.969950969600177e-07,0.016521979123353958,0.9834776520729065,7.113811761882971e-08,0.6111833453178406,,
/kaggle/input/datasets/tawsifurrahman/covid19-radiography-database/COVID-19_Radiography_Dataset/Lung_Opacity/images/Lung_Opacity-4302.png,Lung_Opacity,Lung_Opacity,0.00015656056348234415,0.9331183433532715,0.06667134165763855,5.37770138180349e-05,0.5819129943847656,,
/kaggle/input/datasets/tawsifurrahman/covid19-radiography-database/COVID-19_Radiography_Dataset/Lung_Opacity/images/Lung_Opacity-4311.png,Lung_Opacity,Lung_Opacity,7.826415071576776e-09,0.9787546992301941,0.021245216950774193,1.5593157343118946e-07,0.5640847682952881,,
/kaggle/input/datasets/tawsifurrahman/covid19-radiography-database/COVID-19_Radiography_Dataset/Lung_Opacity/images/Lung_Opacity-4312.png,Lung_Opacity,Lung_Opacity,1.9615388424654157e-08,0.99980229139328,0.00019750713545363396,2.130797582822197e-07,0.5314652919769287,,
/kaggle/input/datasets/tawsifurrahman/covid19-radiography-database/COVID-19_Radiography_Dataset/Lung_Opacity/images/Lung_Opacity-4317.png,Lung_Opacity,Normal,0.0018286018166691065,0.07718369364738464,0.9209830164909363,4.7603148232155945e-06,0.6933650374412537,0.30157312750816345,0.30157312750816345
/kaggle/input/datasets/tawsifurrahman/covid19-radiography-database/COVID-19_Radiography_Dataset/Lung_Opacity/images/Lung_Opacity-4328.png,Lung_Opacity,Lung_Opacity,0.0002075337979476899,0.9547670483589172,0.045024022459983826,1.3286747844176716e-06,0.6598379611968994,,
/kaggle/input/datasets/tawsifurrahman/covid19-radiography-database/COVID-19_Radiography_Dataset/Lung_Opacity/images/Lung_Opacity-4329.png,Lung_Opacity,Lung_Opacity,3.9138646457104187e-07,0.999039351940155,0.0009602028876543045,6.120275727189428e-12,0.6525238156318665,,
/kaggle/input/datasets/tawsifurrahman/covid19-radiography-database/COVID-19_Radiography_Dataset/Lung_Opacity/images/Lung_Opacity-4343.png,Lung_Opacity,Normal,2.1932921754341805e-06,0.18682850897312164,0.8131691813468933,6.164641064287935e-08,0.6616231799125671,0.2588985562324524,0.2588985562324524
/kaggle/input/datasets/tawsifurrahman/covid19-radiography-database/COVID-19_Radiography_Dataset/Lung_Opacity/images/Lung_Opacity-4345.png,Lung_Opacity,Lung_Opacity,1.2238679403253627e-07,0.9999783039093018,2.159092946385499e-05,3.399711401286254e-09,0.6152123808860779,,
/kaggle/input/datasets/tawsifurrahman/covid19-radiography-database/COVID-19_Radiography_Dataset/Lung_Opacity/images/Lung_Opacity-4372.png,Lung_Opacity,Lung_Opacity,0.049966417253017426,0.9432867765426636,0.006739608012139797,7.180482953117462e-06,0.6636452078819275,,
/kaggle/input/datasets/tawsifurrahman/covid19-radiography-database/COVID-19_Radiography_Dataset/Lung_Opacity/images/Lung_Opacity-4382.png,Lung_Opacity,Lung_Opacity,3.940804617741378e-06,0.9999556541442871,4.043608350912109e-05,6.843025257552426e-09,0.6270393133163452,0.21933560073375702,0.21933560073375702
/kaggle/input/datasets/tawsifurrahman/covid19-radiography-database/COVID-19_Radiography_Dataset/Lung_Opacity/images/Lung_Opacity-4388.png,Lung_Opacity,Lung_Opacity,1.6265661315628677e-06,0.9560402631759644,0.043958067893981934,5.489884657983168e-10,0.5965768694877625,,
/kaggle/input/datasets/tawsifurrahman/covid19-radiography-database/COVID-19_Radiography_Dataset/Lung_Opacity/images/Lung_Opacity-4391.png,Lung_Opacity,Lung_Opacity,9.226212682733603e-08,0.9986020922660828,0.0013978153001517057,2.7017074799573493e-08,0.6178345084190369,0.2575855851173401,0.2575855851173401
/kaggle/input/datasets/tawsifurrahman/covid19-radiography-database/COVID-19_Radiography_Dataset/Lung_Opacity/images/Lung_Opacity-4392.png,Lung_Opacity,Lung_Opacity,0.00020446765120141208,0.9553942680358887,0.04438811540603638,1.3216609659139067e-05,0.5167196989059448,,
/kaggle/input/datasets/tawsifurrahman/covid19-radiography-database/COVID-19_Radiography_Dataset/Lung_Opacity/images/Lung_Opacity-4403.png,Lung_Opacity,Lung_Opacity,1.4153309848552453e-06,0.9999428987503052,5.5656524637015536e-05,1.1385073994674144e-09,0.5482084155082703,0.2294730842113495,0.2294730842113495
/kaggle/input/datasets/tawsifurrahman/covid19-radiography-database/COVID-19_Radiography_Dataset/Lung_Opacity/images/Lung_Opacity-4406.png,Lung_Opacity,Normal,3.6684938095277175e-05,0.02018568105995655,0.9797776341438293,1.0069320488526046e-08,0.6658597588539124,,
/kaggle/input/datasets/tawsifurrahman/covid19-radiography-database/COVID-19_Radiography_Dataset/Lung_Opacity/images/Lung_Opacity-4415.png,Lung_Opacity,Lung_Opacity,4.392463233671151e-05,0.9320260286331177,0.06793005019426346,1.893851298007121e-08,0.6229239702224731,,
/kaggle/input/datasets/tawsifurrahman/covid19-radiography-database/COVID-19_Radiography_Dataset/Lung_Opacity/images/Lung_Opacity-4416.png,Lung_Opacity,Lung_Opacity,3.185446928455349e-08,0.9977791905403137,0.0022207575384527445,7.931166834396208e-10,0.5184885859489441,,
/kaggle/input/datasets/tawsifurrahman/covid19-radiography-database/COVID-19_Radiography_Dataset/Lung_Opacity/images/Lung_Opacity-442.png,Lung_Opacity,Lung_Opacity,6.239156391529832e-08,0.9953837990760803,0.004616111516952515,5.033395211739844e-08,0.6935456395149231,,
/kaggle/input/datasets/tawsifurrahman/covid19-radiography-database/COVID-19_Radiography_Dataset/Lung_Opacity/images/Lung_Opacity-4420.png,Lung_Opacity,Lung_Opacity,4.182587645118474e-07,0.9990741014480591,0.0009254519827663898,1.2565083196136584e-08,0.531785249710083,,
/kaggle/input/datasets/tawsifurrahman/covid19-radiography-database/COVID-19_Radiography_Dataset/Lung_Opacity/images/Lung_Opacity-4423.png,Lung_Opacity,Lung_Opacity,1.2492223788740375e-07,0.9493995904922485,0.05059988796710968,4.7654648938078026e-07,0.5936079025268555,,
/kaggle/input/datasets/tawsifurrahman/covid19-radiography-database/COVID-19_Radiography_Dataset/Lung_Opacity/images/Lung_Opacity-4424.png,Lung_Opacity,Lung_Opacity,3.6644103147409623e-06,0.9994876384735107,0.0005083652213215828,3.2893376555875875e-07,0.594935953617096,,
/kaggle/input/datasets/tawsifurrahman/covid19-radiography-database/COVID-19_Radiography_Dataset/Lung_Opacity/images/Lung_Opacity-4425.png,Lung_Opacity,Lung_Opacity,0.0010696375975385308,0.7434499263763428,0.2554754614830017,4.994130904378835e-06,0.7119675278663635,,
/kaggle/input/datasets/tawsifurrahman/covid19-radiography-database/COVID-19_Radiography_Dataset/Lung_Opacity/images/Lung_Opacity-4429.png,Lung_Opacity,Lung_Opacity,6.374331178449211e-07,0.9996931552886963,0.00021121361351106316,9.498768486082554e-05,0.5563778281211853,0.26895472407341003,0.26895472407341003
/kaggle/input/datasets/tawsifurrahman/covid19-radiography-database/COVID-19_Radiography_Dataset/Lung_Opacity/images/Lung_Opacity-4433.png,Lung_Opacity,Lung_Opacity,0.011859836056828499,0.7938282489776611,0.1943112462759018,6.590914836124284e-07,0.6848092675209045,,
/kaggle/input/datasets/tawsifurrahman/covid19-radiography-database/COVID-19_Radiography_Dataset/Lung_Opacity/images/Lung_Opacity-4438.png,Lung_Opacity,Lung_Opacity,2.6600473574944772e-05,0.9999719858169556,1.45286503538955e-06,3.5941063458722056e-08,0.6329711675643921,,
/kaggle/input/datasets/tawsifurrahman/covid19-radiography-database/COVID-19_Radiography_Dataset/Lung_Opacity/images/Lung_Opacity-4440.png,Lung_Opacity,Lung_Opacity,6.536271484947065e-06,0.9963057041168213,0.003687719814479351,2.120982500741775e-08,0.6355955004692078,,
/kaggle/input/datasets/tawsifurrahman/covid19-radiography-database/COVID-19_Radiography_Dataset/Lung_Opacity/images/Lung_Opacity-4448.png,Lung_Opacity,Lung_Opacity,8.249193683695921e-07,0.9994328618049622,0.0005662444746121764,5.321781348932575e-10,0.5758405327796936,0.22999243438243866,0.22999243438243866
/kaggle/input/datasets/tawsifurrahman/covid19-radiography-database/COVID-19_Radiography_Dataset/Lung_Opacity/images/Lung_Opacity-4461.png,Lung_Opacity,Lung_Opacity,4.723192716937774e-07,0.9836069345474243,0.01639258861541748,2.0101850850551273e-08,0.28493794798851013,,
/kaggle/input/datasets/tawsifurrahman/covid19-radiography-database/COVID-19_Radiography_Dataset/Lung_Opacity/images/Lung_Opacity-4465.png,Lung_Opacity,Lung_Opacity,9.153849532594904e-05,0.9974064230918884,0.002497452311217785,4.486870693654055e-06,0.5070344805717468,0.17822833359241486,0.17822833359241486
/kaggle/input/datasets/tawsifurrahman/covid19-radiography-database/COVID-19_Radiography_Dataset/Lung_Opacity/images/Lung_Opacity-447.png,Lung_Opacity,Lung_Opacity,5.9481681091710925e-05,0.9863054752349854,0.013629082590341568,6.012423000356648e-06,0.610542356967926,0.29564493894577026,0.29564493894577026
/kaggle/input/datasets/tawsifurrahman/covid19-radiography-database/COVID-19_Radiography_Dataset/Lung_Opacity/images/Lung_Opacity-4478.png,Lung_Opacity,Lung_Opacity,1.1482602195467262e-11,0.9971785545349121,0.0028214547783136368,6.504567717779963e-11,0.6435110569000244,,
/kaggle/input/datasets/tawsifurrahman/covid19-radiography-database/COVID-19_Radiography_Dataset/Lung_Opacity/images/Lung_Opacity-4487.png,Lung_Opacity,Lung_Opacity,3.077312840105151e-07,0.9999529123306274,4.636064841179177e-05,3.040802312170854e-07,0.674323558807373,,
/kaggle/input/datasets/tawsifurrahman/covid19-radiography-database/COVID-19_Radiography_Dataset/Lung_Opacity/images/Lung_Opacity-4489.png,Lung_Opacity,Normal,1.505203215401707e-07,0.305004358291626,0.6949954628944397,1.2071364352550518e-08,0.6673891544342041,,
/kaggle/input/datasets/tawsifurrahman/covid19-radiography-database/COVID-19_Radiography_Dataset/Lung_Opacity/images/Lung_Opacity-4502.png,Lung_Opacity,Lung_Opacity,5.544689543057757e-07,0.9764506220817566,0.02354881353676319,3.1406569012126795e-10,0.6987119913101196,,
/kaggle/input/datasets/tawsifurrahman/covid19-radiography-database/COVID-19_Radiography_Dataset/Lung_Opacity/images/Lung_Opacity-4505.png,Lung_Opacity,Lung_Opacity,1.050705850502709e-05,0.9990673661231995,0.00013949978165328503,0.0007825575885362923,0.5873684287071228,0.30958810448646545,0.30958810448646545
/kaggle/input/datasets/tawsifurrahman/covid19-radiography-database/COVID-19_Radiography_Dataset/Lung_Opacity/images/Lung_Opacity-4514.png,Lung_Opacity,Lung_Opacity,0.002161763608455658,0.9921361207962036,0.005702157970517874,4.040888512690799e-08,0.6766102910041809,,
/kaggle/input/datasets/tawsifurrahman/covid19-radiography-database/COVID-19_Radiography_Dataset/Lung_Opacity/images/Lung_Opacity-4522.png,Lung_Opacity,Lung_Opacity,8.77397269505309e-06,0.9999167919158936,7.441103662131354e-05,1.9897189451612007e-10,0.6222283244132996,0.4116046726703644,0.4116046726703644
/kaggle/input/datasets/tawsifurrahman/covid19-radiography-database/COVID-19_Radiography_Dataset/Lung_Opacity/images/Lung_Opacity-453.png,Lung_Opacity,Lung_Opacity,1.1840421620945563e-07,0.9980583786964417,0.001941512688063085,7.908915300447461e-09,0.5166783332824707,0.23406527936458588,0.23406527936458588
/kaggle/input/datasets/tawsifurrahman/covid19-radiography-database/COVID-19_Radiography_Dataset/Lung_Opacity/images/Lung_Opacity-4540.png,Lung_Opacity,COVID,0.9859499335289001,0.006649503018707037,0.007397681474685669,2.860838776541641e-06,0.6193770170211792,,
/kaggle/input/datasets/tawsifurrahman/covid19-radiography-database/COVID-19_Radiography_Dataset/Lung_Opacity/images/Lung_Opacity-4545.png,Lung_Opacity,Lung_Opacity,5.775332851953863e-07,0.9913650751113892,0.008633931167423725,4.88756995764561e-07,0.5615891218185425,,
/kaggle/input/datasets/tawsifurrahman/covid19-radiography-database/COVID-19_Radiography_Dataset/Lung_Opacity/images/Lung_Opacity-4551.png,Lung_Opacity,Lung_Opacity,1.0542781865297002e-06,0.9999896287918091,9.360724106954876e-06,7.2625652158819776e-09,0.6904337406158447,0.42171037197113037,0.42171037197113037
/kaggle/input/datasets/tawsifurrahman/covid19-radiography-database/COVID-19_Radiography_Dataset/Lung_Opacity/images/Lung_Opacity-4555.png,Lung_Opacity,Normal,0.015973281115293503,0.015251576900482178,0.9687749743461609,1.6522477608305053e-07,0.680226743221283,0.27090561389923096,0.27090561389923096
/kaggle/input/datasets/tawsifurrahman/covid19-radiography-database/COVID-19_Radiography_Dataset/Lung_Opacity/images/Lung_Opacity-4558.png,Lung_Opacity,Lung_Opacity,4.060320790699734e-08,0.9999979734420776,1.9298176994198e-06,5.412908343771505e-09,0.6541609168052673,,
/kaggle/input/datasets/tawsifurrahman/covid19-radiography-database/COVID-19_Radiography_Dataset/Lung_Opacity/images/Lung_Opacity-4564.png,Lung_Opacity,Lung_Opacity,7.5345183176978026e-06,0.9902593493461609,0.009733131155371666,1.2698698093061012e-08,0.6259230971336365,,
/kaggle/input/datasets/tawsifurrahman/covid19-radiography-database/COVID-19_Radiography_Dataset/Lung_Opacity/images/Lung_Opacity-4565.png,Lung_Opacity,Lung_Opacity,1.6185454398964794e-07,0.997907280921936,0.002091317204758525,1.3613703231385443e-06,0.5818374156951904,,
/kaggle/input/datasets/tawsifurrahman/covid19-radiography-database/COVID-19_Radiography_Dataset/Lung_Opacity/images/Lung_Opacity-4569.png,Lung_Opacity,Lung_Opacity,1.1328183973091654e-05,0.9838423728942871,0.016143323853611946,2.916924586315872e-06,0.6048203110694885,0.18705081939697266,0.18705081939697266
/kaggle/input/datasets/tawsifurrahman/covid19-radiography-database/COVID-19_Radiography_Dataset/Lung_Opacity/images/Lung_Opacity-4570.png,Lung_Opacity,Normal,9.0329867816763e-06,0.08736594021320343,0.9126250147819519,2.1878330258573442e-08,0.6563256978988647,,
/kaggle/input/datasets/tawsifurrahman/covid19-radiography-database/COVID-19_Radiography_Dataset/Lung_Opacity/images/Lung_Opacity-4571.png,Lung_Opacity,Normal,4.152427209191956e-06,0.061246003955602646,0.9387499094009399,6.1841389786820855e-09,0.5977174639701843,,
/kaggle/input/datasets/tawsifurrahman/covid19-radiography-database/COVID-19_Radiography_Dataset/Lung_Opacity/images/Lung_Opacity-4578.png,Lung_Opacity,Lung_Opacity,0.00013209084863774478,0.999786913394928,8.105188317131251e-05,5.187989482458022e-10,0.6612548232078552,,
/kaggle/input/datasets/tawsifurrahman/covid19-radiography-database/COVID-19_Radiography_Dataset/Lung_Opacity/images/Lung_Opacity-4589.png,Lung_Opacity,Normal,8.975876880867872e-06,0.003095232415944338,0.9968956708908081,2.792482245439487e-09,0.7020688056945801,0.4712855815887451,0.4712855815887451
/kaggle/input/datasets/tawsifurrahman/covid19-radiography-database/COVID-19_Radiography_Dataset/Lung_Opacity/images/Lung_Opacity-4607.png,Lung_Opacity,Lung_Opacity,1.0947483133350033e-06,0.9992812275886536,0.0007148425793275237,2.8143565486971056e-06,0.6328737735748291,,
/kaggle/input/datasets/tawsifurrahman/covid19-radiography-database/COVID-19_Radiography_Dataset/Lung_Opacity/images/Lung_Opacity-4610.png,Lung_Opacity,Lung_Opacity,3.184547665568971e-07,0.9999771118164062,1.842408710217569e-05,4.144982540310593e-06,0.5701789855957031,0.3483855724334717,0.3483855724334717
/kaggle/input/datasets/tawsifurrahman/covid19-radiography-database/COVID-19_Radiography_Dataset/Lung_Opacity/images/Lung_Opacity-4612.png,Lung_Opacity,Lung_Opacity,2.5662941993687127e-07,0.9848915338516235,0.015108035877346992,1.6518610834737046e-07,0.5460389852523804,0.21015220880508423,0.21015220880508423
/kaggle/input/datasets/tawsifurrahman/covid19-radiography-database/COVID-19_Radiography_Dataset/Lung_Opacity/images/Lung_Opacity-4623.png,Lung_Opacity,Normal,0.014803800731897354,0.18428345024585724,0.8009121417999268,6.33186402865249e-07,0.6638045310974121,0.3717554211616516,0.3717554211616516
/kaggle/input/datasets/tawsifurrahman/covid19-radiography-database/COVID-19_Radiography_Dataset/Lung_Opacity/images/Lung_Opacity-4632.png,Lung_Opacity,Lung_Opacity,0.0003185054229106754,0.9021240472793579,0.0975574254989624,4.8259796159300095e-08,0.6214755773544312,,
/kaggle/input/datasets/tawsifurrahman/covid19-radiography-database/COVID-19_Radiography_Dataset/Lung_Opacity/images/Lung_Opacity-4652.png,Lung_Opacity,Lung_Opacity,2.616554411360994e-05,0.981706440448761,0.01826733537018299,6.621987846955335e-09,0.6423392295837402,0.31926003098487854,0.31926003098487854
/kaggle/input/datasets/tawsifurrahman/covid19-radiography-database/COVID-19_Radiography_Dataset/Lung_Opacity/images/Lung_Opacity-4654.png,Lung_Opacity,Lung_Opacity,3.46068731005289e-07,0.9998449087142944,0.00015468733909074217,2.3051835995602232e-08,0.5891716480255127,0.2938568592071533,0.2938568592071533
/kaggle/input/datasets/tawsifurrahman/covid19-radiography-database/COVID-19_Radiography_Dataset/Lung_Opacity/images/Lung_Opacity-4659.png,Lung_Opacity,Lung_Opacity,0.000975905277300626,0.9904194474220276,0.008601872250437737,2.8669091989286244e-06,0.5913224816322327,0.3157552480697632,0.3157552480697632
/kaggle/input/datasets/tawsifurrahman/covid19-radiography-database/COVID-19_Radiography_Dataset/Lung_Opacity/images/Lung_Opacity-4660.png,Lung_Opacity,Lung_Opacity,1.3121719348418992e-05,0.9999864101409912,4.3384119408074184e-07,6.500145977028637e-10,0.6193037629127502,0.3910064101219177,0.3910064101219177
/kaggle/input/datasets/tawsifurrahman/covid19-radiography-database/COVID-19_Radiography_Dataset/Lung_Opacity/images/Lung_Opacity-4661.png,Lung_Opacity,Lung_Opacity,3.649887725387657e-09,0.9980548620223999,0.0019451521802693605,3.288296579473382e-10,0.4216860830783844,,
/kaggle/input/datasets/tawsifurrahman/covid19-radiography-database/COVID-19_Radiography_Dataset/Lung_Opacity/images/Lung_Opacity-4664.png,Lung_Opacity,Normal,0.00011625865590758622,0.015844091773033142,0.9840396046638489,2.912134533517019e-09,0.6404968500137329,0.2788085341453552,0.2788085341453552
/kaggle/input/datasets/tawsifurrahman/covid19-radiography-database/COVID-19_Radiography_Dataset/Lung_Opacity/images/Lung_Opacity-4673.png,Lung_Opacity,Lung_Opacity,1.8899298083852045e-05,0.9999769926071167,4.141157660342287e-06,5.934041702460036e-09,0.547105073928833,,
/kaggle/input/datasets/tawsifurrahman/covid19-radiography-database/COVID-19_Radiography_Dataset/Lung_Opacity/images/Lung_Opacity-4694.png,Lung_Opacity,Lung_Opacity,1.8946532236441271e-06,0.9987332224845886,0.0012618369655683637,3.048397729799035e-06,0.5577468872070312,0.1461206078529358,0.1461206078529358
/kaggle/input/datasets/tawsifurrahman/covid19-radiography-database/COVID-19_Radiography_Dataset/Lung_Opacity/images/Lung_Opacity-4695.png,Lung_Opacity,Lung_Opacity,2.7918655831626893e-08,0.999957799911499,4.215710214339197e-05,1.0250300608305452e-09,0.6315000653266907,,
/kaggle/input/datasets/tawsifurrahman/covid19-radiography-database/COVID-19_Radiography_Dataset/Lung_Opacity/images/Lung_Opacity-4697.png,Lung_Opacity,Normal,8.181433486242895e-07,0.3141716718673706,0.6858274936676025,4.81857354017734e-09,0.6463494896888733,,
/kaggle/input/datasets/tawsifurrahman/covid19-radiography-database/COVID-19_Radiography_Dataset/Lung_Opacity/images/Lung_Opacity-4701.png,Lung_Opacity,Lung_Opacity,1.126890083469334e-06,0.9998444318771362,0.0001542231038911268,2.6758939952742367e-07,0.5822294354438782,0.18602362275123596,0.18602362275123596
/kaggle/input/datasets/tawsifurrahman/covid19-radiography-database/COVID-19_Radiography_Dataset/Lung_Opacity/images/Lung_Opacity-4705.png,Lung_Opacity,Lung_Opacity,3.2626712709316052e-06,0.9134446382522583,0.08654289692640305,9.1089095803909e-06,0.6308117508888245,,
/kaggle/input/datasets/tawsifurrahman/covid19-radiography-database/COVID-19_Radiography_Dataset/Lung_Opacity/images/Lung_Opacity-4707.png,Lung_Opacity,Lung_Opacity,2.009508079936495e-07,0.9995922446250916,0.000407250365242362,3.5873608794645406e-07,0.645628035068512,,
/kaggle/input/datasets/tawsifurrahman/covid19-radiography-database/COVID-19_Radiography_Dataset/Lung_Opacity/images/Lung_Opacity-4711.png,Lung_Opacity,Lung_Opacity,4.70695658805198e-06,0.523456335067749,0.47653889656066895,3.894771793966356e-08,0.6483098268508911,,
/kaggle/input/datasets/tawsifurrahman/covid19-radiography-database/COVID-19_Radiography_Dataset/Lung_Opacity/images/Lung_Opacity-4717.png,Lung_Opacity,Lung_Opacity,1.3157119838069775e-08,0.9392468333244324,0.06075309216976166,1.365972845945862e-08,0.36643460392951965,,
/kaggle/input/datasets/tawsifurrahman/covid19-radiography-database/COVID-19_Radiography_Dataset/Lung_Opacity/images/Lung_Opacity-472.png,Lung_Opacity,Lung_Opacity,1.3358610885916278e-05,0.8937831521034241,0.10620348900556564,3.56498937037486e-08,0.5586881041526794,,
/kaggle/input/datasets/tawsifurrahman/covid19-radiography-database/COVID-19_Radiography_Dataset/Lung_Opacity/images/Lung_Opacity-4720.png,Lung_Opacity,Lung_Opacity,0.07013345509767532,0.9252436757087708,0.004617783706635237,5.056253939983435e-06,0.43315550684928894,,
/kaggle/input/datasets/tawsifurrahman/covid19-radiography-database/COVID-19_Radiography_Dataset/Lung_Opacity/images/Lung_Opacity-4723.png,Lung_Opacity,Normal,8.36268282000674e-06,0.09855280816555023,0.9014385938644409,2.3840064500291192e-07,0.6757615804672241,,
/kaggle/input/datasets/tawsifurrahman/covid19-radiography-database/COVID-19_Radiography_Dataset/Lung_Opacity/images/Lung_Opacity-4742.png,Lung_Opacity,Normal,5.658266104546783e-07,0.06761858612298965,0.9323808550834656,3.6865097641225475e-09,0.6341632604598999,,
/kaggle/input/datasets/tawsifurrahman/covid19-radiography-database/COVID-19_Radiography_Dataset/Lung_Opacity/images/Lung_Opacity-4743.png,Lung_Opacity,Lung_Opacity,0.00010352041863370687,0.9998335838317871,5.814367250422947e-05,4.741813427244779e-06,0.650739312171936,,
/kaggle/input/datasets/tawsifurrahman/covid19-radiography-database/COVID-19_Radiography_Dataset/Lung_Opacity/images/Lung_Opacity-4750.png,Lung_Opacity,Lung_Opacity,3.545288791428902e-06,0.9982616305351257,0.0017347160028293729,1.1279665557140106e-07,0.30464908480644226,0.11552876979112625,0.11552876979112625
/kaggle/input/datasets/tawsifurrahman/covid19-radiography-database/COVID-19_Radiography_Dataset/Lung_Opacity/images/Lung_Opacity-4753.png,Lung_Opacity,Lung_Opacity,0.0960041880607605,0.8762322068214417,0.027761185541749,2.3801835595804732e-06,0.6576848030090332,,
/kaggle/input/datasets/tawsifurrahman/covid19-radiography-database/COVID-19_Radiography_Dataset/Lung_Opacity/images/Lung_Opacity-4754.png,Lung_Opacity,Lung_Opacity,8.740193152334541e-06,0.9999170303344727,7.415566506097093e-05,8.311944554861839e-08,0.567986249923706,,
/kaggle/input/datasets/tawsifurrahman/covid19-radiography-database/COVID-19_Radiography_Dataset/Lung_Opacity/images/Lung_Opacity-4769.png,Lung_Opacity,Lung_Opacity,0.0001455477176932618,0.994186282157898,0.00557301938533783,9.522285108687356e-05,0.6889345049858093,,
/kaggle/input/datasets/tawsifurrahman/covid19-radiography-database/COVID-19_Radiography_Dataset/Lung_Opacity/images/Lung_Opacity-4778.png,Lung_Opacity,Lung_Opacity,1.2731486265238345e-07,0.999982476234436,1.7448594007873908e-05,4.757431670832091e-10,0.6410678625106812,,
/kaggle/input/datasets/tawsifurrahman/covid19-radiography-database/COVID-19_Radiography_Dataset/Lung_Opacity/images/Lung_Opacity-4779.png,Lung_Opacity,Lung_Opacity,0.00010774318798212335,0.962012767791748,0.03787945955991745,4.077817195025091e-09,0.6365145444869995,,
/kaggle/input/datasets/tawsifurrahman/covid19-radiography-database/COVID-19_Radiography_Dataset/Lung_Opacity/images/Lung_Opacity-4786.png,Lung_Opacity,Lung_Opacity,0.0001298392890021205,0.989017128944397,0.0108482725918293,4.729612555820495e-06,0.5671271085739136,0.22311680018901825,0.22311680018901825
/kaggle/input/datasets/tawsifurrahman/covid19-radiography-database/COVID-19_Radiography_Dataset/Lung_Opacity/images/Lung_Opacity-4792.png,Lung_Opacity,Lung_Opacity,1.613009317225078e-07,0.9999977350234985,2.101107156704529e-06,5.2871790279240827e-11,0.6399475932121277,,
/kaggle/input/datasets/tawsifurrahman/covid19-radiography-database/COVID-19_Radiography_Dataset/Lung_Opacity/images/Lung_Opacity-481.png,Lung_Opacity,Lung_Opacity,2.0493121155595873e-07,0.9976246953010559,0.002375139622017741,1.43654213524691e-10,0.635671079158783,0.3650636672973633,0.3650636672973633
/kaggle/input/datasets/tawsifurrahman/covid19-radiography-database/COVID-19_Radiography_Dataset/Lung_Opacity/images/Lung_Opacity-4815.png,Lung_Opacity,Lung_Opacity,8.784390229266137e-05,0.9883548021316528,0.011557070538401604,2.1990187804021843e-07,0.5912346839904785,,
/kaggle/input/datasets/tawsifurrahman/covid19-radiography-database/COVID-19_Radiography_Dataset/Lung_Opacity/images/Lung_Opacity-4821.png,Lung_Opacity,Lung_Opacity,0.00374951702542603,0.9956768155097961,0.0005166801274754107,5.7022523833438754e-05,0.6069060564041138,,
/kaggle/input/datasets/tawsifurrahman/covid19-radiography-database/COVID-19_Radiography_Dataset/Lung_Opacity/images/Lung_Opacity-4825.png,Lung_Opacity,Lung_Opacity,1.8870267012971453e-05,0.9845930933952332,0.015388051979243755,2.7933864998885838e-08,0.622327983379364,,
/kaggle/input/datasets/tawsifurrahman/covid19-radiography-database/COVID-19_Radiography_Dataset/Lung_Opacity/images/Lung_Opacity-4831.png,Lung_Opacity,Lung_Opacity,2.463621285642148e-06,0.9805929660797119,0.019404232501983643,3.528679997089057e-07,0.6917349100112915,0.4715869128704071,0.4715869128704071
/kaggle/input/datasets/tawsifurrahman/covid19-radiography-database/COVID-19_Radiography_Dataset/Lung_Opacity/images/Lung_Opacity-4852.png,Lung_Opacity,Lung_Opacity,0.0008846616838127375,0.966733992099762,0.032279521226882935,0.00010188935993937775,0.6259742975234985,,
/kaggle/input/datasets/tawsifurrahman/covid19-radiography-database/COVID-19_Radiography_Dataset/Lung_Opacity/images/Lung_Opacity-4853.png,Lung_Opacity,Normal,6.359046267334634e-08,0.012330315075814724,0.9876696467399597,1.1558069605566157e-11,0.7058268785476685,0.3081652522087097,0.3081652522087097
/kaggle/input/datasets/tawsifurrahman/covid19-radiography-database/COVID-19_Radiography_Dataset/Lung_Opacity/images/Lung_Opacity-4868.png,Lung_Opacity,Normal,1.5191017155302688e-06,0.07055802643299103,0.9294403195381165,6.421099385534035e-08,0.6367244124412537,0.18339654803276062,0.18339654803276062
/kaggle/input/datasets/tawsifurrahman/covid19-radiography-database/COVID-19_Radiography_Dataset/Lung_Opacity/images/Lung_Opacity-4874.png,Lung_Opacity,Normal,3.1626044801669195e-05,0.05859752744436264,0.9413707256317139,1.1192593518671856e-07,0.6341222524642944,,
/kaggle/input/datasets/tawsifurrahman/covid19-radiography-database/COVID-19_Radiography_Dataset/Lung_Opacity/images/Lung_Opacity-4882.png,Lung_Opacity,Lung_Opacity,6.259719611989567e-06,0.9996887445449829,0.00030498538399115205,1.885812217494731e-08,0.6061403751373291,,
/kaggle/input/datasets/tawsifurrahman/covid19-radiography-database/COVID-19_Radiography_Dataset/Lung_Opacity/images/Lung_Opacity-4888.png,Lung_Opacity,Lung_Opacity,9.913274880091194e-06,0.9795694947242737,0.02042064443230629,7.128628243258106e-10,0.6148498058319092,0.30504605174064636,0.30504605174064636
/kaggle/input/datasets/tawsifurrahman/covid19-radiography-database/COVID-19_Radiography_Dataset/Lung_Opacity/images/Lung_Opacity-489.png,Lung_Opacity,Lung_Opacity,1.8334710603085114e-06,0.9999231100082397,6.136072624940425e-05,1.3716820831177756e-05,0.5415883660316467,,
/kaggle/input/datasets/tawsifurrahman/covid19-radiography-database/COVID-19_Radiography_Dataset/Lung_Opacity/images/Lung_Opacity-490.png,Lung_Opacity,Lung_Opacity,0.00013869769463781267,0.999825656414032,3.540923717082478e-05,2.4903459916458814e-07,0.6274963021278381,0.4349197447299957,0.4349197447299957
/kaggle/input/datasets/tawsifurrahman/covid19-radiography-database/COVID-19_Radiography_Dataset/Lung_Opacity/images/Lung_Opacity-4905.png,Lung_Opacity,Lung_Opacity,1.4238410983580252e-07,0.9994152784347534,0.0005517536774277687,3.286656647105701e-05,0.682159960269928,,
/kaggle/input/datasets/tawsifurrahman/covid19-radiography-database/COVID-19_Radiography_Dataset/Lung_Opacity/images/Lung_Opacity-4915.png,Lung_Opacity,Lung_Opacity,2.15590771404095e-05,0.9958821535110474,0.004096158314496279,9.34813613184815e-08,0.6549347639083862,0.3023016154766083,0.3023016154766083
/kaggle/input/datasets/tawsifurrahman/covid19-radiography-database/COVID-19_Radiography_Dataset/Lung_Opacity/images/Lung_Opacity-4941.png,Lung_Opacity,Normal,3.047329118999187e-05,0.20373360812664032,0.7962359189987183,6.421887377427993e-08,0.6135624051094055,,
/kaggle/input/datasets/tawsifurrahman/covid19-radiography-database/COVID-19_Radiography_Dataset/Lung_Opacity/images/Lung_Opacity-4944.png,Lung_Opacity,Normal,1.9731305656023324e-05,0.000615771219599992,0.99936443567276,1.4872905129692526e-09,0.6748572587966919,,
/kaggle/input/datasets/tawsifurrahman/covid19-radiography-database/COVID-19_Radiography_Dataset/Lung_Opacity/images/Lung_Opacity-4945.png,Lung_Opacity,Lung_Opacity,0.055123571306467056,0.9336643218994141,0.011211918666958809,2.3391119441384944e-07,0.6663079857826233,,
/kaggle/input/datasets/tawsifurrahman/covid19-radiography-database/COVID-19_Radiography_Dataset/Lung_Opacity/images/Lung_Opacity-4949.png,Lung_Opacity,Lung_Opacity,2.36976302403491e-06,0.9999971389770508,4.956816042067658e-07,7.531489210066411e-09,0.6374618411064148,0.3709583878517151,0.3709583878517151
/kaggle/input/datasets/tawsifurrahman/covid19-radiography-database/COVID-19_Radiography_Dataset/Lung_Opacity/images/Lung_Opacity-4956.png,Lung_Opacity,Lung_Opacity,0.003174029989168048,0.6257157325744629,0.37110957503318787,6.188311090227216e-07,0.6575338840484619,,
/kaggle/input/datasets/tawsifurrahman/covid19-radiography-database/COVID-19_Radiography_Dataset/Lung_Opacity/images/Lung_Opacity-4961.png,Lung_Opacity,Lung_Opacity,8.50040578370681e-06,0.9977511763572693,0.002240334404632449,4.140635834204431e-09,0.5099636912345886,,
/kaggle/input/datasets/tawsifurrahman/covid19-radiography-database/COVID-19_Radiography_Dataset/Lung_Opacity/images/Lung_Opacity-4964.png,Lung_Opacity,Lung_Opacity,2.29616944125155e-05,0.9952613711357117,0.004712321329861879,3.381137958058389e-06,0.471332311630249,,
/kaggle/input/datasets/tawsifurrahman/covid19-radiography-database/COVID-19_Radiography_Dataset/Lung_Opacity/images/Lung_Opacity-4968.png,Lung_Opacity,Lung_Opacity,4.4933008425118715e-09,0.9999980926513672,1.9091803551418707e-06,1.3542181598324987e-08,0.5608279705047607,0.2857277989387512,0.2857277989387512
/kaggle/input/datasets/tawsifurrahman/covid19-radiography-database/COVID-19_Radiography_Dataset/Lung_Opacity/images/Lung_Opacity-4969.png,Lung_Opacity,Lung_Opacity,2.0104544695698223e-09,0.9999973773956299,2.612356638564961e-06,3.741873033646925e-09,0.5082524418830872,0.3247077465057373,0.3247077465057373
/kaggle/input/datasets/tawsifurrahman/covid19-radiography-database/COVID-19_Radiography_Dataset/Lung_Opacity/images/Lung_Opacity-498.png,Lung_Opacity,Lung_Opacity,4.7348629550469923e-07,0.9997405409812927,0.00025809367070905864,8.415823913310305e-07,0.5063262581825256,,
/kaggle/input/datasets/tawsifurrahman/covid19-radiography-database/COVID-19_Radiography_Dataset/Lung_Opacity/images/Lung_Opacity-4981.png,Lung_Opacity,Lung_Opacity,1.4106309208727907e-05,0.9999673366546631,1.854823130997829e-05,4.469596692757705e-09,0.6037828326225281,,
/kaggle/input/datasets/tawsifurrahman/covid19-radiography-database/COVID-19_Radiography_Dataset/Lung_Opacity/images/Lung_Opacity-4999.png,Lung_Opacity,Lung_Opacity,9.354486962820374e-08,0.9996351003646851,0.00036478228867053986,4.277114840078866e-08,0.5800226330757141,0.2303091585636139,0.2303091585636139
/kaggle/input/datasets/tawsifurrahman/covid19-radiography-database/COVID-19_Radiography_Dataset/Lung_Opacity/images/Lung_Opacity-5008.png,Lung_Opacity,Normal,4.985800501344784e-07,0.01291422825306654,0.9870851635932922,1.0087603641295573e-07,0.6348721981048584,,
/kaggle/input/datasets/tawsifurrahman/covid19-radiography-database/COVID-19_Radiography_Dataset/Lung_Opacity/images/Lung_Opacity-5012.png,Lung_Opacity,Lung_Opacity,1.1830310540972278e-05,0.9058093428611755,0.09417853504419327,2.762680537671258e-07,0.6575144529342651,,
/kaggle/input/datasets/tawsifurrahman/covid19-radiography-database/COVID-19_Radiography_Dataset/Lung_Opacity/images/Lung_Opacity-5029.png,Lung_Opacity,Lung_Opacity,1.6784261092084307e-08,0.9989364743232727,0.001063514850102365,3.337151666116256e-09,0.6529215574264526,,
/kaggle/input/datasets/tawsifurrahman/covid19-radiography-database/COVID-19_Radiography_Dataset/Lung_Opacity/images/Lung_Opacity-504.png,Lung_Opacity,Lung_Opacity,0.10630092769861221,0.7207861542701721,0.17291207611560822,8.616796094429446e-07,0.7350414991378784,,
/kaggle/input/datasets/tawsifurrahman/covid19-radiography-database/COVID-19_Radiography_Dataset/Lung_Opacity/images/Lung_Opacity-5042.png,Lung_Opacity,Lung_Opacity,9.492388125531548e-11,0.9999960660934448,3.878114512190223e-06,5.851106266163697e-10,0.554179310798645,,
/kaggle/input/datasets/tawsifurrahman/covid19-radiography-database/COVID-19_Radiography_Dataset/Lung_Opacity/images/Lung_Opacity-5049.png,Lung_Opacity,Lung_Opacity,7.512642241636058e-08,0.9999802112579346,1.9770915969274938e-05,1.8249306510398355e-09,0.6041563749313354,,
/kaggle/input/datasets/tawsifurrahman/covid19-radiography-database/COVID-19_Radiography_Dataset/Lung_Opacity/images/Lung_Opacity-5062.png,Lung_Opacity,Lung_Opacity,0.000761957373470068,0.9618431329727173,0.037388257682323456,6.69797373120673e-06,0.6421778798103333,,
/kaggle/input/datasets/tawsifurrahman/covid19-radiography-database/COVID-19_Radiography_Dataset/Lung_Opacity/images/Lung_Opacity-5065.png,Lung_Opacity,Lung_Opacity,5.456179496832192e-05,0.9785223603248596,0.021422602236270905,5.190794922782516e-07,0.6183606386184692,,
/kaggle/input/datasets/tawsifurrahman/covid19-radiography-database/COVID-19_Radiography_Dataset/Lung_Opacity/images/Lung_Opacity-507.png,Lung_Opacity,Lung_Opacity,0.000178753471118398,0.9969236254692078,0.0028970560524612665,5.959508371233824e-07,0.6695416569709778,,
/kaggle/input/datasets/tawsifurrahman/covid19-radiography-database/COVID-19_Radiography_Dataset/Lung_Opacity/images/Lung_Opacity-5090.png,Lung_Opacity,Lung_Opacity,5.871463599760318e-06,0.9850925803184509,0.014901415444910526,1.0306763442713418e-07,0.6225376725196838,,
/kaggle/input/datasets/tawsifurrahman/covid19-radiography-database/COVID-19_Radiography_Dataset/Lung_Opacity/images/Lung_Opacity-5094.png,Lung_Opacity,Normal,0.00408152537420392,0.2137022614479065,0.7790371179580688,0.0031790200155228376,0.5866984128952026,0.3390343189239502,0.3390343189239502
/kaggle/input/datasets/tawsifurrahman/covid19-radiography-database/COVID-19_Radiography_Dataset/Lung_Opacity/images/Lung_Opacity-5096.png,Lung_Opacity,Lung_Opacity,4.503459422267042e-05,0.7332018613815308,0.26675042510032654,2.6513573629927123e-06,0.6079667210578918,,
/kaggle/input/datasets/tawsifurrahman/covid19-radiography-database/COVID-19_Radiography_Dataset/Lung_Opacity/images/Lung_Opacity-510.png,Lung_Opacity,Lung_Opacity,7.424059276672779e-06,0.9952930808067322,0.004699226003140211,2.4446754309792595e-07,0.5340623259544373,,
/kaggle/input/datasets/tawsifurrahman/covid19-radiography-database/COVID-19_Radiography_Dataset/Lung_Opacity/images/Lung_Opacity-5104.png,Lung_Opacity,Lung_Opacity,1.0000979244750852e-07,0.9999679327011108,3.198391277692281e-05,3.739581089234889e-08,0.5581904649734497,,
/kaggle/input/datasets/tawsifurrahman/covid19-radiography-database/COVID-19_Radiography_Dataset/Lung_Opacity/images/Lung_Opacity-5117.png,Lung_Opacity,Lung_Opacity,1.2839215060012066e-06,0.9999697208404541,2.8867178116342984e-05,9.240839915491961e-08,0.5360287427902222,,
/kaggle/input/datasets/tawsifurrahman/covid19-radiography-database/COVID-19_Radiography_Dataset/Lung_Opacity/images/Lung_Opacity-512.png,Lung_Opacity,Lung_Opacity,3.2310199458152056e-06,0.75298672914505,0.24700716137886047,2.849435077223461e-06,0.6510635018348694,,
/kaggle/input/datasets/tawsifurrahman/covid19-radiography-database/COVID-19_Radiography_Dataset/Lung_Opacity/images/Lung_Opacity-513.png,Lung_Opacity,Lung_Opacity,8.206888537642953e-07,0.9953889846801758,0.004610095173120499,1.4601319264784252e-07,0.5812272429466248,,
/kaggle/input/datasets/tawsifurrahman/covid19-radiography-database/COVID-19_Radiography_Dataset/Lung_Opacity/images/Lung_Opacity-5130.png,Lung_Opacity,Lung_Opacity,1.6730800078690322e-09,0.9997134804725647,0.00028653183835558593,1.7433544885481211e-10,0.6564894914627075,0.34534257650375366,0.34534257650375366
/kaggle/input/datasets/tawsifurrahman/covid19-radiography-database/COVID-19_Radiography_Dataset/Lung_Opacity/images/Lung_Opacity-5133.png,Lung_Opacity,Lung_Opacity,9.505955631539109e-07,0.9899753928184509,0.010023271664977074,3.824429768428672e-07,0.6681605577468872,,
/kaggle/input/datasets/tawsifurrahman/covid19-radiography-database/COVID-19_Radiography_Dataset/Lung_Opacity/images/Lung_Opacity-5136.png,Lung_Opacity,Lung_Opacity,4.983002455105634e-09,0.7153810858726501,0.28461891412734985,3.7987071266343264e-09,0.47536924481391907,,
/kaggle/input/datasets/tawsifurrahman/covid19-radiography-database/COVID-19_Radiography_Dataset/Lung_Opacity/images/Lung_Opacity-5141.png,Lung_Opacity,Lung_Opacity,4.235330561641604e-05,0.9995782971382141,0.0003792918287217617,9.269480294449295e-09,0.6210656762123108,,
/kaggle/input/datasets/tawsifurrahman/covid19-radiography-database/COVID-19_Radiography_Dataset/Lung_Opacity/images/Lung_Opacity-5157.png,Lung_Opacity,Lung_Opacity,7.106605082185524e-09,0.999984860420227,1.5142412848945241e-05,3.3519082620614427e-08,0.6274272203445435,,
/kaggle/input/datasets/tawsifurrahman/covid19-radiography-database/COVID-19_Radiography_Dataset/Lung_Opacity/images/Lung_Opacity-5160.png,Lung_Opacity,Lung_Opacity,1.1366978885929413e-10,0.9999129772186279,8.697051089257002e-05,2.2055928860630764e-13,0.5218284130096436,,
/kaggle/input/datasets/tawsifurrahman/covid19-radiography-database/COVID-19_Radiography_Dataset/Lung_Opacity/images/Lung_Opacity-5163.png,Lung_Opacity,Lung_Opacity,3.542760751429341e-08,0.9998689889907837,0.00013099881471134722,4.0042724691602416e-08,0.5756230354309082,0.31446611881256104,0.31446611881256104
/kaggle/input/datasets/tawsifurrahman/covid19-radiography-database/COVID-19_Radiography_Dataset/Lung_Opacity/images/Lung_Opacity-5164.png,Lung_Opacity,Lung_Opacity,2.0659289390323465e-08,0.9984849095344543,0.0015151058323681355,7.52047313312687e-09,0.6194009780883789,0.30056917667388916,0.30056917667388916
/kaggle/input/datasets/tawsifurrahman/covid19-radiography-database/COVID-19_Radiography_Dataset/Lung_Opacity/images/Lung_Opacity-5171.png,Lung_Opacity,Lung_Opacity,0.0009836337994784117,0.9969417452812195,0.002074490301311016,1.485195753048174e-07,0.6751300692558289,0.3706897795200348,0.3706897795200348
/kaggle/input/datasets/tawsifurrahman/covid19-radiography-database/COVID-19_Radiography_Dataset/Lung_Opacity/images/Lung_Opacity-5172.png,Lung_Opacity,Lung_Opacity,6.957977660704273e-08,0.9790763854980469,0.02092358097434044,2.4059204406512436e-08,0.5813671946525574,,
/kaggle/input/datasets/tawsifurrahman/covid19-radiography-database/COVID-19_Radiography_Dataset/Lung_Opacity/images/Lung_Opacity-5189.png,Lung_Opacity,Lung_Opacity,7.269447451108135e-06,0.9999873638153076,5.330729891284136e-06,2.9606510576485334e-09,0.6141577959060669,0.39942246675491333,0.39942246675491333
/kaggle/input/datasets/tawsifurrahman/covid19-radiography-database/COVID-19_Radiography_Dataset/Lung_Opacity/images/Lung_Opacity-5192.png,Lung_Opacity,Lung_Opacity,6.1248024394444656e-06,0.9260210394859314,0.07397278398275375,1.6034604755077453e-08,0.5787699222564697,,
/kaggle/input/datasets/tawsifurrahman/covid19-radiography-database/COVID-19_Radiography_Dataset/Lung_Opacity/images/Lung_Opacity-5204.png,Lung_Opacity,Lung_Opacity,8.54711379361106e-06,0.9999648332595825,2.643015432113316e-05,2.1501644198451686e-07,0.5757867693901062,,
/kaggle/input/datasets/tawsifurrahman/covid19-radiography-database/COVID-19_Radiography_Dataset/Lung_Opacity/images/Lung_Opacity-5206.png,Lung_Opacity,Lung_Opacity,3.2034386254764513e-09,0.9998998641967773,0.00010017618478741497,6.750140446598607e-09,0.5346876978874207,0.2292468249797821,0.2292468249797821
/kaggle/input/datasets/tawsifurrahman/covid19-radiography-database/COVID-19_Radiography_Dataset/Lung_Opacity/images/Lung_Opacity-5208.png,Lung_Opacity,Lung_Opacity,0.001285081496462226,0.997175931930542,0.0014694337733089924,6.948813097551465e-05,0.6241254806518555,,
/kaggle/input/datasets/tawsifurrahman/covid19-radiography-database/COVID-19_Radiography_Dataset/Lung_Opacity/images/Lung_Opacity-522.png,Lung_Opacity,Lung_Opacity,2.577742088760715e-05,0.9999654293060303,8.828462341625709e-06,1.7583163813839064e-09,0.6481167674064636,0.36660268902778625,0.36660268902778625
/kaggle/input/datasets/tawsifurrahman/covid19-radiography-database/COVID-19_Radiography_Dataset/Lung_Opacity/images/Lung_Opacity-5222.png,Lung_Opacity,Lung_Opacity,0.0031469864770770073,0.9964697360992432,0.0003660800284706056,1.725880429148674e-05,0.5942516326904297,,
/kaggle/input/datasets/tawsifurrahman/covid19-radiography-database/COVID-19_Radiography_Dataset/Lung_Opacity/images/Lung_Opacity-5239.png,Lung_Opacity,Lung_Opacity,8.428868341070483e-07,0.9998377561569214,0.00016135645273607224,2.969232859584281e-09,0.5470332503318787,0.2930166721343994,0.2930166721343994
/kaggle/input/datasets/tawsifurrahman/covid19-radiography-database/COVID-19_Radiography_Dataset/Lung_Opacity/images/Lung_Opacity-5240.png,Lung_Opacity,Lung_Opacity,0.00013861441402696073,0.9994331002235413,2.552398291300051e-05,0.0004026574606541544,0.5641207695007324,,
/kaggle/input/datasets/tawsifurrahman/covid19-radiography-database/COVID-19_Radiography_Dataset/Lung_Opacity/images/Lung_Opacity-525.png,Lung_Opacity,Lung_Opacity,0.001093676663003862,0.9819988012313843,0.016907231882214546,2.3730011378120253e-07,0.6916549801826477,0.23474711179733276,0.23474711179733276
/kaggle/input/datasets/tawsifurrahman/covid19-radiography-database/COVID-19_Radiography_Dataset/Lung_Opacity/images/Lung_Opacity-5252.png,Lung_Opacity,Lung_Opacity,6.182532956700015e-07,0.9991316199302673,0.0008677811129018664,1.9030107267781204e-08,0.6427696347236633,,
/kaggle/input/datasets/tawsifurrahman/covid19-radiography-database/COVID-19_Radiography_Dataset/Lung_Opacity/images/Lung_Opacity-5264.png,Lung_Opacity,Lung_Opacity,7.188749577835551e-07,0.9326013326644897,0.06739496439695358,2.9587677090603393e-06,0.5410429239273071,0.15664786100387573,0.15664786100387573
/kaggle/input/datasets/tawsifurrahman/covid19-radiography-database/COVID-19_Radiography_Dataset/Lung_Opacity/images/Lung_Opacity-5266.png,Lung_Opacity,Lung_Opacity,1.0068059054901823e-05,0.9997625946998596,0.0002198400761699304,7.5365014708950184e-06,0.5228976011276245,,
/kaggle/input/datasets/tawsifurrahman/covid19-radiography-database/COVID-19_Radiography_Dataset/Lung_Opacity/images/Lung_Opacity-5269.png,Lung_Opacity,Lung_Opacity,7.779357957815591e-08,0.9998669624328613,0.00013293235679157078,4.834262434805225e-10,0.6585991382598877,,
/kaggle/input/datasets/tawsifurrahman/covid19-radiography-database/COVID-19_Radiography_Dataset/Lung_Opacity/images/Lung_Opacity-5277.png,Lung_Opacity,Lung_Opacity,5.164341018826235e-06,0.9995230436325073,0.0004717800475191325,3.724687047679254e-08,0.5820303559303284,,
/kaggle/input/datasets/tawsifurrahman/covid19-radiography-database/COVID-19_Radiography_Dataset/Lung_Opacity/images/Lung_Opacity-5293.png,Lung_Opacity,Lung_Opacity,0.0001288970379391685,0.9997687935829163,0.00010232423665001988,7.265020141034029e-09,0.610167384147644,,
/kaggle/input/datasets/tawsifurrahman/covid19-radiography-database/COVID-19_Radiography_Dataset/Lung_Opacity/images/Lung_Opacity-5298.png,Lung_Opacity,Lung_Opacity,4.830458806281968e-07,0.9999557733535767,4.369861926534213e-05,7.263164736315275e-09,0.5629503130912781,,
/kaggle/input/datasets/tawsifurrahman/covid19-radiography-database/COVID-19_Radiography_Dataset/Lung_Opacity/images/Lung_Opacity-5301.png,Lung_Opacity,Lung_Opacity,2.281555907757138e-06,0.9931789636611938,0.006818770430982113,8.63809201945287e-09,0.6111359000205994,,
/kaggle/input/datasets/tawsifurrahman/covid19-radiography-database/COVID-19_Radiography_Dataset/Lung_Opacity/images/Lung_Opacity-5305.png,Lung_Opacity,Lung_Opacity,6.734438557032263e-06,0.9998478889465332,3.1968880648491904e-05,0.00011337834439473227,0.6067999601364136,,
/kaggle/input/datasets/tawsifurrahman/covid19-radiography-database/COVID-19_Radiography_Dataset/Lung_Opacity/images/Lung_Opacity-531.png,Lung_Opacity,Normal,0.008274725638329983,0.0023177633993327618,0.9894072413444519,2.463094403992727e-07,0.708589494228363,0.27357661724090576,0.27357661724090576
/kaggle/input/datasets/tawsifurrahman/covid19-radiography-database/COVID-19_Radiography_Dataset/Lung_Opacity/images/Lung_Opacity-5310.png,Lung_Opacity,Lung_Opacity,2.2958372980497188e-08,0.9813405275344849,0.01865936629474163,2.7346538367112316e-09,0.6907287836074829,0.19909648597240448,0.19909648597240448
/kaggle/input/datasets/tawsifurrahman/covid19-radiography-database/COVID-19_Radiography_Dataset/Lung_Opacity/images/Lung_Opacity-5322.png,Lung_Opacity,Lung_Opacity,2.1853387011105951e-07,0.999994158744812,5.618476734525757e-06,9.460170424802072e-09,0.7095487117767334,,
/kaggle/input/datasets/tawsifurrahman/covid19-radiography-database/COVID-19_Radiography_Dataset/Lung_Opacity/images/Lung_Opacity-5324.png,Lung_Opacity,Lung_Opacity,2.2772790089220507e-06,0.8880339860916138,0.11196372658014297,9.157285596472775e-09,0.6353375315666199,0.1999204009771347,0.1999204009771347
/kaggle/input/datasets/tawsifurrahman/covid19-radiography-database/COVID-19_Radiography_Dataset/Lung_Opacity/images/Lung_Opacity-5335.png,Lung_Opacity,Lung_Opacity,4.2885464068831425e-09,0.9999969005584717,3.1111612770473585e-06,1.5965016808561217e-10,0.4619775712490082,,
/kaggle/input/datasets/tawsifurrahman/covid19-radiography-database/COVID-19_Radiography_Dataset/Lung_Opacity/images/Lung_Opacity-5338.png,Lung_Opacity,Lung_Opacity,1.2780819815816358e-06,0.9998553991317749,0.0001432516291970387,3.4672659410261986e-08,0.6902782320976257,,
/kaggle/input/datasets/tawsifurrahman/covid19-radiography-database/COVID-19_Radiography_Dataset/Lung_Opacity/images/Lung_Opacity-5355.png,Lung_Opacity,Lung_Opacity,1.4025991923460879e-08,0.999994158744812,5.782873358839424e-06,4.752540050390053e-08,0.546210527420044,,
/kaggle/input/datasets/tawsifurrahman/covid19-radiography-database/COVID-19_Radiography_Dataset/Lung_Opacity/images/Lung_Opacity-5367.png,Lung_Opacity,Lung_Opacity,6.082731829337717e-08,0.9999998807907104,4.7143952741635076e-08,3.526506864304224e-10,0.5878940224647522,0.3860328197479248,0.3860328197479248
/kaggle/input/datasets/tawsifurrahman/covid19-radiography-database/COVID-19_Radiography_Dataset/Lung_Opacity/images/Lung_Opacity-5368.png,Lung_Opacity,Normal,0.023847263306379318,0.013661329634487629,0.9624911546707153,3.104069890014216e-07,0.7257144451141357,,
/kaggle/input/datasets/tawsifurrahman/covid19-radiography-database/COVID-19_Radiography_Dataset/Lung_Opacity/images/Lung_Opacity-5371.png,Lung_Opacity,Lung_Opacity,2.444678102619946e-06,0.9988042116165161,0.0011929674074053764,3.6766977018487523e-07,0.5585255026817322,,
/kaggle/input/datasets/tawsifurrahman/covid19-radiography-database/COVID-19_Radiography_Dataset/Lung_Opacity/images/Lung_Opacity-5374.png,Lung_Opacity,Lung_Opacity,2.3051300868104363e-09,0.9996466636657715,0.00034916558070108294,4.22107768827118e-06,0.4871288239955902,,
/kaggle/input/datasets/tawsifurrahman/covid19-radiography-database/COVID-19_Radiography_Dataset/Lung_Opacity/images/Lung_Opacity-5382.png,Lung_Opacity,Lung_Opacity,8.684966815053485e-06,0.9998152852058411,0.00017566657334100455,3.8178481531758734e-07,0.49056771397590637,0.23301959037780762,0.23301959037780762
/kaggle/input/datasets/tawsifurrahman/covid19-radiography-database/COVID-19_Radiography_Dataset/Lung_Opacity/images/Lung_Opacity-5385.png,Lung_Opacity,Lung_Opacity,5.520664458913416e-08,0.9995428323745728,0.0004571958561427891,3.28523297454808e-09,0.48475444316864014,,
/kaggle/input/datasets/tawsifurrahman/covid19-radiography-database/COVID-19_Radiography_Dataset/Lung_Opacity/images/Lung_Opacity-539.png,Lung_Opacity,Normal,1.3196457075537182e-05,0.280517578125,0.7194691896438599,1.4507279821884822e-08,0.6333326697349548,,
/kaggle/input/datasets/tawsifurrahman/covid19-radiography-database/COVID-19_Radiography_Dataset/Lung_Opacity/images/Lung_Opacity-5404.png,Lung_Opacity,Normal,8.209942279790994e-06,0.06288658827543259,0.9371048212051392,4.729918430257385e-07,0.6398892402648926,,
/kaggle/input/datasets/tawsifurrahman/covid19-radiography-database/COVID-19_Radiography_Dataset/Lung_Opacity/images/Lung_Opacity-5406.png,Lung_Opacity,Lung_Opacity,0.27958425879478455,0.7177428603172302,0.002672893228009343,1.4207010679001542e-08,0.6495712399482727,,
/kaggle/input/datasets/tawsifurrahman/covid19-radiography-database/COVID-19_Radiography_Dataset/Lung_Opacity/images/Lung_Opacity-5421.png,Lung_Opacity,Lung_Opacity,1.3268505938413e-07,0.9999079704284668,9.193539153784513e-05,1.480859435076809e-09,0.6536215543746948,,
/kaggle/input/datasets/tawsifurrahman/covid19-radiography-database/COVID-19_Radiography_Dataset/Lung_Opacity/images/Lung_Opacity-5425.png,Lung_Opacity,Lung_Opacity,8.330434120296104e-10,0.9999064207077026,9.351597691420466e-05,7.218942776887616e-09,0.46757274866104126,,
/kaggle/input/datasets/tawsifurrahman/covid19-radiography-database/COVID-19_Radiography_Dataset/Lung_Opacity/images/Lung_Opacity-5432.png,Lung_Opacity,Lung_Opacity,1.729072351963623e-07,0.999614953994751,0.00038388377288356423,9.795140840651584e-07,0.5270732045173645,,
/kaggle/input/datasets/tawsifurrahman/covid19-radiography-database/COVID-19_Radiography_Dataset/Lung_Opacity/images/Lung_Opacity-5436.png,Lung_Opacity,Lung_Opacity,9.139235771726817e-05,0.9960876703262329,0.0033789889421314,0.00044196165981702507,0.4905817210674286,0.18884612619876862,0.18884612619876862
/kaggle/input/datasets/tawsifurrahman/covid19-radiography-database/COVID-19_Radiography_Dataset/Lung_Opacity/images/Lung_Opacity-5439.png,Lung_Opacity,Lung_Opacity,5.030331976740854e-06,0.9998598098754883,0.00013516366016119719,3.005587723148295e-10,0.5845428109169006,,
/kaggle/input/datasets/tawsifurrahman/covid19-radiography-database/COVID-19_Radiography_Dataset/Lung_Opacity/images/Lung_Opacity-5443.png,Lung_Opacity,Lung_Opacity,1.1563530222247209e-07,0.9999995231628418,4.1347769297317427e-07,1.2275685357110433e-08,0.6046675443649292,,
/kaggle/input/datasets/tawsifurrahman/covid19-radiography-database/COVID-19_Radiography_Dataset/Lung_Opacity/images/Lung_Opacity-5447.png,Lung_Opacity,Lung_Opacity,4.602670600206693e-08,0.9999874830245972,1.2237637747603003e-05,1.899861530318958e-07,0.6484399437904358,,
/kaggle/input/datasets/tawsifurrahman/covid19-radiography-database/COVID-19_Radiography_Dataset/Lung_Opacity/images/Lung_Opacity-5449.png,Lung_Opacity,Lung_Opacity,1.6314308595610783e-05,0.9999237060546875,5.995752144372091e-05,2.778445917783756e-09,0.5683388113975525,0.30309969186782837,0.30309969186782837
/kaggle/input/datasets/tawsifurrahman/covid19-radiography-database/COVID-19_Radiography_Dataset/Lung_Opacity/images/Lung_Opacity-545.png,Lung_Opacity,Normal,9.08737929421477e-05,0.23211318254470825,0.7677956223487854,2.825763374403323e-07,0.6517091989517212,0.4050760567188263,0.4050760567188263
/kaggle/input/datasets/tawsifurrahman/covid19-radiography-database/COVID-19_Radiography_Dataset/Lung_Opacity/images/Lung_Opacity-546.png,Lung_Opacity,Lung_Opacity,0.00016020121984183788,0.9184023141860962,0.08143751323223114,5.347306952785402e-08,0.6544145941734314,,
/kaggle/input/datasets/tawsifurrahman/covid19-radiography-database/COVID-19_Radiography_Dataset/Lung_Opacity/images/Lung_Opacity-5475.png,Lung_Opacity,Lung_Opacity,5.592429715761682e-06,0.892118513584137,0.10787597298622131,8.229528170033973e-09,0.6759685277938843,,
/kaggle/input/datasets/tawsifurrahman/covid19-radiography-database/COVID-19_Radiography_Dataset/Lung_Opacity/images/Lung_Opacity-5487.png,Lung_Opacity,Lung_Opacity,1.3837167500696523e-07,0.9985792636871338,0.001195413526147604,0.00022526731481775641,0.5124329328536987,,
/kaggle/input/datasets/tawsifurrahman/covid19-radiography-database/COVID-19_Radiography_Dataset/Lung_Opacity/images/Lung_Opacity-549.png,Lung_Opacity,Normal,6.09090129728429e-05,0.000642994069494307,0.9992960691452026,7.19392758696813e-08,0.4060893654823303,,
/kaggle/input/datasets/tawsifurrahman/covid19-radiography-database/COVID-19_Radiography_Dataset/Lung_Opacity/images/Lung_Opacity-5490.png,Lung_Opacity,Lung_Opacity,4.38150777881674e-07,0.9964248538017273,0.003574732691049576,5.00984809193028e-10,0.4819975793361664,,
/kaggle/input/datasets/tawsifurrahman/covid19-radiography-database/COVID-19_Radiography_Dataset/Lung_Opacity/images/Lung_Opacity-5494.png,Lung_Opacity,Lung_Opacity,5.645671308229794e-07,0.9948201179504395,0.005179304163902998,5.050262430472685e-08,0.6199619174003601,,
/kaggle/input/datasets/tawsifurrahman/covid19-radiography-database/COVID-19_Radiography_Dataset/Lung_Opacity/images/Lung_Opacity-5498.png,Lung_Opacity,Lung_Opacity,1.1129539068122085e-08,0.9988947510719299,0.0011052596382796764,1.2929144865836406e-08,0.5704166889190674,,
/kaggle/input/datasets/tawsifurrahman/covid19-radiography-database/COVID-19_Radiography_Dataset/Lung_Opacity/images/Lung_Opacity-550.png,Lung_Opacity,Lung_Opacity,3.171036269122851e-07,0.9991075396537781,0.0008920686086639762,3.505382373258925e-10,0.5701618790626526,,
/kaggle/input/datasets/tawsifurrahman/covid19-radiography-database/COVID-19_Radiography_Dataset/Lung_Opacity/images/Lung_Opacity-5503.png,Lung_Opacity,Lung_Opacity,1.0727641210905858e-06,0.9998575448989868,0.0001413940917700529,2.8280700004046366e-09,0.6416335105895996,,
/kaggle/input/datasets/tawsifurrahman/covid19-radiography-database/COVID-19_Radiography_Dataset/Lung_Opacity/images/Lung_Opacity-5506.png,Lung_Opacity,Normal,6.987131928326562e-05,0.002377080963924527,0.9975530505180359,4.767523265059026e-09,0.6427074074745178,,
/kaggle/input/datasets/tawsifurrahman/covid19-radiography-database/COVID-19_Radiography_Dataset/Lung_Opacity/images/Lung_Opacity-5520.png,Lung_Opacity,Lung_Opacity,2.870896853579552e-09,0.9512035250663757,0.04879588633775711,5.369595896809187e-07,0.6011289954185486,,
/kaggle/input/datasets/tawsifurrahman/covid19-radiography-database/COVID-19_Radiography_Dataset/Lung_Opacity/images/Lung_Opacity-5524.png,Lung_Opacity,Lung_Opacity,1.82668609340908e-05,0.8830553293228149,0.1169162318110466,1.0170238965656608e-05,0.6998384594917297,0.2912940979003906,0.2912940979003906
/kaggle/input/datasets/tawsifurrahman/covid19-radiography-database/COVID-19_Radiography_Dataset/Lung_Opacity/images/Lung_Opacity-5534.png,Lung_Opacity,Lung_Opacity,8.660796524395664e-09,0.9973558187484741,0.002644238295033574,1.0648096293586207e-10,0.6376760601997375,,
/kaggle/input/datasets/tawsifurrahman/covid19-radiography-database/COVID-19_Radiography_Dataset/Lung_Opacity/images/Lung_Opacity-5535.png,Lung_Opacity,Lung_Opacity,0.0012130382237955928,0.9987868666648865,1.468809642801716e-07,2.9162803283355743e-09,0.6165972352027893,0.4918980002403259,0.4918980002403259
/kaggle/input/datasets/tawsifurrahman/covid19-radiography-database/COVID-19_Radiography_Dataset/Lung_Opacity/images/Lung_Opacity-5536.png,Lung_Opacity,Lung_Opacity,5.778238776343869e-09,0.9933150410652161,0.006684949155896902,2.7417392800543894e-09,0.5811970233917236,,
/kaggle/input/datasets/tawsifurrahman/covid19-radiography-database/COVID-19_Radiography_Dataset/Lung_Opacity/images/Lung_Opacity-5537.png,Lung_Opacity,Lung_Opacity,1.0203098810279698e-08,0.9999994039535522,5.980723472021054e-07,1.8204678653432893e-08,0.6285733580589294,0.3719348907470703,0.3719348907470703
/kaggle/input/datasets/tawsifurrahman/covid19-radiography-database/COVID-19_Radiography_Dataset/Lung_Opacity/images/Lung_Opacity-5541.png,Lung_Opacity,Lung_Opacity,4.760908556278309e-09,0.9999896287918091,1.0293007107975427e-05,6.498549254274621e-08,0.4508272707462311,,
/kaggle/input/datasets/tawsifurrahman/covid19-radiography-database/COVID-19_Radiography_Dataset/Lung_Opacity/images/Lung_Opacity-5543.png,Lung_Opacity,Lung_Opacity,2.165866362702218e-06,0.9487361311912537,0.05126123130321503,4.6009930088075635e-07,0.6528818011283875,,
/kaggle/input/datasets/tawsifurrahman/covid19-radiography-database/COVID-19_Radiography_Dataset/Lung_Opacity/images/Lung_Opacity-5550.png,Lung_Opacity,Lung_Opacity,3.296326838153618e-07,0.9996247291564941,0.0003747954615391791,7.711931715448372e-08,0.46422645449638367,,
/kaggle/input/datasets/tawsifurrahman/covid19-radiography-database/COVID-19_Radiography_Dataset/Lung_Opacity/images/Lung_Opacity-5552.png,Lung_Opacity,Lung_Opacity,3.948836456402205e-05,0.9999465942382812,1.3135633707861416e-05,8.332942229571927e-07,0.6443192958831787,,
/kaggle/input/datasets/tawsifurrahman/covid19-radiography-database/COVID-19_Radiography_Dataset/Lung_Opacity/images/Lung_Opacity-5553.png,Lung_Opacity,Normal,1.1626342200088402e-07,0.04991816356778145,0.950066864490509,1.4857362657494377e-05,0.5540898442268372,0.2731313705444336,0.2731313705444336
/kaggle/input/datasets/tawsifurrahman/covid19-radiography-database/COVID-19_Radiography_Dataset/Lung_Opacity/images/Lung_Opacity-5554.png,Lung_Opacity,Lung_Opacity,1.4074029195398907e-06,0.9999693632125854,2.8257203666726127e-05,1.0100126246470609e-06,0.5896075367927551,,
/kaggle/input/datasets/tawsifurrahman/covid19-radiography-database/COVID-19_Radiography_Dataset/Lung_Opacity/images/Lung_Opacity-5571.png,Lung_Opacity,Normal,2.2404831270250725e-06,0.01618596911430359,0.9838117957115173,1.5815422305109905e-09,0.6794228553771973,,
/kaggle/input/datasets/tawsifurrahman/covid19-radiography-database/COVID-19_Radiography_Dataset/Lung_Opacity/images/Lung_Opacity-5574.png,Lung_Opacity,Lung_Opacity,5.543204679270275e-06,0.99993896484375,5.544825762626715e-05,1.946231176219726e-09,0.5356950163841248,,
/kaggle/input/datasets/tawsifurrahman/covid19-radiography-database/COVID-19_Radiography_Dataset/Lung_Opacity/images/Lung_Opacity-5576.png,Lung_Opacity,Lung_Opacity,9.272834722651169e-05,0.8242226243019104,0.1756470650434494,3.759183528018184e-05,0.4605233371257782,,
/kaggle/input/datasets/tawsifurrahman/covid19-radiography-database/COVID-19_Radiography_Dataset/Lung_Opacity/images/Lung_Opacity-5578.png,Lung_Opacity,Lung_Opacity,6.600405111356622e-09,0.9962354302406311,0.00018632672436069697,0.0035783075727522373,0.5629018545150757,0.2689054012298584,0.2689054012298584
/kaggle/input/datasets/tawsifurrahman/covid19-radiography-database/COVID-19_Radiography_Dataset/Lung_Opacity/images/Lung_Opacity-5582.png,Lung_Opacity,Lung_Opacity,1.1470212484709918e-05,0.9526282548904419,0.04736027121543884,1.0661014293589233e-08,0.689952552318573,0.3359219431877136,0.3359219431877136
/kaggle/input/datasets/tawsifurrahman/covid19-radiography-database/COVID-19_Radiography_Dataset/Lung_Opacity/images/Lung_Opacity-5589.png,Lung_Opacity,Normal,0.000300354789942503,0.15121905505657196,0.8484806418418884,3.743999599237213e-08,0.6176076531410217,,
/kaggle/input/datasets/tawsifurrahman/covid19-radiography-database/COVID-19_Radiography_Dataset/Lung_Opacity/images/Lung_Opacity-5591.png,Lung_Opacity,Lung_Opacity,0.0003339927061460912,0.9991061091423035,7.091184670571238e-05,0.0004888862022198737,0.6437047123908997,,
/kaggle/input/datasets/tawsifurrahman/covid19-radiography-database/COVID-19_Radiography_Dataset/Lung_Opacity/images/Lung_Opacity-5594.png,Lung_Opacity,Lung_Opacity,9.38190714805387e-05,0.9995450377464294,0.00035568451858125627,5.515882548934314e-06,0.6290080547332764,0.39971739053726196,0.39971739053726196
/kaggle/input/datasets/tawsifurrahman/covid19-radiography-database/COVID-19_Radiography_Dataset/Lung_Opacity/images/Lung_Opacity-5596.png,Lung_Opacity,Lung_Opacity,1.4811926973834488e-07,0.9999191761016846,8.068022725638002e-05,1.0617195123074907e-08,0.6541520357131958,,
/kaggle/input/datasets/tawsifurrahman/covid19-radiography-database/COVID-19_Radiography_Dataset/Lung_Opacity/images/Lung_Opacity-5604.png,Lung_Opacity,Lung_Opacity,4.2523556231799375e-08,0.9999997615814209,2.2480996619833604e-07,6.513375394590071e-10,0.6161305904388428,,
/kaggle/input/datasets/tawsifurrahman/covid19-radiography-database/COVID-19_Radiography_Dataset/Lung_Opacity/images/Lung_Opacity-5606.png,Lung_Opacity,Lung_Opacity,2.347861638440918e-08,0.9999037981033325,9.621749632060528e-05,3.9914482385938754e-08,0.6177611947059631,0.26448550820350647,0.26448550820350647
/kaggle/input/datasets/tawsifurrahman/covid19-radiography-database/COVID-19_Radiography_Dataset/Lung_Opacity/images/Lung_Opacity-5613.png,Lung_Opacity,Lung_Opacity,0.00648580864071846,0.9144485592842102,0.07906553894281387,1.569932521761075e-07,0.5930362939834595,,
/kaggle/input/datasets/tawsifurrahman/covid19-radiography-database/COVID-19_Radiography_Dataset/Lung_Opacity/images/Lung_Opacity-5617.png,Lung_Opacity,Lung_Opacity,2.050746843451634e-05,0.9983421564102173,0.0016372621757909656,1.0348144030558615e-07,0.658886730670929,,
/kaggle/input/datasets/tawsifurrahman/covid19-radiography-database/COVID-19_Radiography_Dataset/Lung_Opacity/images/Lung_Opacity-5633.png,Lung_Opacity,Lung_Opacity,0.0006740539101883769,0.9964826107025146,0.0028288315515965223,1.4489079148916062e-05,0.5830259919166565,,
/kaggle/input/datasets/tawsifurrahman/covid19-radiography-database/COVID-19_Radiography_Dataset/Lung_Opacity/images/Lung_Opacity-5642.png,Lung_Opacity,Lung_Opacity,1.1427911950079306e-08,0.9994503855705261,0.0005495697841979563,4.991275392995931e-09,0.6446429491043091,,
/kaggle/input/datasets/tawsifurrahman/covid19-radiography-database/COVID-19_Radiography_Dataset/Lung_Opacity/images/Lung_Opacity-5649.png,Lung_Opacity,Lung_Opacity,2.087133725581225e-05,0.9883997440338135,0.011304916813969612,0.00027447196771390736,0.594712495803833,,
/kaggle/input/datasets/tawsifurrahman/covid19-radiography-database/COVID-19_Radiography_Dataset/Lung_Opacity/images/Lung_Opacity-5650.png,Lung_Opacity,Lung_Opacity,1.5602962832872436e-07,0.9994716048240662,0.0005236436845734715,4.647320110962028e-06,0.6175680160522461,,
/kaggle/input/datasets/tawsifurrahman/covid19-radiography-database/COVID-19_Radiography_Dataset/Lung_Opacity/images/Lung_Opacity-5654.png,Lung_Opacity,Lung_Opacity,9.432874747972164e-08,0.999936580657959,6.33218078291975e-05,1.9870487477646748e-08,0.5833528637886047,,
/kaggle/input/datasets/tawsifurrahman/covid19-radiography-database/COVID-19_Radiography_Dataset/Lung_Opacity/images/Lung_Opacity-566.png,Lung_Opacity,Lung_Opacity,4.041970953494456e-07,0.9995669722557068,0.0004325809422880411,2.1514569681357898e-08,0.5371013283729553,,
/kaggle/input/datasets/tawsifurrahman/covid19-radiography-database/COVID-19_Radiography_Dataset/Lung_Opacity/images/Lung_Opacity-5665.png,Lung_Opacity,Lung_Opacity,9.031890790822672e-10,0.9999077320098877,9.226077963830903e-05,2.2091212192876242e-10,0.5167607069015503,,
/kaggle/input/datasets/tawsifurrahman/covid19-radiography-database/COVID-19_Radiography_Dataset/Lung_Opacity/images/Lung_Opacity-5679.png,Lung_Opacity,Lung_Opacity,3.5484046634337574e-07,0.9999992847442627,2.2664721655019093e-07,6.409818809061107e-08,0.6229457259178162,,
/kaggle/input/datasets/tawsifurrahman/covid19-radiography-database/COVID-19_Radiography_Dataset/Lung_Opacity/images/Lung_Opacity-5685.png,Lung_Opacity,Lung_Opacity,0.0004976073978468776,0.9992005228996277,0.00017761987692210823,0.00012420221173670143,0.6595378518104553,,
/kaggle/input/datasets/tawsifurrahman/covid19-radiography-database/COVID-19_Radiography_Dataset/Lung_Opacity/images/Lung_Opacity-5686.png,Lung_Opacity,Lung_Opacity,4.220316986902617e-05,0.9267258048057556,0.07323199510574341,4.116198581982644e-08,0.5654774904251099,,
/kaggle/input/datasets/tawsifurrahman/covid19-radiography-database/COVID-19_Radiography_Dataset/Lung_Opacity/images/Lung_Opacity-5688.png,Lung_Opacity,Lung_Opacity,6.697027129121125e-05,0.998528242111206,0.0014047984732314944,2.6783533613183863e-08,0.6643352508544922,,
/kaggle/input/datasets/tawsifurrahman/covid19-radiography-database/COVID-19_Radiography_Dataset/Lung_Opacity/images/Lung_Opacity-5697.png,Lung_Opacity,Lung_Opacity,1.227904675715763e-07,0.9999704360961914,2.865443821065128e-05,7.887974220466276e-07,0.49004390835762024,0.2367439866065979,0.2367439866065979
/kaggle/input/datasets/tawsifurrahman/covid19-radiography-database/COVID-19_Radiography_Dataset/Lung_Opacity/images/Lung_Opacity-5698.png,Lung_Opacity,Lung_Opacity,3.554567840069467e-08,0.9999040365219116,9.590549598215148e-05,7.619656017254783e-10,0.5605574250221252,,
/kaggle/input/datasets/tawsifurrahman/covid19-radiography-database/COVID-19_Radiography_Dataset/Lung_Opacity/images/Lung_Opacity-570.png,Lung_Opacity,Lung_Opacity,1.0097919584950432e-05,0.9964398741722107,0.0035498032812029123,2.6494257099329843e-07,0.5227688550949097,0.21423473954200745,0.21423473954200745
/kaggle/input/datasets/tawsifurrahman/covid19-radiography-database/COVID-19_Radiography_Dataset/Lung_Opacity/images/Lung_Opacity-5705.png,Lung_Opacity,Lung_Opacity,2.2696058366022953e-08,0.999646782875061,0.0003508375957608223,2.377685177634703e-06,0.6177024841308594,,
/kaggle/input/datasets/tawsifurrahman/covid19-radiography-database/COVID-19_Radiography_Dataset/Lung_Opacity/images/Lung_Opacity-5706.png,Lung_Opacity,Lung_Opacity,4.691442427429138e-06,0.563352644443512,0.4366391897201538,3.488313041088986e-06,0.6277880668640137,,
/kaggle/input/datasets/tawsifurrahman/covid19-radiography-database/COVID-19_Radiography_Dataset/Lung_Opacity/images/Lung_Opacity-5707.png,Lung_Opacity,Lung_Opacity,0.24380816519260406,0.7542085647583008,0.0018981542671099305,8.503343997290358e-05,0.5298091173171997,0.3808425962924957,0.3808425962924957
/kaggle/input/datasets/tawsifurrahman/covid19-radiography-database/COVID-19_Radiography_Dataset/Lung_Opacity/images/Lung_Opacity-5714.png,Lung_Opacity,Lung_Opacity,1.8322791894842538e-10,0.9986483454704285,0.0013516678009182215,1.3717941713120574e-12,0.5786240100860596,0.20584726333618164,0.20584726333618164
/kaggle/input/datasets/tawsifurrahman/covid19-radiography-database/COVID-19_Radiography_Dataset/Lung_Opacity/images/Lung_Opacity-5716.png,Lung_Opacity,Lung_Opacity,2.9496236564341416e-09,0.7660146951675415,0.23398517072200775,1.0565612740265351e-07,0.38575899600982666,,
/kaggle/input/datasets/tawsifurrahman/covid19-radiography-database/COVID-19_Radiography_Dataset/Lung_Opacity/images/Lung_Opacity-5725.png,Lung_Opacity,Lung_Opacity,3.387790457054507e-06,0.9999909400939941,5.730753400712274e-06,1.2537234583831491e-09,0.617007315158844,0.3475123345851898,0.3475123345851898
/kaggle/input/datasets/tawsifurrahman/covid19-radiography-database/COVID-19_Radiography_Dataset/Lung_Opacity/images/Lung_Opacity-5727.png,Lung_Opacity,Lung_Opacity,0.002793662715703249,0.9971219897270203,8.421388338319957e-05,1.4591407193620398e-07,0.6018143892288208,,
/kaggle/input/datasets/tawsifurrahman/covid19-radiography-database/COVID-19_Radiography_Dataset/Lung_Opacity/images/Lung_Opacity-5730.png,Lung_Opacity,Lung_Opacity,8.032111509237438e-07,0.9999940395355225,5.16170166520169e-06,4.232318051577977e-09,0.5982986688613892,,
/kaggle/input/datasets/tawsifurrahman/covid19-radiography-database/COVID-19_Radiography_Dataset/Lung_Opacity/images/Lung_Opacity-5731.png,Lung_Opacity,Lung_Opacity,0.0003161356144119054,0.9994977712631226,0.00018607781385071576,1.2529695503360472e-08,0.6092819571495056,,
/kaggle/input/datasets/tawsifurrahman/covid19-radiography-database/COVID-19_Radiography_Dataset/Lung_Opacity/images/Lung_Opacity-5748.png,Lung_Opacity,Lung_Opacity,1.786993925634306e-05,0.9936588406562805,0.006238891277462244,8.444870036328211e-05,0.6078492403030396,0.3376435935497284,0.3376435935497284
/kaggle/input/datasets/tawsifurrahman/covid19-radiography-database/COVID-19_Radiography_Dataset/Lung_Opacity/images/Lung_Opacity-5757.png,Lung_Opacity,Lung_Opacity,0.001493629184551537,0.8446824550628662,0.15382350981235504,4.135682161177101e-07,0.6846686005592346,0.2535783648490906,0.2535783648490906
/kaggle/input/datasets/tawsifurrahman/covid19-radiography-database/COVID-19_Radiography_Dataset/Lung_Opacity/images/Lung_Opacity-5758.png,Lung_Opacity,Lung_Opacity,3.5209839552408084e-05,0.999932050704956,3.2653060770826414e-05,1.4984060214828787e-07,0.6108816862106323,,
/kaggle/input/datasets/tawsifurrahman/covid19-radiography-database/COVID-19_Radiography_Dataset/Lung_Opacity/images/Lung_Opacity-5760.png,Lung_Opacity,Lung_Opacity,7.3629348662507255e-06,0.9909798502922058,0.009012498892843723,2.565875831805897e-07,0.6484503746032715,0.29363641142845154,0.29363641142845154
/kaggle/input/datasets/tawsifurrahman/covid19-radiography-database/COVID-19_Radiography_Dataset/Lung_Opacity/images/Lung_Opacity-5766.png,Lung_Opacity,Lung_Opacity,2.862796861791139e-07,0.9995480179786682,0.00045156216947361827,7.554476866289406e-08,0.4819497764110565,,
/kaggle/input/datasets/tawsifurrahman/covid19-radiography-database/COVID-19_Radiography_Dataset/Lung_Opacity/images/Lung_Opacity-5782.png,Lung_Opacity,Lung_Opacity,1.3363525113163632e-06,0.9999899864196777,8.631223863631021e-06,4.6310701939944465e-09,0.6480094194412231,0.2793160676956177,0.2793160676956177
/kaggle/input/datasets/tawsifurrahman/covid19-radiography-database/COVID-19_Radiography_Dataset/Lung_Opacity/images/Lung_Opacity-5795.png,Lung_Opacity,Normal,6.38209883163654e-07,0.006584409158676863,0.9934148788452148,1.3616590877063572e-07,0.5196117162704468,,
/kaggle/input/datasets/tawsifurrahman/covid19-radiography-database/COVID-19_Radiography_Dataset/Lung_Opacity/images/Lung_Opacity-5796.png,Lung_Opacity,Lung_Opacity,1.4806424587732181e-05,0.9998929500579834,9.228334965882823e-05,1.9490437708213904e-08,0.6444334387779236,0.3434506356716156,0.3434506356716156
/kaggle/input/datasets/tawsifurrahman/covid19-radiography-database/COVID-19_Radiography_Dataset/Lung_Opacity/images/Lung_Opacity-5797.png,Lung_Opacity,Lung_Opacity,0.0015308507718145847,0.997467041015625,0.0010019349865615368,1.3026706824348366e-07,0.685894250869751,0.4146867096424103,0.4146867096424103
/kaggle/input/datasets/tawsifurrahman/covid19-radiography-database/COVID-19_Radiography_Dataset/Lung_Opacity/images/Lung_Opacity-5799.png,Lung_Opacity,Lung_Opacity,1.1846096725776079e-07,0.9997983574867249,0.00020154091180302203,2.552562605728781e-08,0.6767266988754272,0.3622971177101135,0.3622971177101135
/kaggle/input/datasets/tawsifurrahman/covid19-radiography-database/COVID-19_Radiography_Dataset/Lung_Opacity/images/Lung_Opacity-5806.png,Lung_Opacity,Lung_Opacity,5.9593312471406534e-06,0.9999881982803345,5.784151198895415e-06,2.4550954602631236e-09,0.5855270028114319,,
/kaggle/input/datasets/tawsifurrahman/covid19-radiography-database/COVID-19_Radiography_Dataset/Lung_Opacity/images/Lung_Opacity-5825.png,Lung_Opacity,Lung_Opacity,8.383367458009161e-07,0.9999791383743286,1.7875641788123176e-05,2.188410235248739e-06,0.5778412222862244,,
/kaggle/input/datasets/tawsifurrahman/covid19-radiography-database/COVID-19_Radiography_Dataset/Lung_Opacity/images/Lung_Opacity-5829.png,Lung_Opacity,Lung_Opacity,1.0709691196097992e-06,0.999962568283081,3.632111111073755e-05,4.538341702442494e-09,0.579027533531189,,
/kaggle/input/datasets/tawsifurrahman/covid19-radiography-database/COVID-19_Radiography_Dataset/Lung_Opacity/images/Lung_Opacity-5864.png,Lung_Opacity,Lung_Opacity,7.464812370017171e-06,0.9999856948852539,6.83914367982652e-06,5.35917905608585e-08,0.6359533667564392,,
/kaggle/input/datasets/tawsifurrahman/covid19-radiography-database/COVID-19_Radiography_Dataset/Lung_Opacity/images/Lung_Opacity-5877.png,Lung_Opacity,Lung_Opacity,0.003419742686673999,0.7260224223136902,0.2703130841255188,0.00024473699158988893,0.606914758682251,,
/kaggle/input/datasets/tawsifurrahman/covid19-radiography-database/COVID-19_Radiography_Dataset/Lung_Opacity/images/Lung_Opacity-5880.png,Lung_Opacity,Lung_Opacity,2.772732659650501e-05,0.9949083924293518,0.005063890013843775,2.3551688599354748e-08,0.6566941142082214,,
/kaggle/input/datasets/tawsifurrahman/covid19-radiography-database/COVID-19_Radiography_Dataset/Lung_Opacity/images/Lung_Opacity-5893.png,Lung_Opacity,Lung_Opacity,1.3463244613376446e-05,0.9734846949577332,0.0263828132301569,0.00011902031837962568,0.6120408177375793,,
/kaggle/input/datasets/tawsifurrahman/covid19-radiography-database/COVID-19_Radiography_Dataset/Lung_Opacity/images/Lung_Opacity-590.png,Lung_Opacity,Lung_Opacity,1.5690970744941524e-09,0.9982854723930359,0.0017144710291177034,9.894119301634419e-09,0.6312552094459534,,
/kaggle/input/datasets/tawsifurrahman/covid19-radiography-database/COVID-19_Radiography_Dataset/Lung_Opacity/images/Lung_Opacity-5909.png,Lung_Opacity,Lung_Opacity,9.777764375940023e-08,0.9999654293060303,3.445905167609453e-05,1.0391939531118055e-09,0.6367862820625305,,
/kaggle/input/datasets/tawsifurrahman/covid19-radiography-database/COVID-19_Radiography_Dataset/Lung_Opacity/images/Lung_Opacity-5913.png,Lung_Opacity,Lung_Opacity,2.1384666979429312e-05,0.9994449019432068,0.000533530255779624,7.420052838824631e-08,0.543728768825531,0.2945706844329834,0.2945706844329834
/kaggle/input/datasets/tawsifurrahman/covid19-radiography-database/COVID-19_Radiography_Dataset/Lung_Opacity/images/Lung_Opacity-5918.png,Lung_Opacity,Lung_Opacity,1.4604112266169977e-06,0.9995183944702148,0.00048000997048802674,1.7286447473452426e-07,0.4552079141139984,,
/kaggle/input/datasets/tawsifurrahman/covid19-radiography-database/COVID-19_Radiography_Dataset/Lung_Opacity/images/Lung_Opacity-5919.png,Lung_Opacity,Lung_Opacity,2.028524704655865e-06,0.9999972581863403,6.918630788277369e-07,8.2342227480936e-10,0.7019656896591187,0.3351926803588867,0.3351926803588867
/kaggle/input/datasets/tawsifurrahman/covid19-radiography-database/COVID-19_Radiography_Dataset/Lung_Opacity/images/Lung_Opacity-592.png,Lung_Opacity,Lung_Opacity,1.4608293668061378e-06,0.9999675750732422,3.1010651582619175e-05,4.501088834985012e-09,0.5292404294013977,0.24259594082832336,0.24259594082832336
/kaggle/input/datasets/tawsifurrahman/covid19-radiography-database/COVID-19_Radiography_Dataset/Lung_Opacity/images/Lung_Opacity-5921.png,Lung_Opacity,Lung_Opacity,4.021504480533622e-07,0.9995985627174377,0.0004009193798992783,1.23900065318594e-07,0.48178866505622864,,
/kaggle/input/datasets/tawsifurrahman/covid19-radiography-database/COVID-19_Radiography_Dataset/Lung_Opacity/images/Lung_Opacity-5925.png,Lung_Opacity,Lung_Opacity,1.3555209079640917e-06,0.9999438524246216,5.480415347847156e-05,3.2691704898724083e-09,0.584977388381958,,
/kaggle/input/datasets/tawsifurrahman/covid19-radiography-database/COVID-19_Radiography_Dataset/Lung_Opacity/images/Lung_Opacity-5927.png,Lung_Opacity,Lung_Opacity,3.297396006018971e-06,0.9998854398727417,0.00011123232252430171,4.252199481413754e-09,0.6772328019142151,0.34216585755348206,0.34216585755348206
/kaggle/input/datasets/tawsifurrahman/covid19-radiography-database/COVID-19_Radiography_Dataset/Lung_Opacity/images/Lung_Opacity-5958.png,Lung_Opacity,Lung_Opacity,5.242973657004768e-06,0.9995396137237549,0.00043507610098458827,2.0132483768975362e-05,0.6573387980461121,0.350607305765152,0.350607305765152
/kaggle/input/datasets/tawsifurrahman/covid19-radiography-database/COVID-19_Radiography_Dataset/Lung_Opacity/images/Lung_Opacity-5962.png,Lung_Opacity,Lung_Opacity,9.65772642302909e-07,0.9933376312255859,0.0066614458337426186,6.334757163273252e-10,0.707565188407898,0.3444666266441345,0.3444666266441345
/kaggle/input/datasets/tawsifurrahman/covid19-radiography-database/COVID-19_Radiography_Dataset/Lung_Opacity/images/Lung_Opacity-5964.png,Lung_Opacity,Lung_Opacity,1.980909837584477e-05,0.9999707937240601,9.40428435569629e-06,1.0641910463959903e-08,0.6858453154563904,,
/kaggle/input/datasets/tawsifurrahman/covid19-radiography-database/COVID-19_Radiography_Dataset/Lung_Opacity/images/Lung_Opacity-5968.png,Lung_Opacity,Lung_Opacity,7.313529692964948e-08,0.9999897480010986,1.0163713341171388e-05,4.3790276293975694e-08,0.5533231496810913,0.29523345828056335,0.29523345828056335
/kaggle/input/datasets/tawsifurrahman/covid19-radiography-database/COVID-19_Radiography_Dataset/Lung_Opacity/images/Lung_Opacity-5970.png,Lung_Opacity,Lung_Opacity,1.1855637893631865e-07,0.999891996383667,0.00010758951975731179,2.555706828388793e-07,0.6451566219329834,0.40114185214042664,0.40114185214042664
/kaggle/input/datasets/tawsifurrahman/covid19-radiography-database/COVID-19_Radiography_Dataset/Lung_Opacity/images/Lung_Opacity-5977.png,Lung_Opacity,Lung_Opacity,0.0001006644670269452,0.9998955726623535,3.5946236494055483e-06,1.449259201535824e-07,0.6778858304023743,0.43130791187286377,0.43130791187286377
/kaggle/input/datasets/tawsifurrahman/covid19-radiography-database/COVID-19_Radiography_Dataset/Lung_Opacity/images/Lung_Opacity-5986.png,Lung_Opacity,Lung_Opacity,2.5438234274588467e-07,0.9999855756759644,1.4227215615392197e-05,1.2254226966490478e-08,0.6367126703262329,0.3462894856929779,0.3462894856929779
/kaggle/input/datasets/tawsifurrahman/covid19-radiography-database/COVID-19_Radiography_Dataset/Lung_Opacity/images/Lung_Opacity-599.png,Lung_Opacity,Lung_Opacity,0.0023900973610579967,0.9962891340255737,0.0013208072632551193,4.620765103879876e-09,0.6099843382835388,,
/kaggle/input/datasets/tawsifurrahman/covid19-radiography-database/COVID-19_Radiography_Dataset/Lung_Opacity/images/Lung_Opacity-5997.png,Lung_Opacity,Lung_Opacity,4.362836534710368e-06,0.9999942779541016,1.3073899935989175e-06,2.176617552862581e-09,0.5979719161987305,,
/kaggle/input/datasets/tawsifurrahman/covid19-radiography-database/COVID-19_Radiography_Dataset/Lung_Opacity/images/Lung_Opacity-5998.png,Lung_Opacity,Lung_Opacity,8.916013939597178e-06,0.9028820991516113,0.09710859507322311,4.2971001334990433e-07,0.6140717267990112,0.09336579591035843,0.09336579591035843
/kaggle/input/datasets/tawsifurrahman/covid19-radiography-database/COVID-19_Radiography_Dataset/Lung_Opacity/images/Lung_Opacity-6000.png,Lung_Opacity,Lung_Opacity,0.012271501123905182,0.9868321418762207,0.0008487708983011544,4.758619979838841e-05,0.6210263967514038,,
/kaggle/input/datasets/tawsifurrahman/covid19-radiography-database/COVID-19_Radiography_Dataset/Lung_Opacity/images/Lung_Opacity-6001.png,Lung_Opacity,Lung_Opacity,4.904748607259535e-07,0.9999936819076538,5.8304999583924655e-06,3.791996050495072e-08,0.687487006187439,0.3821117579936981,0.3821117579936981
/kaggle/input/datasets/tawsifurrahman/covid19-radiography-database/COVID-19_Radiography_Dataset/Lung_Opacity/images/Lung_Opacity-6003.png,Lung_Opacity,Lung_Opacity,8.226719501180924e-07,0.9988596439361572,0.0011395704932510853,1.92646387731088e-09,0.6259147524833679,0.28427037596702576,0.28427037596702576
/kaggle/input/datasets/tawsifurrahman/covid19-radiography-database/COVID-19_Radiography_Dataset/Lung_Opacity/images/Lung_Opacity-6012.png,Lung_Opacity,Lung_Opacity,1.761871862981934e-05,0.9812164902687073,0.018765736371278763,6.792218698592478e-08,0.675550639629364,,
/kaggle/input/datasets/tawsifurrahman/covid19-radiography-database/COVID-19_Radiography_Dataset/Lung_Opacity/images/Lung_Opacity-604.png,Lung_Opacity,Normal,1.6582604075665586e-05,0.018928486853837967,0.9810549020767212,6.220393644618127e-11,0.6745620965957642,,
/kaggle/input/datasets/tawsifurrahman/covid19-radiography-database/COVID-19_Radiography_Dataset/Lung_Opacity/images/Lung_Opacity-61.png,Lung_Opacity,Lung_Opacity,1.2576311974044074e-06,0.9998505115509033,0.00014805734099354595,8.861939448934208e-08,0.5731684565544128,,
/kaggle/input/datasets/tawsifurrahman/covid19-radiography-database/COVID-19_Radiography_Dataset/Lung_Opacity/images/Lung_Opacity-619.png,Lung_Opacity,Lung_Opacity,0.0003183130465913564,0.9943205118179321,0.005360433366149664,6.601359245905769e-07,0.6514846682548523,,
/kaggle/input/datasets/tawsifurrahman/covid19-radiography-database/COVID-19_Radiography_Dataset/Lung_Opacity/images/Lung_Opacity-627.png,Lung_Opacity,Lung_Opacity,0.0003685037954710424,0.9658199548721313,0.03381158038973808,5.105080091993841e-08,0.6804983019828796,0.23639370501041412,0.23639370501041412
/kaggle/input/datasets/tawsifurrahman/covid19-radiography-database/COVID-19_Radiography_Dataset/Lung_Opacity/images/Lung_Opacity-628.png,Lung_Opacity,Lung_Opacity,2.1483007373035434e-08,0.9999984502792358,1.5214105815175571e-06,2.7987900885761974e-10,0.613997220993042,,
/kaggle/input/datasets/tawsifurrahman/covid19-radiography-database/COVID-19_Radiography_Dataset/Lung_Opacity/images/Lung_Opacity-629.png,Lung_Opacity,Normal,1.633587817195803e-05,0.02981693111360073,0.9701667428016663,2.174629898377134e-08,0.6196203231811523,,
/kaggle/input/datasets/tawsifurrahman/covid19-radiography-database/COVID-19_Radiography_Dataset/Lung_Opacity/images/Lung_Opacity-630.png,Lung_Opacity,Lung_Opacity,3.268579362725177e-08,0.9965527057647705,0.003447166411206126,7.743020091766084e-08,0.5898893475532532,,
/kaggle/input/datasets/tawsifurrahman/covid19-radiography-database/COVID-19_Radiography_Dataset/Lung_Opacity/images/Lung_Opacity-633.png,Lung_Opacity,Normal,0.00037849327782168984,0.046267468482255936,0.9533510208129883,3.119746452284744e-06,0.6780994534492493,,
/kaggle/input/datasets/tawsifurrahman/covid19-radiography-database/COVID-19_Radiography_Dataset/Lung_Opacity/images/Lung_Opacity-644.png,Lung_Opacity,Normal,2.903671884268988e-05,0.009215754456818104,0.9907538890838623,1.3069109172647586e-06,0.6612932085990906,0.42705145478248596,0.42705145478248596
/kaggle/input/datasets/tawsifurrahman/covid19-radiography-database/COVID-19_Radiography_Dataset/Lung_Opacity/images/Lung_Opacity-647.png,Lung_Opacity,Lung_Opacity,7.00627111882568e-09,0.9883953332901001,0.01160469464957714,6.545573527638737e-10,0.6307747960090637,0.24276837706565857,0.24276837706565857
/kaggle/input/datasets/tawsifurrahman/covid19-radiography-database/COVID-19_Radiography_Dataset/Lung_Opacity/images/Lung_Opacity-653.png,Lung_Opacity,Lung_Opacity,5.41492909178487e-07,0.9935038685798645,0.006495526526123285,6.81960514725688e-08,0.6158350706100464,0.17838403582572937,0.17838403582572937
/kaggle/input/datasets/tawsifurrahman/covid19-radiography-database/COVID-19_Radiography_Dataset/Lung_Opacity/images/Lung_Opacity-658.png,Lung_Opacity,Normal,3.422294639676693e-06,0.22321626543998718,0.7767803072929382,2.7032974969642964e-08,0.6552382111549377,,
/kaggle/input/datasets/tawsifurrahman/covid19-radiography-database/COVID-19_Radiography_Dataset/Lung_Opacity/images/Lung_Opacity-659.png,Lung_Opacity,Lung_Opacity,6.924239278305322e-05,0.9988808035850525,0.0010362638859078288,1.3751576261711307e-05,0.6890650391578674,,
/kaggle/input/datasets/tawsifurrahman/covid19-radiography-database/COVID-19_Radiography_Dataset/Lung_Opacity/images/Lung_Opacity-66.png,Lung_Opacity,Lung_Opacity,6.3404968386748806e-06,0.8711997270584106,0.12879382073879242,1.1128873467214362e-07,0.6333316564559937,,
/kaggle/input/datasets/tawsifurrahman/covid19-radiography-database/COVID-19_Radiography_Dataset/Lung_Opacity/images/Lung_Opacity-661.png,Lung_Opacity,Lung_Opacity,2.6721631130044443e-08,0.9999059438705444,9.313163172919303e-05,7.835554356461216e-07,0.49013370275497437,,
/kaggle/input/datasets/tawsifurrahman/covid19-radiography-database/COVID-19_Radiography_Dataset/Lung_Opacity/images/Lung_Opacity-667.png,Lung_Opacity,Lung_Opacity,1.8653707911653328e-07,0.9998319149017334,0.0001670020865276456,8.581679367125616e-07,0.5800381898880005,,
/kaggle/input/datasets/tawsifurrahman/covid19-radiography-database/COVID-19_Radiography_Dataset/Lung_Opacity/images/Lung_Opacity-674.png,Lung_Opacity,Lung_Opacity,6.104687145125354e-06,0.9999911785125732,2.712575906116399e-06,1.0687484230942346e-09,0.6440979838371277,,
/kaggle/input/datasets/tawsifurrahman/covid19-radiography-database/COVID-19_Radiography_Dataset/Lung_Opacity/images/Lung_Opacity-685.png,Lung_Opacity,Lung_Opacity,1.5483901938395661e-09,0.9999836683273315,1.6294621673296206e-05,3.0936694872529813e-10,0.5938225984573364,,
/kaggle/input/datasets/tawsifurrahman/covid19-radiography-database/COVID-19_Radiography_Dataset/Lung_Opacity/images/Lung_Opacity-693.png,Lung_Opacity,Lung_Opacity,5.5016446509625894e-08,0.9999425411224365,5.5667071137577295e-05,1.7595604049347457e-06,0.5298214554786682,,
/kaggle/input/datasets/tawsifurrahman/covid19-radiography-database/COVID-19_Radiography_Dataset/Lung_Opacity/images/Lung_Opacity-698.png,Lung_Opacity,Lung_Opacity,0.000682320911437273,0.9302823543548584,0.06903526932001114,7.230676857261642e-08,0.6091786026954651,0.26209697127342224,0.26209697127342224
/kaggle/input/datasets/tawsifurrahman/covid19-radiography-database/COVID-19_Radiography_Dataset/Lung_Opacity/images/Lung_Opacity-702.png,Lung_Opacity,Lung_Opacity,1.4004190234118141e-05,0.9994557499885559,0.0005296916351653636,5.603379804597353e-07,0.543622612953186,,
/kaggle/input/datasets/tawsifurrahman/covid19-radiography-database/COVID-19_Radiography_Dataset/Lung_Opacity/images/Lung_Opacity-707.png,Lung_Opacity,Lung_Opacity,0.0001723222085274756,0.9922659993171692,0.007560937665402889,7.345936978708778e-07,0.67934650182724,,
/kaggle/input/datasets/tawsifurrahman/covid19-radiography-database/COVID-19_Radiography_Dataset/Lung_Opacity/images/Lung_Opacity-711.png,Lung_Opacity,Normal,2.6977215838996926e-06,0.2956118583679199,0.7043854594230652,1.6469190455836724e-09,0.5918999314308167,0.17197772860527039,0.17197772860527039
/kaggle/input/datasets/tawsifurrahman/covid19-radiography-database/COVID-19_Radiography_Dataset/Lung_Opacity/images/Lung_Opacity-714.png,Lung_Opacity,Lung_Opacity,5.312398911883065e-07,0.9805238246917725,0.01947559416294098,5.3270326816345914e-08,0.64903724193573,,
/kaggle/input/datasets/tawsifurrahman/covid19-radiography-database/COVID-19_Radiography_Dataset/Lung_Opacity/images/Lung_Opacity-729.png,Lung_Opacity,Lung_Opacity,7.050100947481042e-08,0.9999363422393799,6.361651321640238e-05,3.455310704225667e-09,0.48056286573410034,0.22220712900161743,0.22220712900161743
/kaggle/input/datasets/tawsifurrahman/covid19-radiography-database/COVID-19_Radiography_Dataset/Lung_Opacity/images/Lung_Opacity-737.png,Lung_Opacity,Lung_Opacity,2.1048833787062904e-06,0.999370276927948,0.0006267416174523532,9.150964501714043e-07,0.5600792765617371,0.2559276223182678,0.2559276223182678
/kaggle/input/datasets/tawsifurrahman/covid19-radiography-database/COVID-19_Radiography_Dataset/Lung_Opacity/images/Lung_Opacity-742.png,Lung_Opacity,Lung_Opacity,9.736503670865204e-06,0.9996533393859863,0.00033583759795874357,1.0930451708190958e-06,0.5884098410606384,,
/kaggle/input/datasets/tawsifurrahman/covid19-radiography-database/COVID-19_Radiography_Dataset/Lung_Opacity/images/Lung_Opacity-745.png,Lung_Opacity,Lung_Opacity,0.0002861485118046403,0.9996784925460815,3.43333522323519e-05,1.0169123925152235e-06,0.5788085460662842,,
/kaggle/input/datasets/tawsifurrahman/covid19-radiography-database/COVID-19_Radiography_Dataset/Lung_Opacity/images/Lung_Opacity-753.png,Lung_Opacity,Lung_Opacity,1.7042958688762155e-07,0.9999562501907349,4.362398249213584e-05,1.004060612430635e-09,0.506934404373169,,
/kaggle/input/datasets/tawsifurrahman/covid19-radiography-database/COVID-19_Radiography_Dataset/Lung_Opacity/images/Lung_Opacity-760.png,Lung_Opacity,Lung_Opacity,1.152390814240789e-05,0.999017596244812,0.000967309984844178,3.612252385210013e-06,0.6196885108947754,,
/kaggle/input/datasets/tawsifurrahman/covid19-radiography-database/COVID-19_Radiography_Dataset/Lung_Opacity/images/Lung_Opacity-764.png,Lung_Opacity,Lung_Opacity,2.9513616937038023e-06,0.9998569488525391,0.000133445966639556,6.691497219435405e-06,0.5133575201034546,,
/kaggle/input/datasets/tawsifurrahman/covid19-radiography-database/COVID-19_Radiography_Dataset/Lung_Opacity/images/Lung_Opacity-766.png,Lung_Opacity,Lung_Opacity,0.0002351553994230926,0.9997069239616394,5.7385397667530924e-05,4.427697319897561e-07,0.6534891128540039,,
/kaggle/input/datasets/tawsifurrahman/covid19-radiography-database/COVID-19_Radiography_Dataset/Lung_Opacity/images/Lung_Opacity-767.png,Lung_Opacity,Lung_Opacity,7.322777673834935e-05,0.9358655214309692,0.06405971199274063,1.5963040596034261e-06,0.4339633584022522,0.1286168396472931,0.1286168396472931
/kaggle/input/datasets/tawsifurrahman/covid19-radiography-database/COVID-19_Radiography_Dataset/Lung_Opacity/images/Lung_Opacity-768.png,Lung_Opacity,Lung_Opacity,1.0470051165611949e-05,0.9999396800994873,4.9881367885973305e-05,1.3608373983231559e-08,0.575777530670166,,
/kaggle/input/datasets/tawsifurrahman/covid19-radiography-database/COVID-19_Radiography_Dataset/Lung_Opacity/images/Lung_Opacity-770.png,Lung_Opacity,Lung_Opacity,8.530513696314301e-06,0.9999759197235107,1.5511275705648586e-05,1.1152216039533869e-08,0.5685102939605713,0.31094974279403687,0.31094974279403687
/kaggle/input/datasets/tawsifurrahman/covid19-radiography-database/COVID-19_Radiography_Dataset/Lung_Opacity/images/Lung_Opacity-771.png,Lung_Opacity,Lung_Opacity,8.348508345079608e-06,0.6615160703659058,0.33820924162864685,0.0002663340128492564,0.6572853326797485,,
/kaggle/input/datasets/tawsifurrahman/covid19-radiography-database/COVID-19_Radiography_Dataset/Lung_Opacity/images/Lung_Opacity-774.png,Lung_Opacity,Lung_Opacity,3.9010178198850554e-08,0.9999077320098877,9.220835636369884e-05,9.245781029676436e-09,0.5925584435462952,,
/kaggle/input/datasets/tawsifurrahman/covid19-radiography-database/COVID-19_Radiography_Dataset/Lung_Opacity/images/Lung_Opacity-782.png,Lung_Opacity,Lung_Opacity,4.539182555163279e-06,0.9999077320098877,8.775220339884982e-05,2.319131331418589e-09,0.5914658308029175,,
/kaggle/input/datasets/tawsifurrahman/covid19-radiography-database/COVID-19_Radiography_Dataset/Lung_Opacity/images/Lung_Opacity-801.png,Lung_Opacity,Lung_Opacity,0.0015584116335958242,0.9979852437973022,5.995759420329705e-05,0.0003963845083490014,0.6070823073387146,0.27322685718536377,0.27322685718536377
/kaggle/input/datasets/tawsifurrahman/covid19-radiography-database/COVID-19_Radiography_Dataset/Lung_Opacity/images/Lung_Opacity-802.png,Lung_Opacity,Lung_Opacity,0.0006394525989890099,0.7839177250862122,0.21543057262897491,1.2251312000444159e-05,0.7328991889953613,,
/kaggle/input/datasets/tawsifurrahman/covid19-radiography-database/COVID-19_Radiography_Dataset/Lung_Opacity/images/Lung_Opacity-808.png,Lung_Opacity,Normal,0.00021821618429385126,0.018920807167887688,0.9808610081672668,4.327346037058533e-09,0.5996972918510437,,
/kaggle/input/datasets/tawsifurrahman/covid19-radiography-database/COVID-19_Radiography_Dataset/Lung_Opacity/images/Lung_Opacity-809.png,Lung_Opacity,Lung_Opacity,1.7053879446393694e-06,0.9153889417648315,0.08460864424705505,6.69083931370551e-07,0.6777480244636536,,
/kaggle/input/datasets/tawsifurrahman/covid19-radiography-database/COVID-19_Radiography_Dataset/Lung_Opacity/images/Lung_Opacity-810.png,Lung_Opacity,Normal,3.697794852541847e-07,0.01278862077742815,0.987210750579834,3.3108369734691223e-07,0.6823893785476685,,
/kaggle/input/datasets/tawsifurrahman/covid19-radiography-database/COVID-19_Radiography_Dataset/Lung_Opacity/images/Lung_Opacity-818.png,Lung_Opacity,Lung_Opacity,2.1189222820794384e-08,0.9999979734420776,1.9922770206903806e-06,7.774305643692969e-09,0.47053205966949463,,
/kaggle/input/datasets/tawsifurrahman/covid19-radiography-database/COVID-19_Radiography_Dataset/Lung_Opacity/images/Lung_Opacity-824.png,Lung_Opacity,Lung_Opacity,4.818694492314535e-07,0.9999834299087524,1.533772774564568e-05,7.031112545519136e-07,0.6642472147941589,,
/kaggle/input/datasets/tawsifurrahman/covid19-radiography-database/COVID-19_Radiography_Dataset/Lung_Opacity/images/Lung_Opacity-833.png,Lung_Opacity,Lung_Opacity,1.4112216604189598e-06,0.9986497759819031,0.0013485596282407641,2.223560784386791e-07,0.5984702706336975,0.2634775638580322,0.2634775638580322
/kaggle/input/datasets/tawsifurrahman/covid19-radiography-database/COVID-19_Radiography_Dataset/Lung_Opacity/images/Lung_Opacity-837.png,Lung_Opacity,COVID,0.6148321628570557,0.14556507766246796,0.23960275948047638,2.091538497950296e-08,0.663823664188385,,
/kaggle/input/datasets/tawsifurrahman/covid19-radiography-database/COVID-19_Radiography_Dataset/Lung_Opacity/images/Lung_Opacity-841.png,Lung_Opacity,Lung_Opacity,7.991486086211808e-07,0.9999978542327881,1.36530400141055e-06,4.7512407341798735e-09,0.7099469900131226,0.4730212986469269,0.4730212986469269
/kaggle/input/datasets/tawsifurrahman/covid19-radiography-database/COVID-19_Radiography_Dataset/Lung_Opacity/images/Lung_Opacity-843.png,Lung_Opacity,Lung_Opacity,3.675670768643613e-06,0.9997157454490662,0.00028056817245669663,3.6609140718901756e-10,0.45814743638038635,,
/kaggle/input/datasets/tawsifurrahman/covid19-radiography-database/COVID-19_Radiography_Dataset/Lung_Opacity/images/Lung_Opacity-846.png,Lung_Opacity,Normal,0.0029600346460938454,0.2820793688297272,0.7147431969642639,0.00021732933237217367,0.5828242301940918,0.05559913441538811,0.05559913441538811
/kaggle/input/datasets/tawsifurrahman/covid19-radiography-database/COVID-19_Radiography_Dataset/Lung_Opacity/images/Lung_Opacity-859.png,Lung_Opacity,Lung_Opacity,4.1793591663008556e-05,0.9999485015869141,9.661815965955611e-06,1.165966434513166e-09,0.6202766299247742,0.40549418330192566,0.40549418330192566
/kaggle/input/datasets/tawsifurrahman/covid19-radiography-database/COVID-19_Radiography_Dataset/Lung_Opacity/images/Lung_Opacity-865.png,Lung_Opacity,Lung_Opacity,1.9557901396183297e-05,0.9999774694442749,2.958204731839942e-06,1.1860807447305888e-08,0.57859867811203,,
/kaggle/input/datasets/tawsifurrahman/covid19-radiography-database/COVID-19_Radiography_Dataset/Lung_Opacity/images/Lung_Opacity-888.png,Lung_Opacity,Lung_Opacity,2.8028530607571156e-09,0.9988133907318115,0.0011866281274706125,2.7095975241309134e-08,0.6800537109375,,
/kaggle/input/datasets/tawsifurrahman/covid19-radiography-database/COVID-19_Radiography_Dataset/Lung_Opacity/images/Lung_Opacity-894.png,Lung_Opacity,Lung_Opacity,5.912557980991551e-07,0.9999958276748657,3.2957038911263226e-06,2.342773228747319e-07,0.6079726219177246,,
/kaggle/input/datasets/tawsifurrahman/covid19-radiography-database/COVID-19_Radiography_Dataset/Lung_Opacity/images/Lung_Opacity-905.png,Lung_Opacity,Lung_Opacity,6.315678433566063e-07,0.9999982118606567,1.2066121826137532e-06,1.7069747837439309e-09,0.5958127379417419,,
/kaggle/input/datasets/tawsifurrahman/covid19-radiography-database/COVID-19_Radiography_Dataset/Lung_Opacity/images/Lung_Opacity-910.png,Lung_Opacity,Lung_Opacity,3.218846700292488e-07,0.9884451627731323,0.011554380878806114,6.905359128950295e-08,0.6234668493270874,0.22730021178722382,0.22730021178722382
/kaggle/input/datasets/tawsifurrahman/covid19-radiography-database/COVID-19_Radiography_Dataset/Lung_Opacity/images/Lung_Opacity-911.png,Lung_Opacity,Lung_Opacity,0.00011394840839784592,0.9995104074478149,0.0003755991056095809,2.3080446442946823e-09,0.7031382322311401,,
/kaggle/input/datasets/tawsifurrahman/covid19-radiography-database/COVID-19_Radiography_Dataset/Lung_Opacity/images/Lung_Opacity-912.png,Lung_Opacity,Lung_Opacity,5.842259156452201e-07,0.9826136231422424,0.017385760322213173,3.781600454999534e-08,0.6620654463768005,,
/kaggle/input/datasets/tawsifurrahman/covid19-radiography-database/COVID-19_Radiography_Dataset/Lung_Opacity/images/Lung_Opacity-913.png,Lung_Opacity,Lung_Opacity,1.4970192751206923e-05,0.977586030960083,0.02239895984530449,2.0641786058206435e-09,0.7025055885314941,,
/kaggle/input/datasets/tawsifurrahman/covid19-radiography-database/COVID-19_Radiography_Dataset/Lung_Opacity/images/Lung_Opacity-914.png,Lung_Opacity,Lung_Opacity,0.0009143701172433794,0.9990403056144714,4.398102100822143e-05,1.2546879588626325e-06,0.7283825278282166,,
/kaggle/input/datasets/tawsifurrahman/covid19-radiography-database/COVID-19_Radiography_Dataset/Lung_Opacity/images/Lung_Opacity-918.png,Lung_Opacity,Lung_Opacity,0.0010318892309442163,0.9555350542068481,0.04343300685286522,3.275106408295869e-08,0.7180752158164978,,
/kaggle/input/datasets/tawsifurrahman/covid19-radiography-database/COVID-19_Radiography_Dataset/Lung_Opacity/images/Lung_Opacity-927.png,Lung_Opacity,Lung_Opacity,2.172099812014494e-05,0.999974250793457,3.918250058632111e-06,6.742769897982726e-08,0.5783942937850952,,
/kaggle/input/datasets/tawsifurrahman/covid19-radiography-database/COVID-19_Radiography_Dataset/Lung_Opacity/images/Lung_Opacity-932.png,Lung_Opacity,Lung_Opacity,5.487786984303966e-05,0.9964087605476379,0.0034809866920113564,5.5366755987051874e-05,0.6458014249801636,,
/kaggle/input/datasets/tawsifurrahman/covid19-radiography-database/COVID-19_Radiography_Dataset/Lung_Opacity/images/Lung_Opacity-945.png,Lung_Opacity,Lung_Opacity,2.648194595167297e-06,0.9994685053825378,0.0005264224600978196,2.4359094368264778e-06,0.5886868834495544,,
/kaggle/input/datasets/tawsifurrahman/covid19-radiography-database/COVID-19_Radiography_Dataset/Lung_Opacity/images/Lung_Opacity-946.png,Lung_Opacity,Lung_Opacity,1.2239044622219808e-07,0.999906063079834,9.381305426359177e-05,2.379845653877055e-09,0.6646194458007812,,
/kaggle/input/datasets/tawsifurrahman/covid19-radiography-database/COVID-19_Radiography_Dataset/Lung_Opacity/images/Lung_Opacity-949.png,Lung_Opacity,Lung_Opacity,4.429704131325707e-05,0.9999463558197021,8.450668246950954e-06,8.135771167872008e-07,0.551016628742218,0.3836471438407898,0.3836471438407898
/kaggle/input/datasets/tawsifurrahman/covid19-radiography-database/COVID-19_Radiography_Dataset/Lung_Opacity/images/Lung_Opacity-952.png,Lung_Opacity,Lung_Opacity,1.7506885114926263e-06,0.999987006187439,4.3397362787800375e-06,6.9657871790695935e-06,0.5058299899101257,,
/kaggle/input/datasets/tawsifurrahman/covid19-radiography-database/COVID-19_Radiography_Dataset/Lung_Opacity/images/Lung_Opacity-954.png,Lung_Opacity,Lung_Opacity,5.474141289596446e-05,0.9999351501464844,1.0137283425137866e-05,6.580963773927806e-09,0.5953859686851501,,
/kaggle/input/datasets/tawsifurrahman/covid19-radiography-database/COVID-19_Radiography_Dataset/Lung_Opacity/images/Lung_Opacity-957.png,Lung_Opacity,Lung_Opacity,0.01316989678889513,0.9867782592773438,5.1877905207220465e-05,6.571240440678139e-09,0.6589553952217102,0.41639015078544617,0.41639015078544617
/kaggle/input/datasets/tawsifurrahman/covid19-radiography-database/COVID-19_Radiography_Dataset/Lung_Opacity/images/Lung_Opacity-958.png,Lung_Opacity,Lung_Opacity,1.327665728467764e-07,0.9999995231628418,1.5138751052745647e-07,2.4461300540679076e-07,0.6348482966423035,,
/kaggle/input/datasets/tawsifurrahman/covid19-radiography-database/COVID-19_Radiography_Dataset/Lung_Opacity/images/Lung_Opacity-960.png,Lung_Opacity,Lung_Opacity,2.0176335056021344e-06,0.999985933303833,1.3652148709297762e-06,1.0764167200250085e-05,0.550804078578949,,
/kaggle/input/datasets/tawsifurrahman/covid19-radiography-database/COVID-19_Radiography_Dataset/Lung_Opacity/images/Lung_Opacity-966.png,Lung_Opacity,Lung_Opacity,2.742611513895099e-06,0.9986547231674194,0.0013024749932810664,4.004972652182914e-05,0.6458016633987427,,
/kaggle/input/datasets/tawsifurrahman/covid19-radiography-database/COVID-19_Radiography_Dataset/Lung_Opacity/images/Lung_Opacity-977.png,Lung_Opacity,Lung_Opacity,1.2045017001582892e-06,0.9998936653137207,0.000105127168353647,4.923727536798594e-10,0.665269672870636,0.3868633210659027,0.3868633210659027
/kaggle/input/datasets/tawsifurrahman/covid19-radiography-database/COVID-19_Radiography_Dataset/Lung_Opacity/images/Lung_Opacity-983.png,Lung_Opacity,Lung_Opacity,0.0003222217783331871,0.9996732473373413,3.5230630146543263e-06,1.1045804058085196e-06,0.6909399628639221,0.47593554854393005,0.47593554854393005
/kaggle/input/datasets/tawsifurrahman/covid19-radiography-database/COVID-19_Radiography_Dataset/Lung_Opacity/images/Lung_Opacity-987.png,Lung_Opacity,Normal,8.082456481872669e-09,0.007980946451425552,0.99201899766922,1.955124603880698e-11,0.6412667632102966,0.25606054067611694,0.25606054067611694
/kaggle/input/datasets/tawsifurrahman/covid19-radiography-database/COVID-19_Radiography_Dataset/Lung_Opacity/images/Lung_Opacity-989.png,Lung_Opacity,Lung_Opacity,5.963735247860313e-07,0.9998519420623779,0.0001474464515922591,6.919432138374759e-09,0.48385682702064514,,
/kaggle/input/datasets/tawsifurrahman/covid19-radiography-database/COVID-19_Radiography_Dataset/Lung_Opacity/images/Lung_Opacity-99.png,Lung_Opacity,Lung_Opacity,4.846579670925166e-08,0.9988864064216614,0.0010840358445420861,2.947868597402703e-05,0.4672635495662689,,
/kaggle/input/datasets/tawsifurrahman/covid19-radiography-database/COVID-19_Radiography_Dataset/Lung_Opacity/images/Lung_Opacity-992.png,Lung_Opacity,Lung_Opacity,0.008393747732043266,0.5348901748657227,0.45048272609710693,0.0062333326786756516,0.6123941540718079,0.08091205358505249,0.08091205358505249
/kaggle/input/datasets/tawsifurrahman/covid19-radiography-database/COVID-19_Radiography_Dataset/Normal/images/Normal-100.png,Normal,Normal,7.52625273889862e-05,0.00021510361693799496,0.9965085387229919,0.0032009920105338097,0.6412211060523987,,
/kaggle/input/datasets/tawsifurrahman/covid19-radiography-database/COVID-19_Radiography_Dataset/Normal/images/Normal-10006.png,Normal,Normal,1.0344684397978199e-07,0.005286897532641888,0.9947130084037781,5.2574886666434395e-09,0.5762615203857422,,
/kaggle/input/datasets/tawsifurrahman/covid19-radiography-database/COVID-19_Radiography_Dataset/Normal/images/Normal-10007.png,Normal,Normal,1.0018219654739369e-05,0.0017780775669962168,0.9982119798660278,2.2268430155403252e-10,0.7535982728004456,,
/kaggle/input/datasets/tawsifurrahman/covid19-radiography-database/COVID-19_Radiography_Dataset/Normal/images/Normal-10030.png,Normal,Normal,0.01372424978762865,0.1273355633020401,0.8589391112327576,1.168792095995741e-06,0.6676287055015564,0.282231867313385,0.282231867313385
/kaggle/input/datasets/tawsifurrahman/covid19-radiography-database/COVID-19_Radiography_Dataset/Normal/images/Normal-10032.png,Normal,Normal,1.0884932777344147e-07,0.004220329690724611,0.9957795143127441,5.871744930552314e-12,0.6933603286743164,0.24485908448696136,0.24485908448696136
/kaggle/input/datasets/tawsifurrahman/covid19-radiography-database/COVID-19_Radiography_Dataset/Normal/images/Normal-10059.png,Normal,Normal,9.356802479487669e-07,0.0024647333193570375,0.9975342750549316,6.403104158003714e-10,0.6787185072898865,0.32388657331466675,0.32388657331466675
/kaggle/input/datasets/tawsifurrahman/covid19-radiography-database/COVID-19_Radiography_Dataset/Normal/images/Normal-10061.png,Normal,Normal,5.547806358663365e-05,0.004341382533311844,0.9956032037734985,7.245434252567406e-10,0.717524528503418,,
/kaggle/input/datasets/tawsifurrahman/covid19-radiography-database/COVID-19_Radiography_Dataset/Normal/images/Normal-10063.png,Normal,Normal,8.523431915818946e-07,0.05383072420954704,0.9461684226989746,8.026395548199616e-09,0.6671833395957947,,
/kaggle/input/datasets/tawsifurrahman/covid19-radiography-database/COVID-19_Radiography_Dataset/Normal/images/Normal-10066.png,Normal,Normal,9.114576823776588e-05,0.008624880574643612,0.9912840127944946,1.1383732845260397e-09,0.6368200778961182,,
/kaggle/input/datasets/tawsifurrahman/covid19-radiography-database/COVID-19_Radiography_Dataset/Normal/images/Normal-10067.png,Normal,Normal,3.399172783247195e-06,0.018028590828180313,0.9819679856300354,1.5602536151959612e-08,0.714142918586731,,
/kaggle/input/datasets/tawsifurrahman/covid19-radiography-database/COVID-19_Radiography_Dataset/Normal/images/Normal-1007.png,Normal,Normal,6.41475708107464e-06,3.745173671632074e-05,0.9999539852142334,2.073909399769036e-06,0.6203542947769165,,
/kaggle/input/datasets/tawsifurrahman/covid19-radiography-database/COVID-19_Radiography_Dataset/Normal/images/Normal-10083.png,Normal,Normal,5.101288024889072e-06,0.0006236445624381304,0.9993712306022644,6.005720365465095e-10,0.6954202651977539,,
/kaggle/input/datasets/tawsifurrahman/covid19-radiography-database/COVID-19_Radiography_Dataset/Normal/images/Normal-10088.png,Normal,Normal,1.0380582580182818e-06,0.007592081092298031,0.9924067854881287,4.257564967247163e-08,0.6498648524284363,,
/kaggle/input/datasets/tawsifurrahman/covid19-radiography-database/COVID-19_Radiography_Dataset/Normal/images/Normal-10094.png,Normal,Normal,3.209090209566057e-05,0.20395931601524353,0.7960084080696106,2.4456110736537084e-07,0.692797839641571,,
/kaggle/input/datasets/tawsifurrahman/covid19-radiography-database/COVID-19_Radiography_Dataset/Normal/images/Normal-10097.png,Normal,Normal,0.0006270981975831091,0.19606968760490417,0.7986102104187012,0.004692985210567713,0.6835436820983887,0.2437012940645218,0.2437012940645218
/kaggle/input/datasets/tawsifurrahman/covid19-radiography-database/COVID-19_Radiography_Dataset/Normal/images/Normal-10098.png,Normal,Normal,1.1284863044025428e-09,0.020011454820632935,0.9799885749816895,3.058561390267833e-11,0.6831709146499634,,
/kaggle/input/datasets/tawsifurrahman/covid19-radiography-database/COVID-19_Radiography_Dataset/Normal/images/Normal-10105.png,Normal,Normal,2.8319305783952586e-05,0.021413473412394524,0.9785580635070801,1.3186063085868227e-07,0.6560187339782715,,
/kaggle/input/datasets/tawsifurrahman/covid19-radiography-database/COVID-19_Radiography_Dataset/Normal/images/Normal-10117.png,Normal,Normal,7.006764235484297e-07,0.004912676755338907,0.9950866103172302,3.570908013728058e-09,0.699730634689331,0.33248209953308105,0.33248209953308105
/kaggle/input/datasets/tawsifurrahman/covid19-radiography-database/COVID-19_Radiography_Dataset/Normal/images/Normal-10125.png,Normal,Normal,6.523672345792875e-05,0.00033305949182249606,0.9996017813682556,6.672766783566431e-09,0.734130859375,,
/kaggle/input/datasets/tawsifurrahman/covid19-radiography-database/COVID-19_Radiography_Dataset/Normal/images/Normal-10127.png,Normal,Normal,6.488391136372229e-06,0.05755981057882309,0.9424331784248352,5.245099146122811e-07,0.6119236350059509,0.2148246169090271,0.2148246169090271
/kaggle/input/datasets/tawsifurrahman/covid19-radiography-database/COVID-19_Radiography_Dataset/Normal/images/Normal-10130.png,Normal,Normal,8.107227768050507e-05,0.09431368857622147,0.905604898929596,3.3276086242040037e-07,0.6635057330131531,,
/kaggle/input/datasets/tawsifurrahman/covid19-radiography-database/COVID-19_Radiography_Dataset/Normal/images/Normal-10135.png,Normal,Normal,2.3148976424636203e-07,0.00034267076989635825,0.9996570348739624,2.9243502151082845e-12,0.7034118175506592,,
/kaggle/input/datasets/tawsifurrahman/covid19-radiography-database/COVID-19_Radiography_Dataset/Normal/images/Normal-10136.png,Normal,Normal,2.3772973634095251e-07,0.0042526875622570515,0.9957471489906311,4.618740112594111e-11,0.6827808618545532,0.30176880955696106,0.30176880955696106
/kaggle/input/datasets/tawsifurrahman/covid19-radiography-database/COVID-19_Radiography_Dataset/Normal/images/Normal-10138.png,Normal,Normal,2.206316275987774e-05,0.001159575185738504,0.9988183379173279,1.433644580828286e-08,0.6594452261924744,,
/kaggle/input/datasets/tawsifurrahman/covid19-radiography-database/COVID-19_Radiography_Dataset/Normal/images/Normal-10154.png,Normal,Normal,6.097888860523426e-09,0.0006043853354640305,0.9993956089019775,9.563181409960597e-13,0.6438072919845581,,
/kaggle/input/datasets/tawsifurrahman/covid19-radiography-database/COVID-19_Radiography_Dataset/Normal/images/Normal-10163.png,Normal,Normal,2.734814756877313e-07,0.00020014085748698562,0.9997996687889099,1.548050750088681e-11,0.6867058277130127,,
/kaggle/input/datasets/tawsifurrahman/covid19-radiography-database/COVID-19_Radiography_Dataset/Normal/images/Normal-10164.png,Normal,Normal,2.5550882128300145e-05,0.0007542778039351106,0.9992201328277588,6.588702673726576e-12,0.7481637597084045,0.4871581494808197,0.4871581494808197
/kaggle/input/datasets/tawsifurrahman/covid19-radiography-database/COVID-19_Radiography_Dataset/Normal/images/Normal-10184.png,Normal,Normal,0.0002972498768940568,0.008893736638128757,0.9908069968223572,2.032993734246702e-06,0.6302862763404846,,
/kaggle/input/datasets/tawsifurrahman/covid19-radiography-database/COVID-19_Radiography_Dataset/Normal/images/Normal-10185.png,Normal,Normal,7.067200158417108e-08,0.0006280065863393247,0.9993719458580017,3.5320107949488033e-10,0.6482524275779724,,
/kaggle/input/datasets/tawsifurrahman/covid19-radiography-database/COVID-19_Radiography_Dataset/Normal/images/Normal-10192.png,Normal,Normal,0.00018155375437345356,0.002224886557087302,0.9975934624671936,1.1360794527348617e-09,0.6802175045013428,0.36715567111968994,0.36715567111968994
/kaggle/input/datasets/tawsifurrahman/covid19-radiography-database/COVID-19_Radiography_Dataset/Normal/images/Normal-1035.png,Normal,Normal,5.163053356227465e-05,0.0001755991397658363,0.9997698664665222,2.887078153435141e-06,0.6587544679641724,0.2830858826637268,0.2830858826637268
/kaggle/input/datasets/tawsifurrahman/covid19-radiography-database/COVID-19_Radiography_Dataset/Normal/images/Normal-1042.png,Normal,Normal,0.0009705179836601019,7.827048830222338e-05,0.9987824559211731,0.00016883545322343707,0.6950897574424744,0.45043256878852844,0.45043256878852844
/kaggle/input/datasets/tawsifurrahman/covid19-radiography-database/COVID-19_Radiography_Dataset/Normal/images/Normal-1043.png,Normal,Normal,2.6577361495583318e-05,0.0003105381620116532,0.9996101260185242,5.274129216559231e-05,0.5203161835670471,0.19240066409111023,0.19240066409111023
/kaggle/input/datasets/tawsifurrahman/covid19-radiography-database/COVID-19_Radiography_Dataset/Normal/images/Normal-1044.png,Normal,Normal,4.243471994413994e-05,0.00033896678360179067,0.9620257019996643,0.03759295865893364,0.6442813277244568,0.3055691123008728,0.3055691123008728
/kaggle/input/datasets/tawsifurrahman/covid19-radiography-database/COVID-19_Radiography_Dataset/Normal/images/Normal-1054.png,Normal,Normal,5.4842228564666584e-05,4.812984843738377e-05,0.9998859167098999,1.1157302651554346e-05,0.5965000987052917,,
/kaggle/input/datasets/tawsifurrahman/covid19-radiography-database/COVID-19_Radiography_Dataset/Normal/images/Normal-1057.png,Normal,Normal,6.509548256872222e-05,0.00010098342318087816,0.9998137354850769,2.0248020518920384e-05,0.6189550161361694,,
/kaggle/input/datasets/tawsifurrahman/covid19-radiography-database/COVID-19_Radiography_Dataset/Normal/images/Normal-1062.png,Normal,Normal,2.8340882636257447e-05,0.00020164225134067237,0.999761164188385,8.81331925484119e-06,0.5488853454589844,,
/kaggle/input/datasets/tawsifurrahman/covid19-radiography-database/COVID-19_Radiography_Dataset/Normal/images/Normal-1065.png,Normal,Normal,0.0014312375569716096,0.0002569802163634449,0.998150110244751,0.00016180002421606332,0.49714788794517517,,
/kaggle/input/datasets/tawsifurrahman/covid19-radiography-database/COVID-19_Radiography_Dataset/Normal/images/Normal-1068.png,Normal,Normal,0.0003679589135572314,0.00014571681094821543,0.9994753003120422,1.1025216736015864e-05,0.5104337334632874,,
/kaggle/input/datasets/tawsifurrahman/covid19-radiography-database/COVID-19_Radiography_Dataset/Normal/images/Normal-1074.png,Normal,Normal,0.00011572497169254348,8.426577551290393e-05,0.999782383441925,1.7633510651648976e-05,0.6422280669212341,,
/kaggle/input/datasets/tawsifurrahman/covid19-radiography-database/COVID-19_Radiography_Dataset/Normal/images/Normal-1113.png,Normal,Normal,8.493691711919382e-05,7.119406654965132e-05,0.9992899894714355,0.0005538022960536182,0.5102327466011047,0.22190959751605988,0.22190959751605988
/kaggle/input/datasets/tawsifurrahman/covid19-radiography-database/COVID-19_Radiography_Dataset/Normal/images/Normal-1116.png,Normal,Normal,2.9485230697900988e-05,0.00014837765775155276,0.9998192191123962,3.007966370205395e-06,0.6483544111251831,,
/kaggle/input/datasets/tawsifurrahman/covid19-radiography-database/COVID-19_Radiography_Dataset/Normal/images/Normal-1120.png,Normal,Normal,0.0003062299801968038,4.733540481538512e-05,0.9996452331542969,1.122449816648441e-06,0.48348698019981384,,
/kaggle/input/datasets/tawsifurrahman/covid19-radiography-database/COVID-19_Radiography_Dataset/Normal/images/Normal-1121.png,Normal,Normal,4.414573413669132e-05,5.3606487199431285e-05,0.9998940229415894,8.235965651692823e-06,0.6610444784164429,0.3337081968784332,0.3337081968784332
/kaggle/input/datasets/tawsifurrahman/covid19-radiography-database/COVID-19_Radiography_Dataset/Normal/images/Normal-1122.png,Normal,Normal,0.00035290481173433363,0.00010615168866934255,0.9995013475418091,3.9598562580067664e-05,0.5676445364952087,0.23881858587265015,0.23881858587265015
/kaggle/input/datasets/tawsifurrahman/covid19-radiography-database/COVID-19_Radiography_Dataset/Normal/images/Normal-1130.png,Normal,Normal,0.000689077889546752,0.00010841662879101932,0.9981866478919983,0.0010158884106203914,0.5203887224197388,0.20509430766105652,0.20509430766105652
/kaggle/input/datasets/tawsifurrahman/covid19-radiography-database/COVID-19_Radiography_Dataset/Normal/images/Normal-1132.png,Normal,Normal,2.405974555585999e-05,0.00024301913799718022,0.9997321963310242,7.457366564267431e-07,0.6277382373809814,0.2668958306312561,0.2668958306312561
/kaggle/input/datasets/tawsifurrahman/covid19-radiography-database/COVID-19_Radiography_Dataset/Normal/images/Normal-1137.png,Normal,Viral Pneumonia,1.1130187260732782e-07,1.8322239156987052e-06,0.0007865646039135754,0.9992115497589111,0.6403520703315735,0.4801167845726013,0.4801167845726013
/kaggle/input/datasets/tawsifurrahman/covid19-radiography-database/COVID-19_Radiography_Dataset/Normal/images/Normal-1147.png,Normal,Normal,4.05808023060672e-05,5.224820415605791e-05,0.9999061822891235,1.03884474356164e-06,0.6160784363746643,,
/kaggle/input/datasets/tawsifurrahman/covid19-radiography-database/COVID-19_Radiography_Dataset/Normal/images/Normal-1152.png,Normal,Normal,0.0018679050263017416,0.00035983871202915907,0.9964621663093567,0.0013100521173328161,0.5448901057243347,,
/kaggle/input/datasets/tawsifurrahman/covid19-radiography-database/COVID-19_Radiography_Dataset/Normal/images/Normal-116.png,Normal,Normal,0.00019930167763959616,0.00010463370563229546,0.99704509973526,0.0026509189046919346,0.5410253405570984,,
/kaggle/input/datasets/tawsifurrahman/covid19-radiography-database/COVID-19_Radiography_Dataset/Normal/images/Normal-1163.png,Normal,Normal,2.2764692403143272e-05,3.396652027731761e-05,0.999940037727356,3.215638571418822e-06,0.5794551372528076,0.2686772048473358,0.2686772048473358
/kaggle/input/datasets/tawsifurrahman/covid19-radiography-database/COVID-19_Radiography_Dataset/Normal/images/Normal-1172.png,Normal,Normal,0.000811753619927913,0.0002881980035454035,0.9988993406295776,6.51176833343925e-07,0.5913715362548828,,
/kaggle/input/datasets/tawsifurrahman/covid19-radiography-database/COVID-19_Radiography_Dataset/Normal/images/Normal-1176.png,Normal,Normal,1.1295102012809366e-05,3.224842657800764e-05,0.9999529123306274,3.541169917298248e-06,0.6091687679290771,,
/kaggle/input/datasets/tawsifurrahman/covid19-radiography-database/COVID-19_Radiography_Dataset/Normal/images/Normal-1185.png,Normal,Normal,4.420175537234172e-05,0.00010206811566604301,0.9684910178184509,0.03136269003152847,0.6548750400543213,,
/kaggle/input/datasets/tawsifurrahman/covid19-radiography-database/COVID-19_Radiography_Dataset/Normal/images/Normal-1189.png,Normal,Normal,4.679575431509875e-05,0.00011215593985980377,0.9997699856758118,7.100160291884094e-05,0.5370354652404785,,
/kaggle/input/datasets/tawsifurrahman/covid19-radiography-database/COVID-19_Radiography_Dataset/Normal/images/Normal-1199.png,Normal,Normal,8.919268293539062e-05,0.00011638768046395853,0.9993625283241272,0.00043185200775042176,0.5583340525627136,0.23338456451892853,0.23338456451892853
/kaggle/input/datasets/tawsifurrahman/covid19-radiography-database/COVID-19_Radiography_Dataset/Normal/images/Normal-120.png,Normal,Normal,0.00017645477782934904,0.00011737149179680273,0.9995810389518738,0.00012515213165897876,0.6403162479400635,,
/kaggle/input/datasets/tawsifurrahman/covid19-radiography-database/COVID-19_Radiography_Dataset/Normal/images/Normal-1210.png,Normal,Normal,1.8724491383181885e-05,0.00016152109310496598,0.9998180270195007,1.7357064052703208e-06,0.5102733373641968,0.25081440806388855,0.25081440806388855
/kaggle/input/datasets/tawsifurrahman/covid19-radiography-database/COVID-19_Radiography_Dataset/Normal/images/Normal-1211.png,Normal,Normal,0.005420620087534189,0.0012755678035318851,0.8721007704734802,0.12120311707258224,0.6225443482398987,,
/kaggle/input/datasets/tawsifurrahman/covid19-radiography-database/COVID-19_Radiography_Dataset/Normal/images/Normal-1214.png,Normal,Normal,1.7413996829418465e-05,5.340949792298488e-05,0.9998078942298889,0.00012129038805142045,0.597977876663208,,
/kaggle/input/datasets/tawsifurrahman/covid19-radiography-database/COVID-19_Radiography_Dataset/Normal/images/Normal-1218.png,Normal,Normal,3.227470733691007e-05,3.958915112889372e-05,0.9998072981834412,0.00012089248048141599,0.45707467198371887,,
/kaggle/input/datasets/tawsifurrahman/covid19-radiography-database/COVID-19_Radiography_Dataset/Normal/images/Normal-1223.png,Normal,Normal,3.658666537376121e-05,4.1564740968169644e-05,0.9999030828475952,1.8742737665888853e-05,0.5614551901817322,,
/kaggle/input/datasets/tawsifurrahman/covid19-radiography-database/COVID-19_Radiography_Dataset/Normal/images/Normal-1224.png,Normal,Normal,1.1145943972223904e-05,0.0019753333181142807,0.997470498085022,0.0005430270684882998,0.5726200342178345,0.23776835203170776,0.23776835203170776
/kaggle/input/datasets/tawsifurrahman/covid19-radiography-database/COVID-19_Radiography_Dataset/Normal/images/Normal-1226.png,Normal,Normal,3.083648698520847e-05,0.00011885310232173651,0.9998476505279541,2.629731625347631e-06,0.6311984658241272,,
/kaggle/input/datasets/tawsifurrahman/covid19-radiography-database/COVID-19_Radiography_Dataset/Normal/images/Normal-1235.png,Normal,Normal,1.3808816220262088e-05,2.030097493843641e-05,0.9995112419128418,0.00045458567910827696,0.6270564198493958,,
/kaggle/input/datasets/tawsifurrahman/covid19-radiography-database/COVID-19_Radiography_Dataset/Normal/images/Normal-124.png,Normal,Normal,7.814648415660486e-05,0.000137536451802589,0.9997796416282654,4.702290425484534e-06,0.5641925930976868,,
/kaggle/input/datasets/tawsifurrahman/covid19-radiography-database/COVID-19_Radiography_Dataset/Normal/images/Normal-1243.png,Normal,Normal,4.877534138358897e-06,3.830759669654071e-05,0.9990090131759644,0.0009477275307290256,0.6160459518432617,0.23886364698410034,0.23886364698410034
/kaggle/input/datasets/tawsifurrahman/covid19-radiography-database/COVID-19_Radiography_Dataset/Normal/images/Normal-1252.png,Normal,Normal,4.565043491311371e-05,4.0548318793298677e-05,0.9997691512107849,0.00014465127605944872,0.6001471281051636,,
/kaggle/input/datasets/tawsifurrahman/covid19-radiography-database/COVID-19_Radiography_Dataset/Normal/images/Normal-1256.png,Normal,Normal,0.00012125568900955841,1.2586316188389901e-05,0.9998621940612793,4.024631834909087e-06,0.5315230488777161,,
/kaggle/input/datasets/tawsifurrahman/covid19-radiography-database/COVID-19_Radiography_Dataset/Normal/images/Normal-1259.png,Normal,Normal,3.2629329780320404e-06,0.0002463099081069231,0.9997500777244568,4.092398739885539e-07,0.6639951467514038,0.2652198076248169,0.2652198076248169
/kaggle/input/datasets/tawsifurrahman/covid19-radiography-database/COVID-19_Radiography_Dataset/Normal/images/Normal-1271.png,Normal,Normal,1.6265661543002352e-05,2.2665875803795643e-05,0.9999567270278931,4.397108114062576e-06,0.6384299993515015,,
/kaggle/input/datasets/tawsifurrahman/covid19-radiography-database/COVID-19_Radiography_Dataset/Normal/images/Normal-1292.png,Normal,Viral Pneumonia,0.0011895403731614351,0.0007144699338823557,0.18223124742507935,0.8158647418022156,0.5669873952865601,,
/kaggle/input/datasets/tawsifurrahman/covid19-radiography-database/COVID-19_Radiography_Dataset/Normal/images/Normal-13.png,Normal,Normal,0.00014882872346788645,0.12087512016296387,0.878976047039032,3.85796194990462e-09,0.6438783407211304,0.22538845241069794,0.22538845241069794
/kaggle/input/datasets/tawsifurrahman/covid19-radiography-database/COVID-19_Radiography_Dataset/Normal/images/Normal-130.png,Normal,Normal,0.00015814565995242447,0.0001659101399127394,0.9978176355361938,0.0018582765478640795,0.3874519467353821,0.2040586769580841,0.2040586769580841
/kaggle/input/datasets/tawsifurrahman/covid19-radiography-database/COVID-19_Radiography_Dataset/Normal/images/Normal-1301.png,Normal,Normal,1.6955076716840267e-05,0.00025345387984998524,0.9997082352638245,2.1331996322260238e-05,0.6167877316474915,,
/kaggle/input/datasets/tawsifurrahman/covid19-radiography-database/COVID-19_Radiography_Dataset/Normal/images/Normal-1303.png,Normal,Normal,3.665173426270485e-05,2.2324262317852117e-05,0.9999089241027832,3.2179756090044975e-05,0.4985608458518982,,
/kaggle/input/datasets/tawsifurrahman/covid19-radiography-database/COVID-19_Radiography_Dataset/Normal/images/Normal-1310.png,Normal,Normal,3.9620073948754e-05,4.5630793465534225e-05,0.9964648485183716,0.003449860028922558,0.6284340023994446,0.27484971284866333,0.27484971284866333
/kaggle/input/datasets/tawsifurrahman/covid19-radiography-database/COVID-19_Radiography_Dataset/Normal/images/Normal-1314.png,Normal,Normal,0.00013988930732011795,3.393243605387397e-05,0.9998077750205994,1.8347191144130193e-05,0.6391289234161377,,
/kaggle/input/datasets/tawsifurrahman/covid19-radiography-database/COVID-19_Radiography_Dataset/Normal/images/Normal-1328.png,Normal,Normal,1.3594119081972167e-05,0.00015820238331798464,0.9971356391906738,0.0026926600839942694,0.6574534177780151,,
/kaggle/input/datasets/tawsifurrahman/covid19-radiography-database/COVID-19_Radiography_Dataset/Normal/images/Normal-1329.png,Normal,Viral Pneumonia,0.003339717397466302,0.001102288137190044,0.4004146158695221,0.5951433777809143,0.6381947994232178,0.4072655141353607,0.4072655141353607
/kaggle/input/datasets/tawsifurrahman/covid19-radiography-database/COVID-19_Radiography_Dataset/Normal/images/Normal-1348.png,Normal,Normal,2.4559622033848427e-05,0.0003801937564276159,0.9995859265327454,9.32475995796267e-06,0.5245372653007507,,
/kaggle/input/datasets/tawsifurrahman/covid19-radiography-database/COVID-19_Radiography_Dataset/Normal/images/Normal-1358.png,Normal,Normal,3.1444451451534405e-06,3.295283022453077e-05,0.9999619722366333,2.0196239347569644e-06,0.5123281478881836,,
/kaggle/input/datasets/tawsifurrahman/covid19-radiography-database/COVID-19_Radiography_Dataset/Normal/images/Normal-136.png,Normal,Normal,2.203339317929931e-05,4.531586091616191e-05,0.998104453086853,0.0018281531520187855,0.5935331583023071,,
/kaggle/input/datasets/tawsifurrahman/covid19-radiography-database/COVID-19_Radiography_Dataset/Normal/images/Normal-1362.png,Normal,Normal,2.481338924553711e-05,4.0586033719591796e-05,0.9783619046211243,0.021572614088654518,0.48399752378463745,,
/kaggle/input/datasets/tawsifurrahman/covid19-radiography-database/COVID-19_Radiography_Dataset/Normal/images/Normal-1363.png,Normal,Normal,5.97129255766049e-05,5.34624996362254e-05,0.9997851252555847,0.00010169753659283742,0.6293309330940247,,
/kaggle/input/datasets/tawsifurrahman/covid19-radiography-database/COVID-19_Radiography_Dataset/Normal/images/Normal-1365.png,Normal,Normal,0.0002694226277526468,4.995690687792376e-05,0.9996800422668457,5.321075491337979e-07,0.5320243239402771,,
/kaggle/input/datasets/tawsifurrahman/covid19-radiography-database/COVID-19_Radiography_Dataset/Normal/images/Normal-1368.png,Normal,Normal,0.004914078861474991,0.0016297086840495467,0.9934511184692383,5.026646249461919e-06,0.5725882649421692,0.3693479597568512,0.3693479597568512
/kaggle/input/datasets/tawsifurrahman/covid19-radiography-database/COVID-19_Radiography_Dataset/Normal/images/Normal-1370.png,Normal,Normal,0.00025607208954170346,8.737600001040846e-05,0.9996551275253296,1.4125158713795827e-06,0.5511655807495117,,
/kaggle/input/datasets/tawsifurrahman/covid19-radiography-database/COVID-19_Radiography_Dataset/Normal/images/Normal-1371.png,Normal,Normal,0.00011638334399322048,0.00010986225242959335,0.9995501637458801,0.0002234999992651865,0.6321299076080322,,
/kaggle/input/datasets/tawsifurrahman/covid19-radiography-database/COVID-19_Radiography_Dataset/Normal/images/Normal-1377.png,Normal,Normal,4.322515815147199e-05,6.537259650940541e-06,0.9999500513076782,1.4013480154062563e-07,0.5536565780639648,0.2723877727985382,0.2723877727985382
/kaggle/input/datasets/tawsifurrahman/covid19-radiography-database/COVID-19_Radiography_Dataset/Normal/images/Normal-1382.png,Normal,Normal,1.0374519661127124e-05,8.397436613449827e-05,0.999904990196228,6.073810823181702e-07,0.6351622939109802,,
/kaggle/input/datasets/tawsifurrahman/covid19-radiography-database/COVID-19_Radiography_Dataset/Normal/images/Normal-1383.png,Normal,Normal,2.5122693841694854e-05,1.9649571186164394e-05,0.9998538494110107,0.00010133469186257571,0.5834476947784424,,
/kaggle/input/datasets/tawsifurrahman/covid19-radiography-database/COVID-19_Radiography_Dataset/Normal/images/Normal-1388.png,Normal,Viral Pneumonia,1.545931263535749e-05,0.00044084005639888346,0.03211101144552231,0.9674326181411743,0.6325604915618896,0.2726813554763794,0.2726813554763794
/kaggle/input/datasets/tawsifurrahman/covid19-radiography-database/COVID-19_Radiography_Dataset/Normal/images/Normal-1394.png,Normal,Normal,7.532032759627327e-05,0.00011300637561362237,0.8017311692237854,0.19808053970336914,0.6816269755363464,,
/kaggle/input/datasets/tawsifurrahman/covid19-radiography-database/COVID-19_Radiography_Dataset/Normal/images/Normal-1396.png,Normal,Normal,0.0002523343719076365,0.0006720608798786998,0.7800386548042297,0.21903695166110992,0.5904061794281006,0.3547907769680023,0.3547907769680023
/kaggle/input/datasets/tawsifurrahman/covid19-radiography-database/COVID-19_Radiography_Dataset/Normal/images/Normal-1398.png,Normal,Normal,0.0007600348326377571,0.0012322737602517009,0.9309847354888916,0.06702298671007156,0.5639592409133911,,
/kaggle/input/datasets/tawsifurrahman/covid19-radiography-database/COVID-19_Radiography_Dataset/Normal/images/Normal-1406.png,Normal,Normal,1.0936128091998398e-05,0.02689259499311447,0.9730965495109558,4.04147870725069e-09,0.6493717432022095,0.2663419842720032,0.2663419842720032
/kaggle/input/datasets/tawsifurrahman/covid19-radiography-database/COVID-19_Radiography_Dataset/Normal/images/Normal-1417.png,Normal,Normal,2.4343250970559893e-07,0.000524254806805402,0.9994755387306213,3.9624088732370666e-11,0.7054404616355896,,
/kaggle/input/datasets/tawsifurrahman/covid19-radiography-database/COVID-19_Radiography_Dataset/Normal/images/Normal-1419.png,Normal,Normal,0.0004049387644045055,0.00015560461906716228,0.9994394183158875,3.294086781124861e-08,0.6677466034889221,,
/kaggle/input/datasets/tawsifurrahman/covid19-radiography-database/COVID-19_Radiography_Dataset/Normal/images/Normal-1423.png,Normal,Normal,1.0491268653822772e-07,0.00012799644900951535,0.9998718500137329,8.700822701213085e-11,0.6602042317390442,,
/kaggle/input/datasets/tawsifurrahman/covid19-radiography-database/COVID-19_Radiography_Dataset/Normal/images/Normal-1424.png,Normal,Normal,0.0005372061859816313,0.011282866820693016,0.9881794452667236,4.833260618397617e-07,0.7261323928833008,,
/kaggle/input/datasets/tawsifurrahman/covid19-radiography-database/COVID-19_Radiography_Dataset/Normal/images/Normal-1425.png,Normal,Normal,8.383447607229755e-07,0.0021339263767004013,0.9978652596473694,1.5990179846880892e-08,0.7175304293632507,0.3327217400074005,0.3327217400074005
/kaggle/input/datasets/tawsifurrahman/covid19-radiography-database/COVID-19_Radiography_Dataset/Normal/images/Normal-1437.png,Normal,Normal,2.1348416339606047e-05,0.0266704224050045,0.9733076691627502,5.37781147613714e-07,0.7340260148048401,,
/kaggle/input/datasets/tawsifurrahman/covid19-radiography-database/COVID-19_Radiography_Dataset/Normal/images/Normal-1446.png,Normal,Normal,1.464985416532727e-06,0.0008269724203273654,0.9991716146469116,5.4716713798752536e-11,0.6606248617172241,,
/kaggle/input/datasets/tawsifurrahman/covid19-radiography-database/COVID-19_Radiography_Dataset/Normal/images/Normal-145.png,Normal,Normal,5.17667576787062e-05,0.00018370333418715745,0.9994409680366516,0.000323586689773947,0.5371765494346619,,
/kaggle/input/datasets/tawsifurrahman/covid19-radiography-database/COVID-19_Radiography_Dataset/Normal/images/Normal-1453.png,Normal,Normal,8.998571274787537e-07,0.07124505192041397,0.9287538528442383,1.9073559087701142e-07,0.6326425075531006,0.3700266480445862,0.3700266480445862
/kaggle/input/datasets/tawsifurrahman/covid19-radiography-database/COVID-19_Radiography_Dataset/Normal/images/Normal-1458.png,Normal,Normal,2.6627634497344843e-07,0.007328696548938751,0.9926711320877075,1.090122367375379e-10,0.6613651514053345,,
/kaggle/input/datasets/tawsifurrahman/covid19-radiography-database/COVID-19_Radiography_Dataset/Normal/images/Normal-1459.png,Normal,Normal,9.995632410664257e-08,0.0004864442744292319,0.9995133876800537,3.236879861368003e-11,0.6659140586853027,,
/kaggle/input/datasets/tawsifurrahman/covid19-radiography-database/COVID-19_Radiography_Dataset/Normal/images/Normal-1468.png,Normal,Normal,2.4737085713155693e-09,0.0006486793863587081,0.9993512034416199,6.663111662419396e-08,0.6449156999588013,,
/kaggle/input/datasets/tawsifurrahman/covid19-radiography-database/COVID-19_Radiography_Dataset/Normal/images/Normal-1470.png,Normal,Normal,2.218049303337466e-05,0.0017787956167012453,0.9981990456581116,4.564024269626543e-09,0.6453413963317871,,
/kaggle/input/datasets/tawsifurrahman/covid19-radiography-database/COVID-19_Radiography_Dataset/Normal/images/Normal-1479.png,Normal,Normal,0.09188447892665863,0.06521227210760117,0.8429000377655029,3.1228923944581766e-06,0.6450289487838745,0.5366788506507874,0.5366788506507874
/kaggle/input/datasets/tawsifurrahman/covid19-radiography-database/COVID-19_Radiography_Dataset/Normal/images/Normal-1483.png,Normal,Normal,3.12471529468894e-05,0.0029371080454438925,0.9970313310623169,2.3469279142318555e-07,0.6458364725112915,0.386599063873291,0.386599063873291
/kaggle/input/datasets/tawsifurrahman/covid19-radiography-database/COVID-19_Radiography_Dataset/Normal/images/Normal-1491.png,Normal,Normal,8.678478593537875e-07,0.12352832406759262,0.8764708042144775,2.0941229195159394e-08,0.6848289370536804,,
/kaggle/input/datasets/tawsifurrahman/covid19-radiography-database/COVID-19_Radiography_Dataset/Normal/images/Normal-1496.png,Normal,Normal,1.2745762205668143e-06,0.002016322687268257,0.997982382774353,2.391705722359916e-09,0.5698560476303101,,
/kaggle/input/datasets/tawsifurrahman/covid19-radiography-database/COVID-19_Radiography_Dataset/Normal/images/Normal-1502.png,Normal,Normal,2.573040092102019e-06,0.0007144073606468737,0.9992830157279968,1.6571438665735627e-09,0.7181237936019897,,
/kaggle/input/datasets/tawsifurrahman/covid19-radiography-database/COVID-19_Radiography_Dataset/Normal/images/Normal-1504.png,Normal,Normal,9.64238824963104e-06,0.0024788405280560255,0.9975115060806274,8.702995268894398e-11,0.6659330129623413,,
/kaggle/input/datasets/tawsifurrahman/covid19-radiography-database/COVID-19_Radiography_Dataset/Normal/images/Normal-1510.png,Normal,Normal,6.842298716946971e-06,0.004776638001203537,0.995212197303772,4.253032329870621e-06,0.6611555218696594,,
/kaggle/input/datasets/tawsifurrahman/covid19-radiography-database/COVID-19_Radiography_Dataset/Normal/images/Normal-1511.png,Normal,Normal,0.00010676814417820424,0.0021196547895669937,0.9977734684944153,5.62956681271487e-10,0.6326035857200623,,
/kaggle/input/datasets/tawsifurrahman/covid19-radiography-database/COVID-19_Radiography_Dataset/Normal/images/Normal-1516.png,Normal,Normal,8.082264685072005e-05,0.001462245942093432,0.9984569549560547,4.452481050520873e-09,0.6495361328125,,
/kaggle/input/datasets/tawsifurrahman/covid19-radiography-database/COVID-19_Radiography_Dataset/Normal/images/Normal-1517.png,Normal,Normal,1.507949605183967e-06,7.41436961106956e-05,0.9999243021011353,1.286850834225639e-11,0.682868242263794,0.4601094722747803,0.4601094722747803
/kaggle/input/datasets/tawsifurrahman/covid19-radiography-database/COVID-19_Radiography_Dataset/Normal/images/Normal-1519.png,Normal,Normal,1.677199698568721e-11,0.0023668622598052025,0.9976330995559692,1.9286240660054688e-10,0.6293564438819885,,
/kaggle/input/datasets/tawsifurrahman/covid19-radiography-database/COVID-19_Radiography_Dataset/Normal/images/Normal-1535.png,Normal,Normal,0.0001535597984911874,0.0012289435835555196,0.99861741065979,1.2479036470836036e-08,0.7217814922332764,0.36739909648895264,0.36739909648895264
/kaggle/input/datasets/tawsifurrahman/covid19-radiography-database/COVID-19_Radiography_Dataset/Normal/images/Normal-1543.png,Normal,Normal,7.794889000933836e-08,0.009338404051959515,0.9906614422798157,8.596661160709118e-09,0.6374748945236206,,
/kaggle/input/datasets/tawsifurrahman/covid19-radiography-database/COVID-19_Radiography_Dataset/Normal/images/Normal-1544.png,Normal,Normal,1.305354180658469e-05,0.0005176728591322899,0.9994692206382751,1.6364546870373253e-11,0.6914278268814087,0.3311291038990021,0.3311291038990021
/kaggle/input/datasets/tawsifurrahman/covid19-radiography-database/COVID-19_Radiography_Dataset/Normal/images/Normal-1547.png,Normal,Normal,1.2469917237467598e-05,0.006507229525595903,0.9934802055358887,9.179959192806564e-08,0.5995405912399292,,
/kaggle/input/datasets/tawsifurrahman/covid19-radiography-database/COVID-19_Radiography_Dataset/Normal/images/Normal-1561.png,Normal,Normal,0.00013453773863147944,4.4731208618031815e-05,0.9998207688331604,1.277092764873089e-09,0.7093899846076965,0.3558697998523712,0.3558697998523712
/kaggle/input/datasets/tawsifurrahman/covid19-radiography-database/COVID-19_Radiography_Dataset/Normal/images/Normal-1562.png,Normal,Normal,0.0004795696004293859,0.0025604364927858114,0.9969600439071655,7.646281524609222e-11,0.6912943124771118,,
/kaggle/input/datasets/tawsifurrahman/covid19-radiography-database/COVID-19_Radiography_Dataset/Normal/images/Normal-1568.png,Normal,Normal,1.318973590969108e-05,0.0017943070270121098,0.9981924891471863,1.5136042419428009e-09,0.6757326126098633,,
/kaggle/input/datasets/tawsifurrahman/covid19-radiography-database/COVID-19_Radiography_Dataset/Normal/images/Normal-1575.png,Normal,Normal,5.167761992197484e-05,0.0002481088740751147,0.9997001886367798,1.3662472264641679e-09,0.6655579805374146,,
/kaggle/input/datasets/tawsifurrahman/covid19-radiography-database/COVID-19_Radiography_Dataset/Normal/images/Normal-1580.png,Normal,Normal,3.2950263175735017e-06,0.006638677790760994,0.9933579564094543,9.050016291922702e-11,0.6927577257156372,,
/kaggle/input/datasets/tawsifurrahman/covid19-radiography-database/COVID-19_Radiography_Dataset/Normal/images/Normal-1581.png,Normal,Normal,6.198450250849419e-07,0.013037865050137043,0.9869614839553833,1.3650923058605713e-08,0.6621496081352234,0.4004739820957184,0.4004739820957184
/kaggle/input/datasets/tawsifurrahman/covid19-radiography-database/COVID-19_Radiography_Dataset/Normal/images/Normal-1586.png,Normal,Normal,0.0007371496176347136,0.00019876871374435723,0.9990641474723816,2.0944752598950345e-09,0.6558245420455933,,
/kaggle/input/datasets/tawsifurrahman/covid19-radiography-database/COVID-19_Radiography_Dataset/Normal/images/Normal-159.png,Normal,Normal,7.2810485107766e-06,0.00013103894889354706,0.9997366070747375,0.00012503536709118634,0.6515699625015259,,
/kaggle/input/datasets/tawsifurrahman/covid19-radiography-database/COVID-19_Radiography_Dataset/Normal/images/Normal-1603.png,Normal,Normal,6.6620959842111915e-06,0.14170248806476593,0.8582906723022461,1.415256605241666e-07,0.6333110928535461,0.2945523262023926,0.2945523262023926
/kaggle/input/datasets/tawsifurrahman/covid19-radiography-database/COVID-19_Radiography_Dataset/Normal/images/Normal-1604.png,Normal,Normal,2.723667513748751e-08,0.006253908853977919,0.9937460422515869,3.1453240012524475e-09,0.7024255990982056,0.36018097400665283,0.36018097400665283
/kaggle/input/datasets/tawsifurrahman/covid19-radiography-database/COVID-19_Radiography_Dataset/Normal/images/Normal-161.png,Normal,Normal,0.013628820888698101,0.0052046035416424274,0.9799195528030396,0.0012469821376726031,0.632138729095459,0.3807491064071655,0.3807491064071655
/kaggle/input/datasets/tawsifurrahman/covid19-radiography-database/COVID-19_Radiography_Dataset/Normal/images/Normal-1618.png,Normal,Normal,6.982906597841065e-06,0.008683848194777966,0.9913091659545898,2.5692532545917857e-09,0.6252391934394836,0.2737956643104553,0.2737956643104553
/kaggle/input/datasets/tawsifurrahman/covid19-radiography-database/COVID-19_Radiography_Dataset/Normal/images/Normal-1625.png,Normal,Normal,7.869082310207887e-07,0.023933686316013336,0.9760646224021912,8.680708560859784e-07,0.5418872833251953,0.16348129510879517,0.16348129510879517
/kaggle/input/datasets/tawsifurrahman/covid19-radiography-database/COVID-19_Radiography_Dataset/Normal/images/Normal-1632.png,Normal,Normal,7.56148510845378e-05,0.0031272575724869967,0.9967939257621765,3.240109890612075e-06,0.6826900243759155,0.3634006083011627,0.3634006083011627
/kaggle/input/datasets/tawsifurrahman/covid19-radiography-database/COVID-19_Radiography_Dataset/Normal/images/Normal-1642.png,Normal,Normal,6.558755671903782e-07,0.020161453634500504,0.9798378348350525,2.9066782758491172e-08,0.6221499443054199,,
/kaggle/input/datasets/tawsifurrahman/covid19-radiography-database/COVID-19_Radiography_Dataset/Normal/images/Normal-1643.png,Normal,Normal,2.4336904971278273e-06,0.0013043879298493266,0.9986932873725891,9.324191418969008e-10,0.728352427482605,0.45201632380485535,0.45201632380485535
/kaggle/input/datasets/tawsifurrahman/covid19-radiography-database/COVID-19_Radiography_Dataset/Normal/images/Normal-1655.png,Normal,Normal,0.00010320803266949952,5.6544329709140584e-05,0.999840259552002,1.8377302457572853e-10,0.6406171917915344,,
/kaggle/input/datasets/tawsifurrahman/covid19-radiography-database/COVID-19_Radiography_Dataset/Normal/images/Normal-167.png,Normal,Normal,0.0005557276890613139,1.833937130868435e-05,0.9994007349014282,2.5150662622763775e-05,0.616388738155365,,
/kaggle/input/datasets/tawsifurrahman/covid19-radiography-database/COVID-19_Radiography_Dataset/Normal/images/Normal-1675.png,Normal,Normal,0.000542664376553148,0.01299700140953064,0.9864597320556641,5.609426807495765e-07,0.6170817017555237,,
/kaggle/input/datasets/tawsifurrahman/covid19-radiography-database/COVID-19_Radiography_Dataset/Normal/images/Normal-1679.png,Normal,Normal,1.3905434570915531e-05,9.623148071113974e-05,0.9998898506164551,1.9826089658891988e-09,0.6714597344398499,,
/kaggle/input/datasets/tawsifurrahman/covid19-radiography-database/COVID-19_Radiography_Dataset/Normal/images/Normal-168.png,Normal,Normal,3.930055754608475e-05,0.004541873466223478,0.9625054001808167,0.03291332349181175,0.5120407938957214,,
/kaggle/input/datasets/tawsifurrahman/covid19-radiography-database/COVID-19_Radiography_Dataset/Normal/images/Normal-1681.png,Normal,Normal,0.00911570806056261,0.0001678352418821305,0.9907163977622986,5.085488141709504e-10,0.6378389596939087,,
/kaggle/input/datasets/tawsifurrahman/covid19-radiography-database/COVID-19_Radiography_Dataset/Normal/images/Normal-1682.png,Normal,Normal,3.2229377211479004e-06,0.0005110697238706052,0.9994857311248779,2.4422991407035965e-10,0.7101736664772034,,
/kaggle/input/datasets/tawsifurrahman/covid19-radiography-database/COVID-19_Radiography_Dataset/Normal/images/Normal-1688.png,Normal,Normal,0.006366283167153597,0.041256800293922424,0.9523760080337524,8.480427027279802e-07,0.6568834185600281,0.3295692801475525,0.3295692801475525
/kaggle/input/datasets/tawsifurrahman/covid19-radiography-database/COVID-19_Radiography_Dataset/Normal/images/Normal-1702.png,Normal,Normal,5.2201617108948994e-06,0.00010276040120515972,0.999891996383667,1.2290435596334914e-12,0.6776740550994873,,
/kaggle/input/datasets/tawsifurrahman/covid19-radiography-database/COVID-19_Radiography_Dataset/Normal/images/Normal-1703.png,Normal,Normal,9.333095363217581e-07,0.0007291116053238511,0.9992699027061462,1.5185673551965095e-10,0.6173352599143982,,
/kaggle/input/datasets/tawsifurrahman/covid19-radiography-database/COVID-19_Radiography_Dataset/Normal/images/Normal-1712.png,Normal,Normal,6.055795154225052e-08,0.0034424306359142065,0.9965574741363525,3.4363980550011775e-09,0.6781745553016663,0.3619439899921417,0.3619439899921417
/kaggle/input/datasets/tawsifurrahman/covid19-radiography-database/COVID-19_Radiography_Dataset/Normal/images/Normal-1716.png,Normal,Normal,4.555351551971398e-06,0.00043608187115751207,0.9995593428611755,2.8295771281605653e-10,0.6790833473205566,,
/kaggle/input/datasets/tawsifurrahman/covid19-radiography-database/COVID-19_Radiography_Dataset/Normal/images/Normal-1750.png,Normal,Normal,1.4224443475541193e-05,0.05028374120593071,0.9496715068817139,3.0454457373707555e-05,0.7281132340431213,,
/kaggle/input/datasets/tawsifurrahman/covid19-radiography-database/COVID-19_Radiography_Dataset/Normal/images/Normal-1758.png,Normal,Normal,3.843587182927877e-05,0.030209824442863464,0.96975177526474,2.5180227680721146e-08,0.6438083052635193,,
/kaggle/input/datasets/tawsifurrahman/covid19-radiography-database/COVID-19_Radiography_Dataset/Normal/images/Normal-1774.png,Normal,Normal,1.8308634253116907e-06,0.01299819815903902,0.9869999289512634,8.349276825470042e-10,0.5965954661369324,,
/kaggle/input/datasets/tawsifurrahman/covid19-radiography-database/COVID-19_Radiography_Dataset/Normal/images/Normal-1775.png,Normal,Normal,0.00011731565609807149,0.00017485450371168554,0.9997078776359558,3.04237768311566e-09,0.7065907120704651,,
/kaggle/input/datasets/tawsifurrahman/covid19-radiography-database/COVID-19_Radiography_Dataset/Normal/images/Normal-1792.png,Normal,Normal,1.6536248949705623e-05,0.0005872835754416883,0.9993962049484253,4.8873568386786914e-11,0.6725985407829285,,
/kaggle/input/datasets/tawsifurrahman/covid19-radiography-database/COVID-19_Radiography_Dataset/Normal/images/Normal-1804.png,Normal,Normal,1.685901338532858e-06,0.00012727416469715536,0.999871015548706,3.5571456891148046e-10,0.7178041338920593,,
/kaggle/input/datasets/tawsifurrahman/covid19-radiography-database/COVID-19_Radiography_Dataset/Normal/images/Normal-1809.png,Normal,Normal,3.0670130968246667e-07,0.019633665680885315,0.9803658127784729,2.0289455449074012e-07,0.6681325435638428,,
/kaggle/input/datasets/tawsifurrahman/covid19-radiography-database/COVID-19_Radiography_Dataset/Normal/images/Normal-1810.png,Normal,Normal,0.004044152330607176,0.0004134085029363632,0.9955424666404724,1.3933746378924639e-09,0.6652921438217163,0.3051566779613495,0.3051566779613495
/kaggle/input/datasets/tawsifurrahman/covid19-radiography-database/COVID-19_Radiography_Dataset/Normal/images/Normal-1815.png,Normal,Normal,6.0067963936205615e-09,0.001501970225945115,0.9984980821609497,3.194927655769675e-10,0.6481355428695679,0.2860919237136841,0.2860919237136841
/kaggle/input/datasets/tawsifurrahman/covid19-radiography-database/COVID-19_Radiography_Dataset/Normal/images/Normal-1819.png,Normal,Normal,7.529801678174408e-06,0.0047491611912846565,0.9952433705329895,1.2853268671619844e-08,0.667056679725647,,
/kaggle/input/datasets/tawsifurrahman/covid19-radiography-database/COVID-19_Radiography_Dataset/Normal/images/Normal-1823.png,Normal,Lung_Opacity,2.596412969069206e-07,0.9239094257354736,0.07609035074710846,3.550065130752955e-08,0.5744423270225525,,
/kaggle/input/datasets/tawsifurrahman/covid19-radiography-database/COVID-19_Radiography_Dataset/Normal/images/Normal-1829.png,Normal,Normal,7.863283826736733e-06,0.00019893274293281138,0.9997932314872742,3.2946270711597947e-10,0.669963002204895,,
/kaggle/input/datasets/tawsifurrahman/covid19-radiography-database/COVID-19_Radiography_Dataset/Normal/images/Normal-1849.png,Normal,Normal,2.9604787510351116e-09,0.06607010215520859,0.9339299201965332,2.809207033660499e-10,0.6798524856567383,,
/kaggle/input/datasets/tawsifurrahman/covid19-radiography-database/COVID-19_Radiography_Dataset/Normal/images/Normal-1852.png,Normal,Normal,8.987742461386006e-08,0.001438760431483388,0.9985610842704773,2.7914390798855493e-09,0.6828296780586243,0.25267690420150757,0.25267690420150757
/kaggle/input/datasets/tawsifurrahman/covid19-radiography-database/COVID-19_Radiography_Dataset/Normal/images/Normal-1853.png,Normal,Normal,0.00011504286521812901,6.192082764755469e-06,0.9998787641525269,2.3121596304243042e-10,0.6100324988365173,0.35930323600769043,0.35930323600769043
/kaggle/input/datasets/tawsifurrahman/covid19-radiography-database/COVID-19_Radiography_Dataset/Normal/images/Normal-1856.png,Normal,Normal,3.931943410862004e-06,0.0006996680749580264,0.9992964267730713,1.1150166123741201e-08,0.6732737421989441,,
/kaggle/input/datasets/tawsifurrahman/covid19-radiography-database/COVID-19_Radiography_Dataset/Normal/images/Normal-1857.png,Normal,Normal,4.9026916713046376e-06,0.0005289522814564407,0.9994661211967468,1.9748531698837724e-08,0.6246517300605774,0.4038908779621124,0.4038908779621124
/kaggle/input/datasets/tawsifurrahman/covid19-radiography-database/COVID-19_Radiography_Dataset/Normal/images/Normal-1869.png,Normal,Normal,1.7165946701425128e-05,0.024473654106259346,0.9755091667175293,3.3115592490418067e-09,0.6444860696792603,,
/kaggle/input/datasets/tawsifurrahman/covid19-radiography-database/COVID-19_Radiography_Dataset/Normal/images/Normal-187.png,Normal,Normal,0.0005240592872723937,0.00015756241919007152,0.9984750151634216,0.000843285582959652,0.5528265237808228,,
/kaggle/input/datasets/tawsifurrahman/covid19-radiography-database/COVID-19_Radiography_Dataset/Normal/images/Normal-1889.png,Normal,Normal,2.5251201805076562e-05,0.0056589036248624325,0.9943158030509949,1.4067582654320177e-08,0.677711009979248,0.3013033866882324,0.3013033866882324
/kaggle/input/datasets/tawsifurrahman/covid19-radiography-database/COVID-19_Radiography_Dataset/Normal/images/Normal-1891.png,Normal,Normal,1.5758347217342816e-05,0.020731203258037567,0.9792530536651611,2.289738176841638e-09,0.6764193773269653,,
/kaggle/input/datasets/tawsifurrahman/covid19-radiography-database/COVID-19_Radiography_Dataset/Normal/images/Normal-1893.png,Normal,Normal,6.64049293845892e-05,6.113822746556252e-05,0.9998724460601807,4.688499154886783e-12,0.7074180245399475,0.39753392338752747,0.39753392338752747
/kaggle/input/datasets/tawsifurrahman/covid19-radiography-database/COVID-19_Radiography_Dataset/Normal/images/Normal-1895.png,Normal,Normal,9.907419007504359e-05,0.0022355415858328342,0.9976654052734375,2.8591435885516603e-09,0.6323275566101074,0.3346192538738251,0.3346192538738251
/kaggle/input/datasets/tawsifurrahman/covid19-radiography-database/COVID-19_Radiography_Dataset/Normal/images/Normal-19.png,Normal,Normal,0.0009385502780787647,0.0005704281502403319,0.9984910488128662,3.1086884177966567e-09,0.6999116539955139,,
/kaggle/input/datasets/tawsifurrahman/covid19-radiography-database/COVID-19_Radiography_Dataset/Normal/images/Normal-1903.png,Normal,Normal,6.4736377680674195e-06,0.11805123090744019,0.8819354176521301,6.804899840062717e-06,0.607434868812561,0.25924181938171387,0.25924181938171387
/kaggle/input/datasets/tawsifurrahman/covid19-radiography-database/COVID-19_Radiography_Dataset/Normal/images/Normal-1909.png,Normal,Normal,0.00039836697396822274,0.005172266159206629,0.9944294691085815,4.0032599457617835e-10,0.6594752669334412,,
/kaggle/input/datasets/tawsifurrahman/covid19-radiography-database/COVID-19_Radiography_Dataset/Normal/images/Normal-1916.png,Normal,Normal,8.647607501188759e-07,0.013703379780054092,0.986295759677887,3.210639221151723e-08,0.6704071164131165,0.34319084882736206,0.34319084882736206
/kaggle/input/datasets/tawsifurrahman/covid19-radiography-database/COVID-19_Radiography_Dataset/Normal/images/Normal-1926.png,Normal,Normal,0.00012172787683084607,0.001961879199370742,0.9979164004325867,3.792659697410272e-08,0.6867778897285461,0.339992493391037,0.339992493391037
/kaggle/input/datasets/tawsifurrahman/covid19-radiography-database/COVID-19_Radiography_Dataset/Normal/images/Normal-1934.png,Normal,Normal,1.0795649814099306e-06,0.0026501703541725874,0.9973487854003906,1.8391990708188644e-10,0.656389057636261,,
/kaggle/input/datasets/tawsifurrahman/covid19-radiography-database/COVID-19_Radiography_Dataset/Normal/images/Normal-1936.png,Normal,Normal,6.786605126762879e-07,0.1278059482574463,0.8721916079521179,1.680954255789402e-06,0.6403416395187378,,
/kaggle/input/datasets/tawsifurrahman/covid19-radiography-database/COVID-19_Radiography_Dataset/Normal/images/Normal-1939.png,Normal,Normal,1.2246816368133295e-05,0.006844892632216215,0.99314284324646,4.1814939066853185e-08,0.684200644493103,,
/kaggle/input/datasets/tawsifurrahman/covid19-radiography-database/COVID-19_Radiography_Dataset/Normal/images/Normal-195.png,Normal,Normal,0.00011393109161872417,0.00013759997091256082,0.9993090629577637,0.00043942558113485575,0.5320278406143188,,
/kaggle/input/datasets/tawsifurrahman/covid19-radiography-database/COVID-19_Radiography_Dataset/Normal/images/Normal-1952.png,Normal,Normal,9.383278865016109e-08,0.000659882731270045,0.9993399977684021,5.788551582508461e-11,0.5730477571487427,,
/kaggle/input/datasets/tawsifurrahman/covid19-radiography-database/COVID-19_Radiography_Dataset/Normal/images/Normal-1957.png,Normal,Normal,9.290634928049712e-10,0.0014290976105257869,0.9985709190368652,1.75174902361519e-10,0.7084384560585022,,
/kaggle/input/datasets/tawsifurrahman/covid19-radiography-database/COVID-19_Radiography_Dataset/Normal/images/Normal-1964.png,Normal,Normal,0.0006222113152034581,0.012836121022701263,0.9865410923957825,6.088710620133497e-07,0.7093182802200317,0.3161284327507019,0.3161284327507019
/kaggle/input/datasets/tawsifurrahman/covid19-radiography-database/COVID-19_Radiography_Dataset/Normal/images/Normal-1984.png,Normal,Normal,0.00031890408718027174,0.000834397622384131,0.9988466501235962,8.805907392162027e-11,0.6808406114578247,,
/kaggle/input/datasets/tawsifurrahman/covid19-radiography-database/COVID-19_Radiography_Dataset/Normal/images/Normal-1989.png,Normal,Normal,1.8198459201812511e-06,0.002234869636595249,0.9977632761001587,3.772333201368383e-08,0.6615113615989685,,
/kaggle/input/datasets/tawsifurrahman/covid19-radiography-database/COVID-19_Radiography_Dataset/Normal/images/Normal-1991.png,Normal,Normal,6.39256495560403e-06,0.004500134382396936,0.9954934120178223,2.551271016670853e-08,0.6330220103263855,,
/kaggle/input/datasets/tawsifurrahman/covid19-radiography-database/COVID-19_Radiography_Dataset/Normal/images/Normal-1992.png,Normal,Normal,9.225715621141717e-05,0.0005893398192711174,0.9993184804916382,2.329374748644142e-10,0.7103536128997803,,
/kaggle/input/datasets/tawsifurrahman/covid19-radiography-database/COVID-19_Radiography_Dataset/Normal/images/Normal-1994.png,Normal,Normal,1.2707536370726302e-05,0.0024232370778918266,0.9975636005401611,4.5018882133263105e-07,0.615340530872345,,
/kaggle/input/datasets/tawsifurrahman/covid19-radiography-database/COVID-19_Radiography_Dataset/Normal/images/Normal-2001.png,Normal,Normal,4.06720137107186e-05,0.11804390698671341,0.8819153904914856,4.3168704166873795e-08,0.23508834838867188,0.11775899678468704,0.11775899678468704
/kaggle/input/datasets/tawsifurrahman/covid19-radiography-database/COVID-19_Radiography_Dataset/Normal/images/Normal-2009.png,Normal,Normal,1.5637019146197417e-07,0.004245140589773655,0.9957547187805176,1.9004876838923934e-10,0.6794353723526001,,
/kaggle/input/datasets/tawsifurrahman/covid19-radiography-database/COVID-19_Radiography_Dataset/Normal/images/Normal-2025.png,Normal,Normal,2.327056063222699e-05,0.0006715754279866815,0.9993051290512085,7.556338665892781e-09,0.7093169689178467,0.4162415862083435,0.4162415862083435
/kaggle/input/datasets/tawsifurrahman/covid19-radiography-database/COVID-19_Radiography_Dataset/Normal/images/Normal-2030.png,Normal,Normal,6.182640845509013e-06,0.0009318983065895736,0.9990618824958801,1.1256954396410279e-10,0.6964574456214905,,
/kaggle/input/datasets/tawsifurrahman/covid19-radiography-database/COVID-19_Radiography_Dataset/Normal/images/Normal-2034.png,Normal,Normal,0.0008535373490303755,0.014138001017272472,0.9850080013275146,3.848442986509326e-07,0.618586003780365,,
/kaggle/input/datasets/tawsifurrahman/covid19-radiography-database/COVID-19_Radiography_Dataset/Normal/images/Normal-2038.png,Normal,Normal,1.9444828467385378e-06,0.06962169706821442,0.9303761124610901,1.5470475034362607e-07,0.6489672660827637,,
/kaggle/input/datasets/tawsifurrahman/covid19-radiography-database/COVID-19_Radiography_Dataset/Normal/images/Normal-2040.png,Normal,Normal,7.34090426703915e-05,0.0007006694795563817,0.9992259740829468,1.6027850921473963e-11,0.6556547284126282,0.3202553987503052,0.3202553987503052
/kaggle/input/datasets/tawsifurrahman/covid19-radiography-database/COVID-19_Radiography_Dataset/Normal/images/Normal-2048.png,Normal,Normal,1.2187507891781024e-08,0.00014843695680610836,0.9998515844345093,1.4292196766352294e-11,0.6822751760482788,,
/kaggle/input/datasets/tawsifurrahman/covid19-radiography-database/COVID-19_Radiography_Dataset/Normal/images/Normal-2049.png,Normal,Normal,6.390234830178088e-06,0.0004020531487185508,0.9995915293693542,4.928810831694719e-12,0.7156431078910828,0.4833677411079407,0.4833677411079407
/kaggle/input/datasets/tawsifurrahman/covid19-radiography-database/COVID-19_Radiography_Dataset/Normal/images/Normal-2057.png,Normal,Normal,0.0001201224877149798,0.00024038557603489608,0.9996395111083984,5.4648369163246e-10,0.6422410607337952,0.33452171087265015,0.33452171087265015
/kaggle/input/datasets/tawsifurrahman/covid19-radiography-database/COVID-19_Radiography_Dataset/Normal/images/Normal-2061.png,Normal,Normal,0.005471579264849424,0.002707760315388441,0.9918206930160522,3.6525817925792126e-09,0.6000255942344666,0.3101985454559326,0.3101985454559326
/kaggle/input/datasets/tawsifurrahman/covid19-radiography-database/COVID-19_Radiography_Dataset/Normal/images/Normal-2073.png,Normal,Normal,2.0468878574320115e-05,0.00026821764186024666,0.9997112154960632,4.00140511003233e-11,0.6798173189163208,,
/kaggle/input/datasets/tawsifurrahman/covid19-radiography-database/COVID-19_Radiography_Dataset/Normal/images/Normal-2074.png,Normal,Normal,3.189465496689081e-05,0.0003455078403931111,0.9996224641799927,9.961315328155251e-09,0.6810618042945862,0.39656680822372437,0.39656680822372437
/kaggle/input/datasets/tawsifurrahman/covid19-radiography-database/COVID-19_Radiography_Dataset/Normal/images/Normal-2078.png,Normal,Normal,4.5930526937354443e-08,0.0068396395072340965,0.9931602478027344,1.152241324575698e-07,0.6872689723968506,,
/kaggle/input/datasets/tawsifurrahman/covid19-radiography-database/COVID-19_Radiography_Dataset/Normal/images/Normal-2088.png,Normal,Normal,1.9117771444143727e-05,0.00048558032722212374,0.9994953870773315,5.387739143714043e-09,0.6900303959846497,,
/kaggle/input/datasets/tawsifurrahman/covid19-radiography-database/COVID-19_Radiography_Dataset/Normal/images/Normal-2089.png,Normal,Normal,1.4859738328709682e-08,0.0004251404607202858,0.9995748400688171,2.568655184387314e-11,0.6563665270805359,,
/kaggle/input/datasets/tawsifurrahman/covid19-radiography-database/COVID-19_Radiography_Dataset/Normal/images/Normal-2092.png,Normal,Normal,0.0002629607915878296,0.0004274627717677504,0.9993096590042114,5.67539293339081e-10,0.69780033826828,0.3717465102672577,0.3717465102672577
/kaggle/input/datasets/tawsifurrahman/covid19-radiography-database/COVID-19_Radiography_Dataset/Normal/images/Normal-2094.png,Normal,Normal,0.00012816723028663546,0.0011292595881968737,0.9987426400184631,3.0874822698478965e-08,0.6420742273330688,0.3104618191719055,0.3104618191719055
/kaggle/input/datasets/tawsifurrahman/covid19-radiography-database/COVID-19_Radiography_Dataset/Normal/images/Normal-2102.png,Normal,Normal,7.821096659199611e-08,7.489741255994886e-05,0.9999250173568726,1.3968163431465896e-11,0.6817032098770142,,
/kaggle/input/datasets/tawsifurrahman/covid19-radiography-database/COVID-19_Radiography_Dataset/Normal/images/Normal-2103.png,Normal,Normal,2.1510152237169677e-06,0.012355372309684753,0.9876349568367004,7.5486896093934774e-06,0.6380524039268494,,
/kaggle/input/datasets/tawsifurrahman/covid19-radiography-database/COVID-19_Radiography_Dataset/Normal/images/Normal-2108.png,Normal,Normal,1.2453949693735922e-06,0.002106016268953681,0.9978927969932556,4.304611944672132e-10,0.6516231894493103,0.4070242941379547,0.4070242941379547
/kaggle/input/datasets/tawsifurrahman/covid19-radiography-database/COVID-19_Radiography_Dataset/Normal/images/Normal-2120.png,Normal,Normal,2.1015825041104108e-05,0.02500852569937706,0.9749701619148254,3.3368274898748496e-07,0.6748918890953064,,
/kaggle/input/datasets/tawsifurrahman/covid19-radiography-database/COVID-19_Radiography_Dataset/Normal/images/Normal-2126.png,Normal,Normal,3.1451294489670545e-05,0.0021389713510870934,0.9978296160697937,2.4191532110862113e-10,0.6926047801971436,,
/kaggle/input/datasets/tawsifurrahman/covid19-radiography-database/COVID-19_Radiography_Dataset/Normal/images/Normal-2141.png,Normal,Normal,1.1975059805990895e-06,0.0002786282275337726,0.9997201561927795,1.7879431268852386e-09,0.6138774156570435,,
/kaggle/input/datasets/tawsifurrahman/covid19-radiography-database/COVID-19_Radiography_Dataset/Normal/images/Normal-2149.png,Normal,Normal,0.21641504764556885,0.014065023511648178,0.7695188522338867,1.1109797242170316e-06,0.6633551120758057,0.5025976300239563,0.5025976300239563
/kaggle/input/datasets/tawsifurrahman/covid19-radiography-database/COVID-19_Radiography_Dataset/Normal/images/Normal-215.png,Normal,Normal,2.2164981601235922e-06,0.0002642562612891197,0.9996308088302612,0.00010260959970764816,0.5216769576072693,,
/kaggle/input/datasets/tawsifurrahman/covid19-radiography-database/COVID-19_Radiography_Dataset/Normal/images/Normal-2150.png,Normal,Normal,2.2514535885420628e-05,0.0009004101739265025,0.9990770816802979,1.5904833006175068e-09,0.5581514835357666,,
/kaggle/input/datasets/tawsifurrahman/covid19-radiography-database/COVID-19_Radiography_Dataset/Normal/images/Normal-2154.png,Normal,Normal,1.2966770768230163e-08,0.008892831392586231,0.991107165813446,3.080697155710688e-11,0.7151359915733337,0.2972550094127655,0.2972550094127655
/kaggle/input/datasets/tawsifurrahman/covid19-radiography-database/COVID-19_Radiography_Dataset/Normal/images/Normal-2157.png,Normal,Normal,9.830521321418928e-07,0.000517908891197294,0.9994811415672302,3.952506932858313e-10,0.6783803105354309,,
/kaggle/input/datasets/tawsifurrahman/covid19-radiography-database/COVID-19_Radiography_Dataset/Normal/images/Normal-2163.png,Normal,Normal,1.384803596238271e-07,0.00024185111396946013,0.9997580647468567,4.409642442859685e-11,0.6315904855728149,,
/kaggle/input/datasets/tawsifurrahman/covid19-radiography-database/COVID-19_Radiography_Dataset/Normal/images/Normal-2174.png,Normal,Normal,2.44772468249721e-06,0.00034422430326230824,0.9996532201766968,1.1855356696344188e-08,0.6500213742256165,,
/kaggle/input/datasets/tawsifurrahman/covid19-radiography-database/COVID-19_Radiography_Dataset/Normal/images/Normal-2189.png,Normal,Normal,2.3760039766784757e-05,0.0047262851148843765,0.9952499866485596,1.3809999810376894e-09,0.6706506013870239,,
/kaggle/input/datasets/tawsifurrahman/covid19-radiography-database/COVID-19_Radiography_Dataset/Normal/images/Normal-2209.png,Normal,Normal,5.407776626498162e-08,0.00032550503965467215,0.9996745586395264,4.8894825688261534e-11,0.6890459656715393,,
/kaggle/input/datasets/tawsifurrahman/covid19-radiography-database/COVID-19_Radiography_Dataset/Normal/images/Normal-2210.png,Normal,Normal,2.684687160581234e-06,0.015871109440922737,0.9841241240501404,2.057643996522529e-06,0.6299502849578857,0.31964758038520813,0.31964758038520813
/kaggle/input/datasets/tawsifurrahman/covid19-radiography-database/COVID-19_Radiography_Dataset/Normal/images/Normal-2225.png,Normal,Normal,3.583089892345015e-06,0.0555754192173481,0.9444206953048706,2.646431482844491e-07,0.6478587985038757,0.3533160388469696,0.3533160388469696
/kaggle/input/datasets/tawsifurrahman/covid19-radiography-database/COVID-19_Radiography_Dataset/Normal/images/Normal-2228.png,Normal,Normal,1.2846194294979796e-05,0.0108674056828022,0.9891197681427002,6.004258423786268e-09,0.6962550282478333,,
/kaggle/input/datasets/tawsifurrahman/covid19-radiography-database/COVID-19_Radiography_Dataset/Normal/images/Normal-2231.png,Normal,Normal,1.7044914102370967e-06,0.0012145994696766138,0.9987837672233582,5.940088865230564e-09,0.6480954885482788,,
/kaggle/input/datasets/tawsifurrahman/covid19-radiography-database/COVID-19_Radiography_Dataset/Normal/images/Normal-2240.png,Normal,Normal,4.0057386740954826e-08,0.0075713335536420345,0.9924286007881165,1.5813643727824456e-09,0.6112848520278931,,
/kaggle/input/datasets/tawsifurrahman/covid19-radiography-database/COVID-19_Radiography_Dataset/Normal/images/Normal-2254.png,Normal,Normal,7.89073692430975e-06,3.626971010817215e-05,0.9999558925628662,3.430254398670979e-13,0.6685914993286133,0.37046918272972107,0.37046918272972107
/kaggle/input/datasets/tawsifurrahman/covid19-radiography-database/COVID-19_Radiography_Dataset/Normal/images/Normal-2268.png,Normal,Normal,7.397940038345041e-08,0.005711106117814779,0.9942888021469116,3.6686673143826454e-10,0.6490564942359924,0.36210280656814575,0.36210280656814575
/kaggle/input/datasets/tawsifurrahman/covid19-radiography-database/COVID-19_Radiography_Dataset/Normal/images/Normal-227.png,Normal,Normal,1.793312549125403e-05,0.0004946987610310316,0.9523154497146606,0.04717191681265831,0.6182795763015747,0.39079976081848145,0.39079976081848145
/kaggle/input/datasets/tawsifurrahman/covid19-radiography-database/COVID-19_Radiography_Dataset/Normal/images/Normal-2273.png,Normal,Normal,8.19245371985744e-07,0.00012040003639413044,0.9998787641525269,2.1784000991953434e-10,0.6452070474624634,0.4247976541519165,0.4247976541519165
/kaggle/input/datasets/tawsifurrahman/covid19-radiography-database/COVID-19_Radiography_Dataset/Normal/images/Normal-2277.png,Normal,Normal,1.2548691302072257e-05,0.00035340231261216104,0.9996340274810791,2.7749734954340965e-08,0.6394996047019958,,
/kaggle/input/datasets/tawsifurrahman/covid19-radiography-database/COVID-19_Radiography_Dataset/Normal/images/Normal-2278.png,Normal,Normal,0.00024132775433827192,0.00364901265129447,0.996109664440155,1.2271650362549735e-08,0.5584883689880371,,
/kaggle/input/datasets/tawsifurrahman/covid19-radiography-database/COVID-19_Radiography_Dataset/Normal/images/Normal-2281.png,Normal,Normal,3.800648240570581e-09,0.007685825228691101,0.9923141598701477,6.576779676414901e-10,0.6370915174484253,,
/kaggle/input/datasets/tawsifurrahman/covid19-radiography-database/COVID-19_Radiography_Dataset/Normal/images/Normal-2283.png,Normal,Normal,2.2411950340028852e-05,0.0034398913849145174,0.9965376853942871,4.376868589783811e-10,0.7056568264961243,0.43909144401550293,0.43909144401550293
/kaggle/input/datasets/tawsifurrahman/covid19-radiography-database/COVID-19_Radiography_Dataset/Normal/images/Normal-2293.png,Normal,Normal,0.005197342485189438,0.029637411236763,0.9651645421981812,6.687799896099023e-07,0.6572785973548889,,
/kaggle/input/datasets/tawsifurrahman/covid19-radiography-database/COVID-19_Radiography_Dataset/Normal/images/Normal-2297.png,Normal,Normal,1.7784343071980402e-05,0.0006602107314392924,0.9993220567703247,3.3502851604083617e-09,0.6807786226272583,,
/kaggle/input/datasets/tawsifurrahman/covid19-radiography-database/COVID-19_Radiography_Dataset/Normal/images/Normal-2302.png,Normal,Normal,6.532071097353764e-07,0.0015949427615851164,0.9984044432640076,1.5611701384768417e-12,0.6518921852111816,0.24300698935985565,0.24300698935985565
/kaggle/input/datasets/tawsifurrahman/covid19-radiography-database/COVID-19_Radiography_Dataset/Normal/images/Normal-2306.png,Normal,Normal,1.0648878969732323e-06,0.0018304117256775498,0.9981684684753418,1.9169471565660956e-11,0.6594036221504211,,
/kaggle/input/datasets/tawsifurrahman/covid19-radiography-database/COVID-19_Radiography_Dataset/Normal/images/Normal-2307.png,Normal,Normal,2.6448827838976285e-07,0.0013142466777935624,0.9986855387687683,1.9348020408038735e-10,0.6089363694190979,,
/kaggle/input/datasets/tawsifurrahman/covid19-radiography-database/COVID-19_Radiography_Dataset/Normal/images/Normal-2311.png,Normal,Normal,2.7588555894908495e-05,0.07289644330739975,0.9270735383033752,2.436659542581765e-06,0.582508385181427,,
/kaggle/input/datasets/tawsifurrahman/covid19-radiography-database/COVID-19_Radiography_Dataset/Normal/images/Normal-2313.png,Normal,Normal,0.00020776502788066864,1.134034482674906e-05,0.9997809529304504,1.250310521783149e-09,0.5926136374473572,0.4088796377182007,0.4088796377182007
/kaggle/input/datasets/tawsifurrahman/covid19-radiography-database/COVID-19_Radiography_Dataset/Normal/images/Normal-2315.png,Normal,Normal,2.6031236757262377e-06,0.027365418151021004,0.9726320505142212,3.258576741771435e-11,0.6776638031005859,,
/kaggle/input/datasets/tawsifurrahman/covid19-radiography-database/COVID-19_Radiography_Dataset/Normal/images/Normal-2321.png,Normal,Normal,5.750148920924403e-05,0.013345574028789997,0.9865968823432922,7.414661662430433e-10,0.7243764400482178,0.24714520573616028,0.24714520573616028
/kaggle/input/datasets/tawsifurrahman/covid19-radiography-database/COVID-19_Radiography_Dataset/Normal/images/Normal-2323.png,Normal,Normal,1.5239964341162704e-05,9.85319638857618e-05,0.999886155128479,3.795701530862061e-10,0.684147834777832,0.43603095412254333,0.43603095412254333
/kaggle/input/datasets/tawsifurrahman/covid19-radiography-database/COVID-19_Radiography_Dataset/Normal/images/Normal-2327.png,Normal,Normal,0.0007296508410945535,0.005532684735953808,0.9937376976013184,2.2639855268291598e-10,0.6939053535461426,,
/kaggle/input/datasets/tawsifurrahman/covid19-radiography-database/COVID-19_Radiography_Dataset/Normal/images/Normal-2330.png,Normal,Normal,2.695769296678918e-07,0.010362314060330391,0.9896373748779297,1.307556729557291e-09,0.6969720721244812,0.31036171317100525,0.31036171317100525
/kaggle/input/datasets/tawsifurrahman/covid19-radiography-database/COVID-19_Radiography_Dataset/Normal/images/Normal-2339.png,Normal,Normal,1.8429556803312153e-05,0.0015697345370426774,0.9984117746353149,1.8187592543128517e-09,0.6445953249931335,,
/kaggle/input/datasets/tawsifurrahman/covid19-radiography-database/COVID-19_Radiography_Dataset/Normal/images/Normal-2342.png,Normal,Normal,0.00017839050269685686,0.046132639050483704,0.9536889791488647,1.5633625949362795e-08,0.6274040937423706,,
/kaggle/input/datasets/tawsifurrahman/covid19-radiography-database/COVID-19_Radiography_Dataset/Normal/images/Normal-2346.png,Normal,Normal,0.00283093866892159,0.005292109213769436,0.9918769598007202,3.571428663917686e-08,0.625405490398407,0.3623015880584717,0.3623015880584717
/kaggle/input/datasets/tawsifurrahman/covid19-radiography-database/COVID-19_Radiography_Dataset/Normal/images/Normal-2356.png,Normal,Normal,1.248077694526728e-07,0.0011428020661696792,0.9988571405410767,4.981937085091204e-11,0.6672793626785278,0.3544763922691345,0.3544763922691345
/kaggle/input/datasets/tawsifurrahman/covid19-radiography-database/COVID-19_Radiography_Dataset/Normal/images/Normal-2369.png,Normal,Normal,1.6092247960841632e-06,0.0019153206376358867,0.9980829954147339,5.825841586926117e-09,0.6459960341453552,0.38584285974502563,0.38584285974502563
/kaggle/input/datasets/tawsifurrahman/covid19-radiography-database/COVID-19_Radiography_Dataset/Normal/images/Normal-2371.png,Normal,Normal,2.903648919527768e-06,0.00011165031901327893,0.9998854398727417,7.413329949912395e-09,0.6969709396362305,0.40252184867858887,0.40252184867858887
/kaggle/input/datasets/tawsifurrahman/covid19-radiography-database/COVID-19_Radiography_Dataset/Normal/images/Normal-2374.png,Normal,Normal,4.248717232258059e-06,0.0118240462616086,0.9881716370582581,8.52021528885416e-08,0.6562051177024841,,
/kaggle/input/datasets/tawsifurrahman/covid19-radiography-database/COVID-19_Radiography_Dataset/Normal/images/Normal-2380.png,Normal,Normal,2.2368814825313166e-05,0.016951609402894974,0.9830244779586792,1.5320827060349984e-06,0.5872399806976318,,
/kaggle/input/datasets/tawsifurrahman/covid19-radiography-database/COVID-19_Radiography_Dataset/Normal/images/Normal-2392.png,Normal,Lung_Opacity,1.5393734429380856e-06,0.9911428689956665,0.008855590596795082,1.2663687876113272e-08,0.5847510099411011,,
/kaggle/input/datasets/tawsifurrahman/covid19-radiography-database/COVID-19_Radiography_Dataset/Normal/images/Normal-24.png,Normal,Normal,3.539994111179112e-07,0.002811994170770049,0.9971876740455627,6.932306118034859e-11,0.7012298703193665,,
/kaggle/input/datasets/tawsifurrahman/covid19-radiography-database/COVID-19_Radiography_Dataset/Normal/images/Normal-240.png,Normal,Normal,0.00020517082884907722,0.0001306156482314691,0.9996634721755981,6.522394642161089e-07,0.5932691693305969,,
/kaggle/input/datasets/tawsifurrahman/covid19-radiography-database/COVID-19_Radiography_Dataset/Normal/images/Normal-2404.png,Normal,Normal,0.0005093253566883504,0.0011282948544248939,0.9983620047569275,2.9242426080600126e-07,0.618050754070282,,
/kaggle/input/datasets/tawsifurrahman/covid19-radiography-database/COVID-19_Radiography_Dataset/Normal/images/Normal-2413.png,Normal,Normal,4.4976726343293194e-08,0.0016491413116455078,0.9983508586883545,2.7929319967867627e-10,0.6735725402832031,0.30770567059516907,0.30770567059516907
/kaggle/input/datasets/tawsifurrahman/covid19-radiography-database/COVID-19_Radiography_Dataset/Normal/images/Normal-2426.png,Normal,Normal,0.001542145386338234,0.0019340179860591888,0.9965232610702515,5.988443376736541e-07,0.6419210433959961,,
/kaggle/input/datasets/tawsifurrahman/covid19-radiography-database/COVID-19_Radiography_Dataset/Normal/images/Normal-2429.png,Normal,Normal,5.563577474276826e-07,0.0016067188698798418,0.998392641544342,1.0708295361538944e-10,0.6934243440628052,,
/kaggle/input/datasets/tawsifurrahman/covid19-radiography-database/COVID-19_Radiography_Dataset/Normal/images/Normal-2431.png,Normal,Normal,1.596482803734034e-07,0.0010610526660457253,0.9989388585090637,3.939162798033413e-12,0.6480153203010559,0.25994545221328735,0.25994545221328735
/kaggle/input/datasets/tawsifurrahman/covid19-radiography-database/COVID-19_Radiography_Dataset/Normal/images/Normal-2433.png,Normal,Normal,0.013696716167032719,0.00014683154586236924,0.9861564636230469,1.0111547155133849e-09,0.7017145156860352,0.3422982692718506,0.3422982692718506
/kaggle/input/datasets/tawsifurrahman/covid19-radiography-database/COVID-19_Radiography_Dataset/Normal/images/Normal-2439.png,Normal,Normal,4.3561516349654994e-07,0.0038329479284584522,0.9961665272712708,7.056407014260913e-08,0.6314343810081482,,
/kaggle/input/datasets/tawsifurrahman/covid19-radiography-database/COVID-19_Radiography_Dataset/Normal/images/Normal-2445.png,Normal,Normal,0.001096633612178266,0.00034745127777568996,0.9985558390617371,2.166422774507737e-08,0.7078520059585571,0.41414856910705566,0.41414856910705566
/kaggle/input/datasets/tawsifurrahman/covid19-radiography-database/COVID-19_Radiography_Dataset/Normal/images/Normal-2453.png,Normal,Normal,1.1797399110946571e-06,0.025868967175483704,0.9741283655166626,1.5642598327758606e-06,0.6776999235153198,,
/kaggle/input/datasets/tawsifurrahman/covid19-radiography-database/COVID-19_Radiography_Dataset/Normal/images/Normal-246.png,Normal,Normal,6.127684901002795e-05,6.883459718665108e-05,0.9998693466186523,5.293553613228141e-07,0.5988449454307556,0.2735246419906616,0.2735246419906616
/kaggle/input/datasets/tawsifurrahman/covid19-radiography-database/COVID-19_Radiography_Dataset/Normal/images/Normal-2482.png,Normal,Normal,0.005642588250339031,0.0014951101038604975,0.9922743439674377,0.0005879476084373891,0.6710076332092285,,
/kaggle/input/datasets/tawsifurrahman/covid19-radiography-database/COVID-19_Radiography_Dataset/Normal/images/Normal-2487.png,Normal,Normal,0.00042044508154504,0.013232775963842869,0.9863467812538147,3.959328509495208e-08,0.6141416430473328,0.22751665115356445,0.22751665115356445
/kaggle/input/datasets/tawsifurrahman/covid19-radiography-database/COVID-19_Radiography_Dataset/Normal/images/Normal-2494.png,Normal,Normal,1.2652385805722588e-07,0.0025624996051192284,0.9974373579025269,4.607110179466467e-11,0.6702820062637329,,
/kaggle/input/datasets/tawsifurrahman/covid19-radiography-database/COVID-19_Radiography_Dataset/Normal/images/Normal-2496.png,Normal,Normal,1.7086529624066316e-05,0.008541982620954514,0.9914408922195435,3.21991350249462e-10,0.6491022706031799,,
/kaggle/input/datasets/tawsifurrahman/covid19-radiography-database/COVID-19_Radiography_Dataset/Normal/images/Normal-2498.png,Normal,Normal,0.12186037749052048,0.1572222262620926,0.7209172248840332,1.4087525812556123e-07,0.6882888078689575,,
/kaggle/input/datasets/tawsifurrahman/covid19-radiography-database/COVID-19_Radiography_Dataset/Normal/images/Normal-25.png,Normal,Normal,1.470480583520839e-06,0.030940920114517212,0.969057559967041,1.4649461199667257e-08,0.6122328042984009,,
/kaggle/input/datasets/tawsifurrahman/covid19-radiography-database/COVID-19_Radiography_Dataset/Normal/images/Normal-2506.png,Normal,Normal,1.233736952599429e-07,0.006916965823620558,0.9930828809738159,2.74380465015156e-08,0.7007154226303101,,
/kaggle/input/datasets/tawsifurrahman/covid19-radiography-database/COVID-19_Radiography_Dataset/Normal/images/Normal-2515.png,Normal,Normal,5.734552178182639e-05,0.00031192568712867796,0.9996306896209717,8.954157727780743e-12,0.7006808519363403,0.26119667291641235,0.26119667291641235
/kaggle/input/datasets/tawsifurrahman/covid19-radiography-database/COVID-19_Radiography_Dataset/Normal/images/Normal-2519.png,Normal,Normal,2.5098881906160386e-06,0.0126126604154706,0.9873847961425781,3.454985275652689e-08,0.7053636312484741,,
/kaggle/input/datasets/tawsifurrahman/covid19-radiography-database/COVID-19_Radiography_Dataset/Normal/images/Normal-252.png,Normal,Normal,0.003651390317827463,7.946761616040021e-05,0.9962588548660278,1.0367175491410308e-05,0.5259497761726379,0.25650691986083984,0.25650691986083984
/kaggle/input/datasets/tawsifurrahman/covid19-radiography-database/COVID-19_Radiography_Dataset/Normal/images/Normal-2521.png,Normal,Normal,0.00034997277543880045,0.00045295411837287247,0.9991970658302307,4.010228149553541e-09,0.6977919340133667,,
/kaggle/input/datasets/tawsifurrahman/covid19-radiography-database/COVID-19_Radiography_Dataset/Normal/images/Normal-2527.png,Normal,Normal,8.207681094063446e-05,0.0058170403353869915,0.9941007494926453,1.0152088059101061e-08,0.6613782048225403,,
/kaggle/input/datasets/tawsifurrahman/covid19-radiography-database/COVID-19_Radiography_Dataset/Normal/images/Normal-2528.png,Normal,Normal,2.0437232706171926e-06,0.03074309602379799,0.969254732131958,9.336145012639463e-08,0.5802049040794373,,
/kaggle/input/datasets/tawsifurrahman/covid19-radiography-database/COVID-19_Radiography_Dataset/Normal/images/Normal-253.png,Normal,Normal,0.0006367730675265193,0.0007064040401019156,0.9897378087043762,0.008919000625610352,0.5473772883415222,,
/kaggle/input/datasets/tawsifurrahman/covid19-radiography-database/COVID-19_Radiography_Dataset/Normal/images/Normal-2532.png,Normal,Normal,6.77078091371186e-08,0.00011250732495682314,0.9998873472213745,1.8442733451529136e-11,0.6971712708473206,,
/kaggle/input/datasets/tawsifurrahman/covid19-radiography-database/COVID-19_Radiography_Dataset/Normal/images/Normal-2535.png,Normal,Normal,0.0006831409991718829,0.025057435035705566,0.9742593765258789,2.539849663918403e-09,0.5812240242958069,,
/kaggle/input/datasets/tawsifurrahman/covid19-radiography-database/COVID-19_Radiography_Dataset/Normal/images/Normal-2537.png,Normal,Normal,1.6911139937292319e-06,0.0006285930867306888,0.9993698000907898,9.732472466827957e-11,0.6838778853416443,0.4563131630420685,0.4563131630420685
/kaggle/input/datasets/tawsifurrahman/covid19-radiography-database/COVID-19_Radiography_Dataset/Normal/images/Normal-2538.png,Normal,Normal,7.846405424061231e-06,0.001619818969629705,0.9983723759651184,1.8213997421412387e-08,0.6651539206504822,,
/kaggle/input/datasets/tawsifurrahman/covid19-radiography-database/COVID-19_Radiography_Dataset/Normal/images/Normal-2540.png,Normal,Normal,6.6884631451102905e-06,0.002334255026653409,0.9976589679718018,5.7480214366023574e-08,0.6596755981445312,0.3865392506122589,0.3865392506122589
/kaggle/input/datasets/tawsifurrahman/covid19-radiography-database/COVID-19_Radiography_Dataset/Normal/images/Normal-2541.png,Normal,Normal,8.472733270536992e-07,0.0003245763073209673,0.9996745586395264,3.447705174738219e-13,0.706112802028656,,
/kaggle/input/datasets/tawsifurrahman/covid19-radiography-database/COVID-19_Radiography_Dataset/Normal/images/Normal-2543.png,Normal,Normal,1.3115469300828408e-05,0.004824472591280937,0.9951624274253845,1.8213650032627982e-10,0.6830845475196838,,
/kaggle/input/datasets/tawsifurrahman/covid19-radiography-database/COVID-19_Radiography_Dataset/Normal/images/Normal-2546.png,Normal,Normal,8.128753688652068e-05,0.0007321793818846345,0.9991865754127502,4.139010315040714e-11,0.6494483947753906,,
/kaggle/input/datasets/tawsifurrahman/covid19-radiography-database/COVID-19_Radiography_Dataset/Normal/images/Normal-2548.png,Normal,Normal,2.7176771055792415e-08,0.007018199656158686,0.9929817914962769,9.43720622481603e-12,0.6659233570098877,0.3162958025932312,0.3162958025932312
/kaggle/input/datasets/tawsifurrahman/covid19-radiography-database/COVID-19_Radiography_Dataset/Normal/images/Normal-2552.png,Normal,Normal,0.017606602981686592,0.005479654297232628,0.9769136309623718,1.448068189802143e-07,0.6684564352035522,0.40189942717552185,0.40189942717552185
/kaggle/input/datasets/tawsifurrahman/covid19-radiography-database/COVID-19_Radiography_Dataset/Normal/images/Normal-2557.png,Normal,Normal,2.5844897777460574e-07,0.0018329417798668146,0.9981667995452881,3.139428628173846e-08,0.6264597773551941,,
/kaggle/input/datasets/tawsifurrahman/covid19-radiography-database/COVID-19_Radiography_Dataset/Normal/images/Normal-2566.png,Normal,Normal,1.4673644272988895e-06,0.05036488175392151,0.9496333599090576,2.725239767187304e-07,0.6716740727424622,0.3343549370765686,0.3343549370765686
/kaggle/input/datasets/tawsifurrahman/covid19-radiography-database/COVID-19_Radiography_Dataset/Normal/images/Normal-2580.png,Normal,Normal,0.002085462911054492,0.07673689723014832,0.9211767911911011,8.144696721501532e-07,0.6329670548439026,,
/kaggle/input/datasets/tawsifurrahman/covid19-radiography-database/COVID-19_Radiography_Dataset/Normal/images/Normal-259.png,Normal,Normal,9.218154445989057e-05,9.448507626075298e-05,0.9880756139755249,0.011737650260329247,0.4566890299320221,,
/kaggle/input/datasets/tawsifurrahman/covid19-radiography-database/COVID-19_Radiography_Dataset/Normal/images/Normal-2592.png,Normal,Normal,1.1532915067391514e-07,0.001033433829434216,0.9989664554595947,2.935546228842456e-13,0.7235965728759766,,
/kaggle/input/datasets/tawsifurrahman/covid19-radiography-database/COVID-19_Radiography_Dataset/Normal/images/Normal-26.png,Normal,Normal,3.513220144668594e-05,0.00011073942005168647,0.9998540878295898,3.4061276021901676e-10,0.6181823015213013,,
/kaggle/input/datasets/tawsifurrahman/covid19-radiography-database/COVID-19_Radiography_Dataset/Normal/images/Normal-2600.png,Normal,Normal,3.5465827497027647e-10,0.0012750244932249188,0.9987249970436096,1.8484348496272673e-09,0.7054322361946106,,
/kaggle/input/datasets/tawsifurrahman/covid19-radiography-database/COVID-19_Radiography_Dataset/Normal/images/Normal-2604.png,Normal,Normal,4.700112299360626e-07,0.001211168011650443,0.9987884163856506,1.5125136698657116e-08,0.7030620574951172,,
/kaggle/input/datasets/tawsifurrahman/covid19-radiography-database/COVID-19_Radiography_Dataset/Normal/images/Normal-2620.png,Normal,Normal,1.4900998394296039e-05,2.136650618922431e-05,0.9999637603759766,1.3059892056688227e-10,0.7005777955055237,,
/kaggle/input/datasets/tawsifurrahman/covid19-radiography-database/COVID-19_Radiography_Dataset/Normal/images/Normal-2623.png,Normal,Normal,5.358295766200172e-06,0.00038640081766061485,0.9996082186698914,1.0009037001990073e-11,0.6647776961326599,,
/kaggle/input/datasets/tawsifurrahman/covid19-radiography-database/COVID-19_Radiography_Dataset/Normal/images/Normal-2624.png,Normal,Normal,4.317437196732499e-05,0.00012945490016136318,0.9998273849487305,2.644523888761796e-08,0.6980686187744141,,
/kaggle/input/datasets/tawsifurrahman/covid19-radiography-database/COVID-19_Radiography_Dataset/Normal/images/Normal-2639.png,Normal,Normal,9.628364523450728e-07,0.0030123484320938587,0.9969860911369324,6.051311629562406e-07,0.6506674885749817,,
/kaggle/input/datasets/tawsifurrahman/covid19-radiography-database/COVID-19_Radiography_Dataset/Normal/images/Normal-2642.png,Normal,Normal,2.74779836217931e-06,0.00031876235152594745,0.9996784925460815,1.206081456928132e-08,0.5920323133468628,0.38066622614860535,0.38066622614860535
/kaggle/input/datasets/tawsifurrahman/covid19-radiography-database/COVID-19_Radiography_Dataset/Normal/images/Normal-2645.png,Normal,Normal,3.409944383747643e-06,0.013965672813355923,0.9860309362411499,1.756167833377731e-08,0.6525249481201172,,
/kaggle/input/datasets/tawsifurrahman/covid19-radiography-database/COVID-19_Radiography_Dataset/Normal/images/Normal-2655.png,Normal,Normal,0.0016841611359268427,0.008679932914674282,0.9896358847618103,1.792316695059526e-08,0.671420693397522,,
/kaggle/input/datasets/tawsifurrahman/covid19-radiography-database/COVID-19_Radiography_Dataset/Normal/images/Normal-2678.png,Normal,Normal,1.5712934953171498e-07,0.0009319514501839876,0.9990679621696472,1.5424268849997813e-12,0.6998713612556458,,
/kaggle/input/datasets/tawsifurrahman/covid19-radiography-database/COVID-19_Radiography_Dataset/Normal/images/Normal-268.png,Normal,Normal,5.582669109571725e-05,0.00021905799803789705,0.9997007846832275,2.4390175894950517e-05,0.5767056941986084,,
/kaggle/input/datasets/tawsifurrahman/covid19-radiography-database/COVID-19_Radiography_Dataset/Normal/images/Normal-2682.png,Normal,Normal,9.652350172473234e-07,0.000118460608064197,0.9998805522918701,6.945036212790967e-11,0.6592780351638794,0.4094725549221039,0.4094725549221039
/kaggle/input/datasets/tawsifurrahman/covid19-radiography-database/COVID-19_Radiography_Dataset/Normal/images/Normal-2687.png,Normal,Normal,2.8851481204128504e-08,0.06634734570980072,0.9336526989936829,2.3465215548412743e-08,0.7078061103820801,,
/kaggle/input/datasets/tawsifurrahman/covid19-radiography-database/COVID-19_Radiography_Dataset/Normal/images/Normal-2690.png,Normal,Normal,1.314255086981575e-07,0.0034203671384602785,0.9965794682502747,8.071683765820126e-09,0.6232284307479858,,
/kaggle/input/datasets/tawsifurrahman/covid19-radiography-database/COVID-19_Radiography_Dataset/Normal/images/Normal-270.png,Normal,Normal,0.0010069902054965496,0.00047792179975658655,0.9979358911514282,0.000579173443838954,0.5835082530975342,,
/kaggle/input/datasets/tawsifurrahman/covid19-radiography-database/COVID-19_Radiography_Dataset/Normal/images/Normal-2705.png,Normal,Normal,2.6449849883647403e-06,0.0013614683412015438,0.9986359477043152,1.3647017960138896e-09,0.6615268588066101,0.2576700448989868,0.2576700448989868
/kaggle/input/datasets/tawsifurrahman/covid19-radiography-database/COVID-19_Radiography_Dataset/Normal/images/Normal-2709.png,Normal,Normal,1.5184886024144362e-06,0.09450922906398773,0.9054859280586243,3.3280812203884125e-06,0.7270467877388,,
/kaggle/input/datasets/tawsifurrahman/covid19-radiography-database/COVID-19_Radiography_Dataset/Normal/images/Normal-2722.png,Normal,Normal,3.9966915210243315e-05,0.009071779437363148,0.9908883571624756,8.58442206208565e-09,0.6935436129570007,,
/kaggle/input/datasets/tawsifurrahman/covid19-radiography-database/COVID-19_Radiography_Dataset/Normal/images/Normal-2778.png,Normal,Normal,1.1085931873822119e-05,0.019015152007341385,0.9809737801551819,1.1606062465252531e-11,0.7030380964279175,0.37783023715019226,0.37783023715019226
/kaggle/input/datasets/tawsifurrahman/covid19-radiography-database/COVID-19_Radiography_Dataset/Normal/images/Normal-278.png,Normal,Normal,1.3220328582974616e-06,4.3342857679817826e-05,0.9999550580978394,3.4122547276638215e-07,0.6043427586555481,0.2712973356246948,0.2712973356246948
/kaggle/input/datasets/tawsifurrahman/covid19-radiography-database/COVID-19_Radiography_Dataset/Normal/images/Normal-2784.png,Normal,Normal,5.933465581620112e-05,0.0012940866872668266,0.9986466765403748,9.119457189399327e-09,0.6843660473823547,,
/kaggle/input/datasets/tawsifurrahman/covid19-radiography-database/COVID-19_Radiography_Dataset/Normal/images/Normal-2787.png,Normal,Normal,3.0548437734978506e-06,0.003778740530833602,0.9962181448936462,6.431800159134582e-08,0.6820603013038635,0.36600250005722046,0.36600250005722046
/kaggle/input/datasets/tawsifurrahman/covid19-radiography-database/COVID-19_Radiography_Dataset/Normal/images/Normal-2789.png,Normal,Normal,5.6421731642331e-07,0.0027036124374717474,0.9972957968711853,1.062470857821074e-11,0.6978267431259155,,
/kaggle/input/datasets/tawsifurrahman/covid19-radiography-database/COVID-19_Radiography_Dataset/Normal/images/Normal-2793.png,Normal,Normal,3.3577640579096624e-07,0.00210128934122622,0.9978983402252197,8.589986499885072e-10,0.6492276191711426,0.36306384205818176,0.36306384205818176
/kaggle/input/datasets/tawsifurrahman/covid19-radiography-database/COVID-19_Radiography_Dataset/Normal/images/Normal-2794.png,Normal,Normal,0.0032718025613576174,0.011582215316593647,0.9851456880569458,2.6014686227426864e-07,0.6443532109260559,,
/kaggle/input/datasets/tawsifurrahman/covid19-radiography-database/COVID-19_Radiography_Dataset/Normal/images/Normal-2803.png,Normal,Normal,0.0058068218640983105,0.001875968067906797,0.9923171997070312,1.2047180142360503e-08,0.7255429625511169,,
/kaggle/input/datasets/tawsifurrahman/covid19-radiography-database/COVID-19_Radiography_Dataset/Normal/images/Normal-2813.png,Normal,Normal,2.8717848181258887e-05,0.07129790633916855,0.9286730289459229,3.99730055278269e-07,0.6397688388824463,0.3568904399871826,0.3568904399871826
/kaggle/input/datasets/tawsifurrahman/covid19-radiography-database/COVID-19_Radiography_Dataset/Normal/images/Normal-2814.png,Normal,Normal,0.00015262054512277246,0.001660635694861412,0.9981866478919983,1.701403740117513e-10,0.7082279324531555,,
/kaggle/input/datasets/tawsifurrahman/covid19-radiography-database/COVID-19_Radiography_Dataset/Normal/images/Normal-2819.png,Normal,Normal,1.1109863606861836e-07,2.417805080767721e-05,0.9999756813049316,1.7162433854720632e-13,0.696137011051178,0.3415583074092865,0.3415583074092865
/kaggle/input/datasets/tawsifurrahman/covid19-radiography-database/COVID-19_Radiography_Dataset/Normal/images/Normal-2835.png,Normal,Normal,6.789320394773313e-08,0.0009537977748550475,0.9990460276603699,1.512519554047742e-09,0.6362953782081604,,
/kaggle/input/datasets/tawsifurrahman/covid19-radiography-database/COVID-19_Radiography_Dataset/Normal/images/Normal-2858.png,Normal,Normal,0.0016073783626779914,0.014277715235948563,0.9841148853302002,1.4337066644998231e-08,0.7160958051681519,,
/kaggle/input/datasets/tawsifurrahman/covid19-radiography-database/COVID-19_Radiography_Dataset/Normal/images/Normal-2863.png,Normal,Normal,1.2455076330297743e-06,0.01784958504140377,0.982149064540863,4.044332868602396e-08,0.6467024683952332,,
/kaggle/input/datasets/tawsifurrahman/covid19-radiography-database/COVID-19_Radiography_Dataset/Normal/images/Normal-2880.png,Normal,Normal,3.779770395340165e-06,0.0009354616631753743,0.999060332775116,4.400677653393359e-07,0.696202278137207,,
/kaggle/input/datasets/tawsifurrahman/covid19-radiography-database/COVID-19_Radiography_Dataset/Normal/images/Normal-2881.png,Normal,Normal,6.471605956903659e-06,0.004908435046672821,0.9950849413871765,7.861583384283222e-08,0.3595127761363983,0.15876638889312744,0.15876638889312744
/kaggle/input/datasets/tawsifurrahman/covid19-radiography-database/COVID-19_Radiography_Dataset/Normal/images/Normal-2883.png,Normal,Normal,0.002197332214564085,0.00014577052206732333,0.9976568222045898,8.911201376804456e-08,0.734637975692749,,
/kaggle/input/datasets/tawsifurrahman/covid19-radiography-database/COVID-19_Radiography_Dataset/Normal/images/Normal-2884.png,Normal,Normal,4.0583108784630895e-06,0.032031089067459106,0.967964768409729,1.5414860854434664e-07,0.711695671081543,0.3085314631462097,0.3085314631462097
/kaggle/input/datasets/tawsifurrahman/covid19-radiography-database/COVID-19_Radiography_Dataset/Normal/images/Normal-2886.png,Normal,Normal,9.428020462109998e-07,0.0007700385176576674,0.9992289543151855,5.601713315428469e-09,0.668882429599762,,
/kaggle/input/datasets/tawsifurrahman/covid19-radiography-database/COVID-19_Radiography_Dataset/Normal/images/Normal-289.png,Normal,Normal,2.550801946199499e-05,6.234271131688729e-05,0.9998506307601929,6.155313894851133e-05,0.6087565422058105,,
/kaggle/input/datasets/tawsifurrahman/covid19-radiography-database/COVID-19_Radiography_Dataset/Normal/images/Normal-2893.png,Normal,Normal,2.0558136526460657e-08,0.011224872432649136,0.9887751340866089,2.579432223370759e-09,0.6690046191215515,,
/kaggle/input/datasets/tawsifurrahman/covid19-radiography-database/COVID-19_Radiography_Dataset/Normal/images/Normal-2899.png,Normal,Normal,7.499315302084142e-07,0.0013554535107687116,0.9986438155174255,1.889396195053905e-09,0.6670374274253845,,
/kaggle/input/datasets/tawsifurrahman/covid19-radiography-database/COVID-19_Radiography_Dataset/Normal/images/Normal-2900.png,Normal,Normal,3.870663345395542e-09,0.0007448121323250234,0.9992551207542419,8.334858359049235e-10,0.6859912872314453,,
/kaggle/input/datasets/tawsifurrahman/covid19-radiography-database/COVID-19_Radiography_Dataset/Normal/images/Normal-2908.png,Normal,Normal,5.189318926568376e-06,0.0007506805704906583,0.9992440938949585,2.403368615233603e-09,0.6770899295806885,,
/kaggle/input/datasets/tawsifurrahman/covid19-radiography-database/COVID-19_Radiography_Dataset/Normal/images/Normal-2913.png,Normal,Normal,2.125737523783755e-07,0.0010019588517025113,0.9989978671073914,2.964073153588487e-10,0.6179409623146057,0.3242783546447754,0.3242783546447754
/kaggle/input/datasets/tawsifurrahman/covid19-radiography-database/COVID-19_Radiography_Dataset/Normal/images/Normal-2915.png,Normal,Normal,0.0002092790964525193,0.4508289098739624,0.5489263534545898,3.5431174183031544e-05,0.6584875583648682,0.09885230660438538,0.09885230660438538
/kaggle/input/datasets/tawsifurrahman/covid19-radiography-database/COVID-19_Radiography_Dataset/Normal/images/Normal-2920.png,Normal,Normal,4.570144665194675e-05,0.0014514399226754904,0.9985028505325317,3.0175263329712543e-12,0.6844212412834167,,
/kaggle/input/datasets/tawsifurrahman/covid19-radiography-database/COVID-19_Radiography_Dataset/Normal/images/Normal-2929.png,Normal,Normal,6.172445137053728e-05,2.0487581423367374e-05,0.99991774559021,4.2561870694513004e-11,0.6506014466285706,,
/kaggle/input/datasets/tawsifurrahman/covid19-radiography-database/COVID-19_Radiography_Dataset/Normal/images/Normal-2931.png,Normal,Normal,8.347463335667271e-06,0.006931959185749292,0.9930596351623535,2.1539550143501174e-09,0.6307529807090759,,
/kaggle/input/datasets/tawsifurrahman/covid19-radiography-database/COVID-19_Radiography_Dataset/Normal/images/Normal-2938.png,Normal,Normal,2.664954479314474e-08,0.0001384888164466247,0.999861478805542,2.3882127178631585e-11,0.6549491882324219,,
/kaggle/input/datasets/tawsifurrahman/covid19-radiography-database/COVID-19_Radiography_Dataset/Normal/images/Normal-2940.png,Normal,Normal,4.810796326637501e-06,0.0004986166604794562,0.999496579170227,3.4062283549296524e-10,0.665023922920227,,
/kaggle/input/datasets/tawsifurrahman/covid19-radiography-database/COVID-19_Radiography_Dataset/Normal/images/Normal-2945.png,Normal,Normal,1.3798625104755047e-06,9.601232159184292e-05,0.9999024868011475,8.022806241569924e-08,0.7035809755325317,,
/kaggle/input/datasets/tawsifurrahman/covid19-radiography-database/COVID-19_Radiography_Dataset/Normal/images/Normal-2956.png,Normal,Normal,0.0004055965109728277,0.0031211203895509243,0.9964732527732849,7.30280813598938e-09,0.6481075882911682,,
/kaggle/input/datasets/tawsifurrahman/covid19-radiography-database/COVID-19_Radiography_Dataset/Normal/images/Normal-2957.png,Normal,Normal,2.734162478645885e-07,0.0015284675173461437,0.9984713196754456,5.931914071055644e-09,0.6215949058532715,0.3139459788799286,0.3139459788799286
/kaggle/input/datasets/tawsifurrahman/covid19-radiography-database/COVID-19_Radiography_Dataset/Normal/images/Normal-2965.png,Normal,Normal,1.1904432540177368e-05,7.817694859113544e-05,0.9999098777770996,3.376067600393412e-13,0.713580846786499,,
/kaggle/input/datasets/tawsifurrahman/covid19-radiography-database/COVID-19_Radiography_Dataset/Normal/images/Normal-2976.png,Normal,Normal,7.376749999821186e-05,0.009297709912061691,0.9906284213066101,2.0966670621902495e-09,0.6684088706970215,0.338232159614563,0.338232159614563
/kaggle/input/datasets/tawsifurrahman/covid19-radiography-database/COVID-19_Radiography_Dataset/Normal/images/Normal-2977.png,Normal,Normal,0.0006907043280079961,0.003220359794795513,0.996088981628418,3.510718937782542e-10,0.6769694089889526,,
/kaggle/input/datasets/tawsifurrahman/covid19-radiography-database/COVID-19_Radiography_Dataset/Normal/images/Normal-2984.png,Normal,Normal,9.561932756696478e-07,0.0010971642332151532,0.9989018440246582,1.192684978557068e-10,0.7294514775276184,,
/kaggle/input/datasets/tawsifurrahman/covid19-radiography-database/COVID-19_Radiography_Dataset/Normal/images/Normal-2988.png,Normal,Normal,1.2201153367641382e-06,5.1663137128343806e-05,0.999947190284729,1.8537633179795815e-13,0.6959928870201111,,
/kaggle/input/datasets/tawsifurrahman/covid19-radiography-database/COVID-19_Radiography_Dataset/Normal/images/Normal-2992.png,Normal,Normal,3.46771594195161e-06,0.0009770630858838558,0.9990195035934448,2.8604809632071238e-09,0.7022774815559387,,
/kaggle/input/datasets/tawsifurrahman/covid19-radiography-database/COVID-19_Radiography_Dataset/Normal/images/Normal-3.png,Normal,Normal,6.5065255512308795e-06,0.017526371404528618,0.982466995716095,4.729561631222623e-09,0.6283233761787415,,
/kaggle/input/datasets/tawsifurrahman/covid19-radiography-database/COVID-19_Radiography_Dataset/Normal/images/Normal-30.png,Normal,Normal,9.349208266939968e-05,0.0016873679123818874,0.9982190728187561,4.3204186894740815e-09,0.6430883407592773,,
/kaggle/input/datasets/tawsifurrahman/covid19-radiography-database/COVID-19_Radiography_Dataset/Normal/images/Normal-3004.png,Normal,Normal,8.020934387786838e-07,0.0003589759289752692,0.9996401071548462,1.0526455440640348e-07,0.6770179867744446,,
/kaggle/input/datasets/tawsifurrahman/covid19-radiography-database/COVID-19_Radiography_Dataset/Normal/images/Normal-301.png,Normal,Normal,2.839611261151731e-05,2.39116507145809e-05,0.9998655319213867,8.218223956646398e-05,0.6571270227432251,,
/kaggle/input/datasets/tawsifurrahman/covid19-radiography-database/COVID-19_Radiography_Dataset/Normal/images/Normal-3010.png,Normal,Normal,1.4298653638888936e-07,0.01460827887058258,0.9853914380073547,9.0394969731733e-08,0.6746122241020203,0.3292791247367859,0.3292791247367859
/kaggle/input/datasets/tawsifurrahman/covid19-radiography-database/COVID-19_Radiography_Dataset/Normal/images/Normal-3012.png,Normal,Normal,1.432588874195062e-06,0.012065778486430645,0.9879328608512878,1.154604944986204e-08,0.5720752477645874,0.26310428977012634,0.26310428977012634
/kaggle/input/datasets/tawsifurrahman/covid19-radiography-database/COVID-19_Radiography_Dataset/Normal/images/Normal-3029.png,Normal,Normal,2.8379590730764903e-06,0.0015226107789203525,0.9984745383262634,2.186975045503914e-08,0.6571202874183655,0.40029609203338623,0.40029609203338623
/kaggle/input/datasets/tawsifurrahman/covid19-radiography-database/COVID-19_Radiography_Dataset/Normal/images/Normal-3035.png,Normal,Normal,9.81887751549948e-07,0.0010960219660773873,0.9989030361175537,7.71126662524324e-10,0.6092864871025085,0.2809343636035919,0.2809343636035919
/kaggle/input/datasets/tawsifurrahman/covid19-radiography-database/COVID-19_Radiography_Dataset/Normal/images/Normal-3042.png,Normal,Normal,5.540437797435516e-08,0.00939550157636404,0.9906044602394104,6.390761253527444e-09,0.690420389175415,0.3256918787956238,0.3256918787956238
/kaggle/input/datasets/tawsifurrahman/covid19-radiography-database/COVID-19_Radiography_Dataset/Normal/images/Normal-3048.png,Normal,Normal,0.10078281909227371,0.00017289648531004786,0.8990443348884583,8.809485363414638e-10,0.7049369812011719,0.4688391089439392,0.4688391089439392
/kaggle/input/datasets/tawsifurrahman/covid19-radiography-database/COVID-19_Radiography_Dataset/Normal/images/Normal-3051.png,Normal,Normal,3.933614678430786e-08,0.001544931554235518,0.9984550476074219,4.755205118556205e-10,0.7176817655563354,,
/kaggle/input/datasets/tawsifurrahman/covid19-radiography-database/COVID-19_Radiography_Dataset/Normal/images/Normal-3054.png,Normal,Normal,6.496795685961843e-05,0.011236296966671944,0.9886980056762695,8.268926876553451e-07,0.64595627784729,,
/kaggle/input/datasets/tawsifurrahman/covid19-radiography-database/COVID-19_Radiography_Dataset/Normal/images/Normal-3060.png,Normal,Normal,2.7361241450307716e-07,0.012547936290502548,0.9874517321586609,2.0130299205334268e-08,0.6515584588050842,,
/kaggle/input/datasets/tawsifurrahman/covid19-radiography-database/COVID-19_Radiography_Dataset/Normal/images/Normal-3065.png,Normal,Normal,0.008477700874209404,0.0009963978081941605,0.9905257225036621,1.8557526004769898e-07,0.6090480089187622,,
/kaggle/input/datasets/tawsifurrahman/covid19-radiography-database/COVID-19_Radiography_Dataset/Normal/images/Normal-3066.png,Normal,Normal,0.0008609123760834336,0.0002893152122851461,0.9988497495651245,2.5264521141821206e-08,0.6694780588150024,,
/kaggle/input/datasets/tawsifurrahman/covid19-radiography-database/COVID-19_Radiography_Dataset/Normal/images/Normal-3071.png,Normal,Normal,3.0796381906839088e-06,0.018309250473976135,0.9816877245903015,6.157484300217675e-09,0.6837067008018494,,
/kaggle/input/datasets/tawsifurrahman/covid19-radiography-database/COVID-19_Radiography_Dataset/Normal/images/Normal-3077.png,Normal,Normal,0.00040945105138234794,0.003101199399679899,0.9964893460273743,9.851087945378367e-09,0.7074986696243286,,
/kaggle/input/datasets/tawsifurrahman/covid19-radiography-database/COVID-19_Radiography_Dataset/Normal/images/Normal-3079.png,Normal,Normal,0.2684203088283539,0.005119937006384134,0.7264597415924072,1.2307954655454978e-08,0.6731516122817993,0.5679718255996704,0.5679718255996704
/kaggle/input/datasets/tawsifurrahman/covid19-radiography-database/COVID-19_Radiography_Dataset/Normal/images/Normal-3080.png,Normal,Normal,1.3954436326457653e-06,0.0010169369634240866,0.9989816546440125,1.678782252101385e-10,0.6420857906341553,,
/kaggle/input/datasets/tawsifurrahman/covid19-radiography-database/COVID-19_Radiography_Dataset/Normal/images/Normal-3085.png,Normal,Normal,2.3380396214633947e-06,0.0006552730919793248,0.9993423819541931,5.7594911478942024e-11,0.6819477677345276,,
/kaggle/input/datasets/tawsifurrahman/covid19-radiography-database/COVID-19_Radiography_Dataset/Normal/images/Normal-3087.png,Normal,Lung_Opacity,0.00040271857869811356,0.5313093066215515,0.46828797459602356,2.687035305370955e-08,0.6325095891952515,,
/kaggle/input/datasets/tawsifurrahman/covid19-radiography-database/COVID-19_Radiography_Dataset/Normal/images/Normal-3089.png,Normal,Normal,0.0760887935757637,0.0045286077074706554,0.9193825125694275,4.809417100681834e-11,0.6826454401016235,,
/kaggle/input/datasets/tawsifurrahman/covid19-radiography-database/COVID-19_Radiography_Dataset/Normal/images/Normal-3099.png,Normal,Normal,1.4530164662573952e-06,0.0002856288629118353,0.9997128844261169,7.184913254631997e-12,0.6980375051498413,,
/kaggle/input/datasets/tawsifurrahman/covid19-radiography-database/COVID-19_Radiography_Dataset/Normal/images/Normal-3100.png,Normal,Normal,1.8155358247895492e-06,0.000477171823149547,0.999521017074585,3.185073182976339e-08,0.628788948059082,,
/kaggle/input/datasets/tawsifurrahman/covid19-radiography-database/COVID-19_Radiography_Dataset/Normal/images/Normal-3103.png,Normal,Normal,8.954638360592071e-06,0.0002534995146561414,0.999737560749054,7.096159077013553e-11,0.691949725151062,,
/kaggle/input/datasets/tawsifurrahman/covid19-radiography-database/COVID-19_Radiography_Dataset/Normal/images/Normal-3114.png,Normal,Normal,2.665094598341966e-06,0.006971064023673534,0.9930262565612793,9.618016383328154e-10,0.7106821537017822,,
/kaggle/input/datasets/tawsifurrahman/covid19-radiography-database/COVID-19_Radiography_Dataset/Normal/images/Normal-312.png,Normal,Normal,7.948568236315623e-05,0.0002957684628199786,0.9995662569999695,5.8489014918450266e-05,0.5796297788619995,0.30838772654533386,0.30838772654533386
/kaggle/input/datasets/tawsifurrahman/covid19-radiography-database/COVID-19_Radiography_Dataset/Normal/images/Normal-3138.png,Normal,Normal,2.0748857423313893e-06,0.025036942213773727,0.97496098279953,6.936509006072455e-11,0.6676754951477051,,
/kaggle/input/datasets/tawsifurrahman/covid19-radiography-database/COVID-19_Radiography_Dataset/Normal/images/Normal-3142.png,Normal,Normal,0.004349849186837673,0.0008793313172645867,0.9947708249092102,1.6728174401237084e-08,0.6941993236541748,,
/kaggle/input/datasets/tawsifurrahman/covid19-radiography-database/COVID-19_Radiography_Dataset/Normal/images/Normal-3144.png,Normal,Normal,3.221198858227581e-05,0.010769153013825417,0.989198625087738,1.580545833101965e-10,0.7032811045646667,0.2437126785516739,0.2437126785516739
/kaggle/input/datasets/tawsifurrahman/covid19-radiography-database/COVID-19_Radiography_Dataset/Normal/images/Normal-3154.png,Normal,Normal,2.3833000284412265e-07,0.07465749979019165,0.9253422617912292,1.2924102676947768e-08,0.5948935747146606,,
/kaggle/input/datasets/tawsifurrahman/covid19-radiography-database/COVID-19_Radiography_Dataset/Normal/images/Normal-3162.png,Normal,Normal,2.1216059394646436e-05,0.0002328481205040589,0.9997459053993225,1.2658902814877138e-09,0.6108771562576294,,
/kaggle/input/datasets/tawsifurrahman/covid19-radiography-database/COVID-19_Radiography_Dataset/Normal/images/Normal-3168.png,Normal,Normal,0.02475283108651638,0.002034895122051239,0.9732122421264648,4.243338480591774e-08,0.6982523202896118,0.4697471261024475,0.4697471261024475
/kaggle/input/datasets/tawsifurrahman/covid19-radiography-database/COVID-19_Radiography_Dataset/Normal/images/Normal-3175.png,Normal,Normal,4.6060381464485545e-06,0.07235977798700333,0.9276354908943176,5.710819039883575e-10,0.6810092926025391,,
/kaggle/input/datasets/tawsifurrahman/covid19-radiography-database/COVID-19_Radiography_Dataset/Normal/images/Normal-319.png,Normal,Normal,0.00022251966584008187,0.00020078835950698704,0.9995430707931519,3.37092496920377e-05,0.6532909274101257,0.2954985499382019,0.2954985499382019
/kaggle/input/datasets/tawsifurrahman/covid19-radiography-database/COVID-19_Radiography_Dataset/Normal/images/Normal-3193.png,Normal,Normal,4.392168193589896e-05,0.0017762091010808945,0.9981796741485596,1.9475483270525729e-07,0.6163254380226135,,
/kaggle/input/datasets/tawsifurrahman/covid19-radiography-database/COVID-19_Radiography_Dataset/Normal/images/Normal-3196.png,Normal,Normal,1.317188343818998e-05,0.0003674643230624497,0.9996192455291748,2.837380819187274e-08,0.6149986982345581,0.26658767461776733,0.26658767461776733
/kaggle/input/datasets/tawsifurrahman/covid19-radiography-database/COVID-19_Radiography_Dataset/Normal/images/Normal-3206.png,Normal,Normal,2.7280500944470987e-05,0.0004541813977994025,0.9995185136795044,4.655340557491172e-10,0.6221597790718079,,
/kaggle/input/datasets/tawsifurrahman/covid19-radiography-database/COVID-19_Radiography_Dataset/Normal/images/Normal-3208.png,Normal,Normal,0.0020278985612094402,0.0008812536834739149,0.9968547821044922,0.00023599476844538003,0.6761018633842468,,
/kaggle/input/datasets/tawsifurrahman/covid19-radiography-database/COVID-19_Radiography_Dataset/Normal/images/Normal-3212.png,Normal,Normal,1.2331353218542063e-06,0.00921272300183773,0.990786075592041,7.876811980445098e-10,0.6805477142333984,,
/kaggle/input/datasets/tawsifurrahman/covid19-radiography-database/COVID-19_Radiography_Dataset/Normal/images/Normal-3214.png,Normal,Normal,6.98402727721259e-05,0.029818501323461533,0.9701116681098938,1.4114814872456805e-09,0.6457481980323792,,
/kaggle/input/datasets/tawsifurrahman/covid19-radiography-database/COVID-19_Radiography_Dataset/Normal/images/Normal-3225.png,Normal,Normal,2.6599911961966427e-07,0.026001475751399994,0.9739983081817627,4.146791354742163e-08,0.6733739972114563,0.3512877821922302,0.3512877821922302
/kaggle/input/datasets/tawsifurrahman/covid19-radiography-database/COVID-19_Radiography_Dataset/Normal/images/Normal-3241.png,Normal,Normal,9.705730690257042e-07,0.00031687947921454906,0.9996821880340576,8.925605810006232e-10,0.6716870069503784,,
/kaggle/input/datasets/tawsifurrahman/covid19-radiography-database/COVID-19_Radiography_Dataset/Normal/images/Normal-3242.png,Normal,Normal,0.00015393282228615135,0.00893939658999443,0.9909067153930664,2.1472581934744994e-08,0.6411671042442322,,
/kaggle/input/datasets/tawsifurrahman/covid19-radiography-database/COVID-19_Radiography_Dataset/Normal/images/Normal-3257.png,Normal,Normal,0.16922476887702942,0.03134823590517044,0.7993441820144653,8.284592331619933e-05,0.660740852355957,,
/kaggle/input/datasets/tawsifurrahman/covid19-radiography-database/COVID-19_Radiography_Dataset/Normal/images/Normal-326.png,Normal,Normal,1.3079597920295782e-05,0.00010120116348844022,0.9985307455062866,0.0013549788855016232,0.5854424834251404,,
/kaggle/input/datasets/tawsifurrahman/covid19-radiography-database/COVID-19_Radiography_Dataset/Normal/images/Normal-3262.png,Normal,Normal,0.00017704692436382174,0.007984893396496773,0.9918381571769714,1.3124500097827507e-10,0.7089006304740906,,
/kaggle/input/datasets/tawsifurrahman/covid19-radiography-database/COVID-19_Radiography_Dataset/Normal/images/Normal-3273.png,Normal,Normal,0.0001012426582747139,0.0027205937076359987,0.9971773624420166,7.72810778926214e-07,0.6477777361869812,0.25697773694992065,0.25697773694992065
/kaggle/input/datasets/tawsifurrahman/covid19-radiography-database/COVID-19_Radiography_Dataset/Normal/images/Normal-3276.png,Normal,Normal,0.00012576552398968488,0.0026328822132200003,0.9972412586212158,1.0870162014953166e-07,0.6941601634025574,,
/kaggle/input/datasets/tawsifurrahman/covid19-radiography-database/COVID-19_Radiography_Dataset/Normal/images/Normal-3281.png,Normal,Normal,6.900505468365736e-06,0.002920323284342885,0.997072696685791,5.621606646855071e-08,0.7309136390686035,0.32298314571380615,0.32298314571380615
/kaggle/input/datasets/tawsifurrahman/covid19-radiography-database/COVID-19_Radiography_Dataset/Normal/images/Normal-3284.png,Normal,Normal,5.166678874957142e-06,0.0002968324115499854,0.9996980428695679,1.3582792009192435e-11,0.7074036002159119,0.31774482131004333,0.31774482131004333
/kaggle/input/datasets/tawsifurrahman/covid19-radiography-database/COVID-19_Radiography_Dataset/Normal/images/Normal-3287.png,Normal,Normal,4.236132099322276e-06,0.0007939401548355818,0.9992017149925232,4.8226088011915635e-08,0.6874854564666748,0.4537750482559204,0.4537750482559204
/kaggle/input/datasets/tawsifurrahman/covid19-radiography-database/COVID-19_Radiography_Dataset/Normal/images/Normal-3312.png,Normal,Normal,2.434038570697794e-08,4.4795415305998176e-05,0.9999551773071289,3.315721720624498e-13,0.6520615220069885,,
/kaggle/input/datasets/tawsifurrahman/covid19-radiography-database/COVID-19_Radiography_Dataset/Normal/images/Normal-3318.png,Normal,Normal,1.754523736963165e-06,0.00023283353948500007,0.9997653365135193,4.574015471936477e-11,0.7051056623458862,0.36808040738105774,0.36808040738105774
/kaggle/input/datasets/tawsifurrahman/covid19-radiography-database/COVID-19_Radiography_Dataset/Normal/images/Normal-3323.png,Normal,Normal,4.4452795577853976e-07,0.0018790217582136393,0.9981203675270081,6.95712856213504e-08,0.6014280319213867,,
/kaggle/input/datasets/tawsifurrahman/covid19-radiography-database/COVID-19_Radiography_Dataset/Normal/images/Normal-3345.png,Normal,Normal,3.4784708446977675e-08,0.0021267335396260023,0.9978733062744141,3.208486427930257e-12,0.683729350566864,,
/kaggle/input/datasets/tawsifurrahman/covid19-radiography-database/COVID-19_Radiography_Dataset/Normal/images/Normal-3346.png,Normal,Normal,0.342987596988678,0.0005853003240190446,0.6564270853996277,1.439535601832631e-09,0.6721487045288086,0.3956577479839325,0.3956577479839325
/kaggle/input/datasets/tawsifurrahman/covid19-radiography-database/COVID-19_Radiography_Dataset/Normal/images/Normal-3349.png,Normal,Normal,1.3781238521914929e-05,0.010564065538346767,0.9894220232963562,3.4067682008753764e-08,0.6400197744369507,,
/kaggle/input/datasets/tawsifurrahman/covid19-radiography-database/COVID-19_Radiography_Dataset/Normal/images/Normal-3352.png,Normal,Normal,2.685736149032891e-07,0.00036643591010943055,0.9996333122253418,4.121451444016877e-12,0.6754242181777954,,
/kaggle/input/datasets/tawsifurrahman/covid19-radiography-database/COVID-19_Radiography_Dataset/Normal/images/Normal-3353.png,Normal,Normal,7.280161895550918e-08,0.004086374770849943,0.9959134459495544,1.4290191252541717e-09,0.6417877078056335,0.19944436848163605,0.19944436848163605
/kaggle/input/datasets/tawsifurrahman/covid19-radiography-database/COVID-19_Radiography_Dataset/Normal/images/Normal-3359.png,Normal,Normal,7.315846914934809e-07,0.0013442044146358967,0.9986550807952881,3.792048064443776e-10,0.6817445755004883,,
/kaggle/input/datasets/tawsifurrahman/covid19-radiography-database/COVID-19_Radiography_Dataset/Normal/images/Normal-3362.png,Normal,Normal,3.456613285379717e-06,0.1825687140226364,0.8174278140068054,2.838165968910289e-08,0.5598666667938232,,
/kaggle/input/datasets/tawsifurrahman/covid19-radiography-database/COVID-19_Radiography_Dataset/Normal/images/Normal-3366.png,Normal,Normal,0.0007769522489979863,0.0006262536626309156,0.9985960125923157,7.888814934631228e-07,0.6874046921730042,0.3756815195083618,0.3756815195083618
/kaggle/input/datasets/tawsifurrahman/covid19-radiography-database/COVID-19_Radiography_Dataset/Normal/images/Normal-3368.png,Normal,Normal,1.0655756277344608e-09,0.002151713939383626,0.9978482723236084,4.638412389097214e-14,0.6808552742004395,,
/kaggle/input/datasets/tawsifurrahman/covid19-radiography-database/COVID-19_Radiography_Dataset/Normal/images/Normal-337.png,Normal,Normal,3.220327562303282e-05,4.93491897941567e-05,0.9999184608459473,3.234974599308771e-08,0.588050901889801,,
/kaggle/input/datasets/tawsifurrahman/covid19-radiography-database/COVID-19_Radiography_Dataset/Normal/images/Normal-3388.png,Normal,Normal,6.582483183592558e-05,0.1639453023672104,0.8359887003898621,1.604683035338894e-07,0.6260601282119751,,
/kaggle/input/datasets/tawsifurrahman/covid19-radiography-database/COVID-19_Radiography_Dataset/Normal/images/Normal-3391.png,Normal,Normal,3.1167005545285065e-06,0.0005287699750624597,0.9994681477546692,8.570038567690119e-10,0.6811468005180359,,
/kaggle/input/datasets/tawsifurrahman/covid19-radiography-database/COVID-19_Radiography_Dataset/Normal/images/Normal-3405.png,Normal,Normal,0.007230732124298811,0.013022643513977528,0.9797465801239014,6.46926789915625e-10,0.6264892220497131,,
/kaggle/input/datasets/tawsifurrahman/covid19-radiography-database/COVID-19_Radiography_Dataset/Normal/images/Normal-3406.png,Normal,Normal,0.0009279531659558415,0.027722196653485298,0.9713497757911682,1.203317712139551e-08,0.6270910501480103,,
/kaggle/input/datasets/tawsifurrahman/covid19-radiography-database/COVID-19_Radiography_Dataset/Normal/images/Normal-3413.png,Normal,Normal,5.309792868501972e-06,0.00019085545500274748,0.9998038411140442,2.801015495934589e-11,0.6740697622299194,0.3978003263473511,0.3978003263473511
/kaggle/input/datasets/tawsifurrahman/covid19-radiography-database/COVID-19_Radiography_Dataset/Normal/images/Normal-3414.png,Normal,Normal,1.2411469469952863e-06,0.0003198633494321257,0.9996789693832397,2.3616738772935797e-11,0.7245661616325378,,
/kaggle/input/datasets/tawsifurrahman/covid19-radiography-database/COVID-19_Radiography_Dataset/Normal/images/Normal-3418.png,Normal,Normal,1.6190147107408848e-06,0.00045251109986566007,0.9995457530021667,8.263045803147406e-11,0.7266627550125122,,
/kaggle/input/datasets/tawsifurrahman/covid19-radiography-database/COVID-19_Radiography_Dataset/Normal/images/Normal-3427.png,Normal,Normal,6.798294975851604e-07,0.02667946368455887,0.9733198881149292,3.887920541068013e-10,0.6680024266242981,0.3519528806209564,0.3519528806209564
/kaggle/input/datasets/tawsifurrahman/covid19-radiography-database/COVID-19_Radiography_Dataset/Normal/images/Normal-3429.png,Normal,Normal,0.00017787970136851072,0.012375811114907265,0.9874463081359863,1.5078049031558294e-08,0.68013596534729,,
/kaggle/input/datasets/tawsifurrahman/covid19-radiography-database/COVID-19_Radiography_Dataset/Normal/images/Normal-3437.png,Normal,Normal,4.170471470388293e-07,0.0006290280143730342,0.9993705153465271,1.6219577902987226e-09,0.6775102019309998,,
/kaggle/input/datasets/tawsifurrahman/covid19-radiography-database/COVID-19_Radiography_Dataset/Normal/images/Normal-3438.png,Normal,Normal,4.403844116041e-07,0.00014603689487557858,0.9998534917831421,9.965345606002818e-13,0.696867048740387,0.3438567519187927,0.3438567519187927
/kaggle/input/datasets/tawsifurrahman/covid19-radiography-database/COVID-19_Radiography_Dataset/Normal/images/Normal-3445.png,Normal,Normal,9.759040040080436e-06,0.006786972284317017,0.9932032823562622,5.7278997517284935e-11,0.6295992136001587,0.28488174080848694,0.28488174080848694
/kaggle/input/datasets/tawsifurrahman/covid19-radiography-database/COVID-19_Radiography_Dataset/Normal/images/Normal-3447.png,Normal,Normal,2.3194334062281996e-06,0.007057145703583956,0.9929404258728027,1.6109318323742627e-09,0.6369552612304688,,
/kaggle/input/datasets/tawsifurrahman/covid19-radiography-database/COVID-19_Radiography_Dataset/Normal/images/Normal-3454.png,Normal,Normal,1.8438704501022585e-05,0.009896446950733662,0.9900851249694824,5.217669407642234e-09,0.6718561053276062,0.29657429456710815,0.29657429456710815
/kaggle/input/datasets/tawsifurrahman/covid19-radiography-database/COVID-19_Radiography_Dataset/Normal/images/Normal-3457.png,Normal,Normal,0.0006057925056666136,0.08281166106462479,0.9165711998939514,1.1397401976864785e-05,0.6113837957382202,,
/kaggle/input/datasets/tawsifurrahman/covid19-radiography-database/COVID-19_Radiography_Dataset/Normal/images/Normal-3465.png,Normal,Normal,7.465493399649858e-05,0.0020379573106765747,0.9978870749473572,2.39928368728215e-07,0.6955999732017517,,
/kaggle/input/datasets/tawsifurrahman/covid19-radiography-database/COVID-19_Radiography_Dataset/Normal/images/Normal-3476.png,Normal,Normal,1.8714599718805403e-06,0.0011118270922452211,0.9988862872123718,4.103270240946033e-12,0.6756229400634766,0.31442534923553467,0.31442534923553467
/kaggle/input/datasets/tawsifurrahman/covid19-radiography-database/COVID-19_Radiography_Dataset/Normal/images/Normal-348.png,Normal,Normal,3.194833698216826e-05,3.818438563030213e-05,0.9997162222862244,0.00021364429267123342,0.6315367221832275,,
/kaggle/input/datasets/tawsifurrahman/covid19-radiography-database/COVID-19_Radiography_Dataset/Normal/images/Normal-3482.png,Normal,Normal,1.47179534337738e-07,0.00013292576477397233,0.9998669624328613,1.0973791320090243e-11,0.7180987596511841,,
/kaggle/input/datasets/tawsifurrahman/covid19-radiography-database/COVID-19_Radiography_Dataset/Normal/images/Normal-3486.png,Normal,Normal,2.214513870057999e-06,0.0023356627207249403,0.9976620674133301,1.716474629098741e-09,0.6903960108757019,,
/kaggle/input/datasets/tawsifurrahman/covid19-radiography-database/COVID-19_Radiography_Dataset/Normal/images/Normal-3487.png,Normal,Normal,0.0009520072489976883,0.05767035856842995,0.9413774609565735,1.715813056080151e-07,0.6090478897094727,,
/kaggle/input/datasets/tawsifurrahman/covid19-radiography-database/COVID-19_Radiography_Dataset/Normal/images/Normal-3491.png,Normal,Normal,1.4235384924177197e-06,0.0006971076945774257,0.9993014335632324,6.26080698395981e-09,0.5862204432487488,,
/kaggle/input/datasets/tawsifurrahman/covid19-radiography-database/COVID-19_Radiography_Dataset/Normal/images/Normal-3505.png,Normal,Normal,0.0007205821457318962,0.030606646090745926,0.9686728119850159,3.771984502520809e-09,0.6552280187606812,,
/kaggle/input/datasets/tawsifurrahman/covid19-radiography-database/COVID-19_Radiography_Dataset/Normal/images/Normal-3507.png,Normal,Normal,1.1577617442526389e-07,0.09163849800825119,0.9083613157272339,2.140544408391065e-09,0.6579336524009705,,
/kaggle/input/datasets/tawsifurrahman/covid19-radiography-database/COVID-19_Radiography_Dataset/Normal/images/Normal-3509.png,Normal,Normal,2.9920947781647556e-06,0.008656861260533333,0.9913401007652283,1.614544942185603e-08,0.6337066292762756,0.23162075877189636,0.23162075877189636
/kaggle/input/datasets/tawsifurrahman/covid19-radiography-database/COVID-19_Radiography_Dataset/Normal/images/Normal-3511.png,Normal,Normal,0.00018794421339407563,0.00047621523845009506,0.9993358254432678,6.395701242917218e-12,0.6666719317436218,,
/kaggle/input/datasets/tawsifurrahman/covid19-radiography-database/COVID-19_Radiography_Dataset/Normal/images/Normal-3516.png,Normal,Normal,6.724578997818753e-05,0.014852368272840977,0.9850803017616272,4.764665106904431e-08,0.6381801962852478,,
/kaggle/input/datasets/tawsifurrahman/covid19-radiography-database/COVID-19_Radiography_Dataset/Normal/images/Normal-3532.png,Normal,Normal,6.1892450275991e-07,0.00024749708245508373,0.9997518658638,1.3041948632164235e-09,0.6983106732368469,,
/kaggle/input/datasets/tawsifurrahman/covid19-radiography-database/COVID-19_Radiography_Dataset/Normal/images/Normal-3534.png,Normal,Normal,6.824621777923312e-06,0.03096678853034973,0.9690263271331787,2.733468384974458e-08,0.6185042262077332,,
/kaggle/input/datasets/tawsifurrahman/covid19-radiography-database/COVID-19_Radiography_Dataset/Normal/images/Normal-3540.png,Normal,Normal,2.2784199416037154e-07,0.005389392841607332,0.9946104288101196,9.29353149992096e-10,0.6713207364082336,,
/kaggle/input/datasets/tawsifurrahman/covid19-radiography-database/COVID-19_Radiography_Dataset/Normal/images/Normal-3545.png,Normal,Normal,0.0001388867385685444,0.35261794924736023,0.6472424864768982,6.918929784660577e-07,0.566028892993927,,
/kaggle/input/datasets/tawsifurrahman/covid19-radiography-database/COVID-19_Radiography_Dataset/Normal/images/Normal-3549.png,Normal,Normal,1.695428522907605e-06,0.00048299183254130185,0.9995152950286865,6.424236254076732e-09,0.7012076377868652,0.3407530188560486,0.3407530188560486
/kaggle/input/datasets/tawsifurrahman/covid19-radiography-database/COVID-19_Radiography_Dataset/Normal/images/Normal-3559.png,Normal,Normal,0.002036470454186201,0.17361915111541748,0.8243440389633179,4.3005860561606823e-07,0.5379069447517395,,
/kaggle/input/datasets/tawsifurrahman/covid19-radiography-database/COVID-19_Radiography_Dataset/Normal/images/Normal-356.png,Normal,Normal,0.00019800811423920095,5.0867529353126884e-05,0.9997501969337463,9.646904572946369e-07,0.5880693197250366,,
/kaggle/input/datasets/tawsifurrahman/covid19-radiography-database/COVID-19_Radiography_Dataset/Normal/images/Normal-3562.png,Normal,Normal,9.278360857400969e-10,0.0040484583005309105,0.9959515333175659,6.053154505414327e-11,0.6675328016281128,0.23269468545913696,0.23269468545913696
/kaggle/input/datasets/tawsifurrahman/covid19-radiography-database/COVID-19_Radiography_Dataset/Normal/images/Normal-3566.png,Normal,Normal,2.8074291549273767e-05,0.0001459722698200494,0.9998258948326111,5.0199979589882204e-11,0.7013570666313171,,
/kaggle/input/datasets/tawsifurrahman/covid19-radiography-database/COVID-19_Radiography_Dataset/Normal/images/Normal-3567.png,Normal,Normal,2.709595037231338e-07,0.019952641800045967,0.9800471663475037,1.0948275619426795e-09,0.6676833629608154,,
/kaggle/input/datasets/tawsifurrahman/covid19-radiography-database/COVID-19_Radiography_Dataset/Normal/images/Normal-3586.png,Normal,Normal,5.632812644762453e-06,0.0015885133761912584,0.9984058737754822,3.395396319660904e-08,0.756472647190094,0.41169631481170654,0.41169631481170654
/kaggle/input/datasets/tawsifurrahman/covid19-radiography-database/COVID-19_Radiography_Dataset/Normal/images/Normal-3598.png,Normal,Normal,4.780592007591622e-06,0.0003148801624774933,0.9996803998947144,1.4960454750023722e-11,0.7155941128730774,,
/kaggle/input/datasets/tawsifurrahman/covid19-radiography-database/COVID-19_Radiography_Dataset/Normal/images/Normal-36.png,Normal,Normal,0.00010206844308413565,0.00014211943198461086,0.9997559189796448,9.96426968713493e-11,0.6985663771629333,,
/kaggle/input/datasets/tawsifurrahman/covid19-radiography-database/COVID-19_Radiography_Dataset/Normal/images/Normal-3602.png,Normal,Normal,4.2960884456988424e-05,0.00011051681940443814,0.9998465776443481,3.3038759228443126e-11,0.7195221781730652,,
/kaggle/input/datasets/tawsifurrahman/covid19-radiography-database/COVID-19_Radiography_Dataset/Normal/images/Normal-3604.png,Normal,Normal,6.067646722840436e-07,0.00111665902659297,0.9988827109336853,4.1095234853960605e-11,0.6941002011299133,0.32966434955596924,0.32966434955596924
/kaggle/input/datasets/tawsifurrahman/covid19-radiography-database/COVID-19_Radiography_Dataset/Normal/images/Normal-3609.png,Normal,Normal,7.664660188311245e-06,0.0009858142584562302,0.999005138874054,1.4543852557835635e-06,0.5317544341087341,0.2998179495334625,0.2998179495334625
/kaggle/input/datasets/tawsifurrahman/covid19-radiography-database/COVID-19_Radiography_Dataset/Normal/images/Normal-361.png,Normal,Normal,1.0172627298743464e-05,0.00017222948372364044,0.999812662601471,4.950929906044621e-06,0.6424148082733154,,
/kaggle/input/datasets/tawsifurrahman/covid19-radiography-database/COVID-19_Radiography_Dataset/Normal/images/Normal-3610.png,Normal,Normal,0.002035843674093485,0.002007084898650646,0.99595707654953,9.529019795451177e-10,0.6281836628913879,,
/kaggle/input/datasets/tawsifurrahman/covid19-radiography-database/COVID-19_Radiography_Dataset/Normal/images/Normal-3628.png,Normal,Normal,5.959783447906375e-05,0.008397314697504044,0.9915430545806885,2.8123961826054256e-08,0.6662608981132507,0.3100253939628601,0.3100253939628601
/kaggle/input/datasets/tawsifurrahman/covid19-radiography-database/COVID-19_Radiography_Dataset/Normal/images/Normal-3643.png,Normal,Normal,1.5190375052043237e-05,0.00047868277761153877,0.9995062351226807,2.5698768113535664e-10,0.7234565615653992,,
/kaggle/input/datasets/tawsifurrahman/covid19-radiography-database/COVID-19_Radiography_Dataset/Normal/images/Normal-365.png,Normal,Normal,3.7898851587669924e-05,3.1027750083012506e-05,0.996483325958252,0.0034477070439606905,0.5655540823936462,,
/kaggle/input/datasets/tawsifurrahman/covid19-radiography-database/COVID-19_Radiography_Dataset/Normal/images/Normal-3657.png,Normal,Normal,1.116954194912978e-06,0.004542854148894548,0.9954560995101929,2.1540194072855456e-09,0.6377517580986023,0.32186657190322876,0.32186657190322876
/kaggle/input/datasets/tawsifurrahman/covid19-radiography-database/COVID-19_Radiography_Dataset/Normal/images/Normal-3659.png,Normal,Normal,7.26276048226282e-05,0.0040014805272221565,0.9959259033203125,5.976884320801901e-09,0.7009783387184143,0.2827386260032654,0.2827386260032654
/kaggle/input/datasets/tawsifurrahman/covid19-radiography-database/COVID-19_Radiography_Dataset/Normal/images/Normal-367.png,Normal,Normal,2.5811348677962087e-05,0.000231517682550475,0.9991030693054199,0.0006396091193892062,0.6523512601852417,,
/kaggle/input/datasets/tawsifurrahman/covid19-radiography-database/COVID-19_Radiography_Dataset/Normal/images/Normal-3671.png,Normal,Normal,2.2195054043550044e-06,0.0016929685370996594,0.9983043670654297,3.3528189646858664e-07,0.646575927734375,,
/kaggle/input/datasets/tawsifurrahman/covid19-radiography-database/COVID-19_Radiography_Dataset/Normal/images/Normal-3673.png,Normal,Normal,1.5503057511523366e-05,0.0009100606548599899,0.9990744590759277,2.3983803831839623e-10,0.5477392077445984,0.244618222117424,0.244618222117424
/kaggle/input/datasets/tawsifurrahman/covid19-radiography-database/COVID-19_Radiography_Dataset/Normal/images/Normal-3683.png,Normal,Normal,0.00160576356574893,0.0023187915794551373,0.9960743188858032,1.1768507874876377e-06,0.6346955299377441,0.3251986801624298,0.3251986801624298
/kaggle/input/datasets/tawsifurrahman/covid19-radiography-database/COVID-19_Radiography_Dataset/Normal/images/Normal-3684.png,Normal,Normal,2.264696604470373e-06,0.002456232439726591,0.9975415468215942,1.2992181774862388e-09,0.7206656336784363,,
/kaggle/input/datasets/tawsifurrahman/covid19-radiography-database/COVID-19_Radiography_Dataset/Normal/images/Normal-369.png,Normal,Normal,4.977728895028122e-05,8.505051664542407e-05,0.999829888343811,3.5244440368842334e-05,0.4947932958602905,,
/kaggle/input/datasets/tawsifurrahman/covid19-radiography-database/COVID-19_Radiography_Dataset/Normal/images/Normal-3701.png,Normal,Normal,1.0918383708258261e-07,0.0006876151310279965,0.9993122816085815,7.824081937890526e-10,0.6996520757675171,,
/kaggle/input/datasets/tawsifurrahman/covid19-radiography-database/COVID-19_Radiography_Dataset/Normal/images/Normal-3707.png,Normal,Normal,4.763302786159329e-05,0.01563117280602455,0.9843201637268066,1.0100216059072409e-06,0.5554026961326599,,
/kaggle/input/datasets/tawsifurrahman/covid19-radiography-database/COVID-19_Radiography_Dataset/Normal/images/Normal-3710.png,Normal,Normal,3.1485628824157175e-06,0.0015203793300315738,0.9984765648841858,8.034341525409161e-10,0.7126151323318481,,
/kaggle/input/datasets/tawsifurrahman/covid19-radiography-database/COVID-19_Radiography_Dataset/Normal/images/Normal-3719.png,Normal,Normal,0.00023720347962807864,0.0005810153088532388,0.9991818070411682,8.114179328444493e-10,0.6751508116722107,0.26660653948783875,0.26660653948783875
/kaggle/input/datasets/tawsifurrahman/covid19-radiography-database/COVID-19_Radiography_Dataset/Normal/images/Normal-3721.png,Normal,Normal,5.865842831553891e-05,0.00010645724250935018,0.9998348951339722,1.49488115028934e-12,0.7169489860534668,0.42896535992622375,0.42896535992622375
/kaggle/input/datasets/tawsifurrahman/covid19-radiography-database/COVID-19_Radiography_Dataset/Normal/images/Normal-373.png,Normal,Normal,2.203508074671845e-06,2.318402039236389e-05,0.9999746084213257,6.950388709014987e-09,0.6202817559242249,0.2934107482433319,0.2934107482433319
/kaggle/input/datasets/tawsifurrahman/covid19-radiography-database/COVID-19_Radiography_Dataset/Normal/images/Normal-3733.png,Normal,Normal,0.0019963320810347795,0.032526835799217224,0.9654723405838013,4.504489879764151e-06,0.5787113308906555,,
/kaggle/input/datasets/tawsifurrahman/covid19-radiography-database/COVID-19_Radiography_Dataset/Normal/images/Normal-3737.png,Normal,COVID,0.528142511844635,0.41483545303344727,0.05623827874660492,0.0007837831508368254,0.6941804885864258,,
/kaggle/input/datasets/tawsifurrahman/covid19-radiography-database/COVID-19_Radiography_Dataset/Normal/images/Normal-3739.png,Normal,Normal,0.00039440684486180544,0.0030676359310746193,0.9965379238128662,9.195005312712112e-10,0.6923298239707947,0.25033172965049744,0.25033172965049744
/kaggle/input/datasets/tawsifurrahman/covid19-radiography-database/COVID-19_Radiography_Dataset/Normal/images/Normal-3740.png,Normal,Normal,3.0306542612379417e-05,0.0032495760824531317,0.9967201352119446,2.3751978162067644e-08,0.6973934173583984,,
/kaggle/input/datasets/tawsifurrahman/covid19-radiography-database/COVID-19_Radiography_Dataset/Normal/images/Normal-3741.png,Normal,Normal,0.0005764130619354546,0.045017633587121964,0.9544030427932739,2.952171598735731e-06,0.6968318223953247,,
/kaggle/input/datasets/tawsifurrahman/covid19-radiography-database/COVID-19_Radiography_Dataset/Normal/images/Normal-3769.png,Normal,Normal,0.00012833348591811955,0.006354552693665028,0.9935170412063599,5.733784291805932e-08,0.7039827108383179,,
/kaggle/input/datasets/tawsifurrahman/covid19-radiography-database/COVID-19_Radiography_Dataset/Normal/images/Normal-377.png,Normal,Normal,9.238732309313491e-05,1.584383426234126e-05,0.9998897314071655,2.0697298168670386e-06,0.6394883990287781,,
/kaggle/input/datasets/tawsifurrahman/covid19-radiography-database/COVID-19_Radiography_Dataset/Normal/images/Normal-3777.png,Normal,Normal,9.814237273531035e-05,0.0048558712005615234,0.9950459003448486,1.3958536726477178e-07,0.574510395526886,0.2895442545413971,0.2895442545413971
/kaggle/input/datasets/tawsifurrahman/covid19-radiography-database/COVID-19_Radiography_Dataset/Normal/images/Normal-3779.png,Normal,Normal,1.7423983367237383e-09,0.0002137827395927161,0.9997861981391907,5.228367183640614e-10,0.6872714161872864,,
/kaggle/input/datasets/tawsifurrahman/covid19-radiography-database/COVID-19_Radiography_Dataset/Normal/images/Normal-3780.png,Normal,Normal,5.462992476168438e-07,0.012261898256838322,0.9877375364303589,1.8788755273835278e-10,0.5920069217681885,,
/kaggle/input/datasets/tawsifurrahman/covid19-radiography-database/COVID-19_Radiography_Dataset/Normal/images/Normal-3806.png,Normal,Normal,6.995971091328101e-08,0.0026768576353788376,0.9973230957984924,2.8557525788563964e-10,0.7126018404960632,0.4415602385997772,0.4415602385997772
/kaggle/input/datasets/tawsifurrahman/covid19-radiography-database/COVID-19_Radiography_Dataset/Normal/images/Normal-382.png,Normal,Normal,9.466416486247908e-06,0.00021231854043435305,0.8870460391044617,0.1127321720123291,0.4666682481765747,,
/kaggle/input/datasets/tawsifurrahman/covid19-radiography-database/COVID-19_Radiography_Dataset/Normal/images/Normal-3820.png,Normal,Normal,5.892368335480569e-06,0.00042562291491776705,0.999568521976471,1.1806576827311233e-09,0.6400756239891052,,
/kaggle/input/datasets/tawsifurrahman/covid19-radiography-database/COVID-19_Radiography_Dataset/Normal/images/Normal-3839.png,Normal,Normal,1.3075566585030174e-07,7.218883547466248e-05,0.9999276399612427,1.6440780681303835e-10,0.6681758165359497,0.4026668071746826,0.4026668071746826
/kaggle/input/datasets/tawsifurrahman/covid19-radiography-database/COVID-19_Radiography_Dataset/Normal/images/Normal-385.png,Normal,Normal,2.2375519620254636e-05,7.713722152402624e-05,0.9991441965103149,0.0007562912651337683,0.6093621850013733,0.2668444514274597,0.2668444514274597
/kaggle/input/datasets/tawsifurrahman/covid19-radiography-database/COVID-19_Radiography_Dataset/Normal/images/Normal-3866.png,Normal,Normal,2.729669176915195e-05,0.011673898436129093,0.988298773765564,2.8374497418326428e-08,0.6303549408912659,,
/kaggle/input/datasets/tawsifurrahman/covid19-radiography-database/COVID-19_Radiography_Dataset/Normal/images/Normal-3868.png,Normal,Normal,3.992923893747502e-07,0.002496944507583976,0.9975027441978455,8.304826965011003e-11,0.6468185782432556,0.4256717562675476,0.4256717562675476
/kaggle/input/datasets/tawsifurrahman/covid19-radiography-database/COVID-19_Radiography_Dataset/Normal/images/Normal-3881.png,Normal,Normal,0.23779921233654022,0.00194038194604218,0.7602603435516357,3.5012863719430243e-09,0.6215590834617615,,
/kaggle/input/datasets/tawsifurrahman/covid19-radiography-database/COVID-19_Radiography_Dataset/Normal/images/Normal-389.png,Normal,Normal,2.0440447769942693e-05,4.917823025607504e-05,0.9928802847862244,0.007050055079162121,0.5794265866279602,0.29572248458862305,0.29572248458862305
/kaggle/input/datasets/tawsifurrahman/covid19-radiography-database/COVID-19_Radiography_Dataset/Normal/images/Normal-3892.png,Normal,Normal,5.672580738469435e-10,0.0002934872463811189,0.9997064471244812,1.058359996863878e-12,0.6908845901489258,0.4021977186203003,0.4021977186203003
/kaggle/input/datasets/tawsifurrahman/covid19-radiography-database/COVID-19_Radiography_Dataset/Normal/images/Normal-3894.png,Normal,Normal,9.946687896444928e-06,0.025576436892151833,0.9744136333465576,3.2157021490064608e-09,0.7024549841880798,,
/kaggle/input/datasets/tawsifurrahman/covid19-radiography-database/COVID-19_Radiography_Dataset/Normal/images/Normal-3898.png,Normal,Normal,3.0513152523781173e-05,0.0021513786632567644,0.9978179931640625,1.8312028282618797e-10,0.6771655678749084,,
/kaggle/input/datasets/tawsifurrahman/covid19-radiography-database/COVID-19_Radiography_Dataset/Normal/images/Normal-3907.png,Normal,Normal,3.2097297662403435e-05,0.06387370824813843,0.9360935091972351,6.226135269571387e-07,0.5504392981529236,,
/kaggle/input/datasets/tawsifurrahman/covid19-radiography-database/COVID-19_Radiography_Dataset/Normal/images/Normal-3910.png,Normal,COVID,0.9999946355819702,6.452795986433557e-08,1.4041208373782865e-07,5.17563967150636e-06,0.7159473896026611,0.23220326006412506,0.23220326006412506
/kaggle/input/datasets/tawsifurrahman/covid19-radiography-database/COVID-19_Radiography_Dataset/Normal/images/Normal-3917.png,Normal,Normal,1.2146579138061497e-05,0.001648435485549271,0.9983394145965576,1.8990868877466482e-09,0.6444407105445862,,
/kaggle/input/datasets/tawsifurrahman/covid19-radiography-database/COVID-19_Radiography_Dataset/Normal/images/Normal-3943.png,Normal,Normal,0.0002545539755374193,0.002239507157355547,0.9975059628486633,1.2966870244213169e-08,0.6604117155075073,0.4351199269294739,0.4351199269294739
/kaggle/input/datasets/tawsifurrahman/covid19-radiography-database/COVID-19_Radiography_Dataset/Normal/images/Normal-3944.png,Normal,Normal,0.0037442047614604235,0.003023537341505289,0.993232250213623,7.143291735900448e-09,0.7302098870277405,,
/kaggle/input/datasets/tawsifurrahman/covid19-radiography-database/COVID-19_Radiography_Dataset/Normal/images/Normal-3945.png,Normal,Normal,0.0014931546756997705,0.00025697454111650586,0.9982499480247498,1.5773741202096403e-09,0.5886179208755493,,
/kaggle/input/datasets/tawsifurrahman/covid19-radiography-database/COVID-19_Radiography_Dataset/Normal/images/Normal-3946.png,Normal,Normal,9.854053359958925e-07,0.0016238379757851362,0.9983751773834229,7.559068648799183e-11,0.6652907729148865,,
/kaggle/input/datasets/tawsifurrahman/covid19-radiography-database/COVID-19_Radiography_Dataset/Normal/images/Normal-3949.png,Normal,Normal,1.765728452340909e-09,0.000458895432529971,0.999541163444519,9.8446337887248e-12,0.7297678589820862,0.3692413568496704,0.3692413568496704
/kaggle/input/datasets/tawsifurrahman/covid19-radiography-database/COVID-19_Radiography_Dataset/Normal/images/Normal-3951.png,Normal,Normal,1.1446932148828637e-05,0.0001679969282122329,0.9998205304145813,1.1749490269608032e-10,0.6897605657577515,,
/kaggle/input/datasets/tawsifurrahman/covid19-radiography-database/COVID-19_Radiography_Dataset/Normal/images/Normal-3971.png,Normal,Normal,1.110853418140323e-06,0.0001757993595674634,0.9998231530189514,7.445642952012832e-13,0.7047853469848633,,
/kaggle/input/datasets/tawsifurrahman/covid19-radiography-database/COVID-19_Radiography_Dataset/Normal/images/Normal-3975.png,Normal,Normal,1.0751766144068142e-09,7.561009260825813e-05,0.9999244213104248,2.620463221414404e-11,0.6850264668464661,,
/kaggle/input/datasets/tawsifurrahman/covid19-radiography-database/COVID-19_Radiography_Dataset/Normal/images/Normal-3981.png,Normal,Normal,0.00012209477426949888,0.005577283911406994,0.9943006038665771,1.7186606304786523e-10,0.6925720572471619,0.2528173625469208,0.2528173625469208
/kaggle/input/datasets/tawsifurrahman/covid19-radiography-database/COVID-19_Radiography_Dataset/Normal/images/Normal-3994.png,Normal,Normal,1.0010609940991344e-07,0.0007913534645922482,0.9992085099220276,6.803825081461157e-13,0.6897779107093811,,
/kaggle/input/datasets/tawsifurrahman/covid19-radiography-database/COVID-19_Radiography_Dataset/Normal/images/Normal-3997.png,Normal,Normal,4.5989668961965435e-08,0.00033870551851578057,0.9996613264083862,1.7574187938240726e-10,0.6353057622909546,,
/kaggle/input/datasets/tawsifurrahman/covid19-radiography-database/COVID-19_Radiography_Dataset/Normal/images/Normal-40.png,Normal,Normal,0.0026204250752925873,0.00044270206126384437,0.9969369173049927,5.191784224756191e-10,0.6563428640365601,,
/kaggle/input/datasets/tawsifurrahman/covid19-radiography-database/COVID-19_Radiography_Dataset/Normal/images/Normal-4004.png,Normal,Normal,5.740455577551984e-08,0.0015330067835748196,0.9984669089317322,9.323745248090987e-11,0.6563189625740051,,
/kaggle/input/datasets/tawsifurrahman/covid19-radiography-database/COVID-19_Radiography_Dataset/Normal/images/Normal-4006.png,Normal,Normal,0.015956437215209007,0.054134026169776917,0.929896891117096,1.267643801838858e-05,0.6507085561752319,,
/kaggle/input/datasets/tawsifurrahman/covid19-radiography-database/COVID-19_Radiography_Dataset/Normal/images/Normal-4007.png,Normal,Normal,4.597795123117976e-05,0.001602624892257154,0.9983514547348022,7.760905806897256e-11,0.7220765352249146,0.39116552472114563,0.39116552472114563
/kaggle/input/datasets/tawsifurrahman/covid19-radiography-database/COVID-19_Radiography_Dataset/Normal/images/Normal-403.png,Normal,Normal,4.130100023758132e-06,8.141448779497296e-05,0.9994691014289856,0.00044536517816595733,0.5457847118377686,0.17833712697029114,0.17833712697029114
/kaggle/input/datasets/tawsifurrahman/covid19-radiography-database/COVID-19_Radiography_Dataset/Normal/images/Normal-4047.png,Normal,Normal,2.4487038899678737e-05,0.0024477641563862562,0.9975274205207825,3.587339563182468e-07,0.6880856156349182,,
/kaggle/input/datasets/tawsifurrahman/covid19-radiography-database/COVID-19_Radiography_Dataset/Normal/images/Normal-4059.png,Normal,Normal,5.760900876339292e-07,0.0010425124783068895,0.9989569187164307,3.0434366832254867e-11,0.643426239490509,,
/kaggle/input/datasets/tawsifurrahman/covid19-radiography-database/COVID-19_Radiography_Dataset/Normal/images/Normal-4069.png,Normal,Normal,8.42509834910743e-05,0.08419520407915115,0.915719211101532,1.3109366818753188e-06,0.6604166030883789,,
/kaggle/input/datasets/tawsifurrahman/covid19-radiography-database/COVID-19_Radiography_Dataset/Normal/images/Normal-4076.png,Normal,Normal,0.00032681593438610435,0.00010879967885557562,0.9995643496513367,9.75525389634857e-12,0.7187770009040833,0.41714245080947876,0.41714245080947876
/kaggle/input/datasets/tawsifurrahman/covid19-radiography-database/COVID-19_Radiography_Dataset/Normal/images/Normal-4077.png,Normal,Normal,0.07601749151945114,0.04104785993695259,0.8829324841499329,2.1769956219941378e-06,0.6899932026863098,0.336582750082016,0.336582750082016
/kaggle/input/datasets/tawsifurrahman/covid19-radiography-database/COVID-19_Radiography_Dataset/Normal/images/Normal-4078.png,Normal,Normal,2.576644874352496e-06,0.0007793002296239138,0.9992181062698364,2.9259554848448666e-12,0.6669692397117615,,
/kaggle/input/datasets/tawsifurrahman/covid19-radiography-database/COVID-19_Radiography_Dataset/Normal/images/Normal-4084.png,Normal,Normal,5.538870027521625e-06,0.0013365192571654916,0.9986578226089478,5.5020619171841645e-09,0.6345110535621643,0.3125912547111511,0.3125912547111511
/kaggle/input/datasets/tawsifurrahman/covid19-radiography-database/COVID-19_Radiography_Dataset/Normal/images/Normal-4093.png,Normal,Normal,0.0007815711433067918,0.005112743470817804,0.9941055774688721,1.492543191261575e-07,0.634508490562439,,
/kaggle/input/datasets/tawsifurrahman/covid19-radiography-database/COVID-19_Radiography_Dataset/Normal/images/Normal-4101.png,Normal,Normal,6.0856695199618116e-05,0.005560882389545441,0.9943782687187195,1.803974525316221e-09,0.6470693945884705,,
/kaggle/input/datasets/tawsifurrahman/covid19-radiography-database/COVID-19_Radiography_Dataset/Normal/images/Normal-4104.png,Normal,Normal,5.137881657901744e-07,0.0025406857021152973,0.9974588751792908,1.638425928263132e-08,0.6207005381584167,,
/kaggle/input/datasets/tawsifurrahman/covid19-radiography-database/COVID-19_Radiography_Dataset/Normal/images/Normal-411.png,Normal,Normal,2.023227534664329e-05,3.807253278864664e-06,0.9999750852584839,7.904073413556034e-07,0.6007402539253235,,
/kaggle/input/datasets/tawsifurrahman/covid19-radiography-database/COVID-19_Radiography_Dataset/Normal/images/Normal-4112.png,Normal,Normal,0.0016448640963062644,0.03465970978140831,0.9636952877044678,1.558102695753405e-07,0.6503313183784485,0.23137688636779785,0.23137688636779785
/kaggle/input/datasets/tawsifurrahman/covid19-radiography-database/COVID-19_Radiography_Dataset/Normal/images/Normal-4118.png,Normal,Normal,4.573236651594925e-07,9.377634705742821e-05,0.9999057054519653,1.3872497768574465e-11,0.616990327835083,,
/kaggle/input/datasets/tawsifurrahman/covid19-radiography-database/COVID-19_Radiography_Dataset/Normal/images/Normal-4119.png,Normal,Normal,1.8414877558825538e-05,0.01082890946418047,0.9891526699066162,3.40862271741571e-08,0.7013784646987915,,
/kaggle/input/datasets/tawsifurrahman/covid19-radiography-database/COVID-19_Radiography_Dataset/Normal/images/Normal-4121.png,Normal,Normal,1.6370372577512171e-06,0.0027051037177443504,0.9972931742668152,8.919200378265657e-10,0.7077521085739136,,
/kaggle/input/datasets/tawsifurrahman/covid19-radiography-database/COVID-19_Radiography_Dataset/Normal/images/Normal-4124.png,Normal,Normal,2.0774596123374067e-06,0.0070688119158148766,0.9929290413856506,1.1167050617544305e-09,0.6597847938537598,,
/kaggle/input/datasets/tawsifurrahman/covid19-radiography-database/COVID-19_Radiography_Dataset/Normal/images/Normal-4128.png,Normal,Normal,1.9425763753133651e-07,0.005142097361385822,0.994857668876648,7.30612029209432e-11,0.693761944770813,,
/kaggle/input/datasets/tawsifurrahman/covid19-radiography-database/COVID-19_Radiography_Dataset/Normal/images/Normal-4133.png,Normal,Normal,8.090609071587096e-09,0.012907871045172215,0.9870920181274414,6.048469458619365e-08,0.6736053824424744,0.22399938106536865,0.22399938106536865
/kaggle/input/datasets/tawsifurrahman/covid19-radiography-database/COVID-19_Radiography_Dataset/Normal/images/Normal-4134.png,Normal,Normal,4.368150428035733e-07,0.00020658796711359173,0.9997929930686951,1.2532910265150576e-09,0.666466236114502,,
/kaggle/input/datasets/tawsifurrahman/covid19-radiography-database/COVID-19_Radiography_Dataset/Normal/images/Normal-4136.png,Normal,Normal,0.00022421314497478306,0.0008703481289558113,0.9989054203033447,3.632510470197303e-08,0.6695879697799683,,
/kaggle/input/datasets/tawsifurrahman/covid19-radiography-database/COVID-19_Radiography_Dataset/Normal/images/Normal-4137.png,Normal,Normal,1.0314731468952232e-07,0.008342823944985867,0.991657018661499,3.4026426121158693e-09,0.6154582500457764,,
/kaggle/input/datasets/tawsifurrahman/covid19-radiography-database/COVID-19_Radiography_Dataset/Normal/images/Normal-4144.png,Normal,Normal,0.005078079178929329,0.0002246815274702385,0.9946972131729126,6.549160103119789e-10,0.6707025766372681,0.32553350925445557,0.32553350925445557
/kaggle/input/datasets/tawsifurrahman/covid19-radiography-database/COVID-19_Radiography_Dataset/Normal/images/Normal-415.png,Normal,Normal,3.052641113754362e-05,6.481858872575685e-05,0.9999016523361206,3.0341916499310173e-06,0.5936541557312012,,
/kaggle/input/datasets/tawsifurrahman/covid19-radiography-database/COVID-19_Radiography_Dataset/Normal/images/Normal-4163.png,Normal,Normal,1.7602379784875666e-06,0.0007900166674517095,0.9992082715034485,8.44095371377307e-09,0.6317805647850037,,
/kaggle/input/datasets/tawsifurrahman/covid19-radiography-database/COVID-19_Radiography_Dataset/Normal/images/Normal-4165.png,Normal,Normal,0.00024024344747886062,0.003718448569998145,0.9960412979125977,1.123631299115857e-09,0.725700855255127,,
/kaggle/input/datasets/tawsifurrahman/covid19-radiography-database/COVID-19_Radiography_Dataset/Normal/images/Normal-4171.png,Normal,Normal,1.1541106687218416e-05,0.00046979347825981677,0.999518632888794,9.422108648848848e-10,0.6919482350349426,0.2624472975730896,0.2624472975730896
/kaggle/input/datasets/tawsifurrahman/covid19-radiography-database/COVID-19_Radiography_Dataset/Normal/images/Normal-4176.png,Normal,Normal,0.002460652496665716,0.131837397813797,0.8657017350196838,1.6730614049720316e-07,0.7340293526649475,0.32789382338523865,0.32789382338523865
/kaggle/input/datasets/tawsifurrahman/covid19-radiography-database/COVID-19_Radiography_Dataset/Normal/images/Normal-4180.png,Normal,Normal,5.316127840160334e-07,0.01963570900261402,0.9803637862205505,1.2443109043136502e-10,0.689304530620575,,
/kaggle/input/datasets/tawsifurrahman/covid19-radiography-database/COVID-19_Radiography_Dataset/Normal/images/Normal-4192.png,Normal,Normal,3.569796172087081e-05,8.019114466151223e-05,0.9998841285705566,2.992223135933614e-11,0.6656427979469299,0.3667006194591522,0.3667006194591522
/kaggle/input/datasets/tawsifurrahman/covid19-radiography-database/COVID-19_Radiography_Dataset/Normal/images/Normal-4198.png,Normal,Normal,2.1843619890660193e-07,0.00040676139178685844,0.9995929598808289,2.2381689557260387e-10,0.6701648235321045,,
/kaggle/input/datasets/tawsifurrahman/covid19-radiography-database/COVID-19_Radiography_Dataset/Normal/images/Normal-420.png,Normal,Normal,2.411884679531795e-06,7.444180664606392e-05,0.9948295950889587,0.005093633662909269,0.5605832934379578,,
/kaggle/input/datasets/tawsifurrahman/covid19-radiography-database/COVID-19_Radiography_Dataset/Normal/images/Normal-4208.png,Normal,Normal,0.0008437596843577921,0.0005881443503312767,0.998568058013916,5.577456829719551e-10,0.6817482113838196,,
/kaggle/input/datasets/tawsifurrahman/covid19-radiography-database/COVID-19_Radiography_Dataset/Normal/images/Normal-4213.png,Normal,Lung_Opacity,0.0030413067433983088,0.6751714944839478,0.3132096827030182,0.008577561937272549,0.31602033972740173,,
/kaggle/input/datasets/tawsifurrahman/covid19-radiography-database/COVID-19_Radiography_Dataset/Normal/images/Normal-4214.png,Normal,Normal,0.0026026139967143536,0.045100606977939606,0.9522964358329773,3.1251687460098765e-07,0.6013862490653992,0.40496745705604553,0.40496745705604553
/kaggle/input/datasets/tawsifurrahman/covid19-radiography-database/COVID-19_Radiography_Dataset/Normal/images/Normal-4218.png,Normal,Normal,4.088621790288016e-05,0.4082576036453247,0.5917010307312012,4.849828201258788e-07,0.6187766194343567,,
/kaggle/input/datasets/tawsifurrahman/covid19-radiography-database/COVID-19_Radiography_Dataset/Normal/images/Normal-422.png,Normal,Normal,1.6971307559288107e-05,2.7290712750982493e-05,0.9946067929267883,0.005348988343030214,0.5821371674537659,0.2944939136505127,0.2944939136505127
/kaggle/input/datasets/tawsifurrahman/covid19-radiography-database/COVID-19_Radiography_Dataset/Normal/images/Normal-4220.png,Normal,Normal,9.377177048008889e-05,0.006040487438440323,0.9938657879829407,6.149918768683094e-11,0.6468109488487244,0.2638484239578247,0.2638484239578247
/kaggle/input/datasets/tawsifurrahman/covid19-radiography-database/COVID-19_Radiography_Dataset/Normal/images/Normal-4231.png,Normal,Normal,3.4799541026586667e-07,0.005500584375113249,0.9944990873336792,8.868868417444276e-10,0.6389765739440918,0.30734339356422424,0.30734339356422424
/kaggle/input/datasets/tawsifurrahman/covid19-radiography-database/COVID-19_Radiography_Dataset/Normal/images/Normal-4251.png,Normal,Normal,1.02708028748566e-07,0.000204172742087394,0.9997957348823547,2.244355049030311e-11,0.7002842426300049,0.348423033952713,0.348423033952713
/kaggle/input/datasets/tawsifurrahman/covid19-radiography-database/COVID-19_Radiography_Dataset/Normal/images/Normal-4254.png,Normal,Normal,3.84010434117954e-07,0.0008431026362814009,0.9991565942764282,1.4188379637847248e-10,0.6196776628494263,0.42707371711730957,0.42707371711730957
/kaggle/input/datasets/tawsifurrahman/covid19-radiography-database/COVID-19_Radiography_Dataset/Normal/images/Normal-4259.png,Normal,Normal,5.667117511620745e-05,0.030823437497019768,0.969119668006897,1.0281439699610928e-07,0.6584809422492981,,
/kaggle/input/datasets/tawsifurrahman/covid19-radiography-database/COVID-19_Radiography_Dataset/Normal/images/Normal-426.png,Normal,Normal,9.664373646955937e-05,3.261087113060057e-05,0.9997263550758362,0.00014432650641538203,0.6008232235908508,,
/kaggle/input/datasets/tawsifurrahman/covid19-radiography-database/COVID-19_Radiography_Dataset/Normal/images/Normal-4262.png,Normal,Normal,7.038689204819093e-07,0.0010383607586845756,0.9989609718322754,1.72066680348415e-10,0.6108599305152893,,
/kaggle/input/datasets/tawsifurrahman/covid19-radiography-database/COVID-19_Radiography_Dataset/Normal/images/Normal-4265.png,Normal,Normal,0.0003291246830485761,0.00021482069860212505,0.9994561076164246,2.9812881330304464e-11,0.6602325439453125,0.3605814278125763,0.3605814278125763
/kaggle/input/datasets/tawsifurrahman/covid19-radiography-database/COVID-19_Radiography_Dataset/Normal/images/Normal-4266.png,Normal,Normal,1.7710680140226032e-06,0.00032704169279895723,0.999671220779419,3.304805762383012e-09,0.6866425275802612,0.410380482673645,0.410380482673645
/kaggle/input/datasets/tawsifurrahman/covid19-radiography-database/COVID-19_Radiography_Dataset/Normal/images/Normal-4282.png,Normal,Normal,3.0799283194937743e-06,0.0015226438408717513,0.9984742999076843,8.030029419181517e-11,0.7059939503669739,,
/kaggle/input/datasets/tawsifurrahman/covid19-radiography-database/COVID-19_Radiography_Dataset/Normal/images/Normal-4286.png,Normal,Normal,0.00011165196337969974,0.057206299155950546,0.9426819682121277,6.166997223999715e-08,0.6369442343711853,,
/kaggle/input/datasets/tawsifurrahman/covid19-radiography-database/COVID-19_Radiography_Dataset/Normal/images/Normal-429.png,Normal,Normal,0.00020901560492347926,4.400022589834407e-05,0.9991306662559509,0.0006162921199575067,0.6305840611457825,,
/kaggle/input/datasets/tawsifurrahman/covid19-radiography-database/COVID-19_Radiography_Dataset/Normal/images/Normal-4290.png,Normal,Normal,9.183837619275437e-07,0.0008526422316208482,0.9991463422775269,2.8354230421911986e-11,0.6983624696731567,,
/kaggle/input/datasets/tawsifurrahman/covid19-radiography-database/COVID-19_Radiography_Dataset/Normal/images/Normal-4293.png,Normal,Normal,1.7445051980757853e-06,0.00028305695741437376,0.9997151494026184,4.410305454172203e-10,0.6966878771781921,0.3097764849662781,0.3097764849662781
/kaggle/input/datasets/tawsifurrahman/covid19-radiography-database/COVID-19_Radiography_Dataset/Normal/images/Normal-4298.png,Normal,Normal,5.422979666036554e-05,0.0011869012378156185,0.9987589120864868,8.765892456352731e-10,0.6249639391899109,,
/kaggle/input/datasets/tawsifurrahman/covid19-radiography-database/COVID-19_Radiography_Dataset/Normal/images/Normal-4300.png,Normal,Normal,1.5698699229460544e-08,0.00032953231129795313,0.9996705055236816,2.295240907057572e-11,0.6966695189476013,,
/kaggle/input/datasets/tawsifurrahman/covid19-radiography-database/COVID-19_Radiography_Dataset/Normal/images/Normal-431.png,Normal,Normal,6.748278974555433e-05,6.91210589138791e-05,0.993713915348053,0.006149490363895893,0.656114935874939,0.2825349271297455,0.2825349271297455
/kaggle/input/datasets/tawsifurrahman/covid19-radiography-database/COVID-19_Radiography_Dataset/Normal/images/Normal-4316.png,Normal,Normal,5.679410151060438e-07,0.00010798068979056552,0.9998914003372192,3.78828635128059e-10,0.716845691204071,,
/kaggle/input/datasets/tawsifurrahman/covid19-radiography-database/COVID-19_Radiography_Dataset/Normal/images/Normal-4321.png,Normal,Normal,0.00010231458873022348,0.00731871509924531,0.9925659894943237,1.2915243132738397e-05,0.59542316198349,,
/kaggle/input/datasets/tawsifurrahman/covid19-radiography-database/COVID-19_Radiography_Dataset/Normal/images/Normal-4324.png,Normal,Normal,1.733337740006391e-05,0.007189489435404539,0.9927932024002075,4.164533162764883e-09,0.6518473625183105,,
/kaggle/input/datasets/tawsifurrahman/covid19-radiography-database/COVID-19_Radiography_Dataset/Normal/images/Normal-4334.png,Normal,Normal,4.201484671284561e-07,0.059182778000831604,0.9408167600631714,3.0820981877788256e-10,0.6718587875366211,,
/kaggle/input/datasets/tawsifurrahman/covid19-radiography-database/COVID-19_Radiography_Dataset/Normal/images/Normal-4335.png,Normal,Normal,0.0002086292952299118,0.004095361568033695,0.995695948600769,6.225084447919471e-09,0.7183279395103455,0.3131394386291504,0.3131394386291504
/kaggle/input/datasets/tawsifurrahman/covid19-radiography-database/COVID-19_Radiography_Dataset/Normal/images/Normal-4343.png,Normal,Normal,2.4644501536386088e-05,0.0011901697143912315,0.9987851977348328,1.3519482200408106e-09,0.62668776512146,,
/kaggle/input/datasets/tawsifurrahman/covid19-radiography-database/COVID-19_Radiography_Dataset/Normal/images/Normal-4356.png,Normal,Normal,5.662478201884369e-07,0.0005663205520249903,0.9994331002235413,4.8232724481067635e-09,0.7168732285499573,,
/kaggle/input/datasets/tawsifurrahman/covid19-radiography-database/COVID-19_Radiography_Dataset/Normal/images/Normal-4360.png,Normal,Normal,3.294154339528177e-06,6.293056503636762e-05,0.9999337196350098,1.1129577259794132e-09,0.754148542881012,,
/kaggle/input/datasets/tawsifurrahman/covid19-radiography-database/COVID-19_Radiography_Dataset/Normal/images/Normal-4369.png,Normal,Normal,4.497006011661142e-05,0.0011642263270914555,0.9987908005714417,3.5493722544410744e-11,0.6633580327033997,,
/kaggle/input/datasets/tawsifurrahman/covid19-radiography-database/COVID-19_Radiography_Dataset/Normal/images/Normal-4370.png,Normal,Normal,0.0011354951420798898,0.052248649299144745,0.9466148018836975,1.0867707942452398e-06,0.6457449793815613,,
/kaggle/input/datasets/tawsifurrahman/covid19-radiography-database/COVID-19_Radiography_Dataset/Normal/images/Normal-4386.png,Normal,Normal,8.164377504726872e-05,0.001126533723436296,0.9987916350364685,2.1141924833045778e-07,0.5636301636695862,,
/kaggle/input/datasets/tawsifurrahman/covid19-radiography-database/COVID-19_Radiography_Dataset/Normal/images/Normal-439.png,Normal,Normal,0.0004430181870702654,1.9338636775501072e-05,0.9994673132896423,7.03766563674435e-05,0.5893581509590149,,
/kaggle/input/datasets/tawsifurrahman/covid19-radiography-database/COVID-19_Radiography_Dataset/Normal/images/Normal-4396.png,Normal,Normal,4.085793989361264e-06,0.004080051090568304,0.995915949344635,8.048893218592923e-10,0.6447311639785767,0.3484219014644623,0.3484219014644623
/kaggle/input/datasets/tawsifurrahman/covid19-radiography-database/COVID-19_Radiography_Dataset/Normal/images/Normal-4414.png,Normal,Normal,1.8201108105131425e-05,0.0006394938682205975,0.9993422627449036,4.093974048657856e-10,0.7164497971534729,,
/kaggle/input/datasets/tawsifurrahman/covid19-radiography-database/COVID-19_Radiography_Dataset/Normal/images/Normal-4425.png,Normal,Normal,7.395833279133512e-09,0.003936456050723791,0.9960635304450989,3.3081185013550396e-10,0.6813443303108215,,
/kaggle/input/datasets/tawsifurrahman/covid19-radiography-database/COVID-19_Radiography_Dataset/Normal/images/Normal-4426.png,Normal,Normal,1.4919120161493993e-08,0.00048430863535031676,0.9995156526565552,1.0230956706824834e-11,0.6643112301826477,0.29217401146888733,0.29217401146888733
/kaggle/input/datasets/tawsifurrahman/covid19-radiography-database/COVID-19_Radiography_Dataset/Normal/images/Normal-4428.png,Normal,Normal,8.503037861373741e-06,0.001103017246350646,0.9988885521888733,4.0870135054049683e-10,0.6144437789916992,0.35174763202667236,0.35174763202667236
/kaggle/input/datasets/tawsifurrahman/covid19-radiography-database/COVID-19_Radiography_Dataset/Normal/images/Normal-4436.png,Normal,Normal,1.5066785152839657e-08,4.992528920411132e-05,0.9999500513076782,8.150291422662215e-13,0.6590402126312256,0.3906022012233734,0.3906022012233734
/kaggle/input/datasets/tawsifurrahman/covid19-radiography-database/COVID-19_Radiography_Dataset/Normal/images/Normal-444.png,Normal,Normal,5.741748464060947e-05,0.00014598666166421026,0.997468113899231,0.002328435890376568,0.6206836700439453,,
/kaggle/input/datasets/tawsifurrahman/covid19-radiography-database/COVID-19_Radiography_Dataset/Normal/images/Normal-4446.png,Normal,Normal,8.628092473372817e-06,0.0011522071436047554,0.9988391995429993,1.1313379122412925e-09,0.6757311224937439,,
/kaggle/input/datasets/tawsifurrahman/covid19-radiography-database/COVID-19_Radiography_Dataset/Normal/images/Normal-445.png,Normal,Normal,1.1263819942541886e-05,0.00012320549285504967,0.9997859597206116,7.94763836893253e-05,0.6231158971786499,0.2362009882926941,0.2362009882926941
/kaggle/input/datasets/tawsifurrahman/covid19-radiography-database/COVID-19_Radiography_Dataset/Normal/images/Normal-4452.png,Normal,Normal,2.358565751592323e-07,0.0032718945294618607,0.9967278242111206,9.069064943467708e-12,0.7066527009010315,,
/kaggle/input/datasets/tawsifurrahman/covid19-radiography-database/COVID-19_Radiography_Dataset/Normal/images/Normal-4473.png,Normal,Normal,6.03921762376558e-06,0.018013576045632362,0.9819803237915039,8.916608784659275e-09,0.5199957489967346,,
/kaggle/input/datasets/tawsifurrahman/covid19-radiography-database/COVID-19_Radiography_Dataset/Normal/images/Normal-448.png,Normal,Normal,2.5215678761014715e-05,3.461740561760962e-05,0.9997945427894592,0.00014561940042767674,0.5582622289657593,,
/kaggle/input/datasets/tawsifurrahman/covid19-radiography-database/COVID-19_Radiography_Dataset/Normal/images/Normal-4493.png,Normal,Normal,3.929336855890142e-07,0.009209241718053818,0.9907903671264648,1.405365157580718e-09,0.6397498846054077,,
/kaggle/input/datasets/tawsifurrahman/covid19-radiography-database/COVID-19_Radiography_Dataset/Normal/images/Normal-4495.png,Normal,Normal,5.338201276572363e-07,0.0008384566754102707,0.9991611242294312,2.1862946175676967e-10,0.6723495721817017,,
/kaggle/input/datasets/tawsifurrahman/covid19-radiography-database/COVID-19_Radiography_Dataset/Normal/images/Normal-4498.png,Normal,Normal,0.0011171934893354774,0.007011158391833305,0.99187171459198,6.378781058913319e-09,0.6491341590881348,0.32581159472465515,0.32581159472465515
/kaggle/input/datasets/tawsifurrahman/covid19-radiography-database/COVID-19_Radiography_Dataset/Normal/images/Normal-4504.png,Normal,Normal,0.007088565267622471,0.0040320707485079765,0.9888793230056763,1.3697387668543115e-09,0.7214106321334839,,
/kaggle/input/datasets/tawsifurrahman/covid19-radiography-database/COVID-19_Radiography_Dataset/Normal/images/Normal-4508.png,Normal,Normal,0.003164384514093399,0.010110262781381607,0.9867247343063354,5.94077334881149e-07,0.688231348991394,0.5437080264091492,0.5437080264091492
/kaggle/input/datasets/tawsifurrahman/covid19-radiography-database/COVID-19_Radiography_Dataset/Normal/images/Normal-4528.png,Normal,Normal,3.453569163980319e-08,1.33644189190818e-05,0.9999866485595703,8.401805354143078e-15,0.725968062877655,,
/kaggle/input/datasets/tawsifurrahman/covid19-radiography-database/COVID-19_Radiography_Dataset/Normal/images/Normal-4531.png,Normal,Normal,3.702884043832455e-07,6.441405275836587e-05,0.9999352693557739,1.9362269565448287e-09,0.6829631328582764,,
/kaggle/input/datasets/tawsifurrahman/covid19-radiography-database/COVID-19_Radiography_Dataset/Normal/images/Normal-4533.png,Normal,Normal,3.6442482365117712e-09,0.0028693750500679016,0.9971306920051575,2.3265516180259738e-09,0.6307138800621033,,
/kaggle/input/datasets/tawsifurrahman/covid19-radiography-database/COVID-19_Radiography_Dataset/Normal/images/Normal-4534.png,Normal,Normal,1.503489966125926e-05,0.0002133681991836056,0.9997716546058655,8.22183654491937e-10,0.676962673664093,,
/kaggle/input/datasets/tawsifurrahman/covid19-radiography-database/COVID-19_Radiography_Dataset/Normal/images/Normal-4535.png,Normal,Normal,3.551330109985429e-07,0.003855189774185419,0.9961444139480591,2.486346128982575e-10,0.6468132734298706,0.3648355305194855,0.3648355305194855
/kaggle/input/datasets/tawsifurrahman/covid19-radiography-database/COVID-19_Radiography_Dataset/Normal/images/Normal-4547.png,Normal,Normal,1.863705278992711e-08,0.0016478238394483924,0.9983521699905396,2.3650036790057172e-11,0.6859820485115051,0.35096338391304016,0.35096338391304016
/kaggle/input/datasets/tawsifurrahman/covid19-radiography-database/COVID-19_Radiography_Dataset/Normal/images/Normal-4560.png,Normal,Normal,0.00014645337068941444,0.21476973593235016,0.7850261926651001,5.7565888710087165e-05,0.648901641368866,,
/kaggle/input/datasets/tawsifurrahman/covid19-radiography-database/COVID-19_Radiography_Dataset/Normal/images/Normal-4565.png,Normal,Normal,1.489877998750444e-08,0.03571397066116333,0.9642854928970337,5.197946393309394e-07,0.6931725740432739,,
/kaggle/input/datasets/tawsifurrahman/covid19-radiography-database/COVID-19_Radiography_Dataset/Normal/images/Normal-4571.png,Normal,Normal,0.0008135423995554447,0.06370168924331665,0.9354841709136963,6.701465622427349e-07,0.6260966658592224,,
/kaggle/input/datasets/tawsifurrahman/covid19-radiography-database/COVID-19_Radiography_Dataset/Normal/images/Normal-4587.png,Normal,Normal,1.897403762995964e-07,0.022940710186958313,0.9770590662956238,4.621171778573796e-10,0.6483641266822815,,
/kaggle/input/datasets/tawsifurrahman/covid19-radiography-database/COVID-19_Radiography_Dataset/Normal/images/Normal-4588.png,Normal,Normal,0.0002148385246982798,0.08008294552564621,0.9196995496749878,2.6259131118422374e-06,0.7160708904266357,,
/kaggle/input/datasets/tawsifurrahman/covid19-radiography-database/COVID-19_Radiography_Dataset/Normal/images/Normal-4589.png,Normal,Normal,0.0005579355056397617,0.022029174491763115,0.9774128794670105,6.686831088842382e-09,0.6675168871879578,0.3699445128440857,0.3699445128440857
/kaggle/input/datasets/tawsifurrahman/covid19-radiography-database/COVID-19_Radiography_Dataset/Normal/images/Normal-459.png,Normal,Normal,8.091042400337756e-05,0.00011303302744636312,0.9991544485092163,0.0006516127614304423,0.5522534251213074,0.3113970160484314,0.3113970160484314
/kaggle/input/datasets/tawsifurrahman/covid19-radiography-database/COVID-19_Radiography_Dataset/Normal/images/Normal-4590.png,Normal,Normal,4.130228958842963e-08,0.0034652422182261944,0.9965347051620483,2.363380324776898e-10,0.6662408113479614,0.32809925079345703,0.32809925079345703
/kaggle/input/datasets/tawsifurrahman/covid19-radiography-database/COVID-19_Radiography_Dataset/Normal/images/Normal-4591.png,Normal,Normal,4.2707557668109075e-07,0.004093119874596596,0.9959063529968262,4.002751019527295e-09,0.679011881351471,,
/kaggle/input/datasets/tawsifurrahman/covid19-radiography-database/COVID-19_Radiography_Dataset/Normal/images/Normal-4597.png,Normal,Normal,0.12106426805257797,0.005012775305658579,0.8739210367202759,1.9128860913042445e-06,0.619743287563324,,
/kaggle/input/datasets/tawsifurrahman/covid19-radiography-database/COVID-19_Radiography_Dataset/Normal/images/Normal-4604.png,Normal,Normal,7.061746146064252e-05,0.004467660561203957,0.9953959584236145,6.577295425813645e-05,0.5041335225105286,,
/kaggle/input/datasets/tawsifurrahman/covid19-radiography-database/COVID-19_Radiography_Dataset/Normal/images/Normal-4613.png,Normal,Normal,1.308246169173799e-06,0.008472353219985962,0.9915259480476379,4.5151887206884567e-07,0.6884492039680481,,
/kaggle/input/datasets/tawsifurrahman/covid19-radiography-database/COVID-19_Radiography_Dataset/Normal/images/Normal-4618.png,Normal,Normal,7.40084715289413e-07,0.0003943638294003904,0.9996050000190735,1.232607210743808e-10,0.7029551267623901,,
/kaggle/input/datasets/tawsifurrahman/covid19-radiography-database/COVID-19_Radiography_Dataset/Normal/images/Normal-4621.png,Normal,Normal,1.6304917153320275e-05,0.0006432403461076319,0.9993404746055603,4.992459778918601e-09,0.6277987360954285,,
/kaggle/input/datasets/tawsifurrahman/covid19-radiography-database/COVID-19_Radiography_Dataset/Normal/images/Normal-463.png,Normal,Normal,0.00012264838733244687,0.00014280709729064256,0.982177734375,0.017556820064783096,0.5492780804634094,0.2377621829509735,0.2377621829509735
/kaggle/input/datasets/tawsifurrahman/covid19-radiography-database/COVID-19_Radiography_Dataset/Normal/images/Normal-4633.png,Normal,Normal,1.2919293794766418e-06,0.0029134913347661495,0.9970851540565491,1.2316160535874587e-08,0.5896193385124207,,
/kaggle/input/datasets/tawsifurrahman/covid19-radiography-database/COVID-19_Radiography_Dataset/Normal/images/Normal-4640.png,Normal,Normal,3.2460320653626695e-07,0.00020360136113595217,0.9997960925102234,9.11268491221584e-11,0.6293692588806152,0.3690001964569092,0.3690001964569092
/kaggle/input/datasets/tawsifurrahman/covid19-radiography-database/COVID-19_Radiography_Dataset/Normal/images/Normal-4643.png,Normal,Normal,0.00013199314707890153,0.19812753796577454,0.8017404079437256,8.393263328798639e-08,0.6764416694641113,,
/kaggle/input/datasets/tawsifurrahman/covid19-radiography-database/COVID-19_Radiography_Dataset/Normal/images/Normal-4660.png,Normal,Normal,7.869595719967037e-06,0.011754213832318783,0.9882379174232483,1.1581578363006884e-08,0.6431999206542969,0.3165741562843323,0.3165741562843323
/kaggle/input/datasets/tawsifurrahman/covid19-radiography-database/COVID-19_Radiography_Dataset/Normal/images/Normal-4662.png,Normal,Normal,1.1330410416121595e-05,0.00396681996062398,0.9960219264030457,8.87669493465637e-09,0.6849378943443298,,
/kaggle/input/datasets/tawsifurrahman/covid19-radiography-database/COVID-19_Radiography_Dataset/Normal/images/Normal-4667.png,Normal,Lung_Opacity,4.802147486770991e-06,0.8428277373313904,0.15716341137886047,4.066599558427697e-06,0.5976313352584839,,
/kaggle/input/datasets/tawsifurrahman/covid19-radiography-database/COVID-19_Radiography_Dataset/Normal/images/Normal-4672.png,Normal,Normal,1.1153896473103941e-08,0.0019219649257138371,0.9980779886245728,7.986890315780926e-11,0.6983181238174438,,
/kaggle/input/datasets/tawsifurrahman/covid19-radiography-database/COVID-19_Radiography_Dataset/Normal/images/Normal-4681.png,Normal,Normal,0.00010404190834378824,7.095623732311651e-05,0.9998250603675842,3.373922452185041e-12,0.7063292860984802,0.35479533672332764,0.35479533672332764
/kaggle/input/datasets/tawsifurrahman/covid19-radiography-database/COVID-19_Radiography_Dataset/Normal/images/Normal-4691.png,Normal,Normal,1.0823739415855016e-07,0.004482018295675516,0.995517909526825,1.5464683353338948e-11,0.6700708270072937,,
/kaggle/input/datasets/tawsifurrahman/covid19-radiography-database/COVID-19_Radiography_Dataset/Normal/images/Normal-4694.png,Normal,Normal,0.011698930524289608,5.848820001119748e-05,0.9882426857948303,6.413766739932214e-11,0.7040575742721558,,
/kaggle/input/datasets/tawsifurrahman/covid19-radiography-database/COVID-19_Radiography_Dataset/Normal/images/Normal-4695.png,Normal,Normal,0.001271005254238844,0.002126862294971943,0.9966021776199341,3.103585444197421e-11,0.6655994653701782,,
/kaggle/input/datasets/tawsifurrahman/covid19-radiography-database/COVID-19_Radiography_Dataset/Normal/images/Normal-4696.png,Normal,Normal,1.708643708298041e-06,0.10676341503858566,0.893234372138977,5.132333740220929e-07,0.6683916449546814,,
/kaggle/input/datasets/tawsifurrahman/covid19-radiography-database/COVID-19_Radiography_Dataset/Normal/images/Normal-4697.png,Normal,Normal,0.005360738839954138,0.0009095013956539333,0.9937297105789185,4.660184416138691e-08,0.6495356559753418,0.240327388048172,0.240327388048172
/kaggle/input/datasets/tawsifurrahman/covid19-radiography-database/COVID-19_Radiography_Dataset/Normal/images/Normal-4704.png,Normal,Normal,2.2215204808162525e-05,0.0019817575812339783,0.9979959726333618,1.1256779508528325e-08,0.625483512878418,,
/kaggle/input/datasets/tawsifurrahman/covid19-radiography-database/COVID-19_Radiography_Dataset/Normal/images/Normal-4707.png,Normal,Normal,3.7036733147033374e-07,0.06145057827234268,0.9385485649108887,5.567389962379821e-07,0.6430907249450684,0.209342822432518,0.209342822432518
/kaggle/input/datasets/tawsifurrahman/covid19-radiography-database/COVID-19_Radiography_Dataset/Normal/images/Normal-4713.png,Normal,Normal,6.195551804921706e-08,0.08994067460298538,0.9100592136383057,5.918633916301985e-10,0.7107682228088379,,
/kaggle/input/datasets/tawsifurrahman/covid19-radiography-database/COVID-19_Radiography_Dataset/Normal/images/Normal-472.png,Normal,Normal,0.00016642660193610936,0.00018971817917190492,0.9981251358985901,0.0015186243690550327,0.6254184246063232,0.30204352736473083,0.30204352736473083
/kaggle/input/datasets/tawsifurrahman/covid19-radiography-database/COVID-19_Radiography_Dataset/Normal/images/Normal-4721.png,Normal,Normal,0.0010406567016616464,0.0025744002778083086,0.9963849782943726,5.891722310025216e-08,0.6243923902511597,,
/kaggle/input/datasets/tawsifurrahman/covid19-radiography-database/COVID-19_Radiography_Dataset/Normal/images/Normal-4727.png,Normal,Normal,0.0012291594175621867,0.0007735126418992877,0.9979972243309021,1.755739442721449e-09,0.6408615112304688,0.3625880777835846,0.3625880777835846
/kaggle/input/datasets/tawsifurrahman/covid19-radiography-database/COVID-19_Radiography_Dataset/Normal/images/Normal-4734.png,Normal,Normal,5.067925485491287e-06,0.24495796859264374,0.7550370693206787,4.91505613986476e-10,0.5873336791992188,0.28737860918045044,0.28737860918045044
/kaggle/input/datasets/tawsifurrahman/covid19-radiography-database/COVID-19_Radiography_Dataset/Normal/images/Normal-4739.png,Normal,Normal,4.0621671359986067e-07,0.0014309551334008574,0.9985686540603638,1.3844453361500086e-09,0.650370180606842,0.17482402920722961,0.17482402920722961
/kaggle/input/datasets/tawsifurrahman/covid19-radiography-database/COVID-19_Radiography_Dataset/Normal/images/Normal-474.png,Normal,Normal,7.710239879088476e-05,0.00013359937292989343,0.9997796416282654,9.686153134680353e-06,0.6176594495773315,,
/kaggle/input/datasets/tawsifurrahman/covid19-radiography-database/COVID-19_Radiography_Dataset/Normal/images/Normal-4740.png,Normal,Lung_Opacity,0.002104216953739524,0.9727073907852173,0.02518557570874691,2.7896915071323747e-06,0.6057189106941223,,
/kaggle/input/datasets/tawsifurrahman/covid19-radiography-database/COVID-19_Radiography_Dataset/Normal/images/Normal-4744.png,Normal,Normal,4.9351372581440955e-05,0.05972952023148537,0.9402197003364563,1.5366304069175385e-06,0.6610434055328369,,
/kaggle/input/datasets/tawsifurrahman/covid19-radiography-database/COVID-19_Radiography_Dataset/Normal/images/Normal-4745.png,Normal,Normal,6.938248588994611e-06,0.00013514893362298608,0.9998576641082764,2.3808722460216813e-07,0.6341306567192078,,
/kaggle/input/datasets/tawsifurrahman/covid19-radiography-database/COVID-19_Radiography_Dataset/Normal/images/Normal-4754.png,Normal,Normal,4.792005711351521e-05,0.0005910713225603104,0.9993610978126526,3.2121110216110083e-09,0.663637101650238,,
/kaggle/input/datasets/tawsifurrahman/covid19-radiography-database/COVID-19_Radiography_Dataset/Normal/images/Normal-4757.png,Normal,Normal,1.716966153253452e-06,0.05400047451257706,0.9459977746009827,6.021458887062181e-09,0.6746212840080261,0.38684967160224915,0.38684967160224915
/kaggle/input/datasets/tawsifurrahman/covid19-radiography-database/COVID-19_Radiography_Dataset/Normal/images/Normal-477.png,Normal,Normal,0.0226387120783329,0.005347771104425192,0.8917858004570007,0.08022774010896683,0.5455256700515747,0.1594165861606598,0.1594165861606598
/kaggle/input/datasets/tawsifurrahman/covid19-radiography-database/COVID-19_Radiography_Dataset/Normal/images/Normal-4780.png,Normal,Normal,0.0008690935210324824,0.025731787085533142,0.9733989238739014,1.2270233185063262e-07,0.6658791303634644,,
/kaggle/input/datasets/tawsifurrahman/covid19-radiography-database/COVID-19_Radiography_Dataset/Normal/images/Normal-4789.png,Normal,COVID,0.8122965097427368,0.0033133397810161114,0.18438930809497833,8.519550078744942e-07,0.6552239656448364,,
/kaggle/input/datasets/tawsifurrahman/covid19-radiography-database/COVID-19_Radiography_Dataset/Normal/images/Normal-4797.png,Normal,Normal,7.982761599123478e-05,9.82100609689951e-05,0.9998219609260559,2.0694748692484666e-10,0.649384617805481,0.3670301139354706,0.3670301139354706
/kaggle/input/datasets/tawsifurrahman/covid19-radiography-database/COVID-19_Radiography_Dataset/Normal/images/Normal-4802.png,Normal,Normal,1.5502556607316365e-06,0.001517211552709341,0.9984807372093201,5.300569227983942e-07,0.578977108001709,,
/kaggle/input/datasets/tawsifurrahman/covid19-radiography-database/COVID-19_Radiography_Dataset/Normal/images/Normal-4811.png,Normal,Normal,1.4977216133971183e-09,6.119735917309299e-05,0.9999388456344604,8.869975934300278e-12,0.7270078659057617,,
/kaggle/input/datasets/tawsifurrahman/covid19-radiography-database/COVID-19_Radiography_Dataset/Normal/images/Normal-4813.png,Normal,Lung_Opacity,0.0006763231358490884,0.6732143759727478,0.3261077404022217,1.619956378817733e-06,0.5671740770339966,,
/kaggle/input/datasets/tawsifurrahman/covid19-radiography-database/COVID-19_Radiography_Dataset/Normal/images/Normal-4824.png,Normal,Normal,2.1231783193798037e-06,7.322158489841968e-05,0.9999246597290039,3.419011818453499e-12,0.5986687541007996,0.2610946595668793,0.2610946595668793
/kaggle/input/datasets/tawsifurrahman/covid19-radiography-database/COVID-19_Radiography_Dataset/Normal/images/Normal-4837.png,Normal,Normal,1.8237385575048393e-06,0.010120944119989872,0.9898772835731506,1.6755206999619077e-08,0.5963097214698792,0.2720353901386261,0.2720353901386261
/kaggle/input/datasets/tawsifurrahman/covid19-radiography-database/COVID-19_Radiography_Dataset/Normal/images/Normal-4855.png,Normal,Normal,1.3778848284573542e-08,0.004465689416974783,0.9955343008041382,2.0236669978634936e-11,0.64808189868927,,
/kaggle/input/datasets/tawsifurrahman/covid19-radiography-database/COVID-19_Radiography_Dataset/Normal/images/Normal-4860.png,Normal,Normal,8.669395356264431e-06,0.00030907586915418506,0.9996821880340576,1.0135896566509928e-09,0.7014693021774292,,
/kaggle/input/datasets/tawsifurrahman/covid19-radiography-database/COVID-19_Radiography_Dataset/Normal/images/Normal-4862.png,Normal,Normal,0.0006597064784727991,0.06731782108545303,0.9320132732391357,9.158724424196407e-06,0.6753987073898315,,
/kaggle/input/datasets/tawsifurrahman/covid19-radiography-database/COVID-19_Radiography_Dataset/Normal/images/Normal-4863.png,Normal,Normal,3.075612653447024e-08,0.0002177236892748624,0.9997822642326355,1.5454365218103838e-11,0.6431558132171631,,
/kaggle/input/datasets/tawsifurrahman/covid19-radiography-database/COVID-19_Radiography_Dataset/Normal/images/Normal-4882.png,Normal,Normal,3.13009149977006e-06,0.03570635989308357,0.9642902612686157,2.4024905087571824e-07,0.7177249789237976,,
/kaggle/input/datasets/tawsifurrahman/covid19-radiography-database/COVID-19_Radiography_Dataset/Normal/images/Normal-4887.png,Normal,Normal,0.0001275122631341219,0.0016689281910657883,0.9982033967971802,4.8074269898279454e-08,0.654446005821228,0.3107568025588989,0.3107568025588989
/kaggle/input/datasets/tawsifurrahman/covid19-radiography-database/COVID-19_Radiography_Dataset/Normal/images/Normal-4888.png,Normal,Normal,2.667482476681471e-05,0.007440561894327402,0.9925315976142883,1.2761504422087455e-06,0.6090548634529114,,
/kaggle/input/datasets/tawsifurrahman/covid19-radiography-database/COVID-19_Radiography_Dataset/Normal/images/Normal-4896.png,Normal,Normal,1.1089821327914251e-07,0.003006004262715578,0.996993899345398,2.172046720261278e-08,0.6602908372879028,,
/kaggle/input/datasets/tawsifurrahman/covid19-radiography-database/COVID-19_Radiography_Dataset/Normal/images/Normal-4901.png,Normal,Normal,1.2090700352018757e-07,0.0003008032508660108,0.9996991157531738,4.46780751284237e-10,0.6120811700820923,0.28865477442741394,0.28865477442741394
/kaggle/input/datasets/tawsifurrahman/covid19-radiography-database/COVID-19_Radiography_Dataset/Normal/images/Normal-4908.png,Normal,Normal,1.3546325135394e-05,0.09159886837005615,0.908387303352356,2.7594418838816637e-07,0.6552301049232483,0.2657355070114136,0.2657355070114136
/kaggle/input/datasets/tawsifurrahman/covid19-radiography-database/COVID-19_Radiography_Dataset/Normal/images/Normal-4912.png,Normal,Normal,7.224910950753838e-05,0.18205973505973816,0.8178679943084717,3.494153022476354e-10,0.6857620477676392,,
/kaggle/input/datasets/tawsifurrahman/covid19-radiography-database/COVID-19_Radiography_Dataset/Normal/images/Normal-4914.png,Normal,Normal,1.4426618122342916e-07,0.0017872514436021447,0.9982126951217651,1.282981221262247e-10,0.6947286128997803,0.3629032075405121,0.3629032075405121
/kaggle/input/datasets/tawsifurrahman/covid19-radiography-database/COVID-19_Radiography_Dataset/Normal/images/Normal-4928.png,Normal,Normal,0.00017721102631185204,0.25152134895324707,0.7483014464378357,5.992298657275796e-09,0.6828449368476868,,
/kaggle/input/datasets/tawsifurrahman/covid19-radiography-database/COVID-19_Radiography_Dataset/Normal/images/Normal-4929.png,Normal,Lung_Opacity,0.0007565488922409713,0.9943694472312927,0.004874044097959995,1.4029005512838921e-08,0.4951188266277313,,
/kaggle/input/datasets/tawsifurrahman/covid19-radiography-database/COVID-19_Radiography_Dataset/Normal/images/Normal-4937.png,Normal,Normal,1.5530487871728837e-05,0.00482238968834281,0.9951620697975159,1.6674360503454722e-10,0.6812705993652344,0.29786327481269836,0.29786327481269836
/kaggle/input/datasets/tawsifurrahman/covid19-radiography-database/COVID-19_Radiography_Dataset/Normal/images/Normal-4939.png,Normal,Lung_Opacity,0.0001282744196942076,0.9671311378479004,0.03270202502608299,3.8669244531774893e-05,0.5569450855255127,0.12711958587169647,0.12711958587169647
/kaggle/input/datasets/tawsifurrahman/covid19-radiography-database/COVID-19_Radiography_Dataset/Normal/images/Normal-4946.png,Normal,Normal,2.166398438419037e-08,0.0006474970141425729,0.9993525147438049,1.4299436634779283e-10,0.72239089012146,,
/kaggle/input/datasets/tawsifurrahman/covid19-radiography-database/COVID-19_Radiography_Dataset/Normal/images/Normal-4947.png,Normal,Normal,5.561636044149054e-06,0.001797394477762282,0.9981970191001892,9.374253595595405e-10,0.6763098835945129,0.29778602719306946,0.29778602719306946
/kaggle/input/datasets/tawsifurrahman/covid19-radiography-database/COVID-19_Radiography_Dataset/Normal/images/Normal-495.png,Normal,Normal,4.942809755448252e-05,7.817189180059358e-05,0.9998681545257568,4.218632057018112e-06,0.62221759557724,,
/kaggle/input/datasets/tawsifurrahman/covid19-radiography-database/COVID-19_Radiography_Dataset/Normal/images/Normal-4951.png,Normal,Normal,0.0004911692230962217,0.05658603832125664,0.942919909954071,2.7622418201644905e-06,0.6393464207649231,,
/kaggle/input/datasets/tawsifurrahman/covid19-radiography-database/COVID-19_Radiography_Dataset/Normal/images/Normal-496.png,Normal,Normal,0.0011988182086497545,3.5494616895448416e-05,0.9984956979751587,0.00026988860918208957,0.46851295232772827,,
/kaggle/input/datasets/tawsifurrahman/covid19-radiography-database/COVID-19_Radiography_Dataset/Normal/images/Normal-4963.png,Normal,Normal,6.047275383025408e-05,0.0031479124445468187,0.996791422367096,1.977594905611113e-07,0.6444685459136963,,
/kaggle/input/datasets/tawsifurrahman/covid19-radiography-database/COVID-19_Radiography_Dataset/Normal/images/Normal-4971.png,Normal,Normal,0.0047647785395383835,0.004864324349910021,0.9903659820556641,4.811149210581789e-06,0.6771095395088196,,
/kaggle/input/datasets/tawsifurrahman/covid19-radiography-database/COVID-19_Radiography_Dataset/Normal/images/Normal-498.png,Normal,Normal,5.0840008043451235e-06,8.477643132209778e-05,0.999909520149231,5.566910203924635e-07,0.5053423643112183,,
/kaggle/input/datasets/tawsifurrahman/covid19-radiography-database/COVID-19_Radiography_Dataset/Normal/images/Normal-4981.png,Normal,Normal,6.481583113782108e-05,0.006245449651032686,0.993689775466919,6.260239882038832e-09,0.6759147644042969,,
/kaggle/input/datasets/tawsifurrahman/covid19-radiography-database/COVID-19_Radiography_Dataset/Normal/images/Normal-4985.png,Normal,Normal,2.2186738988239085e-06,4.196864028926939e-05,0.9999557733535767,2.3574427999994985e-12,0.6830746531486511,,
/kaggle/input/datasets/tawsifurrahman/covid19-radiography-database/COVID-19_Radiography_Dataset/Normal/images/Normal-4998.png,Normal,Normal,9.363975550513715e-06,0.0011883678380399942,0.9988021850585938,1.1259101428962026e-09,0.6737524271011353,,
/kaggle/input/datasets/tawsifurrahman/covid19-radiography-database/COVID-19_Radiography_Dataset/Normal/images/Normal-5004.png,Normal,Normal,0.00010504228703211993,0.0026904994156211615,0.9972043633460999,5.633292721185512e-10,0.679742693901062,0.2759314775466919,0.2759314775466919
/kaggle/input/datasets/tawsifurrahman/covid19-radiography-database/COVID-19_Radiography_Dataset/Normal/images/Normal-5006.png,Normal,Normal,1.5081861874932656e-06,0.0020723685156553984,0.9979261159896851,9.303172815444682e-11,0.6838483810424805,,
/kaggle/input/datasets/tawsifurrahman/covid19-radiography-database/COVID-19_Radiography_Dataset/Normal/images/Normal-501.png,Normal,Normal,5.956377663096646e-06,0.00016222249541897327,0.9998205304145813,1.1309634828648996e-05,0.5921763181686401,,
/kaggle/input/datasets/tawsifurrahman/covid19-radiography-database/COVID-19_Radiography_Dataset/Normal/images/Normal-5015.png,Normal,Normal,0.002267685951665044,0.0014925898285582662,0.9962396621704102,2.80637078020618e-08,0.6801792979240417,,
/kaggle/input/datasets/tawsifurrahman/covid19-radiography-database/COVID-19_Radiography_Dataset/Normal/images/Normal-5018.png,Normal,Normal,8.866288226272445e-06,0.0007798845181241632,0.999211311340332,5.657502910594303e-09,0.6261411905288696,,
/kaggle/input/datasets/tawsifurrahman/covid19-radiography-database/COVID-19_Radiography_Dataset/Normal/images/Normal-502.png,Normal,Normal,4.432646164787002e-06,7.588523294543847e-05,0.9999194145202637,2.682705257939233e-07,0.6564013361930847,,
/kaggle/input/datasets/tawsifurrahman/covid19-radiography-database/COVID-19_Radiography_Dataset/Normal/images/Normal-5024.png,Normal,Normal,4.490039646043442e-05,0.12093685567378998,0.8790183067321777,5.864953522838334e-10,0.7141720652580261,0.27252715826034546,0.27252715826034546
/kaggle/input/datasets/tawsifurrahman/covid19-radiography-database/COVID-19_Radiography_Dataset/Normal/images/Normal-5030.png,Normal,Normal,0.01707516983151436,0.02407265454530716,0.9588521122932434,5.2521841098496225e-08,0.6941329836845398,0.32967615127563477,0.32967615127563477
/kaggle/input/datasets/tawsifurrahman/covid19-radiography-database/COVID-19_Radiography_Dataset/Normal/images/Normal-5032.png,Normal,Normal,5.742426310462179e-06,0.00024011824280023575,0.9997541308403015,8.770904141863767e-12,0.7253208756446838,,
/kaggle/input/datasets/tawsifurrahman/covid19-radiography-database/COVID-19_Radiography_Dataset/Normal/images/Normal-5033.png,Normal,Normal,2.263460191898048e-05,0.0014479468809440732,0.9985294342041016,2.7319950746118593e-08,0.6909257173538208,,
/kaggle/input/datasets/tawsifurrahman/covid19-radiography-database/COVID-19_Radiography_Dataset/Normal/images/Normal-5034.png,Normal,Normal,0.002706541446968913,0.0004974498879164457,0.9967959523200989,2.326841119781875e-08,0.645923376083374,0.506455659866333,0.506455659866333
/kaggle/input/datasets/tawsifurrahman/covid19-radiography-database/COVID-19_Radiography_Dataset/Normal/images/Normal-5043.png,Normal,Normal,7.500197796161956e-09,0.0006432179943658412,0.9993568062782288,2.191937256701415e-11,0.6335948705673218,0.34382399916648865,0.34382399916648865
/kaggle/input/datasets/tawsifurrahman/covid19-radiography-database/COVID-19_Radiography_Dataset/Normal/images/Normal-5051.png,Normal,Normal,5.746541773987701e-06,0.0021716468036174774,0.997822642326355,3.2432323493480908e-09,0.6279840469360352,,
/kaggle/input/datasets/tawsifurrahman/covid19-radiography-database/COVID-19_Radiography_Dataset/Normal/images/Normal-5061.png,Normal,Normal,4.975495357939508e-06,0.002715312410145998,0.9972795844078064,8.662782136070746e-08,0.6998895406723022,,
/kaggle/input/datasets/tawsifurrahman/covid19-radiography-database/COVID-19_Radiography_Dataset/Normal/images/Normal-5064.png,Normal,Normal,8.725219231564552e-07,0.0001483455707784742,0.9998507499694824,7.134905111172429e-09,0.6667372584342957,,
/kaggle/input/datasets/tawsifurrahman/covid19-radiography-database/COVID-19_Radiography_Dataset/Normal/images/Normal-5065.png,Normal,Normal,5.400808049671468e-07,0.004092684015631676,0.9959067106246948,8.121962546958628e-10,0.6219712495803833,,
/kaggle/input/datasets/tawsifurrahman/covid19-radiography-database/COVID-19_Radiography_Dataset/Normal/images/Normal-507.png,Normal,Normal,0.0001495113392593339,0.00018969598750118166,0.9996315240859985,2.9181544960010797e-05,0.6808742880821228,,
/kaggle/input/datasets/tawsifurrahman/covid19-radiography-database/COVID-19_Radiography_Dataset/Normal/images/Normal-5070.png,Normal,Normal,0.0003888405626639724,0.15517236292362213,0.8444205522537231,1.822957710828632e-05,0.729308009147644,0.28728461265563965,0.28728461265563965
/kaggle/input/datasets/tawsifurrahman/covid19-radiography-database/COVID-19_Radiography_Dataset/Normal/images/Normal-508.png,Normal,Normal,0.0005099287373013794,0.0002416799106867984,0.9455985426902771,0.05364985764026642,0.6679001450538635,,
/kaggle/input/datasets/tawsifurrahman/covid19-radiography-database/COVID-19_Radiography_Dataset/Normal/images/Normal-5081.png,Normal,Normal,7.793658005539328e-05,0.006366597022861242,0.99355548620224,1.645542546668821e-08,0.6709405779838562,,
/kaggle/input/datasets/tawsifurrahman/covid19-radiography-database/COVID-19_Radiography_Dataset/Normal/images/Normal-5097.png,Normal,Normal,3.419003405724652e-05,0.14892907440662384,0.8510366678237915,6.40508588389821e-08,0.5441783666610718,,
/kaggle/input/datasets/tawsifurrahman/covid19-radiography-database/COVID-19_Radiography_Dataset/Normal/images/Normal-5098.png,Normal,Normal,2.425091416569103e-08,0.0027261129580438137,0.997273862361908,5.432348459954994e-10,0.7150096893310547,0.33994489908218384,0.33994489908218384
/kaggle/input/datasets/tawsifurrahman/covid19-radiography-database/COVID-19_Radiography_Dataset/Normal/images/Normal-51.png,Normal,Normal,9.210407006321475e-05,0.00021539920999202877,0.9996925592422485,5.440041750404134e-10,0.601056694984436,,
/kaggle/input/datasets/tawsifurrahman/covid19-radiography-database/COVID-19_Radiography_Dataset/Normal/images/Normal-5109.png,Normal,Normal,2.502881943655666e-05,0.026088304817676544,0.9738865494728088,2.2797321808099014e-09,0.7208953499794006,,
/kaggle/input/datasets/tawsifurrahman/covid19-radiography-database/COVID-19_Radiography_Dataset/Normal/images/Normal-5113.png,Normal,Normal,1.876344697393506e-07,0.00033975456608459353,0.9996600151062012,5.351385556906507e-09,0.6806735396385193,,
/kaggle/input/datasets/tawsifurrahman/covid19-radiography-database/COVID-19_Radiography_Dataset/Normal/images/Normal-5122.png,Normal,Normal,2.3230160017817525e-09,0.0008864077972248197,0.9991136193275452,3.871307094338583e-11,0.6579186916351318,,
/kaggle/input/datasets/tawsifurrahman/covid19-radiography-database/COVID-19_Radiography_Dataset/Normal/images/Normal-5129.png,Normal,Normal,0.000102551857708022,0.015070733614265919,0.9848265647888184,8.656390093619848e-08,0.7430987358093262,,
/kaggle/input/datasets/tawsifurrahman/covid19-radiography-database/COVID-19_Radiography_Dataset/Normal/images/Normal-5130.png,Normal,Normal,0.0001722892193356529,0.21370700001716614,0.7861203551292419,3.629881746292085e-07,0.6412171721458435,,
/kaggle/input/datasets/tawsifurrahman/covid19-radiography-database/COVID-19_Radiography_Dataset/Normal/images/Normal-5132.png,Normal,Normal,1.0811518080799942e-07,0.00021642328647430986,0.999783456325531,1.20664563410533e-11,0.7022295594215393,0.3281807601451874,0.3281807601451874
/kaggle/input/datasets/tawsifurrahman/covid19-radiography-database/COVID-19_Radiography_Dataset/Normal/images/Normal-5137.png,Normal,Normal,2.848089479812188e-06,0.00943239126354456,0.9905648231506348,3.602366668853385e-11,0.6975920796394348,,
/kaggle/input/datasets/tawsifurrahman/covid19-radiography-database/COVID-19_Radiography_Dataset/Normal/images/Normal-5144.png,Normal,Normal,0.002885248279199004,0.028783880174160004,0.9683308005332947,7.857814843248434e-09,0.6251075267791748,,
/kaggle/input/datasets/tawsifurrahman/covid19-radiography-database/COVID-19_Radiography_Dataset/Normal/images/Normal-5146.png,Normal,Normal,2.6749079395926856e-08,0.030483946204185486,0.9695104956626892,5.606364084087545e-06,0.6565784215927124,,
/kaggle/input/datasets/tawsifurrahman/covid19-radiography-database/COVID-19_Radiography_Dataset/Normal/images/Normal-5148.png,Normal,Lung_Opacity,1.586208054504823e-05,0.9073095917701721,0.09267458319664001,6.871101465577567e-10,0.6568294763565063,0.24305744469165802,0.24305744469165802
/kaggle/input/datasets/tawsifurrahman/covid19-radiography-database/COVID-19_Radiography_Dataset/Normal/images/Normal-5150.png,Normal,Normal,4.718445325124776e-06,0.003922179341316223,0.9960731267929077,6.228891180626306e-09,0.6819594502449036,,
/kaggle/input/datasets/tawsifurrahman/covid19-radiography-database/COVID-19_Radiography_Dataset/Normal/images/Normal-5160.png,Normal,Normal,2.824589273586753e-06,0.0010506905382499099,0.998946487903595,1.023044218784186e-10,0.6786258816719055,0.39685314893722534,0.39685314893722534
/kaggle/input/datasets/tawsifurrahman/covid19-radiography-database/COVID-19_Radiography_Dataset/Normal/images/Normal-5168.png,Normal,Normal,1.779902021326052e-07,0.06733810901641846,0.9326616525650024,2.6252087170774985e-09,0.673113226890564,,
/kaggle/input/datasets/tawsifurrahman/covid19-radiography-database/COVID-19_Radiography_Dataset/Normal/images/Normal-5175.png,Normal,Normal,1.8387906948191812e-06,0.00036117355921305716,0.9996370077133179,2.2966354512599096e-11,0.6510034203529358,,
/kaggle/input/datasets/tawsifurrahman/covid19-radiography-database/COVID-19_Radiography_Dataset/Normal/images/Normal-5180.png,Normal,Normal,0.00037562238867394626,0.18330024182796478,0.8163240551948547,3.8277210734349865e-08,0.7005507946014404,0.15888537466526031,0.15888537466526031
/kaggle/input/datasets/tawsifurrahman/covid19-radiography-database/COVID-19_Radiography_Dataset/Normal/images/Normal-5181.png,Normal,Normal,8.536896348232403e-05,0.0020823339000344276,0.9978322386741638,4.2012657242018747e-10,0.6284353733062744,,
/kaggle/input/datasets/tawsifurrahman/covid19-radiography-database/COVID-19_Radiography_Dataset/Normal/images/Normal-5185.png,Normal,Normal,7.129833647923078e-07,0.0525735579431057,0.9474257230758667,4.3187689868773305e-08,0.4920734465122223,,
/kaggle/input/datasets/tawsifurrahman/covid19-radiography-database/COVID-19_Radiography_Dataset/Normal/images/Normal-5193.png,Normal,Normal,1.8874689311498827e-10,0.00035152604687027633,0.9996484518051147,1.864315789961747e-14,0.6834514737129211,,
/kaggle/input/datasets/tawsifurrahman/covid19-radiography-database/COVID-19_Radiography_Dataset/Normal/images/Normal-520.png,Normal,Normal,2.8141246730228886e-05,7.784132321830839e-05,0.999893307685852,6.778319061595539e-07,0.5492540001869202,,
/kaggle/input/datasets/tawsifurrahman/covid19-radiography-database/COVID-19_Radiography_Dataset/Normal/images/Normal-5202.png,Normal,Normal,0.0006732048350386322,0.005088197533041239,0.9942375421524048,1.0578132787486538e-06,0.6602879762649536,,
/kaggle/input/datasets/tawsifurrahman/covid19-radiography-database/COVID-19_Radiography_Dataset/Normal/images/Normal-5203.png,Normal,Normal,5.1180140872020274e-05,0.00015638333570677787,0.9997925162315369,1.2603321164483816e-11,0.6835150718688965,,
/kaggle/input/datasets/tawsifurrahman/covid19-radiography-database/COVID-19_Radiography_Dataset/Normal/images/Normal-5216.png,Normal,Normal,2.408220822758267e-08,1.9647710360004567e-05,0.9999803304672241,1.0797507853099741e-11,0.6804763078689575,,
/kaggle/input/datasets/tawsifurrahman/covid19-radiography-database/COVID-19_Radiography_Dataset/Normal/images/Normal-522.png,Normal,Normal,3.718954758369364e-05,0.00010493019362911582,0.9986934065818787,0.0011644988553598523,0.5962626934051514,0.2719592750072479,0.2719592750072479
/kaggle/input/datasets/tawsifurrahman/covid19-radiography-database/COVID-19_Radiography_Dataset/Normal/images/Normal-5224.png,Normal,Normal,0.00015298559446819127,0.0007060455391183496,0.9991409778594971,1.1198674626511362e-10,0.6584658622741699,,
/kaggle/input/datasets/tawsifurrahman/covid19-radiography-database/COVID-19_Radiography_Dataset/Normal/images/Normal-5225.png,Normal,Normal,9.56713774939999e-05,0.0001660285925026983,0.9997382760047913,1.8514928479262949e-09,0.745249330997467,0.34434768557548523,0.34434768557548523
/kaggle/input/datasets/tawsifurrahman/covid19-radiography-database/COVID-19_Radiography_Dataset/Normal/images/Normal-5235.png,Normal,Normal,3.6948979413864436e-06,0.00304187904112041,0.9969544410705566,5.978088857272468e-11,0.6476925015449524,,
/kaggle/input/datasets/tawsifurrahman/covid19-radiography-database/COVID-19_Radiography_Dataset/Normal/images/Normal-524.png,Normal,Normal,1.417015755578177e-05,3.1835945264901966e-05,0.9999343156814575,1.9701856217579916e-05,0.6346450448036194,,
/kaggle/input/datasets/tawsifurrahman/covid19-radiography-database/COVID-19_Radiography_Dataset/Normal/images/Normal-5252.png,Normal,Normal,0.05225010961294174,0.012220336124300957,0.9355295300483704,4.83732840450557e-08,0.6921628713607788,,
/kaggle/input/datasets/tawsifurrahman/covid19-radiography-database/COVID-19_Radiography_Dataset/Normal/images/Normal-526.png,Normal,Normal,0.0004854916478507221,0.0007559700170531869,0.99540114402771,0.0033573696855455637,0.4180542528629303,0.24033771455287933,0.24033771455287933
/kaggle/input/datasets/tawsifurrahman/covid19-radiography-database/COVID-19_Radiography_Dataset/Normal/images/Normal-5280.png,Normal,Normal,7.672765605093446e-06,0.0002988911001011729,0.9996935129165649,3.3666491816575217e-10,0.5874008536338806,,
/kaggle/input/datasets/tawsifurrahman/covid19-radiography-database/COVID-19_Radiography_Dataset/Normal/images/Normal-5282.png,Normal,Normal,3.3871168625410064e-07,0.002072197152301669,0.9979274272918701,4.221252680736143e-09,0.5862624645233154,0.29596608877182007,0.29596608877182007
/kaggle/input/datasets/tawsifurrahman/covid19-radiography-database/COVID-19_Radiography_Dataset/Normal/images/Normal-5289.png,Normal,Normal,2.166486183341476e-06,0.00048009780584834516,0.9995177984237671,2.2125802925931914e-11,0.7153069376945496,,
/kaggle/input/datasets/tawsifurrahman/covid19-radiography-database/COVID-19_Radiography_Dataset/Normal/images/Normal-529.png,Normal,Normal,5.026737926527858e-05,4.601686305250041e-05,0.9998683929443359,3.5294637200422585e-05,0.6496368050575256,,
/kaggle/input/datasets/tawsifurrahman/covid19-radiography-database/COVID-19_Radiography_Dataset/Normal/images/Normal-5293.png,Normal,Normal,4.151138637098484e-05,0.0014254484558477998,0.9985330104827881,1.0955227003339729e-10,0.6578140258789062,,
/kaggle/input/datasets/tawsifurrahman/covid19-radiography-database/COVID-19_Radiography_Dataset/Normal/images/Normal-5306.png,Normal,Normal,4.160584765600106e-08,0.004183034412562847,0.9958170056343079,6.105485561569424e-11,0.6747448444366455,,
/kaggle/input/datasets/tawsifurrahman/covid19-radiography-database/COVID-19_Radiography_Dataset/Normal/images/Normal-532.png,Normal,Normal,5.800308372272411e-06,1.3598066288977861e-05,0.9999643564224243,1.619850991119165e-05,0.5691187381744385,,
/kaggle/input/datasets/tawsifurrahman/covid19-radiography-database/COVID-19_Radiography_Dataset/Normal/images/Normal-5330.png,Normal,Normal,3.448656116233906e-07,0.008053489960730076,0.9919461607933044,8.568132314756838e-10,0.6870898008346558,,
/kaggle/input/datasets/tawsifurrahman/covid19-radiography-database/COVID-19_Radiography_Dataset/Normal/images/Normal-5332.png,Normal,Normal,3.245753248393157e-07,0.002119324868544936,0.9978803396224976,1.3850385682107058e-12,0.694320023059845,0.39261287450790405,0.39261287450790405
/kaggle/input/datasets/tawsifurrahman/covid19-radiography-database/COVID-19_Radiography_Dataset/Normal/images/Normal-5354.png,Normal,Normal,1.005268813969451e-06,0.006124354433268309,0.993874728679657,2.0498729380591385e-09,0.6240585446357727,,
/kaggle/input/datasets/tawsifurrahman/covid19-radiography-database/COVID-19_Radiography_Dataset/Normal/images/Normal-5361.png,Normal,Normal,0.00069180823629722,0.0011123964795842767,0.9981958270072937,7.325097126087421e-12,0.6630582809448242,0.41852903366088867,0.41852903366088867
/kaggle/input/datasets/tawsifurrahman/covid19-radiography-database/COVID-19_Radiography_Dataset/Normal/images/Normal-5365.png,Normal,Normal,1.6209408215672738e-07,0.0008758317562751472,0.9991239905357361,2.6888551829529206e-08,0.6307778358459473,,
/kaggle/input/datasets/tawsifurrahman/covid19-radiography-database/COVID-19_Radiography_Dataset/Normal/images/Normal-5370.png,Normal,Normal,1.0220463053656204e-07,0.0006502798642031848,0.9993496537208557,2.6368357150530208e-11,0.5937882661819458,0.294269859790802,0.294269859790802
/kaggle/input/datasets/tawsifurrahman/covid19-radiography-database/COVID-19_Radiography_Dataset/Normal/images/Normal-5372.png,Normal,Normal,0.0008377563208341599,0.03795995935797691,0.9611347317695618,6.749251042492688e-05,0.6307243704795837,,
/kaggle/input/datasets/tawsifurrahman/covid19-radiography-database/COVID-19_Radiography_Dataset/Normal/images/Normal-5383.png,Normal,Normal,1.4695578975931767e-08,0.000890408584382385,0.9991094470024109,8.506045645617633e-08,0.6439417004585266,0.2854081094264984,0.2854081094264984
/kaggle/input/datasets/tawsifurrahman/covid19-radiography-database/COVID-19_Radiography_Dataset/Normal/images/Normal-5386.png,Normal,Normal,1.396980309209539e-08,0.0018171099945902824,0.9981828331947327,2.8213181790803787e-10,0.6730828285217285,,
/kaggle/input/datasets/tawsifurrahman/covid19-radiography-database/COVID-19_Radiography_Dataset/Normal/images/Normal-5400.png,Normal,Normal,2.8377494345477317e-06,0.002551579149439931,0.9974453449249268,2.1366277280776558e-07,0.6606015563011169,0.45769035816192627,0.45769035816192627
/kaggle/input/datasets/tawsifurrahman/covid19-radiography-database/COVID-19_Radiography_Dataset/Normal/images/Normal-5402.png,Normal,Normal,0.0011663108598440886,0.13339351117610931,0.865439772605896,3.9385815853165695e-07,0.6420795917510986,0.3663991391658783,0.3663991391658783
/kaggle/input/datasets/tawsifurrahman/covid19-radiography-database/COVID-19_Radiography_Dataset/Normal/images/Normal-5404.png,Normal,Normal,0.0010138732613995671,0.002123744459822774,0.9968624114990234,4.211892168370923e-09,0.6457386612892151,,
/kaggle/input/datasets/tawsifurrahman/covid19-radiography-database/COVID-19_Radiography_Dataset/Normal/images/Normal-5412.png,Normal,Normal,1.0414906626010634e-07,0.007285968400537968,0.9927133917808533,5.556823339247785e-07,0.6581900715827942,,
/kaggle/input/datasets/tawsifurrahman/covid19-radiography-database/COVID-19_Radiography_Dataset/Normal/images/Normal-542.png,Normal,Normal,2.7826060886582127e-06,2.1228841433185153e-05,0.9999533891677856,2.264058821310755e-05,0.6357440948486328,,
/kaggle/input/datasets/tawsifurrahman/covid19-radiography-database/COVID-19_Radiography_Dataset/Normal/images/Normal-5427.png,Normal,Normal,0.004968003835529089,0.0010800857562571764,0.9939518570899963,2.4400019782433446e-08,0.7024025321006775,0.406576007604599,0.406576007604599
/kaggle/input/datasets/tawsifurrahman/covid19-radiography-database/COVID-19_Radiography_Dataset/Normal/images/Normal-5433.png,Normal,Lung_Opacity,1.7374588878737995e-06,0.999427318572998,0.000570885487832129,6.270011709830214e-08,0.5023024678230286,0.10027460008859634,0.10027460008859634
/kaggle/input/datasets/tawsifurrahman/covid19-radiography-database/COVID-19_Radiography_Dataset/Normal/images/Normal-5434.png,Normal,Normal,4.046814410685329e-06,4.649757465813309e-05,0.9999494552612305,1.8006759278099693e-12,0.6543297171592712,,
/kaggle/input/datasets/tawsifurrahman/covid19-radiography-database/COVID-19_Radiography_Dataset/Normal/images/Normal-5436.png,Normal,Normal,0.00026241238811053336,0.001170146162621677,0.9985674619674683,1.4209373695034389e-12,0.7127552628517151,,
/kaggle/input/datasets/tawsifurrahman/covid19-radiography-database/COVID-19_Radiography_Dataset/Normal/images/Normal-5442.png,Normal,Normal,7.60486396078619e-11,0.0018424323061481118,0.9981575608253479,6.620266536578115e-14,0.6422326564788818,,
/kaggle/input/datasets/tawsifurrahman/covid19-radiography-database/COVID-19_Radiography_Dataset/Normal/images/Normal-545.png,Normal,Normal,0.0007929830462671816,0.0003697015345096588,0.9404778480529785,0.05835948884487152,0.6066537499427795,,
/kaggle/input/datasets/tawsifurrahman/covid19-radiography-database/COVID-19_Radiography_Dataset/Normal/images/Normal-5456.png,Normal,Normal,0.00011345753591740504,0.34402337670326233,0.6558627486228943,3.942690511848923e-07,0.6382228136062622,,
/kaggle/input/datasets/tawsifurrahman/covid19-radiography-database/COVID-19_Radiography_Dataset/Normal/images/Normal-5460.png,Normal,Normal,8.748964432925277e-07,0.0024277628399431705,0.9975714087486267,3.330913767030097e-09,0.686102032661438,,
/kaggle/input/datasets/tawsifurrahman/covid19-radiography-database/COVID-19_Radiography_Dataset/Normal/images/Normal-5463.png,Normal,Normal,7.997620059541077e-07,0.014087202027440071,0.9859117269515991,2.9372483822953654e-07,0.7018231153488159,,
/kaggle/input/datasets/tawsifurrahman/covid19-radiography-database/COVID-19_Radiography_Dataset/Normal/images/Normal-5464.png,Normal,Normal,1.4999392305981019e-07,0.0016034615691751242,0.9983964562416077,1.911263591836132e-09,0.6529886722564697,,
/kaggle/input/datasets/tawsifurrahman/covid19-radiography-database/COVID-19_Radiography_Dataset/Normal/images/Normal-5466.png,Normal,Normal,8.146501386363525e-06,0.04344054311513901,0.9565512537956238,1.7487501224877633e-07,0.7014694213867188,,
/kaggle/input/datasets/tawsifurrahman/covid19-radiography-database/COVID-19_Radiography_Dataset/Normal/images/Normal-5470.png,Normal,Normal,1.3380066832269222e-07,0.0007137748179957271,0.9992861151695251,1.362218671197013e-09,0.6788080930709839,0.3889384865760803,0.3889384865760803
/kaggle/input/datasets/tawsifurrahman/covid19-radiography-database/COVID-19_Radiography_Dataset/Normal/images/Normal-5474.png,Normal,Normal,5.991829699070195e-09,0.00019657137454487383,0.9998034834861755,1.5127513686152838e-09,0.6720170974731445,,
/kaggle/input/datasets/tawsifurrahman/covid19-radiography-database/COVID-19_Radiography_Dataset/Normal/images/Normal-5478.png,Normal,Normal,4.460481761725532e-07,0.0013240426778793335,0.9986754059791565,1.1629649500355388e-11,0.6424182653427124,0.37856730818748474,0.37856730818748474
/kaggle/input/datasets/tawsifurrahman/covid19-radiography-database/COVID-19_Radiography_Dataset/Normal/images/Normal-5499.png,Normal,Normal,4.131049718125723e-05,0.0006746473954990506,0.9992838501930237,1.8220309527805512e-07,0.6848590970039368,,
/kaggle/input/datasets/tawsifurrahman/covid19-radiography-database/COVID-19_Radiography_Dataset/Normal/images/Normal-551.png,Normal,Normal,0.000618143763858825,0.0013611047761514783,0.8926718831062317,0.10534884035587311,0.6003513336181641,0.22062113881111145,0.22062113881111145
/kaggle/input/datasets/tawsifurrahman/covid19-radiography-database/COVID-19_Radiography_Dataset/Normal/images/Normal-5530.png,Normal,Normal,4.2201099859084934e-05,0.039177972823381424,0.9607798457145691,5.949049253217709e-09,0.6562909483909607,0.28855955600738525,0.28855955600738525
/kaggle/input/datasets/tawsifurrahman/covid19-radiography-database/COVID-19_Radiography_Dataset/Normal/images/Normal-5540.png,Normal,Normal,2.2789328795624897e-05,0.011235999874770641,0.9887412190437317,6.701621479976438e-10,0.7164866924285889,,
/kaggle/input/datasets/tawsifurrahman/covid19-radiography-database/COVID-19_Radiography_Dataset/Normal/images/Normal-5542.png,Normal,Normal,0.00011939534306293353,0.006311200093477964,0.9935693740844727,2.4591070513224622e-08,0.7007915377616882,,
/kaggle/input/datasets/tawsifurrahman/covid19-radiography-database/COVID-19_Radiography_Dataset/Normal/images/Normal-5544.png,Normal,Normal,1.5168799905040942e-07,0.003952854312956333,0.9960469603538513,1.2837698959433652e-10,0.7150256037712097,,
/kaggle/input/datasets/tawsifurrahman/covid19-radiography-database/COVID-19_Radiography_Dataset/Normal/images/Normal-5548.png,Normal,Normal,5.910491154281772e-07,0.010281753726303577,0.9897173643112183,2.834594852174632e-07,0.6928269267082214,,
/kaggle/input/datasets/tawsifurrahman/covid19-radiography-database/COVID-19_Radiography_Dataset/Normal/images/Normal-555.png,Normal,Normal,2.83777944787289e-06,2.2860105673316866e-05,0.9999741315841675,1.9293474906589836e-07,0.6029538512229919,,
/kaggle/input/datasets/tawsifurrahman/covid19-radiography-database/COVID-19_Radiography_Dataset/Normal/images/Normal-5560.png,Normal,Normal,9.837693992764684e-10,0.0012141545303165913,0.9987859129905701,5.82259310211164e-11,0.6405607461929321,0.3008139729499817,0.3008139729499817
/kaggle/input/datasets/tawsifurrahman/covid19-radiography-database/COVID-19_Radiography_Dataset/Normal/images/Normal-5562.png,Normal,Normal,0.0002505258598830551,0.021926311776041985,0.9778220057487488,1.1589628456931678e-06,0.6999191045761108,,
/kaggle/input/datasets/tawsifurrahman/covid19-radiography-database/COVID-19_Radiography_Dataset/Normal/images/Normal-5565.png,Normal,Normal,3.7800018048983475e-07,0.0003936407738365233,0.9996060729026794,1.1005645284001275e-09,0.5914095640182495,,
/kaggle/input/datasets/tawsifurrahman/covid19-radiography-database/COVID-19_Radiography_Dataset/Normal/images/Normal-5580.png,Normal,Normal,2.6947209335048683e-06,0.0025640956591814756,0.9974321722984314,9.553427844366524e-07,0.6387835144996643,,
/kaggle/input/datasets/tawsifurrahman/covid19-radiography-database/COVID-19_Radiography_Dataset/Normal/images/Normal-5583.png,Normal,Normal,8.170159162546042e-06,0.0032034849282354116,0.9967883825302124,4.429609179457117e-10,0.7030211687088013,0.395467072725296,0.395467072725296
/kaggle/input/datasets/tawsifurrahman/covid19-radiography-database/COVID-19_Radiography_Dataset/Normal/images/Normal-5586.png,Normal,Normal,7.3504820647940505e-06,0.001658406457863748,0.9983342289924622,5.937302205438755e-09,0.7201583385467529,,
/kaggle/input/datasets/tawsifurrahman/covid19-radiography-database/COVID-19_Radiography_Dataset/Normal/images/Normal-5589.png,Normal,Normal,1.3304162393978913e-06,0.0009984791977331042,0.9990002512931824,1.2104694416953388e-12,0.6573802828788757,,
/kaggle/input/datasets/tawsifurrahman/covid19-radiography-database/COVID-19_Radiography_Dataset/Normal/images/Normal-559.png,Normal,Normal,7.657664355065208e-06,8.606968549429439e-06,0.999983549118042,2.0552293733544502e-07,0.5821713805198669,0.24303683638572693,0.24303683638572693
/kaggle/input/datasets/tawsifurrahman/covid19-radiography-database/COVID-19_Radiography_Dataset/Normal/images/Normal-5598.png,Normal,Normal,2.3712273105047643e-06,0.001038669259287417,0.998958945274353,1.3163839795993226e-08,0.6379139423370361,0.329009085893631,0.329009085893631
/kaggle/input/datasets/tawsifurrahman/covid19-radiography-database/COVID-19_Radiography_Dataset/Normal/images/Normal-5602.png,Normal,Normal,2.394547118456103e-05,0.01528333779424429,0.9846926927566528,5.145638581893763e-09,0.6423170566558838,,
/kaggle/input/datasets/tawsifurrahman/covid19-radiography-database/COVID-19_Radiography_Dataset/Normal/images/Normal-5605.png,Normal,Normal,4.565621622987237e-07,0.004559328313916922,0.9954401254653931,2.795710052350131e-10,0.6340353488922119,,
/kaggle/input/datasets/tawsifurrahman/covid19-radiography-database/COVID-19_Radiography_Dataset/Normal/images/Normal-5609.png,Normal,Normal,8.301582056446932e-06,0.0010145808337256312,0.9989751577377319,1.9022028254767065e-06,0.641405463218689,,
/kaggle/input/datasets/tawsifurrahman/covid19-radiography-database/COVID-19_Radiography_Dataset/Normal/images/Normal-5612.png,Normal,Normal,5.812451490783133e-06,0.005178685300052166,0.9948155283927917,3.7911540573531965e-10,0.6737232804298401,,
/kaggle/input/datasets/tawsifurrahman/covid19-radiography-database/COVID-19_Radiography_Dataset/Normal/images/Normal-5616.png,Normal,Normal,0.003452720819041133,0.03375765308737755,0.9627878665924072,1.7695866745270905e-06,0.7245073914527893,,
/kaggle/input/datasets/tawsifurrahman/covid19-radiography-database/COVID-19_Radiography_Dataset/Normal/images/Normal-5621.png,Normal,Normal,4.874965497947414e-07,0.2801072299480438,0.7198922634124756,2.3794475723093456e-08,0.655274510383606,,
/kaggle/input/datasets/tawsifurrahman/covid19-radiography-database/COVID-19_Radiography_Dataset/Normal/images/Normal-5631.png,Normal,Normal,0.0002109775086864829,0.0016224851133301854,0.9981605410575867,5.959153895673808e-06,0.6083053350448608,0.20347170531749725,0.20347170531749725
/kaggle/input/datasets/tawsifurrahman/covid19-radiography-database/COVID-19_Radiography_Dataset/Normal/images/Normal-5635.png,Normal,Normal,3.540744231145254e-08,0.001328955520875752,0.9986710548400879,4.2848235182191274e-08,0.41869157552719116,,
/kaggle/input/datasets/tawsifurrahman/covid19-radiography-database/COVID-19_Radiography_Dataset/Normal/images/Normal-5645.png,Normal,Normal,0.052580997347831726,0.00227828836068511,0.9451406598091125,6.260717810846472e-08,0.6806030869483948,,
/kaggle/input/datasets/tawsifurrahman/covid19-radiography-database/COVID-19_Radiography_Dataset/Normal/images/Normal-5646.png,Normal,Normal,5.293871367939573e-07,0.00014557781105395406,0.9998539686203003,2.0453902460637607e-11,0.7094749808311462,,
/kaggle/input/datasets/tawsifurrahman/covid19-radiography-database/COVID-19_Radiography_Dataset/Normal/images/Normal-5659.png,Normal,Normal,2.861195753212087e-05,0.0002753313456196338,0.9996961355209351,2.3713978003492286e-10,0.6610192060470581,0.3077605962753296,0.3077605962753296
/kaggle/input/datasets/tawsifurrahman/covid19-radiography-database/COVID-19_Radiography_Dataset/Normal/images/Normal-5662.png,Normal,Normal,0.000990241183899343,0.008117154240608215,0.9908925294876099,6.885988668159371e-09,0.6649582982063293,,
/kaggle/input/datasets/tawsifurrahman/covid19-radiography-database/COVID-19_Radiography_Dataset/Normal/images/Normal-5679.png,Normal,Normal,1.0519957349686138e-08,0.002195347100496292,0.9978047013282776,1.254847788179081e-11,0.6689292192459106,0.3305845558643341,0.3305845558643341
/kaggle/input/datasets/tawsifurrahman/covid19-radiography-database/COVID-19_Radiography_Dataset/Normal/images/Normal-568.png,Normal,Normal,8.020225322979968e-06,1.900357165141031e-05,0.9999727010726929,2.8364104309730465e-07,0.6418348550796509,,
/kaggle/input/datasets/tawsifurrahman/covid19-radiography-database/COVID-19_Radiography_Dataset/Normal/images/Normal-5682.png,Normal,Normal,2.5647221235658435e-08,0.001776290126144886,0.9982237219810486,9.363367026171687e-11,0.6214215159416199,,
/kaggle/input/datasets/tawsifurrahman/covid19-radiography-database/COVID-19_Radiography_Dataset/Normal/images/Normal-5683.png,Normal,Normal,7.183563138823956e-05,0.00032181115238927305,0.9996063113212585,6.270733932112194e-10,0.6504365801811218,,
/kaggle/input/datasets/tawsifurrahman/covid19-radiography-database/COVID-19_Radiography_Dataset/Normal/images/Normal-5689.png,Normal,Normal,4.447728088052827e-07,0.0016283504664897919,0.9983711838722229,4.733667346989989e-10,0.6221225261688232,,
/kaggle/input/datasets/tawsifurrahman/covid19-radiography-database/COVID-19_Radiography_Dataset/Normal/images/Normal-5695.png,Normal,Normal,4.408174270054133e-09,0.00016967878036666662,0.9998302459716797,8.81105626827916e-13,0.707019567489624,,
/kaggle/input/datasets/tawsifurrahman/covid19-radiography-database/COVID-19_Radiography_Dataset/Normal/images/Normal-5696.png,Normal,Normal,1.0187211962886522e-08,0.0006927545764483511,0.9993072748184204,4.1837710379466486e-11,0.5956860780715942,0.31720730662345886,0.31720730662345886
/kaggle/input/datasets/tawsifurrahman/covid19-radiography-database/COVID-19_Radiography_Dataset/Normal/images/Normal-5708.png,Normal,Normal,6.940315984138579e-07,0.00027142756152898073,0.9997277855873108,3.295945183445781e-10,0.6372509598731995,0.34137171506881714,0.34137171506881714
/kaggle/input/datasets/tawsifurrahman/covid19-radiography-database/COVID-19_Radiography_Dataset/Normal/images/Normal-5712.png,Normal,Normal,4.882237044512294e-05,0.0002901671687141061,0.9996609687805176,1.7534356189230493e-08,0.6503221988677979,,
/kaggle/input/datasets/tawsifurrahman/covid19-radiography-database/COVID-19_Radiography_Dataset/Normal/images/Normal-5717.png,Normal,Normal,5.754346332764726e-08,0.0004543581744655967,0.9995456337928772,3.028595707554871e-10,0.6648508906364441,,
/kaggle/input/datasets/tawsifurrahman/covid19-radiography-database/COVID-19_Radiography_Dataset/Normal/images/Normal-5719.png,Normal,Normal,1.0076404599601574e-08,0.00023898997460491955,0.9997610449790955,2.1333982757471004e-12,0.6025248765945435,,
/kaggle/input/datasets/tawsifurrahman/covid19-radiography-database/COVID-19_Radiography_Dataset/Normal/images/Normal-5720.png,Normal,Normal,0.0012502125464379787,0.0012151474365964532,0.9975342750549316,3.7631164673257445e-07,0.6905237436294556,0.3826286792755127,0.3826286792755127
/kaggle/input/datasets/tawsifurrahman/covid19-radiography-database/COVID-19_Radiography_Dataset/Normal/images/Normal-5724.png,Normal,Normal,3.813690682363813e-06,0.0011025785934180021,0.998893678188324,2.384469288685409e-10,0.6448031067848206,0.4685923457145691,0.4685923457145691
/kaggle/input/datasets/tawsifurrahman/covid19-radiography-database/COVID-19_Radiography_Dataset/Normal/images/Normal-5725.png,Normal,Normal,1.592475541656313e-06,0.0004496089241001755,0.9995488524436951,1.185311737650352e-09,0.7269880771636963,,
/kaggle/input/datasets/tawsifurrahman/covid19-radiography-database/COVID-19_Radiography_Dataset/Normal/images/Normal-5729.png,Normal,Normal,1.0784647486161703e-07,0.0006980779580771923,0.9993017911911011,9.239828520357651e-12,0.6711336374282837,,
/kaggle/input/datasets/tawsifurrahman/covid19-radiography-database/COVID-19_Radiography_Dataset/Normal/images/Normal-5740.png,Normal,Normal,0.0006907298229634762,0.007684859912842512,0.9916234612464905,9.61506657404243e-07,0.6673270463943481,0.423782616853714,0.423782616853714
/kaggle/input/datasets/tawsifurrahman/covid19-radiography-database/COVID-19_Radiography_Dataset/Normal/images/Normal-5755.png,Normal,Normal,9.810164236512264e-09,7.709889177931473e-05,0.9999228715896606,7.492781395335157e-11,0.7160196304321289,,
/kaggle/input/datasets/tawsifurrahman/covid19-radiography-database/COVID-19_Radiography_Dataset/Normal/images/Normal-5757.png,Normal,Normal,5.767285315982917e-09,5.985092866467312e-05,0.9999401569366455,4.89244018561652e-12,0.692723274230957,0.34801769256591797,0.34801769256591797
/kaggle/input/datasets/tawsifurrahman/covid19-radiography-database/COVID-19_Radiography_Dataset/Normal/images/Normal-5769.png,Normal,Normal,2.8921112615876154e-08,0.0010902568465098739,0.9989097118377686,1.5409065082933049e-12,0.6805921792984009,,
/kaggle/input/datasets/tawsifurrahman/covid19-radiography-database/COVID-19_Radiography_Dataset/Normal/images/Normal-5773.png,Normal,Normal,0.0002588857605587691,0.015670688822865486,0.9840704202651978,1.3390124564693906e-09,0.6874178647994995,0.27597442269325256,0.27597442269325256
/kaggle/input/datasets/tawsifurrahman/covid19-radiography-database/COVID-19_Radiography_Dataset/Normal/images/Normal-5783.png,Normal,Normal,6.128970664320832e-09,0.00020480607054196298,0.9997952580451965,1.4562169829354654e-12,0.6902856230735779,,
/kaggle/input/datasets/tawsifurrahman/covid19-radiography-database/COVID-19_Radiography_Dataset/Normal/images/Normal-58.png,Normal,Normal,0.0001646543969400227,0.028613485395908356,0.9712202548980713,1.6203458699237672e-06,0.6480801105499268,,
/kaggle/input/datasets/tawsifurrahman/covid19-radiography-database/COVID-19_Radiography_Dataset/Normal/images/Normal-5817.png,Normal,Normal,4.551715893086339e-09,0.0007452821009792387,0.9992546439170837,3.1567036311297425e-12,0.6697246432304382,0.345971018075943,0.345971018075943
/kaggle/input/datasets/tawsifurrahman/covid19-radiography-database/COVID-19_Radiography_Dataset/Normal/images/Normal-5826.png,Normal,Normal,0.0006139884353615344,0.00040391014772467315,0.9989820122718811,3.0055793964756106e-10,0.6456343531608582,,
/kaggle/input/datasets/tawsifurrahman/covid19-radiography-database/COVID-19_Radiography_Dataset/Normal/images/Normal-5828.png,Normal,Normal,0.00024724192917346954,0.003076747991144657,0.996665894985199,1.0145254236704204e-05,0.6614881157875061,0.2358221560716629,0.2358221560716629
/kaggle/input/datasets/tawsifurrahman/covid19-radiography-database/COVID-19_Radiography_Dataset/Normal/images/Normal-5831.png,Normal,Normal,2.536360625526868e-06,0.0016635741339996457,0.9983339905738831,7.786246647434325e-10,0.6692448258399963,,
/kaggle/input/datasets/tawsifurrahman/covid19-radiography-database/COVID-19_Radiography_Dataset/Normal/images/Normal-5834.png,Normal,Normal,9.045494516612962e-05,9.568772657075897e-05,0.9998138546943665,4.6886601268170125e-09,0.6776352524757385,,
/kaggle/input/datasets/tawsifurrahman/covid19-radiography-database/COVID-19_Radiography_Dataset/Normal/images/Normal-5855.png,Normal,Normal,0.001422710483893752,0.008922729641199112,0.989654541015625,2.4006128640507995e-08,0.7020737528800964,0.5007988214492798,0.5007988214492798
/kaggle/input/datasets/tawsifurrahman/covid19-radiography-database/COVID-19_Radiography_Dataset/Normal/images/Normal-5858.png,Normal,Normal,1.4636835885539767e-06,0.017625635489821434,0.9823728799819946,1.0351426382726459e-09,0.6525711417198181,,
/kaggle/input/datasets/tawsifurrahman/covid19-radiography-database/COVID-19_Radiography_Dataset/Normal/images/Normal-5859.png,Normal,Normal,2.201315352223787e-09,0.00025461867335252464,0.9997454285621643,5.682715582822073e-12,0.6651371121406555,,
/kaggle/input/datasets/tawsifurrahman/covid19-radiography-database/COVID-19_Radiography_Dataset/Normal/images/Normal-5865.png,Normal,Normal,0.0009141860064119101,0.0018443180015310645,0.9972410202026367,4.288928039386519e-07,0.6891161799430847,,
/kaggle/input/datasets/tawsifurrahman/covid19-radiography-database/COVID-19_Radiography_Dataset/Normal/images/Normal-5866.png,Normal,Normal,0.0020820857025682926,0.0016236532246693969,0.9962942004203796,2.276072486040448e-08,0.6668357849121094,0.4036731421947479,0.4036731421947479
/kaggle/input/datasets/tawsifurrahman/covid19-radiography-database/COVID-19_Radiography_Dataset/Normal/images/Normal-5872.png,Normal,Normal,5.635687330141081e-07,0.0005049869068898261,0.999494194984436,2.1505898928353417e-07,0.656354546546936,,
/kaggle/input/datasets/tawsifurrahman/covid19-radiography-database/COVID-19_Radiography_Dataset/Normal/images/Normal-5876.png,Normal,Normal,5.2930627134628594e-05,0.18120625615119934,0.8187400102615356,8.440779879492766e-07,0.7024825215339661,,
/kaggle/input/datasets/tawsifurrahman/covid19-radiography-database/COVID-19_Radiography_Dataset/Normal/images/Normal-5880.png,Normal,Normal,1.6900683874609967e-07,0.00033846028964035213,0.9996614456176758,1.5341868400686742e-11,0.6378518342971802,0.30349740386009216,0.30349740386009216
/kaggle/input/datasets/tawsifurrahman/covid19-radiography-database/COVID-19_Radiography_Dataset/Normal/images/Normal-5885.png,Normal,Normal,2.3312361008720472e-05,0.002028786577284336,0.9979478716850281,1.180026121261335e-08,0.7211011052131653,,
/kaggle/input/datasets/tawsifurrahman/covid19-radiography-database/COVID-19_Radiography_Dataset/Normal/images/Normal-5886.png,Normal,Normal,0.0011347283143550158,0.003944053314626217,0.9949212670326233,5.493582255766682e-10,0.6269955039024353,,
/kaggle/input/datasets/tawsifurrahman/covid19-radiography-database/COVID-19_Radiography_Dataset/Normal/images/Normal-5890.png,Normal,Normal,4.432045534485951e-05,0.013894881121814251,0.9860607385635376,2.5925327662434938e-08,0.7033302783966064,,
/kaggle/input/datasets/tawsifurrahman/covid19-radiography-database/COVID-19_Radiography_Dataset/Normal/images/Normal-5891.png,Normal,Normal,6.383145318977768e-06,0.0017299341270700097,0.9982635378837585,7.392547018980622e-08,0.611954391002655,,
/kaggle/input/datasets/tawsifurrahman/covid19-radiography-database/COVID-19_Radiography_Dataset/Normal/images/Normal-59.png,Normal,Normal,1.4925324194337009e-06,0.0005543400184251368,0.9994440674781799,2.1897905710943633e-09,0.6956498622894287,,
/kaggle/input/datasets/tawsifurrahman/covid19-radiography-database/COVID-19_Radiography_Dataset/Normal/images/Normal-5901.png,Normal,Normal,2.27266937145032e-05,0.00045739204506389797,0.9995198249816895,2.3383552039124567e-11,0.6779575347900391,,
/kaggle/input/datasets/tawsifurrahman/covid19-radiography-database/COVID-19_Radiography_Dataset/Normal/images/Normal-5906.png,Normal,Normal,2.865061287593562e-05,0.001372998463921249,0.9985981583595276,1.797568103256708e-07,0.6157461404800415,0.30414411425590515,0.30414411425590515
/kaggle/input/datasets/tawsifurrahman/covid19-radiography-database/COVID-19_Radiography_Dataset/Normal/images/Normal-5911.png,Normal,Normal,0.00024338260118383914,9.104331547860056e-05,0.9996656179428101,3.142460736071939e-10,0.7062078714370728,0.41869962215423584,0.41869962215423584
/kaggle/input/datasets/tawsifurrahman/covid19-radiography-database/COVID-19_Radiography_Dataset/Normal/images/Normal-5923.png,Normal,Normal,9.036784467753023e-05,0.0008898567175492644,0.9990197420120239,2.558735001656487e-09,0.6594659686088562,0.3211643397808075,0.3211643397808075
/kaggle/input/datasets/tawsifurrahman/covid19-radiography-database/COVID-19_Radiography_Dataset/Normal/images/Normal-5932.png,Normal,Normal,3.426158343700081e-07,0.0005271400441415608,0.9994725584983826,8.344367558033028e-11,0.7022668123245239,,
/kaggle/input/datasets/tawsifurrahman/covid19-radiography-database/COVID-19_Radiography_Dataset/Normal/images/Normal-5937.png,Normal,Normal,2.4182256311178207e-05,7.799259037710726e-05,0.999897837638855,1.2789402349666634e-11,0.6970516443252563,0.31968215107917786,0.31968215107917786
/kaggle/input/datasets/tawsifurrahman/covid19-radiography-database/COVID-19_Radiography_Dataset/Normal/images/Normal-5945.png,Normal,Normal,3.9316464039984567e-07,0.007496469654142857,0.9925031661987305,9.888607294117335e-11,0.6181572079658508,,
/kaggle/input/datasets/tawsifurrahman/covid19-radiography-database/COVID-19_Radiography_Dataset/Normal/images/Normal-5951.png,Normal,Normal,0.0009921033633872867,0.0018999379826709628,0.9971079230308533,1.3519330543942942e-08,0.7054449915885925,,
/kaggle/input/datasets/tawsifurrahman/covid19-radiography-database/COVID-19_Radiography_Dataset/Normal/images/Normal-5956.png,Normal,Normal,2.2455824364442378e-05,0.0002075860829791054,0.9997699856758118,4.990750923639098e-08,0.6914843320846558,0.513397216796875,0.513397216796875
/kaggle/input/datasets/tawsifurrahman/covid19-radiography-database/COVID-19_Radiography_Dataset/Normal/images/Normal-596.png,Normal,Normal,0.000593195203691721,0.0003298947121948004,0.9446173310279846,0.0544595830142498,0.6759729981422424,,
/kaggle/input/datasets/tawsifurrahman/covid19-radiography-database/COVID-19_Radiography_Dataset/Normal/images/Normal-5967.png,Normal,Normal,1.7876520360005088e-05,0.0014059740351513028,0.99857497215271,1.2054362059643609e-06,0.644152820110321,,
/kaggle/input/datasets/tawsifurrahman/covid19-radiography-database/COVID-19_Radiography_Dataset/Normal/images/Normal-5972.png,Normal,Normal,1.1081405792978671e-09,0.001080663176253438,0.9989193677902222,1.6435968254804867e-12,0.6193593740463257,,
/kaggle/input/datasets/tawsifurrahman/covid19-radiography-database/COVID-19_Radiography_Dataset/Normal/images/Normal-5983.png,Normal,Normal,1.6385813239594427e-07,0.0005672207335010171,0.9994326233863831,1.6942583403942169e-12,0.6949877738952637,,
/kaggle/input/datasets/tawsifurrahman/covid19-radiography-database/COVID-19_Radiography_Dataset/Normal/images/Normal-5986.png,Normal,Normal,4.526686154804338e-07,0.0007534116739407182,0.9992461204528809,6.428253485069035e-09,0.5810524225234985,0.22131632268428802,0.22131632268428802
/kaggle/input/datasets/tawsifurrahman/covid19-radiography-database/COVID-19_Radiography_Dataset/Normal/images/Normal-5990.png,Normal,Normal,1.797979712137021e-05,0.00812550075352192,0.991856575012207,8.232476034208958e-09,0.7154119610786438,,
/kaggle/input/datasets/tawsifurrahman/covid19-radiography-database/COVID-19_Radiography_Dataset/Normal/images/Normal-5992.png,Normal,Normal,3.409638884477317e-05,0.00011200136941624805,0.9998538494110107,1.3056578040959721e-08,0.6830068826675415,,
/kaggle/input/datasets/tawsifurrahman/covid19-radiography-database/COVID-19_Radiography_Dataset/Normal/images/Normal-5999.png,Normal,Normal,7.722761097284092e-07,0.0026410252321511507,0.9973582625389099,3.4131883430710275e-10,0.7012816071510315,,
/kaggle/input/datasets/tawsifurrahman/covid19-radiography-database/COVID-19_Radiography_Dataset/Normal/images/Normal-600.png,Normal,Normal,1.52331904246239e-05,0.00019247735326644033,0.9997515082359314,4.0802067815093324e-05,0.5697828531265259,,
/kaggle/input/datasets/tawsifurrahman/covid19-radiography-database/COVID-19_Radiography_Dataset/Normal/images/Normal-6013.png,Normal,Normal,0.0001522115053376183,0.0026346794329583645,0.9972131848335266,1.1009082534485515e-08,0.7266579270362854,,
/kaggle/input/datasets/tawsifurrahman/covid19-radiography-database/COVID-19_Radiography_Dataset/Normal/images/Normal-6015.png,Normal,Normal,2.7122673600388225e-06,0.005247251130640507,0.9947500824928284,2.0465351635579054e-09,0.6443073153495789,,
/kaggle/input/datasets/tawsifurrahman/covid19-radiography-database/COVID-19_Radiography_Dataset/Normal/images/Normal-602.png,Normal,Viral Pneumonia,0.0005606624763458967,0.0001563584228279069,0.39973369240760803,0.5995492935180664,0.5735064148902893,,
/kaggle/input/datasets/tawsifurrahman/covid19-radiography-database/COVID-19_Radiography_Dataset/Normal/images/Normal-6024.png,Normal,Normal,5.137085281603504e-07,0.01114580500870943,0.9888536930084229,5.978787243066108e-08,0.6552837491035461,,
/kaggle/input/datasets/tawsifurrahman/covid19-radiography-database/COVID-19_Radiography_Dataset/Normal/images/Normal-6025.png,Normal,Normal,4.262184916115075e-07,1.550580964249093e-05,0.9999840259552002,1.545993749685337e-10,0.7343329191207886,,
/kaggle/input/datasets/tawsifurrahman/covid19-radiography-database/COVID-19_Radiography_Dataset/Normal/images/Normal-6029.png,Normal,Normal,0.03394089639186859,0.004039034713059664,0.9620159864425659,3.99708051190828e-06,0.6371442675590515,,
/kaggle/input/datasets/tawsifurrahman/covid19-radiography-database/COVID-19_Radiography_Dataset/Normal/images/Normal-6036.png,Normal,Normal,1.7805521679292724e-07,0.0013170801103115082,0.9986827969551086,2.6653410034604974e-10,0.5800576210021973,0.2733657658100128,0.2733657658100128
/kaggle/input/datasets/tawsifurrahman/covid19-radiography-database/COVID-19_Radiography_Dataset/Normal/images/Normal-6047.png,Normal,Normal,0.001567444414831698,0.37195050716400146,0.6264820098876953,7.327483331209805e-08,0.6914710402488708,0.1874801218509674,0.1874801218509674
/kaggle/input/datasets/tawsifurrahman/covid19-radiography-database/COVID-19_Radiography_Dataset/Normal/images/Normal-6050.png,Normal,Normal,9.411018254468217e-06,9.450425568502396e-05,0.9998960494995117,2.384467276406177e-11,0.6553706526756287,0.4092666804790497,0.4092666804790497
/kaggle/input/datasets/tawsifurrahman/covid19-radiography-database/COVID-19_Radiography_Dataset/Normal/images/Normal-6051.png,Normal,Normal,6.74498414809932e-06,0.05293264240026474,0.9469391107559204,0.00012148621317464858,0.6899569034576416,,
/kaggle/input/datasets/tawsifurrahman/covid19-radiography-database/COVID-19_Radiography_Dataset/Normal/images/Normal-6057.png,Normal,Normal,3.149049007333815e-05,0.012040426023304462,0.9879280924797058,2.514472796644185e-10,0.5865381360054016,,
/kaggle/input/datasets/tawsifurrahman/covid19-radiography-database/COVID-19_Radiography_Dataset/Normal/images/Normal-6062.png,Normal,Normal,0.0004400591133162379,0.00024071706866379827,0.9993191957473755,4.631586492109818e-08,0.6701487898826599,,
/kaggle/input/datasets/tawsifurrahman/covid19-radiography-database/COVID-19_Radiography_Dataset/Normal/images/Normal-6067.png,Normal,Normal,4.1022502728083055e-07,0.01745394617319107,0.9825456142425537,9.517607535425299e-11,0.6752216815948486,0.4440753161907196,0.4440753161907196
/kaggle/input/datasets/tawsifurrahman/covid19-radiography-database/COVID-19_Radiography_Dataset/Normal/images/Normal-6068.png,Normal,Normal,9.97177903627744e-06,0.0009057727875187993,0.9990842342376709,4.9801149315520377e-11,0.6894965767860413,0.41048964858055115,0.41048964858055115
/kaggle/input/datasets/tawsifurrahman/covid19-radiography-database/COVID-19_Radiography_Dataset/Normal/images/Normal-6072.png,Normal,Normal,1.625761214540944e-08,0.012374760583043098,0.9876251816749573,5.11398656755091e-09,0.7045357823371887,,
/kaggle/input/datasets/tawsifurrahman/covid19-radiography-database/COVID-19_Radiography_Dataset/Normal/images/Normal-6079.png,Normal,Normal,1.794948616407055e-06,0.001466370653361082,0.9985318183898926,2.1551060935820487e-09,0.6964715123176575,,
/kaggle/input/datasets/tawsifurrahman/covid19-radiography-database/COVID-19_Radiography_Dataset/Normal/images/Normal-608.png,Normal,Normal,1.5707195416325703e-05,0.00012339968816377223,0.9997751116752625,8.581257134210318e-05,0.6216220259666443,,
/kaggle/input/datasets/tawsifurrahman/covid19-radiography-database/COVID-19_Radiography_Dataset/Normal/images/Normal-6091.png,Normal,Normal,0.0019936177413910627,0.08043090999126434,0.9175751805305481,2.5049268970178673e-07,0.6521031260490417,,
/kaggle/input/datasets/tawsifurrahman/covid19-radiography-database/COVID-19_Radiography_Dataset/Normal/images/Normal-6093.png,Normal,Normal,6.622536602662876e-05,0.0001311210944550112,0.9998026490211487,2.841420654320359e-09,0.6883508563041687,0.40897029638290405,0.40897029638290405
/kaggle/input/datasets/tawsifurrahman/covid19-radiography-database/COVID-19_Radiography_Dataset/Normal/images/Normal-6095.png,Normal,Normal,7.915076025710732e-07,7.022447243798524e-05,0.9999289512634277,3.0855609733926315e-11,0.6541838645935059,,
/kaggle/input/datasets/tawsifurrahman/covid19-radiography-database/COVID-19_Radiography_Dataset/Normal/images/Normal-61.png,Normal,Normal,6.873450274724746e-06,0.015098745003342628,0.984894335269928,1.0401318695230088e-09,0.6974607706069946,,
/kaggle/input/datasets/tawsifurrahman/covid19-radiography-database/COVID-19_Radiography_Dataset/Normal/images/Normal-611.png,Normal,Normal,0.0001779577723937109,9.166406380245462e-05,0.9997256398200989,4.798215286427876e-06,0.6728598475456238,,
/kaggle/input/datasets/tawsifurrahman/covid19-radiography-database/COVID-19_Radiography_Dataset/Normal/images/Normal-6110.png,Normal,Normal,3.0094954581727507e-06,0.0002036367222899571,0.9997933506965637,6.311339784126346e-10,0.7409010529518127,,
/kaggle/input/datasets/tawsifurrahman/covid19-radiography-database/COVID-19_Radiography_Dataset/Normal/images/Normal-6113.png,Normal,Normal,1.4674010628823453e-07,9.896003757603467e-05,0.9999009370803833,1.6840600094991665e-12,0.6626859307289124,,
/kaggle/input/datasets/tawsifurrahman/covid19-radiography-database/COVID-19_Radiography_Dataset/Normal/images/Normal-6116.png,Normal,Normal,0.0014996393583714962,0.0755130797624588,0.9229804277420044,6.806080818932969e-06,0.6552406549453735,,
/kaggle/input/datasets/tawsifurrahman/covid19-radiography-database/COVID-19_Radiography_Dataset/Normal/images/Normal-6117.png,Normal,Normal,1.278101677826271e-07,0.007315350230783224,0.9926844835281372,8.362683878715416e-09,0.6396252512931824,,
/kaggle/input/datasets/tawsifurrahman/covid19-radiography-database/COVID-19_Radiography_Dataset/Normal/images/Normal-6131.png,Normal,Normal,8.48188562940777e-07,0.0035684218164533377,0.9964307546615601,1.339779731601709e-09,0.6708112955093384,0.39561977982521057,0.39561977982521057
/kaggle/input/datasets/tawsifurrahman/covid19-radiography-database/COVID-19_Radiography_Dataset/Normal/images/Normal-6132.png,Normal,Normal,1.0503674729989143e-07,0.03425907343626022,0.9657407999038696,7.410750235692376e-09,0.6421568989753723,0.3196018934249878,0.3196018934249878
/kaggle/input/datasets/tawsifurrahman/covid19-radiography-database/COVID-19_Radiography_Dataset/Normal/images/Normal-6134.png,Normal,Normal,7.656609568584827e-07,8.630562660982832e-05,0.9999129772186279,5.592670857673676e-12,0.7033477425575256,0.4763129949569702,0.4763129949569702
/kaggle/input/datasets/tawsifurrahman/covid19-radiography-database/COVID-19_Radiography_Dataset/Normal/images/Normal-6136.png,Normal,Normal,6.203724478837103e-05,0.026317918673157692,0.9736199378967285,6.040757227765425e-08,0.6439050436019897,,
/kaggle/input/datasets/tawsifurrahman/covid19-radiography-database/COVID-19_Radiography_Dataset/Normal/images/Normal-6145.png,Normal,Normal,0.03507845476269722,0.004312671720981598,0.9606088399887085,1.8325819084452633e-08,0.7055599093437195,,
/kaggle/input/datasets/tawsifurrahman/covid19-radiography-database/COVID-19_Radiography_Dataset/Normal/images/Normal-6148.png,Normal,Normal,9.003216661085389e-08,0.0012998981401324272,0.9986999034881592,1.8798111955931063e-09,0.7187751531600952,,
/kaggle/input/datasets/tawsifurrahman/covid19-radiography-database/COVID-19_Radiography_Dataset/Normal/images/Normal-6163.png,Normal,Normal,4.432817149790935e-05,0.01430978812277317,0.9856457114219666,1.8837872062249517e-07,0.6797076463699341,,
/kaggle/input/datasets/tawsifurrahman/covid19-radiography-database/COVID-19_Radiography_Dataset/Normal/images/Normal-6167.png,Normal,Normal,3.713745311273442e-09,0.004396907519549131,0.995603084564209,2.8768361391012798e-12,0.685042142868042,,
/kaggle/input/datasets/tawsifurrahman/covid19-radiography-database/COVID-19_Radiography_Dataset/Normal/images/Normal-6168.png,Normal,Normal,7.441391391971308e-10,0.0020711293909698725,0.9979288578033447,6.168280469731613e-11,0.719140887260437,,
/kaggle/input/datasets/tawsifurrahman/covid19-radiography-database/COVID-19_Radiography_Dataset/Normal/images/Normal-617.png,Normal,Normal,7.11890788807068e-06,6.8662470766867045e-06,0.999985933303833,4.3006245675769605e-08,0.62857985496521,,
/kaggle/input/datasets/tawsifurrahman/covid19-radiography-database/COVID-19_Radiography_Dataset/Normal/images/Normal-6175.png,Normal,Normal,0.0002238799788756296,0.006934685166925192,0.9928373694419861,4.024643203592859e-06,0.673159122467041,,
/kaggle/input/datasets/tawsifurrahman/covid19-radiography-database/COVID-19_Radiography_Dataset/Normal/images/Normal-6185.png,Normal,Normal,7.347375503741205e-05,0.010357084684073925,0.9895692467689514,1.9723792377135396e-07,0.6163254380226135,,
/kaggle/input/datasets/tawsifurrahman/covid19-radiography-database/COVID-19_Radiography_Dataset/Normal/images/Normal-6187.png,Normal,Normal,2.473381641721062e-07,0.00036222650669515133,0.9996374845504761,2.229334217229706e-10,0.6549950242042542,0.27489471435546875,0.27489471435546875
/kaggle/input/datasets/tawsifurrahman/covid19-radiography-database/COVID-19_Radiography_Dataset/Normal/images/Normal-6193.png,Normal,Normal,0.00020676213898696005,0.002465929137542844,0.9973270893096924,2.5466798092566023e-07,0.6915756464004517,,
/kaggle/input/datasets/tawsifurrahman/covid19-radiography-database/COVID-19_Radiography_Dataset/Normal/images/Normal-6196.png,Normal,Normal,2.9394343073363416e-05,0.0001132391334977001,0.9998571872711182,1.1249207432229014e-07,0.6802613139152527,0.5158995985984802,0.5158995985984802
/kaggle/input/datasets/tawsifurrahman/covid19-radiography-database/COVID-19_Radiography_Dataset/Normal/images/Normal-620.png,Normal,Normal,0.0003483314358163625,0.0004454005102161318,0.9991890788078308,1.7227946955244988e-05,0.6347659230232239,,
/kaggle/input/datasets/tawsifurrahman/covid19-radiography-database/COVID-19_Radiography_Dataset/Normal/images/Normal-6200.png,Normal,Normal,8.590224069848773e-07,0.1286885291337967,0.8713104724884033,1.1775192376717314e-07,0.649324357509613,0.3059787154197693,0.3059787154197693
/kaggle/input/datasets/tawsifurrahman/covid19-radiography-database/COVID-19_Radiography_Dataset/Normal/images/Normal-6203.png,Normal,Normal,1.0497165021661203e-06,0.0009061740711331367,0.9990928173065186,1.0585898824189144e-09,0.6728065609931946,,
/kaggle/input/datasets/tawsifurrahman/covid19-radiography-database/COVID-19_Radiography_Dataset/Normal/images/Normal-6204.png,Normal,Normal,0.00032526240102015436,0.008484112098813057,0.9911906719207764,3.725225683481881e-09,0.6101044416427612,,
/kaggle/input/datasets/tawsifurrahman/covid19-radiography-database/COVID-19_Radiography_Dataset/Normal/images/Normal-6214.png,Normal,Normal,3.904276127286721e-06,0.0008618829306215048,0.9991341233253479,5.522766244325794e-08,0.689588189125061,0.42362692952156067,0.42362692952156067
/kaggle/input/datasets/tawsifurrahman/covid19-radiography-database/COVID-19_Radiography_Dataset/Normal/images/Normal-6225.png,Normal,Normal,0.00011508586612762883,0.006663959939032793,0.9932098984718323,1.1050797183997929e-05,0.7112652659416199,,
/kaggle/input/datasets/tawsifurrahman/covid19-radiography-database/COVID-19_Radiography_Dataset/Normal/images/Normal-623.png,Normal,Normal,2.3945224256749498e-06,7.094989268807694e-05,0.9999253749847412,1.3236311815489898e-06,0.597698450088501,,
/kaggle/input/datasets/tawsifurrahman/covid19-radiography-database/COVID-19_Radiography_Dataset/Normal/images/Normal-6234.png,Normal,Normal,1.2236055226821918e-06,0.0014799226773902774,0.9985188841819763,1.3909514429144565e-08,0.6586087346076965,,
/kaggle/input/datasets/tawsifurrahman/covid19-radiography-database/COVID-19_Radiography_Dataset/Normal/images/Normal-6244.png,Normal,Normal,8.628877367300447e-06,0.0036899831611663103,0.9963012933731079,1.0565809338558552e-09,0.7214817404747009,,
/kaggle/input/datasets/tawsifurrahman/covid19-radiography-database/COVID-19_Radiography_Dataset/Normal/images/Normal-6248.png,Normal,Normal,2.5880190435145778e-08,0.0001510456932010129,0.9998489618301392,3.4911011581595375e-11,0.6801326870918274,,
/kaggle/input/datasets/tawsifurrahman/covid19-radiography-database/COVID-19_Radiography_Dataset/Normal/images/Normal-6249.png,Normal,Normal,4.630832336260937e-06,0.0007646396406926215,0.9992307424545288,4.975292955400334e-10,0.7049570679664612,,
/kaggle/input/datasets/tawsifurrahman/covid19-radiography-database/COVID-19_Radiography_Dataset/Normal/images/Normal-6255.png,Normal,Normal,1.133893874794012e-05,0.00024206664238590747,0.9997466206550598,7.649762490125056e-10,0.6362262964248657,,
/kaggle/input/datasets/tawsifurrahman/covid19-radiography-database/COVID-19_Radiography_Dataset/Normal/images/Normal-6256.png,Normal,Normal,7.223871307360241e-06,0.0022579047363251448,0.9977346658706665,1.7977598076868162e-07,0.7343565821647644,0.3124045729637146,0.3124045729637146
/kaggle/input/datasets/tawsifurrahman/covid19-radiography-database/COVID-19_Radiography_Dataset/Normal/images/Normal-6259.png,Normal,Normal,0.00013674104411620647,0.019121265038847923,0.9807417988777161,1.6431795302196406e-07,0.7051743865013123,,
/kaggle/input/datasets/tawsifurrahman/covid19-radiography-database/COVID-19_Radiography_Dataset/Normal/images/Normal-6263.png,Normal,Normal,0.00015319435624405742,0.0014637710992246866,0.9983818531036377,1.1565944078029133e-06,0.6238579154014587,0.3571174144744873,0.3571174144744873
/kaggle/input/datasets/tawsifurrahman/covid19-radiography-database/COVID-19_Radiography_Dataset/Normal/images/Normal-6264.png,Normal,Normal,1.0588991244731005e-05,0.02340889908373356,0.9765756130218506,4.9035452320822515e-06,0.6355820298194885,,
/kaggle/input/datasets/tawsifurrahman/covid19-radiography-database/COVID-19_Radiography_Dataset/Normal/images/Normal-6265.png,Normal,Normal,1.1465466513982392e-06,0.0012237539049237967,0.998775064945221,1.5221981661261985e-11,0.6820440888404846,,
/kaggle/input/datasets/tawsifurrahman/covid19-radiography-database/COVID-19_Radiography_Dataset/Normal/images/Normal-6269.png,Normal,Normal,3.9190741517813876e-05,0.012349887751042843,0.9876108765602112,1.693458151486027e-09,0.6816976070404053,,
/kaggle/input/datasets/tawsifurrahman/covid19-radiography-database/COVID-19_Radiography_Dataset/Normal/images/Normal-6270.png,Normal,Normal,1.1696948831740883e-06,0.0014787858817726374,0.9985200762748718,1.3717581237582266e-10,0.6393406391143799,,
/kaggle/input/datasets/tawsifurrahman/covid19-radiography-database/COVID-19_Radiography_Dataset/Normal/images/Normal-628.png,Normal,Normal,6.983503408264369e-05,4.2527284676907584e-05,0.9998857975006104,1.8100306533597177e-06,0.6339185237884521,,
/kaggle/input/datasets/tawsifurrahman/covid19-radiography-database/COVID-19_Radiography_Dataset/Normal/images/Normal-6295.png,Normal,Normal,3.6308792914496735e-06,0.0027910161297768354,0.9972053170204163,2.217146327643249e-10,0.6965089440345764,,
/kaggle/input/datasets/tawsifurrahman/covid19-radiography-database/COVID-19_Radiography_Dataset/Normal/images/Normal-63.png,Normal,Normal,2.3508002414018847e-05,0.0001795482385205105,0.9997969269752502,6.701728239022486e-08,0.5949038863182068,,
/kaggle/input/datasets/tawsifurrahman/covid19-radiography-database/COVID-19_Radiography_Dataset/Normal/images/Normal-6311.png,Normal,Normal,1.9464183424133807e-05,0.1103610098361969,0.8896191716194153,3.337640066547465e-07,0.7009701728820801,,
/kaggle/input/datasets/tawsifurrahman/covid19-radiography-database/COVID-19_Radiography_Dataset/Normal/images/Normal-6316.png,Normal,Normal,0.0001187413145089522,4.765971243614331e-05,0.9998335838317871,3.307222051773806e-09,0.6693822145462036,,
/kaggle/input/datasets/tawsifurrahman/covid19-radiography-database/COVID-19_Radiography_Dataset/Normal/images/Normal-6318.png,Normal,Normal,3.5968639622296905e-08,0.0006454508402384818,0.9993545413017273,1.190292656105818e-11,0.6854714751243591,,
/kaggle/input/datasets/tawsifurrahman/covid19-radiography-database/COVID-19_Radiography_Dataset/Normal/images/Normal-6323.png,Normal,Normal,2.162400392080599e-08,0.0037447961512953043,0.9962551593780518,4.802986008911603e-09,0.6452212929725647,,
/kaggle/input/datasets/tawsifurrahman/covid19-radiography-database/COVID-19_Radiography_Dataset/Normal/images/Normal-634.png,Normal,Normal,2.247193879156839e-05,3.422746522119269e-05,0.99993896484375,4.2961146391462535e-06,0.465699166059494,,
/kaggle/input/datasets/tawsifurrahman/covid19-radiography-database/COVID-19_Radiography_Dataset/Normal/images/Normal-6341.png,Normal,Normal,4.330266619945178e-06,0.026345713064074516,0.9736474752426147,2.466304749759729e-06,0.4103630781173706,0.1730424016714096,0.1730424016714096
/kaggle/input/datasets/tawsifurrahman/covid19-radiography-database/COVID-19_Radiography_Dataset/Normal/images/Normal-6343.png,Normal,Normal,0.0026814118027687073,0.0003859023854602128,0.9969325065612793,5.993391027914186e-08,0.6373131275177002,,
/kaggle/input/datasets/tawsifurrahman/covid19-radiography-database/COVID-19_Radiography_Dataset/Normal/images/Normal-6355.png,Normal,Normal,1.2521836652013008e-05,0.0022795049007982016,0.9977079629898071,4.378614137934278e-11,0.6914341449737549,,
/kaggle/input/datasets/tawsifurrahman/covid19-radiography-database/COVID-19_Radiography_Dataset/Normal/images/Normal-6366.png,Normal,Normal,9.007294354823614e-10,0.001364838914014399,0.9986351132392883,5.049802243028978e-10,0.6197195053100586,,
/kaggle/input/datasets/tawsifurrahman/covid19-radiography-database/COVID-19_Radiography_Dataset/Normal/images/Normal-6367.png,Normal,Normal,7.517620588259888e-07,0.005013205111026764,0.9949860572814941,2.4662940134589917e-08,0.6061797142028809,,
/kaggle/input/datasets/tawsifurrahman/covid19-radiography-database/COVID-19_Radiography_Dataset/Normal/images/Normal-6368.png,Normal,Normal,0.0005801105871796608,0.07793629169464111,0.92148357629776,2.961514714017177e-11,0.5455885529518127,,
/kaggle/input/datasets/tawsifurrahman/covid19-radiography-database/COVID-19_Radiography_Dataset/Normal/images/Normal-6369.png,Normal,Normal,3.3274943689320935e-07,0.0015087800566107035,0.9984908103942871,1.560083451312977e-10,0.650848388671875,0.37309151887893677,0.37309151887893677
/kaggle/input/datasets/tawsifurrahman/covid19-radiography-database/COVID-19_Radiography_Dataset/Normal/images/Normal-6372.png,Normal,Normal,1.7660582329881436e-08,0.0036172724794596434,0.9963825941085815,5.655764923062634e-08,0.6829376816749573,,
/kaggle/input/datasets/tawsifurrahman/covid19-radiography-database/COVID-19_Radiography_Dataset/Normal/images/Normal-6378.png,Normal,Normal,2.480576040397864e-05,6.841418507974595e-05,0.9999067783355713,2.1769065716714664e-11,0.7113744020462036,,
/kaggle/input/datasets/tawsifurrahman/covid19-radiography-database/COVID-19_Radiography_Dataset/Normal/images/Normal-6379.png,Normal,Normal,6.0980473790550604e-05,0.10008995980024338,0.8998486995697021,3.8585801576118683e-07,0.5865620970726013,,
/kaggle/input/datasets/tawsifurrahman/covid19-radiography-database/COVID-19_Radiography_Dataset/Normal/images/Normal-6380.png,Normal,Normal,1.292210640713165e-06,0.00046368155744858086,0.999535083770752,4.635963488097694e-12,0.6352658271789551,,
/kaggle/input/datasets/tawsifurrahman/covid19-radiography-database/COVID-19_Radiography_Dataset/Normal/images/Normal-6384.png,Normal,Normal,6.165108788991347e-05,0.0006726384744979441,0.9992656111717224,1.7134390573048108e-09,0.6885413527488708,,
/kaggle/input/datasets/tawsifurrahman/covid19-radiography-database/COVID-19_Radiography_Dataset/Normal/images/Normal-6394.png,Normal,Normal,0.0009537371806800365,0.007702672388404608,0.99134361743927,3.2928082482897025e-09,0.678733229637146,,
/kaggle/input/datasets/tawsifurrahman/covid19-radiography-database/COVID-19_Radiography_Dataset/Normal/images/Normal-6395.png,Normal,Normal,2.2521797291119583e-05,0.0004522714007180184,0.9995251893997192,1.796141291254827e-10,0.6339141726493835,0.3617015480995178,0.3617015480995178
/kaggle/input/datasets/tawsifurrahman/covid19-radiography-database/COVID-19_Radiography_Dataset/Normal/images/Normal-640.png,Normal,Normal,5.856935786141548e-06,9.753734047990292e-05,0.9998588562011719,3.779753751587123e-05,0.587017297744751,,
/kaggle/input/datasets/tawsifurrahman/covid19-radiography-database/COVID-19_Radiography_Dataset/Normal/images/Normal-6409.png,Normal,Normal,1.2304230040172115e-05,0.003529631532728672,0.9964579939842224,1.4908171919181257e-10,0.6379070281982422,,
/kaggle/input/datasets/tawsifurrahman/covid19-radiography-database/COVID-19_Radiography_Dataset/Normal/images/Normal-6411.png,Normal,Normal,3.3829743188107386e-05,0.15391767024993896,0.8460466265678406,1.9714627796929562e-06,0.6979328393936157,0.2510518431663513,0.2510518431663513
/kaggle/input/datasets/tawsifurrahman/covid19-radiography-database/COVID-19_Radiography_Dataset/Normal/images/Normal-6412.png,Normal,Normal,1.874573172244709e-05,0.0004714967217296362,0.9995098114013672,4.225213068309586e-09,0.6711851358413696,,
/kaggle/input/datasets/tawsifurrahman/covid19-radiography-database/COVID-19_Radiography_Dataset/Normal/images/Normal-6433.png,Normal,Normal,2.9518098017433658e-05,0.0030425945296883583,0.9969279170036316,6.17398470126318e-08,0.6428657174110413,,
/kaggle/input/datasets/tawsifurrahman/covid19-radiography-database/COVID-19_Radiography_Dataset/Normal/images/Normal-645.png,Normal,Normal,0.00017656957788858563,0.0004003730427939445,0.9984720349311829,0.0009510178933851421,0.5847702026367188,,
/kaggle/input/datasets/tawsifurrahman/covid19-radiography-database/COVID-19_Radiography_Dataset/Normal/images/Normal-6450.png,Normal,Normal,2.3128075099521084e-06,0.0016390107339248061,0.9983586668968201,6.691502907330005e-11,0.6958546042442322,,
/kaggle/input/datasets/tawsifurrahman/covid19-radiography-database/COVID-19_Radiography_Dataset/Normal/images/Normal-6455.png,Normal,Normal,3.135815873633874e-08,0.0006457787239924073,0.9993541836738586,2.6355635451835724e-09,0.647011399269104,,
/kaggle/input/datasets/tawsifurrahman/covid19-radiography-database/COVID-19_Radiography_Dataset/Normal/images/Normal-6462.png,Normal,Normal,0.00015045540931168944,0.0015238748164847493,0.9983256459236145,5.7846378354042827e-08,0.6212671995162964,,
/kaggle/input/datasets/tawsifurrahman/covid19-radiography-database/COVID-19_Radiography_Dataset/Normal/images/Normal-6463.png,Normal,Normal,1.0914859238653207e-08,2.6061507014674135e-05,0.9999738931655884,1.2926372449371167e-14,0.7105430960655212,0.3253744840621948,0.3253744840621948
/kaggle/input/datasets/tawsifurrahman/covid19-radiography-database/COVID-19_Radiography_Dataset/Normal/images/Normal-6472.png,Normal,Normal,2.21884129132377e-05,0.00027628266252577305,0.9997015595436096,9.149899171667641e-10,0.6698662042617798,0.27438047528266907,0.27438047528266907
/kaggle/input/datasets/tawsifurrahman/covid19-radiography-database/COVID-19_Radiography_Dataset/Normal/images/Normal-6475.png,Normal,Normal,3.8557151128770784e-05,0.01594189554452896,0.9840189218521118,5.295959226714331e-07,0.668856143951416,,
/kaggle/input/datasets/tawsifurrahman/covid19-radiography-database/COVID-19_Radiography_Dataset/Normal/images/Normal-6480.png,Normal,Normal,0.0005092549254186451,0.00013176511856727302,0.9993589520454407,1.4423368055460628e-10,0.6836179494857788,,
/kaggle/input/datasets/tawsifurrahman/covid19-radiography-database/COVID-19_Radiography_Dataset/Normal/images/Normal-6484.png,Normal,Normal,2.62475514318794e-05,0.0006521546165458858,0.999321699142456,2.6673883102290574e-09,0.6656211614608765,,
/kaggle/input/datasets/tawsifurrahman/covid19-radiography-database/COVID-19_Radiography_Dataset/Normal/images/Normal-649.png,Normal,Normal,2.392451051491662e-06,2.3028360374155454e-05,0.9999744892120361,4.8687123666013576e-08,0.6013519763946533,,
/kaggle/input/datasets/tawsifurrahman/covid19-radiography-database/COVID-19_Radiography_Dataset/Normal/images/Normal-6495.png,Normal,Normal,4.3933770939474925e-05,0.0002745072706602514,0.9996815919876099,3.39451383668532e-11,0.7149725556373596,0.3686029314994812,0.3686029314994812
/kaggle/input/datasets/tawsifurrahman/covid19-radiography-database/COVID-19_Radiography_Dataset/Normal/images/Normal-650.png,Normal,Normal,1.1453963452368043e-05,3.907373684342019e-05,0.999947190284729,2.3470838641515e-06,0.5002298951148987,,
/kaggle/input/datasets/tawsifurrahman/covid19-radiography-database/COVID-19_Radiography_Dataset/Normal/images/Normal-6504.png,Normal,Normal,2.1022330543019052e-08,0.0008004523697309196,0.9991995692253113,1.9209365001437995e-12,0.693026065826416,,
/kaggle/input/datasets/tawsifurrahman/covid19-radiography-database/COVID-19_Radiography_Dataset/Normal/images/Normal-6529.png,Normal,Normal,0.022156281396746635,0.003996729850769043,0.9738469123840332,1.8324623596299716e-08,0.7214257717132568,,
/kaggle/input/datasets/tawsifurrahman/covid19-radiography-database/COVID-19_Radiography_Dataset/Normal/images/Normal-6534.png,Normal,Normal,4.6741544792894274e-05,0.00403089914470911,0.995922327041626,8.345456270486551e-11,0.676311194896698,,
/kaggle/input/datasets/tawsifurrahman/covid19-radiography-database/COVID-19_Radiography_Dataset/Normal/images/Normal-6535.png,Normal,Normal,1.668735478688177e-07,0.0011485000140964985,0.9988514184951782,3.2070621158730717e-10,0.6779540777206421,,
/kaggle/input/datasets/tawsifurrahman/covid19-radiography-database/COVID-19_Radiography_Dataset/Normal/images/Normal-6541.png,Normal,Normal,0.02604234404861927,0.006321548949927092,0.9676356911659241,3.70553038919752e-07,0.6955011487007141,,
/kaggle/input/datasets/tawsifurrahman/covid19-radiography-database/COVID-19_Radiography_Dataset/Normal/images/Normal-6549.png,Normal,Normal,0.016924504190683365,0.0018279056530445814,0.9812440276145935,3.579345047910465e-06,0.7338840365409851,,
/kaggle/input/datasets/tawsifurrahman/covid19-radiography-database/COVID-19_Radiography_Dataset/Normal/images/Normal-6550.png,Normal,Normal,1.4414837323784013e-06,0.0007944419048726559,0.9992040991783142,5.082455983851375e-11,0.700398325920105,,
/kaggle/input/datasets/tawsifurrahman/covid19-radiography-database/COVID-19_Radiography_Dataset/Normal/images/Normal-6567.png,Normal,Normal,1.332419060418033e-06,0.0001746348279993981,0.9998241066932678,1.1454139503194738e-12,0.674294114112854,,
/kaggle/input/datasets/tawsifurrahman/covid19-radiography-database/COVID-19_Radiography_Dataset/Normal/images/Normal-658.png,Normal,Normal,0.0003300826356280595,0.0032727117650210857,0.9963817596435547,1.5475641703233123e-05,0.6862857341766357,,
/kaggle/input/datasets/tawsifurrahman/covid19-radiography-database/COVID-19_Radiography_Dataset/Normal/images/Normal-6581.png,Normal,Normal,6.424274090477411e-08,0.0009499507723376155,0.999049961566925,1.1944361515484059e-12,0.7082317471504211,,
/kaggle/input/datasets/tawsifurrahman/covid19-radiography-database/COVID-19_Radiography_Dataset/Normal/images/Normal-6584.png,Normal,Normal,1.969962113435031e-06,0.040714044123888016,0.9592840671539307,1.818597633596042e-10,0.6877087354660034,0.2718524932861328,0.2718524932861328
/kaggle/input/datasets/tawsifurrahman/covid19-radiography-database/COVID-19_Radiography_Dataset/Normal/images/Normal-6589.png,Normal,Normal,4.9661757657304406e-05,0.0014169119531288743,0.9985334873199463,5.0776463034196695e-09,0.6882200241088867,,
/kaggle/input/datasets/tawsifurrahman/covid19-radiography-database/COVID-19_Radiography_Dataset/Normal/images/Normal-6591.png,Normal,Normal,7.374452252406627e-06,0.020063837990164757,0.9799287915229797,4.980808654408975e-08,0.6737058162689209,0.24086220562458038,0.24086220562458038
/kaggle/input/datasets/tawsifurrahman/covid19-radiography-database/COVID-19_Radiography_Dataset/Normal/images/Normal-6596.png,Normal,Normal,2.214090500274324e-06,0.01589079387485981,0.9841070175170898,2.7978741545808816e-10,0.6492821574211121,,
/kaggle/input/datasets/tawsifurrahman/covid19-radiography-database/COVID-19_Radiography_Dataset/Normal/images/Normal-6608.png,Normal,Normal,4.45778687208076e-06,0.00025690605980344117,0.9997386336326599,2.4500339907904123e-13,0.6600187420845032,,
/kaggle/input/datasets/tawsifurrahman/covid19-radiography-database/COVID-19_Radiography_Dataset/Normal/images/Normal-6611.png,Normal,Normal,7.887508218118455e-06,0.0001155799109255895,0.9998764991760254,7.049322792163082e-10,0.7172029614448547,,
/kaggle/input/datasets/tawsifurrahman/covid19-radiography-database/COVID-19_Radiography_Dataset/Normal/images/Normal-6613.png,Normal,Normal,4.824493871069535e-08,0.00033333979081362486,0.999666690826416,1.460816578813251e-09,0.6795951128005981,,
/kaggle/input/datasets/tawsifurrahman/covid19-radiography-database/COVID-19_Radiography_Dataset/Normal/images/Normal-6619.png,Normal,Normal,5.217837610871356e-07,0.004720136523246765,0.9952794313430786,5.535081837315659e-10,0.6433103680610657,,
/kaggle/input/datasets/tawsifurrahman/covid19-radiography-database/COVID-19_Radiography_Dataset/Normal/images/Normal-6627.png,Normal,Normal,0.00037594567402265966,0.002790477592498064,0.9968174695968628,1.605420584382955e-05,0.6513753533363342,0.38118651509284973,0.38118651509284973
/kaggle/input/datasets/tawsifurrahman/covid19-radiography-database/COVID-19_Radiography_Dataset/Normal/images/Normal-663.png,Normal,Normal,0.000126293656649068,1.9527766198734753e-05,0.9993645548820496,0.000489707279484719,0.6598777174949646,,
/kaggle/input/datasets/tawsifurrahman/covid19-radiography-database/COVID-19_Radiography_Dataset/Normal/images/Normal-6630.png,Normal,Normal,1.5778132365085185e-06,0.008204670622944832,0.9917938113212585,2.671714405266812e-09,0.6789790987968445,,
/kaggle/input/datasets/tawsifurrahman/covid19-radiography-database/COVID-19_Radiography_Dataset/Normal/images/Normal-6632.png,Normal,Normal,1.2479550832722452e-06,0.0011696858564391732,0.9988290667533875,4.661877221062705e-12,0.6157016158103943,,
/kaggle/input/datasets/tawsifurrahman/covid19-radiography-database/COVID-19_Radiography_Dataset/Normal/images/Normal-6634.png,Normal,Normal,3.2562007845626795e-07,0.0015940642915666103,0.9984056353569031,8.341976415193741e-12,0.6999625563621521,,
/kaggle/input/datasets/tawsifurrahman/covid19-radiography-database/COVID-19_Radiography_Dataset/Normal/images/Normal-6637.png,Normal,Normal,4.518154128163587e-06,4.856324812863022e-05,0.9999469518661499,2.5244631385312744e-10,0.7259048223495483,,
/kaggle/input/datasets/tawsifurrahman/covid19-radiography-database/COVID-19_Radiography_Dataset/Normal/images/Normal-6640.png,Normal,Normal,0.00046852280502207577,0.00043584336526691914,0.9990955591201782,1.804619920164896e-08,0.7006072402000427,,
/kaggle/input/datasets/tawsifurrahman/covid19-radiography-database/COVID-19_Radiography_Dataset/Normal/images/Normal-6653.png,Normal,Normal,1.7125691442743118e-07,0.0018026529578492045,0.9981972575187683,3.9960715292330917e-10,0.6497883796691895,,
/kaggle/input/datasets/tawsifurrahman/covid19-radiography-database/COVID-19_Radiography_Dataset/Normal/images/Normal-6662.png,Normal,Normal,0.00013049795234110206,0.0005313778528943658,0.9993382096290588,3.430186343300612e-11,0.698135256767273,,
/kaggle/input/datasets/tawsifurrahman/covid19-radiography-database/COVID-19_Radiography_Dataset/Normal/images/Normal-6680.png,Normal,COVID,0.5911865234375,0.009545798413455486,0.399262011051178,5.642159976559924e-06,0.5955672264099121,0.15122345089912415,0.15122345089912415
/kaggle/input/datasets/tawsifurrahman/covid19-radiography-database/COVID-19_Radiography_Dataset/Normal/images/Normal-6682.png,Normal,Normal,0.0001848630781751126,0.0033321338705718517,0.9964829683303833,1.284119477418244e-09,0.6858312487602234,,
/kaggle/input/datasets/tawsifurrahman/covid19-radiography-database/COVID-19_Radiography_Dataset/Normal/images/Normal-6688.png,Normal,Normal,6.705575287924148e-06,0.0017144521698355675,0.9982788562774658,8.867428458181337e-10,0.610557496547699,,
/kaggle/input/datasets/tawsifurrahman/covid19-radiography-database/COVID-19_Radiography_Dataset/Normal/images/Normal-6689.png,Normal,Normal,1.05189137684647e-05,0.003075594548135996,0.9969137907028198,8.194582234999359e-10,0.6870434880256653,,
/kaggle/input/datasets/tawsifurrahman/covid19-radiography-database/COVID-19_Radiography_Dataset/Normal/images/Normal-6696.png,Normal,Normal,1.0224270141634406e-07,0.00021133753762114793,0.9997885823249817,1.4756529331805268e-09,0.6212024092674255,0.30130186676979065,0.30130186676979065
/kaggle/input/datasets/tawsifurrahman/covid19-radiography-database/COVID-19_Radiography_Dataset/Normal/images/Normal-6703.png,Normal,Normal,4.170003649051068e-06,0.01714690960943699,0.9828488230705261,1.5599114888686927e-08,0.6807802319526672,0.28895941376686096,0.28895941376686096
/kaggle/input/datasets/tawsifurrahman/covid19-radiography-database/COVID-19_Radiography_Dataset/Normal/images/Normal-671.png,Normal,Normal,1.528442771814298e-05,0.0001478225749451667,0.999811589717865,2.537615000619553e-05,0.5124061703681946,0.20362716913223267,0.20362716913223267
/kaggle/input/datasets/tawsifurrahman/covid19-radiography-database/COVID-19_Radiography_Dataset/Normal/images/Normal-6720.png,Normal,Normal,2.2187210291235715e-08,0.0008380741346627474,0.999161958694458,5.430418337226683e-10,0.7267729043960571,0.4153652489185333,0.4153652489185333
/kaggle/input/datasets/tawsifurrahman/covid19-radiography-database/COVID-19_Radiography_Dataset/Normal/images/Normal-673.png,Normal,Normal,3.2434654713142663e-06,1.0868066965485923e-05,0.9999514818191528,3.439254214754328e-05,0.47754353284835815,,
/kaggle/input/datasets/tawsifurrahman/covid19-radiography-database/COVID-19_Radiography_Dataset/Normal/images/Normal-6743.png,Normal,Normal,0.008065622299909592,0.011687207035720348,0.9802471399307251,1.8742134955118672e-08,0.6744287014007568,,
/kaggle/input/datasets/tawsifurrahman/covid19-radiography-database/COVID-19_Radiography_Dataset/Normal/images/Normal-6745.png,Normal,Normal,0.00028516247402876616,1.675957719271537e-05,0.9996980428695679,2.344038574353391e-10,0.733268678188324,,
/kaggle/input/datasets/tawsifurrahman/covid19-radiography-database/COVID-19_Radiography_Dataset/Normal/images/Normal-6746.png,Normal,Normal,4.783267286256887e-06,0.0004286381008569151,0.9995666146278381,7.583670358357608e-10,0.648417592048645,,
/kaggle/input/datasets/tawsifurrahman/covid19-radiography-database/COVID-19_Radiography_Dataset/Normal/images/Normal-6747.png,Normal,Normal,5.299065009012338e-08,0.00198879255913198,0.9980112314224243,2.911820903752499e-13,0.7057694792747498,,
/kaggle/input/datasets/tawsifurrahman/covid19-radiography-database/COVID-19_Radiography_Dataset/Normal/images/Normal-6760.png,Normal,Normal,3.654730740265677e-09,0.001550658023916185,0.9984493255615234,1.8666172774128853e-10,0.6743443608283997,,
/kaggle/input/datasets/tawsifurrahman/covid19-radiography-database/COVID-19_Radiography_Dataset/Normal/images/Normal-6761.png,Normal,Normal,7.758580068184528e-06,0.009333459660410881,0.9906587600708008,2.8081519332090465e-08,0.702109694480896,,
/kaggle/input/datasets/tawsifurrahman/covid19-radiography-database/COVID-19_Radiography_Dataset/Normal/images/Normal-6775.png,Normal,Normal,9.878804974050581e-08,0.0032867463305592537,0.9967131614685059,5.191876373267235e-10,0.6406605839729309,0.40072840452194214,0.40072840452194214
/kaggle/input/datasets/tawsifurrahman/covid19-radiography-database/COVID-19_Radiography_Dataset/Normal/images/Normal-678.png,Normal,Normal,4.564364644465968e-05,4.067186819156632e-05,0.9999103546142578,3.2563739296165295e-06,0.6106571555137634,0.2897008955478668,0.2897008955478668
/kaggle/input/datasets/tawsifurrahman/covid19-radiography-database/COVID-19_Radiography_Dataset/Normal/images/Normal-6780.png,Normal,Normal,4.063917202756784e-09,4.1297971620224416e-05,0.9999587535858154,2.5605135145403274e-14,0.6850293874740601,,
/kaggle/input/datasets/tawsifurrahman/covid19-radiography-database/COVID-19_Radiography_Dataset/Normal/images/Normal-6782.png,Normal,Normal,1.966058880498167e-05,0.0003154661972075701,0.9996649026870728,3.226904576880685e-10,0.6824871301651001,,
/kaggle/input/datasets/tawsifurrahman/covid19-radiography-database/COVID-19_Radiography_Dataset/Normal/images/Normal-6798.png,Normal,Normal,2.9203971280367114e-05,0.0017486626747995615,0.9982221722602844,4.1923255977849294e-09,0.6319602727890015,,
/kaggle/input/datasets/tawsifurrahman/covid19-radiography-database/COVID-19_Radiography_Dataset/Normal/images/Normal-6800.png,Normal,Normal,5.442296924229595e-07,0.00026406065444462,0.9997352957725525,6.740386894465988e-12,0.6863042116165161,0.3572355806827545,0.3572355806827545
/kaggle/input/datasets/tawsifurrahman/covid19-radiography-database/COVID-19_Radiography_Dataset/Normal/images/Normal-6807.png,Normal,Normal,2.2773876935389126e-06,0.006965985521674156,0.9930317401885986,2.6255437060584974e-11,0.6542111039161682,,
/kaggle/input/datasets/tawsifurrahman/covid19-radiography-database/COVID-19_Radiography_Dataset/Normal/images/Normal-6815.png,Normal,Normal,3.1671013857703656e-05,0.0006788381724618375,0.9992893934249878,1.5779018369688202e-10,0.7113272547721863,0.4065420925617218,0.4065420925617218
/kaggle/input/datasets/tawsifurrahman/covid19-radiography-database/COVID-19_Radiography_Dataset/Normal/images/Normal-6816.png,Normal,Normal,0.0022032412234693766,0.1870669722557068,0.8107283115386963,1.5311437664422556e-06,0.6828047037124634,0.13265419006347656,0.13265419006347656
/kaggle/input/datasets/tawsifurrahman/covid19-radiography-database/COVID-19_Radiography_Dataset/Normal/images/Normal-6818.png,Normal,Normal,2.104133636748884e-05,4.432436981005594e-05,0.9999345541000366,2.5031836412697794e-12,0.656421959400177,0.39946895837783813,0.39946895837783813
/kaggle/input/datasets/tawsifurrahman/covid19-radiography-database/COVID-19_Radiography_Dataset/Normal/images/Normal-6831.png,Normal,Normal,8.043232746501872e-09,0.0009163875365629792,0.9990836381912231,3.3221000950156565e-10,0.6823298335075378,0.3655591905117035,0.3655591905117035
/kaggle/input/datasets/tawsifurrahman/covid19-radiography-database/COVID-19_Radiography_Dataset/Normal/images/Normal-6832.png,Normal,Normal,9.245671390090138e-05,0.003902346594259143,0.9960041642189026,9.44300722949265e-07,0.708024263381958,,
/kaggle/input/datasets/tawsifurrahman/covid19-radiography-database/COVID-19_Radiography_Dataset/Normal/images/Normal-6834.png,Normal,Normal,9.44879066082649e-05,0.03531999886035919,0.9645854234695435,2.130081178108867e-08,0.7007725238800049,,
/kaggle/input/datasets/tawsifurrahman/covid19-radiography-database/COVID-19_Radiography_Dataset/Normal/images/Normal-6838.png,Normal,Normal,8.633786308109848e-08,0.0017360885394737124,0.9982637763023376,1.4686326599289146e-09,0.7006056904792786,0.3281998634338379,0.3281998634338379
/kaggle/input/datasets/tawsifurrahman/covid19-radiography-database/COVID-19_Radiography_Dataset/Normal/images/Normal-6840.png,Normal,Normal,1.96453675016528e-05,0.016356315463781357,0.9836239814758301,2.0630944064237156e-08,0.6799978613853455,,
/kaggle/input/datasets/tawsifurrahman/covid19-radiography-database/COVID-19_Radiography_Dataset/Normal/images/Normal-6841.png,Normal,Normal,1.0358616009398247e-06,0.21683336794376373,0.7831528186798096,1.2765524843416642e-05,0.686612069606781,,
/kaggle/input/datasets/tawsifurrahman/covid19-radiography-database/COVID-19_Radiography_Dataset/Normal/images/Normal-6846.png,Normal,Normal,1.1090911357314326e-05,0.0011883745901286602,0.9987982511520386,2.337043042643927e-06,0.5729953050613403,0.26584404706954956,0.26584404706954956
/kaggle/input/datasets/tawsifurrahman/covid19-radiography-database/COVID-19_Radiography_Dataset/Normal/images/Normal-686.png,Normal,Normal,0.003118867753073573,0.0006629265262745321,0.9659687876701355,0.030249446630477905,0.6493099927902222,,
/kaggle/input/datasets/tawsifurrahman/covid19-radiography-database/COVID-19_Radiography_Dataset/Normal/images/Normal-6866.png,Normal,Normal,9.888782415146125e-07,0.027117131277918816,0.9728817939758301,3.00780927942057e-10,0.654496967792511,0.20269592106342316,0.20269592106342316
/kaggle/input/datasets/tawsifurrahman/covid19-radiography-database/COVID-19_Radiography_Dataset/Normal/images/Normal-6872.png,Normal,Normal,3.689019081321021e-07,0.00017560481501277536,0.9998241066932678,6.909891495793241e-12,0.6859944462776184,,
/kaggle/input/datasets/tawsifurrahman/covid19-radiography-database/COVID-19_Radiography_Dataset/Normal/images/Normal-6884.png,Normal,Normal,7.646184485565755e-07,3.4506181691540405e-05,0.9999648332595825,3.426308126108779e-10,0.6623121500015259,,
/kaggle/input/datasets/tawsifurrahman/covid19-radiography-database/COVID-19_Radiography_Dataset/Normal/images/Normal-6892.png,Normal,Normal,0.013628987595438957,0.00019941513892263174,0.9861716628074646,1.271597410701375e-10,0.7183212637901306,,
/kaggle/input/datasets/tawsifurrahman/covid19-radiography-database/COVID-19_Radiography_Dataset/Normal/images/Normal-6894.png,Normal,Normal,3.818477978256851e-07,0.0005256745498627424,0.9994739890098572,2.1226868873736038e-10,0.730315625667572,0.3480629324913025,0.3480629324913025
/kaggle/input/datasets/tawsifurrahman/covid19-radiography-database/COVID-19_Radiography_Dataset/Normal/images/Normal-6896.png,Normal,Normal,5.413817660837594e-08,0.004064489621669054,0.9959354400634766,1.475641657477933e-11,0.6701565980911255,,
/kaggle/input/datasets/tawsifurrahman/covid19-radiography-database/COVID-19_Radiography_Dataset/Normal/images/Normal-6899.png,Normal,Normal,3.2663660931575578e-06,0.0014875748893246055,0.9985092282295227,7.891469422371955e-11,0.6788709163665771,0.3170328736305237,0.3170328736305237
/kaggle/input/datasets/tawsifurrahman/covid19-radiography-database/COVID-19_Radiography_Dataset/Normal/images/Normal-6908.png,Normal,Normal,9.945882993633859e-06,0.00823033507913351,0.9917578101158142,1.8982700566994026e-06,0.714083194732666,,
/kaggle/input/datasets/tawsifurrahman/covid19-radiography-database/COVID-19_Radiography_Dataset/Normal/images/Normal-6913.png,Normal,Normal,1.499448032404871e-08,0.0004088842251803726,0.9995911717414856,2.415277700063001e-11,0.6880911588668823,0.40265536308288574,0.40265536308288574
/kaggle/input/datasets/tawsifurrahman/covid19-radiography-database/COVID-19_Radiography_Dataset/Normal/images/Normal-6914.png,Normal,Normal,4.80154676552047e-06,0.0004299777210690081,0.9995653033256531,4.567192735116521e-10,0.6577256917953491,,
/kaggle/input/datasets/tawsifurrahman/covid19-radiography-database/COVID-19_Radiography_Dataset/Normal/images/Normal-6915.png,Normal,Normal,5.7221669180762547e-08,0.000849126314278692,0.9991508722305298,1.537775440839384e-12,0.6642586588859558,,
/kaggle/input/datasets/tawsifurrahman/covid19-radiography-database/COVID-19_Radiography_Dataset/Normal/images/Normal-6933.png,Normal,Normal,2.9268349521771597e-08,0.021637318655848503,0.9783626794815063,3.5148151056318966e-08,0.6511887907981873,0.27937719225883484,0.27937719225883484
/kaggle/input/datasets/tawsifurrahman/covid19-radiography-database/COVID-19_Radiography_Dataset/Normal/images/Normal-6934.png,Normal,Normal,7.865761290304363e-06,0.00029204078600741923,0.9997000694274902,6.43031183855669e-10,0.6983778476715088,,
/kaggle/input/datasets/tawsifurrahman/covid19-radiography-database/COVID-19_Radiography_Dataset/Normal/images/Normal-6947.png,Normal,Normal,3.4032013900286984e-06,5.3245028539095074e-05,0.9999432563781738,2.5544716081987717e-12,0.6493857502937317,,
/kaggle/input/datasets/tawsifurrahman/covid19-radiography-database/COVID-19_Radiography_Dataset/Normal/images/Normal-6950.png,Normal,Normal,2.1024247232048765e-08,0.020222363993525505,0.9797776341438293,2.1181846554529926e-10,0.6560758948326111,0.3295307755470276,0.3295307755470276
/kaggle/input/datasets/tawsifurrahman/covid19-radiography-database/COVID-19_Radiography_Dataset/Normal/images/Normal-6951.png,Normal,Normal,2.0600377865775954e-06,0.0015735209453850985,0.9984244108200073,4.533308484155896e-08,0.4873211681842804,,
/kaggle/input/datasets/tawsifurrahman/covid19-radiography-database/COVID-19_Radiography_Dataset/Normal/images/Normal-6956.png,Normal,Normal,2.859874004279561e-10,0.000397174502722919,0.9996028542518616,1.7899466631110528e-10,0.587289571762085,,
/kaggle/input/datasets/tawsifurrahman/covid19-radiography-database/COVID-19_Radiography_Dataset/Normal/images/Normal-6967.png,Normal,Normal,6.60312216496095e-05,0.0004778598959092051,0.9994561076164246,6.865720557185095e-13,0.6354624032974243,,
/kaggle/input/datasets/tawsifurrahman/covid19-radiography-database/COVID-19_Radiography_Dataset/Normal/images/Normal-6976.png,Normal,Normal,2.3197751488623908e-06,5.9925663663307205e-05,0.9999377727508545,2.565728705883341e-11,0.7135816216468811,0.36646968126296997,0.36646968126296997
/kaggle/input/datasets/tawsifurrahman/covid19-radiography-database/COVID-19_Radiography_Dataset/Normal/images/Normal-6981.png,Normal,Normal,9.321165271103382e-05,0.015226374380290508,0.9846804738044739,9.565019887247672e-10,0.7143738269805908,,
/kaggle/input/datasets/tawsifurrahman/covid19-radiography-database/COVID-19_Radiography_Dataset/Normal/images/Normal-6987.png,Normal,Normal,2.572694211266935e-05,0.0007479164050891995,0.9992263317108154,7.129497436864085e-09,0.6449355483055115,0.4383923411369324,0.4383923411369324
/kaggle/input/datasets/tawsifurrahman/covid19-radiography-database/COVID-19_Radiography_Dataset/Normal/images/Normal-6990.png,Normal,Normal,0.0004775193810928613,0.0002926587767433375,0.9992297887802124,1.0369079816996418e-08,0.7120442390441895,,
/kaggle/input/datasets/tawsifurrahman/covid19-radiography-database/COVID-19_Radiography_Dataset/Normal/images/Normal-6991.png,Normal,Normal,7.936808287922759e-06,0.0019203231204301119,0.9980717301368713,6.189579404569656e-10,0.6633234024047852,,
/kaggle/input/datasets/tawsifurrahman/covid19-radiography-database/COVID-19_Radiography_Dataset/Normal/images/Normal-6993.png,Normal,Normal,0.0002069509937427938,0.002357885940000415,0.9974206686019897,1.4410469702852424e-05,0.6801369786262512,0.32965898513793945,0.32965898513793945
/kaggle/input/datasets/tawsifurrahman/covid19-radiography-database/COVID-19_Radiography_Dataset/Normal/images/Normal-6995.png,Normal,Normal,8.786731200416398e-07,0.0009448141208849847,0.9990543723106384,5.345050513305694e-10,0.6757493615150452,,
/kaggle/input/datasets/tawsifurrahman/covid19-radiography-database/COVID-19_Radiography_Dataset/Normal/images/Normal-6998.png,Normal,Normal,3.584987950944196e-08,0.017211727797985077,0.9827882647514343,9.14523665129785e-11,0.6854994893074036,0.3265000283718109,0.3265000283718109
/kaggle/input/datasets/tawsifurrahman/covid19-radiography-database/COVID-19_Radiography_Dataset/Normal/images/Normal-70.png,Normal,Normal,2.7833661079057492e-05,2.513116123736836e-05,0.99993896484375,8.12304006103659e-06,0.6326164603233337,,
/kaggle/input/datasets/tawsifurrahman/covid19-radiography-database/COVID-19_Radiography_Dataset/Normal/images/Normal-7007.png,Normal,Normal,4.570090652578074e-07,0.01230126153677702,0.9876982569694519,6.52263443257084e-09,0.6352391839027405,,
/kaggle/input/datasets/tawsifurrahman/covid19-radiography-database/COVID-19_Radiography_Dataset/Normal/images/Normal-7014.png,Normal,Normal,0.0019200139213353395,0.007177507970482111,0.9909023642539978,5.368437427932804e-08,0.6881940364837646,,
/kaggle/input/datasets/tawsifurrahman/covid19-radiography-database/COVID-19_Radiography_Dataset/Normal/images/Normal-7019.png,Normal,Normal,5.121536972296781e-09,0.002415494527667761,0.9975844621658325,1.3143274663063309e-11,0.7027131915092468,,
/kaggle/input/datasets/tawsifurrahman/covid19-radiography-database/COVID-19_Radiography_Dataset/Normal/images/Normal-702.png,Normal,Normal,0.0002884682617150247,0.00023286357463803142,0.9592642784118652,0.040214311331510544,0.656066358089447,0.3458240032196045,0.3458240032196045
/kaggle/input/datasets/tawsifurrahman/covid19-radiography-database/COVID-19_Radiography_Dataset/Normal/images/Normal-7026.png,Normal,Normal,2.5825286229519406e-06,0.0006708165747113526,0.9993265867233276,1.7474820201979213e-11,0.6508842706680298,,
/kaggle/input/datasets/tawsifurrahman/covid19-radiography-database/COVID-19_Radiography_Dataset/Normal/images/Normal-7035.png,Normal,Normal,1.8717787497735117e-06,0.1708715558052063,0.8291265368461609,8.287970310050241e-10,0.6589258313179016,0.2979406714439392,0.2979406714439392
/kaggle/input/datasets/tawsifurrahman/covid19-radiography-database/COVID-19_Radiography_Dataset/Normal/images/Normal-704.png,Normal,Normal,5.052426331531024e-06,0.00045494010555557907,0.9993913173675537,0.0001487654953962192,0.682714581489563,0.3054809868335724,0.3054809868335724
/kaggle/input/datasets/tawsifurrahman/covid19-radiography-database/COVID-19_Radiography_Dataset/Normal/images/Normal-7041.png,Normal,Normal,3.646252935141092e-07,8.106556924758479e-05,0.9999185800552368,8.878101704322405e-13,0.7112254500389099,,
/kaggle/input/datasets/tawsifurrahman/covid19-radiography-database/COVID-19_Radiography_Dataset/Normal/images/Normal-7042.png,Normal,Normal,4.861773049924523e-06,0.00015662109944969416,0.9998384714126587,1.3870461723630712e-10,0.6699460744857788,,
/kaggle/input/datasets/tawsifurrahman/covid19-radiography-database/COVID-19_Radiography_Dataset/Normal/images/Normal-7052.png,Normal,Normal,2.1330788513296284e-07,0.0009037264389917254,0.9990960359573364,1.6090776489008363e-09,0.6275213956832886,,
/kaggle/input/datasets/tawsifurrahman/covid19-radiography-database/COVID-19_Radiography_Dataset/Normal/images/Normal-7055.png,Normal,Normal,6.14196414971957e-06,0.19015736877918243,0.8098364472389221,5.0469349588411205e-08,0.6764137148857117,,
/kaggle/input/datasets/tawsifurrahman/covid19-radiography-database/COVID-19_Radiography_Dataset/Normal/images/Normal-706.png,Normal,Normal,0.011422929354012012,0.0005817979108542204,0.6616982221603394,0.3262970745563507,0.6752941012382507,,
/kaggle/input/datasets/tawsifurrahman/covid19-radiography-database/COVID-19_Radiography_Dataset/Normal/images/Normal-7063.png,Normal,Normal,0.00020922909607179463,0.07116683572530746,0.9286239147186279,1.1492710255689431e-10,0.6598653197288513,0.21228033304214478,0.21228033304214478
/kaggle/input/datasets/tawsifurrahman/covid19-radiography-database/COVID-19_Radiography_Dataset/Normal/images/Normal-7070.png,Normal,Normal,1.2246588994457852e-05,0.03170463815331459,0.9682830572128296,7.98364663268103e-09,0.6661903262138367,0.3574185073375702,0.3574185073375702
/kaggle/input/datasets/tawsifurrahman/covid19-radiography-database/COVID-19_Radiography_Dataset/Normal/images/Normal-7074.png,Normal,Normal,0.004779460374265909,0.00185026740655303,0.9933701753616333,2.734699799944451e-09,0.7175090312957764,,
/kaggle/input/datasets/tawsifurrahman/covid19-radiography-database/COVID-19_Radiography_Dataset/Normal/images/Normal-708.png,Normal,COVID,0.8155047297477722,0.0012369095347821712,0.18315492570400238,0.00010339545406168327,0.7543715238571167,,
/kaggle/input/datasets/tawsifurrahman/covid19-radiography-database/COVID-19_Radiography_Dataset/Normal/images/Normal-7087.png,Normal,Lung_Opacity,3.3669693948468193e-05,0.8601237535476685,0.1398421674966812,4.1677117224026006e-07,0.6518113613128662,,
/kaggle/input/datasets/tawsifurrahman/covid19-radiography-database/COVID-19_Radiography_Dataset/Normal/images/Normal-7094.png,Normal,Normal,9.646531907492317e-06,0.007871701382100582,0.9921184778213501,4.455517199630776e-08,0.671183705329895,0.2946315407752991,0.2946315407752991
/kaggle/input/datasets/tawsifurrahman/covid19-radiography-database/COVID-19_Radiography_Dataset/Normal/images/Normal-7117.png,Normal,Normal,1.086886300072365e-06,0.04379769042134285,0.9562011361122131,5.221003185340578e-09,0.6331509947776794,,
/kaggle/input/datasets/tawsifurrahman/covid19-radiography-database/COVID-19_Radiography_Dataset/Normal/images/Normal-7119.png,Normal,Normal,8.919902683146574e-08,0.001041313400492072,0.9989585876464844,3.5102417934168573e-12,0.7149177193641663,,
/kaggle/input/datasets/tawsifurrahman/covid19-radiography-database/COVID-19_Radiography_Dataset/Normal/images/Normal-7124.png,Normal,Normal,0.09599066525697708,0.014159969054162502,0.8898492455482483,1.1125834475933516e-07,0.6319925785064697,,
/kaggle/input/datasets/tawsifurrahman/covid19-radiography-database/COVID-19_Radiography_Dataset/Normal/images/Normal-7129.png,Normal,Normal,0.0019457399612292647,0.015843946486711502,0.9822102785110474,9.164026870678299e-09,0.5822646617889404,,
/kaggle/input/datasets/tawsifurrahman/covid19-radiography-database/COVID-19_Radiography_Dataset/Normal/images/Normal-7137.png,Normal,Normal,8.740055932321411e-07,0.0018548653461039066,0.9981440305709839,3.1926700216899917e-07,0.6559884548187256,,
/kaggle/input/datasets/tawsifurrahman/covid19-radiography-database/COVID-19_Radiography_Dataset/Normal/images/Normal-7141.png,Normal,Normal,0.00013179404777474701,0.03452708199620247,0.9653411507606506,4.230678740668736e-08,0.6643635034561157,,
/kaggle/input/datasets/tawsifurrahman/covid19-radiography-database/COVID-19_Radiography_Dataset/Normal/images/Normal-7148.png,Normal,Normal,5.4684674978489056e-05,0.0006568926619365811,0.9992884397506714,4.781939844100691e-10,0.6024203300476074,0.2854587435722351,0.2854587435722351
/kaggle/input/datasets/tawsifurrahman/covid19-radiography-database/COVID-19_Radiography_Dataset/Normal/images/Normal-7154.png,Normal,Normal,1.3478071423378424e-06,0.0007888288237154484,0.9992097616195679,3.786112046100243e-08,0.661976158618927,0.3207954466342926,0.3207954466342926
/kaggle/input/datasets/tawsifurrahman/covid19-radiography-database/COVID-19_Radiography_Dataset/Normal/images/Normal-7156.png,Normal,Normal,5.83340579396463e-07,0.018660539761185646,0.9813388586044312,4.701310629684485e-08,0.6134142875671387,0.3417162299156189,0.3417162299156189
/kaggle/input/datasets/tawsifurrahman/covid19-radiography-database/COVID-19_Radiography_Dataset/Normal/images/Normal-7157.png,Normal,Normal,0.0002260715264128521,0.00043554994044825435,0.9993383288383484,1.80987187042847e-11,0.6894914507865906,,
/kaggle/input/datasets/tawsifurrahman/covid19-radiography-database/COVID-19_Radiography_Dataset/Normal/images/Normal-7160.png,Normal,Normal,9.353683708468452e-06,0.0021564795169979334,0.9978339076042175,2.5416272819711594e-07,0.687039852142334,,
/kaggle/input/datasets/tawsifurrahman/covid19-radiography-database/COVID-19_Radiography_Dataset/Normal/images/Normal-7162.png,Normal,Normal,4.0939164591691224e-07,0.002517057815566659,0.9974824786186218,1.1828366552890657e-07,0.7120312452316284,,
/kaggle/input/datasets/tawsifurrahman/covid19-radiography-database/COVID-19_Radiography_Dataset/Normal/images/Normal-7163.png,Normal,Normal,6.0579735873034224e-05,0.08016649633646011,0.9197715520858765,1.298215465794783e-06,0.6738652586936951,,
/kaggle/input/datasets/tawsifurrahman/covid19-radiography-database/COVID-19_Radiography_Dataset/Normal/images/Normal-7164.png,Normal,Normal,0.008049176074564457,0.00022483714565169066,0.9917259216308594,6.7344441134764566e-09,0.6286951303482056,,
/kaggle/input/datasets/tawsifurrahman/covid19-radiography-database/COVID-19_Radiography_Dataset/Normal/images/Normal-7181.png,Normal,Normal,7.446392373822164e-07,0.0004351383831817657,0.9995641112327576,6.19429299519858e-11,0.6859683990478516,,
/kaggle/input/datasets/tawsifurrahman/covid19-radiography-database/COVID-19_Radiography_Dataset/Normal/images/Normal-7182.png,Normal,Normal,0.0001906717661768198,0.032074686139822006,0.9677152633666992,1.935867840074934e-05,0.5130497813224792,,
/kaggle/input/datasets/tawsifurrahman/covid19-radiography-database/COVID-19_Radiography_Dataset/Normal/images/Normal-7188.png,Normal,Normal,1.352271283394657e-06,0.0019515050807967782,0.9980472326278687,2.336186355478276e-09,0.5963367223739624,0.29231536388397217,0.29231536388397217
/kaggle/input/datasets/tawsifurrahman/covid19-radiography-database/COVID-19_Radiography_Dataset/Normal/images/Normal-7192.png,Normal,Normal,1.694976890576072e-05,0.0050780377350747585,0.9949049949645996,4.0528186362465135e-10,0.58049076795578,,
/kaggle/input/datasets/tawsifurrahman/covid19-radiography-database/COVID-19_Radiography_Dataset/Normal/images/Normal-7193.png,Normal,Normal,1.836254585885211e-11,0.004180890042334795,0.995819091796875,1.703330727333141e-12,0.6911892294883728,0.3291773200035095,0.3291773200035095
/kaggle/input/datasets/tawsifurrahman/covid19-radiography-database/COVID-19_Radiography_Dataset/Normal/images/Normal-72.png,Normal,Normal,2.377604687353596e-05,8.124651503749192e-05,0.9959793090820312,0.003915686625987291,0.55082768201828,0.23141226172447205,0.23141226172447205
/kaggle/input/datasets/tawsifurrahman/covid19-radiography-database/COVID-19_Radiography_Dataset/Normal/images/Normal-720.png,Normal,Normal,2.2358657588483766e-05,0.00012544803030323237,0.9997909665107727,6.124779611127451e-05,0.5542417168617249,0.2947964072227478,0.2947964072227478
/kaggle/input/datasets/tawsifurrahman/covid19-radiography-database/COVID-19_Radiography_Dataset/Normal/images/Normal-7207.png,Normal,Normal,2.474334070967643e-09,0.004118475131690502,0.9958815574645996,1.5010669790482822e-11,0.6343687772750854,,
/kaggle/input/datasets/tawsifurrahman/covid19-radiography-database/COVID-19_Radiography_Dataset/Normal/images/Normal-7239.png,Normal,Normal,3.05233493236301e-06,0.005499372258782387,0.9944975972175598,1.2683758487952446e-09,0.6435792446136475,,
/kaggle/input/datasets/tawsifurrahman/covid19-radiography-database/COVID-19_Radiography_Dataset/Normal/images/Normal-7242.png,Normal,Normal,5.416823114501312e-06,0.01826602965593338,0.9817262291908264,2.397325033598463e-06,0.4102233946323395,,
/kaggle/input/datasets/tawsifurrahman/covid19-radiography-database/COVID-19_Radiography_Dataset/Normal/images/Normal-7248.png,Normal,Normal,4.579906999424566e-06,0.0021629196126013994,0.9978260397911072,6.400855909305392e-06,0.6293941140174866,0.2634982764720917,0.2634982764720917
/kaggle/input/datasets/tawsifurrahman/covid19-radiography-database/COVID-19_Radiography_Dataset/Normal/images/Normal-7253.png,Normal,Normal,1.114187000439415e-07,4.475826062844135e-05,0.9999551773071289,4.197018600715641e-12,0.6367766261100769,,
/kaggle/input/datasets/tawsifurrahman/covid19-radiography-database/COVID-19_Radiography_Dataset/Normal/images/Normal-7266.png,Normal,Normal,9.768345626071095e-05,0.0040957690216600895,0.9958064556121826,5.754236553912051e-08,0.582046389579773,,
/kaggle/input/datasets/tawsifurrahman/covid19-radiography-database/COVID-19_Radiography_Dataset/Normal/images/Normal-7279.png,Normal,Normal,0.0007280592108145356,0.006429366301745176,0.9928426742553711,2.8343338343006508e-08,0.6549710035324097,,
/kaggle/input/datasets/tawsifurrahman/covid19-radiography-database/COVID-19_Radiography_Dataset/Normal/images/Normal-7287.png,Normal,Normal,0.0011567524634301662,0.0010394953424111009,0.9978037476539612,7.610518437672908e-09,0.7008668184280396,,
/kaggle/input/datasets/tawsifurrahman/covid19-radiography-database/COVID-19_Radiography_Dataset/Normal/images/Normal-7295.png,Normal,Normal,0.00014178726996760815,0.0070510124787688255,0.992807149887085,1.3817583521813503e-08,0.672094464302063,0.2660403847694397,0.2660403847694397
/kaggle/input/datasets/tawsifurrahman/covid19-radiography-database/COVID-19_Radiography_Dataset/Normal/images/Normal-7311.png,Normal,Normal,9.892983854342674e-08,0.0019474896835163236,0.9980523586273193,8.825831732117706e-11,0.6814467906951904,0.3959772288799286,0.3959772288799286
/kaggle/input/datasets/tawsifurrahman/covid19-radiography-database/COVID-19_Radiography_Dataset/Normal/images/Normal-7313.png,Normal,Normal,0.00010228921746602282,4.4887168769491836e-05,0.9998527765274048,4.4240391905425724e-10,0.6556092500686646,0.482717365026474,0.482717365026474
/kaggle/input/datasets/tawsifurrahman/covid19-radiography-database/COVID-19_Radiography_Dataset/Normal/images/Normal-7315.png,Normal,Normal,2.3137072275858372e-05,0.1508122831583023,0.8491583466529846,6.134865998319583e-06,0.636699378490448,0.26717808842658997,0.26717808842658997
/kaggle/input/datasets/tawsifurrahman/covid19-radiography-database/COVID-19_Radiography_Dataset/Normal/images/Normal-7321.png,Normal,Normal,5.137778316566255e-06,0.0006046492489986122,0.9993902444839478,5.05206876333375e-10,0.6570082306861877,0.4420657157897949,0.4420657157897949
/kaggle/input/datasets/tawsifurrahman/covid19-radiography-database/COVID-19_Radiography_Dataset/Normal/images/Normal-7327.png,Normal,Normal,4.054179498780286e-06,0.0016371426172554493,0.9983587861061096,6.762876925137107e-09,0.7104811072349548,,
/kaggle/input/datasets/tawsifurrahman/covid19-radiography-database/COVID-19_Radiography_Dataset/Normal/images/Normal-7329.png,Normal,Lung_Opacity,5.872317077049161e-10,0.8181091547012329,0.18189074099063873,1.3063230142051907e-07,0.6500642895698547,,
/kaggle/input/datasets/tawsifurrahman/covid19-radiography-database/COVID-19_Radiography_Dataset/Normal/images/Normal-733.png,Normal,Normal,4.97693799843546e-05,7.101144001353532e-05,0.9998788833618164,3.011927560692129e-07,0.6313822269439697,,
/kaggle/input/datasets/tawsifurrahman/covid19-radiography-database/COVID-19_Radiography_Dataset/Normal/images/Normal-7334.png,Normal,Normal,9.995908476412296e-05,0.0027864191215485334,0.9971135854721069,9.240272991206666e-10,0.6638972759246826,0.23000888526439667,0.23000888526439667
/kaggle/input/datasets/tawsifurrahman/covid19-radiography-database/COVID-19_Radiography_Dataset/Normal/images/Normal-7336.png,Normal,Normal,1.5911467698970228e-07,0.03804546222090721,0.9619539976119995,4.192669393887627e-07,0.6731767654418945,,
/kaggle/input/datasets/tawsifurrahman/covid19-radiography-database/COVID-19_Radiography_Dataset/Normal/images/Normal-7337.png,Normal,Normal,1.8985222993705975e-07,0.018351491540670395,0.9812938570976257,0.0003544260689523071,0.6407960653305054,,
/kaggle/input/datasets/tawsifurrahman/covid19-radiography-database/COVID-19_Radiography_Dataset/Normal/images/Normal-735.png,Normal,Normal,1.0153219591302332e-05,6.127194501459599e-05,0.9999171495437622,1.1406811609049328e-05,0.5645596981048584,,
/kaggle/input/datasets/tawsifurrahman/covid19-radiography-database/COVID-19_Radiography_Dataset/Normal/images/Normal-7355.png,Normal,Normal,1.7948071899809293e-06,0.0037023567128926516,0.9962958693504333,5.7422457899747315e-09,0.5476268529891968,0.2869957387447357,0.2869957387447357
/kaggle/input/datasets/tawsifurrahman/covid19-radiography-database/COVID-19_Radiography_Dataset/Normal/images/Normal-7356.png,Normal,Normal,1.8397653320789686e-06,0.0005674398271366954,0.9994307160377502,1.1932899113276108e-09,0.6575826406478882,,
/kaggle/input/datasets/tawsifurrahman/covid19-radiography-database/COVID-19_Radiography_Dataset/Normal/images/Normal-7371.png,Normal,Normal,5.3612380725098774e-05,0.0021392027847468853,0.9978072047233582,7.118576561548906e-11,0.7254409790039062,0.47715961933135986,0.47715961933135986
/kaggle/input/datasets/tawsifurrahman/covid19-radiography-database/COVID-19_Radiography_Dataset/Normal/images/Normal-7380.png,Normal,Normal,0.00013562817184720188,0.0006541234906762838,0.9992101192474365,6.721813772259111e-09,0.7018469572067261,0.41803160309791565,0.41803160309791565
/kaggle/input/datasets/tawsifurrahman/covid19-radiography-database/COVID-19_Radiography_Dataset/Normal/images/Normal-7402.png,Normal,Normal,0.00030554120894521475,0.0022137784399092197,0.997480571269989,1.1438655356243999e-08,0.6177539229393005,,
/kaggle/input/datasets/tawsifurrahman/covid19-radiography-database/COVID-19_Radiography_Dataset/Normal/images/Normal-7403.png,Normal,Normal,7.4099966163032605e-09,0.0001560927485115826,0.9998438358306885,9.708604753466687e-11,0.6408219337463379,,
/kaggle/input/datasets/tawsifurrahman/covid19-radiography-database/COVID-19_Radiography_Dataset/Normal/images/Normal-7407.png,Normal,Normal,1.4645172541349893e-07,0.006676673423498869,0.9933231472969055,7.787495981403936e-09,0.6882386207580566,0.35003235936164856,0.35003235936164856
/kaggle/input/datasets/tawsifurrahman/covid19-radiography-database/COVID-19_Radiography_Dataset/Normal/images/Normal-7428.png,Normal,Normal,0.01815631240606308,0.00012245503603480756,0.9817212820053101,8.743255897059043e-09,0.594671368598938,,
/kaggle/input/datasets/tawsifurrahman/covid19-radiography-database/COVID-19_Radiography_Dataset/Normal/images/Normal-7436.png,Normal,Normal,3.2806470699142665e-05,0.0006979306926950812,0.9992693066596985,2.673486432236416e-10,0.6862260103225708,,
/kaggle/input/datasets/tawsifurrahman/covid19-radiography-database/COVID-19_Radiography_Dataset/Normal/images/Normal-7438.png,Normal,Normal,2.075798192890943e-06,0.0008499672985635698,0.9991480112075806,5.138450082098345e-11,0.7316494584083557,0.31790050864219666,0.31790050864219666
/kaggle/input/datasets/tawsifurrahman/covid19-radiography-database/COVID-19_Radiography_Dataset/Normal/images/Normal-7453.png,Normal,Normal,6.035376827639993e-06,0.002791281323879957,0.9972026348114014,5.115457835103143e-09,0.6421391367912292,,
/kaggle/input/datasets/tawsifurrahman/covid19-radiography-database/COVID-19_Radiography_Dataset/Normal/images/Normal-7457.png,Normal,Normal,1.3027039358348702e-07,0.003176855156198144,0.9968230724334717,6.2864868866086e-09,0.6581548452377319,0.25162413716316223,0.25162413716316223
/kaggle/input/datasets/tawsifurrahman/covid19-radiography-database/COVID-19_Radiography_Dataset/Normal/images/Normal-7458.png,Normal,Normal,2.463515258455118e-08,0.00027735214098356664,0.9997226595878601,9.412925994212173e-11,0.5735543370246887,,
/kaggle/input/datasets/tawsifurrahman/covid19-radiography-database/COVID-19_Radiography_Dataset/Normal/images/Normal-7460.png,Normal,Normal,0.0011451196623966098,0.0018243181984871626,0.99703049659729,2.412073740742926e-08,0.7168962955474854,,
/kaggle/input/datasets/tawsifurrahman/covid19-radiography-database/COVID-19_Radiography_Dataset/Normal/images/Normal-7466.png,Normal,Normal,0.0003883903264068067,6.043061148375273e-05,0.9995511174201965,2.81071832475277e-09,0.6583603620529175,0.38680753111839294,0.38680753111839294
/kaggle/input/datasets/tawsifurrahman/covid19-radiography-database/COVID-19_Radiography_Dataset/Normal/images/Normal-7468.png,Normal,Normal,0.0008002606336958706,0.004034798126667738,0.9951648712158203,3.251624747235837e-08,0.5856360197067261,0.37061265110969543,0.37061265110969543
/kaggle/input/datasets/tawsifurrahman/covid19-radiography-database/COVID-19_Radiography_Dataset/Normal/images/Normal-7472.png,Normal,Normal,0.0005487437592819333,0.001367010991089046,0.998084306716919,4.4386944120233807e-10,0.5854640007019043,,
/kaggle/input/datasets/tawsifurrahman/covid19-radiography-database/COVID-19_Radiography_Dataset/Normal/images/Normal-7475.png,Normal,Normal,1.2964085271960357e-06,3.274566188338213e-05,0.9999659061431885,1.8006462987329996e-09,0.7082997560501099,,
/kaggle/input/datasets/tawsifurrahman/covid19-radiography-database/COVID-19_Radiography_Dataset/Normal/images/Normal-7478.png,Normal,Normal,0.0003087283403147012,0.0011445078998804092,0.9985466599464417,3.892757227674792e-09,0.6335393190383911,0.2676030695438385,0.2676030695438385
/kaggle/input/datasets/tawsifurrahman/covid19-radiography-database/COVID-19_Radiography_Dataset/Normal/images/Normal-7482.png,Normal,Normal,1.68706336012292e-07,0.000440507719758898,0.9995593428611755,4.853492607814758e-11,0.6891570091247559,0.3703434467315674,0.3703434467315674
/kaggle/input/datasets/tawsifurrahman/covid19-radiography-database/COVID-19_Radiography_Dataset/Normal/images/Normal-7487.png,Normal,Normal,5.747609066020232e-06,0.011748152785003185,0.9882460236549377,7.307401261869018e-08,0.6883666515350342,,
/kaggle/input/datasets/tawsifurrahman/covid19-radiography-database/COVID-19_Radiography_Dataset/Normal/images/Normal-7492.png,Normal,Normal,4.093770985491574e-05,0.012649360112845898,0.9787722826004028,0.008537442423403263,0.41028064489364624,,
/kaggle/input/datasets/tawsifurrahman/covid19-radiography-database/COVID-19_Radiography_Dataset/Normal/images/Normal-7497.png,Normal,Normal,1.2655834780161968e-06,0.0011054956121370196,0.9988932013511658,3.686401184310739e-10,0.694682240486145,,
/kaggle/input/datasets/tawsifurrahman/covid19-radiography-database/COVID-19_Radiography_Dataset/Normal/images/Normal-750.png,Normal,Normal,0.00011915943468920887,0.00024396635126322508,0.9996331930160522,3.691526217153296e-06,0.5386554598808289,,
/kaggle/input/datasets/tawsifurrahman/covid19-radiography-database/COVID-19_Radiography_Dataset/Normal/images/Normal-7503.png,Normal,Normal,1.803104936470845e-07,0.0017206514021381736,0.9982790946960449,1.4548083224208419e-11,0.6637634038925171,,
/kaggle/input/datasets/tawsifurrahman/covid19-radiography-database/COVID-19_Radiography_Dataset/Normal/images/Normal-751.png,Normal,Normal,9.368678001919761e-05,5.6792592658894137e-05,0.9998276233673096,2.1867826944799162e-05,0.6242073178291321,,
/kaggle/input/datasets/tawsifurrahman/covid19-radiography-database/COVID-19_Radiography_Dataset/Normal/images/Normal-7518.png,Normal,Normal,6.986246603446489e-07,0.005908722523599863,0.9940904974937439,6.2098566289137125e-09,0.6376412510871887,0.2801448702812195,0.2801448702812195
/kaggle/input/datasets/tawsifurrahman/covid19-radiography-database/COVID-19_Radiography_Dataset/Normal/images/Normal-7525.png,Normal,Normal,1.6170126571068977e-07,0.0013504349626600742,0.9986494183540344,5.096712982211038e-12,0.6946401000022888,0.31686165928840637,0.31686165928840637
/kaggle/input/datasets/tawsifurrahman/covid19-radiography-database/COVID-19_Radiography_Dataset/Normal/images/Normal-7547.png,Normal,Normal,1.5429452105308883e-05,0.0007586662541143596,0.9992258548736572,3.0152498275981543e-09,0.6402798891067505,0.40669840574264526,0.40669840574264526
/kaggle/input/datasets/tawsifurrahman/covid19-radiography-database/COVID-19_Radiography_Dataset/Normal/images/Normal-7556.png,Normal,Normal,0.00012016270193271339,0.004759392235428095,0.9951204657554626,3.0686477803243406e-09,0.6069528460502625,,
/kaggle/input/datasets/tawsifurrahman/covid19-radiography-database/COVID-19_Radiography_Dataset/Normal/images/Normal-756.png,Normal,Normal,1.5853322111070156e-05,0.00011967393947998062,0.9997569918632507,0.00010747461055871099,0.5766037702560425,,
/kaggle/input/datasets/tawsifurrahman/covid19-radiography-database/COVID-19_Radiography_Dataset/Normal/images/Normal-7572.png,Normal,Normal,0.00012729836453218013,0.001665803836658597,0.9982068538665771,1.7181129852161803e-09,0.6992919445037842,,
/kaggle/input/datasets/tawsifurrahman/covid19-radiography-database/COVID-19_Radiography_Dataset/Normal/images/Normal-7574.png,Normal,Normal,6.190688850438164e-08,0.0012131821131333709,0.9987867474555969,1.1625665707892807e-11,0.6683954000473022,,
/kaggle/input/datasets/tawsifurrahman/covid19-radiography-database/COVID-19_Radiography_Dataset/Normal/images/Normal-7582.png,Normal,Lung_Opacity,0.0006136625306680799,0.8864684104919434,0.11290526390075684,1.2684558896580711e-05,0.6782740354537964,,
/kaggle/input/datasets/tawsifurrahman/covid19-radiography-database/COVID-19_Radiography_Dataset/Normal/images/Normal-7592.png,Normal,Normal,1.5002831787569448e-05,0.005620705429464579,0.9943641424179077,4.593491809146144e-08,0.6396732330322266,0.35146763920783997,0.35146763920783997
/kaggle/input/datasets/tawsifurrahman/covid19-radiography-database/COVID-19_Radiography_Dataset/Normal/images/Normal-7594.png,Normal,Normal,1.8365953735610674e-07,0.028277600184082985,0.9717221260070801,2.321440262242902e-10,0.6225258111953735,,
/kaggle/input/datasets/tawsifurrahman/covid19-radiography-database/COVID-19_Radiography_Dataset/Normal/images/Normal-760.png,Normal,Normal,5.867989966645837e-05,5.487363523570821e-05,0.9997393488883972,0.00014712588745169342,0.6170402765274048,0.32689371705055237,0.32689371705055237
/kaggle/input/datasets/tawsifurrahman/covid19-radiography-database/COVID-19_Radiography_Dataset/Normal/images/Normal-7611.png,Normal,Normal,1.1127296602353454e-05,0.15019553899765015,0.8497933149337769,3.137150983434367e-09,0.645094633102417,,
/kaggle/input/datasets/tawsifurrahman/covid19-radiography-database/COVID-19_Radiography_Dataset/Normal/images/Normal-7616.png,Normal,Normal,7.980887772873757e-08,0.0002813368337228894,0.9997184872627258,1.317734636685497e-11,0.678751528263092,0.3854353427886963,0.3854353427886963
/kaggle/input/datasets/tawsifurrahman/covid19-radiography-database/COVID-19_Radiography_Dataset/Normal/images/Normal-7639.png,Normal,Normal,1.7831335696882888e-07,0.00043472947436384857,0.9995651841163635,2.2646389971625602e-11,0.682698667049408,,
/kaggle/input/datasets/tawsifurrahman/covid19-radiography-database/COVID-19_Radiography_Dataset/Normal/images/Normal-7641.png,Normal,Normal,9.013405360747129e-06,0.0008804359822534025,0.9991105198860168,9.493588207232229e-12,0.6327601671218872,,
/kaggle/input/datasets/tawsifurrahman/covid19-radiography-database/COVID-19_Radiography_Dataset/Normal/images/Normal-7652.png,Normal,Normal,7.900068226263102e-07,0.0010234378278255463,0.9989757537841797,2.1610808628724776e-11,0.7182533144950867,,
/kaggle/input/datasets/tawsifurrahman/covid19-radiography-database/COVID-19_Radiography_Dataset/Normal/images/Normal-7666.png,Normal,Normal,3.9498672776971944e-08,0.0009853593073785305,0.9990146160125732,2.9698499215413676e-10,0.7134397029876709,,
/kaggle/input/datasets/tawsifurrahman/covid19-radiography-database/COVID-19_Radiography_Dataset/Normal/images/Normal-7679.png,Normal,Normal,5.564197181229247e-06,0.0067374613136053085,0.9932569265365601,6.195165269673453e-09,0.6952253580093384,0.46123000979423523,0.46123000979423523
/kaggle/input/datasets/tawsifurrahman/covid19-radiography-database/COVID-19_Radiography_Dataset/Normal/images/Normal-7680.png,Normal,Normal,0.12595818936824799,0.06481025367975235,0.8092315793037415,6.127629514907085e-09,0.7099990844726562,0.47611576318740845,0.47611576318740845
/kaggle/input/datasets/tawsifurrahman/covid19-radiography-database/COVID-19_Radiography_Dataset/Normal/images/Normal-7687.png,Normal,Normal,4.300513865018729e-06,0.0036708659026771784,0.9963248372077942,3.465384423861906e-08,0.6382683515548706,0.3939066231250763,0.3939066231250763
/kaggle/input/datasets/tawsifurrahman/covid19-radiography-database/COVID-19_Radiography_Dataset/Normal/images/Normal-7692.png,Normal,Normal,1.4552489346897346e-07,0.07741744816303253,0.9225825071334839,2.210619021170146e-09,0.6788251399993896,,
/kaggle/input/datasets/tawsifurrahman/covid19-radiography-database/COVID-19_Radiography_Dataset/Normal/images/Normal-7693.png,Normal,Normal,8.434732080786489e-06,0.0002694329305086285,0.9997220635414124,2.9974151632972124e-11,0.6677266359329224,,
/kaggle/input/datasets/tawsifurrahman/covid19-radiography-database/COVID-19_Radiography_Dataset/Normal/images/Normal-7697.png,Normal,Normal,0.0001944983087014407,0.05799129977822304,0.9418143033981323,7.209492447479704e-10,0.6921508312225342,,
/kaggle/input/datasets/tawsifurrahman/covid19-radiography-database/COVID-19_Radiography_Dataset/Normal/images/Normal-77.png,Normal,Normal,3.4745769426081097e-06,6.674045289400965e-05,0.9998026490211487,0.0001271900109713897,0.6496685743331909,,
/kaggle/input/datasets/tawsifurrahman/covid19-radiography-database/COVID-19_Radiography_Dataset/Normal/images/Normal-7700.png,Normal,Normal,5.007612546847895e-09,0.030653955414891243,0.9693460464477539,2.3151308994884268e-11,0.5890219211578369,,
/kaggle/input/datasets/tawsifurrahman/covid19-radiography-database/COVID-19_Radiography_Dataset/Normal/images/Normal-7702.png,Normal,Normal,0.00015734949556645006,0.001478017889894545,0.9983646273612976,6.1710406749904134e-12,0.7266091108322144,,
/kaggle/input/datasets/tawsifurrahman/covid19-radiography-database/COVID-19_Radiography_Dataset/Normal/images/Normal-7729.png,Normal,Normal,1.4920713908850303e-07,0.013911663554608822,0.9860877394676208,4.902420869257185e-07,0.7038015127182007,,
/kaggle/input/datasets/tawsifurrahman/covid19-radiography-database/COVID-19_Radiography_Dataset/Normal/images/Normal-7736.png,Normal,Normal,2.1950268269677053e-09,0.001388317090459168,0.9986116886138916,1.1264875143801589e-10,0.6351993083953857,,
/kaggle/input/datasets/tawsifurrahman/covid19-radiography-database/COVID-19_Radiography_Dataset/Normal/images/Normal-7743.png,Normal,Normal,1.0231155101791956e-05,0.00011644372716546059,0.9998732805252075,4.47829967553659e-12,0.6767127513885498,,
/kaggle/input/datasets/tawsifurrahman/covid19-radiography-database/COVID-19_Radiography_Dataset/Normal/images/Normal-7750.png,Normal,Normal,4.169278895460593e-07,2.3631400836165994e-05,0.9999760389328003,6.080622116932943e-13,0.7198701500892639,0.5299045443534851,0.5299045443534851
/kaggle/input/datasets/tawsifurrahman/covid19-radiography-database/COVID-19_Radiography_Dataset/Normal/images/Normal-7755.png,Normal,Normal,1.1861076927743852e-05,0.009840506128966808,0.9901474118232727,3.0704967457495513e-07,0.6885489225387573,,
/kaggle/input/datasets/tawsifurrahman/covid19-radiography-database/COVID-19_Radiography_Dataset/Normal/images/Normal-7757.png,Normal,Normal,1.1615569746936671e-05,0.00052356201922521,0.9994649291038513,2.5860605323835273e-10,0.6825682520866394,,
/kaggle/input/datasets/tawsifurrahman/covid19-radiography-database/COVID-19_Radiography_Dataset/Normal/images/Normal-7762.png,Normal,Normal,0.00011035285569960251,0.024723846465349197,0.97516268491745,3.138139618386049e-06,0.6461805105209351,,
/kaggle/input/datasets/tawsifurrahman/covid19-radiography-database/COVID-19_Radiography_Dataset/Normal/images/Normal-7769.png,Normal,Normal,0.000804775976575911,0.00296186376363039,0.9962334036827087,2.050720926405347e-09,0.6362902522087097,,
/kaggle/input/datasets/tawsifurrahman/covid19-radiography-database/COVID-19_Radiography_Dataset/Normal/images/Normal-7780.png,Normal,Normal,4.27451540829793e-09,0.011012610979378223,0.988987386226654,5.69311398024297e-09,0.6042094230651855,0.2506098449230194,0.2506098449230194
/kaggle/input/datasets/tawsifurrahman/covid19-radiography-database/COVID-19_Radiography_Dataset/Normal/images/Normal-7782.png,Normal,Normal,0.00016712291107978672,0.009931287728250027,0.9898996949195862,1.921471721288981e-06,0.603114902973175,,
/kaggle/input/datasets/tawsifurrahman/covid19-radiography-database/COVID-19_Radiography_Dataset/Normal/images/Normal-7793.png,Normal,Normal,9.446770832255424e-07,0.0007325392798520625,0.9992664456367493,1.484460998568693e-09,0.6594667434692383,,
/kaggle/input/datasets/tawsifurrahman/covid19-radiography-database/COVID-19_Radiography_Dataset/Normal/images/Normal-7795.png,Normal,Normal,2.063690590148326e-05,0.0002943352737929672,0.9996850490570068,3.48348710987878e-10,0.7319999933242798,,
/kaggle/input/datasets/tawsifurrahman/covid19-radiography-database/COVID-19_Radiography_Dataset/Normal/images/Normal-7797.png,Normal,Normal,0.0005885897553525865,0.018618270754814148,0.9807931184768677,2.8212442160224782e-08,0.5768357515335083,,
/kaggle/input/datasets/tawsifurrahman/covid19-radiography-database/COVID-19_Radiography_Dataset/Normal/images/Normal-7808.png,Normal,Normal,0.0028243623673915863,0.003904100740328431,0.99327152967453,1.5572428901933222e-09,0.670171320438385,,
/kaggle/input/datasets/tawsifurrahman/covid19-radiography-database/COVID-19_Radiography_Dataset/Normal/images/Normal-7816.png,Normal,Normal,6.799755851716327e-07,0.0020873479079455137,0.9979118704795837,1.6873259456318124e-09,0.6822210550308228,,
/kaggle/input/datasets/tawsifurrahman/covid19-radiography-database/COVID-19_Radiography_Dataset/Normal/images/Normal-7817.png,Normal,Normal,6.261684859509842e-08,0.0017095583025366068,0.9982903599739075,1.1404331255390754e-12,0.697381317615509,,
/kaggle/input/datasets/tawsifurrahman/covid19-radiography-database/COVID-19_Radiography_Dataset/Normal/images/Normal-7833.png,Normal,Normal,1.7572591559655848e-06,0.0286380797624588,0.9713601469993591,3.335553777628064e-10,0.7116580605506897,,
/kaggle/input/datasets/tawsifurrahman/covid19-radiography-database/COVID-19_Radiography_Dataset/Normal/images/Normal-7837.png,Normal,Normal,1.320406863669632e-05,0.001603171811439097,0.998383641242981,2.2223885232097729e-10,0.6805246472358704,,
/kaggle/input/datasets/tawsifurrahman/covid19-radiography-database/COVID-19_Radiography_Dataset/Normal/images/Normal-7841.png,Normal,Normal,6.4204517258303895e-09,0.00015848470502533019,0.9998414516448975,2.4834003126486537e-13,0.6269487738609314,,
/kaggle/input/datasets/tawsifurrahman/covid19-radiography-database/COVID-19_Radiography_Dataset/Normal/images/Normal-7858.png,Normal,Normal,3.9613219087186735e-06,4.993975380784832e-05,0.999946117401123,4.947817763140128e-12,0.7158093452453613,,
/kaggle/input/datasets/tawsifurrahman/covid19-radiography-database/COVID-19_Radiography_Dataset/Normal/images/Normal-7863.png,Normal,Normal,0.0004483691300265491,0.00014474705676548183,0.9994069337844849,1.0352015078485266e-10,0.683516800403595,,
/kaggle/input/datasets/tawsifurrahman/covid19-radiography-database/COVID-19_Radiography_Dataset/Normal/images/Normal-7864.png,Normal,Normal,0.001105510164052248,0.0033287552651017904,0.9955657124519348,3.4891403655201714e-10,0.6763371825218201,,
/kaggle/input/datasets/tawsifurrahman/covid19-radiography-database/COVID-19_Radiography_Dataset/Normal/images/Normal-7869.png,Normal,Normal,1.5410630567203043e-06,6.007424235576764e-05,0.9999383687973022,1.0925348299661852e-11,0.6795548796653748,0.41092854738235474,0.41092854738235474
/kaggle/input/datasets/tawsifurrahman/covid19-radiography-database/COVID-19_Radiography_Dataset/Normal/images/Normal-7880.png,Normal,Normal,1.2932521542552422e-07,0.008395317941904068,0.9916046261787415,1.146981176702866e-09,0.6270942091941833,0.2874263525009155,0.2874263525009155
/kaggle/input/datasets/tawsifurrahman/covid19-radiography-database/COVID-19_Radiography_Dataset/Normal/images/Normal-7885.png,Normal,Normal,0.0018839421682059765,0.0001430331903975457,0.9979730248451233,2.772779575388462e-11,0.6776030659675598,,
/kaggle/input/datasets/tawsifurrahman/covid19-radiography-database/COVID-19_Radiography_Dataset/Normal/images/Normal-7887.png,Normal,Normal,0.00010207204468315467,0.004518943838775158,0.995378851890564,1.1759657780885391e-07,0.5984812378883362,,
/kaggle/input/datasets/tawsifurrahman/covid19-radiography-database/COVID-19_Radiography_Dataset/Normal/images/Normal-7896.png,Normal,Lung_Opacity,2.0712620880658505e-06,0.9286114573478699,0.07138346135616302,3.01117506751325e-06,0.5421457290649414,,
/kaggle/input/datasets/tawsifurrahman/covid19-radiography-database/COVID-19_Radiography_Dataset/Normal/images/Normal-7897.png,Normal,Normal,2.410893648630008e-05,0.002689254004508257,0.9972865581512451,9.414602430979357e-09,0.6415477991104126,,
/kaggle/input/datasets/tawsifurrahman/covid19-radiography-database/COVID-19_Radiography_Dataset/Normal/images/Normal-7901.png,Normal,Normal,0.008505058474838734,0.016229087486863136,0.9752638339996338,2.0193022010062123e-06,0.5415456891059875,,
/kaggle/input/datasets/tawsifurrahman/covid19-radiography-database/COVID-19_Radiography_Dataset/Normal/images/Normal-7907.png,Normal,Normal,0.0004024696827400476,0.005940896458923817,0.993656575679779,3.181797714191248e-09,0.6736690402030945,0.3529696762561798,0.3529696762561798
/kaggle/input/datasets/tawsifurrahman/covid19-radiography-database/COVID-19_Radiography_Dataset/Normal/images/Normal-791.png,Normal,Normal,7.716302934568375e-05,3.1540810596197844e-05,0.9998179078102112,7.345889753196388e-05,0.47838661074638367,,
/kaggle/input/datasets/tawsifurrahman/covid19-radiography-database/COVID-19_Radiography_Dataset/Normal/images/Normal-7914.png,Normal,Normal,1.0127572522833361e-06,0.0023627360351383686,0.9976361989974976,1.7054911927161243e-09,0.6272702813148499,0.2743028998374939,0.2743028998374939
/kaggle/input/datasets/tawsifurrahman/covid19-radiography-database/COVID-19_Radiography_Dataset/Normal/images/Normal-7915.png,Normal,Normal,7.450793873431394e-06,8.407025597989559e-05,0.999908447265625,2.9662980405298356e-11,0.6498544812202454,0.35045596957206726,0.35045596957206726
/kaggle/input/datasets/tawsifurrahman/covid19-radiography-database/COVID-19_Radiography_Dataset/Normal/images/Normal-7920.png,Normal,Normal,2.802810605828654e-08,0.001933669438585639,0.9980663657188416,1.3884964011889878e-10,0.6836442947387695,,
/kaggle/input/datasets/tawsifurrahman/covid19-radiography-database/COVID-19_Radiography_Dataset/Normal/images/Normal-7921.png,Normal,Normal,6.553423008881509e-05,0.038896989077329636,0.961037278175354,2.1256559534776898e-07,0.7314270734786987,0.21133695542812347,0.21133695542812347
/kaggle/input/datasets/tawsifurrahman/covid19-radiography-database/COVID-19_Radiography_Dataset/Normal/images/Normal-7924.png,Normal,Normal,1.0081391366156822e-07,0.000133774898131378,0.9998661279678345,4.57298261757888e-12,0.7105908989906311,,
/kaggle/input/datasets/tawsifurrahman/covid19-radiography-database/COVID-19_Radiography_Dataset/Normal/images/Normal-7926.png,Normal,Normal,4.866071776632452e-06,0.024855634197592735,0.9751394391059875,4.337477221838526e-08,0.7005243897438049,,
/kaggle/input/datasets/tawsifurrahman/covid19-radiography-database/COVID-19_Radiography_Dataset/Normal/images/Normal-7930.png,Normal,Lung_Opacity,5.595229140453739e-06,0.9841192364692688,0.015875035896897316,1.0132771421922371e-07,0.6460171937942505,,
/kaggle/input/datasets/tawsifurrahman/covid19-radiography-database/COVID-19_Radiography_Dataset/Normal/images/Normal-7953.png,Normal,Normal,1.1058349628001451e-05,0.05715537443757057,0.9428335428237915,6.3526703897309744e-09,0.664993166923523,,
/kaggle/input/datasets/tawsifurrahman/covid19-radiography-database/COVID-19_Radiography_Dataset/Normal/images/Normal-796.png,Normal,Normal,0.0002637146972119808,0.002911590738222003,0.9967683553695679,5.6409968237858266e-05,0.6681089997291565,0.261528879404068,0.261528879404068
/kaggle/input/datasets/tawsifurrahman/covid19-radiography-database/COVID-19_Radiography_Dataset/Normal/images/Normal-7965.png,Normal,Normal,6.05870482672799e-08,0.0029730454552918673,0.9970268607139587,3.613883081676761e-10,0.6193026900291443,,
/kaggle/input/datasets/tawsifurrahman/covid19-radiography-database/COVID-19_Radiography_Dataset/Normal/images/Normal-7966.png,Normal,Normal,7.831322363927029e-07,0.0002843848487827927,0.9997147917747498,1.262153033997071e-12,0.7067664861679077,,
/kaggle/input/datasets/tawsifurrahman/covid19-radiography-database/COVID-19_Radiography_Dataset/Normal/images/Normal-7970.png,Normal,Normal,2.0824576495215297e-05,0.007090641185641289,0.9928885102272034,9.004791912126109e-10,0.6903033256530762,,
/kaggle/input/datasets/tawsifurrahman/covid19-radiography-database/COVID-19_Radiography_Dataset/Normal/images/Normal-7974.png,Normal,Normal,0.0009327565785497427,0.09889716655015945,0.9001701474189758,5.912450529166335e-09,0.6846100687980652,0.4839346706867218,0.4839346706867218
/kaggle/input/datasets/tawsifurrahman/covid19-radiography-database/COVID-19_Radiography_Dataset/Normal/images/Normal-7984.png,Normal,Normal,8.524965232936665e-05,9.60628894972615e-05,0.999818742275238,4.87084905742563e-09,0.6857641935348511,,
/kaggle/input/datasets/tawsifurrahman/covid19-radiography-database/COVID-19_Radiography_Dataset/Normal/images/Normal-7990.png,Normal,Normal,0.00012802405399270356,0.0004928826820105314,0.99937903881073,1.040435027022113e-08,0.693199634552002,,
/kaggle/input/datasets/tawsifurrahman/covid19-radiography-database/COVID-19_Radiography_Dataset/Normal/images/Normal-7991.png,Normal,Normal,0.024949628859758377,0.0005279338220134377,0.9745225310325623,7.218086545135449e-11,0.7080154418945312,,
/kaggle/input/datasets/tawsifurrahman/covid19-radiography-database/COVID-19_Radiography_Dataset/Normal/images/Normal-7992.png,Normal,Normal,0.23356245458126068,0.09021208435297012,0.6762224435806274,3.017265953531023e-06,0.6031057834625244,,
/kaggle/input/datasets/tawsifurrahman/covid19-radiography-database/COVID-19_Radiography_Dataset/Normal/images/Normal-800.png,Normal,Normal,9.682634117780253e-05,5.356751717044972e-05,0.9998477697372437,1.8284299585502595e-06,0.5992631912231445,,
/kaggle/input/datasets/tawsifurrahman/covid19-radiography-database/COVID-19_Radiography_Dataset/Normal/images/Normal-8000.png,Normal,Normal,0.007134538609534502,0.11706642061471939,0.8757336735725403,6.540028698509559e-05,0.6187400221824646,0.19785425066947937,0.19785425066947937
/kaggle/input/datasets/tawsifurrahman/covid19-radiography-database/COVID-19_Radiography_Dataset/Normal/images/Normal-8007.png,Normal,Normal,7.124920671230939e-07,0.0002871066681109369,0.9997121691703796,1.5789877738647817e-10,0.652064323425293,,
/kaggle/input/datasets/tawsifurrahman/covid19-radiography-database/COVID-19_Radiography_Dataset/Normal/images/Normal-8012.png,Normal,Normal,7.999923354873317e-07,0.0003784984874073416,0.9996206760406494,9.815690482639639e-10,0.6122557520866394,,
/kaggle/input/datasets/tawsifurrahman/covid19-radiography-database/COVID-19_Radiography_Dataset/Normal/images/Normal-8017.png,Normal,Normal,1.1869235549966106e-06,0.0007784674526192248,0.9992203712463379,8.76119454762403e-11,0.6707031726837158,,
/kaggle/input/datasets/tawsifurrahman/covid19-radiography-database/COVID-19_Radiography_Dataset/Normal/images/Normal-8025.png,Normal,Normal,3.3422793421777897e-08,0.007223986554890871,0.9927760362625122,2.746369887063338e-08,0.6891820430755615,,
/kaggle/input/datasets/tawsifurrahman/covid19-radiography-database/COVID-19_Radiography_Dataset/Normal/images/Normal-8031.png,Normal,Normal,6.099964593886398e-06,0.02015138603746891,0.979842483997345,2.52895926422525e-08,0.6658862829208374,,
/kaggle/input/datasets/tawsifurrahman/covid19-radiography-database/COVID-19_Radiography_Dataset/Normal/images/Normal-8033.png,Normal,Normal,2.0668692741310224e-05,0.002705285092815757,0.9972739815711975,5.70081448714177e-09,0.6362196207046509,0.23811838030815125,0.23811838030815125
/kaggle/input/datasets/tawsifurrahman/covid19-radiography-database/COVID-19_Radiography_Dataset/Normal/images/Normal-8057.png,Normal,Normal,3.931631908926647e-07,0.0008542410796508193,0.9991453886032104,1.65892775072507e-08,0.705346941947937,0.356794148683548,0.356794148683548
/kaggle/input/datasets/tawsifurrahman/covid19-radiography-database/COVID-19_Radiography_Dataset/Normal/images/Normal-8061.png,Normal,Normal,2.308084390278964e-08,0.0013724027667194605,0.9986276626586914,1.2699296059182075e-09,0.6470414400100708,0.2996542453765869,0.2996542453765869
/kaggle/input/datasets/tawsifurrahman/covid19-radiography-database/COVID-19_Radiography_Dataset/Normal/images/Normal-8063.png,Normal,Normal,7.351077613293455e-08,0.0014132085489109159,0.9985866546630859,6.552622333622082e-10,0.6131230592727661,0.295318067073822,0.295318067073822
/kaggle/input/datasets/tawsifurrahman/covid19-radiography-database/COVID-19_Radiography_Dataset/Normal/images/Normal-807.png,Normal,Normal,5.757339022238739e-05,4.5779452193528414e-05,0.999474823474884,0.0004218118847347796,0.6497815251350403,0.2756726145744324,0.2756726145744324
/kaggle/input/datasets/tawsifurrahman/covid19-radiography-database/COVID-19_Radiography_Dataset/Normal/images/Normal-8071.png,Normal,Normal,0.018010683357715607,0.0006274293409660459,0.9813618063926697,1.2549955386020883e-07,0.7192705869674683,0.41700980067253113,0.41700980067253113
/kaggle/input/datasets/tawsifurrahman/covid19-radiography-database/COVID-19_Radiography_Dataset/Normal/images/Normal-808.png,Normal,Normal,1.231285114045022e-05,1.7090593246393837e-05,0.9999692440032959,1.416127020092972e-06,0.6152472496032715,0.2570264935493469,0.2570264935493469
/kaggle/input/datasets/tawsifurrahman/covid19-radiography-database/COVID-19_Radiography_Dataset/Normal/images/Normal-8081.png,Normal,Normal,1.8163391359848902e-06,2.2543687009601854e-05,0.9999756813049316,1.0370769347456399e-11,0.7027959227561951,0.4324398338794708,0.4324398338794708
/kaggle/input/datasets/tawsifurrahman/covid19-radiography-database/COVID-19_Radiography_Dataset/Normal/images/Normal-8084.png,Normal,Lung_Opacity,1.963874751709227e-07,0.5883828997612,0.41161686182022095,4.139910458889062e-08,0.6781263947486877,,
/kaggle/input/datasets/tawsifurrahman/covid19-radiography-database/COVID-19_Radiography_Dataset/Normal/images/Normal-81.png,Normal,Normal,1.142504424933577e-05,0.00015047535998746753,0.9996403455734253,0.00019776444241870195,0.5823141932487488,,
/kaggle/input/datasets/tawsifurrahman/covid19-radiography-database/COVID-19_Radiography_Dataset/Normal/images/Normal-8100.png,Normal,Normal,1.7301636034972034e-07,4.191424886812456e-05,0.9999579191207886,5.200282478939888e-13,0.6913928985595703,0.45890066027641296,0.45890066027641296
/kaggle/input/datasets/tawsifurrahman/covid19-radiography-database/COVID-19_Radiography_Dataset/Normal/images/Normal-8102.png,Normal,Normal,0.363895058631897,0.001878327806480229,0.6342265605926514,7.348740282964172e-09,0.7195319533348083,,
/kaggle/input/datasets/tawsifurrahman/covid19-radiography-database/COVID-19_Radiography_Dataset/Normal/images/Normal-8115.png,Normal,Normal,1.0588440773062757e-06,0.03506583720445633,0.9649330973625183,2.060395054570563e-08,0.6141203045845032,,
/kaggle/input/datasets/tawsifurrahman/covid19-radiography-database/COVID-19_Radiography_Dataset/Normal/images/Normal-8119.png,Normal,Normal,8.362429070984945e-06,0.004924023523926735,0.9950677156448364,2.9502578158258075e-09,0.6917022466659546,,
/kaggle/input/datasets/tawsifurrahman/covid19-radiography-database/COVID-19_Radiography_Dataset/Normal/images/Normal-8138.png,Normal,Normal,0.00047706085024401546,0.00453544594347477,0.9949874877929688,3.140814541779946e-08,0.5030356049537659,,
/kaggle/input/datasets/tawsifurrahman/covid19-radiography-database/COVID-19_Radiography_Dataset/Normal/images/Normal-814.png,Normal,Normal,2.586724986031186e-05,0.00014790368732064962,0.9995208978652954,0.0003053872787859291,0.6564117670059204,,
/kaggle/input/datasets/tawsifurrahman/covid19-radiography-database/COVID-19_Radiography_Dataset/Normal/images/Normal-8148.png,Normal,Normal,5.085989300823712e-07,0.000559426611289382,0.9994400143623352,1.962130191657252e-08,0.4989621043205261,,
/kaggle/input/datasets/tawsifurrahman/covid19-radiography-database/COVID-19_Radiography_Dataset/Normal/images/Normal-8157.png,Normal,Normal,4.788068690686487e-05,0.00016090685676317662,0.9997912049293518,1.188581122413268e-09,0.6158831715583801,,
/kaggle/input/datasets/tawsifurrahman/covid19-radiography-database/COVID-19_Radiography_Dataset/Normal/images/Normal-8159.png,Normal,Normal,3.28952189931897e-08,0.0013247347669675946,0.9986752867698669,8.626466901917595e-11,0.6445648670196533,,
/kaggle/input/datasets/tawsifurrahman/covid19-radiography-database/COVID-19_Radiography_Dataset/Normal/images/Normal-817.png,Normal,Normal,0.040623586624860764,0.009766015224158764,0.949508011341095,0.00010240011033602059,0.7005244493484497,0.33071306347846985,0.33071306347846985
/kaggle/input/datasets/tawsifurrahman/covid19-radiography-database/COVID-19_Radiography_Dataset/Normal/images/Normal-8175.png,Normal,Normal,1.8613648080645362e-06,0.0022197486832737923,0.9977783560752869,8.398957085375969e-10,0.665310800075531,,
/kaggle/input/datasets/tawsifurrahman/covid19-radiography-database/COVID-19_Radiography_Dataset/Normal/images/Normal-8177.png,Normal,Normal,0.0006847999175079167,0.004966681823134422,0.9943457245826721,2.7533264983503614e-06,0.36861681938171387,,
/kaggle/input/datasets/tawsifurrahman/covid19-radiography-database/COVID-19_Radiography_Dataset/Normal/images/Normal-8185.png,Normal,Normal,2.168437447380711e-07,0.0005577740957960486,0.999441921710968,3.516776592160653e-10,0.7035791277885437,,
/kaggle/input/datasets/tawsifurrahman/covid19-radiography-database/COVID-19_Radiography_Dataset/Normal/images/Normal-8221.png,Normal,Normal,3.2287539397657383e-06,0.00016544118989259005,0.9998313188552856,1.5555957633139883e-09,0.6138560175895691,0.3228628635406494,0.3228628635406494
/kaggle/input/datasets/tawsifurrahman/covid19-radiography-database/COVID-19_Radiography_Dataset/Normal/images/Normal-8231.png,Normal,Normal,6.111833705801928e-09,0.016960421577095985,0.9830395579338074,1.6979556649587835e-09,0.6192957758903503,,
/kaggle/input/datasets/tawsifurrahman/covid19-radiography-database/COVID-19_Radiography_Dataset/Normal/images/Normal-8232.png,Normal,Normal,0.00011581323633436114,5.552648508455604e-05,0.999828577041626,3.743914206433274e-11,0.6621702313423157,,
/kaggle/input/datasets/tawsifurrahman/covid19-radiography-database/COVID-19_Radiography_Dataset/Normal/images/Normal-8237.png,Normal,Normal,1.6208932720473967e-05,0.00016105457325465977,0.9998227953910828,4.9404584590018175e-11,0.6855764389038086,,
/kaggle/input/datasets/tawsifurrahman/covid19-radiography-database/COVID-19_Radiography_Dataset/Normal/images/Normal-8244.png,Normal,Normal,9.603664693713654e-06,0.0013551601441577077,0.9986352324485779,1.2265287396839852e-10,0.7034246325492859,,
/kaggle/input/datasets/tawsifurrahman/covid19-radiography-database/COVID-19_Radiography_Dataset/Normal/images/Normal-8249.png,Normal,Normal,4.820108642888954e-06,0.000558829284273088,0.9994364380836487,1.2897316548077242e-10,0.6916173696517944,,
/kaggle/input/datasets/tawsifurrahman/covid19-radiography-database/COVID-19_Radiography_Dataset/Normal/images/Normal-8250.png,Normal,Normal,2.452528917729069e-07,0.0009645119425840676,0.9990352392196655,1.5610739090288206e-10,0.6402057409286499,,
/kaggle/input/datasets/tawsifurrahman/covid19-radiography-database/COVID-19_Radiography_Dataset/Normal/images/Normal-8252.png,Normal,Normal,5.921147661069881e-08,0.00397039670497179,0.9960296154022217,1.4676674320313055e-09,0.6184837818145752,0.3367987871170044,0.3367987871170044
/kaggle/input/datasets/tawsifurrahman/covid19-radiography-database/COVID-19_Radiography_Dataset/Normal/images/Normal-8260.png,Normal,Normal,7.762951170775523e-09,0.1447744220495224,0.8552255630493164,1.1871181371247985e-08,0.6357640027999878,0.18985098600387573,0.18985098600387573
/kaggle/input/datasets/tawsifurrahman/covid19-radiography-database/COVID-19_Radiography_Dataset/Normal/images/Normal-8275.png,Normal,Normal,1.1825328328995965e-05,0.03618450462818146,0.9638037085533142,4.471138570494304e-09,0.6555983424186707,,
/kaggle/input/datasets/tawsifurrahman/covid19-radiography-database/COVID-19_Radiography_Dataset/Normal/images/Normal-828.png,Normal,COVID,0.994127631187439,7.957172783790156e-06,0.005864290054887533,6.684908981924309e-08,0.6656560897827148,,
/kaggle/input/datasets/tawsifurrahman/covid19-radiography-database/COVID-19_Radiography_Dataset/Normal/images/Normal-8286.png,Normal,Normal,2.117116437716504e-08,0.0009551557595841587,0.9990448355674744,3.513185575787503e-11,0.6235784888267517,,
/kaggle/input/datasets/tawsifurrahman/covid19-radiography-database/COVID-19_Radiography_Dataset/Normal/images/Normal-8294.png,Normal,Normal,1.312789965624006e-08,0.013050894252955914,0.9869490265846252,4.848264012480286e-10,0.5771024823188782,,
/kaggle/input/datasets/tawsifurrahman/covid19-radiography-database/COVID-19_Radiography_Dataset/Normal/images/Normal-8317.png,Normal,Normal,0.00010843237396329641,0.0001660103298490867,0.9997255206108093,1.4605689102609176e-08,0.7277219891548157,0.4455791115760803,0.4455791115760803
/kaggle/input/datasets/tawsifurrahman/covid19-radiography-database/COVID-19_Radiography_Dataset/Normal/images/Normal-8320.png,Normal,Normal,7.320526492549106e-05,0.059432074427604675,0.9404702186584473,2.4476255930494517e-05,0.6571890115737915,,
/kaggle/input/datasets/tawsifurrahman/covid19-radiography-database/COVID-19_Radiography_Dataset/Normal/images/Normal-8322.png,Normal,Normal,0.0001333664549747482,2.3811164282960817e-05,0.9998427629470825,2.2044603989468392e-11,0.6896405816078186,0.4925480782985687,0.4925480782985687
/kaggle/input/datasets/tawsifurrahman/covid19-radiography-database/COVID-19_Radiography_Dataset/Normal/images/Normal-833.png,Normal,Normal,1.9225308278691955e-06,2.5721363272168674e-05,0.9999570846557617,1.5235421415127348e-05,0.5647267699241638,,
/kaggle/input/datasets/tawsifurrahman/covid19-radiography-database/COVID-19_Radiography_Dataset/Normal/images/Normal-8354.png,Normal,Normal,4.2572452230160707e-08,0.001586793689057231,0.9984132051467896,2.9679346980060473e-08,0.6354483962059021,,
/kaggle/input/datasets/tawsifurrahman/covid19-radiography-database/COVID-19_Radiography_Dataset/Normal/images/Normal-8360.png,Normal,Normal,1.7196529711327457e-07,0.004352141637355089,0.9956477284431458,1.0520601056995815e-09,0.6854251623153687,,
/kaggle/input/datasets/tawsifurrahman/covid19-radiography-database/COVID-19_Radiography_Dataset/Normal/images/Normal-8370.png,Normal,Normal,0.00023384987434837967,0.0012306611752137542,0.9985353946685791,4.876246517682148e-09,0.6264520883560181,,
/kaggle/input/datasets/tawsifurrahman/covid19-radiography-database/COVID-19_Radiography_Dataset/Normal/images/Normal-8371.png,Normal,Normal,7.2963599606623575e-09,0.00010578698856988922,0.9998942613601685,1.3359677405143378e-13,0.6890764236450195,,
/kaggle/input/datasets/tawsifurrahman/covid19-radiography-database/COVID-19_Radiography_Dataset/Normal/images/Normal-8388.png,Normal,Normal,1.739073809403635e-07,0.00012196134048281237,0.9998779296875,2.4870308590330126e-10,0.6572361588478088,,
/kaggle/input/datasets/tawsifurrahman/covid19-radiography-database/COVID-19_Radiography_Dataset/Normal/images/Normal-8389.png,Normal,Lung_Opacity,2.7090460430478913e-10,0.9787713885307312,0.02122868411242962,2.3522339631654177e-09,0.600337564945221,,
/kaggle/input/datasets/tawsifurrahman/covid19-radiography-database/COVID-19_Radiography_Dataset/Normal/images/Normal-8403.png,Normal,Normal,0.00033866471494548023,0.01585051603615284,0.9838107824325562,5.916476641942836e-09,0.6850792169570923,,
/kaggle/input/datasets/tawsifurrahman/covid19-radiography-database/COVID-19_Radiography_Dataset/Normal/images/Normal-8405.png,Normal,Normal,0.0009292478207498789,0.023012664169073105,0.9760577082633972,4.5358521560956433e-07,0.65726238489151,0.30071812868118286,0.30071812868118286
/kaggle/input/datasets/tawsifurrahman/covid19-radiography-database/COVID-19_Radiography_Dataset/Normal/images/Normal-8437.png,Normal,Normal,4.583926966006402e-06,0.0007019896293058991,0.9992934465408325,9.662030286960999e-09,0.685049295425415,,
/kaggle/input/datasets/tawsifurrahman/covid19-radiography-database/COVID-19_Radiography_Dataset/Normal/images/Normal-8443.png,Normal,Normal,3.754930233412779e-08,0.03158221393823624,0.968417763710022,2.470978088808806e-09,0.6817569136619568,,
/kaggle/input/datasets/tawsifurrahman/covid19-radiography-database/COVID-19_Radiography_Dataset/Normal/images/Normal-845.png,Normal,Normal,3.249790461268276e-05,7.692410872550681e-05,0.9998878240585327,2.6957475256494945e-06,0.5947564840316772,0.29340797662734985,0.29340797662734985
/kaggle/input/datasets/tawsifurrahman/covid19-radiography-database/COVID-19_Radiography_Dataset/Normal/images/Normal-8458.png,Normal,Normal,7.22295735613443e-05,0.0008403491810895503,0.9990874528884888,5.440012174062758e-08,0.7099520564079285,,
/kaggle/input/datasets/tawsifurrahman/covid19-radiography-database/COVID-19_Radiography_Dataset/Normal/images/Normal-8460.png,Normal,Normal,2.5144588562397985e-06,0.017258359119296074,0.9827390909194946,1.057424281469821e-08,0.6681957840919495,0.3022497892379761,0.3022497892379761
/kaggle/input/datasets/tawsifurrahman/covid19-radiography-database/COVID-19_Radiography_Dataset/Normal/images/Normal-8469.png,Normal,Normal,1.264185129912221e-07,0.0028635249473154545,0.9971363544464111,4.803235587047539e-10,0.6641587018966675,,
/kaggle/input/datasets/tawsifurrahman/covid19-radiography-database/COVID-19_Radiography_Dataset/Normal/images/Normal-847.png,Normal,Normal,6.867841875646263e-05,3.785128865274601e-05,0.9997789263725281,0.00011457766231615096,0.5177085399627686,0.20244456827640533,0.20244456827640533
/kaggle/input/datasets/tawsifurrahman/covid19-radiography-database/COVID-19_Radiography_Dataset/Normal/images/Normal-8473.png,Normal,Normal,0.031192708760499954,0.0016274870140478015,0.9671797156333923,2.7380897549278416e-09,0.6656666994094849,,
/kaggle/input/datasets/tawsifurrahman/covid19-radiography-database/COVID-19_Radiography_Dataset/Normal/images/Normal-8474.png,Normal,Normal,0.0008777529001235962,0.023926666006445885,0.975195586681366,1.9828371833341407e-08,0.6789417862892151,,
/kaggle/input/datasets/tawsifurrahman/covid19-radiography-database/COVID-19_Radiography_Dataset/Normal/images/Normal-8487.png,Normal,Normal,9.320488061348442e-06,0.007131145801395178,0.9928590059280396,4.993207767256536e-07,0.7105334401130676,,
/kaggle/input/datasets/tawsifurrahman/covid19-radiography-database/COVID-19_Radiography_Dataset/Normal/images/Normal-849.png,Normal,Normal,1.7090165783884004e-05,0.0008076704107224941,0.9989033937454224,0.000271728727966547,0.5921492576599121,0.26039406657218933,0.26039406657218933
/kaggle/input/datasets/tawsifurrahman/covid19-radiography-database/COVID-19_Radiography_Dataset/Normal/images/Normal-8513.png,Normal,Normal,0.005368275102227926,0.007412177976220846,0.9872193336486816,2.3769054280364799e-07,0.6250869631767273,,
/kaggle/input/datasets/tawsifurrahman/covid19-radiography-database/COVID-19_Radiography_Dataset/Normal/images/Normal-8527.png,Normal,Normal,0.0002594500547274947,0.003135320032015443,0.9966051578521729,2.7858051976359377e-10,0.6861175298690796,,
/kaggle/input/datasets/tawsifurrahman/covid19-radiography-database/COVID-19_Radiography_Dataset/Normal/images/Normal-8540.png,Normal,Normal,3.1333976835412614e-07,0.00903819128870964,0.9909613728523254,2.1782037507023233e-08,0.6079031229019165,,
/kaggle/input/datasets/tawsifurrahman/covid19-radiography-database/COVID-19_Radiography_Dataset/Normal/images/Normal-8549.png,Normal,Normal,9.148187018581666e-06,0.02040805295109749,0.9795829057693481,1.7262354878866404e-09,0.6764670610427856,0.3919816315174103,0.3919816315174103
/kaggle/input/datasets/tawsifurrahman/covid19-radiography-database/COVID-19_Radiography_Dataset/Normal/images/Normal-8559.png,Normal,Normal,1.4739915066286358e-08,0.006110950373113155,0.9938889741897583,1.058493070971167e-09,0.6717029809951782,,
/kaggle/input/datasets/tawsifurrahman/covid19-radiography-database/COVID-19_Radiography_Dataset/Normal/images/Normal-856.png,Normal,Normal,1.722496745060198e-05,2.8079046387574635e-05,0.9999475479125977,7.129348887247033e-06,0.5958141088485718,,
/kaggle/input/datasets/tawsifurrahman/covid19-radiography-database/COVID-19_Radiography_Dataset/Normal/images/Normal-8563.png,Normal,Normal,1.8973738406202756e-05,0.003387409495189786,0.9965935349464417,2.8304329546813278e-08,0.6395237445831299,,
/kaggle/input/datasets/tawsifurrahman/covid19-radiography-database/COVID-19_Radiography_Dataset/Normal/images/Normal-8569.png,Normal,Normal,3.915707929991186e-05,0.004475587047636509,0.9954849481582642,2.9408604973468755e-07,0.6227338314056396,0.335796982049942,0.335796982049942
/kaggle/input/datasets/tawsifurrahman/covid19-radiography-database/COVID-19_Radiography_Dataset/Normal/images/Normal-8579.png,Normal,Normal,4.048483788210433e-07,0.00030283324304036796,0.9996968507766724,3.275934428240146e-12,0.6448683142662048,,
/kaggle/input/datasets/tawsifurrahman/covid19-radiography-database/COVID-19_Radiography_Dataset/Normal/images/Normal-8589.png,Normal,Normal,0.21957461535930634,0.0003185126115567982,0.7801068425178528,3.3027744428260064e-10,0.6945813298225403,,
/kaggle/input/datasets/tawsifurrahman/covid19-radiography-database/COVID-19_Radiography_Dataset/Normal/images/Normal-8593.png,Normal,Normal,6.419476221708464e-07,0.0005435787024907768,0.9994558691978455,1.2332651566637765e-10,0.6365219354629517,,
/kaggle/input/datasets/tawsifurrahman/covid19-radiography-database/COVID-19_Radiography_Dataset/Normal/images/Normal-8596.png,Normal,Normal,1.261592075252338e-07,0.0006633207085542381,0.9993365406990051,3.477812759999921e-10,0.6763442754745483,,
/kaggle/input/datasets/tawsifurrahman/covid19-radiography-database/COVID-19_Radiography_Dataset/Normal/images/Normal-8597.png,Normal,Normal,0.006375382654368877,0.0010487963445484638,0.9925757646560669,1.7347495884223463e-08,0.6050917506217957,0.22908586263656616,0.22908586263656616
/kaggle/input/datasets/tawsifurrahman/covid19-radiography-database/COVID-19_Radiography_Dataset/Normal/images/Normal-8598.png,Normal,Normal,0.004700714722275734,0.0025986714754253626,0.9927005767822266,4.753238869170673e-08,0.7165642976760864,,
/kaggle/input/datasets/tawsifurrahman/covid19-radiography-database/COVID-19_Radiography_Dataset/Normal/images/Normal-86.png,Normal,Normal,5.990238059894182e-05,0.000228672128287144,0.99970942735672,1.9339545360708144e-06,0.5394699573516846,,
/kaggle/input/datasets/tawsifurrahman/covid19-radiography-database/COVID-19_Radiography_Dataset/Normal/images/Normal-8604.png,Normal,Normal,6.177262701356767e-09,0.003854200942441821,0.9961458444595337,9.036225240288687e-11,0.697998046875,0.33120736479759216,0.33120736479759216
/kaggle/input/datasets/tawsifurrahman/covid19-radiography-database/COVID-19_Radiography_Dataset/Normal/images/Normal-8610.png,Normal,Normal,2.8478524427555385e-07,0.08372737467288971,0.9162723422050476,7.038281069071672e-10,0.7058612108230591,,
/kaggle/input/datasets/tawsifurrahman/covid19-radiography-database/COVID-19_Radiography_Dataset/Normal/images/Normal-8614.png,Normal,Normal,4.2987389292648004e-07,0.003621774958446622,0.9963777661323547,9.145611379324237e-09,0.6568054556846619,,
/kaggle/input/datasets/tawsifurrahman/covid19-radiography-database/COVID-19_Radiography_Dataset/Normal/images/Normal-8616.png,Normal,Normal,0.00977331679314375,0.002847861498594284,0.9873788952827454,3.9621675385070887e-10,0.7103744745254517,0.361614465713501,0.361614465713501
/kaggle/input/datasets/tawsifurrahman/covid19-radiography-database/COVID-19_Radiography_Dataset/Normal/images/Normal-8619.png,Normal,Normal,7.038731837383239e-07,0.020481105893850327,0.9795182347297668,2.481493677208846e-09,0.6787230372428894,,
/kaggle/input/datasets/tawsifurrahman/covid19-radiography-database/COVID-19_Radiography_Dataset/Normal/images/Normal-862.png,Normal,Normal,0.0004069684655405581,0.0010301492875441909,0.9983003735542297,0.0002625489141792059,0.587080717086792,0.3082943856716156,0.3082943856716156
/kaggle/input/datasets/tawsifurrahman/covid19-radiography-database/COVID-19_Radiography_Dataset/Normal/images/Normal-8623.png,Normal,Normal,2.9713180538237793e-07,0.0037492341361939907,0.9962504506111145,1.6564667859597648e-08,0.687142550945282,,
/kaggle/input/datasets/tawsifurrahman/covid19-radiography-database/COVID-19_Radiography_Dataset/Normal/images/Normal-8649.png,Normal,Normal,1.5214842278510332e-05,0.04873314127326012,0.9512516856193542,1.7679105956958097e-09,0.7137779593467712,,
/kaggle/input/datasets/tawsifurrahman/covid19-radiography-database/COVID-19_Radiography_Dataset/Normal/images/Normal-865.png,Normal,Normal,3.172378637827933e-05,0.00012770087050739676,0.9995455145835876,0.00029503018595278263,0.5448374152183533,,
/kaggle/input/datasets/tawsifurrahman/covid19-radiography-database/COVID-19_Radiography_Dataset/Normal/images/Normal-8650.png,Normal,Normal,2.9471749485310283e-09,0.0008664865745231509,0.9991335272789001,1.2470884047655062e-10,0.5315736532211304,,
/kaggle/input/datasets/tawsifurrahman/covid19-radiography-database/COVID-19_Radiography_Dataset/Normal/images/Normal-8663.png,Normal,Normal,2.563588168413844e-06,1.36752914841054e-05,0.9999836683273315,1.8434274939860273e-11,0.6871722936630249,,
/kaggle/input/datasets/tawsifurrahman/covid19-radiography-database/COVID-19_Radiography_Dataset/Normal/images/Normal-8673.png,Normal,Normal,1.751855234033428e-05,0.004761525429785252,0.9952204823493958,4.3788085690721346e-07,0.685280978679657,,
/kaggle/input/datasets/tawsifurrahman/covid19-radiography-database/COVID-19_Radiography_Dataset/Normal/images/Normal-8676.png,Normal,Normal,0.0010142639512196183,9.0673980594147e-05,0.9988951086997986,6.160571358604372e-11,0.7224342226982117,0.4423244595527649,0.4423244595527649
/kaggle/input/datasets/tawsifurrahman/covid19-radiography-database/COVID-19_Radiography_Dataset/Normal/images/Normal-8678.png,Normal,Normal,8.899791055227979e-07,0.009596278890967369,0.9904028177261353,2.2049975734184102e-10,0.6184924840927124,0.26828446984291077,0.26828446984291077
/kaggle/input/datasets/tawsifurrahman/covid19-radiography-database/COVID-19_Radiography_Dataset/Normal/images/Normal-8689.png,Normal,Normal,0.0010874081635847688,0.011121454648673534,0.9877910614013672,3.592860764456418e-08,0.6950311660766602,,
/kaggle/input/datasets/tawsifurrahman/covid19-radiography-database/COVID-19_Radiography_Dataset/Normal/images/Normal-8695.png,Normal,Normal,7.183357411122415e-07,0.0001641358685446903,0.9998351335525513,5.713833486215014e-12,0.6594721078872681,,
/kaggle/input/datasets/tawsifurrahman/covid19-radiography-database/COVID-19_Radiography_Dataset/Normal/images/Normal-8701.png,Normal,Normal,4.234304014971713e-06,0.0009032872039824724,0.9990924596786499,1.0393234717298583e-08,0.7197980880737305,0.42510589957237244,0.42510589957237244
/kaggle/input/datasets/tawsifurrahman/covid19-radiography-database/COVID-19_Radiography_Dataset/Normal/images/Normal-8703.png,Normal,Normal,6.1048081079206895e-06,0.0011504562571644783,0.9988434314727783,1.818235162431847e-08,0.6593690514564514,,
/kaggle/input/datasets/tawsifurrahman/covid19-radiography-database/COVID-19_Radiography_Dataset/Normal/images/Normal-8711.png,Normal,Normal,9.728385521157179e-06,0.004923999775201082,0.9950662851333618,9.544588452925495e-10,0.663073718547821,,
/kaggle/input/datasets/tawsifurrahman/covid19-radiography-database/COVID-19_Radiography_Dataset/Normal/images/Normal-8743.png,Normal,Normal,0.007593234535306692,0.002336034318432212,0.9900707602500916,6.75830003071809e-10,0.6802178025245667,0.34637153148651123,0.34637153148651123
/kaggle/input/datasets/tawsifurrahman/covid19-radiography-database/COVID-19_Radiography_Dataset/Normal/images/Normal-8761.png,Normal,Normal,1.6022671189830362e-08,0.0058521791361272335,0.994147777557373,1.4686657445750484e-09,0.6585679054260254,0.3108028173446655,0.3108028173446655
/kaggle/input/datasets/tawsifurrahman/covid19-radiography-database/COVID-19_Radiography_Dataset/Normal/images/Normal-8763.png,Normal,Normal,1.0812470463861246e-05,0.0016031902050599456,0.998386025428772,1.0623069091053594e-10,0.6903705596923828,,
/kaggle/input/datasets/tawsifurrahman/covid19-radiography-database/COVID-19_Radiography_Dataset/Normal/images/Normal-8766.png,Normal,Normal,0.0001472985022701323,0.0016523189842700958,0.9981946349143982,5.710321147489594e-06,0.6784688830375671,,
/kaggle/input/datasets/tawsifurrahman/covid19-radiography-database/COVID-19_Radiography_Dataset/Normal/images/Normal-8776.png,Normal,Normal,8.71992451720871e-05,0.0031367011833935976,0.9967760443687439,8.16775447276541e-09,0.6617470383644104,,
/kaggle/input/datasets/tawsifurrahman/covid19-radiography-database/COVID-19_Radiography_Dataset/Normal/images/Normal-879.png,Normal,Normal,1.0773200074254419e-06,2.4378232410526834e-05,0.9999547004699707,1.990393502637744e-05,0.5837233066558838,,
/kaggle/input/datasets/tawsifurrahman/covid19-radiography-database/COVID-19_Radiography_Dataset/Normal/images/Normal-8794.png,Normal,Normal,1.4706627382565785e-07,0.0012233478482812643,0.9987764954566956,1.8064376383630787e-11,0.6350854635238647,,
/kaggle/input/datasets/tawsifurrahman/covid19-radiography-database/COVID-19_Radiography_Dataset/Normal/images/Normal-8796.png,Normal,Normal,3.74296068912372e-05,0.0005423554102890193,0.9994202852249146,2.1001551608890168e-09,0.6910175681114197,,
/kaggle/input/datasets/tawsifurrahman/covid19-radiography-database/COVID-19_Radiography_Dataset/Normal/images/Normal-8801.png,Normal,Normal,4.554783572530141e-07,8.00049165263772e-05,0.9999195337295532,7.321881989597046e-11,0.6113496422767639,,
/kaggle/input/datasets/tawsifurrahman/covid19-radiography-database/COVID-19_Radiography_Dataset/Normal/images/Normal-8804.png,Normal,Normal,8.367180271307006e-06,0.001410572323948145,0.998581051826477,1.6117377654722986e-08,0.6633740067481995,0.43090325593948364,0.43090325593948364
/kaggle/input/datasets/tawsifurrahman/covid19-radiography-database/COVID-19_Radiography_Dataset/Normal/images/Normal-8812.png,Normal,Normal,0.0002397969365119934,5.8495770645095035e-05,0.9997016787528992,2.4155519806612347e-09,0.6022533774375916,,
/kaggle/input/datasets/tawsifurrahman/covid19-radiography-database/COVID-19_Radiography_Dataset/Normal/images/Normal-8815.png,Normal,Normal,1.6909625344396773e-07,0.013499132357537746,0.9865006804466248,6.91436508049037e-09,0.6542219519615173,,
/kaggle/input/datasets/tawsifurrahman/covid19-radiography-database/COVID-19_Radiography_Dataset/Normal/images/Normal-8827.png,Normal,Normal,1.374955172650516e-05,0.00034534226870164275,0.999640941619873,1.8807410490095933e-11,0.7272930145263672,0.4697341024875641,0.4697341024875641
/kaggle/input/datasets/tawsifurrahman/covid19-radiography-database/COVID-19_Radiography_Dataset/Normal/images/Normal-8828.png,Normal,Normal,2.250744728371501e-07,0.00046440173173323274,0.9995354413986206,9.647604302899168e-14,0.7146906852722168,0.3391447365283966,0.3391447365283966
/kaggle/input/datasets/tawsifurrahman/covid19-radiography-database/COVID-19_Radiography_Dataset/Normal/images/Normal-8835.png,Normal,Normal,0.0023918459191918373,0.00020535479416139424,0.9974026083946228,5.8175000816618194e-08,0.6150303483009338,0.38499119877815247,0.38499119877815247
/kaggle/input/datasets/tawsifurrahman/covid19-radiography-database/COVID-19_Radiography_Dataset/Normal/images/Normal-8843.png,Normal,Normal,2.9505170459742658e-05,0.000989176332950592,0.9989812970161438,2.7988767553610572e-11,0.656427800655365,0.37114158272743225,0.37114158272743225
/kaggle/input/datasets/tawsifurrahman/covid19-radiography-database/COVID-19_Radiography_Dataset/Normal/images/Normal-8848.png,Normal,Normal,5.33333286512061e-06,0.0006041617598384619,0.9993904829025269,5.092980290971605e-12,0.6751347780227661,,
/kaggle/input/datasets/tawsifurrahman/covid19-radiography-database/COVID-19_Radiography_Dataset/Normal/images/Normal-8866.png,Normal,Normal,2.150482396245934e-05,0.011684168130159378,0.9882941246032715,1.4652083279997896e-07,0.6494432091712952,,
/kaggle/input/datasets/tawsifurrahman/covid19-radiography-database/COVID-19_Radiography_Dataset/Normal/images/Normal-8875.png,Normal,Normal,5.564210141528747e-07,0.0019368446664884686,0.9980625510215759,9.428178238124474e-10,0.6201112866401672,0.28272974491119385,0.28272974491119385
/kaggle/input/datasets/tawsifurrahman/covid19-radiography-database/COVID-19_Radiography_Dataset/Normal/images/Normal-8884.png,Normal,Normal,3.389161065570079e-05,0.07950524985790253,0.9204608798027039,1.5700955202646583e-08,0.6253829598426819,,
/kaggle/input/datasets/tawsifurrahman/covid19-radiography-database/COVID-19_Radiography_Dataset/Normal/images/Normal-8888.png,Normal,Normal,1.3041227248322684e-05,0.00013613500050269067,0.999850869178772,2.8833617715662285e-09,0.6870089173316956,,
/kaggle/input/datasets/tawsifurrahman/covid19-radiography-database/COVID-19_Radiography_Dataset/Normal/images/Normal-8897.png,Normal,Normal,1.3726926226809155e-05,0.00022324678138829768,0.9997630715370178,1.0335566180685873e-08,0.6364235281944275,,
/kaggle/input/datasets/tawsifurrahman/covid19-radiography-database/COVID-19_Radiography_Dataset/Normal/images/Normal-8902.png,Normal,Normal,1.1414322216296569e-06,0.007161007262766361,0.9928378462791443,2.1045890363780018e-08,0.6415843367576599,,
/kaggle/input/datasets/tawsifurrahman/covid19-radiography-database/COVID-19_Radiography_Dataset/Normal/images/Normal-8911.png,Normal,Normal,1.7818400976921112e-07,1.6005187717382796e-05,0.9999839067459106,4.321385697197977e-12,0.7051790356636047,,
/kaggle/input/datasets/tawsifurrahman/covid19-radiography-database/COVID-19_Radiography_Dataset/Normal/images/Normal-8914.png,Normal,Normal,0.019861385226249695,0.0005061764386482537,0.9796324968338013,1.3439539481296947e-09,0.7131611704826355,0.5342257618904114,0.5342257618904114
/kaggle/input/datasets/tawsifurrahman/covid19-radiography-database/COVID-19_Radiography_Dataset/Normal/images/Normal-8915.png,Normal,Normal,0.0012833159416913986,0.3820171356201172,0.6166987419128418,8.157076081261039e-07,0.6046569347381592,,
/kaggle/input/datasets/tawsifurrahman/covid19-radiography-database/COVID-19_Radiography_Dataset/Normal/images/Normal-8917.png,Normal,Normal,1.462871182411618e-06,0.15832269191741943,0.8416746258735657,1.2119569419155596e-06,0.46874791383743286,0.14256195724010468,0.14256195724010468
/kaggle/input/datasets/tawsifurrahman/covid19-radiography-database/COVID-19_Radiography_Dataset/Normal/images/Normal-8919.png,Normal,Normal,1.2253618479007855e-05,0.0028443660121411085,0.9971433281898499,2.569681134545476e-10,0.6489046812057495,,
/kaggle/input/datasets/tawsifurrahman/covid19-radiography-database/COVID-19_Radiography_Dataset/Normal/images/Normal-8940.png,Normal,Normal,1.0957874110317789e-05,0.0008342881337739527,0.9991546869277954,9.640588771731018e-09,0.6430001258850098,,
/kaggle/input/datasets/tawsifurrahman/covid19-radiography-database/COVID-19_Radiography_Dataset/Normal/images/Normal-8943.png,Normal,Normal,3.96878832020775e-08,0.011596422642469406,0.9884036183357239,4.228610239742636e-10,0.6780831813812256,,
/kaggle/input/datasets/tawsifurrahman/covid19-radiography-database/COVID-19_Radiography_Dataset/Normal/images/Normal-8948.png,Normal,Normal,7.914815068943426e-05,0.028241174295544624,0.9716792702674866,4.312593375743745e-07,0.6768954396247864,,
/kaggle/input/datasets/tawsifurrahman/covid19-radiography-database/COVID-19_Radiography_Dataset/Normal/images/Normal-8950.png,Normal,Normal,7.868188589554848e-08,0.0001734103134367615,0.9998264908790588,2.167817703124797e-09,0.6485506296157837,0.35510188341140747,0.35510188341140747
/kaggle/input/datasets/tawsifurrahman/covid19-radiography-database/COVID-19_Radiography_Dataset/Normal/images/Normal-8959.png,Normal,Normal,8.900185122229232e-08,0.002191890962421894,0.997808039188385,3.8541510261058676e-11,0.6962828040122986,,
/kaggle/input/datasets/tawsifurrahman/covid19-radiography-database/COVID-19_Radiography_Dataset/Normal/images/Normal-8960.png,Normal,Normal,1.9083351787685388e-08,0.0022682391572743654,0.9977317452430725,2.9268618639832766e-09,0.6910828948020935,,
/kaggle/input/datasets/tawsifurrahman/covid19-radiography-database/COVID-19_Radiography_Dataset/Normal/images/Normal-8961.png,Normal,Normal,8.005140443856362e-06,0.00498505774885416,0.9949992895126343,7.763606845401227e-06,0.6823709011077881,,
/kaggle/input/datasets/tawsifurrahman/covid19-radiography-database/COVID-19_Radiography_Dataset/Normal/images/Normal-8964.png,Normal,Normal,3.058666334254667e-05,0.0030388329178094864,0.9969306588172913,1.5689032295540528e-08,0.5181971788406372,,
/kaggle/input/datasets/tawsifurrahman/covid19-radiography-database/COVID-19_Radiography_Dataset/Normal/images/Normal-8991.png,Normal,Normal,9.616305032977834e-05,0.012087815441191196,0.9878159165382385,1.7995808176962669e-09,0.6518335342407227,0.3239690363407135,0.3239690363407135
/kaggle/input/datasets/tawsifurrahman/covid19-radiography-database/COVID-19_Radiography_Dataset/Normal/images/Normal-8992.png,Normal,Normal,3.895608097082004e-05,0.12134111672639847,0.8786159753799438,3.954146450269036e-06,0.6020053029060364,,
/kaggle/input/datasets/tawsifurrahman/covid19-radiography-database/COVID-19_Radiography_Dataset/Normal/images/Normal-9003.png,Normal,Normal,5.471790791489184e-05,0.002388840541243553,0.9975564479827881,2.005092092360883e-09,0.6964459419250488,,
/kaggle/input/datasets/tawsifurrahman/covid19-radiography-database/COVID-19_Radiography_Dataset/Normal/images/Normal-9015.png,Normal,Normal,7.673957611586957e-07,0.0010496808681637049,0.9989495873451233,2.5447854934412817e-10,0.6666519045829773,,
/kaggle/input/datasets/tawsifurrahman/covid19-radiography-database/COVID-19_Radiography_Dataset/Normal/images/Normal-9018.png,Normal,Normal,8.076842277660035e-06,0.00023550727928522974,0.999756395816803,5.89728960109781e-11,0.6803086996078491,0.47680947184562683,0.47680947184562683
/kaggle/input/datasets/tawsifurrahman/covid19-radiography-database/COVID-19_Radiography_Dataset/Normal/images/Normal-9023.png,Normal,Lung_Opacity,0.04967118054628372,0.5952128171920776,0.3551117777824402,4.153936970396899e-06,0.6057512164115906,,
/kaggle/input/datasets/tawsifurrahman/covid19-radiography-database/COVID-19_Radiography_Dataset/Normal/images/Normal-903.png,Normal,Viral Pneumonia,0.0050141699612140656,0.0002017687220359221,0.08428402990102768,0.9105000495910645,0.5213233828544617,,
/kaggle/input/datasets/tawsifurrahman/covid19-radiography-database/COVID-19_Radiography_Dataset/Normal/images/Normal-9032.png,Normal,Normal,1.4739837128630029e-09,0.0008640893502160907,0.9991359114646912,5.655475532329035e-10,0.6581760048866272,0.31097644567489624,0.31097644567489624
/kaggle/input/datasets/tawsifurrahman/covid19-radiography-database/COVID-19_Radiography_Dataset/Normal/images/Normal-9038.png,Normal,Normal,0.00026122794952243567,0.02394908107817173,0.9757896661758423,2.8615950498078746e-08,0.6350084543228149,0.3887816071510315,0.3887816071510315
/kaggle/input/datasets/tawsifurrahman/covid19-radiography-database/COVID-19_Radiography_Dataset/Normal/images/Normal-9061.png,Normal,Normal,1.7384066950398847e-06,0.0053460621275007725,0.9946520328521729,1.4052471897230134e-07,0.6848437786102295,,
/kaggle/input/datasets/tawsifurrahman/covid19-radiography-database/COVID-19_Radiography_Dataset/Normal/images/Normal-9076.png,Normal,Normal,1.1962783901253715e-05,0.022376414388418198,0.9776100516319275,1.5401817563542863e-06,0.665249228477478,,
/kaggle/input/datasets/tawsifurrahman/covid19-radiography-database/COVID-19_Radiography_Dataset/Normal/images/Normal-9083.png,Normal,Normal,5.322606799751384e-09,0.0038974261842668056,0.9961025714874268,4.9669967981278915e-14,0.7141930460929871,0.4120572805404663,0.4120572805404663
/kaggle/input/datasets/tawsifurrahman/covid19-radiography-database/COVID-19_Radiography_Dataset/Normal/images/Normal-9090.png,Normal,Normal,6.044609079935981e-08,0.011631912551820278,0.9883679747581482,4.317228172179277e-11,0.6373158097267151,0.3582797646522522,0.3582797646522522
/kaggle/input/datasets/tawsifurrahman/covid19-radiography-database/COVID-19_Radiography_Dataset/Normal/images/Normal-9096.png,Normal,Normal,2.42376813730516e-06,2.994934402522631e-05,0.9999676942825317,1.1189799087318875e-11,0.689832866191864,,
/kaggle/input/datasets/tawsifurrahman/covid19-radiography-database/COVID-19_Radiography_Dataset/Normal/images/Normal-9097.png,Normal,Normal,9.753404306422908e-09,0.0034570880234241486,0.9965428709983826,6.147553299751252e-11,0.6259315609931946,0.39030131697654724,0.39030131697654724
/kaggle/input/datasets/tawsifurrahman/covid19-radiography-database/COVID-19_Radiography_Dataset/Normal/images/Normal-9111.png,Normal,Normal,8.817575144348666e-05,0.02216770127415657,0.977743923664093,1.5408254228077567e-07,0.649313747882843,0.2801687717437744,0.2801687717437744
/kaggle/input/datasets/tawsifurrahman/covid19-radiography-database/COVID-19_Radiography_Dataset/Normal/images/Normal-9114.png,Normal,Normal,1.1187461979034197e-07,0.0003212260198779404,0.9996786117553711,4.804765474375472e-10,0.6931430101394653,0.3038751482963562,0.3038751482963562
/kaggle/input/datasets/tawsifurrahman/covid19-radiography-database/COVID-19_Radiography_Dataset/Normal/images/Normal-9124.png,Normal,Normal,3.500041430015699e-06,0.0003867055638693273,0.9996098875999451,5.328569616797063e-12,0.706746518611908,,
/kaggle/input/datasets/tawsifurrahman/covid19-radiography-database/COVID-19_Radiography_Dataset/Normal/images/Normal-9130.png,Normal,Normal,2.9209281819930766e-06,0.0018975564744323492,0.9980995059013367,6.449866196689413e-10,0.6873677968978882,,
/kaggle/input/datasets/tawsifurrahman/covid19-radiography-database/COVID-19_Radiography_Dataset/Normal/images/Normal-9132.png,Normal,Normal,5.664861873810878e-06,0.004886789713054895,0.9951075315475464,3.5583980206865817e-09,0.6560478806495667,,
/kaggle/input/datasets/tawsifurrahman/covid19-radiography-database/COVID-19_Radiography_Dataset/Normal/images/Normal-9147.png,Normal,Normal,8.20842558368895e-07,0.01882525160908699,0.9811738729476929,1.5384464813195109e-09,0.6329066157341003,,
/kaggle/input/datasets/tawsifurrahman/covid19-radiography-database/COVID-19_Radiography_Dataset/Normal/images/Normal-9150.png,Normal,Normal,0.03588278591632843,0.003645017510280013,0.9604716897010803,4.373202955321176e-07,0.6002429723739624,,
/kaggle/input/datasets/tawsifurrahman/covid19-radiography-database/COVID-19_Radiography_Dataset/Normal/images/Normal-9153.png,Normal,Normal,1.2376765880617313e-05,0.15958410501480103,0.8404034376144409,3.349421850984413e-09,0.623433530330658,,
/kaggle/input/datasets/tawsifurrahman/covid19-radiography-database/COVID-19_Radiography_Dataset/Normal/images/Normal-9160.png,Normal,Normal,0.004434037953615189,0.0010392921976745129,0.9945266842842102,4.95043561699049e-10,0.7012582421302795,0.35316142439842224,0.35316142439842224
/kaggle/input/datasets/tawsifurrahman/covid19-radiography-database/COVID-19_Radiography_Dataset/Normal/images/Normal-9165.png,Normal,Normal,0.00017322119674645364,0.0014610711950808764,0.9983658194541931,9.997223493485308e-09,0.6226553320884705,,
/kaggle/input/datasets/tawsifurrahman/covid19-radiography-database/COVID-19_Radiography_Dataset/Normal/images/Normal-9166.png,Normal,Normal,1.7677889152523107e-09,0.00040281456313095987,0.9995972514152527,1.839428435956858e-11,0.6603365540504456,,
/kaggle/input/datasets/tawsifurrahman/covid19-radiography-database/COVID-19_Radiography_Dataset/Normal/images/Normal-9167.png,Normal,Normal,1.6249430700554512e-05,0.005123371258378029,0.9948603510856628,1.707763819247532e-09,0.6670792102813721,0.3660613000392914,0.3660613000392914
/kaggle/input/datasets/tawsifurrahman/covid19-radiography-database/COVID-19_Radiography_Dataset/Normal/images/Normal-9171.png,Normal,Normal,5.567264338424138e-07,0.0004533986793830991,0.9995459914207458,6.443512945430996e-10,0.6219677925109863,0.3926558196544647,0.3926558196544647
/kaggle/input/datasets/tawsifurrahman/covid19-radiography-database/COVID-19_Radiography_Dataset/Normal/images/Normal-9178.png,Normal,Normal,0.027130935341119766,0.0001507666165707633,0.9727181792259216,7.443723148981007e-08,0.5788111090660095,,
/kaggle/input/datasets/tawsifurrahman/covid19-radiography-database/COVID-19_Radiography_Dataset/Normal/images/Normal-9188.png,Normal,Normal,4.165960376667499e-07,0.0008643171167932451,0.9991353154182434,1.1598661586731396e-08,0.6673362851142883,0.33013004064559937,0.33013004064559937
/kaggle/input/datasets/tawsifurrahman/covid19-radiography-database/COVID-19_Radiography_Dataset/Normal/images/Normal-9189.png,Normal,Normal,2.2313915906124748e-05,5.749669799115509e-05,0.9999202489852905,1.493533074992115e-11,0.680995762348175,,
/kaggle/input/datasets/tawsifurrahman/covid19-radiography-database/COVID-19_Radiography_Dataset/Normal/images/Normal-92.png,Normal,Normal,0.0001439269253751263,0.00034145222161896527,0.9995012283325195,1.3336292795429472e-05,0.6296247839927673,,
/kaggle/input/datasets/tawsifurrahman/covid19-radiography-database/COVID-19_Radiography_Dataset/Normal/images/Normal-9206.png,Normal,Normal,5.291137767926557e-06,0.0017425424885004759,0.9982522130012512,7.035351856643501e-09,0.6517808437347412,,
/kaggle/input/datasets/tawsifurrahman/covid19-radiography-database/COVID-19_Radiography_Dataset/Normal/images/Normal-9211.png,Normal,Normal,7.670352601962804e-07,0.00016404310008510947,0.9998352527618408,3.87411630553558e-12,0.6947172284126282,,
/kaggle/input/datasets/tawsifurrahman/covid19-radiography-database/COVID-19_Radiography_Dataset/Normal/images/Normal-923.png,Normal,Normal,1.733602402964607e-05,0.000882953405380249,0.9922168254852295,0.006882822141051292,0.6184176206588745,,
/kaggle/input/datasets/tawsifurrahman/covid19-radiography-database/COVID-19_Radiography_Dataset/Normal/images/Normal-9230.png,Normal,Normal,1.309853132624994e-07,0.0004048975242767483,0.9995949864387512,6.504483618385848e-10,0.7115878462791443,0.3693791329860687,0.3693791329860687
/kaggle/input/datasets/tawsifurrahman/covid19-radiography-database/COVID-19_Radiography_Dataset/Normal/images/Normal-9232.png,Normal,Normal,0.4237916171550751,0.1442040205001831,0.4320043921470642,1.9023078223767698e-08,0.46947991847991943,0.02012859657406807,0.02012859657406807
/kaggle/input/datasets/tawsifurrahman/covid19-radiography-database/COVID-19_Radiography_Dataset/Normal/images/Normal-9236.png,Normal,Normal,7.644805918971542e-06,0.00024363183183595538,0.9997487664222717,7.928756956543381e-11,0.6903001070022583,,
/kaggle/input/datasets/tawsifurrahman/covid19-radiography-database/COVID-19_Radiography_Dataset/Normal/images/Normal-9240.png,Normal,Normal,0.02111341990530491,0.040082525461912155,0.9387903213500977,1.3691366802959237e-05,0.6459766030311584,0.46072888374328613,0.46072888374328613
/kaggle/input/datasets/tawsifurrahman/covid19-radiography-database/COVID-19_Radiography_Dataset/Normal/images/Normal-9241.png,Normal,Normal,4.328712677192925e-08,0.0022906153462827206,0.9977093935012817,2.6876343373061218e-09,0.7195219993591309,,
/kaggle/input/datasets/tawsifurrahman/covid19-radiography-database/COVID-19_Radiography_Dataset/Normal/images/Normal-9243.png,Normal,Normal,7.105535041773692e-05,0.01572720892727375,0.9841963052749634,5.4315137276717e-06,0.6766864657402039,0.29010191559791565,0.29010191559791565
/kaggle/input/datasets/tawsifurrahman/covid19-radiography-database/COVID-19_Radiography_Dataset/Normal/images/Normal-9250.png,Normal,Normal,4.7749243094585836e-05,0.023184800520539284,0.9767674803733826,1.3941276577611461e-08,0.6855760812759399,,
/kaggle/input/datasets/tawsifurrahman/covid19-radiography-database/COVID-19_Radiography_Dataset/Normal/images/Normal-9258.png,Normal,Normal,9.945004421751946e-06,0.020407671108841896,0.9795824289321899,2.37602537644932e-09,0.621119499206543,,
/kaggle/input/datasets/tawsifurrahman/covid19-radiography-database/COVID-19_Radiography_Dataset/Normal/images/Normal-926.png,Normal,Normal,0.0006818223628215492,8.638161671115085e-05,0.9992121458053589,1.961667112482246e-05,0.6016366481781006,0.3198908567428589,0.3198908567428589
/kaggle/input/datasets/tawsifurrahman/covid19-radiography-database/COVID-19_Radiography_Dataset/Normal/images/Normal-9260.png,Normal,Normal,2.197529283876065e-06,0.0008706151857040823,0.999127209186554,5.25319254762735e-09,0.7416205406188965,,
/kaggle/input/datasets/tawsifurrahman/covid19-radiography-database/COVID-19_Radiography_Dataset/Normal/images/Normal-9267.png,Normal,Normal,1.163781689683674e-06,0.0012666824040934443,0.9987321496009827,1.1095220228685143e-11,0.69419926404953,,
/kaggle/input/datasets/tawsifurrahman/covid19-radiography-database/COVID-19_Radiography_Dataset/Normal/images/Normal-9272.png,Normal,Normal,1.0742940048658056e-06,0.010352285578846931,0.9896466135978699,2.4356374556111504e-11,0.6203237175941467,,
/kaggle/input/datasets/tawsifurrahman/covid19-radiography-database/COVID-19_Radiography_Dataset/Normal/images/Normal-9273.png,Normal,Normal,4.502449257870467e-08,5.50390213902574e-05,0.9999449253082275,6.843649952292807e-11,0.7030596733093262,,
/kaggle/input/datasets/tawsifurrahman/covid19-radiography-database/COVID-19_Radiography_Dataset/Normal/images/Normal-929.png,Normal,Normal,4.776064542966196e-06,0.00011424139665905386,0.9998552799224854,2.573739220679272e-05,0.5682550072669983,0.21562638878822327,0.21562638878822327
/kaggle/input/datasets/tawsifurrahman/covid19-radiography-database/COVID-19_Radiography_Dataset/Normal/images/Normal-9290.png,Normal,Normal,0.00048408505972474813,0.0021576257422566414,0.9973582625389099,1.88760473918137e-09,0.6632133722305298,0.279900461435318,0.279900461435318
/kaggle/input/datasets/tawsifurrahman/covid19-radiography-database/COVID-19_Radiography_Dataset/Normal/images/Normal-9292.png,Normal,Normal,3.86807369068265e-06,0.00019128734129481018,0.9998049139976501,9.528608457820553e-11,0.7208811640739441,,
/kaggle/input/datasets/tawsifurrahman/covid19-radiography-database/COVID-19_Radiography_Dataset/Normal/images/Normal-9293.png,Normal,Normal,0.004236364271491766,0.0029616854153573513,0.9928019046783447,4.695536759413699e-08,0.5653287172317505,,
/kaggle/input/datasets/tawsifurrahman/covid19-radiography-database/COVID-19_Radiography_Dataset/Normal/images/Normal-93.png,Normal,Normal,0.0016140287043526769,0.00011785647075157613,0.9968847632408142,0.0013833537232130766,0.6388375163078308,,
/kaggle/input/datasets/tawsifurrahman/covid19-radiography-database/COVID-19_Radiography_Dataset/Normal/images/Normal-9305.png,Normal,Normal,2.6709447986661417e-09,7.66895100241527e-05,0.9999233484268188,3.728047818368774e-12,0.7305421233177185,,
/kaggle/input/datasets/tawsifurrahman/covid19-radiography-database/COVID-19_Radiography_Dataset/Normal/images/Normal-9308.png,Normal,Normal,0.00012978217273484915,0.0009277607896365225,0.9989424347877502,2.5185538099492533e-09,0.7219898104667664,,
/kaggle/input/datasets/tawsifurrahman/covid19-radiography-database/COVID-19_Radiography_Dataset/Normal/images/Normal-931.png,Normal,Normal,6.882081834191922e-06,6.865742761874571e-05,0.9999204874038696,3.882687906298088e-06,0.6488558053970337,0.308706134557724,0.308706134557724
/kaggle/input/datasets/tawsifurrahman/covid19-radiography-database/COVID-19_Radiography_Dataset/Normal/images/Normal-9316.png,Normal,Normal,0.0003226319677196443,0.0028980125207453966,0.9967792630195618,1.0934959249198073e-07,0.6346462368965149,0.40421420335769653,0.40421420335769653
/kaggle/input/datasets/tawsifurrahman/covid19-radiography-database/COVID-19_Radiography_Dataset/Normal/images/Normal-9320.png,Normal,Normal,5.343777615962608e-07,0.009002682752907276,0.9909967184066772,4.2742590716793316e-11,0.6552401781082153,,
/kaggle/input/datasets/tawsifurrahman/covid19-radiography-database/COVID-19_Radiography_Dataset/Normal/images/Normal-9322.png,Normal,Normal,2.0787647159181688e-08,0.00029097171500325203,0.9997089505195618,9.074740958681105e-11,0.7082945704460144,,
/kaggle/input/datasets/tawsifurrahman/covid19-radiography-database/COVID-19_Radiography_Dataset/Normal/images/Normal-9327.png,Normal,Normal,0.00014266198559198529,0.2048155814409256,0.7950376272201538,4.193100721749943e-06,0.6630628705024719,,
/kaggle/input/datasets/tawsifurrahman/covid19-radiography-database/COVID-19_Radiography_Dataset/Normal/images/Normal-933.png,Normal,Normal,0.00011208341311430559,0.0002559695567470044,0.9995961785316467,3.5724795452551916e-05,0.5712576508522034,,
/kaggle/input/datasets/tawsifurrahman/covid19-radiography-database/COVID-19_Radiography_Dataset/Normal/images/Normal-934.png,Normal,Normal,0.00010960744111798704,2.3905457055661827e-05,0.999864935874939,1.47652667692455e-06,0.4814404249191284,,
/kaggle/input/datasets/tawsifurrahman/covid19-radiography-database/COVID-19_Radiography_Dataset/Normal/images/Normal-9350.png,Normal,Normal,2.1468799786816817e-06,0.0026534271892160177,0.997344434261322,6.239908034721964e-10,0.6986339688301086,0.4023606479167938,0.4023606479167938
/kaggle/input/datasets/tawsifurrahman/covid19-radiography-database/COVID-19_Radiography_Dataset/Normal/images/Normal-9351.png,Normal,Normal,1.9544460272413744e-08,0.18841394782066345,0.8115860819816589,4.0891786484698045e-12,0.5754897594451904,,
/kaggle/input/datasets/tawsifurrahman/covid19-radiography-database/COVID-19_Radiography_Dataset/Normal/images/Normal-9376.png,Normal,Normal,7.012075116108463e-07,0.35756149888038635,0.6424378752708435,3.601577702738723e-09,0.5978047251701355,0.14938423037528992,0.14938423037528992
/kaggle/input/datasets/tawsifurrahman/covid19-radiography-database/COVID-19_Radiography_Dataset/Normal/images/Normal-9377.png,Normal,Normal,9.114087617945188e-08,0.0005758180632255971,0.9994240999221802,1.1509979774837475e-10,0.692031979560852,0.3573504388332367,0.3573504388332367
/kaggle/input/datasets/tawsifurrahman/covid19-radiography-database/COVID-19_Radiography_Dataset/Normal/images/Normal-9378.png,Normal,Lung_Opacity,7.102121162461117e-05,0.9319248795509338,0.06800173223018646,2.3051898097037338e-06,0.6333672404289246,,
/kaggle/input/datasets/tawsifurrahman/covid19-radiography-database/COVID-19_Radiography_Dataset/Normal/images/Normal-9383.png,Normal,Normal,0.08312194049358368,0.001193226664327085,0.9156848192214966,1.6239313893606777e-08,0.6630226969718933,0.4251921474933624,0.4251921474933624
/kaggle/input/datasets/tawsifurrahman/covid19-radiography-database/COVID-19_Radiography_Dataset/Normal/images/Normal-9389.png,Normal,Normal,8.314540536957793e-06,0.0005147832562215626,0.9994768500328064,6.288437548462866e-10,0.7125023007392883,0.45587262511253357,0.45587262511253357
/kaggle/input/datasets/tawsifurrahman/covid19-radiography-database/COVID-19_Radiography_Dataset/Normal/images/Normal-9395.png,Normal,Lung_Opacity,2.202644282078836e-05,0.8440073132514954,0.1559375673532486,3.3122323657153174e-05,0.6223450303077698,,
/kaggle/input/datasets/tawsifurrahman/covid19-radiography-database/COVID-19_Radiography_Dataset/Normal/images/Normal-9401.png,Normal,Normal,8.916150306959025e-08,0.04992624744772911,0.9500735402107239,3.660388614434851e-08,0.6530148386955261,,
/kaggle/input/datasets/tawsifurrahman/covid19-radiography-database/COVID-19_Radiography_Dataset/Normal/images/Normal-9406.png,Normal,Normal,2.8009912057314068e-05,0.0009690727456472814,0.999002993106842,1.7436321275710043e-09,0.6349158883094788,0.4777240753173828,0.4777240753173828
/kaggle/input/datasets/tawsifurrahman/covid19-radiography-database/COVID-19_Radiography_Dataset/Normal/images/Normal-9409.png,Normal,Normal,0.004467543680220842,0.13733220100402832,0.858117401599884,8.284605428343639e-05,0.6771973371505737,,
/kaggle/input/datasets/tawsifurrahman/covid19-radiography-database/COVID-19_Radiography_Dataset/Normal/images/Normal-9412.png,Normal,Normal,1.4506154499827062e-08,0.0001679138367762789,0.999832034111023,2.2780015651591157e-09,0.694649875164032,0.39863675832748413,0.39863675832748413
/kaggle/input/datasets/tawsifurrahman/covid19-radiography-database/COVID-19_Radiography_Dataset/Normal/images/Normal-9417.png,Normal,Normal,1.1989172890025657e-06,0.01289376337081194,0.9871050119400024,1.1458044291146052e-08,0.6958132386207581,,
/kaggle/input/datasets/tawsifurrahman/covid19-radiography-database/COVID-19_Radiography_Dataset/Normal/images/Normal-9429.png,Normal,Normal,0.0005655822460539639,0.0023545976728200912,0.9970797896385193,7.751516761800303e-09,0.7027945518493652,,
/kaggle/input/datasets/tawsifurrahman/covid19-radiography-database/COVID-19_Radiography_Dataset/Normal/images/Normal-9439.png,Normal,Normal,0.00037383357994258404,0.006609034258872271,0.9930130839347839,4.0672543946129736e-06,0.6934180855751038,0.21314731240272522,0.21314731240272522
/kaggle/input/datasets/tawsifurrahman/covid19-radiography-database/COVID-19_Radiography_Dataset/Normal/images/Normal-9443.png,Normal,Lung_Opacity,4.001837169198552e-06,0.9763094782829285,0.023685932159423828,5.667557729793771e-07,0.6284518837928772,0.30840346217155457,0.30840346217155457
/kaggle/input/datasets/tawsifurrahman/covid19-radiography-database/COVID-19_Radiography_Dataset/Normal/images/Normal-9450.png,Normal,Normal,1.2113513525591202e-09,0.00038978870725259185,0.9996102452278137,3.1837455848754415e-13,0.6934566497802734,0.3305659592151642,0.3305659592151642
/kaggle/input/datasets/tawsifurrahman/covid19-radiography-database/COVID-19_Radiography_Dataset/Normal/images/Normal-9459.png,Normal,Normal,1.6590380255365744e-05,0.00016878348833415657,0.9998146891593933,4.38293290550007e-11,0.6015461683273315,,
/kaggle/input/datasets/tawsifurrahman/covid19-radiography-database/COVID-19_Radiography_Dataset/Normal/images/Normal-9476.png,Normal,Lung_Opacity,4.483260909182718e-06,0.9875627756118774,0.012432772666215897,7.2365398118279245e-09,0.6050315499305725,,
/kaggle/input/datasets/tawsifurrahman/covid19-radiography-database/COVID-19_Radiography_Dataset/Normal/images/Normal-9477.png,Normal,Normal,2.4069715436780825e-05,0.0012171677080914378,0.9987587928771973,1.2974288310374504e-09,0.6765047311782837,,
/kaggle/input/datasets/tawsifurrahman/covid19-radiography-database/COVID-19_Radiography_Dataset/Normal/images/Normal-948.png,Normal,Normal,1.709787466097623e-05,4.825738869840279e-05,0.9999336004257202,1.1447806400610716e-06,0.5073928833007812,,
/kaggle/input/datasets/tawsifurrahman/covid19-radiography-database/COVID-19_Radiography_Dataset/Normal/images/Normal-9493.png,Normal,Normal,7.148375880206004e-05,0.10742459446191788,0.8925038576126099,9.396612377088331e-09,0.6442538499832153,0.41167184710502625,0.41167184710502625
/kaggle/input/datasets/tawsifurrahman/covid19-radiography-database/COVID-19_Radiography_Dataset/Normal/images/Normal-9497.png,Normal,Normal,0.008096171543002129,0.03206174075603485,0.9598409533500671,1.0831249710463453e-06,0.4853786528110504,,
/kaggle/input/datasets/tawsifurrahman/covid19-radiography-database/COVID-19_Radiography_Dataset/Normal/images/Normal-9499.png,Normal,Normal,5.9094045354868285e-06,0.002419344149529934,0.9975746273994446,4.74508468073509e-08,0.5974493026733398,0.33596378564834595,0.33596378564834595
/kaggle/input/datasets/tawsifurrahman/covid19-radiography-database/COVID-19_Radiography_Dataset/Normal/images/Normal-951.png,Normal,Normal,0.05016465485095978,0.008432677946984768,0.6989513039588928,0.24245139956474304,0.6809995174407959,0.23256053030490875,0.23256053030490875
/kaggle/input/datasets/tawsifurrahman/covid19-radiography-database/COVID-19_Radiography_Dataset/Normal/images/Normal-9537.png,Normal,Normal,1.9350554794073105e-06,0.0066099390387535095,0.9933881759643555,4.5261328018852964e-09,0.5582590699195862,,
/kaggle/input/datasets/tawsifurrahman/covid19-radiography-database/COVID-19_Radiography_Dataset/Normal/images/Normal-9540.png,Normal,Normal,1.5757981941533217e-07,0.0010634022764861584,0.9989364743232727,1.4510974644110775e-08,0.6122744679450989,0.37594252824783325,0.37594252824783325
/kaggle/input/datasets/tawsifurrahman/covid19-radiography-database/COVID-19_Radiography_Dataset/Normal/images/Normal-9548.png,Normal,Normal,2.47180196311092e-06,5.167179187992588e-05,0.999945878982544,1.5515038143121274e-09,0.6712230443954468,,
/kaggle/input/datasets/tawsifurrahman/covid19-radiography-database/COVID-19_Radiography_Dataset/Normal/images/Normal-9555.png,Normal,Lung_Opacity,2.9656739286565426e-08,0.766664981842041,0.23333480954170227,1.6724885654184618e-07,0.5683171153068542,,
/kaggle/input/datasets/tawsifurrahman/covid19-radiography-database/COVID-19_Radiography_Dataset/Normal/images/Normal-956.png,Normal,Normal,0.00011092174827354029,7.456605817424133e-05,0.9996777772903442,0.0001367296790704131,0.574583888053894,,
/kaggle/input/datasets/tawsifurrahman/covid19-radiography-database/COVID-19_Radiography_Dataset/Normal/images/Normal-9563.png,Normal,Normal,4.8062762103562306e-11,0.02230091765522957,0.9776990413665771,3.148058702606704e-09,0.6252049207687378,0.19670359790325165,0.19670359790325165
/kaggle/input/datasets/tawsifurrahman/covid19-radiography-database/COVID-19_Radiography_Dataset/Normal/images/Normal-9574.png,Normal,Lung_Opacity,0.0004267798794899136,0.8723331093788147,0.12723875045776367,1.3069878832538961e-06,0.584617018699646,0.12221211194992065,0.12221211194992065
/kaggle/input/datasets/tawsifurrahman/covid19-radiography-database/COVID-19_Radiography_Dataset/Normal/images/Normal-9592.png,Normal,Normal,2.097094466080307e-06,0.003610345534980297,0.9963874816894531,2.5985634977132577e-08,0.6397748589515686,,
/kaggle/input/datasets/tawsifurrahman/covid19-radiography-database/COVID-19_Radiography_Dataset/Normal/images/Normal-9594.png,Normal,Normal,0.0001462692889617756,0.1414336860179901,0.8584104180335999,9.681589290266857e-06,0.6522506475448608,,
/kaggle/input/datasets/tawsifurrahman/covid19-radiography-database/COVID-19_Radiography_Dataset/Normal/images/Normal-9603.png,Normal,Normal,9.335859090242593e-07,9.840647180681117e-06,0.9999891519546509,2.2447122285940146e-11,0.6949543952941895,,
/kaggle/input/datasets/tawsifurrahman/covid19-radiography-database/COVID-19_Radiography_Dataset/Normal/images/Normal-9607.png,Normal,Normal,2.6006122766375483e-07,0.0104458536952734,0.9895539283752441,1.2154551143339631e-08,0.6630150675773621,,
/kaggle/input/datasets/tawsifurrahman/covid19-radiography-database/COVID-19_Radiography_Dataset/Normal/images/Normal-9609.png,Normal,Normal,1.0655678124749102e-05,0.0010593435727059841,0.998930037021637,2.113022812277876e-10,0.6145322322845459,,
/kaggle/input/datasets/tawsifurrahman/covid19-radiography-database/COVID-19_Radiography_Dataset/Normal/images/Normal-9613.png,Normal,Normal,6.310303433565423e-06,0.0006449763313867152,0.9993487000465393,2.033202816179025e-12,0.7024931311607361,,
/kaggle/input/datasets/tawsifurrahman/covid19-radiography-database/COVID-19_Radiography_Dataset/Normal/images/Normal-9616.png,Normal,Normal,2.4139103516063187e-07,0.0311130341142416,0.9688867330551147,6.5486058416219795e-12,0.6623120903968811,,
/kaggle/input/datasets/tawsifurrahman/covid19-radiography-database/COVID-19_Radiography_Dataset/Normal/images/Normal-9622.png,Normal,Normal,4.176705715508433e-06,0.0007370204548351467,0.999258816242218,7.583558780943633e-11,0.6685235500335693,,
/kaggle/input/datasets/tawsifurrahman/covid19-radiography-database/COVID-19_Radiography_Dataset/Normal/images/Normal-9624.png,Normal,Normal,6.221063813427463e-06,0.00015469026402570307,0.9998390674591064,1.454401044043152e-09,0.6098209619522095,,
/kaggle/input/datasets/tawsifurrahman/covid19-radiography-database/COVID-19_Radiography_Dataset/Normal/images/Normal-9630.png,Normal,Normal,2.3349383582171868e-07,0.010627931915223598,0.9893718361854553,1.2598268782360034e-11,0.630419909954071,,
/kaggle/input/datasets/tawsifurrahman/covid19-radiography-database/COVID-19_Radiography_Dataset/Normal/images/Normal-9633.png,Normal,Normal,4.7610596993763465e-06,0.014050272293388844,0.9859441518783569,7.147063456613978e-07,0.6671563386917114,,
/kaggle/input/datasets/tawsifurrahman/covid19-radiography-database/COVID-19_Radiography_Dataset/Normal/images/Normal-9635.png,Normal,Normal,0.01829170249402523,0.012547754682600498,0.9691604375839233,2.9538556045594078e-09,0.6952768564224243,,
/kaggle/input/datasets/tawsifurrahman/covid19-radiography-database/COVID-19_Radiography_Dataset/Normal/images/Normal-9636.png,Normal,Normal,1.3578119251178578e-07,0.0015108211664482951,0.9984890222549438,1.5874816128302882e-08,0.6212985515594482,,
/kaggle/input/datasets/tawsifurrahman/covid19-radiography-database/COVID-19_Radiography_Dataset/Normal/images/Normal-9637.png,Normal,Normal,1.5950294027788914e-06,0.012265806086361408,0.9877325296401978,3.418497485085936e-08,0.6817002892494202,,
/kaggle/input/datasets/tawsifurrahman/covid19-radiography-database/COVID-19_Radiography_Dataset/Normal/images/Normal-9641.png,Normal,Normal,0.0003555461880750954,0.00011636023555183783,0.9995280504226685,4.431177913488682e-08,0.7131922841072083,,
/kaggle/input/datasets/tawsifurrahman/covid19-radiography-database/COVID-19_Radiography_Dataset/Normal/images/Normal-9645.png,Normal,Normal,5.950318609393435e-06,0.03351803869009018,0.966475784778595,2.1467907629357796e-07,0.637442946434021,,
/kaggle/input/datasets/tawsifurrahman/covid19-radiography-database/COVID-19_Radiography_Dataset/Normal/images/Normal-9647.png,Normal,Normal,3.114255164859969e-08,0.0016217258526012301,0.9983782768249512,2.9534650280993446e-08,0.6230248212814331,0.3703429698944092,0.3703429698944092
/kaggle/input/datasets/tawsifurrahman/covid19-radiography-database/COVID-19_Radiography_Dataset/Normal/images/Normal-9660.png,Normal,Normal,2.7344117370375898e-06,0.025692924857139587,0.9743043184280396,1.2180101371939145e-10,0.6912829875946045,0.28726983070373535,0.28726983070373535
/kaggle/input/datasets/tawsifurrahman/covid19-radiography-database/COVID-19_Radiography_Dataset/Normal/images/Normal-967.png,Normal,Normal,6.449114152928814e-05,3.695085251820274e-05,0.9998962879180908,2.2757496935810195e-06,0.5640615820884705,0.24746686220169067,0.24746686220169067
/kaggle/input/datasets/tawsifurrahman/covid19-radiography-database/COVID-19_Radiography_Dataset/Normal/images/Normal-9675.png,Normal,Normal,2.2922426623495085e-08,0.001374006038531661,0.9986259937286377,1.945985594886679e-10,0.5847294926643372,,
/kaggle/input/datasets/tawsifurrahman/covid19-radiography-database/COVID-19_Radiography_Dataset/Normal/images/Normal-9680.png,Normal,Normal,8.944780347519554e-06,4.18299860029947e-05,0.9999492168426514,3.9096303972030455e-10,0.6916530728340149,,
/kaggle/input/datasets/tawsifurrahman/covid19-radiography-database/COVID-19_Radiography_Dataset/Normal/images/Normal-969.png,Normal,Normal,3.965806172345765e-05,0.00011137758701806888,0.9998487234115601,1.3297346868057502e-07,0.6678165793418884,,
/kaggle/input/datasets/tawsifurrahman/covid19-radiography-database/COVID-19_Radiography_Dataset/Normal/images/Normal-9691.png,Normal,Normal,1.7590683398793772e-07,0.00016671283810865134,0.9998331069946289,1.6183433759753285e-10,0.6219893097877502,,
/kaggle/input/datasets/tawsifurrahman/covid19-radiography-database/COVID-19_Radiography_Dataset/Normal/images/Normal-9699.png,Normal,Normal,1.1476676320398838e-07,0.04197637736797333,0.9580225348472595,1.0097803624375956e-06,0.6793908476829529,0.22477461397647858,0.22477461397647858
/kaggle/input/datasets/tawsifurrahman/covid19-radiography-database/COVID-19_Radiography_Dataset/Normal/images/Normal-9700.png,Normal,Normal,2.0130105440330226e-06,0.21229204535484314,0.7877058982849121,5.472288933106029e-08,0.700371503829956,,
/kaggle/input/datasets/tawsifurrahman/covid19-radiography-database/COVID-19_Radiography_Dataset/Normal/images/Normal-9705.png,Normal,COVID,0.6935133934020996,0.0009471598896197975,0.3055393397808075,1.29831192907659e-07,0.6742719411849976,,
/kaggle/input/datasets/tawsifurrahman/covid19-radiography-database/COVID-19_Radiography_Dataset/Normal/images/Normal-9710.png,Normal,Normal,7.797367288731039e-06,0.0012207055697217584,0.9987714886665344,1.2748555988650878e-08,0.5915331840515137,0.42524826526641846,0.42524826526641846
/kaggle/input/datasets/tawsifurrahman/covid19-radiography-database/COVID-19_Radiography_Dataset/Normal/images/Normal-9713.png,Normal,Normal,2.174716428271495e-06,0.0016949225682765245,0.9983021020889282,7.858744197619671e-07,0.3677007555961609,0.14983484148979187,0.14983484148979187
/kaggle/input/datasets/tawsifurrahman/covid19-radiography-database/COVID-19_Radiography_Dataset/Normal/images/Normal-9722.png,Normal,Normal,3.4234901136187545e-08,0.0001322578318649903,0.9998676776885986,4.175652445342903e-12,0.6709643006324768,,
/kaggle/input/datasets/tawsifurrahman/covid19-radiography-database/COVID-19_Radiography_Dataset/Normal/images/Normal-9728.png,Normal,Normal,1.6166143268492306e-06,0.00016437504382338375,0.9998339414596558,8.953631169816845e-10,0.6416297554969788,,
/kaggle/input/datasets/tawsifurrahman/covid19-radiography-database/COVID-19_Radiography_Dataset/Normal/images/Normal-9738.png,Normal,Normal,9.634510934120044e-05,0.0015255833277478814,0.9983780384063721,4.7246141027246225e-11,0.7673041820526123,,
/kaggle/input/datasets/tawsifurrahman/covid19-radiography-database/COVID-19_Radiography_Dataset/Normal/images/Normal-9743.png,Normal,Normal,3.4046075597871095e-05,0.029833676293492317,0.9701322913169861,1.3057343650757502e-08,0.4349483847618103,,
/kaggle/input/datasets/tawsifurrahman/covid19-radiography-database/COVID-19_Radiography_Dataset/Normal/images/Normal-9751.png,Normal,Normal,1.2623448128579184e-05,0.00018526472558733076,0.9998020529747009,1.1954243817058341e-08,0.7037299871444702,0.5049622654914856,0.5049622654914856
/kaggle/input/datasets/tawsifurrahman/covid19-radiography-database/COVID-19_Radiography_Dataset/Normal/images/Normal-9756.png,Normal,Normal,2.3398179109790362e-05,0.00033428194001317024,0.9996423721313477,1.2569059126832371e-09,0.7326574325561523,,
/kaggle/input/datasets/tawsifurrahman/covid19-radiography-database/COVID-19_Radiography_Dataset/Normal/images/Normal-9762.png,Normal,Normal,3.0572039122489514e-06,0.0052591548301279545,0.9947378039360046,2.4616586546954977e-10,0.6425038576126099,,
/kaggle/input/datasets/tawsifurrahman/covid19-radiography-database/COVID-19_Radiography_Dataset/Normal/images/Normal-977.png,Normal,Normal,2.5231709514628164e-05,1.2951915778103285e-05,0.9994631409645081,0.0004986794083379209,0.5053945779800415,0.2495894581079483,0.2495894581079483
/kaggle/input/datasets/tawsifurrahman/covid19-radiography-database/COVID-19_Radiography_Dataset/Normal/images/Normal-9770.png,Normal,Normal,0.00010657600068952888,0.005544170271605253,0.9943493008613586,1.0569195296739053e-08,0.6335131525993347,0.33655357360839844,0.33655357360839844
/kaggle/input/datasets/tawsifurrahman/covid19-radiography-database/COVID-19_Radiography_Dataset/Normal/images/Normal-9779.png,Normal,Normal,2.531669451855123e-05,0.0012686977861449122,0.9987045526504517,1.4161431636239286e-06,0.6525131464004517,0.37807250022888184,0.37807250022888184
/kaggle/input/datasets/tawsifurrahman/covid19-radiography-database/COVID-19_Radiography_Dataset/Normal/images/Normal-9786.png,Normal,Normal,1.030029928017484e-08,0.0309558417648077,0.9690441489219666,4.835380013057389e-11,0.6687310338020325,,
/kaggle/input/datasets/tawsifurrahman/covid19-radiography-database/COVID-19_Radiography_Dataset/Normal/images/Normal-9789.png,Normal,Normal,7.4190052146150265e-06,0.047996822744607925,0.9519957900047302,2.0203461126300226e-09,0.6688841581344604,,
/kaggle/input/datasets/tawsifurrahman/covid19-radiography-database/COVID-19_Radiography_Dataset/Normal/images/Normal-9792.png,Normal,Normal,0.0002715541631914675,0.009325182065367699,0.9904032945632935,1.3687323274780283e-08,0.6241891384124756,,
/kaggle/input/datasets/tawsifurrahman/covid19-radiography-database/COVID-19_Radiography_Dataset/Normal/images/Normal-9796.png,Normal,Normal,7.265938251066473e-08,1.553478250571061e-05,0.9999843835830688,1.8028410524433686e-13,0.6717225313186646,,
/kaggle/input/datasets/tawsifurrahman/covid19-radiography-database/COVID-19_Radiography_Dataset/Normal/images/Normal-9814.png,Normal,Normal,0.0033040912821888924,0.04635770246386528,0.9503381252288818,1.4072253406993696e-07,0.5542670488357544,0.1459752768278122,0.1459752768278122
/kaggle/input/datasets/tawsifurrahman/covid19-radiography-database/COVID-19_Radiography_Dataset/Normal/images/Normal-9828.png,Normal,Normal,2.0676799294960801e-07,0.00010094040771946311,0.9998987913131714,1.666718499326869e-11,0.6880592703819275,,
/kaggle/input/datasets/tawsifurrahman/covid19-radiography-database/COVID-19_Radiography_Dataset/Normal/images/Normal-9831.png,Normal,Normal,1.1616173651418649e-05,0.30621302127838135,0.6937754154205322,1.7714776312516278e-09,0.7365033030509949,,
/kaggle/input/datasets/tawsifurrahman/covid19-radiography-database/COVID-19_Radiography_Dataset/Normal/images/Normal-9833.png,Normal,Normal,0.029394226148724556,0.00013288873014971614,0.9704728126525879,2.1706926534026394e-10,0.6182196140289307,,
/kaggle/input/datasets/tawsifurrahman/covid19-radiography-database/COVID-19_Radiography_Dataset/Normal/images/Normal-9836.png,Normal,Normal,0.020093170925974846,0.01857505738735199,0.9612417817115784,8.997733675641939e-05,0.6078966856002808,0.4363551735877991,0.4363551735877991
/kaggle/input/datasets/tawsifurrahman/covid19-radiography-database/COVID-19_Radiography_Dataset/Normal/images/Normal-9837.png,Normal,Normal,0.012712874449789524,0.015563370659947395,0.971723735332489,1.2654043368698353e-09,0.6818019151687622,,
/kaggle/input/datasets/tawsifurrahman/covid19-radiography-database/COVID-19_Radiography_Dataset/Normal/images/Normal-9846.png,Normal,Normal,7.589305459987372e-05,0.0034009390510618687,0.9965230226516724,1.9756974722895393e-07,0.6904870271682739,,
/kaggle/input/datasets/tawsifurrahman/covid19-radiography-database/COVID-19_Radiography_Dataset/Normal/images/Normal-9859.png,Normal,Normal,1.0011609674620559e-07,5.8659294154495e-05,0.9999412298202515,8.785116731302445e-13,0.7437800765037537,,
/kaggle/input/datasets/tawsifurrahman/covid19-radiography-database/COVID-19_Radiography_Dataset/Normal/images/Normal-986.png,Normal,Normal,3.610728890635073e-05,0.00015970469394233078,0.9997993111610413,4.926973815599922e-06,0.6027134656906128,,
/kaggle/input/datasets/tawsifurrahman/covid19-radiography-database/COVID-19_Radiography_Dataset/Normal/images/Normal-9867.png,Normal,Normal,8.723295081836113e-07,0.0003077674482483417,0.999691367149353,2.2595173732042895e-08,0.6946105360984802,0.38951200246810913,0.38951200246810913
/kaggle/input/datasets/tawsifurrahman/covid19-radiography-database/COVID-19_Radiography_Dataset/Normal/images/Normal-9869.png,Normal,Normal,2.1610983935715922e-07,0.00024583778576925397,0.9997538924217224,1.9471842194196398e-10,0.6649389266967773,,
/kaggle/input/datasets/tawsifurrahman/covid19-radiography-database/COVID-19_Radiography_Dataset/Normal/images/Normal-987.png,Normal,Normal,2.6799536954058567e-06,0.001477629761211574,0.9985180497169495,1.6171818515431369e-06,0.6807913184165955,0.3296351134777069,0.3296351134777069
/kaggle/input/datasets/tawsifurrahman/covid19-radiography-database/COVID-19_Radiography_Dataset/Normal/images/Normal-9872.png,Normal,Normal,1.728517986521183e-06,0.003706980962306261,0.996286153793335,5.059654540673364e-06,0.6586787104606628,,
/kaggle/input/datasets/tawsifurrahman/covid19-radiography-database/COVID-19_Radiography_Dataset/Normal/images/Normal-9875.png,Normal,Normal,0.0006106797372922301,0.008743593469262123,0.9906457662582397,8.522466066196444e-10,0.6762807369232178,,
/kaggle/input/datasets/tawsifurrahman/covid19-radiography-database/COVID-19_Radiography_Dataset/Normal/images/Normal-9878.png,Normal,Normal,0.00015838161925785244,0.02426282875239849,0.9755786657333374,4.5240920343303515e-08,0.6858007907867432,,
/kaggle/input/datasets/tawsifurrahman/covid19-radiography-database/COVID-19_Radiography_Dataset/Normal/images/Normal-9882.png,Normal,Normal,6.8095600909146015e-06,0.1547558307647705,0.8452362418174744,1.1239014838793082e-06,0.6525382995605469,,
/kaggle/input/datasets/tawsifurrahman/covid19-radiography-database/COVID-19_Radiography_Dataset/Normal/images/Normal-989.png,Normal,Normal,0.00017175331595353782,0.0003455885744187981,0.8880634903907776,0.1114192008972168,0.5265532732009888,,
/kaggle/input/datasets/tawsifurrahman/covid19-radiography-database/COVID-19_Radiography_Dataset/Normal/images/Normal-9895.png,Normal,Normal,3.4327927167510097e-09,0.0029488755390048027,0.9970511198043823,7.202472507294999e-10,0.6271164417266846,,
/kaggle/input/datasets/tawsifurrahman/covid19-radiography-database/COVID-19_Radiography_Dataset/Normal/images/Normal-9896.png,Normal,Normal,3.499449348964845e-06,0.00037758908001706004,0.9996188879013062,1.2417311623380556e-09,0.6303620934486389,,
/kaggle/input/datasets/tawsifurrahman/covid19-radiography-database/COVID-19_Radiography_Dataset/Normal/images/Normal-9907.png,Normal,Normal,1.0675998055376112e-05,0.0025123220402747393,0.9974769949913025,8.28817903197887e-09,0.7104566097259521,0.3344414234161377,0.3344414234161377
/kaggle/input/datasets/tawsifurrahman/covid19-radiography-database/COVID-19_Radiography_Dataset/Normal/images/Normal-9911.png,Normal,Normal,4.8883089220908e-07,0.002125987783074379,0.9978735446929932,1.5887551274573752e-09,0.628005862236023,,
/kaggle/input/datasets/tawsifurrahman/covid19-radiography-database/COVID-19_Radiography_Dataset/Normal/images/Normal-9924.png,Normal,Normal,0.013799205422401428,0.013318008743226528,0.9728825688362122,1.537238887294734e-07,0.6556645631790161,,
/kaggle/input/datasets/tawsifurrahman/covid19-radiography-database/COVID-19_Radiography_Dataset/Normal/images/Normal-9925.png,Normal,Normal,7.682815095222395e-08,0.0002477212401572615,0.9997521042823792,3.802639453320822e-11,0.6039382815361023,,
/kaggle/input/datasets/tawsifurrahman/covid19-radiography-database/COVID-19_Radiography_Dataset/Normal/images/Normal-9932.png,Normal,Normal,1.0510222914206224e-08,0.0019485228694975376,0.9980515241622925,9.500507151816162e-12,0.6793662309646606,0.2148750275373459,0.2148750275373459
/kaggle/input/datasets/tawsifurrahman/covid19-radiography-database/COVID-19_Radiography_Dataset/Normal/images/Normal-9936.png,Normal,Normal,4.470003841561265e-05,0.012605123221874237,0.9873501658439636,1.7734280710612893e-09,0.6722598671913147,,
/kaggle/input/datasets/tawsifurrahman/covid19-radiography-database/COVID-19_Radiography_Dataset/Normal/images/Normal-9939.png,Normal,Normal,1.4266316838984494e-06,0.016191216185688972,0.983806848526001,5.191653826841502e-07,0.6910949349403381,0.35166117548942566,0.35166117548942566
/kaggle/input/datasets/tawsifurrahman/covid19-radiography-database/COVID-19_Radiography_Dataset/Normal/images/Normal-9941.png,Normal,Normal,2.3957950361364055e-06,0.0022049963008612394,0.9977926015853882,5.1552373481200675e-12,0.7125775814056396,,
/kaggle/input/datasets/tawsifurrahman/covid19-radiography-database/COVID-19_Radiography_Dataset/Normal/images/Normal-9943.png,Normal,Normal,5.222680101724109e-07,0.005615044850856066,0.9943825006484985,1.9977778720203787e-06,0.5979577302932739,,
/kaggle/input/datasets/tawsifurrahman/covid19-radiography-database/COVID-19_Radiography_Dataset/Normal/images/Normal-9956.png,Normal,Lung_Opacity,1.5631741234756191e-06,0.8984485864639282,0.10154940187931061,3.7538330843744916e-07,0.6932958364486694,,
/kaggle/input/datasets/tawsifurrahman/covid19-radiography-database/COVID-19_Radiography_Dataset/Normal/images/Normal-9959.png,Normal,Normal,0.3666810691356659,0.006605132482945919,0.6266984343528748,1.5392655768664554e-05,0.6725296974182129,0.5207338333129883,0.5207338333129883
/kaggle/input/datasets/tawsifurrahman/covid19-radiography-database/COVID-19_Radiography_Dataset/Normal/images/Normal-9961.png,Normal,Normal,6.645949906669557e-05,0.00032468902645632625,0.9996088147163391,5.6420765837117415e-09,0.718156635761261,,
/kaggle/input/datasets/tawsifurrahman/covid19-radiography-database/COVID-19_Radiography_Dataset/Normal/images/Normal-9968.png,Normal,Normal,6.773056497877405e-07,0.0048950836062431335,0.995104193687439,2.7670973068438798e-08,0.5869957804679871,,
/kaggle/input/datasets/tawsifurrahman/covid19-radiography-database/COVID-19_Radiography_Dataset/Normal/images/Normal-997.png,Normal,Normal,5.25137220392935e-05,0.00018489465583115816,0.9997184872627258,4.3991574784740806e-05,0.6914442181587219,,
/kaggle/input/datasets/tawsifurrahman/covid19-radiography-database/COVID-19_Radiography_Dataset/Normal/images/Normal-9973.png,Normal,Normal,0.00019783047901000828,0.07805879414081573,0.9217432141304016,2.3579083574531978e-07,0.5857291221618652,0.4335748553276062,0.4335748553276062
/kaggle/input/datasets/tawsifurrahman/covid19-radiography-database/COVID-19_Radiography_Dataset/Normal/images/Normal-9976.png,Normal,Normal,1.6774672317865225e-08,0.0006437316187657416,0.9993563294410706,3.9874617496771236e-11,0.6188890933990479,0.19525426626205444,0.19525426626205444
/kaggle/input/datasets/tawsifurrahman/covid19-radiography-database/COVID-19_Radiography_Dataset/Normal/images/Normal-9983.png,Normal,Normal,5.4603120247520565e-08,0.02643478289246559,0.9735652208328247,1.6494626775553911e-09,0.7144078612327576,,
/kaggle/input/datasets/tawsifurrahman/covid19-radiography-database/COVID-19_Radiography_Dataset/Normal/images/Normal-9991.png,Normal,Lung_Opacity,1.979594117074157e-06,0.9688692092895508,0.030940920114517212,0.00018787533917929977,0.5004294514656067,0.037948738783597946,0.037948738783597946
/kaggle/input/datasets/tawsifurrahman/covid19-radiography-database/COVID-19_Radiography_Dataset/Normal/images/Normal-9993.png,Normal,Lung_Opacity,0.0003053513646591455,0.8332579135894775,0.16630031168460846,0.00013647264859173447,0.6831454038619995,,
/kaggle/input/datasets/tawsifurrahman/covid19-radiography-database/COVID-19_Radiography_Dataset/Normal/images/Normal-9994.png,Normal,Normal,3.1671715987613425e-05,0.0303061343729496,0.9696622490882874,1.1491040119437912e-08,0.7197426557540894,,
/kaggle/input/datasets/tawsifurrahman/covid19-radiography-database/COVID-19_Radiography_Dataset/Normal/images/Normal-9996.png,Normal,Normal,0.0031744390726089478,0.0007702684379182756,0.996055006980896,2.1601863409159705e-07,0.6657174229621887,0.2823420763015747,0.2823420763015747
/kaggle/input/datasets/tawsifurrahman/covid19-radiography-database/COVID-19_Radiography_Dataset/Normal/images/Normal-9997.png,Normal,Normal,0.0013045952655375004,0.016593487933278084,0.9821017980575562,8.384932925764588e-08,0.635094165802002,0.4181741774082184,0.4181741774082184
/kaggle/input/datasets/tawsifurrahman/covid19-radiography-database/COVID-19_Radiography_Dataset/Normal/images/Normal-9998.png,Normal,Normal,7.948021902848268e-07,0.0028701387345790863,0.9971289038658142,1.5254830998401303e-07,0.6722952723503113,,
/kaggle/input/datasets/tawsifurrahman/covid19-radiography-database/COVID-19_Radiography_Dataset/Normal/images/Normal-9999.png,Normal,Normal,3.989383912994526e-05,0.0008398905047215521,0.9991201758384705,3.838587225857282e-09,0.6265357136726379,,
/kaggle/input/datasets/tawsifurrahman/covid19-radiography-database/COVID-19_Radiography_Dataset/Viral Pneumonia/images/Viral Pneumonia-1011.png,Viral Pneumonia,Viral Pneumonia,2.474843796562709e-08,3.0395770345137407e-09,1.8105964727510582e-08,1.0,0.5723580718040466,,
/kaggle/input/datasets/tawsifurrahman/covid19-radiography-database/COVID-19_Radiography_Dataset/Viral Pneumonia/images/Viral Pneumonia-1022.png,Viral Pneumonia,Viral Pneumonia,1.268273125409891e-10,2.1178767073415372e-11,2.972104506948625e-10,1.0,0.5582190752029419,,
/kaggle/input/datasets/tawsifurrahman/covid19-radiography-database/COVID-19_Radiography_Dataset/Viral Pneumonia/images/Viral Pneumonia-1037.png,Viral Pneumonia,Viral Pneumonia,1.3846523927441012e-07,2.859264214283286e-10,4.090798366718218e-09,0.9999998807907104,0.4457310438156128,,
/kaggle/input/datasets/tawsifurrahman/covid19-radiography-database/COVID-19_Radiography_Dataset/Viral Pneumonia/images/Viral Pneumonia-1051.png,Viral Pneumonia,Viral Pneumonia,4.032044216728536e-06,2.3765696255395596e-07,1.482993752688344e-06,0.9999942779541016,0.635974645614624,,
/kaggle/input/datasets/tawsifurrahman/covid19-radiography-database/COVID-19_Radiography_Dataset/Viral Pneumonia/images/Viral Pneumonia-1053.png,Viral Pneumonia,Viral Pneumonia,6.302342080743983e-05,1.4929645431038807e-06,1.649443561291264e-06,0.9999337196350098,0.6196756362915039,0.3844716250896454,0.3844716250896454
/kaggle/input/datasets/tawsifurrahman/covid19-radiography-database/COVID-19_Radiography_Dataset/Viral Pneumonia/images/Viral Pneumonia-1055.png,Viral Pneumonia,Viral Pneumonia,5.5297005019383505e-06,2.948076371467323e-06,0.001072148559615016,0.9989193677902222,0.46371322870254517,0.2935316562652588,0.2935316562652588
/kaggle/input/datasets/tawsifurrahman/covid19-radiography-database/COVID-19_Radiography_Dataset/Viral Pneumonia/images/Viral Pneumonia-106.png,Viral Pneumonia,Viral Pneumonia,3.883907595536584e-08,1.6636109156920043e-09,7.560728043642939e-09,1.0,0.5111794471740723,0.2913089096546173,0.2913089096546173
/kaggle/input/datasets/tawsifurrahman/covid19-radiography-database/COVID-19_Radiography_Dataset/Viral Pneumonia/images/Viral Pneumonia-1061.png,Viral Pneumonia,Viral Pneumonia,8.811304610389925e-07,2.161828206226346e-06,2.144363861589227e-05,0.9999755620956421,0.5968415141105652,,
/kaggle/input/datasets/tawsifurrahman/covid19-radiography-database/COVID-19_Radiography_Dataset/Viral Pneumonia/images/Viral Pneumonia-1064.png,Viral Pneumonia,Viral Pneumonia,8.356972232281823e-12,7.376118758752742e-14,3.157688683013554e-13,1.0,0.6168826818466187,,
/kaggle/input/datasets/tawsifurrahman/covid19-radiography-database/COVID-19_Radiography_Dataset/Viral Pneumonia/images/Viral Pneumonia-1072.png,Viral Pneumonia,Normal,0.0009929761290550232,0.001608081627637148,0.9526188373565674,0.04478010907769203,0.6512001156806946,0.3250424265861511,0.3250424265861511
/kaggle/input/datasets/tawsifurrahman/covid19-radiography-database/COVID-19_Radiography_Dataset/Viral Pneumonia/images/Viral Pneumonia-1075.png,Viral Pneumonia,Viral Pneumonia,6.837214527877222e-07,7.183473371696891e-08,1.755078301357571e-05,0.9999816417694092,0.5953115820884705,0.2966952919960022,0.2966952919960022
/kaggle/input/datasets/tawsifurrahman/covid19-radiography-database/COVID-19_Radiography_Dataset/Viral Pneumonia/images/Viral Pneumonia-1081.png,Viral Pneumonia,Normal,3.4193970350315794e-05,0.0012938515283167362,0.6103914380073547,0.3882805407047272,0.5986118912696838,,
/kaggle/input/datasets/tawsifurrahman/covid19-radiography-database/COVID-19_Radiography_Dataset/Viral Pneumonia/images/Viral Pneumonia-1084.png,Viral Pneumonia,Viral Pneumonia,4.50461890011411e-09,2.026552925471492e-09,9.947454415737411e-09,1.0,0.5758243203163147,0.35153457522392273,0.35153457522392273
/kaggle/input/datasets/tawsifurrahman/covid19-radiography-database/COVID-19_Radiography_Dataset/Viral Pneumonia/images/Viral Pneumonia-1085.png,Viral Pneumonia,Viral Pneumonia,1.8597273765408318e-06,2.456088623148389e-06,0.0016764322062954307,0.9983192086219788,0.566047728061676,,
/kaggle/input/datasets/tawsifurrahman/covid19-radiography-database/COVID-19_Radiography_Dataset/Viral Pneumonia/images/Viral Pneumonia-1087.png,Viral Pneumonia,Viral Pneumonia,3.82219020877983e-08,5.5642246366005566e-08,2.2361648461810546e-06,0.9999977350234985,0.6523264646530151,,
/kaggle/input/datasets/tawsifurrahman/covid19-radiography-database/COVID-19_Radiography_Dataset/Viral Pneumonia/images/Viral Pneumonia-109.png,Viral Pneumonia,Viral Pneumonia,9.180607918324313e-08,4.62485240859678e-06,5.709212564397603e-05,0.9999381303787231,0.5915244817733765,,
/kaggle/input/datasets/tawsifurrahman/covid19-radiography-database/COVID-19_Radiography_Dataset/Viral Pneumonia/images/Viral Pneumonia-1091.png,Viral Pneumonia,Viral Pneumonia,2.7193043933948502e-05,3.9647871744818985e-05,0.0012131878174841404,0.9987200498580933,0.4846864342689514,,
/kaggle/input/datasets/tawsifurrahman/covid19-radiography-database/COVID-19_Radiography_Dataset/Viral Pneumonia/images/Viral Pneumonia-1096.png,Viral Pneumonia,Viral Pneumonia,2.9950613100737655e-09,2.9006891111293953e-08,3.3443470215388515e-07,0.9999996423721313,0.5972751975059509,0.3588661253452301,0.3588661253452301
/kaggle/input/datasets/tawsifurrahman/covid19-radiography-database/COVID-19_Radiography_Dataset/Viral Pneumonia/images/Viral Pneumonia-1097.png,Viral Pneumonia,Viral Pneumonia,1.1910266550785309e-07,1.1467123250952227e-08,6.270290100474085e-07,0.9999992847442627,0.604058027267456,,
/kaggle/input/datasets/tawsifurrahman/covid19-radiography-database/COVID-19_Radiography_Dataset/Viral Pneumonia/images/Viral Pneumonia-110.png,Viral Pneumonia,Viral Pneumonia,3.029238804241885e-10,7.300061249937428e-11,1.0621891560758101e-10,1.0,0.6102475523948669,0.4107445478439331,0.4107445478439331
/kaggle/input/datasets/tawsifurrahman/covid19-radiography-database/COVID-19_Radiography_Dataset/Viral Pneumonia/images/Viral Pneumonia-1103.png,Viral Pneumonia,Viral Pneumonia,1.8182818166678771e-06,3.971740341057739e-07,0.0001576726936036721,0.9998401403427124,0.5116996765136719,,
/kaggle/input/datasets/tawsifurrahman/covid19-radiography-database/COVID-19_Radiography_Dataset/Viral Pneumonia/images/Viral Pneumonia-1104.png,Viral Pneumonia,Viral Pneumonia,1.899812751560148e-09,2.8283364539305467e-10,4.446105261735056e-09,1.0,0.6271224617958069,,
/kaggle/input/datasets/tawsifurrahman/covid19-radiography-database/COVID-19_Radiography_Dataset/Viral Pneumonia/images/Viral Pneumonia-1117.png,Viral Pneumonia,Viral Pneumonia,6.206721248069869e-10,1.5827233967868892e-10,4.13598932880177e-09,1.0,0.6039602160453796,,
/kaggle/input/datasets/tawsifurrahman/covid19-radiography-database/COVID-19_Radiography_Dataset/Viral Pneumonia/images/Viral Pneumonia-1119.png,Viral Pneumonia,Viral Pneumonia,2.5742143971996256e-09,1.3242644827937688e-11,2.547947408615414e-10,1.0,0.5766139626502991,0.29753416776657104,0.29753416776657104
/kaggle/input/datasets/tawsifurrahman/covid19-radiography-database/COVID-19_Radiography_Dataset/Viral Pneumonia/images/Viral Pneumonia-1122.png,Viral Pneumonia,Viral Pneumonia,0.00019246265583205968,0.000163596763741225,0.02469591796398163,0.9749479293823242,0.5016263723373413,,
/kaggle/input/datasets/tawsifurrahman/covid19-radiography-database/COVID-19_Radiography_Dataset/Viral Pneumonia/images/Viral Pneumonia-1129.png,Viral Pneumonia,Viral Pneumonia,2.4957269584291453e-10,1.3166307454015591e-11,2.4110002883048764e-10,1.0,0.49253517389297485,,
/kaggle/input/datasets/tawsifurrahman/covid19-radiography-database/COVID-19_Radiography_Dataset/Viral Pneumonia/images/Viral Pneumonia-1134.png,Viral Pneumonia,Viral Pneumonia,1.3085705852233787e-09,4.782956697368945e-09,1.7794107520785474e-08,1.0,0.5672850012779236,0.30417561531066895,0.30417561531066895
/kaggle/input/datasets/tawsifurrahman/covid19-radiography-database/COVID-19_Radiography_Dataset/Viral Pneumonia/images/Viral Pneumonia-1145.png,Viral Pneumonia,Viral Pneumonia,3.864908038053727e-08,5.264220170886347e-10,1.3107288054925448e-07,0.9999998807907104,0.5978301167488098,,
/kaggle/input/datasets/tawsifurrahman/covid19-radiography-database/COVID-19_Radiography_Dataset/Viral Pneumonia/images/Viral Pneumonia-1169.png,Viral Pneumonia,Viral Pneumonia,1.759814978186114e-07,2.544938659809759e-08,1.673030851634394e-06,0.9999980926513672,0.6277543306350708,0.3256484270095825,0.3256484270095825
/kaggle/input/datasets/tawsifurrahman/covid19-radiography-database/COVID-19_Radiography_Dataset/Viral Pneumonia/images/Viral Pneumonia-1173.png,Viral Pneumonia,Viral Pneumonia,7.247792382258922e-05,2.7499689636556468e-08,3.01796717394609e-06,0.9999245405197144,0.505268931388855,,
/kaggle/input/datasets/tawsifurrahman/covid19-radiography-database/COVID-19_Radiography_Dataset/Viral Pneumonia/images/Viral Pneumonia-1178.png,Viral Pneumonia,Viral Pneumonia,9.913947884854224e-09,2.924102959767083e-09,2.8506256910532102e-08,1.0,0.6406518220901489,0.43808284401893616,0.43808284401893616
/kaggle/input/datasets/tawsifurrahman/covid19-radiography-database/COVID-19_Radiography_Dataset/Viral Pneumonia/images/Viral Pneumonia-1179.png,Viral Pneumonia,Viral Pneumonia,8.88775062435343e-08,3.6883368466078537e-06,9.395294000569265e-07,0.999995231628418,0.6482799649238586,0.32318195700645447,0.32318195700645447
/kaggle/input/datasets/tawsifurrahman/covid19-radiography-database/COVID-19_Radiography_Dataset/Viral Pneumonia/images/Viral Pneumonia-118.png,Viral Pneumonia,Viral Pneumonia,2.555145215410448e-07,4.630937411320701e-09,3.833675634723477e-07,0.9999994039535522,0.6184419393539429,,
/kaggle/input/datasets/tawsifurrahman/covid19-radiography-database/COVID-19_Radiography_Dataset/Viral Pneumonia/images/Viral Pneumonia-1187.png,Viral Pneumonia,Viral Pneumonia,4.693826438639803e-10,1.7734726187601524e-10,5.06591568694148e-09,1.0,0.6684265732765198,,
/kaggle/input/datasets/tawsifurrahman/covid19-radiography-database/COVID-19_Radiography_Dataset/Viral Pneumonia/images/Viral Pneumonia-1191.png,Viral Pneumonia,Viral Pneumonia,3.586105989938915e-08,7.11256331609178e-11,1.0105390968462302e-09,1.0,0.507136881351471,,
/kaggle/input/datasets/tawsifurrahman/covid19-radiography-database/COVID-19_Radiography_Dataset/Viral Pneumonia/images/Viral Pneumonia-1195.png,Viral Pneumonia,Viral Pneumonia,7.341032226548805e-10,1.0902758695863213e-09,1.437370844570296e-08,1.0,0.6333827972412109,,
/kaggle/input/datasets/tawsifurrahman/covid19-radiography-database/COVID-19_Radiography_Dataset/Viral Pneumonia/images/Viral Pneumonia-12.png,Viral Pneumonia,Viral Pneumonia,6.585969094885513e-05,2.026576294156257e-05,0.00011882101534865797,0.9997950196266174,0.6135532855987549,0.3033399283885956,0.3033399283885956
/kaggle/input/datasets/tawsifurrahman/covid19-radiography-database/COVID-19_Radiography_Dataset/Viral Pneumonia/images/Viral Pneumonia-120.png,Viral Pneumonia,Viral Pneumonia,1.4962438399379607e-07,2.7841033443110064e-05,2.7632975161395734e-06,0.9999692440032959,0.5062588453292847,,
/kaggle/input/datasets/tawsifurrahman/covid19-radiography-database/COVID-19_Radiography_Dataset/Viral Pneumonia/images/Viral Pneumonia-1202.png,Viral Pneumonia,Viral Pneumonia,3.0636101655545644e-06,1.4045075431567966e-06,6.752133776899427e-05,0.9999279975891113,0.5565938353538513,,
/kaggle/input/datasets/tawsifurrahman/covid19-radiography-database/COVID-19_Radiography_Dataset/Viral Pneumonia/images/Viral Pneumonia-1218.png,Viral Pneumonia,Viral Pneumonia,9.901609882945195e-05,3.7860783777432516e-05,0.0004922134685330093,0.9993708729743958,0.6084060072898865,,
/kaggle/input/datasets/tawsifurrahman/covid19-radiography-database/COVID-19_Radiography_Dataset/Viral Pneumonia/images/Viral Pneumonia-1224.png,Viral Pneumonia,Normal,6.0697242588503286e-05,0.00010843737982213497,0.9934446811676025,0.006386165972799063,0.6785579919815063,,
/kaggle/input/datasets/tawsifurrahman/covid19-radiography-database/COVID-19_Radiography_Dataset/Viral Pneumonia/images/Viral Pneumonia-1228.png,Viral Pneumonia,Viral Pneumonia,4.0923691102534576e-08,3.248178970238769e-08,1.4230928435665646e-08,1.0,0.5616580247879028,,
/kaggle/input/datasets/tawsifurrahman/covid19-radiography-database/COVID-19_Radiography_Dataset/Viral Pneumonia/images/Viral Pneumonia-1237.png,Viral Pneumonia,Normal,0.000491333834361285,0.00030671688728034496,0.9238693714141846,0.0753326267004013,0.6480978727340698,0.33387061953544617,0.33387061953544617
/kaggle/input/datasets/tawsifurrahman/covid19-radiography-database/COVID-19_Radiography_Dataset/Viral Pneumonia/images/Viral Pneumonia-1240.png,Viral Pneumonia,Viral Pneumonia,0.07603581249713898,0.0008084784494712949,0.021030940115451813,0.9021247029304504,0.5884862542152405,0.13528533279895782,0.13528533279895782
/kaggle/input/datasets/tawsifurrahman/covid19-radiography-database/COVID-19_Radiography_Dataset/Viral Pneumonia/images/Viral Pneumonia-1242.png,Viral Pneumonia,Viral Pneumonia,3.6129789805272594e-05,0.004598917439579964,9.457077976549044e-05,0.995270311832428,0.5371777415275574,,
/kaggle/input/datasets/tawsifurrahman/covid19-radiography-database/COVID-19_Radiography_Dataset/Viral Pneumonia/images/Viral Pneumonia-1243.png,Viral Pneumonia,Viral Pneumonia,3.5569680534308645e-08,1.2104512947530566e-08,6.234364491319866e-07,0.9999992847442627,0.5669450759887695,,
/kaggle/input/datasets/tawsifurrahman/covid19-radiography-database/COVID-19_Radiography_Dataset/Viral Pneumonia/images/Viral Pneumonia-1244.png,Viral Pneumonia,Viral Pneumonia,1.0416943041491322e-06,3.9178411270768265e-07,9.684117685537785e-05,0.9999017715454102,0.6024438738822937,,
/kaggle/input/datasets/tawsifurrahman/covid19-radiography-database/COVID-19_Radiography_Dataset/Viral Pneumonia/images/Viral Pneumonia-1254.png,Viral Pneumonia,Viral Pneumonia,4.8244000936392695e-05,0.000700429838616401,0.029633067548274994,0.9696182608604431,0.6570948958396912,,
/kaggle/input/datasets/tawsifurrahman/covid19-radiography-database/COVID-19_Radiography_Dataset/Viral Pneumonia/images/Viral Pneumonia-1261.png,Viral Pneumonia,Viral Pneumonia,3.454987762552264e-08,2.2186962667092303e-07,1.0506082617212087e-06,0.9999986886978149,0.6394785642623901,0.30194270610809326,0.30194270610809326
/kaggle/input/datasets/tawsifurrahman/covid19-radiography-database/COVID-19_Radiography_Dataset/Viral Pneumonia/images/Viral Pneumonia-1263.png,Viral Pneumonia,Viral Pneumonia,3.4502492781030014e-05,0.00020964980649296194,0.21656298637390137,0.7831928730010986,0.612975001335144,0.4175242483615875,0.4175242483615875
/kaggle/input/datasets/tawsifurrahman/covid19-radiography-database/COVID-19_Radiography_Dataset/Viral Pneumonia/images/Viral Pneumonia-1267.png,Viral Pneumonia,Viral Pneumonia,1.1977359548609456e-08,2.3561225859225488e-08,3.052697650218761e-08,1.0,0.6686820983886719,,
/kaggle/input/datasets/tawsifurrahman/covid19-radiography-database/COVID-19_Radiography_Dataset/Viral Pneumonia/images/Viral Pneumonia-1269.png,Viral Pneumonia,Viral Pneumonia,3.0194229339031153e-08,9.550176205408434e-10,3.0897192004886165e-07,0.9999996423721313,0.4791979491710663,,
/kaggle/input/datasets/tawsifurrahman/covid19-radiography-database/COVID-19_Radiography_Dataset/Viral Pneumonia/images/Viral Pneumonia-127.png,Viral Pneumonia,Viral Pneumonia,1.329259475824074e-07,4.063753067384823e-07,3.8751373665490974e-08,0.9999995231628418,0.6533797383308411,,
/kaggle/input/datasets/tawsifurrahman/covid19-radiography-database/COVID-19_Radiography_Dataset/Viral Pneumonia/images/Viral Pneumonia-1281.png,Viral Pneumonia,Viral Pneumonia,0.008080711588263512,3.6637702578445897e-06,0.009132562205195427,0.9827830791473389,0.6355335712432861,0.4955129325389862,0.4955129325389862
/kaggle/input/datasets/tawsifurrahman/covid19-radiography-database/COVID-19_Radiography_Dataset/Viral Pneumonia/images/Viral Pneumonia-1286.png,Viral Pneumonia,Viral Pneumonia,9.828708957826393e-10,3.555242211739085e-11,4.001776687800884e-10,1.0,0.6329166889190674,,
/kaggle/input/datasets/tawsifurrahman/covid19-radiography-database/COVID-19_Radiography_Dataset/Viral Pneumonia/images/Viral Pneumonia-129.png,Viral Pneumonia,Viral Pneumonia,4.3707065744413853e-10,1.2529212389811306e-10,6.394674789689248e-10,1.0,0.6202389597892761,0.3675159215927124,0.3675159215927124
/kaggle/input/datasets/tawsifurrahman/covid19-radiography-database/COVID-19_Radiography_Dataset/Viral Pneumonia/images/Viral Pneumonia-1298.png,Viral Pneumonia,Viral Pneumonia,1.7627391768471057e-09,5.020128202026797e-10,3.476038301641893e-08,1.0,0.6009818911552429,,
/kaggle/input/datasets/tawsifurrahman/covid19-radiography-database/COVID-19_Radiography_Dataset/Viral Pneumonia/images/Viral Pneumonia-1304.png,Viral Pneumonia,Viral Pneumonia,7.548808245161354e-10,5.231704392621994e-12,1.0070656114580245e-10,1.0,0.5252282023429871,,
/kaggle/input/datasets/tawsifurrahman/covid19-radiography-database/COVID-19_Radiography_Dataset/Viral Pneumonia/images/Viral Pneumonia-1309.png,Viral Pneumonia,Viral Pneumonia,2.855684022584626e-10,6.0368323673287705e-09,1.5231976790985868e-09,1.0,0.6692311763763428,,
/kaggle/input/datasets/tawsifurrahman/covid19-radiography-database/COVID-19_Radiography_Dataset/Viral Pneumonia/images/Viral Pneumonia-1310.png,Viral Pneumonia,Viral Pneumonia,1.1185241621802788e-09,5.437546857223197e-09,1.1838533708896648e-07,0.9999998807907104,0.5414247512817383,,
/kaggle/input/datasets/tawsifurrahman/covid19-radiography-database/COVID-19_Radiography_Dataset/Viral Pneumonia/images/Viral Pneumonia-1313.png,Viral Pneumonia,Viral Pneumonia,1.1809623279290804e-09,1.796688492428089e-11,9.284178287272127e-11,1.0,0.578658938407898,,
/kaggle/input/datasets/tawsifurrahman/covid19-radiography-database/COVID-19_Radiography_Dataset/Viral Pneumonia/images/Viral Pneumonia-1316.png,Viral Pneumonia,Viral Pneumonia,5.4525404635796804e-08,1.1927008713996656e-08,1.0933707699223305e-06,0.9999988079071045,0.5895523428916931,,
/kaggle/input/datasets/tawsifurrahman/covid19-radiography-database/COVID-19_Radiography_Dataset/Viral Pneumonia/images/Viral Pneumonia-1318.png,Viral Pneumonia,Viral Pneumonia,1.8875232399295783e-06,4.950189236296865e-07,5.8027030718221795e-06,0.999991774559021,0.6325409412384033,,
/kaggle/input/datasets/tawsifurrahman/covid19-radiography-database/COVID-19_Radiography_Dataset/Viral Pneumonia/images/Viral Pneumonia-1333.png,Viral Pneumonia,Viral Pneumonia,2.2520891818089694e-09,2.2179764969099125e-10,1.3730556691626816e-09,1.0,0.6617578864097595,,
/kaggle/input/datasets/tawsifurrahman/covid19-radiography-database/COVID-19_Radiography_Dataset/Viral Pneumonia/images/Viral Pneumonia-1334.png,Viral Pneumonia,Viral Pneumonia,1.4763535949313678e-09,4.969098466034438e-09,1.8397200847175554e-06,0.9999982118606567,0.5132442712783813,0.32151901721954346,0.32151901721954346
/kaggle/input/datasets/tawsifurrahman/covid19-radiography-database/COVID-19_Radiography_Dataset/Viral Pneumonia/images/Viral Pneumonia-1335.png,Viral Pneumonia,Viral Pneumonia,2.0563719616006892e-08,1.1754099915606275e-08,2.19657074751467e-08,1.0,0.6142412424087524,,
/kaggle/input/datasets/tawsifurrahman/covid19-radiography-database/COVID-19_Radiography_Dataset/Viral Pneumonia/images/Viral Pneumonia-1337.png,Viral Pneumonia,Viral Pneumonia,3.0347482606885023e-06,1.825929189180897e-06,0.0007089728023856878,0.9992862343788147,0.5967448353767395,,
/kaggle/input/datasets/tawsifurrahman/covid19-radiography-database/COVID-19_Radiography_Dataset/Viral Pneumonia/images/Viral Pneumonia-137.png,Viral Pneumonia,Normal,0.009401260875165462,0.0011962790740653872,0.9748831391334534,0.01451933104544878,0.4723249077796936,,
/kaggle/input/datasets/tawsifurrahman/covid19-radiography-database/COVID-19_Radiography_Dataset/Viral Pneumonia/images/Viral Pneumonia-151.png,Viral Pneumonia,Viral Pneumonia,1.624874124139808e-10,8.251397205479363e-14,1.0361823161650352e-12,1.0,0.6808081269264221,,
/kaggle/input/datasets/tawsifurrahman/covid19-radiography-database/COVID-19_Radiography_Dataset/Viral Pneumonia/images/Viral Pneumonia-156.png,Viral Pneumonia,Viral Pneumonia,4.944378702020913e-07,2.6579591576592065e-06,0.0006988087552599609,0.999298095703125,0.5245599150657654,0.40025362372398376,0.40025362372398376
/kaggle/input/datasets/tawsifurrahman/covid19-radiography-database/COVID-19_Radiography_Dataset/Viral Pneumonia/images/Viral Pneumonia-157.png,Viral Pneumonia,Viral Pneumonia,0.0021240762434899807,0.00010386516078142449,0.0011749392142519355,0.9965971112251282,0.5517587661743164,,
/kaggle/input/datasets/tawsifurrahman/covid19-radiography-database/COVID-19_Radiography_Dataset/Viral Pneumonia/images/Viral Pneumonia-16.png,Viral Pneumonia,Viral Pneumonia,2.822988790285308e-05,0.00022787979105487466,0.0397917740046978,0.9599521160125732,0.6892441511154175,,
/kaggle/input/datasets/tawsifurrahman/covid19-radiography-database/COVID-19_Radiography_Dataset/Viral Pneumonia/images/Viral Pneumonia-166.png,Viral Pneumonia,Viral Pneumonia,2.9793397970934166e-06,5.66975686524529e-05,0.0023468686267733574,0.997593343257904,0.4583377540111542,,
/kaggle/input/datasets/tawsifurrahman/covid19-radiography-database/COVID-19_Radiography_Dataset/Viral Pneumonia/images/Viral Pneumonia-169.png,Viral Pneumonia,Viral Pneumonia,0.00019102674559690058,0.00018795901269186288,0.018605494871735573,0.9810155630111694,0.64210444688797,0.5139619708061218,0.5139619708061218
/kaggle/input/datasets/tawsifurrahman/covid19-radiography-database/COVID-19_Radiography_Dataset/Viral Pneumonia/images/Viral Pneumonia-172.png,Viral Pneumonia,Viral Pneumonia,7.468155871492854e-08,0.0016985770780593157,0.00013292896619532257,0.9981683492660522,0.6514708399772644,,
/kaggle/input/datasets/tawsifurrahman/covid19-radiography-database/COVID-19_Radiography_Dataset/Viral Pneumonia/images/Viral Pneumonia-184.png,Viral Pneumonia,Viral Pneumonia,3.8925213052820595e-10,5.593519571134298e-12,1.8291885367505145e-11,1.0,0.5738970041275024,,
/kaggle/input/datasets/tawsifurrahman/covid19-radiography-database/COVID-19_Radiography_Dataset/Viral Pneumonia/images/Viral Pneumonia-191.png,Viral Pneumonia,Viral Pneumonia,1.1689508916390423e-08,4.949106402474257e-11,6.686993181403977e-10,1.0,0.6057367920875549,,
/kaggle/input/datasets/tawsifurrahman/covid19-radiography-database/COVID-19_Radiography_Dataset/Viral Pneumonia/images/Viral Pneumonia-192.png,Viral Pneumonia,Viral Pneumonia,1.0187654879700858e-06,5.576242401161835e-08,8.729176670385641e-07,0.9999980926513672,0.569658100605011,,
/kaggle/input/datasets/tawsifurrahman/covid19-radiography-database/COVID-19_Radiography_Dataset/Viral Pneumonia/images/Viral Pneumonia-2.png,Viral Pneumonia,Viral Pneumonia,2.817661481913092e-07,8.51045527383576e-08,3.27865345752798e-05,0.9999668598175049,0.5512816309928894,0.2686977684497833,0.2686977684497833
/kaggle/input/datasets/tawsifurrahman/covid19-radiography-database/COVID-19_Radiography_Dataset/Viral Pneumonia/images/Viral Pneumonia-215.png,Viral Pneumonia,Viral Pneumonia,1.9307364595988474e-08,8.712155441514824e-10,2.271975851897423e-08,1.0,0.5322219729423523,0.2887434661388397,0.2887434661388397
/kaggle/input/datasets/tawsifurrahman/covid19-radiography-database/COVID-19_Radiography_Dataset/Viral Pneumonia/images/Viral Pneumonia-222.png,Viral Pneumonia,Viral Pneumonia,1.8049213679205423e-07,3.081262675563856e-11,1.2933916160307035e-09,0.9999997615814209,0.6227012276649475,,
/kaggle/input/datasets/tawsifurrahman/covid19-radiography-database/COVID-19_Radiography_Dataset/Viral Pneumonia/images/Viral Pneumonia-227.png,Viral Pneumonia,Viral Pneumonia,1.5889584092931841e-09,1.2647384008135365e-11,1.0402289446487245e-10,1.0,0.592583417892456,,
/kaggle/input/datasets/tawsifurrahman/covid19-radiography-database/COVID-19_Radiography_Dataset/Viral Pneumonia/images/Viral Pneumonia-237.png,Viral Pneumonia,Viral Pneumonia,4.523338793660514e-05,0.001059228554368019,0.008239133283495903,0.9906564354896545,0.5930954813957214,,
/kaggle/input/datasets/tawsifurrahman/covid19-radiography-database/COVID-19_Radiography_Dataset/Viral Pneumonia/images/Viral Pneumonia-242.png,Viral Pneumonia,Viral Pneumonia,3.3513050112787823e-09,2.0852021498374285e-10,2.852892588833811e-09,1.0,0.5964707136154175,,
/kaggle/input/datasets/tawsifurrahman/covid19-radiography-database/COVID-19_Radiography_Dataset/Viral Pneumonia/images/Viral Pneumonia-250.png,Viral Pneumonia,Viral Pneumonia,1.48838685820607e-09,4.6092207384162975e-08,1.0750902390554984e-08,1.0,0.5844221711158752,0.33432307839393616,0.33432307839393616
/kaggle/input/datasets/tawsifurrahman/covid19-radiography-database/COVID-19_Radiography_Dataset/Viral Pneumonia/images/Viral Pneumonia-256.png,Viral Pneumonia,Viral Pneumonia,0.0006616301252506673,8.959725164459087e-06,0.0024429394397884607,0.9968865513801575,0.5216591954231262,,
/kaggle/input/datasets/tawsifurrahman/covid19-radiography-database/COVID-19_Radiography_Dataset/Viral Pneumonia/images/Viral Pneumonia-261.png,Viral Pneumonia,Viral Pneumonia,6.459189849650215e-10,1.1516030795633014e-08,3.503428303019973e-08,1.0,0.6135523915290833,,
/kaggle/input/datasets/tawsifurrahman/covid19-radiography-database/COVID-19_Radiography_Dataset/Viral Pneumonia/images/Viral Pneumonia-262.png,Viral Pneumonia,Viral Pneumonia,1.579362844950083e-07,1.3897657247241568e-08,2.67284804067458e-07,0.9999995231628418,0.6942262649536133,,
/kaggle/input/datasets/tawsifurrahman/covid19-radiography-database/COVID-19_Radiography_Dataset/Viral Pneumonia/images/Viral Pneumonia-263.png,Viral Pneumonia,Viral Pneumonia,2.289726047655094e-11,9.809226347856637e-11,2.871943481641548e-11,1.0,0.6474571824073792,0.3855675458908081,0.3855675458908081
/kaggle/input/datasets/tawsifurrahman/covid19-radiography-database/COVID-19_Radiography_Dataset/Viral Pneumonia/images/Viral Pneumonia-273.png,Viral Pneumonia,Viral Pneumonia,4.369093886680275e-08,2.440966762051744e-09,1.8110279498273485e-08,0.9999998807907104,0.6253923773765564,0.34461483359336853,0.34461483359336853
/kaggle/input/datasets/tawsifurrahman/covid19-radiography-database/COVID-19_Radiography_Dataset/Viral Pneumonia/images/Viral Pneumonia-283.png,Viral Pneumonia,Viral Pneumonia,1.6130067592712294e-07,7.418896053046353e-11,1.7686494491186977e-09,0.9999998807907104,0.47269096970558167,,
/kaggle/input/datasets/tawsifurrahman/covid19-radiography-database/COVID-19_Radiography_Dataset/Viral Pneumonia/images/Viral Pneumonia-291.png,Viral Pneumonia,Viral Pneumonia,1.900251289654875e-09,6.7789573954257776e-09,1.1500753238635752e-08,1.0,0.6327398419380188,0.3779771327972412,0.3779771327972412
/kaggle/input/datasets/tawsifurrahman/covid19-radiography-database/COVID-19_Radiography_Dataset/Viral Pneumonia/images/Viral Pneumonia-31.png,Viral Pneumonia,Normal,0.015796851366758347,0.00750698521733284,0.8937137126922607,0.0829823836684227,0.6591997146606445,,
/kaggle/input/datasets/tawsifurrahman/covid19-radiography-database/COVID-19_Radiography_Dataset/Viral Pneumonia/images/Viral Pneumonia-315.png,Viral Pneumonia,Viral Pneumonia,0.00023130989575292915,3.408196789678186e-06,0.00011656554124783725,0.9996486902236938,0.7058963179588318,,
/kaggle/input/datasets/tawsifurrahman/covid19-radiography-database/COVID-19_Radiography_Dataset/Viral Pneumonia/images/Viral Pneumonia-316.png,Viral Pneumonia,Viral Pneumonia,0.0025094065349549055,0.001984816510230303,0.0013082203222438693,0.9941976070404053,0.6521199345588684,0.30728432536125183,0.30728432536125183
/kaggle/input/datasets/tawsifurrahman/covid19-radiography-database/COVID-19_Radiography_Dataset/Viral Pneumonia/images/Viral Pneumonia-357.png,Viral Pneumonia,Viral Pneumonia,2.1327390964387405e-09,2.1409537964700576e-07,7.7957764688108e-09,0.9999997615814209,0.6210208535194397,0.31959766149520874,0.31959766149520874
/kaggle/input/datasets/tawsifurrahman/covid19-radiography-database/COVID-19_Radiography_Dataset/Viral Pneumonia/images/Viral Pneumonia-367.png,Viral Pneumonia,Viral Pneumonia,5.9196304391662125e-06,6.45833570160903e-05,0.0049629355780780315,0.994966447353363,0.5294288396835327,,
/kaggle/input/datasets/tawsifurrahman/covid19-radiography-database/COVID-19_Radiography_Dataset/Viral Pneumonia/images/Viral Pneumonia-369.png,Viral Pneumonia,Viral Pneumonia,1.096182700166537e-08,2.1228150217211805e-05,0.00015893792442511767,0.999819815158844,0.47406360507011414,,
/kaggle/input/datasets/tawsifurrahman/covid19-radiography-database/COVID-19_Radiography_Dataset/Viral Pneumonia/images/Viral Pneumonia-370.png,Viral Pneumonia,Viral Pneumonia,7.078516661707113e-10,1.2644110758408544e-10,9.38552680018745e-10,1.0,0.6128934621810913,,
/kaggle/input/datasets/tawsifurrahman/covid19-radiography-database/COVID-19_Radiography_Dataset/Viral Pneumonia/images/Viral Pneumonia-373.png,Viral Pneumonia,Viral Pneumonia,7.87246463005431e-05,7.186704920059128e-08,3.0084820537013e-06,0.9999181032180786,0.644302248954773,,
/kaggle/input/datasets/tawsifurrahman/covid19-radiography-database/COVID-19_Radiography_Dataset/Viral Pneumonia/images/Viral Pneumonia-374.png,Viral Pneumonia,Viral Pneumonia,2.305637281097006e-05,0.0011920123361051083,0.001656048116274178,0.9971289038658142,0.6280494928359985,0.26824626326560974,0.26824626326560974
/kaggle/input/datasets/tawsifurrahman/covid19-radiography-database/COVID-19_Radiography_Dataset/Viral Pneumonia/images/Viral Pneumonia-376.png,Viral Pneumonia,Viral Pneumonia,2.95624931823113e-06,3.228206821859203e-07,2.332788790226914e-05,0.9999734163284302,0.5518741011619568,,
/kaggle/input/datasets/tawsifurrahman/covid19-radiography-database/COVID-19_Radiography_Dataset/Viral Pneumonia/images/Viral Pneumonia-391.png,Viral Pneumonia,Viral Pneumonia,3.899161242770788e-07,5.401443528563199e-11,6.535080920855307e-09,0.9999996423721313,0.7007013559341431,,
/kaggle/input/datasets/tawsifurrahman/covid19-radiography-database/COVID-19_Radiography_Dataset/Viral Pneumonia/images/Viral Pneumonia-394.png,Viral Pneumonia,Viral Pneumonia,2.6057284685521154e-07,3.674739730286092e-07,3.3680155411275337e-06,0.9999960660934448,0.5931373834609985,,
/kaggle/input/datasets/tawsifurrahman/covid19-radiography-database/COVID-19_Radiography_Dataset/Viral Pneumonia/images/Viral Pneumonia-409.png,Viral Pneumonia,Viral Pneumonia,5.126631208440813e-08,6.868379198721186e-10,7.296737658535335e-10,1.0,0.6414381265640259,0.4851691424846649,0.4851691424846649
/kaggle/input/datasets/tawsifurrahman/covid19-radiography-database/COVID-19_Radiography_Dataset/Viral Pneumonia/images/Viral Pneumonia-413.png,Viral Pneumonia,Viral Pneumonia,1.456066794913724e-10,3.682398136417575e-11,1.4008687543309861e-09,1.0,0.5974066257476807,0.36021578311920166,0.36021578311920166
/kaggle/input/datasets/tawsifurrahman/covid19-radiography-database/COVID-19_Radiography_Dataset/Viral Pneumonia/images/Viral Pneumonia-417.png,Viral Pneumonia,Viral Pneumonia,1.6147668020494166e-06,8.508468454238027e-07,3.199680213583633e-05,0.9999655485153198,0.6559339761734009,0.38340309262275696,0.38340309262275696
/kaggle/input/datasets/tawsifurrahman/covid19-radiography-database/COVID-19_Radiography_Dataset/Viral Pneumonia/images/Viral Pneumonia-428.png,Viral Pneumonia,Viral Pneumonia,1.163323076980305e-06,1.950866357347536e-09,2.758211223863327e-07,0.9999985694885254,0.6054158210754395,,
/kaggle/input/datasets/tawsifurrahman/covid19-radiography-database/COVID-19_Radiography_Dataset/Viral Pneumonia/images/Viral Pneumonia-429.png,Viral Pneumonia,Viral Pneumonia,1.5430659914272837e-06,8.605844509235183e-11,2.677231591974305e-08,0.9999984502792358,0.6890222430229187,,
/kaggle/input/datasets/tawsifurrahman/covid19-radiography-database/COVID-19_Radiography_Dataset/Viral Pneumonia/images/Viral Pneumonia-433.png,Viral Pneumonia,Viral Pneumonia,5.113854228966375e-09,9.43562610856985e-13,1.0975612779740018e-10,1.0,0.5804551243782043,0.3596024513244629,0.3596024513244629
/kaggle/input/datasets/tawsifurrahman/covid19-radiography-database/COVID-19_Radiography_Dataset/Viral Pneumonia/images/Viral Pneumonia-459.png,Viral Pneumonia,Viral Pneumonia,1.6855585727171274e-06,5.566970884274269e-09,6.04584158736543e-07,0.9999977350234985,0.6437097787857056,0.47356343269348145,0.47356343269348145
/kaggle/input/datasets/tawsifurrahman/covid19-radiography-database/COVID-19_Radiography_Dataset/Viral Pneumonia/images/Viral Pneumonia-471.png,Viral Pneumonia,Viral Pneumonia,8.956312913532827e-10,7.346687147524733e-11,3.2010824546624406e-10,1.0,0.629970371723175,0.3510640859603882,0.3510640859603882
/kaggle/input/datasets/tawsifurrahman/covid19-radiography-database/COVID-19_Radiography_Dataset/Viral Pneumonia/images/Viral Pneumonia-473.png,Viral Pneumonia,Viral Pneumonia,1.0531629413890187e-05,1.0799552541129742e-07,0.000870305928401649,0.999118983745575,0.5076308846473694,,
/kaggle/input/datasets/tawsifurrahman/covid19-radiography-database/COVID-19_Radiography_Dataset/Viral Pneumonia/images/Viral Pneumonia-478.png,Viral Pneumonia,Viral Pneumonia,9.241726957043284e-07,1.5552885770375724e-06,6.200313509907573e-05,0.999935507774353,0.6278063058853149,,
/kaggle/input/datasets/tawsifurrahman/covid19-radiography-database/COVID-19_Radiography_Dataset/Viral Pneumonia/images/Viral Pneumonia-483.png,Viral Pneumonia,Viral Pneumonia,5.438996808493357e-08,4.497113437196276e-08,1.0610035587887978e-06,0.999998927116394,0.5595578551292419,,
/kaggle/input/datasets/tawsifurrahman/covid19-radiography-database/COVID-19_Radiography_Dataset/Viral Pneumonia/images/Viral Pneumonia-489.png,Viral Pneumonia,Viral Pneumonia,3.4841545204500335e-09,9.840263048843667e-10,1.2872957144693942e-09,1.0,0.5893147587776184,,
/kaggle/input/datasets/tawsifurrahman/covid19-radiography-database/COVID-19_Radiography_Dataset/Viral Pneumonia/images/Viral Pneumonia-493.png,Viral Pneumonia,Viral Pneumonia,5.943540145381121e-06,1.973050302694901e-06,0.00026547868037596345,0.9997265934944153,0.5616357326507568,,
/kaggle/input/datasets/tawsifurrahman/covid19-radiography-database/COVID-19_Radiography_Dataset/Viral Pneumonia/images/Viral Pneumonia-495.png,Viral Pneumonia,Viral Pneumonia,9.436424079467542e-06,2.0807196676742024e-07,1.6243049685726874e-05,0.9999741315841675,0.6648877859115601,0.5025227665901184,0.5025227665901184
/kaggle/input/datasets/tawsifurrahman/covid19-radiography-database/COVID-19_Radiography_Dataset/Viral Pneumonia/images/Viral Pneumonia-496.png,Viral Pneumonia,Viral Pneumonia,2.104904552879816e-07,4.445193724222918e-08,1.276129864891118e-06,0.9999985694885254,0.5095773935317993,,
/kaggle/input/datasets/tawsifurrahman/covid19-radiography-database/COVID-19_Radiography_Dataset/Viral Pneumonia/images/Viral Pneumonia-50.png,Viral Pneumonia,Viral Pneumonia,4.520591456724787e-09,7.841316929102504e-09,6.393199214471679e-07,0.9999994039535522,0.6405573487281799,,
/kaggle/input/datasets/tawsifurrahman/covid19-radiography-database/COVID-19_Radiography_Dataset/Viral Pneumonia/images/Viral Pneumonia-503.png,Viral Pneumonia,Viral Pneumonia,9.492700883129146e-07,3.682971794205514e-07,3.260862285969779e-06,0.9999954700469971,0.6344910860061646,,
/kaggle/input/datasets/tawsifurrahman/covid19-radiography-database/COVID-19_Radiography_Dataset/Viral Pneumonia/images/Viral Pneumonia-504.png,Viral Pneumonia,Viral Pneumonia,5.387794099753762e-10,1.5630845576208863e-11,4.241341652888586e-11,1.0,0.6115343570709229,,
/kaggle/input/datasets/tawsifurrahman/covid19-radiography-database/COVID-19_Radiography_Dataset/Viral Pneumonia/images/Viral Pneumonia-514.png,Viral Pneumonia,Viral Pneumonia,1.5764162242248858e-07,2.0293597913223493e-09,3.9471248669542547e-07,0.9999994039535522,0.5860030055046082,,
/kaggle/input/datasets/tawsifurrahman/covid19-radiography-database/COVID-19_Radiography_Dataset/Viral Pneumonia/images/Viral Pneumonia-525.png,Viral Pneumonia,Viral Pneumonia,0.00014539278345182538,0.0001864012301666662,0.023148691281676292,0.9765195846557617,0.6466993689537048,,
/kaggle/input/datasets/tawsifurrahman/covid19-radiography-database/COVID-19_Radiography_Dataset/Viral Pneumonia/images/Viral Pneumonia-526.png,Viral Pneumonia,Viral Pneumonia,2.8705551812890917e-05,4.233424988342449e-07,4.922036896459758e-05,0.9999215602874756,0.6011624932289124,,
/kaggle/input/datasets/tawsifurrahman/covid19-radiography-database/COVID-19_Radiography_Dataset/Viral Pneumonia/images/Viral Pneumonia-533.png,Viral Pneumonia,Viral Pneumonia,8.914115001701362e-10,2.722139624822262e-09,5.97974221250297e-08,0.9999998807907104,0.5334410667419434,,
/kaggle/input/datasets/tawsifurrahman/covid19-radiography-database/COVID-19_Radiography_Dataset/Viral Pneumonia/images/Viral Pneumonia-549.png,Viral Pneumonia,Viral Pneumonia,1.0598528206173796e-06,7.670826107641915e-07,8.709158464625943e-06,0.9999895095825195,0.6617082357406616,0.3850533664226532,0.3850533664226532
/kaggle/input/datasets/tawsifurrahman/covid19-radiography-database/COVID-19_Radiography_Dataset/Viral Pneumonia/images/Viral Pneumonia-55.png,Viral Pneumonia,Viral Pneumonia,9.941074097241653e-08,9.414493185033734e-09,1.1643355719570536e-06,0.9999986886978149,0.5957095623016357,,
/kaggle/input/datasets/tawsifurrahman/covid19-radiography-database/COVID-19_Radiography_Dataset/Viral Pneumonia/images/Viral Pneumonia-550.png,Viral Pneumonia,Viral Pneumonia,6.787402306862589e-10,9.87108797478875e-11,5.322394192042168e-10,1.0,0.6083332896232605,,
/kaggle/input/datasets/tawsifurrahman/covid19-radiography-database/COVID-19_Radiography_Dataset/Viral Pneumonia/images/Viral Pneumonia-552.png,Viral Pneumonia,Viral Pneumonia,1.1215412598630792e-07,9.74136895592892e-08,2.004246937303833e-07,0.9999995231628418,0.622596025466919,0.39022743701934814,0.39022743701934814
/kaggle/input/datasets/tawsifurrahman/covid19-radiography-database/COVID-19_Radiography_Dataset/Viral Pneumonia/images/Viral Pneumonia-556.png,Viral Pneumonia,Viral Pneumonia,2.2479603956071514e-07,5.9370184324336606e-09,3.713571317121023e-08,0.9999997615814209,0.5293663740158081,,
/kaggle/input/datasets/tawsifurrahman/covid19-radiography-database/COVID-19_Radiography_Dataset/Viral Pneumonia/images/Viral Pneumonia-557.png,Viral Pneumonia,Viral Pneumonia,1.0194662891649386e-08,1.4486675747882316e-10,3.857012043084751e-09,1.0,0.6116800904273987,0.3509399890899658,0.3509399890899658
/kaggle/input/datasets/tawsifurrahman/covid19-radiography-database/COVID-19_Radiography_Dataset/Viral Pneumonia/images/Viral Pneumonia-564.png,Viral Pneumonia,Viral Pneumonia,2.9727937445045427e-08,2.3878576485003578e-06,1.659073677728884e-05,0.9999810457229614,0.530409038066864,,
/kaggle/input/datasets/tawsifurrahman/covid19-radiography-database/COVID-19_Radiography_Dataset/Viral Pneumonia/images/Viral Pneumonia-569.png,Viral Pneumonia,Viral Pneumonia,3.708891416209781e-09,3.4437055984604115e-10,8.41281533325855e-09,1.0,0.5896754860877991,,
/kaggle/input/datasets/tawsifurrahman/covid19-radiography-database/COVID-19_Radiography_Dataset/Viral Pneumonia/images/Viral Pneumonia-582.png,Viral Pneumonia,Viral Pneumonia,2.062998216700862e-09,7.026110804275731e-10,1.780605707324412e-08,1.0,0.6662887334823608,,
/kaggle/input/datasets/tawsifurrahman/covid19-radiography-database/COVID-19_Radiography_Dataset/Viral Pneumonia/images/Viral Pneumonia-597.png,Viral Pneumonia,Viral Pneumonia,8.274096074956105e-09,4.648969209597453e-08,1.1025186807955834e-07,0.9999998807907104,0.4291670322418213,0.15006405115127563,0.15006405115127563
/kaggle/input/datasets/tawsifurrahman/covid19-radiography-database/COVID-19_Radiography_Dataset/Viral Pneumonia/images/Viral Pneumonia-602.png,Viral Pneumonia,Normal,0.0007063141092658043,0.000755686778575182,0.9555159211158752,0.04302201792597771,0.7000512480735779,,
/kaggle/input/datasets/tawsifurrahman/covid19-radiography-database/COVID-19_Radiography_Dataset/Viral Pneumonia/images/Viral Pneumonia-612.png,Viral Pneumonia,Viral Pneumonia,8.60497384564951e-05,7.680947788912817e-08,8.070086551015265e-06,0.9999057054519653,0.6640260219573975,0.4276640713214874,0.4276640713214874
/kaggle/input/datasets/tawsifurrahman/covid19-radiography-database/COVID-19_Radiography_Dataset/Viral Pneumonia/images/Viral Pneumonia-614.png,Viral Pneumonia,Viral Pneumonia,3.80195430693675e-09,1.2769618251695647e-08,2.4709100543418572e-08,1.0,0.5391846299171448,,
/kaggle/input/datasets/tawsifurrahman/covid19-radiography-database/COVID-19_Radiography_Dataset/Viral Pneumonia/images/Viral Pneumonia-624.png,Viral Pneumonia,Viral Pneumonia,1.4069510712033662e-07,2.7521881995618003e-10,5.543885350789424e-08,0.9999997615814209,0.6375266313552856,,
/kaggle/input/datasets/tawsifurrahman/covid19-radiography-database/COVID-19_Radiography_Dataset/Viral Pneumonia/images/Viral Pneumonia-625.png,Viral Pneumonia,Normal,0.0017341190250590444,0.003241020254790783,0.9641017913818359,0.030923200771212578,0.5680639743804932,0.22795215249061584,0.22795215249061584
/kaggle/input/datasets/tawsifurrahman/covid19-radiography-database/COVID-19_Radiography_Dataset/Viral Pneumonia/images/Viral Pneumonia-629.png,Viral Pneumonia,Viral Pneumonia,6.6917937857624565e-09,1.368693630654505e-10,6.640221150711056e-10,1.0,0.5122866630554199,0.24801312386989594,0.24801312386989594
/kaggle/input/datasets/tawsifurrahman/covid19-radiography-database/COVID-19_Radiography_Dataset/Viral Pneumonia/images/Viral Pneumonia-642.png,Viral Pneumonia,Viral Pneumonia,1.0662174076969677e-07,2.378376606770871e-08,4.296458655517199e-07,0.9999995231628418,0.523318886756897,,
/kaggle/input/datasets/tawsifurrahman/covid19-radiography-database/COVID-19_Radiography_Dataset/Viral Pneumonia/images/Viral Pneumonia-644.png,Viral Pneumonia,Viral Pneumonia,0.05593615770339966,0.005091764964163303,0.0015178590547293425,0.9374541640281677,0.6246189475059509,,
/kaggle/input/datasets/tawsifurrahman/covid19-radiography-database/COVID-19_Radiography_Dataset/Viral Pneumonia/images/Viral Pneumonia-648.png,Viral Pneumonia,Viral Pneumonia,6.695611176610328e-09,1.0640668901551464e-10,3.8771630350709074e-09,1.0,0.6573899388313293,,
/kaggle/input/datasets/tawsifurrahman/covid19-radiography-database/COVID-19_Radiography_Dataset/Viral Pneumonia/images/Viral Pneumonia-652.png,Viral Pneumonia,Viral Pneumonia,1.7927209228219e-07,2.0677189127571438e-11,7.063001572493732e-11,0.9999997615814209,0.5584790706634521,0.32323750853538513,0.32323750853538513
/kaggle/input/datasets/tawsifurrahman/covid19-radiography-database/COVID-19_Radiography_Dataset/Viral Pneumonia/images/Viral Pneumonia-668.png,Viral Pneumonia,Normal,6.931701500434428e-05,2.937565113825258e-05,0.9989060163497925,0.000995346112176776,0.667234480381012,0.2185174524784088,0.2185174524784088
/kaggle/input/datasets/tawsifurrahman/covid19-radiography-database/COVID-19_Radiography_Dataset/Viral Pneumonia/images/Viral Pneumonia-669.png,Viral Pneumonia,Viral Pneumonia,2.6213443860001462e-08,7.543084734606964e-08,6.475700331520784e-08,0.9999997615814209,0.5823057889938354,,
/kaggle/input/datasets/tawsifurrahman/covid19-radiography-database/COVID-19_Radiography_Dataset/Viral Pneumonia/images/Viral Pneumonia-675.png,Viral Pneumonia,Viral Pneumonia,2.2116038778108305e-08,4.6766439609768895e-09,1.0208404432887619e-07,0.9999998807907104,0.5736943483352661,,
/kaggle/input/datasets/tawsifurrahman/covid19-radiography-database/COVID-19_Radiography_Dataset/Viral Pneumonia/images/Viral Pneumonia-678.png,Viral Pneumonia,Viral Pneumonia,5.324844778442639e-07,2.34221033679205e-06,0.0002573573146946728,0.9997397065162659,0.6058681607246399,,
/kaggle/input/datasets/tawsifurrahman/covid19-radiography-database/COVID-19_Radiography_Dataset/Viral Pneumonia/images/Viral Pneumonia-693.png,Viral Pneumonia,Viral Pneumonia,8.729257388040423e-06,2.779172447731071e-09,6.633269435951661e-07,0.9999905824661255,0.6702341437339783,,
/kaggle/input/datasets/tawsifurrahman/covid19-radiography-database/COVID-19_Radiography_Dataset/Viral Pneumonia/images/Viral Pneumonia-708.png,Viral Pneumonia,Viral Pneumonia,5.790062118649075e-08,2.4126354247755444e-08,2.117994654327049e-06,0.9999978542327881,0.6064389944076538,,
/kaggle/input/datasets/tawsifurrahman/covid19-radiography-database/COVID-19_Radiography_Dataset/Viral Pneumonia/images/Viral Pneumonia-710.png,Viral Pneumonia,Viral Pneumonia,1.392509108022466e-09,1.3739961390868416e-09,6.302628463572546e-08,0.9999998807907104,0.5732808709144592,,
/kaggle/input/datasets/tawsifurrahman/covid19-radiography-database/COVID-19_Radiography_Dataset/Viral Pneumonia/images/Viral Pneumonia-712.png,Viral Pneumonia,Viral Pneumonia,2.6726127543952316e-05,1.351080527456361e-07,2.5450458451814484e-06,0.999970555305481,0.6343815326690674,,
/kaggle/input/datasets/tawsifurrahman/covid19-radiography-database/COVID-19_Radiography_Dataset/Viral Pneumonia/images/Viral Pneumonia-719.png,Viral Pneumonia,Viral Pneumonia,1.6608240338555902e-09,4.6967576494694185e-09,1.3024904710334795e-08,1.0,0.6483063101768494,,
/kaggle/input/datasets/tawsifurrahman/covid19-radiography-database/COVID-19_Radiography_Dataset/Viral Pneumonia/images/Viral Pneumonia-724.png,Viral Pneumonia,Viral Pneumonia,8.491368164165181e-10,4.97536400967391e-10,4.658400332147039e-10,1.0,0.5592320561408997,,
/kaggle/input/datasets/tawsifurrahman/covid19-radiography-database/COVID-19_Radiography_Dataset/Viral Pneumonia/images/Viral Pneumonia-73.png,Viral Pneumonia,Viral Pneumonia,4.893542904227388e-09,1.812079132579303e-11,2.3007200311564446e-10,1.0,0.6021248698234558,,
/kaggle/input/datasets/tawsifurrahman/covid19-radiography-database/COVID-19_Radiography_Dataset/Viral Pneumonia/images/Viral Pneumonia-748.png,Viral Pneumonia,Viral Pneumonia,1.0468241384842258e-08,1.2653750935953667e-08,1.7202735307364492e-06,0.9999982118606567,0.5797006487846375,,
/kaggle/input/datasets/tawsifurrahman/covid19-radiography-database/COVID-19_Radiography_Dataset/Viral Pneumonia/images/Viral Pneumonia-749.png,Viral Pneumonia,Viral Pneumonia,3.981344587344893e-09,9.249822019441467e-10,4.507723971869382e-08,1.0,0.6315878033638,0.4072590470314026,0.4072590470314026
/kaggle/input/datasets/tawsifurrahman/covid19-radiography-database/COVID-19_Radiography_Dataset/Viral Pneumonia/images/Viral Pneumonia-76.png,Viral Pneumonia,Viral Pneumonia,1.0491982038729475e-06,4.158479782745417e-07,1.7538209817757888e-07,0.9999984502792358,0.6350239515304565,0.34570062160491943,0.34570062160491943
/kaggle/input/datasets/tawsifurrahman/covid19-radiography-database/COVID-19_Radiography_Dataset/Viral Pneumonia/images/Viral Pneumonia-777.png,Viral Pneumonia,Viral Pneumonia,9.826234270704504e-10,2.1467463362512262e-09,3.6510214851404044e-09,1.0,0.6519958972930908,,
/kaggle/input/datasets/tawsifurrahman/covid19-radiography-database/COVID-19_Radiography_Dataset/Viral Pneumonia/images/Viral Pneumonia-779.png,Viral Pneumonia,Viral Pneumonia,1.5788266694016784e-08,3.131447601223414e-10,4.08418721065118e-09,1.0,0.4325314462184906,,
/kaggle/input/datasets/tawsifurrahman/covid19-radiography-database/COVID-19_Radiography_Dataset/Viral Pneumonia/images/Viral Pneumonia-792.png,Viral Pneumonia,Viral Pneumonia,1.1927455467741765e-08,8.538604719110499e-12,1.4174079965290076e-10,1.0,0.6870217323303223,,
/kaggle/input/datasets/tawsifurrahman/covid19-radiography-database/COVID-19_Radiography_Dataset/Viral Pneumonia/images/Viral Pneumonia-802.png,Viral Pneumonia,Viral Pneumonia,1.9736442027351586e-06,1.7325181220217978e-11,9.580331666869668e-11,0.9999979734420776,0.5469319820404053,0.28324395418167114,0.28324395418167114
/kaggle/input/datasets/tawsifurrahman/covid19-radiography-database/COVID-19_Radiography_Dataset/Viral Pneumonia/images/Viral Pneumonia-806.png,Viral Pneumonia,Viral Pneumonia,4.4127004272809245e-09,1.3036616057504613e-11,4.4786585551293e-10,1.0,0.6865008473396301,0.4640969932079315,0.4640969932079315
/kaggle/input/datasets/tawsifurrahman/covid19-radiography-database/COVID-19_Radiography_Dataset/Viral Pneumonia/images/Viral Pneumonia-819.png,Viral Pneumonia,Viral Pneumonia,1.0787241535581416e-06,1.1505753860774348e-07,3.19290193147026e-05,0.9999668598175049,0.5613914132118225,,
/kaggle/input/datasets/tawsifurrahman/covid19-radiography-database/COVID-19_Radiography_Dataset/Viral Pneumonia/images/Viral Pneumonia-833.png,Viral Pneumonia,Viral Pneumonia,4.9363670484581235e-08,7.993857131793902e-09,1.8436914217545564e-07,0.9999997615814209,0.6132135987281799,0.3527909815311432,0.3527909815311432
/kaggle/input/datasets/tawsifurrahman/covid19-radiography-database/COVID-19_Radiography_Dataset/Viral Pneumonia/images/Viral Pneumonia-836.png,Viral Pneumonia,Viral Pneumonia,3.8323341722268367e-10,1.030181273620201e-09,5.91556248430436e-10,1.0,0.6033262610435486,,
/kaggle/input/datasets/tawsifurrahman/covid19-radiography-database/COVID-19_Radiography_Dataset/Viral Pneumonia/images/Viral Pneumonia-838.png,Viral Pneumonia,Viral Pneumonia,9.778670095883513e-10,3.635967082971092e-10,1.2582984654230245e-09,1.0,0.599901020526886,0.357683002948761,0.357683002948761
/kaggle/input/datasets/tawsifurrahman/covid19-radiography-database/COVID-19_Radiography_Dataset/Viral Pneumonia/images/Viral Pneumonia-84.png,Viral Pneumonia,Viral Pneumonia,9.757492307471693e-07,1.0064234174933517e-06,3.523017221596092e-05,0.9999628067016602,0.5915971994400024,0.26251688599586487,0.26251688599586487
/kaggle/input/datasets/tawsifurrahman/covid19-radiography-database/COVID-19_Radiography_Dataset/Viral Pneumonia/images/Viral Pneumonia-847.png,Viral Pneumonia,Viral Pneumonia,1.722497522393951e-08,6.242326100469597e-10,1.9676118512279572e-08,1.0,0.5101708173751831,,
/kaggle/input/datasets/tawsifurrahman/covid19-radiography-database/COVID-19_Radiography_Dataset/Viral Pneumonia/images/Viral Pneumonia-850.png,Viral Pneumonia,Viral Pneumonia,3.811332192071859e-07,1.2774596314102382e-07,2.4174420104827732e-05,0.999975323677063,0.6539586186408997,,
/kaggle/input/datasets/tawsifurrahman/covid19-radiography-database/COVID-19_Radiography_Dataset/Viral Pneumonia/images/Viral Pneumonia-858.png,Viral Pneumonia,Viral Pneumonia,6.456103847085615e-07,1.9891375657721255e-08,5.4646097424893014e-08,0.9999992847442627,0.5299994349479675,0.2737702429294586,0.2737702429294586
/kaggle/input/datasets/tawsifurrahman/covid19-radiography-database/COVID-19_Radiography_Dataset/Viral Pneumonia/images/Viral Pneumonia-867.png,Viral Pneumonia,Viral Pneumonia,5.620764964575642e-10,4.064256309971315e-12,4.010103013540878e-11,1.0,0.5358164310455322,0.30863064527511597,0.30863064527511597
/kaggle/input/datasets/tawsifurrahman/covid19-radiography-database/COVID-19_Radiography_Dataset/Viral Pneumonia/images/Viral Pneumonia-870.png,Viral Pneumonia,Viral Pneumonia,7.220729569823447e-10,6.620311937544088e-11,2.3819446415274115e-09,1.0,0.5489866733551025,,
/kaggle/input/datasets/tawsifurrahman/covid19-radiography-database/COVID-19_Radiography_Dataset/Viral Pneumonia/images/Viral Pneumonia-885.png,Viral Pneumonia,Viral Pneumonia,9.730185546175107e-10,3.0428395914050554e-11,3.1442795589420314e-10,1.0,0.5862366557121277,0.3242897391319275,0.3242897391319275
/kaggle/input/datasets/tawsifurrahman/covid19-radiography-database/COVID-19_Radiography_Dataset/Viral Pneumonia/images/Viral Pneumonia-888.png,Viral Pneumonia,Viral Pneumonia,2.4991537728169533e-08,3.9838525367486e-08,2.436257204863068e-07,0.9999997615814209,0.6294792294502258,,
/kaggle/input/datasets/tawsifurrahman/covid19-radiography-database/COVID-19_Radiography_Dataset/Viral Pneumonia/images/Viral Pneumonia-894.png,Viral Pneumonia,Viral Pneumonia,2.1997970179654658e-05,2.6341709258304036e-07,0.0014516508672386408,0.9985260963439941,0.6570407748222351,,
/kaggle/input/datasets/tawsifurrahman/covid19-radiography-database/COVID-19_Radiography_Dataset/Viral Pneumonia/images/Viral Pneumonia-9.png,Viral Pneumonia,Viral Pneumonia,5.998565200115991e-09,5.171907702106182e-08,1.9522590264386963e-06,0.9999980926513672,0.7130851149559021,,
/kaggle/input/datasets/tawsifurrahman/covid19-radiography-database/COVID-19_Radiography_Dataset/Viral Pneumonia/images/Viral Pneumonia-901.png,Viral Pneumonia,Viral Pneumonia,9.931026170306723e-07,8.554253128068012e-08,1.0005929880207987e-06,0.9999978542327881,0.45731744170188904,,
/kaggle/input/datasets/tawsifurrahman/covid19-radiography-database/COVID-19_Radiography_Dataset/Viral Pneumonia/images/Viral Pneumonia-902.png,Viral Pneumonia,Viral Pneumonia,3.1832445529289544e-05,1.6816660775020864e-07,0.0003305395948700607,0.9996374845504761,0.5531004071235657,,
/kaggle/input/datasets/tawsifurrahman/covid19-radiography-database/COVID-19_Radiography_Dataset/Viral Pneumonia/images/Viral Pneumonia-92.png,Viral Pneumonia,Viral Pneumonia,4.577617801260203e-05,0.00014774702140130103,3.8988699088804424e-05,0.9997674822807312,0.7015990018844604,,
/kaggle/input/datasets/tawsifurrahman/covid19-radiography-database/COVID-19_Radiography_Dataset/Viral Pneumonia/images/Viral Pneumonia-923.png,Viral Pneumonia,Viral Pneumonia,1.7139537931143423e-06,1.366625747323269e-05,0.007607695646584034,0.9923768043518066,0.5850746631622314,,
/kaggle/input/datasets/tawsifurrahman/covid19-radiography-database/COVID-19_Radiography_Dataset/Viral Pneumonia/images/Viral Pneumonia-929.png,Viral Pneumonia,Viral Pneumonia,0.00034346425672993064,1.2974385754205287e-05,4.256182364770211e-05,0.9996009469032288,0.42379412055015564,,
/kaggle/input/datasets/tawsifurrahman/covid19-radiography-database/COVID-19_Radiography_Dataset/Viral Pneumonia/images/Viral Pneumonia-93.png,Viral Pneumonia,Viral Pneumonia,7.633512723259628e-05,0.0025864089839160442,0.0029472874011844397,0.9943899512290955,0.6253640651702881,,
/kaggle/input/datasets/tawsifurrahman/covid19-radiography-database/COVID-19_Radiography_Dataset/Viral Pneumonia/images/Viral Pneumonia-934.png,Viral Pneumonia,Viral Pneumonia,3.983148388897462e-08,3.7391699152067304e-05,2.6333921709920105e-07,0.9999622106552124,0.47780776023864746,,
/kaggle/input/datasets/tawsifurrahman/covid19-radiography-database/COVID-19_Radiography_Dataset/Viral Pneumonia/images/Viral Pneumonia-935.png,Viral Pneumonia,Viral Pneumonia,1.1563751286303159e-05,0.0003967265074606985,0.0009683124953880906,0.9986233711242676,0.542943000793457,0.11649589240550995,0.11649589240550995
/kaggle/input/datasets/tawsifurrahman/covid19-radiography-database/COVID-19_Radiography_Dataset/Viral Pneumonia/images/Viral Pneumonia-936.png,Viral Pneumonia,Viral Pneumonia,4.131744668622872e-10,1.0923051352307311e-09,9.152167734782779e-08,0.9999998807907104,0.6310131549835205,0.34169015288352966,0.34169015288352966
/kaggle/input/datasets/tawsifurrahman/covid19-radiography-database/COVID-19_Radiography_Dataset/Viral Pneumonia/images/Viral Pneumonia-938.png,Viral Pneumonia,Viral Pneumonia,3.141678917017998e-07,7.747431709503871e-07,2.68941748799989e-05,0.9999721050262451,0.5631392002105713,,
/kaggle/input/datasets/tawsifurrahman/covid19-radiography-database/COVID-19_Radiography_Dataset/Viral Pneumonia/images/Viral Pneumonia-939.png,Viral Pneumonia,Viral Pneumonia,0.00039108487544581294,4.929212082060985e-06,0.0007308110361918807,0.9988731741905212,0.606783390045166,,
/kaggle/input/datasets/tawsifurrahman/covid19-radiography-database/COVID-19_Radiography_Dataset/Viral Pneumonia/images/Viral Pneumonia-961.png,Viral Pneumonia,Viral Pneumonia,2.76322542624996e-09,7.855299188896936e-10,4.462084923773091e-09,1.0,0.636269748210907,,
/kaggle/input/datasets/tawsifurrahman/covid19-radiography-database/COVID-19_Radiography_Dataset/Viral Pneumonia/images/Viral Pneumonia-964.png,Viral Pneumonia,Viral Pneumonia,1.363348456351332e-08,1.3852566205230232e-08,1.1454937265398257e-07,0.9999998807907104,0.5909470319747925,,
/kaggle/input/datasets/tawsifurrahman/covid19-radiography-database/COVID-19_Radiography_Dataset/Viral Pneumonia/images/Viral Pneumonia-965.png,Viral Pneumonia,Normal,5.19598979735747e-05,5.7795052271103486e-05,0.983730137348175,0.016160164028406143,0.6489279270172119,,
/kaggle/input/datasets/tawsifurrahman/covid19-radiography-database/COVID-19_Radiography_Dataset/Viral Pneumonia/images/Viral Pneumonia-976.png,Viral Pneumonia,Viral Pneumonia,5.586165557902589e-11,5.904718380911333e-10,2.82950746166577e-10,1.0,0.6299021244049072,0.34081152081489563,0.34081152081489563
/kaggle/input/datasets/tawsifurrahman/covid19-radiography-database/COVID-19_Radiography_Dataset/Viral Pneumonia/images/Viral Pneumonia-977.png,Viral Pneumonia,Viral Pneumonia,1.0860060767337032e-10,3.6672428649353606e-08,1.9445381416183238e-10,1.0,0.6303409934043884,0.37113267183303833,0.37113267183303833
/kaggle/input/datasets/tawsifurrahman/covid19-radiography-database/COVID-19_Radiography_Dataset/Viral Pneumonia/images/Viral Pneumonia-978.png,Viral Pneumonia,Viral Pneumonia,7.218265429820292e-10,1.4063354925042404e-09,2.159393774903151e-10,1.0,0.5986582636833191,,
/kaggle/input/datasets/tawsifurrahman/covid19-radiography-database/COVID-19_Radiography_Dataset/Viral Pneumonia/images/Viral Pneumonia-98.png,Viral Pneumonia,Viral Pneumonia,4.293178079706195e-08,2.73216067825377e-11,1.8796322276415367e-09,1.0,0.5190771818161011,,
/kaggle/input/datasets/tawsifurrahman/covid19-radiography-database/COVID-19_Radiography_Dataset/Viral Pneumonia/images/Viral Pneumonia-985.png,Viral Pneumonia,Viral Pneumonia,2.965364309659435e-08,2.3353436517936643e-06,1.0684256039894535e-06,0.999996542930603,0.5638139843940735,,
/kaggle/input/datasets/tawsifurrahman/covid19-radiography-database/COVID-19_Radiography_Dataset/Viral Pneumonia/images/Viral Pneumonia-992.png,Viral Pneumonia,Viral Pneumonia,5.108390099817228e-11,5.180938789095535e-09,7.224191023169624e-09,1.0,0.5454604029655457,0.37876155972480774,0.37876155972480774
/kaggle/input/datasets/tawsifurrahman/covid19-radiography-database/COVID-19_Radiography_Dataset/Viral Pneumonia/images/Viral Pneumonia-993.png,Viral Pneumonia,Viral Pneumonia,4.446820156545073e-08,2.5738800104591064e-06,1.0511605069041252e-05,0.9999867677688599,0.5629256963729858,0.4868718385696411,0.4868718385696411
/kaggle/input/datasets/tawsifurrahman/covid19-radiography-database/COVID-19_Radiography_Dataset/Viral Pneumonia/images/Viral Pneumonia-994.png,Viral Pneumonia,Viral Pneumonia,5.409120831245673e-07,6.321759883576306e-06,3.99725504394155e-05,0.9999531507492065,0.4711553156375885,,
/kaggle/input/datasets/tawsifurrahman/covid19-radiography-database/COVID-19_Radiography_Dataset/Viral Pneumonia/images/Viral Pneumonia-998.png,Viral Pneumonia,Viral Pneumonia,2.6895858695752395e-07,1.1686961620682723e-08,2.1400155674200505e-06,0.999997615814209,0.5706663131713867,,
