image_path,true_label,pred_label,prob_0,prob_1,prob_2,prob_3,ilar,eil_post,eil_pre
/kaggle/input/datasets/tawsifurrahman/covid19-radiography-database/COVID-19_Radiography_Dataset/COVID/images/COVID-1000.png,COVID,COVID,0.9987848401069641,0.00012995401630178094,0.001083123148418963,2.0965703697584104e-06,,,
/kaggle/input/datasets/tawsifurrahman/covid19-radiography-database/COVID-19_Radiography_Dataset/COVID/images/COVID-1002.png,COVID,COVID,0.9992795586585999,0.00014704505156259984,0.0005507031455636024,2.268948628625367e-05,,0.47681939601898193,0.47681939601898193
/kaggle/input/datasets/tawsifurrahman/covid19-radiography-database/COVID-19_Radiography_Dataset/COVID/images/COVID-1006.png,COVID,COVID,0.9999885559082031,8.45482099975925e-06,3.8928388335079944e-07,2.6010104647866683e-06,,,
/kaggle/input/datasets/tawsifurrahman/covid19-radiography-database/COVID-19_Radiography_Dataset/COVID/images/COVID-1015.png,COVID,COVID,0.6167163848876953,0.38195157051086426,0.0013319705612957478,1.0553497986620641e-07,,,
/kaggle/input/datasets/tawsifurrahman/covid19-radiography-database/COVID-19_Radiography_Dataset/COVID/images/COVID-1017.png,COVID,COVID,0.9984672665596008,0.0008091329946182668,9.45398278417997e-05,0.0006291242316365242,,,
/kaggle/input/datasets/tawsifurrahman/covid19-radiography-database/COVID-19_Radiography_Dataset/COVID/images/COVID-1022.png,COVID,COVID,0.9999988079071045,5.056521672486269e-07,5.780823926215817e-07,1.021267763690048e-07,,0.3283790051937103,0.3283790051937103
/kaggle/input/datasets/tawsifurrahman/covid19-radiography-database/COVID-19_Radiography_Dataset/COVID/images/COVID-1036.png,COVID,COVID,0.9999977350234985,1.134372837441333e-06,8.364915515812754e-07,2.7011793690689956e-07,,0.3481403589248657,0.3481403589248657
/kaggle/input/datasets/tawsifurrahman/covid19-radiography-database/COVID-19_Radiography_Dataset/COVID/images/COVID-1040.png,COVID,COVID,0.999988317489624,1.0304298484697938e-05,7.923350864302847e-08,1.2243455103089218e-06,,0.390493243932724,0.390493243932724
/kaggle/input/datasets/tawsifurrahman/covid19-radiography-database/COVID-19_Radiography_Dataset/COVID/images/COVID-1043.png,COVID,COVID,0.9999659061431885,1.2380337466311175e-05,1.8453789607519866e-07,2.1481870135175996e-05,,0.4226088225841522,0.4226088225841522
/kaggle/input/datasets/tawsifurrahman/covid19-radiography-database/COVID-19_Radiography_Dataset/COVID/images/COVID-1048.png,COVID,COVID,0.9998142123222351,0.00010204042337136343,8.382857049582526e-05,6.329060053822388e-10,,,
/kaggle/input/datasets/tawsifurrahman/covid19-radiography-database/COVID-19_Radiography_Dataset/COVID/images/COVID-1056.png,COVID,COVID,0.9860610961914062,9.000913996715099e-05,2.0516515633062227e-06,0.013846859335899353,,,
/kaggle/input/datasets/tawsifurrahman/covid19-radiography-database/COVID-19_Radiography_Dataset/COVID/images/COVID-1058.png,COVID,COVID,0.9996644258499146,0.00011632417590590194,6.265823913054192e-07,0.00021867017494514585,,0.3170945942401886,0.3170945942401886
/kaggle/input/datasets/tawsifurrahman/covid19-radiography-database/COVID-19_Radiography_Dataset/COVID/images/COVID-106.png,COVID,COVID,0.9999774694442749,5.023176527174655e-06,1.719686042633839e-05,3.372367132215004e-07,,,
/kaggle/input/datasets/tawsifurrahman/covid19-radiography-database/COVID-19_Radiography_Dataset/COVID/images/COVID-1065.png,COVID,COVID,0.9872937202453613,0.008061084896326065,0.0009423638111911714,0.003702850779518485,,,
/kaggle/input/datasets/tawsifurrahman/covid19-radiography-database/COVID-19_Radiography_Dataset/COVID/images/COVID-107.png,COVID,COVID,0.9697930216789246,0.030087901279330254,0.00011516630911501125,3.897367605532054e-06,,,
/kaggle/input/datasets/tawsifurrahman/covid19-radiography-database/COVID-19_Radiography_Dataset/COVID/images/COVID-108.png,COVID,COVID,0.9995712637901306,3.353266220074147e-05,0.0003789646434597671,1.62916439876426e-05,,0.3028372824192047,0.3028372824192047
/kaggle/input/datasets/tawsifurrahman/covid19-radiography-database/COVID-19_Radiography_Dataset/COVID/images/COVID-11.png,COVID,COVID,0.9966734647750854,0.0025211148895323277,1.3809589290758595e-05,0.0007916507893241942,,,
/kaggle/input/datasets/tawsifurrahman/covid19-radiography-database/COVID-19_Radiography_Dataset/COVID/images/COVID-1100.png,COVID,COVID,0.9999947547912598,2.6292282200301997e-06,2.66205660182095e-07,2.433970394122298e-06,,,
/kaggle/input/datasets/tawsifurrahman/covid19-radiography-database/COVID-19_Radiography_Dataset/COVID/images/COVID-1102.png,COVID,COVID,0.9997817873954773,1.005185731628444e-05,0.00020676995336543769,1.4188785826263484e-06,,,
/kaggle/input/datasets/tawsifurrahman/covid19-radiography-database/COVID-19_Radiography_Dataset/COVID/images/COVID-1105.png,COVID,COVID,0.9972350001335144,0.00044300989247858524,0.0023081807885318995,1.384599363518646e-05,,,
/kaggle/input/datasets/tawsifurrahman/covid19-radiography-database/COVID-19_Radiography_Dataset/COVID/images/COVID-1108.png,COVID,COVID,0.9998606443405151,8.576718755648471e-06,0.00013063356163911521,1.1621387585591947e-07,,,
/kaggle/input/datasets/tawsifurrahman/covid19-radiography-database/COVID-19_Radiography_Dataset/COVID/images/COVID-1110.png,COVID,COVID,0.9999600648880005,3.5903192383557325e-06,3.459115760051645e-05,1.8313054397367523e-06,,0.3815952241420746,0.3815952241420746
/kaggle/input/datasets/tawsifurrahman/covid19-radiography-database/COVID-19_Radiography_Dataset/COVID/images/COVID-1112.png,COVID,COVID,0.9998840093612671,5.334952220437117e-05,5.5931948736542836e-05,6.726459105266258e-06,,,
/kaggle/input/datasets/tawsifurrahman/covid19-radiography-database/COVID-19_Radiography_Dataset/COVID/images/COVID-1115.png,COVID,COVID,0.9999970197677612,4.431793954040586e-08,1.4849208973544137e-08,2.9862733299523825e-06,,0.38439998030662537,0.38439998030662537
/kaggle/input/datasets/tawsifurrahman/covid19-radiography-database/COVID-19_Radiography_Dataset/COVID/images/COVID-1116.png,COVID,COVID,0.9979442954063416,4.704738239524886e-05,0.0020083950366824865,2.8355364634080615e-07,,,
/kaggle/input/datasets/tawsifurrahman/covid19-radiography-database/COVID-19_Radiography_Dataset/COVID/images/COVID-1127.png,COVID,COVID,0.9966275095939636,0.00011311765410937369,0.0026260679587721825,0.0006331783952191472,,,
/kaggle/input/datasets/tawsifurrahman/covid19-radiography-database/COVID-19_Radiography_Dataset/COVID/images/COVID-113.png,COVID,COVID,0.9976584911346436,0.0016056904569268227,0.0007306347833946347,5.24291817782796e-06,,,
/kaggle/input/datasets/tawsifurrahman/covid19-radiography-database/COVID-19_Radiography_Dataset/COVID/images/COVID-1142.png,COVID,COVID,0.9962265491485596,1.0793571163958404e-05,1.3034364201303106e-05,0.0037495875731110573,,,
/kaggle/input/datasets/tawsifurrahman/covid19-radiography-database/COVID-19_Radiography_Dataset/COVID/images/COVID-1143.png,COVID,COVID,0.9727234840393066,0.00014358873886521906,0.02707350254058838,5.948265970801003e-05,,,
/kaggle/input/datasets/tawsifurrahman/covid19-radiography-database/COVID-19_Radiography_Dataset/COVID/images/COVID-1147.png,COVID,COVID,0.9992139339447021,0.0007090756553225219,2.1446523533086292e-05,5.555440657190047e-05,,0.39128899574279785,0.39128899574279785
/kaggle/input/datasets/tawsifurrahman/covid19-radiography-database/COVID-19_Radiography_Dataset/COVID/images/COVID-1160.png,COVID,COVID,0.9974186420440674,0.002539966721087694,2.5362003725604154e-05,1.6085687093436718e-05,,0.18707190454006195,0.18707190454006195
/kaggle/input/datasets/tawsifurrahman/covid19-radiography-database/COVID-19_Radiography_Dataset/COVID/images/COVID-1166.png,COVID,COVID,0.6302251219749451,0.06303206831216812,0.2886732518672943,0.018069487065076828,,,
/kaggle/input/datasets/tawsifurrahman/covid19-radiography-database/COVID-19_Radiography_Dataset/COVID/images/COVID-1169.png,COVID,COVID,0.9998999834060669,2.9121400075382553e-05,2.053300522675272e-05,5.0420207116985694e-05,,,
/kaggle/input/datasets/tawsifurrahman/covid19-radiography-database/COVID-19_Radiography_Dataset/COVID/images/COVID-118.png,COVID,COVID,0.9049158692359924,0.007496358826756477,0.05442836880683899,0.03315948694944382,,,
/kaggle/input/datasets/tawsifurrahman/covid19-radiography-database/COVID-19_Radiography_Dataset/COVID/images/COVID-1182.png,COVID,COVID,0.9980106949806213,0.0019202285911887884,4.626733061741106e-05,2.282028981426265e-05,,,
/kaggle/input/datasets/tawsifurrahman/covid19-radiography-database/COVID-19_Radiography_Dataset/COVID/images/COVID-1184.png,COVID,COVID,0.999954342842102,3.3183579944306985e-05,1.1925677426916081e-05,6.093088131819968e-07,,,
/kaggle/input/datasets/tawsifurrahman/covid19-radiography-database/COVID-19_Radiography_Dataset/COVID/images/COVID-1193.png,COVID,COVID,0.5039175748825073,0.003956995904445648,0.49210497736930847,2.041347761405632e-05,,,
/kaggle/input/datasets/tawsifurrahman/covid19-radiography-database/COVID-19_Radiography_Dataset/COVID/images/COVID-120.png,COVID,COVID,0.9997749924659729,5.7856846979120746e-05,4.787292346009053e-05,0.00011920271208509803,,0.3147614598274231,0.3147614598274231
/kaggle/input/datasets/tawsifurrahman/covid19-radiography-database/COVID-19_Radiography_Dataset/COVID/images/COVID-1200.png,COVID,COVID,0.9999997615814209,2.2449718528605445e-07,8.055243694293779e-10,1.0414709893102891e-11,,,
/kaggle/input/datasets/tawsifurrahman/covid19-radiography-database/COVID-19_Radiography_Dataset/COVID/images/COVID-1203.png,COVID,COVID,0.9996299743652344,8.112247996905353e-06,2.0911427256464776e-08,0.0003619390772655606,,0.4289375841617584,0.4289375841617584
/kaggle/input/datasets/tawsifurrahman/covid19-radiography-database/COVID-19_Radiography_Dataset/COVID/images/COVID-121.png,COVID,COVID,0.9137261509895325,0.07895240932703018,0.002849539974704385,0.004471900872886181,,,
/kaggle/input/datasets/tawsifurrahman/covid19-radiography-database/COVID-19_Radiography_Dataset/COVID/images/COVID-1216.png,COVID,COVID,0.9992204904556274,0.00014289180398918688,0.0005738929030485451,6.264504190767184e-05,,0.3094344139099121,0.3094344139099121
/kaggle/input/datasets/tawsifurrahman/covid19-radiography-database/COVID-19_Radiography_Dataset/COVID/images/COVID-1219.png,COVID,COVID,0.9937585592269897,0.001409847754985094,7.925793397589587e-06,0.004823695868253708,,0.34854981303215027,0.34854981303215027
/kaggle/input/datasets/tawsifurrahman/covid19-radiography-database/COVID-19_Radiography_Dataset/COVID/images/COVID-1222.png,COVID,COVID,0.9888184666633606,0.010644632391631603,5.142969257576624e-06,0.0005317065515555441,,,
/kaggle/input/datasets/tawsifurrahman/covid19-radiography-database/COVID-19_Radiography_Dataset/COVID/images/COVID-1228.png,COVID,COVID,0.9999686479568481,1.8673152226256207e-05,1.228129713126691e-05,3.6777839795831824e-07,,0.40663501620292664,0.40663501620292664
/kaggle/input/datasets/tawsifurrahman/covid19-radiography-database/COVID-19_Radiography_Dataset/COVID/images/COVID-1236.png,COVID,COVID,0.931145191192627,0.0017564126756042242,0.06690937280654907,0.00018903103773482144,,,
/kaggle/input/datasets/tawsifurrahman/covid19-radiography-database/COVID-19_Radiography_Dataset/COVID/images/COVID-1239.png,COVID,COVID,0.999998927116394,8.565727398490708e-07,2.8530527629300195e-07,2.797570841650554e-09,,,
/kaggle/input/datasets/tawsifurrahman/covid19-radiography-database/COVID-19_Radiography_Dataset/COVID/images/COVID-1250.png,COVID,COVID,0.9979192614555359,0.0005742452922277153,0.0013917314354330301,0.00011481937690405175,,,
/kaggle/input/datasets/tawsifurrahman/covid19-radiography-database/COVID-19_Radiography_Dataset/COVID/images/COVID-1262.png,COVID,COVID,0.999988317489624,1.1657706636469811e-05,6.2065335093564045e-09,6.813345887479727e-09,,,
/kaggle/input/datasets/tawsifurrahman/covid19-radiography-database/COVID-19_Radiography_Dataset/COVID/images/COVID-1287.png,COVID,COVID,0.9892277717590332,0.010770980268716812,1.033394823934941e-06,2.027548759997444e-07,,,
/kaggle/input/datasets/tawsifurrahman/covid19-radiography-database/COVID-19_Radiography_Dataset/COVID/images/COVID-130.png,COVID,COVID,0.6831176280975342,0.004212436266243458,0.31233736872673035,0.00033256999449804425,,0.18643216788768768,0.18643216788768768
/kaggle/input/datasets/tawsifurrahman/covid19-radiography-database/COVID-19_Radiography_Dataset/COVID/images/COVID-1301.png,COVID,COVID,0.9999048709869385,6.248162389965728e-05,2.1296773411449976e-05,1.125515245803399e-05,,,
/kaggle/input/datasets/tawsifurrahman/covid19-radiography-database/COVID-19_Radiography_Dataset/COVID/images/COVID-1319.png,COVID,COVID,0.9805102348327637,0.01878034695982933,0.0001803595805540681,0.000529050244949758,,,
/kaggle/input/datasets/tawsifurrahman/covid19-radiography-database/COVID-19_Radiography_Dataset/COVID/images/COVID-132.png,COVID,COVID,0.9999579191207886,1.577220064064022e-05,2.558472624514252e-05,7.302261337827076e-07,,,
/kaggle/input/datasets/tawsifurrahman/covid19-radiography-database/COVID-19_Radiography_Dataset/COVID/images/COVID-1326.png,COVID,COVID,0.9999706745147705,2.732325992838014e-05,1.1879338899234426e-06,8.194768952307641e-07,,0.40661224722862244,0.40661224722862244
/kaggle/input/datasets/tawsifurrahman/covid19-radiography-database/COVID-19_Radiography_Dataset/COVID/images/COVID-1333.png,COVID,COVID,0.9999134540557861,1.4727358575328253e-05,6.18599017343513e-07,7.123013347154483e-05,,0.32661187648773193,0.32661187648773193
/kaggle/input/datasets/tawsifurrahman/covid19-radiography-database/COVID-19_Radiography_Dataset/COVID/images/COVID-1334.png,COVID,COVID,0.9994152784347534,0.0005634143599309027,7.841039405320771e-06,1.3512771147361491e-05,,0.12180709093809128,0.12180709093809128
/kaggle/input/datasets/tawsifurrahman/covid19-radiography-database/COVID-19_Radiography_Dataset/COVID/images/COVID-1336.png,COVID,COVID,0.9933221936225891,0.0003067184879910201,0.0007546040578745306,0.0056164865382015705,,,
/kaggle/input/datasets/tawsifurrahman/covid19-radiography-database/COVID-19_Radiography_Dataset/COVID/images/COVID-1339.png,COVID,COVID,0.9999793767929077,1.8888503063863027e-06,5.113449574878359e-08,1.8784414351102896e-05,,,
/kaggle/input/datasets/tawsifurrahman/covid19-radiography-database/COVID-19_Radiography_Dataset/COVID/images/COVID-134.png,COVID,COVID,0.9867225289344788,0.012418783269822598,0.0008534901426173747,5.216656063566916e-06,,,
/kaggle/input/datasets/tawsifurrahman/covid19-radiography-database/COVID-19_Radiography_Dataset/COVID/images/COVID-1344.png,COVID,COVID,0.999967098236084,3.172566357534379e-05,9.771109716893989e-07,1.8445086880092276e-07,,,
/kaggle/input/datasets/tawsifurrahman/covid19-radiography-database/COVID-19_Radiography_Dataset/COVID/images/COVID-1348.png,COVID,COVID,0.9771772027015686,0.00532803637906909,0.016057739034295082,0.0014370849821716547,,0.3659198582172394,0.3659198582172394
/kaggle/input/datasets/tawsifurrahman/covid19-radiography-database/COVID-19_Radiography_Dataset/COVID/images/COVID-1350.png,COVID,COVID,1.0,1.1038712166566711e-08,2.5102686596056856e-10,2.018295600092479e-11,,0.39858177304267883,0.39858177304267883
/kaggle/input/datasets/tawsifurrahman/covid19-radiography-database/COVID-19_Radiography_Dataset/COVID/images/COVID-1354.png,COVID,COVID,0.999619722366333,2.9120928957127035e-05,0.00024123767798300833,0.000109917062218301,,,
/kaggle/input/datasets/tawsifurrahman/covid19-radiography-database/COVID-19_Radiography_Dataset/COVID/images/COVID-1359.png,COVID,COVID,0.9994409680366516,9.60259567364119e-05,4.745215846924111e-06,0.0004582492692861706,,,
/kaggle/input/datasets/tawsifurrahman/covid19-radiography-database/COVID-19_Radiography_Dataset/COVID/images/COVID-1361.png,COVID,Normal,0.027900202199816704,0.16439034044742584,0.8069862127304077,0.0007232559728436172,,,
/kaggle/input/datasets/tawsifurrahman/covid19-radiography-database/COVID-19_Radiography_Dataset/COVID/images/COVID-1401.png,COVID,COVID,0.9999998807907104,5.7460017188759593e-08,3.1272005429627825e-08,1.275734629047065e-08,,,
/kaggle/input/datasets/tawsifurrahman/covid19-radiography-database/COVID-19_Radiography_Dataset/COVID/images/COVID-1405.png,COVID,COVID,0.999963641166687,2.904409120674245e-05,2.731871395766916e-09,7.362977612501709e-06,,,
/kaggle/input/datasets/tawsifurrahman/covid19-radiography-database/COVID-19_Radiography_Dataset/COVID/images/COVID-1418.png,COVID,COVID,0.9014413952827454,0.09841056913137436,0.0001394084101775661,8.647091817692854e-06,,,
/kaggle/input/datasets/tawsifurrahman/covid19-radiography-database/COVID-19_Radiography_Dataset/COVID/images/COVID-1419.png,COVID,COVID,0.9997138381004333,0.00023440246877726167,4.904311936115846e-05,2.6072536911669886e-06,,,
/kaggle/input/datasets/tawsifurrahman/covid19-radiography-database/COVID-19_Radiography_Dataset/COVID/images/COVID-1424.png,COVID,COVID,0.9890341758728027,0.010929495096206665,3.6071647627977654e-05,2.514715049528604e-07,,,
/kaggle/input/datasets/tawsifurrahman/covid19-radiography-database/COVID-19_Radiography_Dataset/COVID/images/COVID-1426.png,COVID,COVID,0.9988816380500793,2.210702223237604e-05,0.0001899796916404739,0.0009063368197530508,,0.3505331575870514,0.3505331575870514
/kaggle/input/datasets/tawsifurrahman/covid19-radiography-database/COVID-19_Radiography_Dataset/COVID/images/COVID-1437.png,COVID,COVID,0.9999977350234985,6.157669645290298e-07,1.6380130318793817e-06,5.177361206420983e-09,,0.28174126148223877,0.28174126148223877
/kaggle/input/datasets/tawsifurrahman/covid19-radiography-database/COVID-19_Radiography_Dataset/COVID/images/COVID-1438.png,COVID,COVID,0.9972224235534668,0.0025718396063894033,0.00019437086302787066,1.1387218364689033e-05,,,
/kaggle/input/datasets/tawsifurrahman/covid19-radiography-database/COVID-19_Radiography_Dataset/COVID/images/COVID-1441.png,COVID,COVID,0.999998927116394,2.1418220796931564e-07,7.197449747309292e-08,6.956652214284986e-07,,,
/kaggle/input/datasets/tawsifurrahman/covid19-radiography-database/COVID-19_Radiography_Dataset/COVID/images/COVID-1448.png,COVID,COVID,0.9999949932098389,5.032854915043572e-06,3.2670701699544225e-08,1.9720841848425152e-08,,,
/kaggle/input/datasets/tawsifurrahman/covid19-radiography-database/COVID-19_Radiography_Dataset/COVID/images/COVID-1450.png,COVID,COVID,0.9999836683273315,8.30906287774269e-07,1.3611698435056496e-08,1.5461135262739845e-05,,,
/kaggle/input/datasets/tawsifurrahman/covid19-radiography-database/COVID-19_Radiography_Dataset/COVID/images/COVID-147.png,COVID,COVID,0.9999001026153564,3.9404596918757306e-07,3.741366890608333e-05,6.201998621691018e-05,,,
/kaggle/input/datasets/tawsifurrahman/covid19-radiography-database/COVID-19_Radiography_Dataset/COVID/images/COVID-1470.png,COVID,COVID,0.9998177886009216,0.00017722215852700174,2.7027688247471815e-06,2.27568830268865e-06,,0.18877848982810974,0.18877848982810974
/kaggle/input/datasets/tawsifurrahman/covid19-radiography-database/COVID-19_Radiography_Dataset/COVID/images/COVID-1477.png,COVID,COVID,0.999990701675415,8.7996277216007e-06,1.9251980631906918e-07,2.439592208247632e-07,,,
/kaggle/input/datasets/tawsifurrahman/covid19-radiography-database/COVID-19_Radiography_Dataset/COVID/images/COVID-1482.png,COVID,COVID,0.9999892711639404,5.879038781131385e-06,1.3044255453564801e-08,4.901867669104831e-06,,0.44590574502944946,0.44590574502944946
/kaggle/input/datasets/tawsifurrahman/covid19-radiography-database/COVID-19_Radiography_Dataset/COVID/images/COVID-1485.png,COVID,COVID,0.9999971389770508,1.951761760210502e-06,1.1189126780664083e-07,7.964554811223934e-07,,,
/kaggle/input/datasets/tawsifurrahman/covid19-radiography-database/COVID-19_Radiography_Dataset/COVID/images/COVID-1486.png,COVID,COVID,0.9732856750488281,0.023656753823161125,0.0017703628400340676,0.0012871117796748877,,,
/kaggle/input/datasets/tawsifurrahman/covid19-radiography-database/COVID-19_Radiography_Dataset/COVID/images/COVID-1490.png,COVID,COVID,0.9997345805168152,0.00026539014652371407,3.512078095013749e-08,2.166759749400171e-08,,0.3790961503982544,0.3790961503982544
/kaggle/input/datasets/tawsifurrahman/covid19-radiography-database/COVID-19_Radiography_Dataset/COVID/images/COVID-1510.png,COVID,COVID,0.9999780654907227,1.9086570318904705e-05,2.8651963930315105e-06,9.733610584206076e-10,,0.36357271671295166,0.36357271671295166
/kaggle/input/datasets/tawsifurrahman/covid19-radiography-database/COVID-19_Radiography_Dataset/COVID/images/COVID-1518.png,COVID,COVID,0.998257577419281,0.0001659204572206363,0.0013856327859684825,0.00019080577476415783,,,
/kaggle/input/datasets/tawsifurrahman/covid19-radiography-database/COVID-19_Radiography_Dataset/COVID/images/COVID-1534.png,COVID,COVID,0.9998483657836914,8.82161475601606e-06,0.0001425274385837838,2.0440258197140793e-07,,0.3359243869781494,0.3359243869781494
/kaggle/input/datasets/tawsifurrahman/covid19-radiography-database/COVID-19_Radiography_Dataset/COVID/images/COVID-1539.png,COVID,COVID,0.9975558519363403,6.646561087109149e-05,2.625772867759224e-05,0.0023513350170105696,,,
/kaggle/input/datasets/tawsifurrahman/covid19-radiography-database/COVID-19_Radiography_Dataset/COVID/images/COVID-1544.png,COVID,COVID,0.9999994039535522,7.852216299397696e-08,2.193681751805343e-07,3.3179753700096626e-07,,,
/kaggle/input/datasets/tawsifurrahman/covid19-radiography-database/COVID-19_Radiography_Dataset/COVID/images/COVID-156.png,COVID,COVID,0.9996263980865479,0.00033668207470327616,3.495334385661408e-05,1.9397452888370026e-06,,,
/kaggle/input/datasets/tawsifurrahman/covid19-radiography-database/COVID-19_Radiography_Dataset/COVID/images/COVID-1560.png,COVID,COVID,0.9997746348381042,0.00015485209587495774,3.723577538039535e-05,3.3292159059783444e-05,,,
/kaggle/input/datasets/tawsifurrahman/covid19-radiography-database/COVID-19_Radiography_Dataset/COVID/images/COVID-1561.png,COVID,COVID,0.9999991655349731,7.518773941228574e-07,1.6525328305760922e-07,1.352360445849854e-09,,0.2495923489332199,0.2495923489332199
/kaggle/input/datasets/tawsifurrahman/covid19-radiography-database/COVID-19_Radiography_Dataset/COVID/images/COVID-1569.png,COVID,COVID,0.9999970197677612,2.7727087399398442e-06,1.1472255323496938e-07,4.4697745948951706e-08,,,
/kaggle/input/datasets/tawsifurrahman/covid19-radiography-database/COVID-19_Radiography_Dataset/COVID/images/COVID-1570.png,COVID,COVID,0.9995927214622498,4.2904743168037385e-05,0.00036057576653547585,3.863485289912205e-06,,,
/kaggle/input/datasets/tawsifurrahman/covid19-radiography-database/COVID-19_Radiography_Dataset/COVID/images/COVID-1573.png,COVID,COVID,0.9990719556808472,0.00015276421618182212,0.00044789945241063833,0.00032729984377510846,,,
/kaggle/input/datasets/tawsifurrahman/covid19-radiography-database/COVID-19_Radiography_Dataset/COVID/images/COVID-1575.png,COVID,COVID,0.999974250793457,2.5044095309567638e-05,6.035100454937492e-07,1.444576582798618e-07,,,
/kaggle/input/datasets/tawsifurrahman/covid19-radiography-database/COVID-19_Radiography_Dataset/COVID/images/COVID-1576.png,COVID,COVID,0.9998433589935303,3.5527693853509845e-06,0.00014606061449740082,7.059248673613183e-06,,0.33461448550224304,0.33461448550224304
/kaggle/input/datasets/tawsifurrahman/covid19-radiography-database/COVID-19_Radiography_Dataset/COVID/images/COVID-1580.png,COVID,COVID,0.9999167919158936,1.2200533092254773e-05,6.6981360760109965e-06,6.434986426029354e-05,,,
/kaggle/input/datasets/tawsifurrahman/covid19-radiography-database/COVID-19_Radiography_Dataset/COVID/images/COVID-1586.png,COVID,COVID,0.9999244213104248,4.424874350661412e-05,1.8263384845340624e-05,1.3046116691839416e-05,,,
/kaggle/input/datasets/tawsifurrahman/covid19-radiography-database/COVID-19_Radiography_Dataset/COVID/images/COVID-159.png,COVID,COVID,0.9755747318267822,0.0013670767657458782,0.023055389523506165,2.7406522349338047e-06,,0.3560028672218323,0.3560028672218323
/kaggle/input/datasets/tawsifurrahman/covid19-radiography-database/COVID-19_Radiography_Dataset/COVID/images/COVID-1591.png,COVID,COVID,0.9999505281448364,4.267211625119671e-05,3.2053812901722267e-06,3.5529808428691467e-06,,,
/kaggle/input/datasets/tawsifurrahman/covid19-radiography-database/COVID-19_Radiography_Dataset/COVID/images/COVID-1604.png,COVID,COVID,0.924817681312561,0.0005911473999731243,0.003201300511136651,0.07138979434967041,,,
/kaggle/input/datasets/tawsifurrahman/covid19-radiography-database/COVID-19_Radiography_Dataset/COVID/images/COVID-1611.png,COVID,COVID,0.9963627457618713,0.0035045703407377005,0.00012165409134468064,1.106998843170004e-05,,0.3067391812801361,0.3067391812801361
/kaggle/input/datasets/tawsifurrahman/covid19-radiography-database/COVID-19_Radiography_Dataset/COVID/images/COVID-1614.png,COVID,COVID,0.9982996582984924,0.001505053834989667,2.099221273965668e-05,0.00017437638598494232,,0.36962929368019104,0.36962929368019104
/kaggle/input/datasets/tawsifurrahman/covid19-radiography-database/COVID-19_Radiography_Dataset/COVID/images/COVID-1618.png,COVID,COVID,0.9973645806312561,0.002573163015767932,6.0863563703605905e-05,1.4261469232224044e-06,,,
/kaggle/input/datasets/tawsifurrahman/covid19-radiography-database/COVID-19_Radiography_Dataset/COVID/images/COVID-1619.png,COVID,COVID,0.9999315738677979,5.485310248332098e-05,4.568091299006483e-06,9.045959814102389e-06,,,
/kaggle/input/datasets/tawsifurrahman/covid19-radiography-database/COVID-19_Radiography_Dataset/COVID/images/COVID-1631.png,COVID,COVID,0.9998916387557983,1.4467692381003872e-05,6.363436114042997e-05,3.0191302357707173e-05,,,
/kaggle/input/datasets/tawsifurrahman/covid19-radiography-database/COVID-19_Radiography_Dataset/COVID/images/COVID-1636.png,COVID,COVID,0.9262462854385376,0.009114575572311878,0.00802583061158657,0.05661330744624138,,,
/kaggle/input/datasets/tawsifurrahman/covid19-radiography-database/COVID-19_Radiography_Dataset/COVID/images/COVID-1637.png,COVID,COVID,0.9997813105583191,0.0001695512473816052,4.096705015399493e-05,8.144103958329652e-06,,,
/kaggle/input/datasets/tawsifurrahman/covid19-radiography-database/COVID-19_Radiography_Dataset/COVID/images/COVID-1640.png,COVID,COVID,0.9999994039535522,6.185592837937293e-08,3.025420469704443e-10,5.293454705679324e-07,,0.31892189383506775,0.31892189383506775
/kaggle/input/datasets/tawsifurrahman/covid19-radiography-database/COVID-19_Radiography_Dataset/COVID/images/COVID-1643.png,COVID,COVID,0.9995436072349548,0.00041067469283007085,4.548189463093877e-05,2.0682784906966845e-07,,,
/kaggle/input/datasets/tawsifurrahman/covid19-radiography-database/COVID-19_Radiography_Dataset/COVID/images/COVID-1658.png,COVID,COVID,0.9998383522033691,2.7180960842088098e-06,3.2816572570482094e-07,0.00015849403280299157,,0.38658320903778076,0.38658320903778076
/kaggle/input/datasets/tawsifurrahman/covid19-radiography-database/COVID-19_Radiography_Dataset/COVID/images/COVID-1664.png,COVID,COVID,0.9997878670692444,0.0001376183790853247,4.3154308514203876e-05,3.133802238153294e-05,,,
/kaggle/input/datasets/tawsifurrahman/covid19-radiography-database/COVID-19_Radiography_Dataset/COVID/images/COVID-1665.png,COVID,COVID,0.9997344613075256,0.00015075124974828213,0.00010001234477385879,1.4813866073382087e-05,,0.2876560091972351,0.2876560091972351
/kaggle/input/datasets/tawsifurrahman/covid19-radiography-database/COVID-19_Radiography_Dataset/COVID/images/COVID-1671.png,COVID,COVID,0.9959220886230469,0.0036436868831515312,0.000425421807449311,8.775893547863234e-06,,,
/kaggle/input/datasets/tawsifurrahman/covid19-radiography-database/COVID-19_Radiography_Dataset/COVID/images/COVID-1681.png,COVID,COVID,0.9911817312240601,0.005887922830879688,0.0029195058159530163,1.0871946869883686e-05,,0.14921553432941437,0.14921553432941437
/kaggle/input/datasets/tawsifurrahman/covid19-radiography-database/COVID-19_Radiography_Dataset/COVID/images/COVID-1683.png,COVID,COVID,0.969244122505188,0.0005653186235576868,0.029620036482810974,0.0005706241354346275,,,
/kaggle/input/datasets/tawsifurrahman/covid19-radiography-database/COVID-19_Radiography_Dataset/COVID/images/COVID-1685.png,COVID,COVID,0.9996857643127441,0.00012105347559554502,0.00018436442769598216,8.831870218273252e-06,,,
/kaggle/input/datasets/tawsifurrahman/covid19-radiography-database/COVID-19_Radiography_Dataset/COVID/images/COVID-1692.png,COVID,COVID,0.9997764229774475,7.829848618712276e-05,2.647269684530329e-05,0.00011879862722707912,,,
/kaggle/input/datasets/tawsifurrahman/covid19-radiography-database/COVID-19_Radiography_Dataset/COVID/images/COVID-1704.png,COVID,COVID,0.9999998807907104,9.986425908437013e-09,5.83813053456339e-10,1.3870260318071814e-07,,0.35807597637176514,0.35807597637176514
/kaggle/input/datasets/tawsifurrahman/covid19-radiography-database/COVID-19_Radiography_Dataset/COVID/images/COVID-1710.png,COVID,Lung_Opacity,0.4088546633720398,0.5785667300224304,0.012236126698553562,0.0003424912574701011,,,
/kaggle/input/datasets/tawsifurrahman/covid19-radiography-database/COVID-19_Radiography_Dataset/COVID/images/COVID-1716.png,COVID,COVID,0.9999892711639404,4.62086109109805e-06,2.062355861198739e-06,4.1294051698059775e-06,,0.1488790065050125,0.1488790065050125
/kaggle/input/datasets/tawsifurrahman/covid19-radiography-database/COVID-19_Radiography_Dataset/COVID/images/COVID-1732.png,COVID,COVID,0.9994937181472778,0.0005047321901656687,1.5361439409389277e-06,1.8021397707457254e-08,,,
/kaggle/input/datasets/tawsifurrahman/covid19-radiography-database/COVID-19_Radiography_Dataset/COVID/images/COVID-1744.png,COVID,COVID,1.0,5.498475452725415e-09,6.409245578709033e-09,8.043964605519704e-09,,,
/kaggle/input/datasets/tawsifurrahman/covid19-radiography-database/COVID-19_Radiography_Dataset/COVID/images/COVID-1749.png,COVID,COVID,0.9558281898498535,0.03944362327456474,0.004724462050944567,3.783734655371518e-06,,,
/kaggle/input/datasets/tawsifurrahman/covid19-radiography-database/COVID-19_Radiography_Dataset/COVID/images/COVID-1750.png,COVID,COVID,0.9989547729492188,0.0008966993191279471,0.00011312970309518278,3.538848250173032e-05,,,
/kaggle/input/datasets/tawsifurrahman/covid19-radiography-database/COVID-19_Radiography_Dataset/COVID/images/COVID-1752.png,COVID,COVID,0.9999667406082153,2.1919297523709247e-06,5.587701252807165e-07,3.047495920327492e-05,,,
/kaggle/input/datasets/tawsifurrahman/covid19-radiography-database/COVID-19_Radiography_Dataset/COVID/images/COVID-1760.png,COVID,COVID,0.9990407824516296,0.0007468400290235877,1.689059536147397e-05,0.00019547886040527374,,,
/kaggle/input/datasets/tawsifurrahman/covid19-radiography-database/COVID-19_Radiography_Dataset/COVID/images/COVID-1764.png,COVID,COVID,0.9999631643295288,4.2879804595941096e-07,5.729911663365783e-06,3.0715538741787896e-05,,,
/kaggle/input/datasets/tawsifurrahman/covid19-radiography-database/COVID-19_Radiography_Dataset/COVID/images/COVID-1766.png,COVID,COVID,0.999995231628418,1.1646773856455184e-07,3.866466045110428e-07,4.334779987402726e-06,,,
/kaggle/input/datasets/tawsifurrahman/covid19-radiography-database/COVID-19_Radiography_Dataset/COVID/images/COVID-1767.png,COVID,COVID,0.9987789988517761,0.0010922116925939918,0.00012684620742220432,2.0074646727152867e-06,,0.22448594868183136,0.22448594868183136
/kaggle/input/datasets/tawsifurrahman/covid19-radiography-database/COVID-19_Radiography_Dataset/COVID/images/COVID-1768.png,COVID,COVID,0.9999972581863403,6.968685397623631e-07,4.250250373871722e-09,2.0226752894814126e-06,,,
/kaggle/input/datasets/tawsifurrahman/covid19-radiography-database/COVID-19_Radiography_Dataset/COVID/images/COVID-1782.png,COVID,COVID,0.9999967813491821,9.146399548853879e-08,6.372950167587987e-08,3.0002718176547205e-06,,,
/kaggle/input/datasets/tawsifurrahman/covid19-radiography-database/COVID-19_Radiography_Dataset/COVID/images/COVID-1784.png,COVID,COVID,1.0,2.5823695182225492e-08,8.332663448129551e-09,4.309173018413048e-09,,0.3505459725856781,0.3505459725856781
/kaggle/input/datasets/tawsifurrahman/covid19-radiography-database/COVID-19_Radiography_Dataset/COVID/images/COVID-1791.png,COVID,COVID,0.9998420476913452,0.00010083797678817064,5.713108475902118e-05,9.689708591054114e-09,,0.2350158989429474,0.2350158989429474
/kaggle/input/datasets/tawsifurrahman/covid19-radiography-database/COVID-19_Radiography_Dataset/COVID/images/COVID-1793.png,COVID,COVID,0.999432384967804,0.0004273479280527681,4.2785668483702466e-05,9.75162984104827e-05,,,
/kaggle/input/datasets/tawsifurrahman/covid19-radiography-database/COVID-19_Radiography_Dataset/COVID/images/COVID-1795.png,COVID,COVID,0.9918935894966125,0.006994680967181921,0.0005588296917267144,0.0005529252230189741,,,
/kaggle/input/datasets/tawsifurrahman/covid19-radiography-database/COVID-19_Radiography_Dataset/COVID/images/COVID-1808.png,COVID,COVID,0.9999949932098389,3.3006645026034676e-06,1.3393703284236835e-06,3.4935766279886593e-07,,,
/kaggle/input/datasets/tawsifurrahman/covid19-radiography-database/COVID-19_Radiography_Dataset/COVID/images/COVID-1825.png,COVID,COVID,0.6742414236068726,0.32550516724586487,0.00021614730940200388,3.722843393916264e-05,,0.2411116510629654,0.2411116510629654
/kaggle/input/datasets/tawsifurrahman/covid19-radiography-database/COVID-19_Radiography_Dataset/COVID/images/COVID-1826.png,COVID,COVID,0.9882607460021973,0.009054815396666527,0.0018668425036594272,0.0008176408591680229,,,
/kaggle/input/datasets/tawsifurrahman/covid19-radiography-database/COVID-19_Radiography_Dataset/COVID/images/COVID-1830.png,COVID,COVID,0.9972642660140991,0.001419191132299602,0.001183152198791504,0.0001333869731752202,,,
/kaggle/input/datasets/tawsifurrahman/covid19-radiography-database/COVID-19_Radiography_Dataset/COVID/images/COVID-1834.png,COVID,COVID,0.9975111484527588,0.00133339106105268,0.0010522677330300212,0.0001031433348543942,,0.26832693815231323,0.26832693815231323
/kaggle/input/datasets/tawsifurrahman/covid19-radiography-database/COVID-19_Radiography_Dataset/COVID/images/COVID-1839.png,COVID,Lung_Opacity,0.2724381387233734,0.7270981073379517,0.00046302840928547084,7.01207227393752e-07,,,
/kaggle/input/datasets/tawsifurrahman/covid19-radiography-database/COVID-19_Radiography_Dataset/COVID/images/COVID-1858.png,COVID,COVID,0.7259727716445923,0.045346133410930634,0.22718675434589386,0.001494318712502718,,0.2534053921699524,0.2534053921699524
/kaggle/input/datasets/tawsifurrahman/covid19-radiography-database/COVID-19_Radiography_Dataset/COVID/images/COVID-1859.png,COVID,COVID,0.9981924891471863,0.0017696268623694777,3.00017672998365e-05,7.912916771601886e-06,,0.28539353609085083,0.28539353609085083
/kaggle/input/datasets/tawsifurrahman/covid19-radiography-database/COVID-19_Radiography_Dataset/COVID/images/COVID-186.png,COVID,COVID,0.9997859597206116,1.3591258721135091e-05,0.000200465161469765,4.1505934689212154e-08,,0.44934001564979553,0.44934001564979553
/kaggle/input/datasets/tawsifurrahman/covid19-radiography-database/COVID-19_Radiography_Dataset/COVID/images/COVID-1860.png,COVID,COVID,0.9996345043182373,1.270573761757987e-07,0.00036537254345603287,2.7705537419819848e-08,,,
/kaggle/input/datasets/tawsifurrahman/covid19-radiography-database/COVID-19_Radiography_Dataset/COVID/images/COVID-1873.png,COVID,COVID,0.9999985694885254,1.099272481042135e-06,1.7443099409319984e-07,1.8655694589142513e-07,,,
/kaggle/input/datasets/tawsifurrahman/covid19-radiography-database/COVID-19_Radiography_Dataset/COVID/images/COVID-1892.png,COVID,COVID,0.9685245156288147,0.002638154895976186,0.027086060494184494,0.0017512834165245295,,0.21679940819740295,0.21679940819740295
/kaggle/input/datasets/tawsifurrahman/covid19-radiography-database/COVID-19_Radiography_Dataset/COVID/images/COVID-1906.png,COVID,COVID,0.9638580679893494,0.0014121668646112084,0.03461027890443802,0.0001194691940327175,,,
/kaggle/input/datasets/tawsifurrahman/covid19-radiography-database/COVID-19_Radiography_Dataset/COVID/images/COVID-1916.png,COVID,COVID,0.9990369081497192,0.0006776322261430323,0.00028462649788707495,8.577783319196897e-07,,,
/kaggle/input/datasets/tawsifurrahman/covid19-radiography-database/COVID-19_Radiography_Dataset/COVID/images/COVID-1917.png,COVID,COVID,0.9993112087249756,0.0006765363505110145,1.1087308848800603e-05,1.20222830446437e-06,,0.3126618266105652,0.3126618266105652
/kaggle/input/datasets/tawsifurrahman/covid19-radiography-database/COVID-19_Radiography_Dataset/COVID/images/COVID-1918.png,COVID,COVID,0.9939940571784973,0.00573591748252511,0.00026743608759716153,2.580194177426165e-06,,,
/kaggle/input/datasets/tawsifurrahman/covid19-radiography-database/COVID-19_Radiography_Dataset/COVID/images/COVID-1922.png,COVID,COVID,0.78899747133255,0.19018448889255524,0.020616687834262848,0.0002013181510847062,,,
/kaggle/input/datasets/tawsifurrahman/covid19-radiography-database/COVID-19_Radiography_Dataset/COVID/images/COVID-1926.png,COVID,COVID,0.992354154586792,0.00035076405038125813,0.007165755610913038,0.00012932236131746322,,0.18788637220859528,0.18788637220859528
/kaggle/input/datasets/tawsifurrahman/covid19-radiography-database/COVID-19_Radiography_Dataset/COVID/images/COVID-1927.png,COVID,COVID,0.9904319643974304,0.0002038530947174877,0.00893375463783741,0.0004303831956349313,,,
/kaggle/input/datasets/tawsifurrahman/covid19-radiography-database/COVID-19_Radiography_Dataset/COVID/images/COVID-1930.png,COVID,COVID,0.9942905902862549,0.0012766059953719378,0.00407771859318018,0.0003550283145159483,,,
/kaggle/input/datasets/tawsifurrahman/covid19-radiography-database/COVID-19_Radiography_Dataset/COVID/images/COVID-1933.png,COVID,COVID,0.5661845803260803,0.0024275959003716707,0.43075844645500183,0.0006293903570622206,,0.3650190830230713,0.3650190830230713
/kaggle/input/datasets/tawsifurrahman/covid19-radiography-database/COVID-19_Radiography_Dataset/COVID/images/COVID-194.png,COVID,COVID,0.999997615814209,1.378836145704554e-06,9.103318348024914e-07,1.957459261348049e-08,,0.28835687041282654,0.28835687041282654
/kaggle/input/datasets/tawsifurrahman/covid19-radiography-database/COVID-19_Radiography_Dataset/COVID/images/COVID-1943.png,COVID,Normal,0.010575095191597939,0.3612402081489563,0.5155838131904602,0.1126009076833725,,,
/kaggle/input/datasets/tawsifurrahman/covid19-radiography-database/COVID-19_Radiography_Dataset/COVID/images/COVID-1952.png,COVID,COVID,0.9997895359992981,0.00017959295655600727,2.954134833998978e-05,1.3362936215344234e-06,,0.2222450226545334,0.2222450226545334
/kaggle/input/datasets/tawsifurrahman/covid19-radiography-database/COVID-19_Radiography_Dataset/COVID/images/COVID-1953.png,COVID,COVID,0.9974752068519592,0.0010220302501693368,0.0014794745948165655,2.3347098249359988e-05,,,
/kaggle/input/datasets/tawsifurrahman/covid19-radiography-database/COVID-19_Radiography_Dataset/COVID/images/COVID-1955.png,COVID,COVID,0.7818365097045898,0.21550516784191132,0.0018258484778925776,0.0008324399823322892,,,
/kaggle/input/datasets/tawsifurrahman/covid19-radiography-database/COVID-19_Radiography_Dataset/COVID/images/COVID-1958.png,COVID,COVID,0.9983718991279602,0.0006139195174910128,0.0009425951284356415,7.162358815548941e-05,,,
/kaggle/input/datasets/tawsifurrahman/covid19-radiography-database/COVID-19_Radiography_Dataset/COVID/images/COVID-1968.png,COVID,COVID,0.9842396974563599,0.015694960951805115,4.015313970739953e-05,2.519558256608434e-05,,,
/kaggle/input/datasets/tawsifurrahman/covid19-radiography-database/COVID-19_Radiography_Dataset/COVID/images/COVID-1969.png,COVID,COVID,0.8801817893981934,0.017943676561117172,0.10181859880685806,5.593900277744979e-05,,0.27257242798805237,0.27257242798805237
/kaggle/input/datasets/tawsifurrahman/covid19-radiography-database/COVID-19_Radiography_Dataset/COVID/images/COVID-1970.png,COVID,COVID,0.9491864442825317,0.018641283735632896,0.009469613432884216,0.022702721878886223,,,
/kaggle/input/datasets/tawsifurrahman/covid19-radiography-database/COVID-19_Radiography_Dataset/COVID/images/COVID-1972.png,COVID,COVID,0.804250955581665,0.05179283767938614,0.14344264566898346,0.0005135704996064305,,,
/kaggle/input/datasets/tawsifurrahman/covid19-radiography-database/COVID-19_Radiography_Dataset/COVID/images/COVID-1973.png,COVID,Normal,0.36880552768707275,0.1303495168685913,0.37395551800727844,0.1268894225358963,,0.21093112230300903,0.21093112230300903
/kaggle/input/datasets/tawsifurrahman/covid19-radiography-database/COVID-19_Radiography_Dataset/COVID/images/COVID-1982.png,COVID,Normal,0.033397234976291656,2.1498199203051627e-05,0.9665812849998474,5.3066223415498825e-08,,,
/kaggle/input/datasets/tawsifurrahman/covid19-radiography-database/COVID-19_Radiography_Dataset/COVID/images/COVID-1985.png,COVID,COVID,0.9259939789772034,0.05428502336144447,0.005468115210533142,0.014252853579819202,,,
/kaggle/input/datasets/tawsifurrahman/covid19-radiography-database/COVID-19_Radiography_Dataset/COVID/images/COVID-2004.png,COVID,COVID,0.9999569654464722,1.475296539865667e-05,2.8305506930337287e-05,5.161682992138594e-08,,,
/kaggle/input/datasets/tawsifurrahman/covid19-radiography-database/COVID-19_Radiography_Dataset/COVID/images/COVID-2005.png,COVID,COVID,0.9983671307563782,0.0013849240494892001,0.0002478337846696377,1.2899826629109157e-07,,,
/kaggle/input/datasets/tawsifurrahman/covid19-radiography-database/COVID-19_Radiography_Dataset/COVID/images/COVID-2014.png,COVID,COVID,0.7281660437583923,0.2717239260673523,0.00010431102418806404,5.6959893299790565e-06,,0.1661699414253235,0.1661699414253235
/kaggle/input/datasets/tawsifurrahman/covid19-radiography-database/COVID-19_Radiography_Dataset/COVID/images/COVID-2015.png,COVID,COVID,0.9861404895782471,0.013325579464435577,0.0005192129174247384,1.4697113329020794e-05,,,
/kaggle/input/datasets/tawsifurrahman/covid19-radiography-database/COVID-19_Radiography_Dataset/COVID/images/COVID-2020.png,COVID,COVID,0.9999996423721313,2.810271837461187e-07,1.952018768847097e-09,1.8349597397104844e-08,,0.3102295398712158,0.3102295398712158
/kaggle/input/datasets/tawsifurrahman/covid19-radiography-database/COVID-19_Radiography_Dataset/COVID/images/COVID-2023.png,COVID,COVID,0.9987694621086121,0.0010070959106087685,0.00022308767074719071,2.832489656157122e-07,,,
/kaggle/input/datasets/tawsifurrahman/covid19-radiography-database/COVID-19_Radiography_Dataset/COVID/images/COVID-2024.png,COVID,COVID,0.9999949932098389,1.3310984741110587e-06,3.474261120572919e-06,1.69472770039647e-07,,0.24850188195705414,0.24850188195705414
/kaggle/input/datasets/tawsifurrahman/covid19-radiography-database/COVID-19_Radiography_Dataset/COVID/images/COVID-2029.png,COVID,Normal,0.20978933572769165,0.006534696090966463,0.7833854556083679,0.00029044237453490496,,,
/kaggle/input/datasets/tawsifurrahman/covid19-radiography-database/COVID-19_Radiography_Dataset/COVID/images/COVID-2033.png,COVID,COVID,0.7603159546852112,0.004156084265559912,0.23504763841629028,0.0004802387556992471,,,
/kaggle/input/datasets/tawsifurrahman/covid19-radiography-database/COVID-19_Radiography_Dataset/COVID/images/COVID-2040.png,COVID,COVID,0.993370532989502,0.00011836751218652353,0.006472957320511341,3.823131919489242e-05,,,
/kaggle/input/datasets/tawsifurrahman/covid19-radiography-database/COVID-19_Radiography_Dataset/COVID/images/COVID-2042.png,COVID,COVID,0.9980508089065552,0.00017480357200838625,0.0017715452704578638,2.8741978894686326e-06,,0.40839096903800964,0.40839096903800964
/kaggle/input/datasets/tawsifurrahman/covid19-radiography-database/COVID-19_Radiography_Dataset/COVID/images/COVID-205.png,COVID,COVID,0.9999582767486572,3.291760322099435e-06,3.8379370380425826e-05,7.337303742360746e-08,,,
/kaggle/input/datasets/tawsifurrahman/covid19-radiography-database/COVID-19_Radiography_Dataset/COVID/images/COVID-2060.png,COVID,COVID,0.9732935428619385,0.0020099254325032234,0.006214350927621126,0.01848214492201805,,,
/kaggle/input/datasets/tawsifurrahman/covid19-radiography-database/COVID-19_Radiography_Dataset/COVID/images/COVID-2063.png,COVID,COVID,0.9992313385009766,0.0007663948344998062,3.079235852965212e-07,1.9084752693743212e-06,,0.1883249580860138,0.1883249580860138
/kaggle/input/datasets/tawsifurrahman/covid19-radiography-database/COVID-19_Radiography_Dataset/COVID/images/COVID-2064.png,COVID,COVID,0.9999446868896484,1.0102472515427507e-05,5.5469913604611065e-06,3.95864735764917e-05,,,
/kaggle/input/datasets/tawsifurrahman/covid19-radiography-database/COVID-19_Radiography_Dataset/COVID/images/COVID-2070.png,COVID,COVID,0.996970534324646,0.00041010533459484577,0.0026096650399267673,9.624081030779053e-06,,0.23630303144454956,0.23630303144454956
/kaggle/input/datasets/tawsifurrahman/covid19-radiography-database/COVID-19_Radiography_Dataset/COVID/images/COVID-2076.png,COVID,COVID,0.9991758465766907,0.0003119006287306547,0.0005119303241372108,2.75969256335884e-07,,,
/kaggle/input/datasets/tawsifurrahman/covid19-radiography-database/COVID-19_Radiography_Dataset/COVID/images/COVID-2087.png,COVID,COVID,0.9782005548477173,0.0003793365613091737,0.01791902258992195,0.0035011551808565855,,,
/kaggle/input/datasets/tawsifurrahman/covid19-radiography-database/COVID-19_Radiography_Dataset/COVID/images/COVID-209.png,COVID,COVID,0.8455077409744263,0.09799282252788544,0.05644014850258827,5.927873280597851e-05,,0.15506258606910706,0.15506258606910706
/kaggle/input/datasets/tawsifurrahman/covid19-radiography-database/COVID-19_Radiography_Dataset/COVID/images/COVID-2095.png,COVID,COVID,0.99974125623703,3.817077958956361e-05,0.00021963923063594848,9.076489391190989e-07,,0.3231287896633148,0.3231287896633148
/kaggle/input/datasets/tawsifurrahman/covid19-radiography-database/COVID-19_Radiography_Dataset/COVID/images/COVID-2096.png,COVID,COVID,0.9999977350234985,3.794654332978098e-07,1.8526986877986928e-06,2.9026953063393535e-10,,0.3481927216053009,0.3481927216053009
/kaggle/input/datasets/tawsifurrahman/covid19-radiography-database/COVID-19_Radiography_Dataset/COVID/images/COVID-2114.png,COVID,COVID,0.9999995231628418,4.911199198431859e-07,2.6315936096921178e-08,8.333863599219171e-10,,,
/kaggle/input/datasets/tawsifurrahman/covid19-radiography-database/COVID-19_Radiography_Dataset/COVID/images/COVID-2117.png,COVID,COVID,0.9987794756889343,0.0001785965432645753,0.001009324099868536,3.263346661697142e-05,,,
/kaggle/input/datasets/tawsifurrahman/covid19-radiography-database/COVID-19_Radiography_Dataset/COVID/images/COVID-2123.png,COVID,COVID,0.9980431795120239,0.0002445810823701322,0.0010329214856028557,0.0006792850326746702,,,
/kaggle/input/datasets/tawsifurrahman/covid19-radiography-database/COVID-19_Radiography_Dataset/COVID/images/COVID-2125.png,COVID,COVID,0.9999673366546631,2.740594936767593e-05,5.304299065755913e-06,5.321553864234829e-09,,,
/kaggle/input/datasets/tawsifurrahman/covid19-radiography-database/COVID-19_Radiography_Dataset/COVID/images/COVID-2129.png,COVID,COVID,0.9913478493690491,0.008016764186322689,0.0006351311458274722,3.1023193969303975e-07,,,
/kaggle/input/datasets/tawsifurrahman/covid19-radiography-database/COVID-19_Radiography_Dataset/COVID/images/COVID-2147.png,COVID,COVID,0.9706599116325378,0.023544592782855034,0.0032088691368699074,0.0025865815114229918,,,
/kaggle/input/datasets/tawsifurrahman/covid19-radiography-database/COVID-19_Radiography_Dataset/COVID/images/COVID-2150.png,COVID,COVID,0.9967484474182129,0.002912333933636546,0.000338648067554459,5.548697004087444e-07,,0.34122058749198914,0.34122058749198914
/kaggle/input/datasets/tawsifurrahman/covid19-radiography-database/COVID-19_Radiography_Dataset/COVID/images/COVID-2160.png,COVID,COVID,0.9784725904464722,0.004127433057874441,0.017380978912115097,1.8997303413925692e-05,,0.21246401965618134,0.21246401965618134
/kaggle/input/datasets/tawsifurrahman/covid19-radiography-database/COVID-19_Radiography_Dataset/COVID/images/COVID-2163.png,COVID,COVID,0.9999700784683228,1.6713261175027583e-07,1.4988853536124225e-06,2.8180362278362736e-05,,0.19292697310447693,0.19292697310447693
/kaggle/input/datasets/tawsifurrahman/covid19-radiography-database/COVID-19_Radiography_Dataset/COVID/images/COVID-2165.png,COVID,COVID,0.9908081889152527,0.005353339482098818,0.00346713000908494,0.0003714155755005777,,,
/kaggle/input/datasets/tawsifurrahman/covid19-radiography-database/COVID-19_Radiography_Dataset/COVID/images/COVID-218.png,COVID,COVID,0.9999997615814209,2.219062480435241e-07,7.476419483509744e-09,5.846051975844091e-10,,,
/kaggle/input/datasets/tawsifurrahman/covid19-radiography-database/COVID-19_Radiography_Dataset/COVID/images/COVID-2197.png,COVID,COVID,0.9982103109359741,4.405147774377838e-05,0.00019701255951076746,0.0015486141201108694,,0.3345739245414734,0.3345739245414734
/kaggle/input/datasets/tawsifurrahman/covid19-radiography-database/COVID-19_Radiography_Dataset/COVID/images/COVID-220.png,COVID,COVID,0.9999082088470459,1.3178405424696393e-05,2.2368061763700098e-05,5.619990042760037e-05,,,
/kaggle/input/datasets/tawsifurrahman/covid19-radiography-database/COVID-19_Radiography_Dataset/COVID/images/COVID-2206.png,COVID,COVID,0.9994381070137024,7.206889858935028e-05,0.0004889977863058448,8.727808449293661e-07,,0.39591261744499207,0.39591261744499207
/kaggle/input/datasets/tawsifurrahman/covid19-radiography-database/COVID-19_Radiography_Dataset/COVID/images/COVID-2211.png,COVID,COVID,0.9999750852584839,4.841670033783885e-06,1.0026017207565019e-06,1.912256993819028e-05,,,
/kaggle/input/datasets/tawsifurrahman/covid19-radiography-database/COVID-19_Radiography_Dataset/COVID/images/COVID-2220.png,COVID,COVID,0.9999587535858154,2.5237071895389818e-05,1.53275814227527e-05,6.101785174905672e-07,,0.33406490087509155,0.33406490087509155
/kaggle/input/datasets/tawsifurrahman/covid19-radiography-database/COVID-19_Radiography_Dataset/COVID/images/COVID-2225.png,COVID,COVID,0.9981410503387451,0.00085977662820369,0.00013892338029108942,0.0008601989829912782,,0.23632018268108368,0.23632018268108368
/kaggle/input/datasets/tawsifurrahman/covid19-radiography-database/COVID-19_Radiography_Dataset/COVID/images/COVID-2229.png,COVID,COVID,0.9440195560455322,0.039891038089990616,0.016057224944233894,3.2214695238508284e-05,,,
/kaggle/input/datasets/tawsifurrahman/covid19-radiography-database/COVID-19_Radiography_Dataset/COVID/images/COVID-2232.png,COVID,COVID,0.995932400226593,0.004036652389913797,3.054633634747006e-05,4.2885480411314347e-07,,0.24430690705776215,0.24430690705776215
/kaggle/input/datasets/tawsifurrahman/covid19-radiography-database/COVID-19_Radiography_Dataset/COVID/images/COVID-2233.png,COVID,COVID,0.999822199344635,9.567123925080523e-06,0.00014186531188897789,2.6417363187647425e-05,,0.43024900555610657,0.43024900555610657
/kaggle/input/datasets/tawsifurrahman/covid19-radiography-database/COVID-19_Radiography_Dataset/COVID/images/COVID-225.png,COVID,COVID,0.9999728202819824,1.596752008481417e-05,1.1219372936466243e-05,2.6470988956361907e-08,,,
/kaggle/input/datasets/tawsifurrahman/covid19-radiography-database/COVID-19_Radiography_Dataset/COVID/images/COVID-2255.png,COVID,COVID,0.9991598129272461,4.501869261730462e-05,0.0007940237992443144,1.2111908063161536e-06,,,
/kaggle/input/datasets/tawsifurrahman/covid19-radiography-database/COVID-19_Radiography_Dataset/COVID/images/COVID-2267.png,COVID,COVID,0.9997298121452332,0.0002503622090443969,1.7193486200994812e-05,2.651788690855028e-06,,,
/kaggle/input/datasets/tawsifurrahman/covid19-radiography-database/COVID-19_Radiography_Dataset/COVID/images/COVID-2284.png,COVID,Normal,0.27116668224334717,0.004624191205948591,0.7240234017372131,0.0001858342147897929,,,
/kaggle/input/datasets/tawsifurrahman/covid19-radiography-database/COVID-19_Radiography_Dataset/COVID/images/COVID-2293.png,COVID,COVID,0.9976946711540222,9.224377208738588e-07,0.0016166368732228875,0.0006877169944345951,,,
/kaggle/input/datasets/tawsifurrahman/covid19-radiography-database/COVID-19_Radiography_Dataset/COVID/images/COVID-2294.png,COVID,COVID,0.9991959929466248,0.0003017954877577722,0.00040287605952471495,9.93650101008825e-05,,,
/kaggle/input/datasets/tawsifurrahman/covid19-radiography-database/COVID-19_Radiography_Dataset/COVID/images/COVID-2295.png,COVID,Normal,0.1468213051557541,0.35644182562828064,0.44490665197372437,0.05183020606637001,,0.2708507776260376,0.2708507776260376
/kaggle/input/datasets/tawsifurrahman/covid19-radiography-database/COVID-19_Radiography_Dataset/COVID/images/COVID-2298.png,COVID,COVID,0.9999940395355225,1.608429784027976e-06,3.144623761386356e-08,4.347397407400422e-06,,,
/kaggle/input/datasets/tawsifurrahman/covid19-radiography-database/COVID-19_Radiography_Dataset/COVID/images/COVID-2310.png,COVID,COVID,0.9999897480010986,3.1741831207909854e-06,6.825345280958572e-06,2.978741235892812e-07,,,
/kaggle/input/datasets/tawsifurrahman/covid19-radiography-database/COVID-19_Radiography_Dataset/COVID/images/COVID-2334.png,COVID,COVID,0.997553288936615,0.0021123308688402176,3.1833960747462697e-06,0.00033113229437731206,,,
/kaggle/input/datasets/tawsifurrahman/covid19-radiography-database/COVID-19_Radiography_Dataset/COVID/images/COVID-2335.png,COVID,COVID,0.9737541675567627,8.958177932072431e-05,0.026093268766999245,6.289739394560456e-05,,,
/kaggle/input/datasets/tawsifurrahman/covid19-radiography-database/COVID-19_Radiography_Dataset/COVID/images/COVID-2339.png,COVID,COVID,0.9424833655357361,0.00096991186728701,0.055913425981998444,0.0006332981865853071,,,
/kaggle/input/datasets/tawsifurrahman/covid19-radiography-database/COVID-19_Radiography_Dataset/COVID/images/COVID-2342.png,COVID,COVID,0.9976027607917786,0.002301865490153432,9.36637370614335e-05,1.7275420987061807e-06,,,
/kaggle/input/datasets/tawsifurrahman/covid19-radiography-database/COVID-19_Radiography_Dataset/COVID/images/COVID-2344.png,COVID,Normal,0.4572061002254486,0.0048907166346907616,0.5378977656364441,5.337898983270861e-06,,,
/kaggle/input/datasets/tawsifurrahman/covid19-radiography-database/COVID-19_Radiography_Dataset/COVID/images/COVID-2345.png,COVID,COVID,0.9887209534645081,0.0031826619524508715,0.004112945403903723,0.003983520902693272,,,
/kaggle/input/datasets/tawsifurrahman/covid19-radiography-database/COVID-19_Radiography_Dataset/COVID/images/COVID-2349.png,COVID,COVID,0.9846141338348389,0.0033045390155166388,0.0017468102741986513,0.01033459696918726,,,
/kaggle/input/datasets/tawsifurrahman/covid19-radiography-database/COVID-19_Radiography_Dataset/COVID/images/COVID-2352.png,COVID,COVID,0.9136170744895935,0.0790557861328125,0.0073271761648356915,4.8434930732810244e-08,,,
/kaggle/input/datasets/tawsifurrahman/covid19-radiography-database/COVID-19_Radiography_Dataset/COVID/images/COVID-2362.png,COVID,COVID,0.9999998807907104,1.4110038648595946e-07,1.128194249133685e-08,1.5318651902518354e-09,,,
/kaggle/input/datasets/tawsifurrahman/covid19-radiography-database/COVID-19_Radiography_Dataset/COVID/images/COVID-2363.png,COVID,COVID,0.9204362034797668,0.07818752527236938,0.0013609009329229593,1.5404240912175737e-05,,,
/kaggle/input/datasets/tawsifurrahman/covid19-radiography-database/COVID-19_Radiography_Dataset/COVID/images/COVID-2366.png,COVID,COVID,0.9991509914398193,0.0005824131658300757,0.00026545108994469047,1.0554796290307422e-06,,,
/kaggle/input/datasets/tawsifurrahman/covid19-radiography-database/COVID-19_Radiography_Dataset/COVID/images/COVID-2367.png,COVID,Normal,0.09543800354003906,0.0867362916469574,0.8175527453422546,0.00027299567591398954,,,
/kaggle/input/datasets/tawsifurrahman/covid19-radiography-database/COVID-19_Radiography_Dataset/COVID/images/COVID-2377.png,COVID,COVID,0.9997226595878601,8.465710561722517e-05,5.993649028823711e-05,0.00013268635666463524,,0.33434808254241943,0.33434808254241943
/kaggle/input/datasets/tawsifurrahman/covid19-radiography-database/COVID-19_Radiography_Dataset/COVID/images/COVID-238.png,COVID,COVID,0.9999829530715942,1.7003136235871352e-05,7.513389910229762e-09,4.102758063839751e-11,,0.2550584375858307,0.2550584375858307
/kaggle/input/datasets/tawsifurrahman/covid19-radiography-database/COVID-19_Radiography_Dataset/COVID/images/COVID-2385.png,COVID,COVID,0.993071973323822,8.931933552958071e-05,0.006817080080509186,2.1588521121884696e-05,,0.3390978276729584,0.3390978276729584
/kaggle/input/datasets/tawsifurrahman/covid19-radiography-database/COVID-19_Radiography_Dataset/COVID/images/COVID-2386.png,COVID,COVID,0.9936962723731995,0.005213987082242966,0.0010875118896365166,2.148421117453836e-06,,0.3749457001686096,0.3749457001686096
/kaggle/input/datasets/tawsifurrahman/covid19-radiography-database/COVID-19_Radiography_Dataset/COVID/images/COVID-2387.png,COVID,COVID,0.9956645369529724,0.00018558543524704874,0.004097034689038992,5.285004954203032e-05,,,
/kaggle/input/datasets/tawsifurrahman/covid19-radiography-database/COVID-19_Radiography_Dataset/COVID/images/COVID-2393.png,COVID,COVID,0.6196164488792419,0.009888939559459686,0.3703474998474121,0.00014708359958603978,,,
/kaggle/input/datasets/tawsifurrahman/covid19-radiography-database/COVID-19_Radiography_Dataset/COVID/images/COVID-241.png,COVID,COVID,0.9999754428863525,2.385830885032192e-05,6.782017862860812e-07,6.352895987049578e-09,,,
/kaggle/input/datasets/tawsifurrahman/covid19-radiography-database/COVID-19_Radiography_Dataset/COVID/images/COVID-2412.png,COVID,COVID,0.9992740750312805,1.844251892180182e-05,0.0007042346405796707,3.2403131626779214e-06,,,
/kaggle/input/datasets/tawsifurrahman/covid19-radiography-database/COVID-19_Radiography_Dataset/COVID/images/COVID-2425.png,COVID,COVID,0.9994624257087708,0.0005286071682348847,8.876782885636203e-06,1.2292328932517194e-08,,,
/kaggle/input/datasets/tawsifurrahman/covid19-radiography-database/COVID-19_Radiography_Dataset/COVID/images/COVID-2442.png,COVID,COVID,0.9995548129081726,6.382174433383625e-06,1.7887047931708366e-07,0.0004385060165077448,,,
/kaggle/input/datasets/tawsifurrahman/covid19-radiography-database/COVID-19_Radiography_Dataset/COVID/images/COVID-2454.png,COVID,COVID,0.9715858101844788,0.012073962017893791,0.0013754124520346522,0.014964823611080647,,,
/kaggle/input/datasets/tawsifurrahman/covid19-radiography-database/COVID-19_Radiography_Dataset/COVID/images/COVID-2466.png,COVID,COVID,0.9932451844215393,0.0011723075294867158,0.005471701733767986,0.00011078980605816469,,0.2148030549287796,0.2148030549287796
/kaggle/input/datasets/tawsifurrahman/covid19-radiography-database/COVID-19_Radiography_Dataset/COVID/images/COVID-2469.png,COVID,COVID,0.9805243015289307,4.2861225665546954e-05,0.01927277445793152,0.00016009158571250737,,,
/kaggle/input/datasets/tawsifurrahman/covid19-radiography-database/COVID-19_Radiography_Dataset/COVID/images/COVID-2471.png,COVID,COVID,0.9993840456008911,0.0006104519125074148,5.518372290680418e-06,2.1011539175219696e-08,,,
/kaggle/input/datasets/tawsifurrahman/covid19-radiography-database/COVID-19_Radiography_Dataset/COVID/images/COVID-2473.png,COVID,COVID,0.9999833106994629,1.5744213669677265e-05,2.8066835966455983e-08,9.771819122761372e-07,,0.3489302694797516,0.3489302694797516
/kaggle/input/datasets/tawsifurrahman/covid19-radiography-database/COVID-19_Radiography_Dataset/COVID/images/COVID-2496.png,COVID,COVID,0.9995230436325073,0.00047600470134057105,2.140325108257457e-07,6.771480229872395e-07,,,
/kaggle/input/datasets/tawsifurrahman/covid19-radiography-database/COVID-19_Radiography_Dataset/COVID/images/COVID-2497.png,COVID,COVID,0.9744631052017212,0.02547508291900158,3.83705337299034e-05,2.3478287403122522e-05,,,
/kaggle/input/datasets/tawsifurrahman/covid19-radiography-database/COVID-19_Radiography_Dataset/COVID/images/COVID-250.png,COVID,COVID,0.9999281167984009,2.7083891836809926e-05,3.884799298248254e-06,4.08954183512833e-05,,,
/kaggle/input/datasets/tawsifurrahman/covid19-radiography-database/COVID-19_Radiography_Dataset/COVID/images/COVID-2504.png,COVID,COVID,0.9999994039535522,3.0441775322742615e-08,6.321886303339852e-07,9.35396560208801e-09,,,
/kaggle/input/datasets/tawsifurrahman/covid19-radiography-database/COVID-19_Radiography_Dataset/COVID/images/COVID-2509.png,COVID,COVID,0.9806838631629944,8.984639134723693e-05,0.01919851452112198,2.7732825401471928e-05,,,
/kaggle/input/datasets/tawsifurrahman/covid19-radiography-database/COVID-19_Radiography_Dataset/COVID/images/COVID-251.png,COVID,COVID,0.8059206604957581,0.1929541975259781,0.0010893851285800338,3.578448013286106e-05,,,
/kaggle/input/datasets/tawsifurrahman/covid19-radiography-database/COVID-19_Radiography_Dataset/COVID/images/COVID-2510.png,COVID,COVID,0.9999822378158569,3.0965493351686746e-06,1.4534404726873618e-05,7.362418585898922e-08,,,
/kaggle/input/datasets/tawsifurrahman/covid19-radiography-database/COVID-19_Radiography_Dataset/COVID/images/COVID-2515.png,COVID,COVID,0.9902149438858032,0.004222413059324026,0.004977838601917028,0.0005847476422786713,,,
/kaggle/input/datasets/tawsifurrahman/covid19-radiography-database/COVID-19_Radiography_Dataset/COVID/images/COVID-2517.png,COVID,COVID,0.9709635972976685,0.004952062387019396,0.023637082427740097,0.0004471875145100057,,,
/kaggle/input/datasets/tawsifurrahman/covid19-radiography-database/COVID-19_Radiography_Dataset/COVID/images/COVID-2522.png,COVID,COVID,0.9997875094413757,5.259337558527477e-05,0.00015579113096464425,4.120260655327002e-06,,,
/kaggle/input/datasets/tawsifurrahman/covid19-radiography-database/COVID-19_Radiography_Dataset/COVID/images/COVID-2524.png,COVID,COVID,0.9998921155929565,3.935872882721014e-05,6.811501953052357e-05,4.4674325749838317e-07,,0.20189201831817627,0.20189201831817627
/kaggle/input/datasets/tawsifurrahman/covid19-radiography-database/COVID-19_Radiography_Dataset/COVID/images/COVID-2525.png,COVID,COVID,0.8925629258155823,0.008819438517093658,0.0981559008359909,0.0004618004022631794,,,
/kaggle/input/datasets/tawsifurrahman/covid19-radiography-database/COVID-19_Radiography_Dataset/COVID/images/COVID-2528.png,COVID,COVID,0.9980188608169556,0.0009319744422100484,0.0010278498521074653,2.135900103894528e-05,,,
/kaggle/input/datasets/tawsifurrahman/covid19-radiography-database/COVID-19_Radiography_Dataset/COVID/images/COVID-2535.png,COVID,COVID,0.9999760389328003,2.3299957319977693e-05,2.99873448739163e-07,2.982367277581943e-07,,0.3165539503097534,0.3165539503097534
/kaggle/input/datasets/tawsifurrahman/covid19-radiography-database/COVID-19_Radiography_Dataset/COVID/images/COVID-2542.png,COVID,COVID,0.9995865225791931,0.0001292538654524833,0.0002236360451206565,6.061901513021439e-05,,0.2946043908596039,0.2946043908596039
/kaggle/input/datasets/tawsifurrahman/covid19-radiography-database/COVID-19_Radiography_Dataset/COVID/images/COVID-2546.png,COVID,COVID,0.9999228715896606,2.8502579880296253e-05,1.4174077477946412e-05,3.439471038291231e-05,,,
/kaggle/input/datasets/tawsifurrahman/covid19-radiography-database/COVID-19_Radiography_Dataset/COVID/images/COVID-2549.png,COVID,COVID,0.9409881234169006,0.01600845716893673,0.04287264868617058,0.000130789601826109,,,
/kaggle/input/datasets/tawsifurrahman/covid19-radiography-database/COVID-19_Radiography_Dataset/COVID/images/COVID-256.png,COVID,COVID,0.9992499947547913,7.542553248640615e-07,5.2362916903803125e-05,0.0006968551897443831,,,
/kaggle/input/datasets/tawsifurrahman/covid19-radiography-database/COVID-19_Radiography_Dataset/COVID/images/COVID-2575.png,COVID,COVID,0.9991117119789124,0.00026257947320118546,0.0006255337502807379,1.2035832241963362e-07,,,
/kaggle/input/datasets/tawsifurrahman/covid19-radiography-database/COVID-19_Radiography_Dataset/COVID/images/COVID-2577.png,COVID,COVID,0.9998466968536377,2.4609364118077792e-05,0.0001274578826269135,1.2311289765420952e-06,,,
/kaggle/input/datasets/tawsifurrahman/covid19-radiography-database/COVID-19_Radiography_Dataset/COVID/images/COVID-2580.png,COVID,COVID,0.9998487234115601,0.00014570842904504389,4.996955340175191e-06,4.938250981467718e-07,,0.2626429796218872,0.2626429796218872
/kaggle/input/datasets/tawsifurrahman/covid19-radiography-database/COVID-19_Radiography_Dataset/COVID/images/COVID-2581.png,COVID,COVID,0.9989251494407654,0.0006805232842452824,0.0002098345576087013,0.00018450635252520442,,,
/kaggle/input/datasets/tawsifurrahman/covid19-radiography-database/COVID-19_Radiography_Dataset/COVID/images/COVID-2582.png,COVID,COVID,1.0,2.7164723803707602e-08,1.3770508289212557e-08,2.028641032936207e-09,,,
/kaggle/input/datasets/tawsifurrahman/covid19-radiography-database/COVID-19_Radiography_Dataset/COVID/images/COVID-2584.png,COVID,COVID,0.9999916553497314,3.7398770018626237e-06,2.145205144188367e-06,2.513458184694173e-06,,,
/kaggle/input/datasets/tawsifurrahman/covid19-radiography-database/COVID-19_Radiography_Dataset/COVID/images/COVID-2601.png,COVID,COVID,0.9913678765296936,0.0002780431241262704,0.008354035206139088,5.08957533895682e-08,,,
/kaggle/input/datasets/tawsifurrahman/covid19-radiography-database/COVID-19_Radiography_Dataset/COVID/images/COVID-2602.png,COVID,COVID,0.999121367931366,4.92067847517319e-05,0.0006605127127841115,0.00016884991782717407,,0.2493916004896164,0.2493916004896164
/kaggle/input/datasets/tawsifurrahman/covid19-radiography-database/COVID-19_Radiography_Dataset/COVID/images/COVID-2615.png,COVID,COVID,0.99112468957901,0.003991787321865559,0.0004149450396653265,0.004468567669391632,,0.25037604570388794,0.25037604570388794
/kaggle/input/datasets/tawsifurrahman/covid19-radiography-database/COVID-19_Radiography_Dataset/COVID/images/COVID-2624.png,COVID,COVID,0.9745374917984009,0.022194841876626015,0.0032557479571551085,1.1974976587225683e-05,,,
/kaggle/input/datasets/tawsifurrahman/covid19-radiography-database/COVID-19_Radiography_Dataset/COVID/images/COVID-2628.png,COVID,COVID,0.9999741315841675,7.682374416617677e-06,1.7612001101952046e-05,4.862077958023292e-07,,,
/kaggle/input/datasets/tawsifurrahman/covid19-radiography-database/COVID-19_Radiography_Dataset/COVID/images/COVID-2633.png,COVID,COVID,0.997717022895813,0.0004806217039003968,0.00033831183100119233,0.0014640622539445758,,,
/kaggle/input/datasets/tawsifurrahman/covid19-radiography-database/COVID-19_Radiography_Dataset/COVID/images/COVID-2644.png,COVID,COVID,0.9585933089256287,0.015314098447561264,0.02606796845793724,2.4553479306632653e-05,,,
/kaggle/input/datasets/tawsifurrahman/covid19-radiography-database/COVID-19_Radiography_Dataset/COVID/images/COVID-2653.png,COVID,COVID,0.9972695708274841,0.001439848798327148,0.0012893262319266796,1.2393985571179655e-06,,,
/kaggle/input/datasets/tawsifurrahman/covid19-radiography-database/COVID-19_Radiography_Dataset/COVID/images/COVID-2666.png,COVID,COVID,0.9961028099060059,0.0006145329098217189,0.0032764808274805546,6.18838475929806e-06,,,
/kaggle/input/datasets/tawsifurrahman/covid19-radiography-database/COVID-19_Radiography_Dataset/COVID/images/COVID-2669.png,COVID,COVID,0.9467280507087708,0.001921359682455659,0.05133241042494774,1.809424429666251e-05,,,
/kaggle/input/datasets/tawsifurrahman/covid19-radiography-database/COVID-19_Radiography_Dataset/COVID/images/COVID-267.png,COVID,COVID,0.999980092048645,1.9718039766303264e-05,2.5618155063966697e-07,1.0697017494010197e-08,,0.3038746416568756,0.3038746416568756
/kaggle/input/datasets/tawsifurrahman/covid19-radiography-database/COVID-19_Radiography_Dataset/COVID/images/COVID-2687.png,COVID,COVID,0.9959057569503784,0.003740242449566722,0.0003502211475279182,3.771517413042602e-06,,0.25414541363716125,0.25414541363716125
/kaggle/input/datasets/tawsifurrahman/covid19-radiography-database/COVID-19_Radiography_Dataset/COVID/images/COVID-2692.png,COVID,Normal,0.26999029517173767,0.0007697237306274474,0.7291029691696167,0.0001370129903079942,,,
/kaggle/input/datasets/tawsifurrahman/covid19-radiography-database/COVID-19_Radiography_Dataset/COVID/images/COVID-2698.png,COVID,COVID,0.9913355708122253,0.001323720091022551,0.007013683207333088,0.00032708095386624336,,0.3002859055995941,0.3002859055995941
/kaggle/input/datasets/tawsifurrahman/covid19-radiography-database/COVID-19_Radiography_Dataset/COVID/images/COVID-2704.png,COVID,COVID,0.9998090863227844,0.00017993987421505153,1.0113063581229653e-05,9.086563181881502e-07,,,
/kaggle/input/datasets/tawsifurrahman/covid19-radiography-database/COVID-19_Radiography_Dataset/COVID/images/COVID-2708.png,COVID,COVID,0.9999920129776001,7.967329111124855e-06,8.872863332953784e-09,7.290432701978489e-10,,,
/kaggle/input/datasets/tawsifurrahman/covid19-radiography-database/COVID-19_Radiography_Dataset/COVID/images/COVID-2711.png,COVID,COVID,0.7190842628479004,0.00229279906488955,0.27698904275894165,0.001633911277167499,,,
/kaggle/input/datasets/tawsifurrahman/covid19-radiography-database/COVID-19_Radiography_Dataset/COVID/images/COVID-2714.png,COVID,COVID,0.9999880790710449,2.876573717003339e-06,6.841756203357363e-06,2.2025988073437475e-06,,,
/kaggle/input/datasets/tawsifurrahman/covid19-radiography-database/COVID-19_Radiography_Dataset/COVID/images/COVID-2716.png,COVID,COVID,0.9999946355819702,2.3272373255167622e-06,1.0105771508506223e-07,2.8700051188934594e-06,,,
/kaggle/input/datasets/tawsifurrahman/covid19-radiography-database/COVID-19_Radiography_Dataset/COVID/images/COVID-2724.png,COVID,COVID,0.9994021654129028,1.3525454960472416e-06,0.0005963321891613305,2.3862148168518615e-07,,,
/kaggle/input/datasets/tawsifurrahman/covid19-radiography-database/COVID-19_Radiography_Dataset/COVID/images/COVID-273.png,COVID,COVID,0.8332867622375488,0.02749074622988701,0.13832175731658936,0.0009007318294607103,,,
/kaggle/input/datasets/tawsifurrahman/covid19-radiography-database/COVID-19_Radiography_Dataset/COVID/images/COVID-2736.png,COVID,COVID,0.9596974849700928,0.005503376014530659,0.03462303429841995,0.00017608358757570386,,0.43102940917015076,0.43102940917015076
/kaggle/input/datasets/tawsifurrahman/covid19-radiography-database/COVID-19_Radiography_Dataset/COVID/images/COVID-2737.png,COVID,COVID,0.9881924986839294,0.001406270544975996,0.010269281454384327,0.00013202420086599886,,,
/kaggle/input/datasets/tawsifurrahman/covid19-radiography-database/COVID-19_Radiography_Dataset/COVID/images/COVID-2740.png,COVID,COVID,0.9993669390678406,5.6725559261394665e-05,0.0005760526400990784,3.3311951597170264e-07,,,
/kaggle/input/datasets/tawsifurrahman/covid19-radiography-database/COVID-19_Radiography_Dataset/COVID/images/COVID-2759.png,COVID,COVID,0.9999618530273438,1.9645996871986426e-05,3.06152116991143e-07,1.8127555449609645e-05,,,
/kaggle/input/datasets/tawsifurrahman/covid19-radiography-database/COVID-19_Radiography_Dataset/COVID/images/COVID-2761.png,COVID,COVID,0.9999767541885376,2.240685535070952e-05,7.035935141175287e-07,6.930536500249218e-08,,,
/kaggle/input/datasets/tawsifurrahman/covid19-radiography-database/COVID-19_Radiography_Dataset/COVID/images/COVID-2762.png,COVID,COVID,0.9999396800994873,5.943902215221897e-05,3.8164992588463065e-07,5.649216632264142e-07,,0.216188445687294,0.216188445687294
/kaggle/input/datasets/tawsifurrahman/covid19-radiography-database/COVID-19_Radiography_Dataset/COVID/images/COVID-2770.png,COVID,COVID,0.9999338388442993,1.3582966857939027e-05,4.380798418424092e-05,8.70477106218459e-06,,0.31065115332603455,0.31065115332603455
/kaggle/input/datasets/tawsifurrahman/covid19-radiography-database/COVID-19_Radiography_Dataset/COVID/images/COVID-2771.png,COVID,COVID,0.9998887777328491,7.96949680079706e-05,2.861138818843756e-05,2.8606650630536024e-06,,,
/kaggle/input/datasets/tawsifurrahman/covid19-radiography-database/COVID-19_Radiography_Dataset/COVID/images/COVID-2776.png,COVID,COVID,0.9729698896408081,0.00609320355579257,0.00028431674581952393,0.020652547478675842,,,
/kaggle/input/datasets/tawsifurrahman/covid19-radiography-database/COVID-19_Radiography_Dataset/COVID/images/COVID-2778.png,COVID,COVID,0.8308963179588318,0.0037806120235472918,0.1652691811323166,5.379968206398189e-05,,0.3552694618701935,0.3552694618701935
/kaggle/input/datasets/tawsifurrahman/covid19-radiography-database/COVID-19_Radiography_Dataset/COVID/images/COVID-2785.png,COVID,COVID,0.9978912472724915,0.0011802541557699442,0.0009071244858205318,2.1290827135089785e-05,,,
/kaggle/input/datasets/tawsifurrahman/covid19-radiography-database/COVID-19_Radiography_Dataset/COVID/images/COVID-2787.png,COVID,COVID,0.9703044295310974,0.00024363618285860866,0.029441675171256065,1.0218567695119418e-05,,0.09820924699306488,0.09820924699306488
/kaggle/input/datasets/tawsifurrahman/covid19-radiography-database/COVID-19_Radiography_Dataset/COVID/images/COVID-279.png,COVID,COVID,0.9486715197563171,0.04133095592260361,1.0598198059597053e-05,0.009986902587115765,,0.3958839774131775,0.3958839774131775
/kaggle/input/datasets/tawsifurrahman/covid19-radiography-database/COVID-19_Radiography_Dataset/COVID/images/COVID-2794.png,COVID,COVID,0.8108340501785278,0.0028614068869501352,0.18623362481594086,7.094153261277825e-05,,,
/kaggle/input/datasets/tawsifurrahman/covid19-radiography-database/COVID-19_Radiography_Dataset/COVID/images/COVID-2798.png,COVID,COVID,0.9936410784721375,0.006346113048493862,1.912164634632063e-06,1.0949334864562843e-05,,,
/kaggle/input/datasets/tawsifurrahman/covid19-radiography-database/COVID-19_Radiography_Dataset/COVID/images/COVID-28.png,COVID,COVID,0.9957709908485413,0.004098135512322187,7.073407323332503e-05,6.0146921896375716e-05,,,
/kaggle/input/datasets/tawsifurrahman/covid19-radiography-database/COVID-19_Radiography_Dataset/COVID/images/COVID-2804.png,COVID,COVID,0.9988493919372559,4.578441439662129e-05,0.0011046299478039145,1.327389895777742e-07,,0.39336252212524414,0.39336252212524414
/kaggle/input/datasets/tawsifurrahman/covid19-radiography-database/COVID-19_Radiography_Dataset/COVID/images/COVID-2818.png,COVID,COVID,0.7303714156150818,0.0007014551083557308,0.26892179250717163,5.3790122365171555e-06,,,
/kaggle/input/datasets/tawsifurrahman/covid19-radiography-database/COVID-19_Radiography_Dataset/COVID/images/COVID-2833.png,COVID,COVID,0.999771773815155,0.0002085458254441619,6.559664598171366e-07,1.893050102808047e-05,,,
/kaggle/input/datasets/tawsifurrahman/covid19-radiography-database/COVID-19_Radiography_Dataset/COVID/images/COVID-2841.png,COVID,COVID,0.9721896052360535,0.027773592621088028,3.235173790017143e-05,4.483994871407049e-06,,,
/kaggle/input/datasets/tawsifurrahman/covid19-radiography-database/COVID-19_Radiography_Dataset/COVID/images/COVID-2842.png,COVID,COVID,0.9928922653198242,0.006793937645852566,2.527690230635926e-05,0.00028846089844591916,,,
/kaggle/input/datasets/tawsifurrahman/covid19-radiography-database/COVID-19_Radiography_Dataset/COVID/images/COVID-2849.png,COVID,COVID,0.9997987151145935,5.940675691817887e-06,0.00019486967357806861,4.6099390260678774e-07,,0.35542333126068115,0.35542333126068115
/kaggle/input/datasets/tawsifurrahman/covid19-radiography-database/COVID-19_Radiography_Dataset/COVID/images/COVID-285.png,COVID,COVID,0.8965485692024231,0.0010786051861941814,0.10234668850898743,2.6097766749444418e-05,,0.382916659116745,0.382916659116745
/kaggle/input/datasets/tawsifurrahman/covid19-radiography-database/COVID-19_Radiography_Dataset/COVID/images/COVID-2853.png,COVID,COVID,0.999821126461029,5.090984359412687e-06,0.00017225017654709518,1.6099239701361512e-06,,,
/kaggle/input/datasets/tawsifurrahman/covid19-radiography-database/COVID-19_Radiography_Dataset/COVID/images/COVID-2855.png,COVID,COVID,0.9151638746261597,0.07378184050321579,0.011024453677237034,2.9814333174726926e-05,,,
/kaggle/input/datasets/tawsifurrahman/covid19-radiography-database/COVID-19_Radiography_Dataset/COVID/images/COVID-2860.png,COVID,COVID,0.9960753321647644,0.0007711554644629359,0.0031532442662864923,1.9586498467560887e-07,,,
/kaggle/input/datasets/tawsifurrahman/covid19-radiography-database/COVID-19_Radiography_Dataset/COVID/images/COVID-2864.png,COVID,Normal,0.2561562955379486,0.14074185490608215,0.6011433005332947,0.0019585820846259594,,,
/kaggle/input/datasets/tawsifurrahman/covid19-radiography-database/COVID-19_Radiography_Dataset/COVID/images/COVID-2867.png,COVID,COVID,0.997066080570221,0.002174683380872011,0.0007589084561914206,2.8873972723886254e-07,,,
/kaggle/input/datasets/tawsifurrahman/covid19-radiography-database/COVID-19_Radiography_Dataset/COVID/images/COVID-2872.png,COVID,COVID,0.9983770847320557,0.000260422209976241,0.0013557049678638577,6.793464308429975e-06,,0.3245338499546051,0.3245338499546051
/kaggle/input/datasets/tawsifurrahman/covid19-radiography-database/COVID-19_Radiography_Dataset/COVID/images/COVID-2879.png,COVID,COVID,0.9994862079620361,0.00021109136287122965,0.00029964817804284394,3.071580749747227e-06,,0.2393932193517685,0.2393932193517685
/kaggle/input/datasets/tawsifurrahman/covid19-radiography-database/COVID-19_Radiography_Dataset/COVID/images/COVID-2884.png,COVID,COVID,0.9992789626121521,0.00032311613904312253,0.0003801629354711622,1.782643266778905e-05,,,
/kaggle/input/datasets/tawsifurrahman/covid19-radiography-database/COVID-19_Radiography_Dataset/COVID/images/COVID-289.png,COVID,COVID,0.9999996423721313,3.1306598202718305e-07,2.6393742746932958e-09,1.5666442365613875e-08,,,
/kaggle/input/datasets/tawsifurrahman/covid19-radiography-database/COVID-19_Radiography_Dataset/COVID/images/COVID-2909.png,COVID,COVID,0.9999545812606812,3.036792151078771e-08,4.362819527159445e-05,1.735612386255525e-06,,,
/kaggle/input/datasets/tawsifurrahman/covid19-radiography-database/COVID-19_Radiography_Dataset/COVID/images/COVID-2914.png,COVID,COVID,0.9926323294639587,0.0006904540932737291,0.006677023600786924,9.266782541317298e-08,,0.19746878743171692,0.19746878743171692
/kaggle/input/datasets/tawsifurrahman/covid19-radiography-database/COVID-19_Radiography_Dataset/COVID/images/COVID-2919.png,COVID,COVID,0.9975551962852478,0.0015047736233100295,0.000934146752115339,5.912863343837671e-06,,,
/kaggle/input/datasets/tawsifurrahman/covid19-radiography-database/COVID-19_Radiography_Dataset/COVID/images/COVID-2922.png,COVID,COVID,0.985101580619812,0.0002866416471078992,0.014595335349440575,1.6462996427435428e-05,,,
/kaggle/input/datasets/tawsifurrahman/covid19-radiography-database/COVID-19_Radiography_Dataset/COVID/images/COVID-2924.png,COVID,COVID,0.9966850876808167,4.715481281891698e-06,0.0032816180028021336,2.8503969588200562e-05,,,
/kaggle/input/datasets/tawsifurrahman/covid19-radiography-database/COVID-19_Radiography_Dataset/COVID/images/COVID-2926.png,COVID,COVID,0.9750716686248779,0.019153371453285217,0.0055845556780695915,0.00019046310626436025,,0.19547422230243683,0.19547422230243683
/kaggle/input/datasets/tawsifurrahman/covid19-radiography-database/COVID-19_Radiography_Dataset/COVID/images/COVID-2927.png,COVID,COVID,0.9984912872314453,0.0003825642343144864,0.0009752463083714247,0.00015089295629877597,,,
/kaggle/input/datasets/tawsifurrahman/covid19-radiography-database/COVID-19_Radiography_Dataset/COVID/images/COVID-293.png,COVID,COVID,0.9950858950614929,0.004910286515951157,3.535051973813097e-06,1.919813712447649e-07,,0.3385700583457947,0.3385700583457947
/kaggle/input/datasets/tawsifurrahman/covid19-radiography-database/COVID-19_Radiography_Dataset/COVID/images/COVID-2943.png,COVID,COVID,0.9544854760169983,0.042832065373659134,0.0009974100394174457,0.001685015857219696,,,
/kaggle/input/datasets/tawsifurrahman/covid19-radiography-database/COVID-19_Radiography_Dataset/COVID/images/COVID-2955.png,COVID,COVID,0.9228313565254211,0.0001796731085050851,0.07675855606794357,0.00023039086954668164,,,
/kaggle/input/datasets/tawsifurrahman/covid19-radiography-database/COVID-19_Radiography_Dataset/COVID/images/COVID-2963.png,COVID,COVID,0.9898220300674438,0.0031446937937289476,0.006683994084596634,0.0003492824616841972,,,
/kaggle/input/datasets/tawsifurrahman/covid19-radiography-database/COVID-19_Radiography_Dataset/COVID/images/COVID-2968.png,COVID,COVID,0.9871788024902344,0.011039331555366516,0.0017487223958596587,3.31493210978806e-05,,,
/kaggle/input/datasets/tawsifurrahman/covid19-radiography-database/COVID-19_Radiography_Dataset/COVID/images/COVID-2971.png,COVID,COVID,0.9986990690231323,0.00011118693510070443,0.0011646165512502193,2.5175275368383154e-05,,0.4337826073169708,0.4337826073169708
/kaggle/input/datasets/tawsifurrahman/covid19-radiography-database/COVID-19_Radiography_Dataset/COVID/images/COVID-2972.png,COVID,COVID,0.9991549253463745,2.8974793622182915e-06,0.000836834660731256,5.344345026969677e-06,,,
/kaggle/input/datasets/tawsifurrahman/covid19-radiography-database/COVID-19_Radiography_Dataset/COVID/images/COVID-2977.png,COVID,COVID,0.9968185424804688,0.00045070378109812737,0.0026901743840426207,4.05229875468649e-05,,,
/kaggle/input/datasets/tawsifurrahman/covid19-radiography-database/COVID-19_Radiography_Dataset/COVID/images/COVID-2978.png,COVID,COVID,0.9999179840087891,6.415814277715981e-05,9.195165375786019e-07,1.690428143774625e-05,,,
/kaggle/input/datasets/tawsifurrahman/covid19-radiography-database/COVID-19_Radiography_Dataset/COVID/images/COVID-2980.png,COVID,COVID,0.8758218884468079,0.08292015641927719,0.02400428242981434,0.01725359447300434,,,
/kaggle/input/datasets/tawsifurrahman/covid19-radiography-database/COVID-19_Radiography_Dataset/COVID/images/COVID-2984.png,COVID,COVID,0.9999642372131348,8.231820558535219e-09,2.9497728704086512e-08,3.577177267288789e-05,,,
/kaggle/input/datasets/tawsifurrahman/covid19-radiography-database/COVID-19_Radiography_Dataset/COVID/images/COVID-2992.png,COVID,COVID,0.9910316467285156,0.008953617885708809,1.1170400284754578e-05,3.4853778743126895e-06,,0.2782486081123352,0.2782486081123352
/kaggle/input/datasets/tawsifurrahman/covid19-radiography-database/COVID-19_Radiography_Dataset/COVID/images/COVID-2995.png,COVID,COVID,0.997079610824585,0.001152750221081078,0.0007208327879197896,0.0010468788677826524,,0.2505212426185608,0.2505212426185608
/kaggle/input/datasets/tawsifurrahman/covid19-radiography-database/COVID-19_Radiography_Dataset/COVID/images/COVID-2997.png,COVID,COVID,0.7734680771827698,0.12062177062034607,0.10586486011743546,4.530202932073735e-05,,,
/kaggle/input/datasets/tawsifurrahman/covid19-radiography-database/COVID-19_Radiography_Dataset/COVID/images/COVID-3006.png,COVID,COVID,0.9991487264633179,2.3718399461358786e-05,0.0005022611585445702,0.00032531959004700184,,0.20430748164653778,0.20430748164653778
/kaggle/input/datasets/tawsifurrahman/covid19-radiography-database/COVID-19_Radiography_Dataset/COVID/images/COVID-3011.png,COVID,COVID,0.9759209752082825,6.992400449234992e-05,0.022363008931279182,0.0016460736515000463,,,
/kaggle/input/datasets/tawsifurrahman/covid19-radiography-database/COVID-19_Radiography_Dataset/COVID/images/COVID-3013.png,COVID,COVID,0.9987805485725403,0.0003152830176986754,0.0007105846307240427,0.00019360477745067328,,,
/kaggle/input/datasets/tawsifurrahman/covid19-radiography-database/COVID-19_Radiography_Dataset/COVID/images/COVID-3048.png,COVID,COVID,0.9998654127120972,0.00011034471390303224,8.360662206996494e-08,2.4069951905403286e-05,,0.3209801912307739,0.3209801912307739
/kaggle/input/datasets/tawsifurrahman/covid19-radiography-database/COVID-19_Radiography_Dataset/COVID/images/COVID-3049.png,COVID,Normal,0.010242695920169353,0.0052928864024579525,0.9843965172767639,6.791612395318225e-05,,,
/kaggle/input/datasets/tawsifurrahman/covid19-radiography-database/COVID-19_Radiography_Dataset/COVID/images/COVID-3056.png,COVID,COVID,0.9982836246490479,0.0015167491510510445,1.761557359714061e-05,0.00018208332767244428,,,
/kaggle/input/datasets/tawsifurrahman/covid19-radiography-database/COVID-19_Radiography_Dataset/COVID/images/COVID-3063.png,COVID,COVID,0.9846081137657166,0.00716798659414053,0.0067791808396577835,0.0014447517460212111,,,
/kaggle/input/datasets/tawsifurrahman/covid19-radiography-database/COVID-19_Radiography_Dataset/COVID/images/COVID-3065.png,COVID,COVID,0.9993313550949097,0.0005993186496198177,6.632381700910628e-05,3.006510041814181e-06,,,
/kaggle/input/datasets/tawsifurrahman/covid19-radiography-database/COVID-19_Radiography_Dataset/COVID/images/COVID-3074.png,COVID,Normal,0.05926475673913956,0.0024781194515526295,0.9382301568984985,2.695217881409917e-05,,0.5114527344703674,0.5114527344703674
/kaggle/input/datasets/tawsifurrahman/covid19-radiography-database/COVID-19_Radiography_Dataset/COVID/images/COVID-3079.png,COVID,COVID,0.9999512434005737,4.8433998017571867e-05,3.2164933827516506e-08,2.607220039863023e-07,,,
/kaggle/input/datasets/tawsifurrahman/covid19-radiography-database/COVID-19_Radiography_Dataset/COVID/images/COVID-3092.png,COVID,COVID,0.8636459708213806,0.03801550343632698,0.09832065552473068,1.7872242096927948e-05,,,
/kaggle/input/datasets/tawsifurrahman/covid19-radiography-database/COVID-19_Radiography_Dataset/COVID/images/COVID-3097.png,COVID,COVID,0.999994158744812,5.722083187720273e-06,6.28977536720754e-09,1.2034750795919535e-07,,0.2747550904750824,0.2747550904750824
/kaggle/input/datasets/tawsifurrahman/covid19-radiography-database/COVID-19_Radiography_Dataset/COVID/images/COVID-3100.png,COVID,COVID,0.9956388473510742,0.0015340117970481515,0.0028223406989127398,4.794001597474562e-06,,0.29071709513664246,0.29071709513664246
/kaggle/input/datasets/tawsifurrahman/covid19-radiography-database/COVID-19_Radiography_Dataset/COVID/images/COVID-3107.png,COVID,COVID,0.9970500469207764,8.867742872098461e-05,0.001750185270793736,0.0011111038038507104,,,
/kaggle/input/datasets/tawsifurrahman/covid19-radiography-database/COVID-19_Radiography_Dataset/COVID/images/COVID-3115.png,COVID,COVID,0.9991044402122498,4.0536374257271746e-08,4.717949479982053e-07,0.0008950607152655721,,0.3142947852611542,0.3142947852611542
/kaggle/input/datasets/tawsifurrahman/covid19-radiography-database/COVID-19_Radiography_Dataset/COVID/images/COVID-3146.png,COVID,COVID,0.9984148740768433,0.0014014604967087507,8.512906060786918e-05,9.8527452792041e-05,,,
/kaggle/input/datasets/tawsifurrahman/covid19-radiography-database/COVID-19_Radiography_Dataset/COVID/images/COVID-3150.png,COVID,COVID,0.9335507750511169,0.051756054162979126,0.014635012485086918,5.810833317809738e-05,,,
/kaggle/input/datasets/tawsifurrahman/covid19-radiography-database/COVID-19_Radiography_Dataset/COVID/images/COVID-3152.png,COVID,COVID,0.9457964301109314,0.005746165290474892,0.04008015990257263,0.00837730523198843,,,
/kaggle/input/datasets/tawsifurrahman/covid19-radiography-database/COVID-19_Radiography_Dataset/COVID/images/COVID-3156.png,COVID,Normal,0.14616724848747253,0.021896282210946083,0.8300713300704956,0.0018650966230779886,,,
/kaggle/input/datasets/tawsifurrahman/covid19-radiography-database/COVID-19_Radiography_Dataset/COVID/images/COVID-3168.png,COVID,Normal,0.2407827526330948,0.030193744227290154,0.7278362512588501,0.0011872351169586182,,,
/kaggle/input/datasets/tawsifurrahman/covid19-radiography-database/COVID-19_Radiography_Dataset/COVID/images/COVID-3188.png,COVID,Lung_Opacity,0.35882583260536194,0.6410108804702759,0.00013132119784131646,3.1998177291825414e-05,,,
/kaggle/input/datasets/tawsifurrahman/covid19-radiography-database/COVID-19_Radiography_Dataset/COVID/images/COVID-3190.png,COVID,COVID,0.9571095705032349,0.03717493265867233,0.005705925635993481,9.522971595288254e-06,,0.19979463517665863,0.19979463517665863
/kaggle/input/datasets/tawsifurrahman/covid19-radiography-database/COVID-19_Radiography_Dataset/COVID/images/COVID-3199.png,COVID,COVID,0.9905591011047363,0.0004057071637362242,0.007464688736945391,0.0015705260448157787,,,
/kaggle/input/datasets/tawsifurrahman/covid19-radiography-database/COVID-19_Radiography_Dataset/COVID/images/COVID-32.png,COVID,Normal,0.2597215473651886,0.010967678390443325,0.7211214303970337,0.00818927213549614,,,
/kaggle/input/datasets/tawsifurrahman/covid19-radiography-database/COVID-19_Radiography_Dataset/COVID/images/COVID-3201.png,COVID,COVID,0.6623162031173706,0.26617491245269775,0.011867587454617023,0.059641283005476,,0.12110728770494461,0.12110728770494461
/kaggle/input/datasets/tawsifurrahman/covid19-radiography-database/COVID-19_Radiography_Dataset/COVID/images/COVID-323.png,COVID,COVID,0.999201238155365,0.00011472318146843463,0.0006044558831490576,7.959187496453524e-05,,,
/kaggle/input/datasets/tawsifurrahman/covid19-radiography-database/COVID-19_Radiography_Dataset/COVID/images/COVID-3235.png,COVID,COVID,0.9998632669448853,6.837748856014514e-07,0.00013602249964606017,1.5828046429078313e-08,,,
/kaggle/input/datasets/tawsifurrahman/covid19-radiography-database/COVID-19_Radiography_Dataset/COVID/images/COVID-3239.png,COVID,COVID,0.999964714050293,1.0192004992859438e-05,1.8696831830311567e-05,6.330128599074669e-06,,,
/kaggle/input/datasets/tawsifurrahman/covid19-radiography-database/COVID-19_Radiography_Dataset/COVID/images/COVID-3240.png,COVID,COVID,0.9839856028556824,0.014548473991453648,0.0014593941159546375,6.43279872747371e-06,,,
/kaggle/input/datasets/tawsifurrahman/covid19-radiography-database/COVID-19_Radiography_Dataset/COVID/images/COVID-3241.png,COVID,COVID,0.9847748875617981,0.00038663248415105045,0.01481201034039259,2.6423385861562565e-05,,,
/kaggle/input/datasets/tawsifurrahman/covid19-radiography-database/COVID-19_Radiography_Dataset/COVID/images/COVID-3246.png,COVID,COVID,0.9994089603424072,0.00040350185008719563,2.559363747423049e-05,0.00016190986207220703,,,
/kaggle/input/datasets/tawsifurrahman/covid19-radiography-database/COVID-19_Radiography_Dataset/COVID/images/COVID-3259.png,COVID,COVID,0.9913133978843689,0.00016181332466658205,0.008524736389517784,3.22039319655687e-08,,0.1671447902917862,0.1671447902917862
/kaggle/input/datasets/tawsifurrahman/covid19-radiography-database/COVID-19_Radiography_Dataset/COVID/images/COVID-3265.png,COVID,COVID,0.9928896427154541,0.00011305120278848335,0.006996911950409412,3.289412688900484e-07,,,
/kaggle/input/datasets/tawsifurrahman/covid19-radiography-database/COVID-19_Radiography_Dataset/COVID/images/COVID-3267.png,COVID,COVID,0.999983549118042,3.0444955427810783e-06,1.2263678399904165e-05,1.1046113286283799e-06,,,
/kaggle/input/datasets/tawsifurrahman/covid19-radiography-database/COVID-19_Radiography_Dataset/COVID/images/COVID-3268.png,COVID,COVID,0.9999159574508667,1.1175976396771148e-05,5.398649591370486e-05,1.8874603483709507e-05,,0.37862151861190796,0.37862151861190796
/kaggle/input/datasets/tawsifurrahman/covid19-radiography-database/COVID-19_Radiography_Dataset/COVID/images/COVID-3270.png,COVID,COVID,0.9999738931655884,2.1046782421763055e-05,3.6861622447759146e-06,1.3085559658065904e-06,,,
/kaggle/input/datasets/tawsifurrahman/covid19-radiography-database/COVID-19_Radiography_Dataset/COVID/images/COVID-3282.png,COVID,COVID,0.9983803033828735,4.202433774480596e-05,0.001577615039423108,1.0248832182924161e-07,,,
/kaggle/input/datasets/tawsifurrahman/covid19-radiography-database/COVID-19_Radiography_Dataset/COVID/images/COVID-3289.png,COVID,COVID,0.9963638186454773,0.0024655077140778303,0.0011667528888210654,3.914702574547846e-06,,,
/kaggle/input/datasets/tawsifurrahman/covid19-radiography-database/COVID-19_Radiography_Dataset/COVID/images/COVID-3290.png,COVID,COVID,0.9985198378562927,0.0014247160870581865,5.928704467805801e-06,4.956384873366915e-05,,,
/kaggle/input/datasets/tawsifurrahman/covid19-radiography-database/COVID-19_Radiography_Dataset/COVID/images/COVID-330.png,COVID,COVID,0.9999983310699463,1.6086513596746954e-06,3.6528838620597526e-08,3.7839718913801335e-08,,0.2814513146877289,0.2814513146877289
/kaggle/input/datasets/tawsifurrahman/covid19-radiography-database/COVID-19_Radiography_Dataset/COVID/images/COVID-3300.png,COVID,COVID,0.998833954334259,0.00031304286676459014,0.00029657105915248394,0.0005563868908211589,,0.16995635628700256,0.16995635628700256
/kaggle/input/datasets/tawsifurrahman/covid19-radiography-database/COVID-19_Radiography_Dataset/COVID/images/COVID-3313.png,COVID,COVID,0.9093657732009888,0.0019266112940385938,0.08742799609899521,0.0012796532828360796,,,
/kaggle/input/datasets/tawsifurrahman/covid19-radiography-database/COVID-19_Radiography_Dataset/COVID/images/COVID-3321.png,COVID,COVID,0.9996412992477417,2.8139949790784158e-05,0.00032404286321252584,6.493171440524748e-06,,0.35231009125709534,0.35231009125709534
/kaggle/input/datasets/tawsifurrahman/covid19-radiography-database/COVID-19_Radiography_Dataset/COVID/images/COVID-333.png,COVID,COVID,0.9941338896751404,0.005457132589071989,0.00039915944216772914,9.862200386123732e-06,,,
/kaggle/input/datasets/tawsifurrahman/covid19-radiography-database/COVID-19_Radiography_Dataset/COVID/images/COVID-3334.png,COVID,COVID,0.9943254590034485,0.00044995747157372534,0.005141158122569323,8.338276529684663e-05,,,
/kaggle/input/datasets/tawsifurrahman/covid19-radiography-database/COVID-19_Radiography_Dataset/COVID/images/COVID-3350.png,COVID,COVID,0.9996834993362427,0.0002811614831443876,3.473035030765459e-05,6.608379408135079e-07,,,
/kaggle/input/datasets/tawsifurrahman/covid19-radiography-database/COVID-19_Radiography_Dataset/COVID/images/COVID-3386.png,COVID,COVID,0.935786247253418,0.06361544132232666,0.0005865572020411491,1.1792696568591055e-05,,,
/kaggle/input/datasets/tawsifurrahman/covid19-radiography-database/COVID-19_Radiography_Dataset/COVID/images/COVID-3410.png,COVID,COVID,0.9975180625915527,3.7389872886706144e-05,0.0024445136077702045,1.928422044272793e-08,,,
/kaggle/input/datasets/tawsifurrahman/covid19-radiography-database/COVID-19_Radiography_Dataset/COVID/images/COVID-342.png,COVID,COVID,0.9998776912689209,8.296167834487278e-06,0.00011398527567507699,5.278824488641476e-08,,,
/kaggle/input/datasets/tawsifurrahman/covid19-radiography-database/COVID-19_Radiography_Dataset/COVID/images/COVID-3424.png,COVID,COVID,0.9767157435417175,0.002673231763765216,0.016170185059309006,0.004440902266651392,,,
/kaggle/input/datasets/tawsifurrahman/covid19-radiography-database/COVID-19_Radiography_Dataset/COVID/images/COVID-3435.png,COVID,COVID,0.9887291193008423,0.0005295841838233173,0.01071174256503582,2.962952567031607e-05,,,
/kaggle/input/datasets/tawsifurrahman/covid19-radiography-database/COVID-19_Radiography_Dataset/COVID/images/COVID-3438.png,COVID,COVID,0.8860372304916382,0.0007149677840061486,0.1132364347577095,1.1415366316214204e-05,,,
/kaggle/input/datasets/tawsifurrahman/covid19-radiography-database/COVID-19_Radiography_Dataset/COVID/images/COVID-3455.png,COVID,COVID,0.9529361128807068,0.0029951680917292833,0.039601899683475494,0.004466849844902754,,,
/kaggle/input/datasets/tawsifurrahman/covid19-radiography-database/COVID-19_Radiography_Dataset/COVID/images/COVID-3457.png,COVID,COVID,0.9991450309753418,2.5692806957522407e-05,0.0008289639372378588,2.316967027127248e-07,,,
/kaggle/input/datasets/tawsifurrahman/covid19-radiography-database/COVID-19_Radiography_Dataset/COVID/images/COVID-3461.png,COVID,COVID,0.9999921321868896,1.0371837788625271e-06,6.786812718928559e-06,7.065056983890372e-09,,,
/kaggle/input/datasets/tawsifurrahman/covid19-radiography-database/COVID-19_Radiography_Dataset/COVID/images/COVID-3462.png,COVID,Lung_Opacity,0.2087167352437973,0.7226470112800598,0.04037872701883316,0.028257494792342186,,,
/kaggle/input/datasets/tawsifurrahman/covid19-radiography-database/COVID-19_Radiography_Dataset/COVID/images/COVID-3463.png,COVID,COVID,0.9787845015525818,0.0051464056596159935,0.0157272070646286,0.0003418864798732102,,0.22825954854488373,0.22825954854488373
/kaggle/input/datasets/tawsifurrahman/covid19-radiography-database/COVID-19_Radiography_Dataset/COVID/images/COVID-3469.png,COVID,Lung_Opacity,0.35013464093208313,0.6464431285858154,0.0032724374905228615,0.00014980894047766924,,0.5201123356819153,0.5201123356819153
/kaggle/input/datasets/tawsifurrahman/covid19-radiography-database/COVID-19_Radiography_Dataset/COVID/images/COVID-3471.png,COVID,COVID,0.9999866485595703,8.411924454776454e-07,7.114948857633863e-06,5.380565653467784e-06,,0.3757902681827545,0.3757902681827545
/kaggle/input/datasets/tawsifurrahman/covid19-radiography-database/COVID-19_Radiography_Dataset/COVID/images/COVID-348.png,COVID,COVID,0.8904317617416382,0.0012640117201954126,0.009635274298489094,0.09866894781589508,,,
/kaggle/input/datasets/tawsifurrahman/covid19-radiography-database/COVID-19_Radiography_Dataset/COVID/images/COVID-349.png,COVID,COVID,0.9079140424728394,0.07396070659160614,0.017972080036997795,0.00015320339298341423,,0.3207987844944,0.3207987844944
/kaggle/input/datasets/tawsifurrahman/covid19-radiography-database/COVID-19_Radiography_Dataset/COVID/images/COVID-3491.png,COVID,COVID,0.984641969203949,0.0010819854214787483,6.669895810773596e-05,0.014209341257810593,,,
/kaggle/input/datasets/tawsifurrahman/covid19-radiography-database/COVID-19_Radiography_Dataset/COVID/images/COVID-3496.png,COVID,COVID,0.9994233846664429,0.00033821709803305566,0.0002364138199482113,2.0115890038141515e-06,,,
/kaggle/input/datasets/tawsifurrahman/covid19-radiography-database/COVID-19_Radiography_Dataset/COVID/images/COVID-3499.png,COVID,Normal,0.16354969143867493,0.04251832515001297,0.7938061952590942,0.00012581732880789787,,0.29226553440093994,0.29226553440093994
/kaggle/input/datasets/tawsifurrahman/covid19-radiography-database/COVID-19_Radiography_Dataset/COVID/images/COVID-3501.png,COVID,COVID,0.9999986886978149,1.3058519243713818e-06,7.141979008196131e-09,1.2115587422201202e-09,,,
/kaggle/input/datasets/tawsifurrahman/covid19-radiography-database/COVID-19_Radiography_Dataset/COVID/images/COVID-3502.png,COVID,Lung_Opacity,0.021443627774715424,0.9711039066314697,0.007354468572884798,9.803027205634862e-05,,0.30233079195022583,0.30233079195022583
/kaggle/input/datasets/tawsifurrahman/covid19-radiography-database/COVID-19_Radiography_Dataset/COVID/images/COVID-3503.png,COVID,COVID,0.8770851492881775,1.8940312656923197e-05,0.12289571762084961,1.4929860014945007e-07,,,
/kaggle/input/datasets/tawsifurrahman/covid19-radiography-database/COVID-19_Radiography_Dataset/COVID/images/COVID-351.png,COVID,COVID,0.9993035793304443,0.00018952274695038795,0.0004983174148947,8.605185939813964e-06,,,
/kaggle/input/datasets/tawsifurrahman/covid19-radiography-database/COVID-19_Radiography_Dataset/COVID/images/COVID-3515.png,COVID,COVID,0.9815368056297302,0.00014961509441491216,0.018313534557819366,4.385351193292308e-09,,0.43944063782691956,0.43944063782691956
/kaggle/input/datasets/tawsifurrahman/covid19-radiography-database/COVID-19_Radiography_Dataset/COVID/images/COVID-3516.png,COVID,COVID,0.9815368056297302,0.00014961509441491216,0.018313534557819366,4.385351193292308e-09,,,
/kaggle/input/datasets/tawsifurrahman/covid19-radiography-database/COVID-19_Radiography_Dataset/COVID/images/COVID-3526.png,COVID,COVID,0.9842670559883118,0.014407748356461525,0.0013206441653892398,4.557575721264584e-06,,,
/kaggle/input/datasets/tawsifurrahman/covid19-radiography-database/COVID-19_Radiography_Dataset/COVID/images/COVID-3527.png,COVID,COVID,0.9961913824081421,0.003803669475018978,3.6226031170372153e-06,1.271785436074424e-06,,,
/kaggle/input/datasets/tawsifurrahman/covid19-radiography-database/COVID-19_Radiography_Dataset/COVID/images/COVID-3531.png,COVID,COVID,0.9999645948410034,2.5713390641612932e-05,9.071442946151365e-06,5.839191317136283e-07,,,
/kaggle/input/datasets/tawsifurrahman/covid19-radiography-database/COVID-19_Radiography_Dataset/COVID/images/COVID-3533.png,COVID,COVID,0.9997252821922302,0.00020387080439832062,5.9793404943775386e-05,1.1022128092008643e-05,,,
/kaggle/input/datasets/tawsifurrahman/covid19-radiography-database/COVID-19_Radiography_Dataset/COVID/images/COVID-3541.png,COVID,COVID,0.9999909400939941,5.341797532310011e-06,3.7219169826130383e-06,7.496473664048153e-09,,0.3271813988685608,0.3271813988685608
/kaggle/input/datasets/tawsifurrahman/covid19-radiography-database/COVID-19_Radiography_Dataset/COVID/images/COVID-3557.png,COVID,COVID,0.992925763130188,1.2160260666860268e-05,0.0067990608513355255,0.00026302499463781714,,,
/kaggle/input/datasets/tawsifurrahman/covid19-radiography-database/COVID-19_Radiography_Dataset/COVID/images/COVID-3562.png,COVID,COVID,0.9999483823776245,4.489779894356616e-05,6.529597612825455e-06,2.0733510552872758e-07,,0.40819352865219116,0.40819352865219116
/kaggle/input/datasets/tawsifurrahman/covid19-radiography-database/COVID-19_Radiography_Dataset/COVID/images/COVID-3563.png,COVID,COVID,0.9985733032226562,0.0011672155233100057,5.62078685106826e-06,0.0002538571134209633,,0.31132394075393677,0.31132394075393677
/kaggle/input/datasets/tawsifurrahman/covid19-radiography-database/COVID-19_Radiography_Dataset/COVID/images/COVID-3567.png,COVID,COVID,0.9996557235717773,0.0003435245016589761,7.194901172624668e-07,5.326376140146749e-08,,0.19658981263637543,0.19658981263637543
/kaggle/input/datasets/tawsifurrahman/covid19-radiography-database/COVID-19_Radiography_Dataset/COVID/images/COVID-3580.png,COVID,COVID,0.9593359231948853,0.0015022631268948317,0.03916151076555252,3.8491137388518837e-07,,,
/kaggle/input/datasets/tawsifurrahman/covid19-radiography-database/COVID-19_Radiography_Dataset/COVID/images/COVID-3581.png,COVID,COVID,0.6941144466400146,0.011552654206752777,0.2934426963329315,0.0008901685941964388,,,
/kaggle/input/datasets/tawsifurrahman/covid19-radiography-database/COVID-19_Radiography_Dataset/COVID/images/COVID-3587.png,COVID,COVID,0.999925971031189,2.1358852109187865e-07,1.5824105048523052e-06,7.221529085654765e-05,,,
/kaggle/input/datasets/tawsifurrahman/covid19-radiography-database/COVID-19_Radiography_Dataset/COVID/images/COVID-3591.png,COVID,COVID,0.9974053502082825,0.0025880334433168173,5.0913745326397475e-06,1.4601006341763423e-06,,0.41373398900032043,0.41373398900032043
/kaggle/input/datasets/tawsifurrahman/covid19-radiography-database/COVID-19_Radiography_Dataset/COVID/images/COVID-3593.png,COVID,COVID,0.9995822310447693,0.0003992612473666668,1.0369291885581333e-05,8.090374649327714e-06,,,
/kaggle/input/datasets/tawsifurrahman/covid19-radiography-database/COVID-19_Radiography_Dataset/COVID/images/COVID-3598.png,COVID,COVID,0.9935312867164612,0.006466143764555454,2.146086444554385e-06,4.458341891222517e-07,,0.21619857847690582,0.21619857847690582
/kaggle/input/datasets/tawsifurrahman/covid19-radiography-database/COVID-19_Radiography_Dataset/COVID/images/COVID-36.png,COVID,COVID,0.9994072914123535,0.00025459544849582016,0.000322178442729637,1.59389619511785e-05,,,
/kaggle/input/datasets/tawsifurrahman/covid19-radiography-database/COVID-19_Radiography_Dataset/COVID/images/COVID-361.png,COVID,COVID,0.9505881667137146,0.04110511764883995,0.006726028397679329,0.0015806425362825394,,,
/kaggle/input/datasets/tawsifurrahman/covid19-radiography-database/COVID-19_Radiography_Dataset/COVID/images/COVID-3612.png,COVID,COVID,0.9979813694953918,0.00016812393732834607,0.0018496642587706447,9.56085841608001e-07,,0.19849766790866852,0.19849766790866852
/kaggle/input/datasets/tawsifurrahman/covid19-radiography-database/COVID-19_Radiography_Dataset/COVID/images/COVID-3616.png,COVID,COVID,0.9998291730880737,0.00010900477354880422,4.2598308937158436e-05,1.9215965949115343e-05,,,
/kaggle/input/datasets/tawsifurrahman/covid19-radiography-database/COVID-19_Radiography_Dataset/COVID/images/COVID-364.png,COVID,Normal,0.1195208951830864,0.0052472990937530994,0.8751697540283203,6.209410639712587e-05,,,
/kaggle/input/datasets/tawsifurrahman/covid19-radiography-database/COVID-19_Radiography_Dataset/COVID/images/COVID-368.png,COVID,COVID,0.98233562707901,0.011373279616236687,0.006289345677942038,1.7069446585082915e-06,,,
/kaggle/input/datasets/tawsifurrahman/covid19-radiography-database/COVID-19_Radiography_Dataset/COVID/images/COVID-372.png,COVID,COVID,0.9999973773956299,1.964999256642841e-07,2.0288227915443713e-06,3.5577500057115685e-07,,,
/kaggle/input/datasets/tawsifurrahman/covid19-radiography-database/COVID-19_Radiography_Dataset/COVID/images/COVID-382.png,COVID,COVID,0.9091223478317261,0.07314132899045944,0.012628667056560516,0.0051076398231089115,,,
/kaggle/input/datasets/tawsifurrahman/covid19-radiography-database/COVID-19_Radiography_Dataset/COVID/images/COVID-383.png,COVID,COVID,0.9999903440475464,1.7979167523662909e-06,1.1255641396701321e-07,7.76907108956948e-06,,,
/kaggle/input/datasets/tawsifurrahman/covid19-radiography-database/COVID-19_Radiography_Dataset/COVID/images/COVID-394.png,COVID,COVID,0.9920539855957031,0.007014306727796793,0.0009204787784256041,1.1276075383648276e-05,,,
/kaggle/input/datasets/tawsifurrahman/covid19-radiography-database/COVID-19_Radiography_Dataset/COVID/images/COVID-395.png,COVID,COVID,0.9921614527702332,0.00034108138061128557,0.0038995014037936926,0.0035979824606329203,,,
/kaggle/input/datasets/tawsifurrahman/covid19-radiography-database/COVID-19_Radiography_Dataset/COVID/images/COVID-4.png,COVID,Viral Pneumonia,0.047694507986307144,0.0016927465330809355,0.06433039903640747,0.8862823247909546,,0.3882695436477661,0.3882695436477661
/kaggle/input/datasets/tawsifurrahman/covid19-radiography-database/COVID-19_Radiography_Dataset/COVID/images/COVID-407.png,COVID,COVID,0.8418580889701843,0.15432769060134888,0.003813848365098238,3.8403086932703445e-07,,,
/kaggle/input/datasets/tawsifurrahman/covid19-radiography-database/COVID-19_Radiography_Dataset/COVID/images/COVID-409.png,COVID,Lung_Opacity,0.1070190817117691,0.8929699659347534,9.849811249296181e-06,1.0961417729049572e-06,,0.2874681353569031,0.2874681353569031
/kaggle/input/datasets/tawsifurrahman/covid19-radiography-database/COVID-19_Radiography_Dataset/COVID/images/COVID-414.png,COVID,COVID,1.0,7.024207882011524e-10,1.1592933557569296e-10,6.771025580498691e-12,,0.40006905794143677,0.40006905794143677
/kaggle/input/datasets/tawsifurrahman/covid19-radiography-database/COVID-19_Radiography_Dataset/COVID/images/COVID-418.png,COVID,COVID,0.9995552897453308,1.307300499320263e-05,0.00042437444790266454,7.330032531172037e-06,,,
/kaggle/input/datasets/tawsifurrahman/covid19-radiography-database/COVID-19_Radiography_Dataset/COVID/images/COVID-42.png,COVID,COVID,0.999904990196228,9.423384472029284e-05,7.077935038068972e-07,9.504376841107387e-09,,,
/kaggle/input/datasets/tawsifurrahman/covid19-radiography-database/COVID-19_Radiography_Dataset/COVID/images/COVID-421.png,COVID,COVID,0.9997747540473938,0.00011006313434336334,0.00010801907046698034,7.162350811995566e-06,,,
/kaggle/input/datasets/tawsifurrahman/covid19-radiography-database/COVID-19_Radiography_Dataset/COVID/images/COVID-423.png,COVID,Viral Pneumonia,0.1733727604150772,5.555030838877428e-06,0.16741546988487244,0.659206211566925,,,
/kaggle/input/datasets/tawsifurrahman/covid19-radiography-database/COVID-19_Radiography_Dataset/COVID/images/COVID-427.png,COVID,Normal,3.472295429673977e-05,0.0011813337914645672,0.998783528804779,3.422223073812347e-07,,,
/kaggle/input/datasets/tawsifurrahman/covid19-radiography-database/COVID-19_Radiography_Dataset/COVID/images/COVID-447.png,COVID,COVID,0.9989286065101624,0.00103048759046942,3.1796891562407836e-05,9.089715604204684e-06,,0.3649176061153412,0.3649176061153412
/kaggle/input/datasets/tawsifurrahman/covid19-radiography-database/COVID-19_Radiography_Dataset/COVID/images/COVID-452.png,COVID,COVID,0.9999653100967407,2.2230362446862273e-05,1.2511067325249314e-05,3.528854153334038e-10,,0.4964028596878052,0.4964028596878052
/kaggle/input/datasets/tawsifurrahman/covid19-radiography-database/COVID-19_Radiography_Dataset/COVID/images/COVID-460.png,COVID,COVID,0.9999756813049316,4.222341885906644e-06,8.85529243532801e-06,1.132204124587588e-05,,,
/kaggle/input/datasets/tawsifurrahman/covid19-radiography-database/COVID-19_Radiography_Dataset/COVID/images/COVID-467.png,COVID,COVID,0.7836764454841614,0.04435926675796509,0.17157325148582458,0.00039099177229218185,,,
/kaggle/input/datasets/tawsifurrahman/covid19-radiography-database/COVID-19_Radiography_Dataset/COVID/images/COVID-47.png,COVID,COVID,0.9999593496322632,4.0649392758496106e-05,1.945206662412602e-08,2.29384911065722e-09,,0.426506906747818,0.426506906747818
/kaggle/input/datasets/tawsifurrahman/covid19-radiography-database/COVID-19_Radiography_Dataset/COVID/images/COVID-470.png,COVID,Normal,0.22478340566158295,0.02954377606511116,0.7443294525146484,0.0013432620326057076,,0.368986040353775,0.368986040353775
/kaggle/input/datasets/tawsifurrahman/covid19-radiography-database/COVID-19_Radiography_Dataset/COVID/images/COVID-476.png,COVID,COVID,0.9829392433166504,0.013128290884196758,0.002896387130022049,0.0010360932210460305,,,
/kaggle/input/datasets/tawsifurrahman/covid19-radiography-database/COVID-19_Radiography_Dataset/COVID/images/COVID-480.png,COVID,COVID,0.8941758871078491,0.10508450120687485,0.0002914610377047211,0.0004481978830881417,,0.14695823192596436,0.14695823192596436
/kaggle/input/datasets/tawsifurrahman/covid19-radiography-database/COVID-19_Radiography_Dataset/COVID/images/COVID-490.png,COVID,COVID,0.9977197051048279,0.0011685924837365746,0.0011099346447736025,1.7086452999137691e-06,,,
/kaggle/input/datasets/tawsifurrahman/covid19-radiography-database/COVID-19_Radiography_Dataset/COVID/images/COVID-497.png,COVID,COVID,0.9999686479568481,5.9915255405940115e-06,2.5424127670703456e-05,8.309532617545301e-09,,,
/kaggle/input/datasets/tawsifurrahman/covid19-radiography-database/COVID-19_Radiography_Dataset/COVID/images/COVID-504.png,COVID,COVID,0.991790771484375,0.002822538372129202,0.005074990913271904,0.0003118054592050612,,0.3863048851490021,0.3863048851490021
/kaggle/input/datasets/tawsifurrahman/covid19-radiography-database/COVID-19_Radiography_Dataset/COVID/images/COVID-509.png,COVID,COVID,0.9894275069236755,0.0007406114018522203,0.009492435492575169,0.0003394625964574516,,,
/kaggle/input/datasets/tawsifurrahman/covid19-radiography-database/COVID-19_Radiography_Dataset/COVID/images/COVID-51.png,COVID,COVID,0.999982476234436,9.64813898463035e-06,4.063263531861594e-06,3.814357569353888e-06,,,
/kaggle/input/datasets/tawsifurrahman/covid19-radiography-database/COVID-19_Radiography_Dataset/COVID/images/COVID-510.png,COVID,COVID,0.9999961853027344,3.7382358186732745e-06,5.2226099001018156e-09,2.814187105570909e-08,,0.3403538763523102,0.3403538763523102
/kaggle/input/datasets/tawsifurrahman/covid19-radiography-database/COVID-19_Radiography_Dataset/COVID/images/COVID-524.png,COVID,COVID,0.9993413090705872,0.0006382113788276911,2.0483797925407998e-05,5.427295501903018e-09,,,
/kaggle/input/datasets/tawsifurrahman/covid19-radiography-database/COVID-19_Radiography_Dataset/COVID/images/COVID-526.png,COVID,COVID,0.9980928301811218,0.0018932626117020845,1.3533943274524063e-05,3.156019658945297e-07,,,
/kaggle/input/datasets/tawsifurrahman/covid19-radiography-database/COVID-19_Radiography_Dataset/COVID/images/COVID-527.png,COVID,COVID,0.9999830722808838,1.1244842426094692e-05,4.0517620618629735e-06,1.6044871244957903e-06,,,
/kaggle/input/datasets/tawsifurrahman/covid19-radiography-database/COVID-19_Radiography_Dataset/COVID/images/COVID-528.png,COVID,COVID,0.9981391429901123,0.0016291624633595347,1.485732809669571e-06,0.00023028803116176277,,0.17592714726924896,0.17592714726924896
/kaggle/input/datasets/tawsifurrahman/covid19-radiography-database/COVID-19_Radiography_Dataset/COVID/images/COVID-531.png,COVID,COVID,0.9928380846977234,0.0069455476477742195,4.337892823969014e-05,0.000172915228176862,,,
/kaggle/input/datasets/tawsifurrahman/covid19-radiography-database/COVID-19_Radiography_Dataset/COVID/images/COVID-533.png,COVID,COVID,0.9917885661125183,3.979519897256978e-05,0.00048144455649890006,0.007690278813242912,,,
/kaggle/input/datasets/tawsifurrahman/covid19-radiography-database/COVID-19_Radiography_Dataset/COVID/images/COVID-538.png,COVID,COVID,0.9932011961936951,0.0026767002418637276,0.00017328954709228128,0.003948763478547335,,,
/kaggle/input/datasets/tawsifurrahman/covid19-radiography-database/COVID-19_Radiography_Dataset/COVID/images/COVID-54.png,COVID,COVID,0.9951673746109009,0.00018505034677218646,0.004549525678157806,9.80629411060363e-05,,,
/kaggle/input/datasets/tawsifurrahman/covid19-radiography-database/COVID-19_Radiography_Dataset/COVID/images/COVID-541.png,COVID,COVID,0.9999134540557861,3.737037695827894e-05,1.5389215377581422e-06,4.7629306209273636e-05,,0.36519548296928406,0.36519548296928406
/kaggle/input/datasets/tawsifurrahman/covid19-radiography-database/COVID-19_Radiography_Dataset/COVID/images/COVID-55.png,COVID,COVID,0.9998492002487183,4.110990994377062e-05,9.660124487709254e-05,1.3165405107429251e-05,,,
/kaggle/input/datasets/tawsifurrahman/covid19-radiography-database/COVID-19_Radiography_Dataset/COVID/images/COVID-551.png,COVID,COVID,0.9997300505638123,0.00026188266929239035,8.11946938483743e-06,3.088618250046693e-09,,,
/kaggle/input/datasets/tawsifurrahman/covid19-radiography-database/COVID-19_Radiography_Dataset/COVID/images/COVID-555.png,COVID,COVID,0.9952836632728577,0.004607814364135265,0.00010657567327143624,1.929112841025926e-06,,,
/kaggle/input/datasets/tawsifurrahman/covid19-radiography-database/COVID-19_Radiography_Dataset/COVID/images/COVID-556.png,COVID,Viral Pneumonia,0.030325058847665787,0.02361743338406086,0.03635555878281593,0.909701943397522,,,
/kaggle/input/datasets/tawsifurrahman/covid19-radiography-database/COVID-19_Radiography_Dataset/COVID/images/COVID-565.png,COVID,COVID,0.9999812841415405,1.5456897017429583e-05,1.1789074960688595e-06,2.0851234694418963e-06,,0.37170419096946716,0.37170419096946716
/kaggle/input/datasets/tawsifurrahman/covid19-radiography-database/COVID-19_Radiography_Dataset/COVID/images/COVID-569.png,COVID,COVID,0.9999927282333374,2.687102778509143e-06,4.491856543609174e-06,6.436017230271318e-08,,0.4066433906555176,0.4066433906555176
/kaggle/input/datasets/tawsifurrahman/covid19-radiography-database/COVID-19_Radiography_Dataset/COVID/images/COVID-57.png,COVID,COVID,0.9963590502738953,0.00010941088112303987,0.00027207197854295373,0.0032593561336398125,,,
/kaggle/input/datasets/tawsifurrahman/covid19-radiography-database/COVID-19_Radiography_Dataset/COVID/images/COVID-576.png,COVID,COVID,0.999967098236084,3.282802936155349e-05,1.889571166202586e-08,4.4677310739871245e-08,,,
/kaggle/input/datasets/tawsifurrahman/covid19-radiography-database/COVID-19_Radiography_Dataset/COVID/images/COVID-579.png,COVID,COVID,0.9821110367774963,0.017865709960460663,2.180142928409623e-06,2.1061992811155505e-05,,0.30569958686828613,0.30569958686828613
/kaggle/input/datasets/tawsifurrahman/covid19-radiography-database/COVID-19_Radiography_Dataset/COVID/images/COVID-582.png,COVID,COVID,0.9999934434890747,6.414857580239186e-06,1.2789270753543747e-09,1.90487469353684e-07,,,
/kaggle/input/datasets/tawsifurrahman/covid19-radiography-database/COVID-19_Radiography_Dataset/COVID/images/COVID-586.png,COVID,COVID,0.9992433786392212,0.00024938839487731457,0.0005066812154836953,5.144335091245011e-07,,0.35483384132385254,0.35483384132385254
/kaggle/input/datasets/tawsifurrahman/covid19-radiography-database/COVID-19_Radiography_Dataset/COVID/images/COVID-598.png,COVID,COVID,0.9999792575836182,4.6071673409642244e-07,2.031038275163155e-05,2.7145306447096118e-08,,,
/kaggle/input/datasets/tawsifurrahman/covid19-radiography-database/COVID-19_Radiography_Dataset/COVID/images/COVID-599.png,COVID,COVID,0.9998063445091248,1.1848411531900638e-06,0.0001923862291732803,8.62005578028402e-08,,0.24378792941570282,0.24378792941570282
/kaggle/input/datasets/tawsifurrahman/covid19-radiography-database/COVID-19_Radiography_Dataset/COVID/images/COVID-600.png,COVID,COVID,0.9999994039535522,5.294908760333783e-07,4.807431608355728e-08,2.5063229713850887e-08,,,
/kaggle/input/datasets/tawsifurrahman/covid19-radiography-database/COVID-19_Radiography_Dataset/COVID/images/COVID-601.png,COVID,COVID,0.9682451486587524,0.0007297139381989837,0.030546117573976517,0.00047898502089083195,,,
/kaggle/input/datasets/tawsifurrahman/covid19-radiography-database/COVID-19_Radiography_Dataset/COVID/images/COVID-602.png,COVID,COVID,0.9999792575836182,1.954672916326672e-05,2.6585169621284876e-07,9.77807189883606e-07,,0.36042097210884094,0.36042097210884094
/kaggle/input/datasets/tawsifurrahman/covid19-radiography-database/COVID-19_Radiography_Dataset/COVID/images/COVID-609.png,COVID,COVID,0.983020007610321,0.00023986102314665914,0.0002995127870235592,0.016440629959106445,,0.4277510643005371,0.4277510643005371
/kaggle/input/datasets/tawsifurrahman/covid19-radiography-database/COVID-19_Radiography_Dataset/COVID/images/COVID-616.png,COVID,COVID,0.9945723414421082,0.005073150619864464,0.0003389685007277876,1.553357651573606e-05,,0.3017865717411041,0.3017865717411041
/kaggle/input/datasets/tawsifurrahman/covid19-radiography-database/COVID-19_Radiography_Dataset/COVID/images/COVID-640.png,COVID,COVID,0.9999761581420898,7.206504051282536e-06,1.493826221121708e-05,1.726233904264518e-06,,0.30943164229393005,0.30943164229393005
/kaggle/input/datasets/tawsifurrahman/covid19-radiography-database/COVID-19_Radiography_Dataset/COVID/images/COVID-643.png,COVID,COVID,0.9794073104858398,0.00040836798143573105,0.020174795761704445,9.524582310405094e-06,,0.3551073968410492,0.3551073968410492
/kaggle/input/datasets/tawsifurrahman/covid19-radiography-database/COVID-19_Radiography_Dataset/COVID/images/COVID-648.png,COVID,COVID,0.9995834231376648,0.00034307781606912613,7.192858174676076e-05,1.5765369880682556e-06,,,
/kaggle/input/datasets/tawsifurrahman/covid19-radiography-database/COVID-19_Radiography_Dataset/COVID/images/COVID-66.png,COVID,Lung_Opacity,0.0017987301107496023,0.6748648881912231,0.0006414313102141023,0.32269489765167236,,,
/kaggle/input/datasets/tawsifurrahman/covid19-radiography-database/COVID-19_Radiography_Dataset/COVID/images/COVID-660.png,COVID,Normal,0.17218606173992157,0.0392446406185627,0.7879753112792969,0.0005939979455433786,,,
/kaggle/input/datasets/tawsifurrahman/covid19-radiography-database/COVID-19_Radiography_Dataset/COVID/images/COVID-662.png,COVID,COVID,0.9939061999320984,0.0057623679749667645,0.0003304380807094276,9.47810349316569e-07,,,
/kaggle/input/datasets/tawsifurrahman/covid19-radiography-database/COVID-19_Radiography_Dataset/COVID/images/COVID-670.png,COVID,COVID,0.9932095408439636,0.0005767008988186717,2.2008085579727776e-05,0.006191737484186888,,,
/kaggle/input/datasets/tawsifurrahman/covid19-radiography-database/COVID-19_Radiography_Dataset/COVID/images/COVID-677.png,COVID,COVID,0.994717538356781,0.004325954243540764,0.0008612519595772028,9.528835653327405e-05,,0.30051010847091675,0.30051010847091675
/kaggle/input/datasets/tawsifurrahman/covid19-radiography-database/COVID-19_Radiography_Dataset/COVID/images/COVID-68.png,COVID,COVID,0.9999430179595947,5.5278680520132184e-05,9.948777233148576e-07,7.681662737013539e-07,,0.37824010848999023,0.37824010848999023
/kaggle/input/datasets/tawsifurrahman/covid19-radiography-database/COVID-19_Radiography_Dataset/COVID/images/COVID-684.png,COVID,COVID,0.9932743310928345,0.0034922382328659296,0.0032334059942513704,8.923207417410595e-08,,,
/kaggle/input/datasets/tawsifurrahman/covid19-radiography-database/COVID-19_Radiography_Dataset/COVID/images/COVID-69.png,COVID,COVID,0.9982967972755432,0.0007428009994328022,0.0005579847493208945,0.0004024021909572184,,,
/kaggle/input/datasets/tawsifurrahman/covid19-radiography-database/COVID-19_Radiography_Dataset/COVID/images/COVID-714.png,COVID,COVID,0.991289496421814,7.80485788709484e-05,0.00863159354776144,9.181375730804575e-07,,0.44021421670913696,0.44021421670913696
/kaggle/input/datasets/tawsifurrahman/covid19-radiography-database/COVID-19_Radiography_Dataset/COVID/images/COVID-723.png,COVID,COVID,0.9956932663917542,0.003632485633715987,0.00067381642293185,4.314396733207104e-07,,,
/kaggle/input/datasets/tawsifurrahman/covid19-radiography-database/COVID-19_Radiography_Dataset/COVID/images/COVID-725.png,COVID,COVID,0.9996351003646851,0.00016777112614363432,0.00016115952166728675,3.603710501920432e-05,,,
/kaggle/input/datasets/tawsifurrahman/covid19-radiography-database/COVID-19_Radiography_Dataset/COVID/images/COVID-731.png,COVID,COVID,0.9990946054458618,4.536016786005348e-05,0.0006846715114079416,0.00017537530220579356,,0.37368252873420715,0.37368252873420715
/kaggle/input/datasets/tawsifurrahman/covid19-radiography-database/COVID-19_Radiography_Dataset/COVID/images/COVID-743.png,COVID,COVID,0.9916784763336182,0.006188283208757639,0.0006115967989899218,0.0015216810861602426,,0.29056745767593384,0.29056745767593384
/kaggle/input/datasets/tawsifurrahman/covid19-radiography-database/COVID-19_Radiography_Dataset/COVID/images/COVID-755.png,COVID,COVID,0.9999674558639526,7.040279683678818e-07,1.4113920769887045e-06,3.046109304705169e-05,,0.34448644518852234,0.34448644518852234
/kaggle/input/datasets/tawsifurrahman/covid19-radiography-database/COVID-19_Radiography_Dataset/COVID/images/COVID-756.png,COVID,COVID,0.9770812392234802,0.0006420991849154234,0.022267306223511696,9.397120265930425e-06,,,
/kaggle/input/datasets/tawsifurrahman/covid19-radiography-database/COVID-19_Radiography_Dataset/COVID/images/COVID-759.png,COVID,COVID,0.9977152347564697,0.0001365320640616119,2.8949230909347534e-05,0.0021193530410528183,,0.4898662865161896,0.4898662865161896
/kaggle/input/datasets/tawsifurrahman/covid19-radiography-database/COVID-19_Radiography_Dataset/COVID/images/COVID-765.png,COVID,COVID,0.9999202489852905,7.87203898653388e-05,6.304907742560317e-07,3.8784924072388094e-07,,0.34566986560821533,0.34566986560821533
/kaggle/input/datasets/tawsifurrahman/covid19-radiography-database/COVID-19_Radiography_Dataset/COVID/images/COVID-78.png,COVID,COVID,0.9938370585441589,7.956409717735369e-06,0.00031396737904287875,0.005841026548296213,,,
/kaggle/input/datasets/tawsifurrahman/covid19-radiography-database/COVID-19_Radiography_Dataset/COVID/images/COVID-781.png,COVID,COVID,0.9999898672103882,4.180630185146583e-06,3.842718797386624e-06,2.1770597413706128e-06,,,
/kaggle/input/datasets/tawsifurrahman/covid19-radiography-database/COVID-19_Radiography_Dataset/COVID/images/COVID-782.png,COVID,COVID,0.9998476505279541,6.630478765146108e-06,2.5387304049218073e-05,0.00012027740012854338,,,
/kaggle/input/datasets/tawsifurrahman/covid19-radiography-database/COVID-19_Radiography_Dataset/COVID/images/COVID-808.png,COVID,COVID,0.8974918127059937,0.10247576236724854,1.1093132343376055e-05,2.1325693523976952e-05,,,
/kaggle/input/datasets/tawsifurrahman/covid19-radiography-database/COVID-19_Radiography_Dataset/COVID/images/COVID-81.png,COVID,COVID,0.9987951517105103,0.00015217116742860526,0.00039321923395618796,0.0006593725993297994,,0.4078390300273895,0.4078390300273895
/kaggle/input/datasets/tawsifurrahman/covid19-radiography-database/COVID-19_Radiography_Dataset/COVID/images/COVID-811.png,COVID,COVID,0.9967498779296875,3.271183595643379e-05,1.0691676379792625e-06,0.0032163250725716352,,0.2931809425354004,0.2931809425354004
/kaggle/input/datasets/tawsifurrahman/covid19-radiography-database/COVID-19_Radiography_Dataset/COVID/images/COVID-837.png,COVID,COVID,1.0,3.536257153768929e-08,6.519728645848488e-10,2.7545481451340947e-09,,,
/kaggle/input/datasets/tawsifurrahman/covid19-radiography-database/COVID-19_Radiography_Dataset/COVID/images/COVID-841.png,COVID,Normal,0.3939702808856964,0.015203656628727913,0.5906526446342468,0.00017343828221783042,,0.3583361804485321,0.3583361804485321
/kaggle/input/datasets/tawsifurrahman/covid19-radiography-database/COVID-19_Radiography_Dataset/COVID/images/COVID-844.png,COVID,COVID,0.9999544620513916,3.4664510167203844e-05,1.0897512765950523e-05,7.686589698074897e-10,,,
/kaggle/input/datasets/tawsifurrahman/covid19-radiography-database/COVID-19_Radiography_Dataset/COVID/images/COVID-85.png,COVID,COVID,0.999920129776001,7.877136522438377e-05,6.937063972145552e-07,3.2948932471299486e-07,,,
/kaggle/input/datasets/tawsifurrahman/covid19-radiography-database/COVID-19_Radiography_Dataset/COVID/images/COVID-851.png,COVID,COVID,0.9782374501228333,0.003886560210958123,0.017514752224087715,0.00036126174381934106,,,
/kaggle/input/datasets/tawsifurrahman/covid19-radiography-database/COVID-19_Radiography_Dataset/COVID/images/COVID-854.png,COVID,COVID,0.97068190574646,0.000747373909689486,0.028511377051472664,5.930631959927268e-05,,,
/kaggle/input/datasets/tawsifurrahman/covid19-radiography-database/COVID-19_Radiography_Dataset/COVID/images/COVID-855.png,COVID,COVID,0.9933345317840576,0.006587265525013208,7.644721335964277e-05,1.6635855217828066e-06,,,
/kaggle/input/datasets/tawsifurrahman/covid19-radiography-database/COVID-19_Radiography_Dataset/COVID/images/COVID-863.png,COVID,COVID,0.9725509881973267,0.004617099184542894,0.02195873111486435,0.0008732064161449671,,,
/kaggle/input/datasets/tawsifurrahman/covid19-radiography-database/COVID-19_Radiography_Dataset/COVID/images/COVID-868.png,COVID,COVID,0.9995383024215698,0.0004434810543898493,1.8194023141404614e-05,3.801714498763431e-09,,,
/kaggle/input/datasets/tawsifurrahman/covid19-radiography-database/COVID-19_Radiography_Dataset/COVID/images/COVID-869.png,COVID,COVID,0.8411271572113037,0.007442668545991182,0.15056899189949036,0.0008611825760453939,,,
/kaggle/input/datasets/tawsifurrahman/covid19-radiography-database/COVID-19_Radiography_Dataset/COVID/images/COVID-91.png,COVID,COVID,0.7285470962524414,0.028934242203831673,0.24249909818172455,1.950424848473631e-05,,,
/kaggle/input/datasets/tawsifurrahman/covid19-radiography-database/COVID-19_Radiography_Dataset/COVID/images/COVID-915.png,COVID,COVID,0.9999852180480957,3.5095931707473937e-06,2.9671389256691327e-06,8.272567356470972e-06,,,
/kaggle/input/datasets/tawsifurrahman/covid19-radiography-database/COVID-19_Radiography_Dataset/COVID/images/COVID-918.png,COVID,COVID,0.9999819993972778,7.168626325437799e-06,1.0002937642639154e-06,9.82935762294801e-06,,,
/kaggle/input/datasets/tawsifurrahman/covid19-radiography-database/COVID-19_Radiography_Dataset/COVID/images/COVID-92.png,COVID,COVID,0.9999929666519165,6.287936685112072e-06,7.24664232620853e-07,1.3723078229332941e-09,,0.3202170133590698,0.3202170133590698
/kaggle/input/datasets/tawsifurrahman/covid19-radiography-database/COVID-19_Radiography_Dataset/COVID/images/COVID-920.png,COVID,COVID,0.999512791633606,0.00045500314445234835,3.219376958440989e-05,8.349714875066638e-08,,,
/kaggle/input/datasets/tawsifurrahman/covid19-radiography-database/COVID-19_Radiography_Dataset/COVID/images/COVID-926.png,COVID,COVID,0.9993239641189575,0.0004378214362077415,0.0002269929100293666,1.1294373507553246e-05,,0.4276461899280548,0.4276461899280548
/kaggle/input/datasets/tawsifurrahman/covid19-radiography-database/COVID-19_Radiography_Dataset/COVID/images/COVID-929.png,COVID,COVID,1.0,2.2753365414018845e-08,4.028996025695619e-10,5.4359450968322065e-11,,,
/kaggle/input/datasets/tawsifurrahman/covid19-radiography-database/COVID-19_Radiography_Dataset/COVID/images/COVID-932.png,COVID,COVID,0.9999783039093018,2.0560519260470755e-05,1.1219000271012192e-06,1.0838708597304958e-08,,0.24537000060081482,0.24537000060081482
/kaggle/input/datasets/tawsifurrahman/covid19-radiography-database/COVID-19_Radiography_Dataset/COVID/images/COVID-935.png,COVID,COVID,0.9843958616256714,0.015406501479446888,0.00019759156566578895,1.1405432154276696e-08,,,
/kaggle/input/datasets/tawsifurrahman/covid19-radiography-database/COVID-19_Radiography_Dataset/COVID/images/COVID-943.png,COVID,COVID,0.9994202852249146,0.00045003037666901946,0.00012977505684830248,1.763977763857838e-08,,,
/kaggle/input/datasets/tawsifurrahman/covid19-radiography-database/COVID-19_Radiography_Dataset/COVID/images/COVID-955.png,COVID,COVID,0.9990313053131104,0.00043618291965685785,0.00052513467380777,7.468015155609464e-06,,,
/kaggle/input/datasets/tawsifurrahman/covid19-radiography-database/COVID-19_Radiography_Dataset/COVID/images/COVID-970.png,COVID,COVID,0.9999985694885254,1.446571445740119e-06,4.4629872020252037e-10,1.1440091540748654e-08,,,
/kaggle/input/datasets/tawsifurrahman/covid19-radiography-database/COVID-19_Radiography_Dataset/COVID/images/COVID-972.png,COVID,COVID,0.9999387264251709,6.132682028692216e-05,3.2249471981771194e-09,5.852154316698943e-10,,0.3038269281387329,0.3038269281387329
/kaggle/input/datasets/tawsifurrahman/covid19-radiography-database/COVID-19_Radiography_Dataset/COVID/images/COVID-986.png,COVID,COVID,0.9999680519104004,3.0958864954300225e-05,7.921048563730437e-07,2.0131335531914374e-07,,,
/kaggle/input/datasets/tawsifurrahman/covid19-radiography-database/COVID-19_Radiography_Dataset/Lung_Opacity/images/Lung_Opacity-1004.png,Lung_Opacity,Lung_Opacity,0.013814016245305538,0.9411989450454712,0.04181453213095665,0.003172489581629634,,,
/kaggle/input/datasets/tawsifurrahman/covid19-radiography-database/COVID-19_Radiography_Dataset/Lung_Opacity/images/Lung_Opacity-1036.png,Lung_Opacity,Lung_Opacity,1.846813006523007e-06,0.9988963603973389,0.0010898822220042348,1.187296675198013e-05,,0.16254089772701263,0.16254089772701263
/kaggle/input/datasets/tawsifurrahman/covid19-radiography-database/COVID-19_Radiography_Dataset/Lung_Opacity/images/Lung_Opacity-1037.png,Lung_Opacity,Lung_Opacity,0.04830816388130188,0.7065672874450684,0.21115608513355255,0.03396843746304512,,,
/kaggle/input/datasets/tawsifurrahman/covid19-radiography-database/COVID-19_Radiography_Dataset/Lung_Opacity/images/Lung_Opacity-1042.png,Lung_Opacity,Lung_Opacity,0.002139221178367734,0.8476541042327881,0.1502062827348709,3.715492766787065e-07,,,
/kaggle/input/datasets/tawsifurrahman/covid19-radiography-database/COVID-19_Radiography_Dataset/Lung_Opacity/images/Lung_Opacity-1045.png,Lung_Opacity,Lung_Opacity,2.8808142815250903e-05,0.7889183759689331,0.07048437744379044,0.14056843519210815,,,
/kaggle/input/datasets/tawsifurrahman/covid19-radiography-database/COVID-19_Radiography_Dataset/Lung_Opacity/images/Lung_Opacity-1059.png,Lung_Opacity,Lung_Opacity,0.013635512441396713,0.984420120716095,0.0004512332088779658,0.0014931750483810902,,,
/kaggle/input/datasets/tawsifurrahman/covid19-radiography-database/COVID-19_Radiography_Dataset/Lung_Opacity/images/Lung_Opacity-1063.png,Lung_Opacity,Lung_Opacity,3.986944648204371e-05,0.9996755123138428,0.00028416517307050526,4.917470732834772e-07,,,
/kaggle/input/datasets/tawsifurrahman/covid19-radiography-database/COVID-19_Radiography_Dataset/Lung_Opacity/images/Lung_Opacity-1066.png,Lung_Opacity,Lung_Opacity,2.5888959498843178e-05,0.9755755066871643,0.02439332939684391,5.290700755722355e-06,,0.36738577485084534,0.36738577485084534
/kaggle/input/datasets/tawsifurrahman/covid19-radiography-database/COVID-19_Radiography_Dataset/Lung_Opacity/images/Lung_Opacity-1079.png,Lung_Opacity,Lung_Opacity,1.016879286908079e-05,0.8010873198509216,0.19890223443508148,2.6274616971022624e-07,,,
/kaggle/input/datasets/tawsifurrahman/covid19-radiography-database/COVID-19_Radiography_Dataset/Lung_Opacity/images/Lung_Opacity-1097.png,Lung_Opacity,Lung_Opacity,0.0014434659387916327,0.989673376083374,0.008882955648005009,2.8485331426963967e-07,,0.3993724286556244,0.3993724286556244
/kaggle/input/datasets/tawsifurrahman/covid19-radiography-database/COVID-19_Radiography_Dataset/Lung_Opacity/images/Lung_Opacity-11.png,Lung_Opacity,Normal,0.003915078938007355,0.014415198937058449,0.9814939498901367,0.00017576056416146457,,,
/kaggle/input/datasets/tawsifurrahman/covid19-radiography-database/COVID-19_Radiography_Dataset/Lung_Opacity/images/Lung_Opacity-110.png,Lung_Opacity,Lung_Opacity,0.001889186562038958,0.9826648831367493,0.015445767901837826,2.5113939727816614e-07,,,
/kaggle/input/datasets/tawsifurrahman/covid19-radiography-database/COVID-19_Radiography_Dataset/Lung_Opacity/images/Lung_Opacity-1112.png,Lung_Opacity,Lung_Opacity,0.002963483100757003,0.5511263608932495,0.4459090530872345,1.0944797850243049e-06,,,
/kaggle/input/datasets/tawsifurrahman/covid19-radiography-database/COVID-19_Radiography_Dataset/Lung_Opacity/images/Lung_Opacity-1120.png,Lung_Opacity,Lung_Opacity,0.03396638110280037,0.8943570852279663,0.07166393846273422,1.2572289961099159e-05,,0.2973615825176239,0.2973615825176239
/kaggle/input/datasets/tawsifurrahman/covid19-radiography-database/COVID-19_Radiography_Dataset/Lung_Opacity/images/Lung_Opacity-1126.png,Lung_Opacity,Lung_Opacity,0.004376090597361326,0.9945799112319946,0.0010439675534144044,1.9226501279945296e-08,,,
/kaggle/input/datasets/tawsifurrahman/covid19-radiography-database/COVID-19_Radiography_Dataset/Lung_Opacity/images/Lung_Opacity-113.png,Lung_Opacity,Lung_Opacity,2.8931945053045638e-05,0.9893220663070679,0.01064834650605917,7.601477705065918e-07,,,
/kaggle/input/datasets/tawsifurrahman/covid19-radiography-database/COVID-19_Radiography_Dataset/Lung_Opacity/images/Lung_Opacity-1130.png,Lung_Opacity,Lung_Opacity,0.0012392305070534348,0.635370671749115,0.363389790058136,3.113667617071769e-07,,,
/kaggle/input/datasets/tawsifurrahman/covid19-radiography-database/COVID-19_Radiography_Dataset/Lung_Opacity/images/Lung_Opacity-1138.png,Lung_Opacity,Lung_Opacity,0.0012153246207162738,0.9987725615501404,1.2125061402912252e-05,2.5791306867972708e-08,,,
/kaggle/input/datasets/tawsifurrahman/covid19-radiography-database/COVID-19_Radiography_Dataset/Lung_Opacity/images/Lung_Opacity-1142.png,Lung_Opacity,Lung_Opacity,0.116361603140831,0.8799893260002136,0.0032012746669352055,0.0004478280316106975,,,
/kaggle/input/datasets/tawsifurrahman/covid19-radiography-database/COVID-19_Radiography_Dataset/Lung_Opacity/images/Lung_Opacity-1147.png,Lung_Opacity,Lung_Opacity,3.352448038640432e-05,0.983210563659668,0.016748428344726562,7.493096291000256e-06,,0.32120195031166077,0.32120195031166077
/kaggle/input/datasets/tawsifurrahman/covid19-radiography-database/COVID-19_Radiography_Dataset/Lung_Opacity/images/Lung_Opacity-1155.png,Lung_Opacity,Lung_Opacity,0.0009554935386404395,0.9535605907440186,0.04546225070953369,2.1740410375059582e-05,,,
/kaggle/input/datasets/tawsifurrahman/covid19-radiography-database/COVID-19_Radiography_Dataset/Lung_Opacity/images/Lung_Opacity-1163.png,Lung_Opacity,Lung_Opacity,0.0013018704485148191,0.9974708557128906,0.001223150989972055,4.120635821891483e-06,,0.2563200294971466,0.2563200294971466
/kaggle/input/datasets/tawsifurrahman/covid19-radiography-database/COVID-19_Radiography_Dataset/Lung_Opacity/images/Lung_Opacity-1172.png,Lung_Opacity,Lung_Opacity,0.00033052783692255616,0.9992606043815613,0.00013301933358889073,0.0002758601913228631,,,
/kaggle/input/datasets/tawsifurrahman/covid19-radiography-database/COVID-19_Radiography_Dataset/Lung_Opacity/images/Lung_Opacity-118.png,Lung_Opacity,Lung_Opacity,5.764587695011869e-05,0.9999222755432129,2.0075354768778197e-05,3.0727886013437455e-08,,,
/kaggle/input/datasets/tawsifurrahman/covid19-radiography-database/COVID-19_Radiography_Dataset/Lung_Opacity/images/Lung_Opacity-1182.png,Lung_Opacity,Lung_Opacity,0.056706078350543976,0.9400843977928162,0.0032095923088490963,8.357753378263055e-10,,,
/kaggle/input/datasets/tawsifurrahman/covid19-radiography-database/COVID-19_Radiography_Dataset/Lung_Opacity/images/Lung_Opacity-1183.png,Lung_Opacity,Lung_Opacity,0.004215193912386894,0.951685905456543,0.04408973082900047,9.187423529510852e-06,,0.3749420940876007,0.3749420940876007
/kaggle/input/datasets/tawsifurrahman/covid19-radiography-database/COVID-19_Radiography_Dataset/Lung_Opacity/images/Lung_Opacity-1184.png,Lung_Opacity,Lung_Opacity,1.8247479971478242e-08,0.9999502897262573,3.9784146792953834e-05,9.902292731567286e-06,,0.22836583852767944,0.22836583852767944
/kaggle/input/datasets/tawsifurrahman/covid19-radiography-database/COVID-19_Radiography_Dataset/Lung_Opacity/images/Lung_Opacity-1207.png,Lung_Opacity,Lung_Opacity,0.0004947154084220529,0.9989315867424011,0.0005706973024643958,2.917784286182723e-06,,,
/kaggle/input/datasets/tawsifurrahman/covid19-radiography-database/COVID-19_Radiography_Dataset/Lung_Opacity/images/Lung_Opacity-1212.png,Lung_Opacity,Normal,0.001158582279458642,0.04960671812295914,0.9492128491401672,2.176028283429332e-05,,,
/kaggle/input/datasets/tawsifurrahman/covid19-radiography-database/COVID-19_Radiography_Dataset/Lung_Opacity/images/Lung_Opacity-1214.png,Lung_Opacity,Normal,0.005330462008714676,0.0008452462498098612,0.993812084197998,1.2127931768191047e-05,,,
/kaggle/input/datasets/tawsifurrahman/covid19-radiography-database/COVID-19_Radiography_Dataset/Lung_Opacity/images/Lung_Opacity-1218.png,Lung_Opacity,Lung_Opacity,9.5502553449478e-05,0.8909614682197571,0.10891735553741455,2.5672856281744316e-05,,,
/kaggle/input/datasets/tawsifurrahman/covid19-radiography-database/COVID-19_Radiography_Dataset/Lung_Opacity/images/Lung_Opacity-1222.png,Lung_Opacity,Lung_Opacity,2.1172110109546338e-07,0.9992966651916504,0.0007030745618976653,1.721006115396051e-09,,,
/kaggle/input/datasets/tawsifurrahman/covid19-radiography-database/COVID-19_Radiography_Dataset/Lung_Opacity/images/Lung_Opacity-1223.png,Lung_Opacity,Lung_Opacity,7.117730547179235e-07,0.9993091821670532,0.0006870859651826322,2.9576883662230102e-06,,0.4010908901691437,0.4010908901691437
/kaggle/input/datasets/tawsifurrahman/covid19-radiography-database/COVID-19_Radiography_Dataset/Lung_Opacity/images/Lung_Opacity-1226.png,Lung_Opacity,Lung_Opacity,2.961807012979989e-06,0.9942265748977661,0.005769950803369284,4.841375584874186e-07,,,
/kaggle/input/datasets/tawsifurrahman/covid19-radiography-database/COVID-19_Radiography_Dataset/Lung_Opacity/images/Lung_Opacity-1240.png,Lung_Opacity,Normal,0.002516260137781501,0.25335055589675903,0.7401481866836548,0.003984982147812843,,0.2581583857536316,0.2581583857536316
/kaggle/input/datasets/tawsifurrahman/covid19-radiography-database/COVID-19_Radiography_Dataset/Lung_Opacity/images/Lung_Opacity-1241.png,Lung_Opacity,Lung_Opacity,4.882655844085093e-07,0.9805605411529541,0.019438927993178368,7.983862815308385e-08,,,
/kaggle/input/datasets/tawsifurrahman/covid19-radiography-database/COVID-19_Radiography_Dataset/Lung_Opacity/images/Lung_Opacity-1242.png,Lung_Opacity,Lung_Opacity,0.00027803098782896996,0.9996343851089478,4.288358104531653e-05,4.469856503419578e-05,,,
/kaggle/input/datasets/tawsifurrahman/covid19-radiography-database/COVID-19_Radiography_Dataset/Lung_Opacity/images/Lung_Opacity-1247.png,Lung_Opacity,Lung_Opacity,0.00020263831538613886,0.9996792078018188,0.00011757505126297474,5.581835011980729e-07,,,
/kaggle/input/datasets/tawsifurrahman/covid19-radiography-database/COVID-19_Radiography_Dataset/Lung_Opacity/images/Lung_Opacity-1249.png,Lung_Opacity,Lung_Opacity,0.0022370005026459694,0.9964689016342163,0.001292339526116848,1.8343690726396744e-06,,,
/kaggle/input/datasets/tawsifurrahman/covid19-radiography-database/COVID-19_Radiography_Dataset/Lung_Opacity/images/Lung_Opacity-1253.png,Lung_Opacity,Lung_Opacity,0.021573882550001144,0.9775740504264832,0.0008516811649315059,3.058958952806279e-07,,0.2196752429008484,0.2196752429008484
/kaggle/input/datasets/tawsifurrahman/covid19-radiography-database/COVID-19_Radiography_Dataset/Lung_Opacity/images/Lung_Opacity-1254.png,Lung_Opacity,Lung_Opacity,0.0012223675148561597,0.8114277124404907,0.18725457787513733,9.531730029266328e-05,,0.29820799827575684,0.29820799827575684
/kaggle/input/datasets/tawsifurrahman/covid19-radiography-database/COVID-19_Radiography_Dataset/Lung_Opacity/images/Lung_Opacity-1257.png,Lung_Opacity,Lung_Opacity,0.00029648750205524266,0.9964853525161743,0.0032162796705961227,1.87209468549554e-06,,,
/kaggle/input/datasets/tawsifurrahman/covid19-radiography-database/COVID-19_Radiography_Dataset/Lung_Opacity/images/Lung_Opacity-1273.png,Lung_Opacity,Normal,0.0015946321655064821,0.1961381733417511,0.8022671341896057,1.1092663676492975e-08,,,
/kaggle/input/datasets/tawsifurrahman/covid19-radiography-database/COVID-19_Radiography_Dataset/Lung_Opacity/images/Lung_Opacity-1277.png,Lung_Opacity,Lung_Opacity,0.002742977812886238,0.882565975189209,0.11468151956796646,9.477778803557158e-06,,,
/kaggle/input/datasets/tawsifurrahman/covid19-radiography-database/COVID-19_Radiography_Dataset/Lung_Opacity/images/Lung_Opacity-1281.png,Lung_Opacity,Lung_Opacity,7.558980996691389e-08,0.9999858140945435,4.844287104788236e-07,1.3565832887252327e-05,,,
/kaggle/input/datasets/tawsifurrahman/covid19-radiography-database/COVID-19_Radiography_Dataset/Lung_Opacity/images/Lung_Opacity-1300.png,Lung_Opacity,Lung_Opacity,0.00237837340682745,0.996792733669281,0.0007291957153938711,9.97480092337355e-05,,,
/kaggle/input/datasets/tawsifurrahman/covid19-radiography-database/COVID-19_Radiography_Dataset/Lung_Opacity/images/Lung_Opacity-1305.png,Lung_Opacity,Lung_Opacity,0.19730548560619354,0.6869091987609863,0.11556528508663177,0.0002199866430601105,,,
/kaggle/input/datasets/tawsifurrahman/covid19-radiography-database/COVID-19_Radiography_Dataset/Lung_Opacity/images/Lung_Opacity-133.png,Lung_Opacity,Lung_Opacity,0.014195038005709648,0.9731858372688293,0.0034502679482102394,0.009168843738734722,,,
/kaggle/input/datasets/tawsifurrahman/covid19-radiography-database/COVID-19_Radiography_Dataset/Lung_Opacity/images/Lung_Opacity-1331.png,Lung_Opacity,COVID,0.5384582281112671,0.4363410770893097,0.02223137393593788,0.0029693623073399067,,0.3832830488681793,0.3832830488681793
/kaggle/input/datasets/tawsifurrahman/covid19-radiography-database/COVID-19_Radiography_Dataset/Lung_Opacity/images/Lung_Opacity-1346.png,Lung_Opacity,Lung_Opacity,0.00016264471923932433,0.9938614368438721,0.005967813543975353,7.998266482900362e-06,,,
/kaggle/input/datasets/tawsifurrahman/covid19-radiography-database/COVID-19_Radiography_Dataset/Lung_Opacity/images/Lung_Opacity-1349.png,Lung_Opacity,Lung_Opacity,0.0320160947740078,0.9557143449783325,0.0016186285065487027,0.010650844313204288,,,
/kaggle/input/datasets/tawsifurrahman/covid19-radiography-database/COVID-19_Radiography_Dataset/Lung_Opacity/images/Lung_Opacity-1355.png,Lung_Opacity,Normal,0.00014847810962237418,0.2447398602962494,0.751592755317688,0.0035189271438866854,,,
/kaggle/input/datasets/tawsifurrahman/covid19-radiography-database/COVID-19_Radiography_Dataset/Lung_Opacity/images/Lung_Opacity-1364.png,Lung_Opacity,Lung_Opacity,6.179593037813902e-05,0.999800980091095,0.00013147071877028793,5.767508810095023e-06,,,
/kaggle/input/datasets/tawsifurrahman/covid19-radiography-database/COVID-19_Radiography_Dataset/Lung_Opacity/images/Lung_Opacity-1379.png,Lung_Opacity,Lung_Opacity,0.012474331073462963,0.9401107430458069,0.04386839270591736,0.0035465483088046312,,,
/kaggle/input/datasets/tawsifurrahman/covid19-radiography-database/COVID-19_Radiography_Dataset/Lung_Opacity/images/Lung_Opacity-1386.png,Lung_Opacity,Lung_Opacity,0.06023678556084633,0.9396238923072815,0.000128453757497482,1.0868960998777766e-05,,,
/kaggle/input/datasets/tawsifurrahman/covid19-radiography-database/COVID-19_Radiography_Dataset/Lung_Opacity/images/Lung_Opacity-140.png,Lung_Opacity,Lung_Opacity,1.211862468153413e-06,0.9998206496238708,0.00017813667363952845,2.9545221824633927e-09,,,
/kaggle/input/datasets/tawsifurrahman/covid19-radiography-database/COVID-19_Radiography_Dataset/Lung_Opacity/images/Lung_Opacity-1401.png,Lung_Opacity,Lung_Opacity,4.311970769776963e-06,0.9881526827812195,0.011842857114970684,1.1942108812945662e-07,,0.23391884565353394,0.23391884565353394
/kaggle/input/datasets/tawsifurrahman/covid19-radiography-database/COVID-19_Radiography_Dataset/Lung_Opacity/images/Lung_Opacity-1404.png,Lung_Opacity,Lung_Opacity,9.327767475042492e-05,0.8305052518844604,0.16939154267311096,9.926672646543011e-06,,,
/kaggle/input/datasets/tawsifurrahman/covid19-radiography-database/COVID-19_Radiography_Dataset/Lung_Opacity/images/Lung_Opacity-1412.png,Lung_Opacity,Lung_Opacity,0.0019443928031250834,0.9977874755859375,0.0002673534909263253,7.238332386805268e-07,,0.3318285644054413,0.3318285644054413
/kaggle/input/datasets/tawsifurrahman/covid19-radiography-database/COVID-19_Radiography_Dataset/Lung_Opacity/images/Lung_Opacity-1434.png,Lung_Opacity,Lung_Opacity,6.928064067324158e-06,0.9951360821723938,0.004856961779296398,3.034652706901397e-08,,0.2898018956184387,0.2898018956184387
/kaggle/input/datasets/tawsifurrahman/covid19-radiography-database/COVID-19_Radiography_Dataset/Lung_Opacity/images/Lung_Opacity-1439.png,Lung_Opacity,Lung_Opacity,4.1661604721632273e-10,0.9999712705612183,2.874769052141346e-05,6.372444349977968e-09,,,
/kaggle/input/datasets/tawsifurrahman/covid19-radiography-database/COVID-19_Radiography_Dataset/Lung_Opacity/images/Lung_Opacity-144.png,Lung_Opacity,Lung_Opacity,0.02730034850537777,0.9716079831123352,0.0010753964306786656,1.6262021745205857e-05,,,
/kaggle/input/datasets/tawsifurrahman/covid19-radiography-database/COVID-19_Radiography_Dataset/Lung_Opacity/images/Lung_Opacity-1441.png,Lung_Opacity,Lung_Opacity,0.0015164524083957076,0.9941217303276062,0.004360530525445938,1.3345460274649668e-06,,0.3795008361339569,0.3795008361339569
/kaggle/input/datasets/tawsifurrahman/covid19-radiography-database/COVID-19_Radiography_Dataset/Lung_Opacity/images/Lung_Opacity-1442.png,Lung_Opacity,Lung_Opacity,0.0015059326542541385,0.9983972907066345,9.625980601413175e-05,4.1816440443653846e-07,,0.2941942512989044,0.2941942512989044
/kaggle/input/datasets/tawsifurrahman/covid19-radiography-database/COVID-19_Radiography_Dataset/Lung_Opacity/images/Lung_Opacity-1446.png,Lung_Opacity,Lung_Opacity,6.895868864376098e-06,0.9995216131210327,0.0004714757378678769,3.43824124726666e-09,,0.30258312821388245,0.30258312821388245
/kaggle/input/datasets/tawsifurrahman/covid19-radiography-database/COVID-19_Radiography_Dataset/Lung_Opacity/images/Lung_Opacity-1447.png,Lung_Opacity,Lung_Opacity,0.07829669862985611,0.9196569919586182,0.0019409821834415197,0.00010530262079555541,,0.3583497405052185,0.3583497405052185
/kaggle/input/datasets/tawsifurrahman/covid19-radiography-database/COVID-19_Radiography_Dataset/Lung_Opacity/images/Lung_Opacity-1461.png,Lung_Opacity,Lung_Opacity,7.128519791876897e-05,0.9593223333358765,0.04059257730841637,1.3794498045172077e-05,,,
/kaggle/input/datasets/tawsifurrahman/covid19-radiography-database/COVID-19_Radiography_Dataset/Lung_Opacity/images/Lung_Opacity-1464.png,Lung_Opacity,Lung_Opacity,0.012014125473797321,0.6036449074745178,0.383908748626709,0.00043222936801612377,,,
/kaggle/input/datasets/tawsifurrahman/covid19-radiography-database/COVID-19_Radiography_Dataset/Lung_Opacity/images/Lung_Opacity-1466.png,Lung_Opacity,Lung_Opacity,5.1162889036504566e-08,0.9967708587646484,0.0027888715267181396,0.0004402593767736107,,,
/kaggle/input/datasets/tawsifurrahman/covid19-radiography-database/COVID-19_Radiography_Dataset/Lung_Opacity/images/Lung_Opacity-1467.png,Lung_Opacity,Lung_Opacity,0.0032360698096454144,0.9440345764160156,0.05270835757255554,2.1060699509689584e-05,,,
/kaggle/input/datasets/tawsifurrahman/covid19-radiography-database/COVID-19_Radiography_Dataset/Lung_Opacity/images/Lung_Opacity-1469.png,Lung_Opacity,Lung_Opacity,0.00029143516439944506,0.8382010459899902,0.16150708496570587,4.3962688778265147e-07,,,
/kaggle/input/datasets/tawsifurrahman/covid19-radiography-database/COVID-19_Radiography_Dataset/Lung_Opacity/images/Lung_Opacity-1513.png,Lung_Opacity,Lung_Opacity,2.4292117814184166e-05,0.9999560117721558,1.969140794244595e-05,3.371284848507905e-11,,0.37519174814224243,0.37519174814224243
/kaggle/input/datasets/tawsifurrahman/covid19-radiography-database/COVID-19_Radiography_Dataset/Lung_Opacity/images/Lung_Opacity-1520.png,Lung_Opacity,Lung_Opacity,3.944035051972605e-05,0.9751877784729004,0.024772517383098602,1.84795752034006e-07,,,
/kaggle/input/datasets/tawsifurrahman/covid19-radiography-database/COVID-19_Radiography_Dataset/Lung_Opacity/images/Lung_Opacity-1523.png,Lung_Opacity,Lung_Opacity,0.0963604673743248,0.8836720585823059,0.019963359460234642,4.060849278175738e-06,,0.3707845211029053,0.3707845211029053
/kaggle/input/datasets/tawsifurrahman/covid19-radiography-database/COVID-19_Radiography_Dataset/Lung_Opacity/images/Lung_Opacity-1524.png,Lung_Opacity,Normal,0.006262143142521381,0.1047845408320427,0.8854004740715027,0.003552797017619014,,,
/kaggle/input/datasets/tawsifurrahman/covid19-radiography-database/COVID-19_Radiography_Dataset/Lung_Opacity/images/Lung_Opacity-1529.png,Lung_Opacity,Lung_Opacity,0.0256036464124918,0.7883397340774536,0.18602463603019714,3.193988959537819e-05,,,
/kaggle/input/datasets/tawsifurrahman/covid19-radiography-database/COVID-19_Radiography_Dataset/Lung_Opacity/images/Lung_Opacity-1535.png,Lung_Opacity,Normal,0.006909392774105072,0.12931647896766663,0.8616474866867065,0.002126577077433467,,,
/kaggle/input/datasets/tawsifurrahman/covid19-radiography-database/COVID-19_Radiography_Dataset/Lung_Opacity/images/Lung_Opacity-1540.png,Lung_Opacity,Lung_Opacity,0.003066270612180233,0.9902352690696716,0.004846217576414347,0.0018521972233429551,,,
/kaggle/input/datasets/tawsifurrahman/covid19-radiography-database/COVID-19_Radiography_Dataset/Lung_Opacity/images/Lung_Opacity-1552.png,Lung_Opacity,Lung_Opacity,0.0012011552462354302,0.9841041564941406,0.014610371552407742,8.439214434474707e-05,,0.3140389621257782,0.3140389621257782
/kaggle/input/datasets/tawsifurrahman/covid19-radiography-database/COVID-19_Radiography_Dataset/Lung_Opacity/images/Lung_Opacity-1556.png,Lung_Opacity,Lung_Opacity,2.8134104468335863e-07,0.9998828172683716,0.0001136638893513009,3.21271113534749e-06,,,
/kaggle/input/datasets/tawsifurrahman/covid19-radiography-database/COVID-19_Radiography_Dataset/Lung_Opacity/images/Lung_Opacity-157.png,Lung_Opacity,Lung_Opacity,5.220250386628322e-05,0.9998685121536255,7.90386475273408e-05,2.611747333958192e-07,,,
/kaggle/input/datasets/tawsifurrahman/covid19-radiography-database/COVID-19_Radiography_Dataset/Lung_Opacity/images/Lung_Opacity-1571.png,Lung_Opacity,Lung_Opacity,1.8797596567310393e-05,0.9806985259056091,0.019280502572655678,2.1395899238996208e-06,,0.27647334337234497,0.27647334337234497
/kaggle/input/datasets/tawsifurrahman/covid19-radiography-database/COVID-19_Radiography_Dataset/Lung_Opacity/images/Lung_Opacity-1579.png,Lung_Opacity,Normal,1.2764787243213505e-05,0.01957974024116993,0.979280412197113,0.0011271253461018205,,,
/kaggle/input/datasets/tawsifurrahman/covid19-radiography-database/COVID-19_Radiography_Dataset/Lung_Opacity/images/Lung_Opacity-1583.png,Lung_Opacity,Lung_Opacity,0.18353866040706635,0.513125479221344,0.24848517775535583,0.05485070124268532,,,
/kaggle/input/datasets/tawsifurrahman/covid19-radiography-database/COVID-19_Radiography_Dataset/Lung_Opacity/images/Lung_Opacity-1584.png,Lung_Opacity,Lung_Opacity,0.0001636515517020598,0.7647013068199158,0.23338057100772858,0.0017544168513268232,,0.3214872479438782,0.3214872479438782
/kaggle/input/datasets/tawsifurrahman/covid19-radiography-database/COVID-19_Radiography_Dataset/Lung_Opacity/images/Lung_Opacity-159.png,Lung_Opacity,Lung_Opacity,0.0009698463836684823,0.6203306913375854,0.378690630197525,8.768389307078905e-06,,0.27475956082344055,0.27475956082344055
/kaggle/input/datasets/tawsifurrahman/covid19-radiography-database/COVID-19_Radiography_Dataset/Lung_Opacity/images/Lung_Opacity-1591.png,Lung_Opacity,Lung_Opacity,0.0023156332317739725,0.9934101700782776,0.004272098653018475,2.1633995856973343e-06,,0.25169241428375244,0.25169241428375244
/kaggle/input/datasets/tawsifurrahman/covid19-radiography-database/COVID-19_Radiography_Dataset/Lung_Opacity/images/Lung_Opacity-1599.png,Lung_Opacity,Lung_Opacity,0.00019048003014177084,0.9996858835220337,0.00011894953058799729,4.756147518492071e-06,,0.2895665466785431,0.2895665466785431
/kaggle/input/datasets/tawsifurrahman/covid19-radiography-database/COVID-19_Radiography_Dataset/Lung_Opacity/images/Lung_Opacity-16.png,Lung_Opacity,Lung_Opacity,8.442147372988984e-05,0.9988024234771729,0.0010605384595692158,5.257679367787205e-05,,0.38452690839767456,0.38452690839767456
/kaggle/input/datasets/tawsifurrahman/covid19-radiography-database/COVID-19_Radiography_Dataset/Lung_Opacity/images/Lung_Opacity-1605.png,Lung_Opacity,Lung_Opacity,1.0894198567257263e-05,0.9999697208404541,1.9331866496941075e-05,1.3691601630227979e-08,,,
/kaggle/input/datasets/tawsifurrahman/covid19-radiography-database/COVID-19_Radiography_Dataset/Lung_Opacity/images/Lung_Opacity-161.png,Lung_Opacity,Lung_Opacity,0.0005543503211811185,0.9897345304489136,0.00919407233595848,0.0005169700598344207,,,
/kaggle/input/datasets/tawsifurrahman/covid19-radiography-database/COVID-19_Radiography_Dataset/Lung_Opacity/images/Lung_Opacity-1619.png,Lung_Opacity,Lung_Opacity,0.07942994683980942,0.8625176548957825,0.05477937310934067,0.003272963920608163,,,
/kaggle/input/datasets/tawsifurrahman/covid19-radiography-database/COVID-19_Radiography_Dataset/Lung_Opacity/images/Lung_Opacity-1621.png,Lung_Opacity,Normal,0.003828613553196192,0.1027265414595604,0.8794712424278259,0.013973594643175602,,0.34950128197669983,0.34950128197669983
/kaggle/input/datasets/tawsifurrahman/covid19-radiography-database/COVID-19_Radiography_Dataset/Lung_Opacity/images/Lung_Opacity-1628.png,Lung_Opacity,Normal,0.00017949240282177925,0.09158487617969513,0.9082069396972656,2.8670918254647404e-05,,,
/kaggle/input/datasets/tawsifurrahman/covid19-radiography-database/COVID-19_Radiography_Dataset/Lung_Opacity/images/Lung_Opacity-1637.png,Lung_Opacity,COVID,0.7486296892166138,0.22369910776615143,0.027560560032725334,0.0001106736235669814,,0.18508940935134888,0.18508940935134888
/kaggle/input/datasets/tawsifurrahman/covid19-radiography-database/COVID-19_Radiography_Dataset/Lung_Opacity/images/Lung_Opacity-1647.png,Lung_Opacity,Lung_Opacity,3.7360759961302392e-06,0.9913637638092041,0.008632141165435314,3.830063519671967e-07,,,
/kaggle/input/datasets/tawsifurrahman/covid19-radiography-database/COVID-19_Radiography_Dataset/Lung_Opacity/images/Lung_Opacity-1648.png,Lung_Opacity,Lung_Opacity,2.9316797736100852e-06,0.9999951124191284,8.633807055957732e-07,1.0579764193607843e-06,,0.3966115415096283,0.3966115415096283
/kaggle/input/datasets/tawsifurrahman/covid19-radiography-database/COVID-19_Radiography_Dataset/Lung_Opacity/images/Lung_Opacity-1651.png,Lung_Opacity,Lung_Opacity,3.535719224601053e-05,0.9998730421066284,9.164103539660573e-05,2.0254917743045553e-09,,,
/kaggle/input/datasets/tawsifurrahman/covid19-radiography-database/COVID-19_Radiography_Dataset/Lung_Opacity/images/Lung_Opacity-1664.png,Lung_Opacity,Lung_Opacity,9.001595026347786e-05,0.9996514320373535,0.0002578868588898331,7.226564662232704e-07,,0.505749523639679,0.505749523639679
/kaggle/input/datasets/tawsifurrahman/covid19-radiography-database/COVID-19_Radiography_Dataset/Lung_Opacity/images/Lung_Opacity-1685.png,Lung_Opacity,Lung_Opacity,0.003677953267470002,0.9917991161346436,0.003588100429624319,0.0009348516468890011,,0.15447485446929932,0.15447485446929932
/kaggle/input/datasets/tawsifurrahman/covid19-radiography-database/COVID-19_Radiography_Dataset/Lung_Opacity/images/Lung_Opacity-1698.png,Lung_Opacity,Lung_Opacity,0.0008701290935277939,0.9565503597259521,0.042577628046274185,1.9741739833989413e-06,,0.23236724734306335,0.23236724734306335
/kaggle/input/datasets/tawsifurrahman/covid19-radiography-database/COVID-19_Radiography_Dataset/Lung_Opacity/images/Lung_Opacity-17.png,Lung_Opacity,Lung_Opacity,8.276898006442934e-05,0.9802671670913696,0.019644085317850113,5.971091013634577e-06,,0.38994312286376953,0.38994312286376953
/kaggle/input/datasets/tawsifurrahman/covid19-radiography-database/COVID-19_Radiography_Dataset/Lung_Opacity/images/Lung_Opacity-1720.png,Lung_Opacity,Lung_Opacity,0.00012443408195395023,0.9995729327201843,0.00030264531960710883,4.041135426291476e-09,,0.21862635016441345,0.21862635016441345
/kaggle/input/datasets/tawsifurrahman/covid19-radiography-database/COVID-19_Radiography_Dataset/Lung_Opacity/images/Lung_Opacity-1721.png,Lung_Opacity,Lung_Opacity,0.16775023937225342,0.8297429084777832,0.0025008306838572025,6.009456228639465e-06,,,
/kaggle/input/datasets/tawsifurrahman/covid19-radiography-database/COVID-19_Radiography_Dataset/Lung_Opacity/images/Lung_Opacity-1726.png,Lung_Opacity,Lung_Opacity,2.3761480406392366e-05,0.998450517654419,0.0015250482829287648,5.688548299076501e-07,,,
/kaggle/input/datasets/tawsifurrahman/covid19-radiography-database/COVID-19_Radiography_Dataset/Lung_Opacity/images/Lung_Opacity-1733.png,Lung_Opacity,Lung_Opacity,0.0013354254188016057,0.5247063636779785,0.4736526906490326,0.000305515481159091,,,
/kaggle/input/datasets/tawsifurrahman/covid19-radiography-database/COVID-19_Radiography_Dataset/Lung_Opacity/images/Lung_Opacity-1734.png,Lung_Opacity,Lung_Opacity,7.591985422550351e-07,0.9998407363891602,0.0001584950223332271,4.136855480396662e-08,,,
/kaggle/input/datasets/tawsifurrahman/covid19-radiography-database/COVID-19_Radiography_Dataset/Lung_Opacity/images/Lung_Opacity-1739.png,Lung_Opacity,Lung_Opacity,0.0010011870181187987,0.998938262462616,5.997445259708911e-05,6.373199425979692e-07,,,
/kaggle/input/datasets/tawsifurrahman/covid19-radiography-database/COVID-19_Radiography_Dataset/Lung_Opacity/images/Lung_Opacity-1742.png,Lung_Opacity,Lung_Opacity,3.695992290886352e-06,0.9947431087493896,0.005253242328763008,5.4477922617479635e-08,,,
/kaggle/input/datasets/tawsifurrahman/covid19-radiography-database/COVID-19_Radiography_Dataset/Lung_Opacity/images/Lung_Opacity-1745.png,Lung_Opacity,Lung_Opacity,9.451907345692234e-08,0.9996004700660706,0.0003994037688244134,2.8361586856817667e-08,,0.3671649694442749,0.3671649694442749
/kaggle/input/datasets/tawsifurrahman/covid19-radiography-database/COVID-19_Radiography_Dataset/Lung_Opacity/images/Lung_Opacity-1755.png,Lung_Opacity,Lung_Opacity,0.30122336745262146,0.6845776438713074,0.009958488866686821,0.004240428097546101,,,
/kaggle/input/datasets/tawsifurrahman/covid19-radiography-database/COVID-19_Radiography_Dataset/Lung_Opacity/images/Lung_Opacity-1781.png,Lung_Opacity,Normal,2.117957774316892e-05,0.44917523860931396,0.5507918000221252,1.1756952517316677e-05,,,
/kaggle/input/datasets/tawsifurrahman/covid19-radiography-database/COVID-19_Radiography_Dataset/Lung_Opacity/images/Lung_Opacity-1782.png,Lung_Opacity,Lung_Opacity,3.879065388900926e-06,0.9999226331710815,7.345047924900427e-05,2.2621922113330584e-08,,,
/kaggle/input/datasets/tawsifurrahman/covid19-radiography-database/COVID-19_Radiography_Dataset/Lung_Opacity/images/Lung_Opacity-1785.png,Lung_Opacity,Lung_Opacity,0.0027434006333351135,0.7619962096214294,0.23513588309288025,0.0001245377934537828,,,
/kaggle/input/datasets/tawsifurrahman/covid19-radiography-database/COVID-19_Radiography_Dataset/Lung_Opacity/images/Lung_Opacity-1795.png,Lung_Opacity,Normal,8.849066216498613e-05,0.00038583812420256436,0.9995228052139282,2.818120492520393e-06,,,
/kaggle/input/datasets/tawsifurrahman/covid19-radiography-database/COVID-19_Radiography_Dataset/Lung_Opacity/images/Lung_Opacity-1798.png,Lung_Opacity,Lung_Opacity,8.806473488220945e-06,0.9999864101409912,4.735280072054593e-06,5.5003230414740756e-08,,,
/kaggle/input/datasets/tawsifurrahman/covid19-radiography-database/COVID-19_Radiography_Dataset/Lung_Opacity/images/Lung_Opacity-1799.png,Lung_Opacity,Lung_Opacity,2.1367132063687677e-08,0.9998751878738403,0.00012239060015417635,2.391690941294655e-06,,,
/kaggle/input/datasets/tawsifurrahman/covid19-radiography-database/COVID-19_Radiography_Dataset/Lung_Opacity/images/Lung_Opacity-180.png,Lung_Opacity,Normal,0.01379374135285616,0.04293876513838768,0.9432669878005981,5.030304350839288e-07,,0.35002338886260986,0.35002338886260986
/kaggle/input/datasets/tawsifurrahman/covid19-radiography-database/COVID-19_Radiography_Dataset/Lung_Opacity/images/Lung_Opacity-1800.png,Lung_Opacity,Lung_Opacity,5.000606324756518e-05,0.999948263168335,1.7590922425370081e-06,2.445533331396632e-09,,,
/kaggle/input/datasets/tawsifurrahman/covid19-radiography-database/COVID-19_Radiography_Dataset/Lung_Opacity/images/Lung_Opacity-1805.png,Lung_Opacity,Lung_Opacity,1.2335493011050858e-05,0.9999867677688599,7.789626010890061e-07,8.579517896123434e-08,,0.3287646770477295,0.3287646770477295
/kaggle/input/datasets/tawsifurrahman/covid19-radiography-database/COVID-19_Radiography_Dataset/Lung_Opacity/images/Lung_Opacity-1806.png,Lung_Opacity,Lung_Opacity,4.168001760262996e-05,0.9977828860282898,0.0009478976135142148,0.0012274687178432941,,0.35247984528541565,0.35247984528541565
/kaggle/input/datasets/tawsifurrahman/covid19-radiography-database/COVID-19_Radiography_Dataset/Lung_Opacity/images/Lung_Opacity-1811.png,Lung_Opacity,Lung_Opacity,0.0010223517892882228,0.9989615678787231,1.4380045286088716e-05,1.662361455601058e-06,,0.37191328406333923,0.37191328406333923
/kaggle/input/datasets/tawsifurrahman/covid19-radiography-database/COVID-19_Radiography_Dataset/Lung_Opacity/images/Lung_Opacity-182.png,Lung_Opacity,Lung_Opacity,1.7052620426838416e-09,0.9975516200065613,0.0024483613669872284,2.9244489496704773e-08,,,
/kaggle/input/datasets/tawsifurrahman/covid19-radiography-database/COVID-19_Radiography_Dataset/Lung_Opacity/images/Lung_Opacity-1822.png,Lung_Opacity,Lung_Opacity,3.45573753293138e-05,0.9742119908332825,0.025753434747457504,1.5534489250512706e-08,,,
/kaggle/input/datasets/tawsifurrahman/covid19-radiography-database/COVID-19_Radiography_Dataset/Lung_Opacity/images/Lung_Opacity-1824.png,Lung_Opacity,Normal,5.3875678531767335e-06,0.00809067115187645,0.9919036030769348,3.440027285250835e-07,,,
/kaggle/input/datasets/tawsifurrahman/covid19-radiography-database/COVID-19_Radiography_Dataset/Lung_Opacity/images/Lung_Opacity-1826.png,Lung_Opacity,Lung_Opacity,7.20235620974563e-05,0.9911990761756897,0.008726770989596844,2.0828326796618057e-06,,0.4719044268131256,0.4719044268131256
/kaggle/input/datasets/tawsifurrahman/covid19-radiography-database/COVID-19_Radiography_Dataset/Lung_Opacity/images/Lung_Opacity-1829.png,Lung_Opacity,Lung_Opacity,0.0004005498776677996,0.8441851735115051,0.1314115822315216,0.0240026842802763,,,
/kaggle/input/datasets/tawsifurrahman/covid19-radiography-database/COVID-19_Radiography_Dataset/Lung_Opacity/images/Lung_Opacity-1831.png,Lung_Opacity,Lung_Opacity,0.0010602155234664679,0.9204414486885071,0.07849713414907455,1.197099891214748e-06,,,
/kaggle/input/datasets/tawsifurrahman/covid19-radiography-database/COVID-19_Radiography_Dataset/Lung_Opacity/images/Lung_Opacity-1834.png,Lung_Opacity,Lung_Opacity,1.8265204460021778e-08,0.9384494423866272,0.06154865399003029,1.8471594103175448e-06,,,
/kaggle/input/datasets/tawsifurrahman/covid19-radiography-database/COVID-19_Radiography_Dataset/Lung_Opacity/images/Lung_Opacity-1835.png,Lung_Opacity,Normal,0.00042987207416445017,0.34637215733528137,0.6531968116760254,1.0912801826634677e-06,,,
/kaggle/input/datasets/tawsifurrahman/covid19-radiography-database/COVID-19_Radiography_Dataset/Lung_Opacity/images/Lung_Opacity-1848.png,Lung_Opacity,Lung_Opacity,0.015363313257694244,0.9689779877662659,0.0155453747138381,0.00011331092537147924,,,
/kaggle/input/datasets/tawsifurrahman/covid19-radiography-database/COVID-19_Radiography_Dataset/Lung_Opacity/images/Lung_Opacity-1853.png,Lung_Opacity,Lung_Opacity,0.00010761339945020154,0.996269941329956,0.0036223484203219414,8.04160151801625e-08,,,
/kaggle/input/datasets/tawsifurrahman/covid19-radiography-database/COVID-19_Radiography_Dataset/Lung_Opacity/images/Lung_Opacity-1858.png,Lung_Opacity,Lung_Opacity,2.616216965289908e-11,0.9999964237213135,3.611094598454656e-06,8.583229238467993e-09,,,
/kaggle/input/datasets/tawsifurrahman/covid19-radiography-database/COVID-19_Radiography_Dataset/Lung_Opacity/images/Lung_Opacity-1864.png,Lung_Opacity,Lung_Opacity,0.0003309595340397209,0.8955935835838318,0.10403066128492355,4.47259189968463e-05,,,
/kaggle/input/datasets/tawsifurrahman/covid19-radiography-database/COVID-19_Radiography_Dataset/Lung_Opacity/images/Lung_Opacity-1871.png,Lung_Opacity,Lung_Opacity,7.278376870090142e-06,0.9999904632568359,2.2508281745103886e-06,4.579476797772486e-09,,,
/kaggle/input/datasets/tawsifurrahman/covid19-radiography-database/COVID-19_Radiography_Dataset/Lung_Opacity/images/Lung_Opacity-1878.png,Lung_Opacity,Lung_Opacity,0.021407637745141983,0.9240686297416687,0.0545230396091938,6.774918688279286e-07,,,
/kaggle/input/datasets/tawsifurrahman/covid19-radiography-database/COVID-19_Radiography_Dataset/Lung_Opacity/images/Lung_Opacity-1879.png,Lung_Opacity,Lung_Opacity,4.431130491866497e-06,0.9996308088302612,0.00032686820486560464,3.790723349084146e-05,,0.30726921558380127,0.30726921558380127
/kaggle/input/datasets/tawsifurrahman/covid19-radiography-database/COVID-19_Radiography_Dataset/Lung_Opacity/images/Lung_Opacity-188.png,Lung_Opacity,Lung_Opacity,3.7317111036827555e-06,0.9999172687530518,7.721523434156552e-05,1.7339974647256895e-06,,0.3340648412704468,0.3340648412704468
/kaggle/input/datasets/tawsifurrahman/covid19-radiography-database/COVID-19_Radiography_Dataset/Lung_Opacity/images/Lung_Opacity-1884.png,Lung_Opacity,Lung_Opacity,0.0007355627021752298,0.9991138577461243,0.00015057678683660924,4.442548373617683e-08,,,
/kaggle/input/datasets/tawsifurrahman/covid19-radiography-database/COVID-19_Radiography_Dataset/Lung_Opacity/images/Lung_Opacity-1886.png,Lung_Opacity,Lung_Opacity,0.00029292627004906535,0.9995937943458557,0.00011329948029015213,2.3351441669205997e-08,,,
/kaggle/input/datasets/tawsifurrahman/covid19-radiography-database/COVID-19_Radiography_Dataset/Lung_Opacity/images/Lung_Opacity-1890.png,Lung_Opacity,Lung_Opacity,0.0025076461024582386,0.8478320240974426,0.14964021742343903,2.0159775885986164e-05,,0.2718404531478882,0.2718404531478882
/kaggle/input/datasets/tawsifurrahman/covid19-radiography-database/COVID-19_Radiography_Dataset/Lung_Opacity/images/Lung_Opacity-1891.png,Lung_Opacity,Lung_Opacity,0.030662760138511658,0.9520621299743652,0.015168779529631138,0.002106318948790431,,,
/kaggle/input/datasets/tawsifurrahman/covid19-radiography-database/COVID-19_Radiography_Dataset/Lung_Opacity/images/Lung_Opacity-1892.png,Lung_Opacity,Lung_Opacity,0.0003288071311544627,0.9922258853912354,0.007439621724188328,5.690571470040595e-06,,,
/kaggle/input/datasets/tawsifurrahman/covid19-radiography-database/COVID-19_Radiography_Dataset/Lung_Opacity/images/Lung_Opacity-190.png,Lung_Opacity,Lung_Opacity,0.00020058122754562646,0.9997478127479553,5.1524326408980414e-05,1.4046931084976677e-07,,,
/kaggle/input/datasets/tawsifurrahman/covid19-radiography-database/COVID-19_Radiography_Dataset/Lung_Opacity/images/Lung_Opacity-1913.png,Lung_Opacity,Lung_Opacity,1.3174415471439715e-05,0.979282796382904,0.020703934133052826,9.087810326491308e-08,,,
/kaggle/input/datasets/tawsifurrahman/covid19-radiography-database/COVID-19_Radiography_Dataset/Lung_Opacity/images/Lung_Opacity-1924.png,Lung_Opacity,Lung_Opacity,0.0008870759047567844,0.9622201323509216,0.03689226880669594,6.070363838261983e-07,,0.41799429059028625,0.41799429059028625
/kaggle/input/datasets/tawsifurrahman/covid19-radiography-database/COVID-19_Radiography_Dataset/Lung_Opacity/images/Lung_Opacity-1945.png,Lung_Opacity,Normal,0.01427027303725481,0.40983152389526367,0.568581759929657,0.007316475734114647,,0.1894311010837555,0.1894311010837555
/kaggle/input/datasets/tawsifurrahman/covid19-radiography-database/COVID-19_Radiography_Dataset/Lung_Opacity/images/Lung_Opacity-1957.png,Lung_Opacity,Lung_Opacity,0.0014139754930511117,0.8754069209098816,0.12316091358661652,1.8148029994335957e-05,,,
/kaggle/input/datasets/tawsifurrahman/covid19-radiography-database/COVID-19_Radiography_Dataset/Lung_Opacity/images/Lung_Opacity-196.png,Lung_Opacity,Lung_Opacity,0.00048378255451098084,0.9544177055358887,0.04508966952562332,8.8653932834859e-06,,,
/kaggle/input/datasets/tawsifurrahman/covid19-radiography-database/COVID-19_Radiography_Dataset/Lung_Opacity/images/Lung_Opacity-1964.png,Lung_Opacity,Lung_Opacity,1.0073904377350118e-05,0.9453902244567871,0.05459899827837944,6.973894528528035e-07,,0.10269534587860107,0.10269534587860107
/kaggle/input/datasets/tawsifurrahman/covid19-radiography-database/COVID-19_Radiography_Dataset/Lung_Opacity/images/Lung_Opacity-1974.png,Lung_Opacity,Lung_Opacity,0.00015266193076968193,0.9456613063812256,0.05227503925561905,0.001910861232317984,,0.20684000849723816,0.20684000849723816
/kaggle/input/datasets/tawsifurrahman/covid19-radiography-database/COVID-19_Radiography_Dataset/Lung_Opacity/images/Lung_Opacity-1979.png,Lung_Opacity,Lung_Opacity,0.0001004202786134556,0.9938637018203735,0.006035623140633106,2.1396516558525036e-07,,,
/kaggle/input/datasets/tawsifurrahman/covid19-radiography-database/COVID-19_Radiography_Dataset/Lung_Opacity/images/Lung_Opacity-1981.png,Lung_Opacity,Lung_Opacity,1.8988660599461582e-07,0.9978996515274048,0.001779011101461947,0.0003211538423784077,,0.2983032763004303,0.2983032763004303
/kaggle/input/datasets/tawsifurrahman/covid19-radiography-database/COVID-19_Radiography_Dataset/Lung_Opacity/images/Lung_Opacity-1986.png,Lung_Opacity,Lung_Opacity,0.006159954704344273,0.9926093220710754,0.0012264916440472007,4.295547569199698e-06,,,
/kaggle/input/datasets/tawsifurrahman/covid19-radiography-database/COVID-19_Radiography_Dataset/Lung_Opacity/images/Lung_Opacity-1989.png,Lung_Opacity,Lung_Opacity,0.013327696360647678,0.9832130074501038,0.0034580372739583254,1.3360527191252913e-06,,,
/kaggle/input/datasets/tawsifurrahman/covid19-radiography-database/COVID-19_Radiography_Dataset/Lung_Opacity/images/Lung_Opacity-1991.png,Lung_Opacity,COVID,0.9573959708213806,0.04205089434981346,0.0005526904133148491,4.3186184939258965e-07,,,
/kaggle/input/datasets/tawsifurrahman/covid19-radiography-database/COVID-19_Radiography_Dataset/Lung_Opacity/images/Lung_Opacity-1994.png,Lung_Opacity,Lung_Opacity,0.1776013821363449,0.5971746444702148,0.22506995499134064,0.00015400021220557392,,,
/kaggle/input/datasets/tawsifurrahman/covid19-radiography-database/COVID-19_Radiography_Dataset/Lung_Opacity/images/Lung_Opacity-1995.png,Lung_Opacity,Lung_Opacity,0.0001874041190603748,0.5526021718978882,0.4472096562385559,7.260063057401567e-07,,,
/kaggle/input/datasets/tawsifurrahman/covid19-radiography-database/COVID-19_Radiography_Dataset/Lung_Opacity/images/Lung_Opacity-2000.png,Lung_Opacity,Lung_Opacity,8.240323040809017e-06,0.9947783946990967,0.005211092997342348,2.27754549086967e-06,,0.25163406133651733,0.25163406133651733
/kaggle/input/datasets/tawsifurrahman/covid19-radiography-database/COVID-19_Radiography_Dataset/Lung_Opacity/images/Lung_Opacity-2002.png,Lung_Opacity,Lung_Opacity,3.6564733818522654e-06,0.9886296987533569,0.011310070753097534,5.65616246603895e-05,,,
/kaggle/input/datasets/tawsifurrahman/covid19-radiography-database/COVID-19_Radiography_Dataset/Lung_Opacity/images/Lung_Opacity-201.png,Lung_Opacity,Lung_Opacity,0.00010600287350825965,0.9997996687889099,9.347746527055278e-05,8.624228939879686e-07,,,
/kaggle/input/datasets/tawsifurrahman/covid19-radiography-database/COVID-19_Radiography_Dataset/Lung_Opacity/images/Lung_Opacity-2017.png,Lung_Opacity,Lung_Opacity,4.2884749973381986e-07,0.9999754428863525,2.408210639259778e-05,7.274564950421336e-09,,0.34476447105407715,0.34476447105407715
/kaggle/input/datasets/tawsifurrahman/covid19-radiography-database/COVID-19_Radiography_Dataset/Lung_Opacity/images/Lung_Opacity-2019.png,Lung_Opacity,Lung_Opacity,0.037299759685993195,0.9623119235038757,0.0003878964053001255,3.3233300200663507e-07,,,
/kaggle/input/datasets/tawsifurrahman/covid19-radiography-database/COVID-19_Radiography_Dataset/Lung_Opacity/images/Lung_Opacity-2025.png,Lung_Opacity,Lung_Opacity,1.3077521998638986e-07,0.9986380934715271,0.0013616277137771249,1.3077847427211964e-07,,,
/kaggle/input/datasets/tawsifurrahman/covid19-radiography-database/COVID-19_Radiography_Dataset/Lung_Opacity/images/Lung_Opacity-2034.png,Lung_Opacity,Lung_Opacity,3.549277494130365e-08,0.9699356555938721,0.029998717829585075,6.558914174092934e-05,,,
/kaggle/input/datasets/tawsifurrahman/covid19-radiography-database/COVID-19_Radiography_Dataset/Lung_Opacity/images/Lung_Opacity-2079.png,Lung_Opacity,Lung_Opacity,7.706226767822955e-08,0.9999394416809082,5.863905607839115e-05,1.7758701460479642e-06,,,
/kaggle/input/datasets/tawsifurrahman/covid19-radiography-database/COVID-19_Radiography_Dataset/Lung_Opacity/images/Lung_Opacity-2093.png,Lung_Opacity,Lung_Opacity,1.3574748663813807e-05,0.999728262424469,0.00025296586682088673,5.1250872274977155e-06,,,
/kaggle/input/datasets/tawsifurrahman/covid19-radiography-database/COVID-19_Radiography_Dataset/Lung_Opacity/images/Lung_Opacity-2104.png,Lung_Opacity,Lung_Opacity,0.01980905793607235,0.9635818004608154,0.016609109938144684,6.90915102907752e-10,,,
/kaggle/input/datasets/tawsifurrahman/covid19-radiography-database/COVID-19_Radiography_Dataset/Lung_Opacity/images/Lung_Opacity-2105.png,Lung_Opacity,Normal,3.4078286262229085e-05,0.11030606180429459,0.8895251154899597,0.0001347172074019909,,,
/kaggle/input/datasets/tawsifurrahman/covid19-radiography-database/COVID-19_Radiography_Dataset/Lung_Opacity/images/Lung_Opacity-2107.png,Lung_Opacity,Lung_Opacity,7.575978733243005e-11,0.9999998807907104,1.3974727153254207e-07,4.609933615395967e-11,,0.24777542054653168,0.24777542054653168
/kaggle/input/datasets/tawsifurrahman/covid19-radiography-database/COVID-19_Radiography_Dataset/Lung_Opacity/images/Lung_Opacity-2109.png,Lung_Opacity,Lung_Opacity,0.00015837627870496362,0.9998331069946289,7.651695341337472e-06,7.803291737218387e-07,,,
/kaggle/input/datasets/tawsifurrahman/covid19-radiography-database/COVID-19_Radiography_Dataset/Lung_Opacity/images/Lung_Opacity-2130.png,Lung_Opacity,Lung_Opacity,8.24722446850501e-05,0.9995506405830383,0.00036640421603806317,4.4138693056083866e-07,,0.3389472961425781,0.3389472961425781
/kaggle/input/datasets/tawsifurrahman/covid19-radiography-database/COVID-19_Radiography_Dataset/Lung_Opacity/images/Lung_Opacity-2132.png,Lung_Opacity,Lung_Opacity,0.002718157833442092,0.9941442608833313,0.0029754950664937496,0.00016211577167268842,,,
/kaggle/input/datasets/tawsifurrahman/covid19-radiography-database/COVID-19_Radiography_Dataset/Lung_Opacity/images/Lung_Opacity-2134.png,Lung_Opacity,Lung_Opacity,1.2642634317217016e-07,0.9964775443077087,0.003522074781358242,2.0758936614129198e-07,,,
/kaggle/input/datasets/tawsifurrahman/covid19-radiography-database/COVID-19_Radiography_Dataset/Lung_Opacity/images/Lung_Opacity-2136.png,Lung_Opacity,Lung_Opacity,0.00015451054787263274,0.9997771382331848,6.832349754404277e-05,6.516178707727249e-09,,,
/kaggle/input/datasets/tawsifurrahman/covid19-radiography-database/COVID-19_Radiography_Dataset/Lung_Opacity/images/Lung_Opacity-2140.png,Lung_Opacity,Lung_Opacity,0.005468305200338364,0.9933429956436157,0.0010542669333517551,0.00013434943684842438,,,
/kaggle/input/datasets/tawsifurrahman/covid19-radiography-database/COVID-19_Radiography_Dataset/Lung_Opacity/images/Lung_Opacity-2144.png,Lung_Opacity,Lung_Opacity,1.2143332241976168e-05,0.9985466599464417,0.0014407614944502711,3.779818200655427e-07,,,
/kaggle/input/datasets/tawsifurrahman/covid19-radiography-database/COVID-19_Radiography_Dataset/Lung_Opacity/images/Lung_Opacity-2146.png,Lung_Opacity,Lung_Opacity,0.00016051575948949903,0.9634791016578674,0.0354156419634819,0.000944661209359765,,,
/kaggle/input/datasets/tawsifurrahman/covid19-radiography-database/COVID-19_Radiography_Dataset/Lung_Opacity/images/Lung_Opacity-215.png,Lung_Opacity,Normal,8.203223273994809e-07,0.0022335059475153685,0.9977656602859497,6.406956215565529e-11,,,
/kaggle/input/datasets/tawsifurrahman/covid19-radiography-database/COVID-19_Radiography_Dataset/Lung_Opacity/images/Lung_Opacity-2158.png,Lung_Opacity,Lung_Opacity,0.01882861740887165,0.9806971549987793,0.00047391222324222326,3.93243112739583e-07,,0.4948296546936035,0.4948296546936035
/kaggle/input/datasets/tawsifurrahman/covid19-radiography-database/COVID-19_Radiography_Dataset/Lung_Opacity/images/Lung_Opacity-2165.png,Lung_Opacity,Lung_Opacity,1.6564299585297704e-05,0.975155770778656,0.024827679619193077,2.7015432113586257e-09,,,
/kaggle/input/datasets/tawsifurrahman/covid19-radiography-database/COVID-19_Radiography_Dataset/Lung_Opacity/images/Lung_Opacity-2173.png,Lung_Opacity,Lung_Opacity,0.0003423927410040051,0.9979680180549622,0.0006389324553310871,0.0010506284888833761,,,
/kaggle/input/datasets/tawsifurrahman/covid19-radiography-database/COVID-19_Radiography_Dataset/Lung_Opacity/images/Lung_Opacity-2174.png,Lung_Opacity,Lung_Opacity,4.2429078348504845e-06,0.9999756813049316,2.0030107407364994e-05,2.700994627957698e-08,,,
/kaggle/input/datasets/tawsifurrahman/covid19-radiography-database/COVID-19_Radiography_Dataset/Lung_Opacity/images/Lung_Opacity-2175.png,Lung_Opacity,Lung_Opacity,1.615122300790972e-06,0.9999654293060303,2.0398327251314186e-05,1.2503971447586082e-05,,,
/kaggle/input/datasets/tawsifurrahman/covid19-radiography-database/COVID-19_Radiography_Dataset/Lung_Opacity/images/Lung_Opacity-2179.png,Lung_Opacity,Lung_Opacity,0.00021152447152417153,0.9980700612068176,0.001694103586487472,2.4398605091846548e-05,,,
/kaggle/input/datasets/tawsifurrahman/covid19-radiography-database/COVID-19_Radiography_Dataset/Lung_Opacity/images/Lung_Opacity-2183.png,Lung_Opacity,Lung_Opacity,0.0014237156137824059,0.9374089241027832,0.06116718426346779,2.364647571084788e-07,,,
/kaggle/input/datasets/tawsifurrahman/covid19-radiography-database/COVID-19_Radiography_Dataset/Lung_Opacity/images/Lung_Opacity-2186.png,Lung_Opacity,Lung_Opacity,3.521226972225122e-05,0.8968919515609741,0.10307177156209946,1.0460308885740233e-06,,,
/kaggle/input/datasets/tawsifurrahman/covid19-radiography-database/COVID-19_Radiography_Dataset/Lung_Opacity/images/Lung_Opacity-2191.png,Lung_Opacity,Lung_Opacity,0.00011555648234207183,0.9862716197967529,0.00048650498501956463,0.013126241974532604,,,
/kaggle/input/datasets/tawsifurrahman/covid19-radiography-database/COVID-19_Radiography_Dataset/Lung_Opacity/images/Lung_Opacity-2193.png,Lung_Opacity,Lung_Opacity,1.8274373360327445e-05,0.9999709129333496,1.0849152204173151e-05,2.8566931931095496e-08,,,
/kaggle/input/datasets/tawsifurrahman/covid19-radiography-database/COVID-19_Radiography_Dataset/Lung_Opacity/images/Lung_Opacity-2208.png,Lung_Opacity,Lung_Opacity,0.16064348816871643,0.578167736530304,0.22076289355754852,0.040425848215818405,,,
/kaggle/input/datasets/tawsifurrahman/covid19-radiography-database/COVID-19_Radiography_Dataset/Lung_Opacity/images/Lung_Opacity-222.png,Lung_Opacity,Lung_Opacity,1.6946027869835234e-07,0.9999947547912598,5.128296834300272e-06,1.1445416170374756e-08,,,
/kaggle/input/datasets/tawsifurrahman/covid19-radiography-database/COVID-19_Radiography_Dataset/Lung_Opacity/images/Lung_Opacity-2220.png,Lung_Opacity,Lung_Opacity,0.006393838673830032,0.9643265008926392,0.02927161380648613,7.993353392521385e-06,,,
/kaggle/input/datasets/tawsifurrahman/covid19-radiography-database/COVID-19_Radiography_Dataset/Lung_Opacity/images/Lung_Opacity-2223.png,Lung_Opacity,Lung_Opacity,5.586324732576031e-06,0.9997360110282898,0.00025842522154562175,3.563010864127136e-08,,,
/kaggle/input/datasets/tawsifurrahman/covid19-radiography-database/COVID-19_Radiography_Dataset/Lung_Opacity/images/Lung_Opacity-2226.png,Lung_Opacity,Lung_Opacity,2.369939089419404e-08,0.9999837875366211,1.1218426152481697e-05,5.012598649045685e-06,,,
/kaggle/input/datasets/tawsifurrahman/covid19-radiography-database/COVID-19_Radiography_Dataset/Lung_Opacity/images/Lung_Opacity-2239.png,Lung_Opacity,Lung_Opacity,2.1121741156093776e-06,0.9985068440437317,0.0014909786405041814,3.25678755075387e-08,,,
/kaggle/input/datasets/tawsifurrahman/covid19-radiography-database/COVID-19_Radiography_Dataset/Lung_Opacity/images/Lung_Opacity-2240.png,Lung_Opacity,Lung_Opacity,0.007815585471689701,0.9508025646209717,0.04136814549565315,1.3739420865022112e-05,,,
/kaggle/input/datasets/tawsifurrahman/covid19-radiography-database/COVID-19_Radiography_Dataset/Lung_Opacity/images/Lung_Opacity-2247.png,Lung_Opacity,Lung_Opacity,0.02851984091103077,0.9139631390571594,0.057509131729602814,7.833806193957571e-06,,0.39162033796310425,0.39162033796310425
/kaggle/input/datasets/tawsifurrahman/covid19-radiography-database/COVID-19_Radiography_Dataset/Lung_Opacity/images/Lung_Opacity-2257.png,Lung_Opacity,Lung_Opacity,6.119890372247028e-07,0.5629446506500244,0.4370541572570801,6.135855983302463e-07,,0.15968440473079681,0.15968440473079681
/kaggle/input/datasets/tawsifurrahman/covid19-radiography-database/COVID-19_Radiography_Dataset/Lung_Opacity/images/Lung_Opacity-2269.png,Lung_Opacity,Lung_Opacity,5.8453890233067796e-05,0.9997236132621765,0.0001846267405198887,3.325517536723055e-05,,,
/kaggle/input/datasets/tawsifurrahman/covid19-radiography-database/COVID-19_Radiography_Dataset/Lung_Opacity/images/Lung_Opacity-2279.png,Lung_Opacity,Normal,0.14499075710773468,0.41812601685523987,0.4361611008644104,0.0007220912375487387,,,
/kaggle/input/datasets/tawsifurrahman/covid19-radiography-database/COVID-19_Radiography_Dataset/Lung_Opacity/images/Lung_Opacity-2301.png,Lung_Opacity,Lung_Opacity,0.0210559219121933,0.9020411372184753,0.07688853144645691,1.438663366570836e-05,,,
/kaggle/input/datasets/tawsifurrahman/covid19-radiography-database/COVID-19_Radiography_Dataset/Lung_Opacity/images/Lung_Opacity-2302.png,Lung_Opacity,Lung_Opacity,7.5441030276124366e-06,0.9865652918815613,0.01322927139699459,0.0001978592190425843,,0.4352339506149292,0.4352339506149292
/kaggle/input/datasets/tawsifurrahman/covid19-radiography-database/COVID-19_Radiography_Dataset/Lung_Opacity/images/Lung_Opacity-2353.png,Lung_Opacity,Lung_Opacity,0.0028361876029521227,0.995821475982666,0.0013422606280073524,1.769831499132124e-07,,,
/kaggle/input/datasets/tawsifurrahman/covid19-radiography-database/COVID-19_Radiography_Dataset/Lung_Opacity/images/Lung_Opacity-2364.png,Lung_Opacity,Lung_Opacity,0.0610821507871151,0.8946484923362732,0.04318412393331528,0.0010852980194613338,,,
/kaggle/input/datasets/tawsifurrahman/covid19-radiography-database/COVID-19_Radiography_Dataset/Lung_Opacity/images/Lung_Opacity-2365.png,Lung_Opacity,Normal,0.010027491487562656,0.46651342511177063,0.5233885645866394,7.047800318105146e-05,,,
/kaggle/input/datasets/tawsifurrahman/covid19-radiography-database/COVID-19_Radiography_Dataset/Lung_Opacity/images/Lung_Opacity-2372.png,Lung_Opacity,Normal,0.00012114331912016496,0.08503176271915436,0.9148469567298889,8.442641075134816e-08,,,
/kaggle/input/datasets/tawsifurrahman/covid19-radiography-database/COVID-19_Radiography_Dataset/Lung_Opacity/images/Lung_Opacity-2382.png,Lung_Opacity,Lung_Opacity,1.6149941757248598e-06,0.9999890327453613,9.387671525473706e-06,9.988331273191875e-10,,,
/kaggle/input/datasets/tawsifurrahman/covid19-radiography-database/COVID-19_Radiography_Dataset/Lung_Opacity/images/Lung_Opacity-2392.png,Lung_Opacity,Lung_Opacity,4.858683677610998e-09,0.9898019433021545,0.010198079980909824,5.999718943883181e-09,,0.10687810927629471,0.10687810927629471
/kaggle/input/datasets/tawsifurrahman/covid19-radiography-database/COVID-19_Radiography_Dataset/Lung_Opacity/images/Lung_Opacity-2396.png,Lung_Opacity,Lung_Opacity,4.833691946259933e-06,0.985645055770874,0.014349278062582016,8.616761419943941e-07,,,
/kaggle/input/datasets/tawsifurrahman/covid19-radiography-database/COVID-19_Radiography_Dataset/Lung_Opacity/images/Lung_Opacity-2412.png,Lung_Opacity,Lung_Opacity,2.4902067252696725e-06,0.7473029494285583,0.25269216299057007,2.4212172320403624e-06,,,
/kaggle/input/datasets/tawsifurrahman/covid19-radiography-database/COVID-19_Radiography_Dataset/Lung_Opacity/images/Lung_Opacity-2414.png,Lung_Opacity,Lung_Opacity,0.0006225830875337124,0.9972859621047974,0.0016802203608676791,0.0004112015594728291,,,
/kaggle/input/datasets/tawsifurrahman/covid19-radiography-database/COVID-19_Radiography_Dataset/Lung_Opacity/images/Lung_Opacity-2415.png,Lung_Opacity,Normal,2.222473767687916e-06,0.001240515848621726,0.9987571239471436,4.204506609539749e-08,,,
/kaggle/input/datasets/tawsifurrahman/covid19-radiography-database/COVID-19_Radiography_Dataset/Lung_Opacity/images/Lung_Opacity-2420.png,Lung_Opacity,Lung_Opacity,2.0130006305407733e-05,0.9849802851676941,0.014993445947766304,6.260404006752651e-06,,,
/kaggle/input/datasets/tawsifurrahman/covid19-radiography-database/COVID-19_Radiography_Dataset/Lung_Opacity/images/Lung_Opacity-2427.png,Lung_Opacity,Lung_Opacity,0.0025266632437705994,0.9974319338798523,4.132850153837353e-05,8.181540778195995e-08,,,
/kaggle/input/datasets/tawsifurrahman/covid19-radiography-database/COVID-19_Radiography_Dataset/Lung_Opacity/images/Lung_Opacity-2435.png,Lung_Opacity,Lung_Opacity,0.0004461141652427614,0.9860286116600037,0.013468361459672451,5.692399645340629e-05,,,
/kaggle/input/datasets/tawsifurrahman/covid19-radiography-database/COVID-19_Radiography_Dataset/Lung_Opacity/images/Lung_Opacity-2443.png,Lung_Opacity,Lung_Opacity,3.561098492355086e-05,0.9999595880508423,4.8518563744437415e-06,2.5443154250126554e-09,,,
/kaggle/input/datasets/tawsifurrahman/covid19-radiography-database/COVID-19_Radiography_Dataset/Lung_Opacity/images/Lung_Opacity-2447.png,Lung_Opacity,Lung_Opacity,2.1709918655687943e-05,0.9986011385917664,0.0013766507618129253,4.819344212592114e-07,,,
/kaggle/input/datasets/tawsifurrahman/covid19-radiography-database/COVID-19_Radiography_Dataset/Lung_Opacity/images/Lung_Opacity-2457.png,Lung_Opacity,Lung_Opacity,0.0022830262314528227,0.9947439432144165,0.002973033580929041,2.7828814808117386e-08,,,
/kaggle/input/datasets/tawsifurrahman/covid19-radiography-database/COVID-19_Radiography_Dataset/Lung_Opacity/images/Lung_Opacity-2461.png,Lung_Opacity,Lung_Opacity,0.0032116002403199673,0.9967674016952515,1.368523317069048e-05,7.342298886214849e-06,,,
/kaggle/input/datasets/tawsifurrahman/covid19-radiography-database/COVID-19_Radiography_Dataset/Lung_Opacity/images/Lung_Opacity-2481.png,Lung_Opacity,Lung_Opacity,5.340512871043757e-06,0.9774307608604431,0.022563669830560684,1.9753576907532988e-07,,,
/kaggle/input/datasets/tawsifurrahman/covid19-radiography-database/COVID-19_Radiography_Dataset/Lung_Opacity/images/Lung_Opacity-2494.png,Lung_Opacity,Lung_Opacity,0.00017616929835639894,0.9991208910942078,0.000701800046954304,1.171045141745708e-06,,,
/kaggle/input/datasets/tawsifurrahman/covid19-radiography-database/COVID-19_Radiography_Dataset/Lung_Opacity/images/Lung_Opacity-2499.png,Lung_Opacity,Lung_Opacity,0.0056930906139314175,0.9927080273628235,0.0015970816602930427,1.7311530200458947e-06,,,
/kaggle/input/datasets/tawsifurrahman/covid19-radiography-database/COVID-19_Radiography_Dataset/Lung_Opacity/images/Lung_Opacity-2506.png,Lung_Opacity,Normal,0.00020475419296417385,0.009974433109164238,0.9898208379745483,6.539382813031125e-09,,,
/kaggle/input/datasets/tawsifurrahman/covid19-radiography-database/COVID-19_Radiography_Dataset/Lung_Opacity/images/Lung_Opacity-2507.png,Lung_Opacity,Normal,2.9660902782779885e-06,0.41550323367118835,0.584492564201355,1.2655415275730775e-06,,,
/kaggle/input/datasets/tawsifurrahman/covid19-radiography-database/COVID-19_Radiography_Dataset/Lung_Opacity/images/Lung_Opacity-252.png,Lung_Opacity,Lung_Opacity,3.163699875585735e-05,0.999902606010437,6.56887496006675e-05,4.0766241937717496e-08,,,
/kaggle/input/datasets/tawsifurrahman/covid19-radiography-database/COVID-19_Radiography_Dataset/Lung_Opacity/images/Lung_Opacity-2526.png,Lung_Opacity,Lung_Opacity,0.006276579108089209,0.6015703082084656,0.3921416401863098,1.1470422577986028e-05,,,
/kaggle/input/datasets/tawsifurrahman/covid19-radiography-database/COVID-19_Radiography_Dataset/Lung_Opacity/images/Lung_Opacity-2539.png,Lung_Opacity,Lung_Opacity,7.879121994847083e-07,0.9508597254753113,0.049131784588098526,7.741540684946813e-06,,,
/kaggle/input/datasets/tawsifurrahman/covid19-radiography-database/COVID-19_Radiography_Dataset/Lung_Opacity/images/Lung_Opacity-2544.png,Lung_Opacity,Lung_Opacity,0.05370965600013733,0.9339781403541565,0.010838475078344345,0.001473716227337718,,0.26220354437828064,0.26220354437828064
/kaggle/input/datasets/tawsifurrahman/covid19-radiography-database/COVID-19_Radiography_Dataset/Lung_Opacity/images/Lung_Opacity-2546.png,Lung_Opacity,Lung_Opacity,0.0009245672845281661,0.9338841438293457,0.06518421322107315,6.975280484766699e-06,,,
/kaggle/input/datasets/tawsifurrahman/covid19-radiography-database/COVID-19_Radiography_Dataset/Lung_Opacity/images/Lung_Opacity-2550.png,Lung_Opacity,Lung_Opacity,0.17426803708076477,0.7678369283676147,0.05784713476896286,4.784277916769497e-05,,,
/kaggle/input/datasets/tawsifurrahman/covid19-radiography-database/COVID-19_Radiography_Dataset/Lung_Opacity/images/Lung_Opacity-2567.png,Lung_Opacity,Lung_Opacity,0.3074171245098114,0.36431190371513367,0.3282605707645416,1.0376274985901546e-05,,,
/kaggle/input/datasets/tawsifurrahman/covid19-radiography-database/COVID-19_Radiography_Dataset/Lung_Opacity/images/Lung_Opacity-2573.png,Lung_Opacity,Lung_Opacity,0.0003747398732230067,0.9936487078666687,0.005919020157307386,5.756442988058552e-05,,,
/kaggle/input/datasets/tawsifurrahman/covid19-radiography-database/COVID-19_Radiography_Dataset/Lung_Opacity/images/Lung_Opacity-2575.png,Lung_Opacity,Lung_Opacity,6.566934303009475e-07,0.9997875094413757,0.00021181389456614852,1.7008057184852987e-08,,0.3765481412410736,0.3765481412410736
/kaggle/input/datasets/tawsifurrahman/covid19-radiography-database/COVID-19_Radiography_Dataset/Lung_Opacity/images/Lung_Opacity-258.png,Lung_Opacity,Lung_Opacity,9.100170427700505e-05,0.9997557997703552,0.0001491759903728962,4.1028461055248044e-06,,,
/kaggle/input/datasets/tawsifurrahman/covid19-radiography-database/COVID-19_Radiography_Dataset/Lung_Opacity/images/Lung_Opacity-2587.png,Lung_Opacity,Lung_Opacity,5.504497494257521e-06,0.9962583780288696,0.0037361006252467632,4.5696509687331854e-08,,,
/kaggle/input/datasets/tawsifurrahman/covid19-radiography-database/COVID-19_Radiography_Dataset/Lung_Opacity/images/Lung_Opacity-2591.png,Lung_Opacity,Normal,6.8341128098836634e-06,0.036125294864177704,0.963866114616394,1.7455504348617978e-06,,,
/kaggle/input/datasets/tawsifurrahman/covid19-radiography-database/COVID-19_Radiography_Dataset/Lung_Opacity/images/Lung_Opacity-2594.png,Lung_Opacity,Lung_Opacity,0.00011204194015590474,0.9997057318687439,0.00018197599274571985,2.43837178004469e-07,,0.28588634729385376,0.28588634729385376
/kaggle/input/datasets/tawsifurrahman/covid19-radiography-database/COVID-19_Radiography_Dataset/Lung_Opacity/images/Lung_Opacity-2598.png,Lung_Opacity,Lung_Opacity,0.013162380084395409,0.8493766784667969,0.1372692734003067,0.00019165509729646146,,,
/kaggle/input/datasets/tawsifurrahman/covid19-radiography-database/COVID-19_Radiography_Dataset/Lung_Opacity/images/Lung_Opacity-260.png,Lung_Opacity,Lung_Opacity,0.010492796078324318,0.9718735814094543,0.01763318106532097,4.7678074110990565e-07,,0.253839373588562,0.253839373588562
/kaggle/input/datasets/tawsifurrahman/covid19-radiography-database/COVID-19_Radiography_Dataset/Lung_Opacity/images/Lung_Opacity-2609.png,Lung_Opacity,Lung_Opacity,1.859951407823246e-05,0.8823933005332947,0.11757947504520416,8.579516361351125e-06,,0.27037808299064636,0.27037808299064636
/kaggle/input/datasets/tawsifurrahman/covid19-radiography-database/COVID-19_Radiography_Dataset/Lung_Opacity/images/Lung_Opacity-262.png,Lung_Opacity,Lung_Opacity,0.00020821584621444345,0.9967076778411865,0.00308398948982358,7.496043963328702e-08,,,
/kaggle/input/datasets/tawsifurrahman/covid19-radiography-database/COVID-19_Radiography_Dataset/Lung_Opacity/images/Lung_Opacity-2627.png,Lung_Opacity,Lung_Opacity,0.00021894070960115641,0.9915525317192078,0.008226457983255386,2.0481706997088622e-06,,,
/kaggle/input/datasets/tawsifurrahman/covid19-radiography-database/COVID-19_Radiography_Dataset/Lung_Opacity/images/Lung_Opacity-2630.png,Lung_Opacity,Lung_Opacity,0.00015020061982795596,0.9723843336105347,0.02744337171316147,2.2105585230747238e-05,,,
/kaggle/input/datasets/tawsifurrahman/covid19-radiography-database/COVID-19_Radiography_Dataset/Lung_Opacity/images/Lung_Opacity-2631.png,Lung_Opacity,Lung_Opacity,0.022480018436908722,0.964422345161438,0.013096168637275696,1.4595917718907003e-06,,,
/kaggle/input/datasets/tawsifurrahman/covid19-radiography-database/COVID-19_Radiography_Dataset/Lung_Opacity/images/Lung_Opacity-2639.png,Lung_Opacity,Lung_Opacity,9.394522930961102e-05,0.9957841038703918,0.004006923642009497,0.00011497870582388714,,,
/kaggle/input/datasets/tawsifurrahman/covid19-radiography-database/COVID-19_Radiography_Dataset/Lung_Opacity/images/Lung_Opacity-2640.png,Lung_Opacity,Lung_Opacity,0.015783194452524185,0.982869565486908,0.0013368967920541763,1.0319354259991087e-05,,,
/kaggle/input/datasets/tawsifurrahman/covid19-radiography-database/COVID-19_Radiography_Dataset/Lung_Opacity/images/Lung_Opacity-2644.png,Lung_Opacity,Lung_Opacity,5.110824190523999e-07,0.9999994039535522,3.377222057565632e-08,6.985374778611941e-11,,0.3893682062625885,0.3893682062625885
/kaggle/input/datasets/tawsifurrahman/covid19-radiography-database/COVID-19_Radiography_Dataset/Lung_Opacity/images/Lung_Opacity-2646.png,Lung_Opacity,Lung_Opacity,8.99392762221396e-06,0.9999898672103882,1.0056186283691204e-06,1.5603494318838784e-07,,,
/kaggle/input/datasets/tawsifurrahman/covid19-radiography-database/COVID-19_Radiography_Dataset/Lung_Opacity/images/Lung_Opacity-2652.png,Lung_Opacity,Lung_Opacity,0.0002918602549470961,0.9033558964729309,0.09627999365329742,7.225791341625154e-05,,0.21725748479366302,0.21725748479366302
/kaggle/input/datasets/tawsifurrahman/covid19-radiography-database/COVID-19_Radiography_Dataset/Lung_Opacity/images/Lung_Opacity-2663.png,Lung_Opacity,Lung_Opacity,0.0002116751275025308,0.9888766407966614,0.010907851159572601,3.8136531657073647e-06,,0.19030527770519257,0.19030527770519257
/kaggle/input/datasets/tawsifurrahman/covid19-radiography-database/COVID-19_Radiography_Dataset/Lung_Opacity/images/Lung_Opacity-2667.png,Lung_Opacity,Lung_Opacity,1.0083199413202237e-05,0.9855802059173584,0.014345960691571236,6.375909288180992e-05,,0.34928420186042786,0.34928420186042786
/kaggle/input/datasets/tawsifurrahman/covid19-radiography-database/COVID-19_Radiography_Dataset/Lung_Opacity/images/Lung_Opacity-2669.png,Lung_Opacity,Lung_Opacity,2.87179063889198e-05,0.9999617338180542,6.912433036632137e-06,2.656748165463796e-06,,,
/kaggle/input/datasets/tawsifurrahman/covid19-radiography-database/COVID-19_Radiography_Dataset/Lung_Opacity/images/Lung_Opacity-2670.png,Lung_Opacity,Lung_Opacity,2.8382486561895348e-05,0.999652624130249,0.0003067420329898596,1.228488781634951e-05,,0.27525532245635986,0.27525532245635986
/kaggle/input/datasets/tawsifurrahman/covid19-radiography-database/COVID-19_Radiography_Dataset/Lung_Opacity/images/Lung_Opacity-2672.png,Lung_Opacity,Lung_Opacity,0.002584077650681138,0.9100210070610046,0.08738730102777481,7.5964530878991354e-06,,,
/kaggle/input/datasets/tawsifurrahman/covid19-radiography-database/COVID-19_Radiography_Dataset/Lung_Opacity/images/Lung_Opacity-269.png,Lung_Opacity,Lung_Opacity,2.628611071031628e-07,0.9994812607765198,0.0005184166948311031,1.1616666029112821e-07,,,
/kaggle/input/datasets/tawsifurrahman/covid19-radiography-database/COVID-19_Radiography_Dataset/Lung_Opacity/images/Lung_Opacity-2692.png,Lung_Opacity,Lung_Opacity,0.08845681697130203,0.8860539793968201,0.0023585609160363674,0.0231306329369545,,0.4305531978607178,0.4305531978607178
/kaggle/input/datasets/tawsifurrahman/covid19-radiography-database/COVID-19_Radiography_Dataset/Lung_Opacity/images/Lung_Opacity-2695.png,Lung_Opacity,Lung_Opacity,0.000693952664732933,0.9991937279701233,0.00011219395673833787,7.676942459511338e-08,,,
/kaggle/input/datasets/tawsifurrahman/covid19-radiography-database/COVID-19_Radiography_Dataset/Lung_Opacity/images/Lung_Opacity-270.png,Lung_Opacity,Lung_Opacity,1.1499304264361854e-06,0.9999969005584717,1.9469221115286928e-06,4.848967893877898e-09,,0.35715553164482117,0.35715553164482117
/kaggle/input/datasets/tawsifurrahman/covid19-radiography-database/COVID-19_Radiography_Dataset/Lung_Opacity/images/Lung_Opacity-2710.png,Lung_Opacity,Lung_Opacity,3.431686536714551e-06,0.9972968697547913,0.0026996771339327097,5.090834420684587e-10,,,
/kaggle/input/datasets/tawsifurrahman/covid19-radiography-database/COVID-19_Radiography_Dataset/Lung_Opacity/images/Lung_Opacity-2711.png,Lung_Opacity,Normal,2.3815964595996775e-05,0.00046001639566384256,0.9995161294937134,1.214279787831174e-08,,,
/kaggle/input/datasets/tawsifurrahman/covid19-radiography-database/COVID-19_Radiography_Dataset/Lung_Opacity/images/Lung_Opacity-2717.png,Lung_Opacity,Lung_Opacity,0.00211499840952456,0.9978837370872498,1.2757527656503953e-06,2.361067963363439e-08,,,
/kaggle/input/datasets/tawsifurrahman/covid19-radiography-database/COVID-19_Radiography_Dataset/Lung_Opacity/images/Lung_Opacity-2719.png,Lung_Opacity,Lung_Opacity,7.367963553406298e-05,0.9996330738067627,0.00029312027618288994,1.3866429071640596e-07,,,
/kaggle/input/datasets/tawsifurrahman/covid19-radiography-database/COVID-19_Radiography_Dataset/Lung_Opacity/images/Lung_Opacity-2730.png,Lung_Opacity,Lung_Opacity,4.994054947360382e-09,0.9999344348907471,6.554058927576989e-05,7.341366181634612e-09,,,
/kaggle/input/datasets/tawsifurrahman/covid19-radiography-database/COVID-19_Radiography_Dataset/Lung_Opacity/images/Lung_Opacity-2738.png,Lung_Opacity,Lung_Opacity,0.2432076632976532,0.7562055587768555,0.0005866231513209641,2.1683403872430063e-07,,,
/kaggle/input/datasets/tawsifurrahman/covid19-radiography-database/COVID-19_Radiography_Dataset/Lung_Opacity/images/Lung_Opacity-2743.png,Lung_Opacity,Lung_Opacity,0.0004562325484585017,0.9969694018363953,0.0025741385761648417,2.3027985207590973e-07,,,
/kaggle/input/datasets/tawsifurrahman/covid19-radiography-database/COVID-19_Radiography_Dataset/Lung_Opacity/images/Lung_Opacity-2744.png,Lung_Opacity,Lung_Opacity,0.0008841142407618463,0.822592556476593,0.17652222514152527,1.0720516456785845e-06,,,
/kaggle/input/datasets/tawsifurrahman/covid19-radiography-database/COVID-19_Radiography_Dataset/Lung_Opacity/images/Lung_Opacity-2748.png,Lung_Opacity,Lung_Opacity,1.562759825901594e-05,0.9656450748443604,0.03433874994516373,5.180316406949714e-07,,,
/kaggle/input/datasets/tawsifurrahman/covid19-radiography-database/COVID-19_Radiography_Dataset/Lung_Opacity/images/Lung_Opacity-2759.png,Lung_Opacity,Lung_Opacity,0.001941751572303474,0.9976758360862732,0.0003824197337962687,3.1651442355951076e-08,,,
/kaggle/input/datasets/tawsifurrahman/covid19-radiography-database/COVID-19_Radiography_Dataset/Lung_Opacity/images/Lung_Opacity-276.png,Lung_Opacity,Lung_Opacity,0.206087127327919,0.7898935675621033,0.00401252182200551,6.786955964344088e-06,,0.34090563654899597,0.34090563654899597
/kaggle/input/datasets/tawsifurrahman/covid19-radiography-database/COVID-19_Radiography_Dataset/Lung_Opacity/images/Lung_Opacity-2775.png,Lung_Opacity,Lung_Opacity,7.455744821527333e-07,0.9983391761779785,0.0016598086804151535,2.807088321787887e-07,,,
/kaggle/input/datasets/tawsifurrahman/covid19-radiography-database/COVID-19_Radiography_Dataset/Lung_Opacity/images/Lung_Opacity-2777.png,Lung_Opacity,Lung_Opacity,0.000951487454585731,0.6561858654022217,0.34284141659736633,2.1257164917187765e-05,,,
/kaggle/input/datasets/tawsifurrahman/covid19-radiography-database/COVID-19_Radiography_Dataset/Lung_Opacity/images/Lung_Opacity-2779.png,Lung_Opacity,Lung_Opacity,0.1828511506319046,0.465354323387146,0.346742182970047,0.005052346270531416,,0.2770402431488037,0.2770402431488037
/kaggle/input/datasets/tawsifurrahman/covid19-radiography-database/COVID-19_Radiography_Dataset/Lung_Opacity/images/Lung_Opacity-2787.png,Lung_Opacity,Lung_Opacity,0.001454764511436224,0.9892866015434265,0.009250825271010399,7.72846851759823e-06,,0.2878742218017578,0.2878742218017578
/kaggle/input/datasets/tawsifurrahman/covid19-radiography-database/COVID-19_Radiography_Dataset/Lung_Opacity/images/Lung_Opacity-2788.png,Lung_Opacity,Lung_Opacity,0.0004097958735655993,0.9877259135246277,0.011783823370933533,8.042462286539376e-05,,0.4407924711704254,0.4407924711704254
/kaggle/input/datasets/tawsifurrahman/covid19-radiography-database/COVID-19_Radiography_Dataset/Lung_Opacity/images/Lung_Opacity-2796.png,Lung_Opacity,Lung_Opacity,0.012316328473389149,0.981404185295105,0.006233385298401117,4.614180943462998e-05,,,
/kaggle/input/datasets/tawsifurrahman/covid19-radiography-database/COVID-19_Radiography_Dataset/Lung_Opacity/images/Lung_Opacity-280.png,Lung_Opacity,Lung_Opacity,1.6054433444878669e-06,0.9999656677246094,3.1488245440414175e-05,1.2024971738355816e-06,,,
/kaggle/input/datasets/tawsifurrahman/covid19-radiography-database/COVID-19_Radiography_Dataset/Lung_Opacity/images/Lung_Opacity-2801.png,Lung_Opacity,Lung_Opacity,0.0017579273553565145,0.9844232201576233,0.013809590600430965,9.329378372058272e-06,,,
/kaggle/input/datasets/tawsifurrahman/covid19-radiography-database/COVID-19_Radiography_Dataset/Lung_Opacity/images/Lung_Opacity-2808.png,Lung_Opacity,Lung_Opacity,8.520177630089165e-07,0.9999980926513672,1.0243509223073488e-06,1.773180907660432e-11,,,
/kaggle/input/datasets/tawsifurrahman/covid19-radiography-database/COVID-19_Radiography_Dataset/Lung_Opacity/images/Lung_Opacity-2814.png,Lung_Opacity,Lung_Opacity,0.05599936470389366,0.9398851990699768,0.004101997707039118,1.3451584891299717e-05,,,
/kaggle/input/datasets/tawsifurrahman/covid19-radiography-database/COVID-19_Radiography_Dataset/Lung_Opacity/images/Lung_Opacity-2828.png,Lung_Opacity,Normal,0.01477025356143713,0.28830087184906006,0.46636998653411865,0.2305588722229004,,,
/kaggle/input/datasets/tawsifurrahman/covid19-radiography-database/COVID-19_Radiography_Dataset/Lung_Opacity/images/Lung_Opacity-2832.png,Lung_Opacity,Lung_Opacity,1.8771563190966845e-05,0.998775064945221,0.0012021707370877266,3.977718279202236e-06,,,
/kaggle/input/datasets/tawsifurrahman/covid19-radiography-database/COVID-19_Radiography_Dataset/Lung_Opacity/images/Lung_Opacity-2833.png,Lung_Opacity,Lung_Opacity,1.090466184905381e-06,0.9989614486694336,0.001037471927702427,1.1605981065088145e-08,,0.2667787969112396,0.2667787969112396
/kaggle/input/datasets/tawsifurrahman/covid19-radiography-database/COVID-19_Radiography_Dataset/Lung_Opacity/images/Lung_Opacity-2836.png,Lung_Opacity,Lung_Opacity,2.3289288947125897e-05,0.956974983215332,0.042998868972063065,2.882882427002187e-06,,,
/kaggle/input/datasets/tawsifurrahman/covid19-radiography-database/COVID-19_Radiography_Dataset/Lung_Opacity/images/Lung_Opacity-2846.png,Lung_Opacity,Lung_Opacity,0.1666739583015442,0.8276000618934631,0.004273521713912487,0.001452445168979466,,,
/kaggle/input/datasets/tawsifurrahman/covid19-radiography-database/COVID-19_Radiography_Dataset/Lung_Opacity/images/Lung_Opacity-2852.png,Lung_Opacity,Lung_Opacity,0.0006599457119591534,0.9984018206596375,0.0009246196714229882,1.3590160961030051e-05,,,
/kaggle/input/datasets/tawsifurrahman/covid19-radiography-database/COVID-19_Radiography_Dataset/Lung_Opacity/images/Lung_Opacity-2860.png,Lung_Opacity,Lung_Opacity,1.6156175206560874e-06,0.9998810291290283,6.24083768343553e-05,5.493628850672394e-05,,,
/kaggle/input/datasets/tawsifurrahman/covid19-radiography-database/COVID-19_Radiography_Dataset/Lung_Opacity/images/Lung_Opacity-2866.png,Lung_Opacity,Lung_Opacity,0.0001259651908185333,0.9996696710586548,0.00020437258353922516,4.699643696426392e-08,,0.5057708621025085,0.5057708621025085
/kaggle/input/datasets/tawsifurrahman/covid19-radiography-database/COVID-19_Radiography_Dataset/Lung_Opacity/images/Lung_Opacity-287.png,Lung_Opacity,Lung_Opacity,8.611112889411743e-07,0.7310855388641357,0.26890966296195984,3.884800662490306e-06,,,
/kaggle/input/datasets/tawsifurrahman/covid19-radiography-database/COVID-19_Radiography_Dataset/Lung_Opacity/images/Lung_Opacity-2872.png,Lung_Opacity,Lung_Opacity,0.00013858771126251668,0.9995455145835876,0.00026498769875615835,5.0893795560114086e-05,,,
/kaggle/input/datasets/tawsifurrahman/covid19-radiography-database/COVID-19_Radiography_Dataset/Lung_Opacity/images/Lung_Opacity-2883.png,Lung_Opacity,Lung_Opacity,4.0617211993776436e-07,0.9856566190719604,0.013889338821172714,0.0004536119813565165,,,
/kaggle/input/datasets/tawsifurrahman/covid19-radiography-database/COVID-19_Radiography_Dataset/Lung_Opacity/images/Lung_Opacity-289.png,Lung_Opacity,Lung_Opacity,0.0002122436126228422,0.8201611042022705,0.1792871206998825,0.0003395770618226379,,0.18621376156806946,0.18621376156806946
/kaggle/input/datasets/tawsifurrahman/covid19-radiography-database/COVID-19_Radiography_Dataset/Lung_Opacity/images/Lung_Opacity-2890.png,Lung_Opacity,Lung_Opacity,0.0026768760289996862,0.9968216419219971,0.0004844204231631011,1.7056256183423102e-05,,,
/kaggle/input/datasets/tawsifurrahman/covid19-radiography-database/COVID-19_Radiography_Dataset/Lung_Opacity/images/Lung_Opacity-2904.png,Lung_Opacity,Lung_Opacity,2.2218260710360482e-05,0.9916424751281738,0.008306012488901615,2.934964868472889e-05,,,
/kaggle/input/datasets/tawsifurrahman/covid19-radiography-database/COVID-19_Radiography_Dataset/Lung_Opacity/images/Lung_Opacity-2907.png,Lung_Opacity,Lung_Opacity,0.0003999600885435939,0.9987962245941162,0.0007484494708478451,5.539260382647626e-05,,0.3133779466152191,0.3133779466152191
/kaggle/input/datasets/tawsifurrahman/covid19-radiography-database/COVID-19_Radiography_Dataset/Lung_Opacity/images/Lung_Opacity-291.png,Lung_Opacity,Normal,0.015883812680840492,0.28155145049095154,0.7025521397590637,1.2573380445246585e-05,,,
/kaggle/input/datasets/tawsifurrahman/covid19-radiography-database/COVID-19_Radiography_Dataset/Lung_Opacity/images/Lung_Opacity-2920.png,Lung_Opacity,Lung_Opacity,5.538222325185416e-09,0.6520607471466064,0.34793922305107117,5.3010682649068386e-11,,,
/kaggle/input/datasets/tawsifurrahman/covid19-radiography-database/COVID-19_Radiography_Dataset/Lung_Opacity/images/Lung_Opacity-2928.png,Lung_Opacity,Normal,1.7474607375334017e-05,0.02755799889564514,0.9724234342575073,9.901067414830322e-07,,0.3751331865787506,0.3751331865787506
/kaggle/input/datasets/tawsifurrahman/covid19-radiography-database/COVID-19_Radiography_Dataset/Lung_Opacity/images/Lung_Opacity-2932.png,Lung_Opacity,Lung_Opacity,0.00046243786346167326,0.9983320832252502,0.0012050304794684052,4.2940956745951553e-07,,0.3174603283405304,0.3174603283405304
/kaggle/input/datasets/tawsifurrahman/covid19-radiography-database/COVID-19_Radiography_Dataset/Lung_Opacity/images/Lung_Opacity-2935.png,Lung_Opacity,Lung_Opacity,0.00042619919986464083,0.9987478256225586,0.0008256861474364996,1.972975951503031e-07,,0.36059316992759705,0.36059316992759705
/kaggle/input/datasets/tawsifurrahman/covid19-radiography-database/COVID-19_Radiography_Dataset/Lung_Opacity/images/Lung_Opacity-2937.png,Lung_Opacity,Lung_Opacity,7.193101919256151e-05,0.9680595993995667,0.03186419978737831,4.24056634074077e-06,,0.262337863445282,0.262337863445282
/kaggle/input/datasets/tawsifurrahman/covid19-radiography-database/COVID-19_Radiography_Dataset/Lung_Opacity/images/Lung_Opacity-294.png,Lung_Opacity,Lung_Opacity,0.011830613017082214,0.9696630239486694,0.018503155559301376,3.2318182547896868e-06,,,
/kaggle/input/datasets/tawsifurrahman/covid19-radiography-database/COVID-19_Radiography_Dataset/Lung_Opacity/images/Lung_Opacity-2941.png,Lung_Opacity,Lung_Opacity,8.237323072535219e-07,0.9966641068458557,0.003334219101816416,8.613142767899262e-07,,,
/kaggle/input/datasets/tawsifurrahman/covid19-radiography-database/COVID-19_Radiography_Dataset/Lung_Opacity/images/Lung_Opacity-2958.png,Lung_Opacity,Normal,0.00043132525752298534,0.4562510550022125,0.543293297290802,2.4285462131956592e-05,,,
/kaggle/input/datasets/tawsifurrahman/covid19-radiography-database/COVID-19_Radiography_Dataset/Lung_Opacity/images/Lung_Opacity-2960.png,Lung_Opacity,Lung_Opacity,0.0009340295218862593,0.9563326835632324,0.042724788188934326,8.549587619199883e-06,,0.26930415630340576,0.26930415630340576
/kaggle/input/datasets/tawsifurrahman/covid19-radiography-database/COVID-19_Radiography_Dataset/Lung_Opacity/images/Lung_Opacity-2967.png,Lung_Opacity,COVID,0.7016207575798035,0.0014426779234781861,0.29691216349601746,2.4432665668427944e-05,,0.40833643078804016,0.40833643078804016
/kaggle/input/datasets/tawsifurrahman/covid19-radiography-database/COVID-19_Radiography_Dataset/Lung_Opacity/images/Lung_Opacity-2968.png,Lung_Opacity,Normal,0.02800496481359005,0.022750431671738625,0.9488168954849243,0.0004277199041098356,,0.5615475177764893,0.5615475177764893
/kaggle/input/datasets/tawsifurrahman/covid19-radiography-database/COVID-19_Radiography_Dataset/Lung_Opacity/images/Lung_Opacity-2969.png,Lung_Opacity,Lung_Opacity,1.9476092347758822e-05,0.9989612102508545,0.0010190850589424372,1.862562868382156e-07,,,
/kaggle/input/datasets/tawsifurrahman/covid19-radiography-database/COVID-19_Radiography_Dataset/Lung_Opacity/images/Lung_Opacity-2977.png,Lung_Opacity,Lung_Opacity,0.0009923194302245975,0.9975494742393494,0.0014355974271893501,2.259298889839556e-05,,0.46376949548721313,0.46376949548721313
/kaggle/input/datasets/tawsifurrahman/covid19-radiography-database/COVID-19_Radiography_Dataset/Lung_Opacity/images/Lung_Opacity-2985.png,Lung_Opacity,Lung_Opacity,3.195633689756505e-05,0.9804515242576599,0.01951535791158676,1.1974777862633346e-06,,,
/kaggle/input/datasets/tawsifurrahman/covid19-radiography-database/COVID-19_Radiography_Dataset/Lung_Opacity/images/Lung_Opacity-2986.png,Lung_Opacity,Lung_Opacity,3.5271033993922174e-05,0.9999194145202637,2.1750855012214743e-05,2.3612583390786313e-05,,,
/kaggle/input/datasets/tawsifurrahman/covid19-radiography-database/COVID-19_Radiography_Dataset/Lung_Opacity/images/Lung_Opacity-2995.png,Lung_Opacity,Lung_Opacity,1.7024127600961947e-06,0.999821126461029,0.0001766665664035827,5.197326800043811e-07,,,
/kaggle/input/datasets/tawsifurrahman/covid19-radiography-database/COVID-19_Radiography_Dataset/Lung_Opacity/images/Lung_Opacity-300.png,Lung_Opacity,Lung_Opacity,0.17036813497543335,0.5142664313316345,0.31535908579826355,6.33936269878177e-06,,0.31670236587524414,0.31670236587524414
/kaggle/input/datasets/tawsifurrahman/covid19-radiography-database/COVID-19_Radiography_Dataset/Lung_Opacity/images/Lung_Opacity-3005.png,Lung_Opacity,Lung_Opacity,0.15246537327766418,0.6876929402351379,0.1598416566848755,3.197881071059783e-08,,,
/kaggle/input/datasets/tawsifurrahman/covid19-radiography-database/COVID-19_Radiography_Dataset/Lung_Opacity/images/Lung_Opacity-3016.png,Lung_Opacity,Lung_Opacity,1.2106686313184678e-11,0.998461127281189,0.001538765151053667,9.950392865221147e-08,,0.23779091238975525,0.23779091238975525
/kaggle/input/datasets/tawsifurrahman/covid19-radiography-database/COVID-19_Radiography_Dataset/Lung_Opacity/images/Lung_Opacity-303.png,Lung_Opacity,Normal,0.0011720781913027167,0.3761296272277832,0.6207281351089478,0.001970213372260332,,,
/kaggle/input/datasets/tawsifurrahman/covid19-radiography-database/COVID-19_Radiography_Dataset/Lung_Opacity/images/Lung_Opacity-3030.png,Lung_Opacity,Lung_Opacity,0.0005382294184528291,0.850384533405304,0.1490696668624878,7.652101885469165e-06,,0.17707467079162598,0.17707467079162598
/kaggle/input/datasets/tawsifurrahman/covid19-radiography-database/COVID-19_Radiography_Dataset/Lung_Opacity/images/Lung_Opacity-3031.png,Lung_Opacity,Normal,0.0010707853361964226,0.03769839555025101,0.9612276554107666,3.053787168028066e-06,,,
/kaggle/input/datasets/tawsifurrahman/covid19-radiography-database/COVID-19_Radiography_Dataset/Lung_Opacity/images/Lung_Opacity-3048.png,Lung_Opacity,Lung_Opacity,0.0016172636533156037,0.8991643190383911,0.09917578101158142,4.266736868885346e-05,,,
/kaggle/input/datasets/tawsifurrahman/covid19-radiography-database/COVID-19_Radiography_Dataset/Lung_Opacity/images/Lung_Opacity-3063.png,Lung_Opacity,Lung_Opacity,0.00013801662134937942,0.9292210340499878,0.07063951343297958,1.4863146589050302e-06,,,
/kaggle/input/datasets/tawsifurrahman/covid19-radiography-database/COVID-19_Radiography_Dataset/Lung_Opacity/images/Lung_Opacity-3073.png,Lung_Opacity,Lung_Opacity,0.00023216544650495052,0.9989827275276184,0.0007849566754885018,1.1900259266894864e-07,,0.2253420203924179,0.2253420203924179
/kaggle/input/datasets/tawsifurrahman/covid19-radiography-database/COVID-19_Radiography_Dataset/Lung_Opacity/images/Lung_Opacity-3076.png,Lung_Opacity,Lung_Opacity,1.5033018385679497e-08,0.9809677004814148,0.019032275304198265,3.6302756356576538e-09,,,
/kaggle/input/datasets/tawsifurrahman/covid19-radiography-database/COVID-19_Radiography_Dataset/Lung_Opacity/images/Lung_Opacity-3095.png,Lung_Opacity,Lung_Opacity,0.0007527646375820041,0.9034994840621948,0.09574013203382492,7.573865332233254e-06,,,
/kaggle/input/datasets/tawsifurrahman/covid19-radiography-database/COVID-19_Radiography_Dataset/Lung_Opacity/images/Lung_Opacity-31.png,Lung_Opacity,Lung_Opacity,7.5321190706745256e-06,0.9470383524894714,0.05295175686478615,2.40374356508255e-06,,0.35569003224372864,0.35569003224372864
/kaggle/input/datasets/tawsifurrahman/covid19-radiography-database/COVID-19_Radiography_Dataset/Lung_Opacity/images/Lung_Opacity-3103.png,Lung_Opacity,Lung_Opacity,0.00010828764061443508,0.9998394250869751,3.5038265195908025e-05,1.7227212083525956e-05,,,
/kaggle/input/datasets/tawsifurrahman/covid19-radiography-database/COVID-19_Radiography_Dataset/Lung_Opacity/images/Lung_Opacity-3109.png,Lung_Opacity,Lung_Opacity,5.167420113139087e-06,0.9998823404312134,0.00011046491999877617,2.0032180145790335e-06,,,
/kaggle/input/datasets/tawsifurrahman/covid19-radiography-database/COVID-19_Radiography_Dataset/Lung_Opacity/images/Lung_Opacity-3110.png,Lung_Opacity,Lung_Opacity,7.83461109676864e-06,0.9999243021011353,6.776092777727172e-05,9.251830590528698e-08,,,
/kaggle/input/datasets/tawsifurrahman/covid19-radiography-database/COVID-19_Radiography_Dataset/Lung_Opacity/images/Lung_Opacity-3112.png,Lung_Opacity,Lung_Opacity,0.01911335252225399,0.98087477684021,1.0791201020765584e-05,1.099962673833943e-06,,,
/kaggle/input/datasets/tawsifurrahman/covid19-radiography-database/COVID-19_Radiography_Dataset/Lung_Opacity/images/Lung_Opacity-3121.png,Lung_Opacity,Lung_Opacity,0.0007099906797520816,0.9989907145500183,0.00029316500877030194,6.044585006748093e-06,,,
/kaggle/input/datasets/tawsifurrahman/covid19-radiography-database/COVID-19_Radiography_Dataset/Lung_Opacity/images/Lung_Opacity-3131.png,Lung_Opacity,Lung_Opacity,4.0983122744364664e-05,0.5137308835983276,0.48622527718544006,2.8857550660177367e-06,,,
/kaggle/input/datasets/tawsifurrahman/covid19-radiography-database/COVID-19_Radiography_Dataset/Lung_Opacity/images/Lung_Opacity-3139.png,Lung_Opacity,Lung_Opacity,3.6383087831382e-07,0.9999995231628418,9.35705841698109e-08,1.3531401554800482e-09,,,
/kaggle/input/datasets/tawsifurrahman/covid19-radiography-database/COVID-19_Radiography_Dataset/Lung_Opacity/images/Lung_Opacity-3142.png,Lung_Opacity,Lung_Opacity,2.5696690499898978e-05,0.9841713309288025,0.015766484662890434,3.647874473244883e-05,,,
/kaggle/input/datasets/tawsifurrahman/covid19-radiography-database/COVID-19_Radiography_Dataset/Lung_Opacity/images/Lung_Opacity-3146.png,Lung_Opacity,Lung_Opacity,0.00040825430187396705,0.8373903632164001,0.16213902831077576,6.23770902166143e-05,,,
/kaggle/input/datasets/tawsifurrahman/covid19-radiography-database/COVID-19_Radiography_Dataset/Lung_Opacity/images/Lung_Opacity-3156.png,Lung_Opacity,Lung_Opacity,1.1130056009278633e-05,0.9989377856254578,0.0010498795891180634,1.2020162785120192e-06,,,
/kaggle/input/datasets/tawsifurrahman/covid19-radiography-database/COVID-19_Radiography_Dataset/Lung_Opacity/images/Lung_Opacity-3157.png,Lung_Opacity,Lung_Opacity,0.32407039403915405,0.6753953099250793,0.0005328230326995254,1.4887737052049488e-06,,0.2783691883087158,0.2783691883087158
/kaggle/input/datasets/tawsifurrahman/covid19-radiography-database/COVID-19_Radiography_Dataset/Lung_Opacity/images/Lung_Opacity-3160.png,Lung_Opacity,Lung_Opacity,1.0055419608079319e-08,0.9999879598617554,9.535960089124274e-06,2.4904950350901345e-06,,,
/kaggle/input/datasets/tawsifurrahman/covid19-radiography-database/COVID-19_Radiography_Dataset/Lung_Opacity/images/Lung_Opacity-3169.png,Lung_Opacity,Lung_Opacity,4.916537363897078e-06,0.9999656677246094,1.4906456272001378e-05,1.4561536772816908e-05,,,
/kaggle/input/datasets/tawsifurrahman/covid19-radiography-database/COVID-19_Radiography_Dataset/Lung_Opacity/images/Lung_Opacity-3172.png,Lung_Opacity,Lung_Opacity,3.559962067356537e-07,0.881925642490387,0.1180720403790474,1.8747351759884623e-06,,0.21959471702575684,0.21959471702575684
/kaggle/input/datasets/tawsifurrahman/covid19-radiography-database/COVID-19_Radiography_Dataset/Lung_Opacity/images/Lung_Opacity-3187.png,Lung_Opacity,Lung_Opacity,0.01038562785834074,0.9833553433418274,0.00582497613504529,0.0004340442828834057,,,
/kaggle/input/datasets/tawsifurrahman/covid19-radiography-database/COVID-19_Radiography_Dataset/Lung_Opacity/images/Lung_Opacity-3188.png,Lung_Opacity,Lung_Opacity,5.8453679230296984e-06,0.9999655485153198,2.498738467693329e-05,3.6113481201027753e-06,,,
/kaggle/input/datasets/tawsifurrahman/covid19-radiography-database/COVID-19_Radiography_Dataset/Lung_Opacity/images/Lung_Opacity-3189.png,Lung_Opacity,Lung_Opacity,3.811502935491262e-08,0.9999977350234985,2.261577037643292e-06,1.4348658927687552e-09,,,
/kaggle/input/datasets/tawsifurrahman/covid19-radiography-database/COVID-19_Radiography_Dataset/Lung_Opacity/images/Lung_Opacity-319.png,Lung_Opacity,Normal,8.43363450258039e-05,0.04546181112527847,0.9544538259506226,3.5794553099322e-08,,,
/kaggle/input/datasets/tawsifurrahman/covid19-radiography-database/COVID-19_Radiography_Dataset/Lung_Opacity/images/Lung_Opacity-3195.png,Lung_Opacity,Lung_Opacity,1.922572664625477e-06,0.9994220733642578,0.0005760025815106928,3.858970742953716e-08,,,
/kaggle/input/datasets/tawsifurrahman/covid19-radiography-database/COVID-19_Radiography_Dataset/Lung_Opacity/images/Lung_Opacity-32.png,Lung_Opacity,Lung_Opacity,0.09275484085083008,0.9050681591033936,0.0021617829333990812,1.5213494407362305e-05,,,
/kaggle/input/datasets/tawsifurrahman/covid19-radiography-database/COVID-19_Radiography_Dataset/Lung_Opacity/images/Lung_Opacity-3201.png,Lung_Opacity,Lung_Opacity,0.00011956394882872701,0.9455267190933228,0.05414818227291107,0.00020554917864501476,,,
/kaggle/input/datasets/tawsifurrahman/covid19-radiography-database/COVID-19_Radiography_Dataset/Lung_Opacity/images/Lung_Opacity-3204.png,Lung_Opacity,Normal,0.006993432063609362,0.40422987937927246,0.5867681503295898,0.002008551498875022,,0.35925209522247314,0.35925209522247314
/kaggle/input/datasets/tawsifurrahman/covid19-radiography-database/COVID-19_Radiography_Dataset/Lung_Opacity/images/Lung_Opacity-3218.png,Lung_Opacity,Lung_Opacity,7.535915938206017e-05,0.9999237060546875,9.174773367703892e-07,4.4334218074482123e-08,,,
/kaggle/input/datasets/tawsifurrahman/covid19-radiography-database/COVID-19_Radiography_Dataset/Lung_Opacity/images/Lung_Opacity-3219.png,Lung_Opacity,Normal,0.0009900659788399935,0.10315614938735962,0.8955047130584717,0.00034916040021926165,,,
/kaggle/input/datasets/tawsifurrahman/covid19-radiography-database/COVID-19_Radiography_Dataset/Lung_Opacity/images/Lung_Opacity-3228.png,Lung_Opacity,Lung_Opacity,0.28022512793540955,0.5369436144828796,0.10640450567007065,0.07642669975757599,,,
/kaggle/input/datasets/tawsifurrahman/covid19-radiography-database/COVID-19_Radiography_Dataset/Lung_Opacity/images/Lung_Opacity-3249.png,Lung_Opacity,Lung_Opacity,0.456184983253479,0.5429840087890625,0.000779453432187438,5.15071333211381e-05,,,
/kaggle/input/datasets/tawsifurrahman/covid19-radiography-database/COVID-19_Radiography_Dataset/Lung_Opacity/images/Lung_Opacity-325.png,Lung_Opacity,Lung_Opacity,3.225149612262612e-06,0.8843597173690796,0.11563427001237869,2.824081093422137e-06,,0.23941922187805176,0.23941922187805176
/kaggle/input/datasets/tawsifurrahman/covid19-radiography-database/COVID-19_Radiography_Dataset/Lung_Opacity/images/Lung_Opacity-3253.png,Lung_Opacity,Normal,0.006759762763977051,0.046250320971012115,0.9469778537750244,1.2040526598866563e-05,,0.2549343407154083,0.2549343407154083
/kaggle/input/datasets/tawsifurrahman/covid19-radiography-database/COVID-19_Radiography_Dataset/Lung_Opacity/images/Lung_Opacity-3254.png,Lung_Opacity,Lung_Opacity,2.023107481363695e-05,0.9101836085319519,0.08978530019521713,1.0893734724959359e-05,,0.3830345869064331,0.3830345869064331
/kaggle/input/datasets/tawsifurrahman/covid19-radiography-database/COVID-19_Radiography_Dataset/Lung_Opacity/images/Lung_Opacity-3270.png,Lung_Opacity,Lung_Opacity,1.6706019678736084e-08,0.9999605417251587,3.940213719033636e-05,2.2458437887173943e-10,,,
/kaggle/input/datasets/tawsifurrahman/covid19-radiography-database/COVID-19_Radiography_Dataset/Lung_Opacity/images/Lung_Opacity-3271.png,Lung_Opacity,Lung_Opacity,1.969936056411825e-05,0.9970169067382812,0.002960827900096774,2.6628752038959647e-06,,0.34385812282562256,0.34385812282562256
/kaggle/input/datasets/tawsifurrahman/covid19-radiography-database/COVID-19_Radiography_Dataset/Lung_Opacity/images/Lung_Opacity-3286.png,Lung_Opacity,Lung_Opacity,0.0007491298601962626,0.9653834700584412,0.03386717662215233,2.6100332206624444e-07,,,
/kaggle/input/datasets/tawsifurrahman/covid19-radiography-database/COVID-19_Radiography_Dataset/Lung_Opacity/images/Lung_Opacity-3299.png,Lung_Opacity,Lung_Opacity,3.465003430846991e-07,0.9851758480072021,0.014752988703548908,7.079927308950573e-05,,,
/kaggle/input/datasets/tawsifurrahman/covid19-radiography-database/COVID-19_Radiography_Dataset/Lung_Opacity/images/Lung_Opacity-3301.png,Lung_Opacity,Lung_Opacity,0.002019500359892845,0.9705104231834412,0.027470024302601814,3.023339090191257e-08,,0.4716973602771759,0.4716973602771759
/kaggle/input/datasets/tawsifurrahman/covid19-radiography-database/COVID-19_Radiography_Dataset/Lung_Opacity/images/Lung_Opacity-3307.png,Lung_Opacity,Lung_Opacity,0.001025586505420506,0.9988400340080261,6.680068327113986e-05,6.757386290701106e-05,,0.4130541682243347,0.4130541682243347
/kaggle/input/datasets/tawsifurrahman/covid19-radiography-database/COVID-19_Radiography_Dataset/Lung_Opacity/images/Lung_Opacity-3308.png,Lung_Opacity,Lung_Opacity,2.5971563788473873e-10,0.9999945163726807,5.340410552889807e-06,5.981169692859112e-08,,,
/kaggle/input/datasets/tawsifurrahman/covid19-radiography-database/COVID-19_Radiography_Dataset/Lung_Opacity/images/Lung_Opacity-3324.png,Lung_Opacity,Normal,7.462684880010784e-05,0.0432860441505909,0.9565222263336182,0.00011722739145625383,,,
/kaggle/input/datasets/tawsifurrahman/covid19-radiography-database/COVID-19_Radiography_Dataset/Lung_Opacity/images/Lung_Opacity-3327.png,Lung_Opacity,Lung_Opacity,0.13029633462429047,0.8350850343704224,0.013474061153829098,0.021144643425941467,,,
/kaggle/input/datasets/tawsifurrahman/covid19-radiography-database/COVID-19_Radiography_Dataset/Lung_Opacity/images/Lung_Opacity-3339.png,Lung_Opacity,Lung_Opacity,0.16731570661067963,0.8191747069358826,0.008075161837041378,0.005434364080429077,,,
/kaggle/input/datasets/tawsifurrahman/covid19-radiography-database/COVID-19_Radiography_Dataset/Lung_Opacity/images/Lung_Opacity-3345.png,Lung_Opacity,Lung_Opacity,0.0012289774604141712,0.9680984616279602,0.030672604218125343,3.479718557741762e-08,,,
/kaggle/input/datasets/tawsifurrahman/covid19-radiography-database/COVID-19_Radiography_Dataset/Lung_Opacity/images/Lung_Opacity-3353.png,Lung_Opacity,Normal,4.027990507893264e-05,0.3860946297645569,0.6138604283332825,4.726884071715176e-06,,,
/kaggle/input/datasets/tawsifurrahman/covid19-radiography-database/COVID-19_Radiography_Dataset/Lung_Opacity/images/Lung_Opacity-3358.png,Lung_Opacity,Lung_Opacity,7.713798595432309e-07,0.9992876648902893,0.0006144943763501942,9.704000694910064e-05,,0.36242416501045227,0.36242416501045227
/kaggle/input/datasets/tawsifurrahman/covid19-radiography-database/COVID-19_Radiography_Dataset/Lung_Opacity/images/Lung_Opacity-3360.png,Lung_Opacity,Normal,0.11836652457714081,0.36686334013938904,0.5147677659988403,2.3455233986169333e-06,,0.22620095312595367,0.22620095312595367
/kaggle/input/datasets/tawsifurrahman/covid19-radiography-database/COVID-19_Radiography_Dataset/Lung_Opacity/images/Lung_Opacity-3369.png,Lung_Opacity,Lung_Opacity,0.0012684501707553864,0.9984986782073975,0.00023256693384610116,3.029880417670938e-07,,0.28435835242271423,0.28435835242271423
/kaggle/input/datasets/tawsifurrahman/covid19-radiography-database/COVID-19_Radiography_Dataset/Lung_Opacity/images/Lung_Opacity-3370.png,Lung_Opacity,Lung_Opacity,2.4893429326766636e-06,0.9997571110725403,0.00024042921722866595,2.0473651218821942e-08,,,
/kaggle/input/datasets/tawsifurrahman/covid19-radiography-database/COVID-19_Radiography_Dataset/Lung_Opacity/images/Lung_Opacity-338.png,Lung_Opacity,Lung_Opacity,0.00852228980511427,0.9914491772651672,2.0895655325148255e-05,7.607110546814511e-06,,,
/kaggle/input/datasets/tawsifurrahman/covid19-radiography-database/COVID-19_Radiography_Dataset/Lung_Opacity/images/Lung_Opacity-3386.png,Lung_Opacity,Lung_Opacity,8.572739602641377e-07,0.9374816417694092,0.06251680850982666,6.813015147599799e-07,,0.1965177357196808,0.1965177357196808
/kaggle/input/datasets/tawsifurrahman/covid19-radiography-database/COVID-19_Radiography_Dataset/Lung_Opacity/images/Lung_Opacity-3389.png,Lung_Opacity,Lung_Opacity,2.9641543733305298e-05,0.9676231741905212,0.03234713524580002,3.009789040220312e-08,,,
/kaggle/input/datasets/tawsifurrahman/covid19-radiography-database/COVID-19_Radiography_Dataset/Lung_Opacity/images/Lung_Opacity-3393.png,Lung_Opacity,Lung_Opacity,0.0023326869122684,0.9617981314659119,0.03584398701786995,2.5224595447070897e-05,,,
/kaggle/input/datasets/tawsifurrahman/covid19-radiography-database/COVID-19_Radiography_Dataset/Lung_Opacity/images/Lung_Opacity-3394.png,Lung_Opacity,Normal,0.006272241473197937,0.08709576725959778,0.9066320061683655,2.986358893508623e-08,,,
/kaggle/input/datasets/tawsifurrahman/covid19-radiography-database/COVID-19_Radiography_Dataset/Lung_Opacity/images/Lung_Opacity-3395.png,Lung_Opacity,Lung_Opacity,3.548660970409401e-05,0.6768377423286438,0.32312673330307007,3.441292406591856e-08,,,
/kaggle/input/datasets/tawsifurrahman/covid19-radiography-database/COVID-19_Radiography_Dataset/Lung_Opacity/images/Lung_Opacity-3399.png,Lung_Opacity,Lung_Opacity,7.975051266839728e-05,0.9897361993789673,0.010180247016251087,3.7403112855827203e-06,,,
/kaggle/input/datasets/tawsifurrahman/covid19-radiography-database/COVID-19_Radiography_Dataset/Lung_Opacity/images/Lung_Opacity-3408.png,Lung_Opacity,Lung_Opacity,6.12078494555135e-08,0.8032063841819763,0.19678905606269836,4.486487796384608e-06,,,
/kaggle/input/datasets/tawsifurrahman/covid19-radiography-database/COVID-19_Radiography_Dataset/Lung_Opacity/images/Lung_Opacity-341.png,Lung_Opacity,Lung_Opacity,1.690916292318434e-06,0.9999746084213257,2.3734675778541714e-05,5.556393123384851e-09,,0.24389499425888062,0.24389499425888062
/kaggle/input/datasets/tawsifurrahman/covid19-radiography-database/COVID-19_Radiography_Dataset/Lung_Opacity/images/Lung_Opacity-342.png,Lung_Opacity,Lung_Opacity,0.014181666076183319,0.9840695261955261,0.0017483950359746814,4.788580554304644e-07,,0.38302260637283325,0.38302260637283325
/kaggle/input/datasets/tawsifurrahman/covid19-radiography-database/COVID-19_Radiography_Dataset/Lung_Opacity/images/Lung_Opacity-3425.png,Lung_Opacity,Lung_Opacity,0.00015106549835763872,0.9662726521492004,0.0008514128858223557,0.032724831253290176,,0.3450837731361389,0.3450837731361389
/kaggle/input/datasets/tawsifurrahman/covid19-radiography-database/COVID-19_Radiography_Dataset/Lung_Opacity/images/Lung_Opacity-3436.png,Lung_Opacity,Lung_Opacity,7.046914447528252e-07,0.9998766183853149,9.144973591901362e-05,3.119249231531285e-05,,,
/kaggle/input/datasets/tawsifurrahman/covid19-radiography-database/COVID-19_Radiography_Dataset/Lung_Opacity/images/Lung_Opacity-3449.png,Lung_Opacity,Lung_Opacity,0.002033976372331381,0.9865362048149109,0.011047480627894402,0.00038229511119425297,,,
/kaggle/input/datasets/tawsifurrahman/covid19-radiography-database/COVID-19_Radiography_Dataset/Lung_Opacity/images/Lung_Opacity-3453.png,Lung_Opacity,Lung_Opacity,0.000325633940519765,0.9966837763786316,0.002986864885315299,3.6901060411764774e-06,,,
/kaggle/input/datasets/tawsifurrahman/covid19-radiography-database/COVID-19_Radiography_Dataset/Lung_Opacity/images/Lung_Opacity-3456.png,Lung_Opacity,Lung_Opacity,0.0022304111625999212,0.9962704181671143,0.001296133385039866,0.0002029435709118843,,,
/kaggle/input/datasets/tawsifurrahman/covid19-radiography-database/COVID-19_Radiography_Dataset/Lung_Opacity/images/Lung_Opacity-3468.png,Lung_Opacity,Normal,0.1368652880191803,0.23485514521598816,0.6282637715339661,1.576651629875414e-05,,,
/kaggle/input/datasets/tawsifurrahman/covid19-radiography-database/COVID-19_Radiography_Dataset/Lung_Opacity/images/Lung_Opacity-3470.png,Lung_Opacity,Lung_Opacity,6.746018334524706e-05,0.9973487854003906,0.0025836697313934565,6.25470519821647e-08,,,
/kaggle/input/datasets/tawsifurrahman/covid19-radiography-database/COVID-19_Radiography_Dataset/Lung_Opacity/images/Lung_Opacity-3473.png,Lung_Opacity,Lung_Opacity,1.3573198121008545e-10,0.9992049336433411,0.0007947604171931744,3.7645935435648425e-07,,0.14838454127311707,0.14838454127311707
/kaggle/input/datasets/tawsifurrahman/covid19-radiography-database/COVID-19_Radiography_Dataset/Lung_Opacity/images/Lung_Opacity-3484.png,Lung_Opacity,Lung_Opacity,1.5229393568461091e-07,0.9999915361404419,8.23172740638256e-06,1.1376359054793284e-07,,,
/kaggle/input/datasets/tawsifurrahman/covid19-radiography-database/COVID-19_Radiography_Dataset/Lung_Opacity/images/Lung_Opacity-3486.png,Lung_Opacity,Lung_Opacity,4.438429823494516e-05,0.9982049465179443,0.0017330293776467443,1.7558120816829614e-05,,,
/kaggle/input/datasets/tawsifurrahman/covid19-radiography-database/COVID-19_Radiography_Dataset/Lung_Opacity/images/Lung_Opacity-3487.png,Lung_Opacity,Lung_Opacity,0.05164624750614166,0.9448309540748596,0.0034271450713276863,9.567124652676284e-05,,0.42030900716781616,0.42030900716781616
/kaggle/input/datasets/tawsifurrahman/covid19-radiography-database/COVID-19_Radiography_Dataset/Lung_Opacity/images/Lung_Opacity-3488.png,Lung_Opacity,Normal,0.0002735559828579426,0.01312260702252388,0.986598014831543,5.794958269689232e-06,,,
/kaggle/input/datasets/tawsifurrahman/covid19-radiography-database/COVID-19_Radiography_Dataset/Lung_Opacity/images/Lung_Opacity-3502.png,Lung_Opacity,Lung_Opacity,0.010020463727414608,0.9899132251739502,3.963753624702804e-05,2.6680630980990827e-05,,0.41100889444351196,0.41100889444351196
/kaggle/input/datasets/tawsifurrahman/covid19-radiography-database/COVID-19_Radiography_Dataset/Lung_Opacity/images/Lung_Opacity-3503.png,Lung_Opacity,Lung_Opacity,5.588052317762049e-06,0.9517304301261902,0.04826197028160095,2.0128520645812387e-06,,,
/kaggle/input/datasets/tawsifurrahman/covid19-radiography-database/COVID-19_Radiography_Dataset/Lung_Opacity/images/Lung_Opacity-3504.png,Lung_Opacity,Lung_Opacity,0.036005184054374695,0.5744943618774414,0.38949304819107056,7.376099802058889e-06,,,
/kaggle/input/datasets/tawsifurrahman/covid19-radiography-database/COVID-19_Radiography_Dataset/Lung_Opacity/images/Lung_Opacity-3505.png,Lung_Opacity,Lung_Opacity,2.190376108046621e-05,0.9999723434448242,5.262058493826771e-06,4.2140143818869547e-07,,0.3295934498310089,0.3295934498310089
/kaggle/input/datasets/tawsifurrahman/covid19-radiography-database/COVID-19_Radiography_Dataset/Lung_Opacity/images/Lung_Opacity-3507.png,Lung_Opacity,Lung_Opacity,0.02006412483751774,0.9658527374267578,0.012987663969397545,0.0010954835452139378,,,
/kaggle/input/datasets/tawsifurrahman/covid19-radiography-database/COVID-19_Radiography_Dataset/Lung_Opacity/images/Lung_Opacity-3508.png,Lung_Opacity,Lung_Opacity,7.899124284449499e-06,0.9593963623046875,0.040582798421382904,1.2931201126775704e-05,,,
/kaggle/input/datasets/tawsifurrahman/covid19-radiography-database/COVID-19_Radiography_Dataset/Lung_Opacity/images/Lung_Opacity-3509.png,Lung_Opacity,Lung_Opacity,8.352624718099833e-06,0.9950165152549744,0.004909096751362085,6.609793490497395e-05,,0.4129045903682709,0.4129045903682709
/kaggle/input/datasets/tawsifurrahman/covid19-radiography-database/COVID-19_Radiography_Dataset/Lung_Opacity/images/Lung_Opacity-3517.png,Lung_Opacity,Lung_Opacity,0.00010033979924628511,0.8396642804145813,0.16023536026477814,1.209863675910583e-08,,0.40938663482666016,0.40938663482666016
/kaggle/input/datasets/tawsifurrahman/covid19-radiography-database/COVID-19_Radiography_Dataset/Lung_Opacity/images/Lung_Opacity-3518.png,Lung_Opacity,Lung_Opacity,2.0132406852724216e-09,0.9999898672103882,1.0137722711078823e-05,4.0540154566670594e-10,,,
/kaggle/input/datasets/tawsifurrahman/covid19-radiography-database/COVID-19_Radiography_Dataset/Lung_Opacity/images/Lung_Opacity-352.png,Lung_Opacity,Normal,0.010380948893725872,0.19710490107536316,0.7925019860267639,1.2236318980285432e-05,,,
/kaggle/input/datasets/tawsifurrahman/covid19-radiography-database/COVID-19_Radiography_Dataset/Lung_Opacity/images/Lung_Opacity-3521.png,Lung_Opacity,Normal,0.0001023330696625635,0.25687113404273987,0.7430264353752136,9.27562737729204e-08,,,
/kaggle/input/datasets/tawsifurrahman/covid19-radiography-database/COVID-19_Radiography_Dataset/Lung_Opacity/images/Lung_Opacity-3522.png,Lung_Opacity,Lung_Opacity,3.63868020940572e-05,0.9999527931213379,6.933246822882211e-06,3.9752367229084484e-06,,,
/kaggle/input/datasets/tawsifurrahman/covid19-radiography-database/COVID-19_Radiography_Dataset/Lung_Opacity/images/Lung_Opacity-3523.png,Lung_Opacity,Lung_Opacity,0.004994020331650972,0.994905948638916,9.991580009227619e-05,9.782661436474882e-08,,,
/kaggle/input/datasets/tawsifurrahman/covid19-radiography-database/COVID-19_Radiography_Dataset/Lung_Opacity/images/Lung_Opacity-3524.png,Lung_Opacity,Lung_Opacity,0.00024476912221871316,0.9952979683876038,0.004195122513920069,0.00026217178674414754,,0.4375893473625183,0.4375893473625183
/kaggle/input/datasets/tawsifurrahman/covid19-radiography-database/COVID-19_Radiography_Dataset/Lung_Opacity/images/Lung_Opacity-3528.png,Lung_Opacity,Lung_Opacity,0.003857475006952882,0.9277556538581848,0.0683843120932579,2.5466858915024204e-06,,0.2378910779953003,0.2378910779953003
/kaggle/input/datasets/tawsifurrahman/covid19-radiography-database/COVID-19_Radiography_Dataset/Lung_Opacity/images/Lung_Opacity-3534.png,Lung_Opacity,Lung_Opacity,2.7861937269335613e-05,0.9948963522911072,0.0047069089487195015,0.0003687912249006331,,,
/kaggle/input/datasets/tawsifurrahman/covid19-radiography-database/COVID-19_Radiography_Dataset/Lung_Opacity/images/Lung_Opacity-3544.png,Lung_Opacity,Lung_Opacity,1.800147941821706e-07,0.9999970197677612,2.746161271716119e-06,4.704537204247572e-08,,,
/kaggle/input/datasets/tawsifurrahman/covid19-radiography-database/COVID-19_Radiography_Dataset/Lung_Opacity/images/Lung_Opacity-3548.png,Lung_Opacity,Lung_Opacity,6.501918687717989e-05,0.8219988346099854,0.17793603241443634,2.044979083848375e-07,,,
/kaggle/input/datasets/tawsifurrahman/covid19-radiography-database/COVID-19_Radiography_Dataset/Lung_Opacity/images/Lung_Opacity-3552.png,Lung_Opacity,Lung_Opacity,5.8751460585426685e-08,0.9967267513275146,0.003263185964897275,9.993102139560506e-06,,,
/kaggle/input/datasets/tawsifurrahman/covid19-radiography-database/COVID-19_Radiography_Dataset/Lung_Opacity/images/Lung_Opacity-3553.png,Lung_Opacity,Lung_Opacity,0.007244815584272146,0.98372882604599,0.009018674492835999,7.564766292489367e-06,,,
/kaggle/input/datasets/tawsifurrahman/covid19-radiography-database/COVID-19_Radiography_Dataset/Lung_Opacity/images/Lung_Opacity-3556.png,Lung_Opacity,Lung_Opacity,9.645501268096268e-05,0.9989527463912964,0.0009506939095444977,1.5326170910157089e-07,,0.3070429265499115,0.3070429265499115
/kaggle/input/datasets/tawsifurrahman/covid19-radiography-database/COVID-19_Radiography_Dataset/Lung_Opacity/images/Lung_Opacity-3563.png,Lung_Opacity,Lung_Opacity,0.013896793127059937,0.9035841822624207,0.08236561715602875,0.00015341486141551286,,,
/kaggle/input/datasets/tawsifurrahman/covid19-radiography-database/COVID-19_Radiography_Dataset/Lung_Opacity/images/Lung_Opacity-3570.png,Lung_Opacity,Lung_Opacity,3.652771556517109e-05,0.9951645135879517,0.004798593930900097,3.1316056947616744e-07,,,
/kaggle/input/datasets/tawsifurrahman/covid19-radiography-database/COVID-19_Radiography_Dataset/Lung_Opacity/images/Lung_Opacity-3579.png,Lung_Opacity,Lung_Opacity,1.376315736933975e-07,0.9993094205856323,0.0006903610192239285,1.5231695726924954e-07,,,
/kaggle/input/datasets/tawsifurrahman/covid19-radiography-database/COVID-19_Radiography_Dataset/Lung_Opacity/images/Lung_Opacity-3585.png,Lung_Opacity,Lung_Opacity,0.00016864287317730486,0.9992570281028748,0.000573033350519836,1.3138278518454172e-06,,0.31153830885887146,0.31153830885887146
/kaggle/input/datasets/tawsifurrahman/covid19-radiography-database/COVID-19_Radiography_Dataset/Lung_Opacity/images/Lung_Opacity-3587.png,Lung_Opacity,Lung_Opacity,0.0007937867776490748,0.9982386827468872,0.0009548688540235162,1.2664337191381492e-05,,,
/kaggle/input/datasets/tawsifurrahman/covid19-radiography-database/COVID-19_Radiography_Dataset/Lung_Opacity/images/Lung_Opacity-360.png,Lung_Opacity,Lung_Opacity,2.4393631974817254e-05,0.5490714907646179,0.4508925676345825,1.1554603588592727e-05,,,
/kaggle/input/datasets/tawsifurrahman/covid19-radiography-database/COVID-19_Radiography_Dataset/Lung_Opacity/images/Lung_Opacity-3604.png,Lung_Opacity,Lung_Opacity,0.0002952881623059511,0.9925650358200073,0.007128552068024874,1.108477317757206e-05,,,
/kaggle/input/datasets/tawsifurrahman/covid19-radiography-database/COVID-19_Radiography_Dataset/Lung_Opacity/images/Lung_Opacity-3623.png,Lung_Opacity,Lung_Opacity,4.755814006784931e-05,0.9994226694107056,0.0005291091511026025,7.595515967295796e-07,,,
/kaggle/input/datasets/tawsifurrahman/covid19-radiography-database/COVID-19_Radiography_Dataset/Lung_Opacity/images/Lung_Opacity-363.png,Lung_Opacity,Lung_Opacity,0.000249359174631536,0.9980499744415283,0.001624981057830155,7.561228994745761e-05,,0.3579084575176239,0.3579084575176239
/kaggle/input/datasets/tawsifurrahman/covid19-radiography-database/COVID-19_Radiography_Dataset/Lung_Opacity/images/Lung_Opacity-3631.png,Lung_Opacity,Lung_Opacity,6.615426536882296e-05,0.9993657469749451,0.0005667755613103509,1.2516205742940656e-06,,,
/kaggle/input/datasets/tawsifurrahman/covid19-radiography-database/COVID-19_Radiography_Dataset/Lung_Opacity/images/Lung_Opacity-364.png,Lung_Opacity,Lung_Opacity,0.0011080227559432387,0.9962795376777649,0.0026123751886188984,1.6746796172029121e-09,,,
/kaggle/input/datasets/tawsifurrahman/covid19-radiography-database/COVID-19_Radiography_Dataset/Lung_Opacity/images/Lung_Opacity-3641.png,Lung_Opacity,Lung_Opacity,0.4809865653514862,0.5186624526977539,0.00020990347547922283,0.00014105337322689593,,,
/kaggle/input/datasets/tawsifurrahman/covid19-radiography-database/COVID-19_Radiography_Dataset/Lung_Opacity/images/Lung_Opacity-3642.png,Lung_Opacity,Lung_Opacity,5.043843884777743e-06,0.533507227897644,0.46647539734840393,1.2331183825153857e-05,,0.39829516410827637,0.39829516410827637
/kaggle/input/datasets/tawsifurrahman/covid19-radiography-database/COVID-19_Radiography_Dataset/Lung_Opacity/images/Lung_Opacity-3646.png,Lung_Opacity,Lung_Opacity,5.46182636753656e-05,0.9986013770103455,0.0013440416660159826,8.807230500451624e-09,,0.37703192234039307,0.37703192234039307
/kaggle/input/datasets/tawsifurrahman/covid19-radiography-database/COVID-19_Radiography_Dataset/Lung_Opacity/images/Lung_Opacity-3650.png,Lung_Opacity,Lung_Opacity,0.00013528046838473529,0.9965354204177856,0.003327194834128022,2.1961643597023794e-06,,0.35027018189430237,0.35027018189430237
/kaggle/input/datasets/tawsifurrahman/covid19-radiography-database/COVID-19_Radiography_Dataset/Lung_Opacity/images/Lung_Opacity-3654.png,Lung_Opacity,Lung_Opacity,9.874182183011726e-08,0.9999990463256836,8.16996021058003e-07,1.269938643133628e-08,,,
/kaggle/input/datasets/tawsifurrahman/covid19-radiography-database/COVID-19_Radiography_Dataset/Lung_Opacity/images/Lung_Opacity-3657.png,Lung_Opacity,Lung_Opacity,1.8054402971756645e-05,0.9991764426231384,9.643300290917978e-05,0.0007090102299116552,,0.39043810963630676,0.39043810963630676
/kaggle/input/datasets/tawsifurrahman/covid19-radiography-database/COVID-19_Radiography_Dataset/Lung_Opacity/images/Lung_Opacity-3667.png,Lung_Opacity,Lung_Opacity,1.1071703738707583e-05,0.9997984766960144,0.00018886204634327441,1.5557769756924245e-06,,0.3407766819000244,0.3407766819000244
/kaggle/input/datasets/tawsifurrahman/covid19-radiography-database/COVID-19_Radiography_Dataset/Lung_Opacity/images/Lung_Opacity-3668.png,Lung_Opacity,Lung_Opacity,0.000575279351323843,0.9944478273391724,0.004970548674464226,6.32469664196833e-06,,0.3615379333496094,0.3615379333496094
/kaggle/input/datasets/tawsifurrahman/covid19-radiography-database/COVID-19_Radiography_Dataset/Lung_Opacity/images/Lung_Opacity-367.png,Lung_Opacity,Lung_Opacity,6.874059863548609e-07,0.9997732043266296,0.00022613540932070464,7.261740986308496e-09,,,
/kaggle/input/datasets/tawsifurrahman/covid19-radiography-database/COVID-19_Radiography_Dataset/Lung_Opacity/images/Lung_Opacity-3673.png,Lung_Opacity,Lung_Opacity,3.090664790761366e-07,0.9999822378158569,1.746198904584162e-05,3.052101860134826e-08,,0.3005084991455078,0.3005084991455078
/kaggle/input/datasets/tawsifurrahman/covid19-radiography-database/COVID-19_Radiography_Dataset/Lung_Opacity/images/Lung_Opacity-3679.png,Lung_Opacity,Lung_Opacity,2.1924617612967268e-05,0.9995766282081604,0.00039756312617100775,3.9892752283776645e-06,,,
/kaggle/input/datasets/tawsifurrahman/covid19-radiography-database/COVID-19_Radiography_Dataset/Lung_Opacity/images/Lung_Opacity-3694.png,Lung_Opacity,Lung_Opacity,0.00016192714974749833,0.9997615218162537,7.637801900273189e-05,1.435018361917173e-07,,,
/kaggle/input/datasets/tawsifurrahman/covid19-radiography-database/COVID-19_Radiography_Dataset/Lung_Opacity/images/Lung_Opacity-3706.png,Lung_Opacity,Lung_Opacity,0.0003344017022754997,0.9990587830543518,0.0006063409382477403,5.294693323776301e-07,,,
/kaggle/input/datasets/tawsifurrahman/covid19-radiography-database/COVID-19_Radiography_Dataset/Lung_Opacity/images/Lung_Opacity-3717.png,Lung_Opacity,Lung_Opacity,0.0013234142679721117,0.9985665678977966,0.0001100845547625795,2.6062291880180055e-08,,,
/kaggle/input/datasets/tawsifurrahman/covid19-radiography-database/COVID-19_Radiography_Dataset/Lung_Opacity/images/Lung_Opacity-3726.png,Lung_Opacity,Normal,0.0022936684545129538,0.17807964980602264,0.8196266293525696,1.3083677474767796e-09,,,
/kaggle/input/datasets/tawsifurrahman/covid19-radiography-database/COVID-19_Radiography_Dataset/Lung_Opacity/images/Lung_Opacity-3743.png,Lung_Opacity,Lung_Opacity,0.24969425797462463,0.7498852610588074,0.00027719978243112564,0.0001433137513231486,,,
/kaggle/input/datasets/tawsifurrahman/covid19-radiography-database/COVID-19_Radiography_Dataset/Lung_Opacity/images/Lung_Opacity-3755.png,Lung_Opacity,Lung_Opacity,0.001792453695088625,0.9740371108055115,0.024167941883206367,2.527295691834297e-06,,0.4477524161338806,0.4477524161338806
/kaggle/input/datasets/tawsifurrahman/covid19-radiography-database/COVID-19_Radiography_Dataset/Lung_Opacity/images/Lung_Opacity-3759.png,Lung_Opacity,Lung_Opacity,1.3387468698056182e-06,0.8668920397758484,0.1331062614917755,4.061788843046088e-07,,,
/kaggle/input/datasets/tawsifurrahman/covid19-radiography-database/COVID-19_Radiography_Dataset/Lung_Opacity/images/Lung_Opacity-3764.png,Lung_Opacity,Lung_Opacity,0.00027302702073939145,0.9897687435150146,0.009893600828945637,6.465415935963392e-05,,,
/kaggle/input/datasets/tawsifurrahman/covid19-radiography-database/COVID-19_Radiography_Dataset/Lung_Opacity/images/Lung_Opacity-3765.png,Lung_Opacity,Normal,2.8922817364218645e-05,0.07805661857128143,0.9217882752418518,0.00012616424646694213,,0.23105056583881378,0.23105056583881378
/kaggle/input/datasets/tawsifurrahman/covid19-radiography-database/COVID-19_Radiography_Dataset/Lung_Opacity/images/Lung_Opacity-3767.png,Lung_Opacity,Lung_Opacity,0.09360646456480026,0.9060832262039185,0.00013749409117735922,0.00017279241001233459,,,
/kaggle/input/datasets/tawsifurrahman/covid19-radiography-database/COVID-19_Radiography_Dataset/Lung_Opacity/images/Lung_Opacity-3768.png,Lung_Opacity,Lung_Opacity,3.085170465055853e-05,0.9876633286476135,0.012305461801588535,3.1014602086543164e-07,,,
/kaggle/input/datasets/tawsifurrahman/covid19-radiography-database/COVID-19_Radiography_Dataset/Lung_Opacity/images/Lung_Opacity-378.png,Lung_Opacity,Lung_Opacity,0.022695915773510933,0.6977201700210571,0.23162338137626648,0.04796052351593971,,0.36795178055763245,0.36795178055763245
/kaggle/input/datasets/tawsifurrahman/covid19-radiography-database/COVID-19_Radiography_Dataset/Lung_Opacity/images/Lung_Opacity-3782.png,Lung_Opacity,Lung_Opacity,0.0003396611427888274,0.937018871307373,0.06263945996761322,1.999176902245381e-06,,0.28404751420021057,0.28404751420021057
/kaggle/input/datasets/tawsifurrahman/covid19-radiography-database/COVID-19_Radiography_Dataset/Lung_Opacity/images/Lung_Opacity-3786.png,Lung_Opacity,Normal,3.1201263482216746e-05,0.20145009458065033,0.7985002994537354,1.8394970538793132e-05,,,
/kaggle/input/datasets/tawsifurrahman/covid19-radiography-database/COVID-19_Radiography_Dataset/Lung_Opacity/images/Lung_Opacity-3792.png,Lung_Opacity,Lung_Opacity,0.0002395368501311168,0.9896854162216187,0.010064887814223766,1.0119145372300409e-05,,,
/kaggle/input/datasets/tawsifurrahman/covid19-radiography-database/COVID-19_Radiography_Dataset/Lung_Opacity/images/Lung_Opacity-3793.png,Lung_Opacity,Lung_Opacity,0.016992418095469475,0.9349392652511597,0.048050981014966965,1.7365555322612636e-05,,,
/kaggle/input/datasets/tawsifurrahman/covid19-radiography-database/COVID-19_Radiography_Dataset/Lung_Opacity/images/Lung_Opacity-3808.png,Lung_Opacity,COVID,0.9458863139152527,0.05410649627447128,3.045607627427671e-06,4.105643711227458e-06,,,
/kaggle/input/datasets/tawsifurrahman/covid19-radiography-database/COVID-19_Radiography_Dataset/Lung_Opacity/images/Lung_Opacity-3815.png,Lung_Opacity,Lung_Opacity,4.000270928372629e-05,0.9592638611793518,0.04069363325834274,2.5427739274164196e-06,,0.4475659728050232,0.4475659728050232
/kaggle/input/datasets/tawsifurrahman/covid19-radiography-database/COVID-19_Radiography_Dataset/Lung_Opacity/images/Lung_Opacity-3821.png,Lung_Opacity,Lung_Opacity,6.0414824254451105e-09,0.9973269701004028,0.002672979375347495,1.1787298248577827e-08,,0.20808640122413635,0.20808640122413635
/kaggle/input/datasets/tawsifurrahman/covid19-radiography-database/COVID-19_Radiography_Dataset/Lung_Opacity/images/Lung_Opacity-3829.png,Lung_Opacity,Lung_Opacity,3.823975930572487e-06,0.9997095465660095,0.0002865752321667969,3.1862210647659595e-08,,0.2593842148780823,0.2593842148780823
/kaggle/input/datasets/tawsifurrahman/covid19-radiography-database/COVID-19_Radiography_Dataset/Lung_Opacity/images/Lung_Opacity-384.png,Lung_Opacity,Lung_Opacity,0.00012136888108216226,0.9998759031295776,2.696599949558731e-06,1.7467352009248316e-08,,,
/kaggle/input/datasets/tawsifurrahman/covid19-radiography-database/COVID-19_Radiography_Dataset/Lung_Opacity/images/Lung_Opacity-3845.png,Lung_Opacity,Lung_Opacity,1.3786864656140096e-05,0.9988364577293396,0.0011491334298625588,6.324532364487823e-07,,,
/kaggle/input/datasets/tawsifurrahman/covid19-radiography-database/COVID-19_Radiography_Dataset/Lung_Opacity/images/Lung_Opacity-3853.png,Lung_Opacity,Lung_Opacity,0.0004387255758047104,0.5549378991127014,0.4446038603782654,1.9543491362128407e-05,,,
/kaggle/input/datasets/tawsifurrahman/covid19-radiography-database/COVID-19_Radiography_Dataset/Lung_Opacity/images/Lung_Opacity-3855.png,Lung_Opacity,Lung_Opacity,0.026761628687381744,0.9714332818984985,0.0016087691765278578,0.00019631987379398197,,,
/kaggle/input/datasets/tawsifurrahman/covid19-radiography-database/COVID-19_Radiography_Dataset/Lung_Opacity/images/Lung_Opacity-3870.png,Lung_Opacity,Lung_Opacity,0.0002403480320936069,0.9995595812797546,0.00019712447829078883,2.9240102321637096e-06,,,
/kaggle/input/datasets/tawsifurrahman/covid19-radiography-database/COVID-19_Radiography_Dataset/Lung_Opacity/images/Lung_Opacity-3873.png,Lung_Opacity,Lung_Opacity,0.0007342933677136898,0.9949634075164795,0.004022407811135054,0.0002799084468279034,,,
/kaggle/input/datasets/tawsifurrahman/covid19-radiography-database/COVID-19_Radiography_Dataset/Lung_Opacity/images/Lung_Opacity-3877.png,Lung_Opacity,Lung_Opacity,0.00055976357543841,0.9928695559501648,0.0065704165026545525,2.8607973945327103e-07,,0.2891574501991272,0.2891574501991272
/kaggle/input/datasets/tawsifurrahman/covid19-radiography-database/COVID-19_Radiography_Dataset/Lung_Opacity/images/Lung_Opacity-3879.png,Lung_Opacity,Lung_Opacity,0.00893507618457079,0.9210832118988037,0.06997539848089218,6.228673100849846e-06,,,
/kaggle/input/datasets/tawsifurrahman/covid19-radiography-database/COVID-19_Radiography_Dataset/Lung_Opacity/images/Lung_Opacity-3890.png,Lung_Opacity,Normal,0.0001194196956930682,0.22085148096084595,0.7790281772613525,9.035202310769819e-07,,,
/kaggle/input/datasets/tawsifurrahman/covid19-radiography-database/COVID-19_Radiography_Dataset/Lung_Opacity/images/Lung_Opacity-3892.png,Lung_Opacity,Normal,0.0010795528069138527,0.4281426668167114,0.5707703232765198,7.499445928260684e-06,,0.15634189546108246,0.15634189546108246
/kaggle/input/datasets/tawsifurrahman/covid19-radiography-database/COVID-19_Radiography_Dataset/Lung_Opacity/images/Lung_Opacity-3894.png,Lung_Opacity,Lung_Opacity,7.306051230671073e-08,0.9999908208847046,9.09953723748913e-06,2.717601699231409e-09,,,
/kaggle/input/datasets/tawsifurrahman/covid19-radiography-database/COVID-19_Radiography_Dataset/Lung_Opacity/images/Lung_Opacity-3895.png,Lung_Opacity,Lung_Opacity,0.0012770532630383968,0.9834387898445129,0.015282155014574528,1.991598992390209e-06,,,
/kaggle/input/datasets/tawsifurrahman/covid19-radiography-database/COVID-19_Radiography_Dataset/Lung_Opacity/images/Lung_Opacity-3896.png,Lung_Opacity,Lung_Opacity,8.137615805026144e-05,0.999338686466217,0.0005799265345558524,3.295631989530534e-09,,0.26171720027923584,0.26171720027923584
/kaggle/input/datasets/tawsifurrahman/covid19-radiography-database/COVID-19_Radiography_Dataset/Lung_Opacity/images/Lung_Opacity-3898.png,Lung_Opacity,Lung_Opacity,0.006596881430596113,0.7275882363319397,0.26581135392189026,3.463107077550376e-06,,,
/kaggle/input/datasets/tawsifurrahman/covid19-radiography-database/COVID-19_Radiography_Dataset/Lung_Opacity/images/Lung_Opacity-3899.png,Lung_Opacity,Lung_Opacity,0.005319618619978428,0.8826426863670349,0.11203724145889282,3.989951267158176e-07,,0.16163627803325653,0.16163627803325653
/kaggle/input/datasets/tawsifurrahman/covid19-radiography-database/COVID-19_Radiography_Dataset/Lung_Opacity/images/Lung_Opacity-39.png,Lung_Opacity,Lung_Opacity,0.02353491820394993,0.9234090447425842,0.05305448919534683,1.5202284657789278e-06,,0.3629647195339203,0.3629647195339203
/kaggle/input/datasets/tawsifurrahman/covid19-radiography-database/COVID-19_Radiography_Dataset/Lung_Opacity/images/Lung_Opacity-3902.png,Lung_Opacity,Lung_Opacity,0.0015133650740608573,0.9981649518013,0.0003201595973223448,1.5316195458581205e-06,,0.4669649004936218,0.4669649004936218
/kaggle/input/datasets/tawsifurrahman/covid19-radiography-database/COVID-19_Radiography_Dataset/Lung_Opacity/images/Lung_Opacity-3903.png,Lung_Opacity,Lung_Opacity,0.016264457255601883,0.47641149163246155,0.4548254609107971,0.05249856784939766,,,
/kaggle/input/datasets/tawsifurrahman/covid19-radiography-database/COVID-19_Radiography_Dataset/Lung_Opacity/images/Lung_Opacity-3908.png,Lung_Opacity,Lung_Opacity,5.126802534505259e-06,0.9999769926071167,1.6483900253660977e-05,1.4290183116827393e-06,,0.4019974172115326,0.4019974172115326
/kaggle/input/datasets/tawsifurrahman/covid19-radiography-database/COVID-19_Radiography_Dataset/Lung_Opacity/images/Lung_Opacity-3912.png,Lung_Opacity,Lung_Opacity,9.644736120861808e-10,0.8996527791023254,0.10034724324941635,8.859260880456077e-09,,,
/kaggle/input/datasets/tawsifurrahman/covid19-radiography-database/COVID-19_Radiography_Dataset/Lung_Opacity/images/Lung_Opacity-3920.png,Lung_Opacity,Lung_Opacity,0.000451398896984756,0.9918501377105713,0.007688754703849554,9.645853424444795e-06,,,
/kaggle/input/datasets/tawsifurrahman/covid19-radiography-database/COVID-19_Radiography_Dataset/Lung_Opacity/images/Lung_Opacity-3923.png,Lung_Opacity,Lung_Opacity,0.003430833574384451,0.9961697459220886,0.0003991722478531301,2.878664986383228e-07,,0.3156605064868927,0.3156605064868927
/kaggle/input/datasets/tawsifurrahman/covid19-radiography-database/COVID-19_Radiography_Dataset/Lung_Opacity/images/Lung_Opacity-3924.png,Lung_Opacity,Lung_Opacity,0.0020260869059711695,0.9966055154800415,0.0013581360690295696,1.025498568196781e-05,,,
/kaggle/input/datasets/tawsifurrahman/covid19-radiography-database/COVID-19_Radiography_Dataset/Lung_Opacity/images/Lung_Opacity-3927.png,Lung_Opacity,Normal,0.0009449609206058085,0.4373500943183899,0.561704695224762,2.511238506031077e-07,,,
/kaggle/input/datasets/tawsifurrahman/covid19-radiography-database/COVID-19_Radiography_Dataset/Lung_Opacity/images/Lung_Opacity-3929.png,Lung_Opacity,Lung_Opacity,0.039296071976423264,0.8404290676116943,0.09906449913978577,0.02121034823358059,,0.16317516565322876,0.16317516565322876
/kaggle/input/datasets/tawsifurrahman/covid19-radiography-database/COVID-19_Radiography_Dataset/Lung_Opacity/images/Lung_Opacity-3931.png,Lung_Opacity,Lung_Opacity,0.0038782937917858362,0.9879816174507141,0.008122613653540611,1.7429432773496956e-05,,,
/kaggle/input/datasets/tawsifurrahman/covid19-radiography-database/COVID-19_Radiography_Dataset/Lung_Opacity/images/Lung_Opacity-3935.png,Lung_Opacity,Lung_Opacity,4.0478166738466825e-06,0.99819415807724,0.0018016257090494037,1.8129657064491767e-07,,0.23430995643138885,0.23430995643138885
/kaggle/input/datasets/tawsifurrahman/covid19-radiography-database/COVID-19_Radiography_Dataset/Lung_Opacity/images/Lung_Opacity-3940.png,Lung_Opacity,Lung_Opacity,1.1058637028327212e-07,0.96440589427948,0.03543275222182274,0.00016121550288517028,,,
/kaggle/input/datasets/tawsifurrahman/covid19-radiography-database/COVID-19_Radiography_Dataset/Lung_Opacity/images/Lung_Opacity-3942.png,Lung_Opacity,Normal,0.01947377249598503,0.3331013321876526,0.5600351095199585,0.08738976716995239,,0.23882488906383514,0.23882488906383514
/kaggle/input/datasets/tawsifurrahman/covid19-radiography-database/COVID-19_Radiography_Dataset/Lung_Opacity/images/Lung_Opacity-3945.png,Lung_Opacity,Lung_Opacity,5.880819442527496e-11,0.9999730587005615,2.6945906938635744e-05,8.141250340543138e-09,,,
/kaggle/input/datasets/tawsifurrahman/covid19-radiography-database/COVID-19_Radiography_Dataset/Lung_Opacity/images/Lung_Opacity-3947.png,Lung_Opacity,Normal,7.080140221660258e-06,0.4813065528869629,0.5170626044273376,0.0016237159725278616,,,
/kaggle/input/datasets/tawsifurrahman/covid19-radiography-database/COVID-19_Radiography_Dataset/Lung_Opacity/images/Lung_Opacity-3956.png,Lung_Opacity,Lung_Opacity,3.4932963899336755e-06,0.9691233038902283,0.030872749164700508,4.769729002873646e-07,,0.4098913371562958,0.4098913371562958
/kaggle/input/datasets/tawsifurrahman/covid19-radiography-database/COVID-19_Radiography_Dataset/Lung_Opacity/images/Lung_Opacity-396.png,Lung_Opacity,Lung_Opacity,0.0003623689990490675,0.9981936812400818,0.0014410187723115087,2.985946821354446e-06,,0.2673484981060028,0.2673484981060028
/kaggle/input/datasets/tawsifurrahman/covid19-radiography-database/COVID-19_Radiography_Dataset/Lung_Opacity/images/Lung_Opacity-3963.png,Lung_Opacity,Lung_Opacity,0.024268172681331635,0.9740686416625977,0.001659213099628687,3.980326710006921e-06,,,
/kaggle/input/datasets/tawsifurrahman/covid19-radiography-database/COVID-19_Radiography_Dataset/Lung_Opacity/images/Lung_Opacity-3970.png,Lung_Opacity,COVID,0.7721182107925415,0.05709393694996834,0.1707344949245453,5.3416839364217594e-05,,,
/kaggle/input/datasets/tawsifurrahman/covid19-radiography-database/COVID-19_Radiography_Dataset/Lung_Opacity/images/Lung_Opacity-3972.png,Lung_Opacity,Lung_Opacity,9.427718396182172e-06,0.9982497096061707,0.0017407856648787856,3.2910485447956717e-09,,,
/kaggle/input/datasets/tawsifurrahman/covid19-radiography-database/COVID-19_Radiography_Dataset/Lung_Opacity/images/Lung_Opacity-3977.png,Lung_Opacity,Lung_Opacity,1.9366753178928775e-07,0.9911397099494934,0.008844827301800251,1.5218386579363141e-05,,0.28320473432540894,0.28320473432540894
/kaggle/input/datasets/tawsifurrahman/covid19-radiography-database/COVID-19_Radiography_Dataset/Lung_Opacity/images/Lung_Opacity-3981.png,Lung_Opacity,Lung_Opacity,0.0007796220015734434,0.987757682800293,0.011358286254107952,0.0001044524324242957,,,
/kaggle/input/datasets/tawsifurrahman/covid19-radiography-database/COVID-19_Radiography_Dataset/Lung_Opacity/images/Lung_Opacity-3986.png,Lung_Opacity,Lung_Opacity,0.0026042151730507612,0.6767094135284424,0.32068631052970886,7.559788173239212e-08,,,
/kaggle/input/datasets/tawsifurrahman/covid19-radiography-database/COVID-19_Radiography_Dataset/Lung_Opacity/images/Lung_Opacity-3993.png,Lung_Opacity,Lung_Opacity,0.0014991480857133865,0.9048015475273132,0.09369893372058868,3.3212057815035223e-07,,,
/kaggle/input/datasets/tawsifurrahman/covid19-radiography-database/COVID-19_Radiography_Dataset/Lung_Opacity/images/Lung_Opacity-4004.png,Lung_Opacity,Lung_Opacity,0.05469643697142601,0.9386528134346008,9.357487579109147e-05,0.006557097192853689,,,
/kaggle/input/datasets/tawsifurrahman/covid19-radiography-database/COVID-19_Radiography_Dataset/Lung_Opacity/images/Lung_Opacity-4005.png,Lung_Opacity,Normal,0.020161252468824387,0.015052467584609985,0.9575780630111694,0.007208194583654404,,,
/kaggle/input/datasets/tawsifurrahman/covid19-radiography-database/COVID-19_Radiography_Dataset/Lung_Opacity/images/Lung_Opacity-4006.png,Lung_Opacity,Lung_Opacity,0.00022003379126545042,0.9927996397018433,0.006876298226416111,0.00010402128100395203,,0.16886325180530548,0.16886325180530548
/kaggle/input/datasets/tawsifurrahman/covid19-radiography-database/COVID-19_Radiography_Dataset/Lung_Opacity/images/Lung_Opacity-4007.png,Lung_Opacity,Lung_Opacity,0.002554386155679822,0.9916878342628479,0.005757671315222979,7.650670141856608e-08,,,
/kaggle/input/datasets/tawsifurrahman/covid19-radiography-database/COVID-19_Radiography_Dataset/Lung_Opacity/images/Lung_Opacity-402.png,Lung_Opacity,Lung_Opacity,2.579492672794004e-07,0.9882871508598328,0.011613559909164906,9.909919754136354e-05,,,
/kaggle/input/datasets/tawsifurrahman/covid19-radiography-database/COVID-19_Radiography_Dataset/Lung_Opacity/images/Lung_Opacity-4020.png,Lung_Opacity,Lung_Opacity,1.036210869642673e-05,0.9856840372085571,0.01409023068845272,0.00021535846462938935,,,
/kaggle/input/datasets/tawsifurrahman/covid19-radiography-database/COVID-19_Radiography_Dataset/Lung_Opacity/images/Lung_Opacity-4026.png,Lung_Opacity,Lung_Opacity,0.0006307117873802781,0.5816052556037903,0.41738927364349365,0.0003747698210645467,,,
/kaggle/input/datasets/tawsifurrahman/covid19-radiography-database/COVID-19_Radiography_Dataset/Lung_Opacity/images/Lung_Opacity-4028.png,Lung_Opacity,Lung_Opacity,0.005665845237672329,0.818297803401947,0.176028311252594,8.060258551267907e-06,,,
/kaggle/input/datasets/tawsifurrahman/covid19-radiography-database/COVID-19_Radiography_Dataset/Lung_Opacity/images/Lung_Opacity-4034.png,Lung_Opacity,Lung_Opacity,0.01839003711938858,0.8376100659370422,0.1437980681657791,0.00020175729878246784,,0.24179446697235107,0.24179446697235107
/kaggle/input/datasets/tawsifurrahman/covid19-radiography-database/COVID-19_Radiography_Dataset/Lung_Opacity/images/Lung_Opacity-4044.png,Lung_Opacity,Normal,1.1689359780575614e-05,0.3979085385799408,0.6020798087120056,1.4582207441549144e-08,,0.2319488376379013,0.2319488376379013
/kaggle/input/datasets/tawsifurrahman/covid19-radiography-database/COVID-19_Radiography_Dataset/Lung_Opacity/images/Lung_Opacity-4045.png,Lung_Opacity,Lung_Opacity,0.00047417933819815516,0.9067081212997437,0.09252598881721497,0.0002917375531978905,,0.3035992383956909,0.3035992383956909
/kaggle/input/datasets/tawsifurrahman/covid19-radiography-database/COVID-19_Radiography_Dataset/Lung_Opacity/images/Lung_Opacity-405.png,Lung_Opacity,Lung_Opacity,2.6348843675805256e-06,0.9566329121589661,0.043364398181438446,4.734214797963432e-08,,0.34196385741233826,0.34196385741233826
/kaggle/input/datasets/tawsifurrahman/covid19-radiography-database/COVID-19_Radiography_Dataset/Lung_Opacity/images/Lung_Opacity-4057.png,Lung_Opacity,Normal,0.005175360478460789,0.44843554496765137,0.5245910882949829,0.021798009052872658,,,
/kaggle/input/datasets/tawsifurrahman/covid19-radiography-database/COVID-19_Radiography_Dataset/Lung_Opacity/images/Lung_Opacity-4066.png,Lung_Opacity,COVID,0.8168317675590515,0.07658951729536057,0.10450340807437897,0.0020753047429025173,,0.3625144362449646,0.3625144362449646
/kaggle/input/datasets/tawsifurrahman/covid19-radiography-database/COVID-19_Radiography_Dataset/Lung_Opacity/images/Lung_Opacity-4067.png,Lung_Opacity,Lung_Opacity,5.288952138471359e-07,0.9978156089782715,0.0006171544082462788,0.0015666383551433682,,,
/kaggle/input/datasets/tawsifurrahman/covid19-radiography-database/COVID-19_Radiography_Dataset/Lung_Opacity/images/Lung_Opacity-4071.png,Lung_Opacity,Lung_Opacity,8.762044672039337e-07,0.9821181297302246,0.017879152670502663,1.9082933704339666e-06,,0.26185017824172974,0.26185017824172974
/kaggle/input/datasets/tawsifurrahman/covid19-radiography-database/COVID-19_Radiography_Dataset/Lung_Opacity/images/Lung_Opacity-4073.png,Lung_Opacity,Lung_Opacity,0.0003781437990255654,0.996563732624054,0.0030577287543565035,3.713767000590451e-07,,0.47567224502563477,0.47567224502563477
/kaggle/input/datasets/tawsifurrahman/covid19-radiography-database/COVID-19_Radiography_Dataset/Lung_Opacity/images/Lung_Opacity-408.png,Lung_Opacity,Lung_Opacity,0.05481404438614845,0.9307627081871033,0.014304649084806442,0.00011866549903061241,,,
/kaggle/input/datasets/tawsifurrahman/covid19-radiography-database/COVID-19_Radiography_Dataset/Lung_Opacity/images/Lung_Opacity-4081.png,Lung_Opacity,Lung_Opacity,0.007717414293438196,0.6915586590766907,0.30066338181495667,6.0620011936407536e-05,,,
/kaggle/input/datasets/tawsifurrahman/covid19-radiography-database/COVID-19_Radiography_Dataset/Lung_Opacity/images/Lung_Opacity-4082.png,Lung_Opacity,Lung_Opacity,0.22922705113887787,0.761808454990387,0.008955331519246101,9.161585694528185e-06,,,
/kaggle/input/datasets/tawsifurrahman/covid19-radiography-database/COVID-19_Radiography_Dataset/Lung_Opacity/images/Lung_Opacity-4086.png,Lung_Opacity,Normal,6.670237780781463e-05,0.005220637656748295,0.9947104454040527,2.1047396785434103e-06,,0.31692108511924744,0.31692108511924744
/kaggle/input/datasets/tawsifurrahman/covid19-radiography-database/COVID-19_Radiography_Dataset/Lung_Opacity/images/Lung_Opacity-4094.png,Lung_Opacity,Normal,0.00098454172257334,0.20947876572608948,0.7895180583000183,1.8594591892906465e-05,,,
/kaggle/input/datasets/tawsifurrahman/covid19-radiography-database/COVID-19_Radiography_Dataset/Lung_Opacity/images/Lung_Opacity-4103.png,Lung_Opacity,Lung_Opacity,1.5882960724411532e-05,0.9743477702140808,0.024265140295028687,0.0013712726067751646,,,
/kaggle/input/datasets/tawsifurrahman/covid19-radiography-database/COVID-19_Radiography_Dataset/Lung_Opacity/images/Lung_Opacity-4114.png,Lung_Opacity,Lung_Opacity,0.19234134256839752,0.4788215458393097,0.32835036516189575,0.0004867059178650379,,0.28953680396080017,0.28953680396080017
/kaggle/input/datasets/tawsifurrahman/covid19-radiography-database/COVID-19_Radiography_Dataset/Lung_Opacity/images/Lung_Opacity-4128.png,Lung_Opacity,Lung_Opacity,1.2636237443075515e-06,0.9993315935134888,0.000666951120365411,1.941355520784782e-07,,,
/kaggle/input/datasets/tawsifurrahman/covid19-radiography-database/COVID-19_Radiography_Dataset/Lung_Opacity/images/Lung_Opacity-4129.png,Lung_Opacity,Lung_Opacity,0.0028006392531096935,0.9971879124641418,1.1215399354114197e-05,2.352861514509641e-07,,,
/kaggle/input/datasets/tawsifurrahman/covid19-radiography-database/COVID-19_Radiography_Dataset/Lung_Opacity/images/Lung_Opacity-4134.png,Lung_Opacity,Lung_Opacity,0.009745288640260696,0.9901154041290283,0.00010611319885356352,3.318814924568869e-05,,,
/kaggle/input/datasets/tawsifurrahman/covid19-radiography-database/COVID-19_Radiography_Dataset/Lung_Opacity/images/Lung_Opacity-4160.png,Lung_Opacity,Lung_Opacity,0.14427363872528076,0.8042340278625488,0.04888620227575302,0.002606126945465803,,,
/kaggle/input/datasets/tawsifurrahman/covid19-radiography-database/COVID-19_Radiography_Dataset/Lung_Opacity/images/Lung_Opacity-4163.png,Lung_Opacity,Normal,5.524007065105252e-06,0.05218464136123657,0.9478046894073486,5.1574579629232176e-06,,,
/kaggle/input/datasets/tawsifurrahman/covid19-radiography-database/COVID-19_Radiography_Dataset/Lung_Opacity/images/Lung_Opacity-419.png,Lung_Opacity,Lung_Opacity,0.002483931602910161,0.8987775444984436,0.09873741120100021,1.0819024964803248e-06,,0.3547151982784271,0.3547151982784271
/kaggle/input/datasets/tawsifurrahman/covid19-radiography-database/COVID-19_Radiography_Dataset/Lung_Opacity/images/Lung_Opacity-4195.png,Lung_Opacity,Lung_Opacity,0.00013840917381457984,0.9980265498161316,0.001830904046073556,4.115227966394741e-06,,,
/kaggle/input/datasets/tawsifurrahman/covid19-radiography-database/COVID-19_Radiography_Dataset/Lung_Opacity/images/Lung_Opacity-4198.png,Lung_Opacity,Lung_Opacity,0.0002944981097243726,0.7134696245193481,0.2862322926521301,3.5670243505592225e-06,,,
/kaggle/input/datasets/tawsifurrahman/covid19-radiography-database/COVID-19_Radiography_Dataset/Lung_Opacity/images/Lung_Opacity-4202.png,Lung_Opacity,Normal,6.779697287129238e-05,0.31158891320228577,0.6883410215377808,2.3413533654093044e-06,,,
/kaggle/input/datasets/tawsifurrahman/covid19-radiography-database/COVID-19_Radiography_Dataset/Lung_Opacity/images/Lung_Opacity-4205.png,Lung_Opacity,Lung_Opacity,0.001578384661115706,0.9983464479446411,7.50678445911035e-05,1.3132309106822504e-07,,0.3471589684486389,0.3471589684486389
/kaggle/input/datasets/tawsifurrahman/covid19-radiography-database/COVID-19_Radiography_Dataset/Lung_Opacity/images/Lung_Opacity-4220.png,Lung_Opacity,Lung_Opacity,0.00018571264808997512,0.896418571472168,0.10339300334453583,2.6797940790856956e-06,,,
/kaggle/input/datasets/tawsifurrahman/covid19-radiography-database/COVID-19_Radiography_Dataset/Lung_Opacity/images/Lung_Opacity-4223.png,Lung_Opacity,Lung_Opacity,3.016846858372446e-05,0.999969482421875,2.9894721365053556e-07,8.195013001532914e-10,,0.2873562276363373,0.2873562276363373
/kaggle/input/datasets/tawsifurrahman/covid19-radiography-database/COVID-19_Radiography_Dataset/Lung_Opacity/images/Lung_Opacity-4227.png,Lung_Opacity,Lung_Opacity,0.07079660147428513,0.8859099745750427,0.04327428340911865,1.9147417333442718e-05,,,
/kaggle/input/datasets/tawsifurrahman/covid19-radiography-database/COVID-19_Radiography_Dataset/Lung_Opacity/images/Lung_Opacity-4230.png,Lung_Opacity,Lung_Opacity,2.0596407068751432e-07,0.9944885969161987,0.005508326925337315,2.88705973616743e-06,,,
/kaggle/input/datasets/tawsifurrahman/covid19-radiography-database/COVID-19_Radiography_Dataset/Lung_Opacity/images/Lung_Opacity-4238.png,Lung_Opacity,Lung_Opacity,0.02182619646191597,0.9781453609466553,2.828051583492197e-05,1.4425880578983197e-07,,,
/kaggle/input/datasets/tawsifurrahman/covid19-radiography-database/COVID-19_Radiography_Dataset/Lung_Opacity/images/Lung_Opacity-4241.png,Lung_Opacity,Lung_Opacity,2.5835981432464905e-05,0.9949823021888733,0.004991841968148947,1.376891600735064e-09,,0.26138556003570557,0.26138556003570557
/kaggle/input/datasets/tawsifurrahman/covid19-radiography-database/COVID-19_Radiography_Dataset/Lung_Opacity/images/Lung_Opacity-4256.png,Lung_Opacity,Lung_Opacity,0.0009847853798419237,0.9830968379974365,0.015918217599391937,1.545407997127768e-07,,0.2991814911365509,0.2991814911365509
/kaggle/input/datasets/tawsifurrahman/covid19-radiography-database/COVID-19_Radiography_Dataset/Lung_Opacity/images/Lung_Opacity-4259.png,Lung_Opacity,Lung_Opacity,0.00045914179645478725,0.9894586801528931,0.010081947781145573,2.0318688598308654e-07,,0.18318061530590057,0.18318061530590057
/kaggle/input/datasets/tawsifurrahman/covid19-radiography-database/COVID-19_Radiography_Dataset/Lung_Opacity/images/Lung_Opacity-426.png,Lung_Opacity,Normal,0.0008262487244792283,0.19556666910648346,0.8035217523574829,8.530503691872582e-05,,,
/kaggle/input/datasets/tawsifurrahman/covid19-radiography-database/COVID-19_Radiography_Dataset/Lung_Opacity/images/Lung_Opacity-4262.png,Lung_Opacity,Lung_Opacity,0.0040779393166303635,0.9933777451515198,0.002409053035080433,0.00013521018263418227,,0.2524409890174866,0.2524409890174866
/kaggle/input/datasets/tawsifurrahman/covid19-radiography-database/COVID-19_Radiography_Dataset/Lung_Opacity/images/Lung_Opacity-4265.png,Lung_Opacity,Lung_Opacity,0.0015134282875806093,0.5317882299423218,0.46661490201950073,8.344648085767403e-05,,,
/kaggle/input/datasets/tawsifurrahman/covid19-radiography-database/COVID-19_Radiography_Dataset/Lung_Opacity/images/Lung_Opacity-427.png,Lung_Opacity,Lung_Opacity,4.843818260269472e-06,0.9518081545829773,0.048186104744672775,8.722743700673163e-07,,,
/kaggle/input/datasets/tawsifurrahman/covid19-radiography-database/COVID-19_Radiography_Dataset/Lung_Opacity/images/Lung_Opacity-4273.png,Lung_Opacity,Lung_Opacity,0.0044739930890500546,0.6913442611694336,0.30399513244628906,0.00018654654559213668,,,
/kaggle/input/datasets/tawsifurrahman/covid19-radiography-database/COVID-19_Radiography_Dataset/Lung_Opacity/images/Lung_Opacity-4288.png,Lung_Opacity,Lung_Opacity,2.66405531874625e-05,0.9999353885650635,3.799226396949962e-05,2.0875766892913816e-08,,0.32273951172828674,0.32273951172828674
/kaggle/input/datasets/tawsifurrahman/covid19-radiography-database/COVID-19_Radiography_Dataset/Lung_Opacity/images/Lung_Opacity-4290.png,Lung_Opacity,Lung_Opacity,7.909337540468186e-08,0.9999328851699829,6.707182910759002e-05,3.912115770221547e-11,,,
/kaggle/input/datasets/tawsifurrahman/covid19-radiography-database/COVID-19_Radiography_Dataset/Lung_Opacity/images/Lung_Opacity-4296.png,Lung_Opacity,Lung_Opacity,0.02753564901649952,0.7301226258277893,0.24131456017494202,0.0010271683568134904,,0.35106292366981506,0.35106292366981506
/kaggle/input/datasets/tawsifurrahman/covid19-radiography-database/COVID-19_Radiography_Dataset/Lung_Opacity/images/Lung_Opacity-4297.png,Lung_Opacity,Lung_Opacity,0.00011285086657153443,0.9474347233772278,0.05244744196534157,5.003842943551717e-06,,0.19287945330142975,0.19287945330142975
/kaggle/input/datasets/tawsifurrahman/covid19-radiography-database/COVID-19_Radiography_Dataset/Lung_Opacity/images/Lung_Opacity-43.png,Lung_Opacity,Lung_Opacity,1.5442794392583892e-05,0.6356114149093628,0.3643498718738556,2.3258020519278944e-05,,,
/kaggle/input/datasets/tawsifurrahman/covid19-radiography-database/COVID-19_Radiography_Dataset/Lung_Opacity/images/Lung_Opacity-4302.png,Lung_Opacity,Lung_Opacity,0.00019157184578943998,0.9572991132736206,0.0038095524068921804,0.038699787110090256,,,
/kaggle/input/datasets/tawsifurrahman/covid19-radiography-database/COVID-19_Radiography_Dataset/Lung_Opacity/images/Lung_Opacity-4311.png,Lung_Opacity,Lung_Opacity,2.751372640830141e-08,0.9997692704200745,0.00023067182337399572,1.1733347626829982e-10,,0.2781398594379425,0.2781398594379425
/kaggle/input/datasets/tawsifurrahman/covid19-radiography-database/COVID-19_Radiography_Dataset/Lung_Opacity/images/Lung_Opacity-4312.png,Lung_Opacity,Lung_Opacity,4.231849857205816e-07,0.999079704284668,0.0009161991183646023,3.672736511362018e-06,,,
/kaggle/input/datasets/tawsifurrahman/covid19-radiography-database/COVID-19_Radiography_Dataset/Lung_Opacity/images/Lung_Opacity-4317.png,Lung_Opacity,Normal,3.371065395185724e-05,0.040952667593955994,0.9589928984642029,2.0735104044433683e-05,,,
/kaggle/input/datasets/tawsifurrahman/covid19-radiography-database/COVID-19_Radiography_Dataset/Lung_Opacity/images/Lung_Opacity-4328.png,Lung_Opacity,Lung_Opacity,1.2347269375823089e-06,0.9825448393821716,0.017453206703066826,6.477763463408337e-07,,,
/kaggle/input/datasets/tawsifurrahman/covid19-radiography-database/COVID-19_Radiography_Dataset/Lung_Opacity/images/Lung_Opacity-4329.png,Lung_Opacity,Normal,0.0019536050967872143,0.28180167078971863,0.7162263989448547,1.8337272194912657e-05,,,
/kaggle/input/datasets/tawsifurrahman/covid19-radiography-database/COVID-19_Radiography_Dataset/Lung_Opacity/images/Lung_Opacity-4343.png,Lung_Opacity,Normal,0.00031547684920951724,0.0665445402264595,0.9331399202346802,8.766525638748135e-08,,,
/kaggle/input/datasets/tawsifurrahman/covid19-radiography-database/COVID-19_Radiography_Dataset/Lung_Opacity/images/Lung_Opacity-4345.png,Lung_Opacity,Lung_Opacity,1.4458714758802671e-05,0.9999022483825684,8.308229735121131e-05,2.799096421313152e-07,,0.33091413974761963,0.33091413974761963
/kaggle/input/datasets/tawsifurrahman/covid19-radiography-database/COVID-19_Radiography_Dataset/Lung_Opacity/images/Lung_Opacity-4372.png,Lung_Opacity,Lung_Opacity,0.19508111476898193,0.7035806775093079,0.10132322460412979,1.4997977814346086e-05,,,
/kaggle/input/datasets/tawsifurrahman/covid19-radiography-database/COVID-19_Radiography_Dataset/Lung_Opacity/images/Lung_Opacity-4382.png,Lung_Opacity,Lung_Opacity,3.4046236123685958e-06,0.9998527765274048,0.00014369415293913335,1.749733371525508e-07,,,
/kaggle/input/datasets/tawsifurrahman/covid19-radiography-database/COVID-19_Radiography_Dataset/Lung_Opacity/images/Lung_Opacity-4388.png,Lung_Opacity,Lung_Opacity,0.0007809156668372452,0.8302279114723206,0.16898906230926514,2.065562966890866e-06,,,
/kaggle/input/datasets/tawsifurrahman/covid19-radiography-database/COVID-19_Radiography_Dataset/Lung_Opacity/images/Lung_Opacity-4391.png,Lung_Opacity,Lung_Opacity,0.0002188823709730059,0.9964178800582886,0.0033606099896132946,2.558264441177016e-06,,0.15728357434272766,0.15728357434272766
/kaggle/input/datasets/tawsifurrahman/covid19-radiography-database/COVID-19_Radiography_Dataset/Lung_Opacity/images/Lung_Opacity-4392.png,Lung_Opacity,Lung_Opacity,0.0013922099024057388,0.8131023049354553,0.18543410301208496,7.147667201934382e-05,,0.22503666579723358,0.22503666579723358
/kaggle/input/datasets/tawsifurrahman/covid19-radiography-database/COVID-19_Radiography_Dataset/Lung_Opacity/images/Lung_Opacity-4403.png,Lung_Opacity,Lung_Opacity,1.637340392335318e-05,0.99978107213974,0.0002009378804359585,1.7064212443074211e-06,,0.24547405540943146,0.24547405540943146
/kaggle/input/datasets/tawsifurrahman/covid19-radiography-database/COVID-19_Radiography_Dataset/Lung_Opacity/images/Lung_Opacity-4406.png,Lung_Opacity,Lung_Opacity,0.00010902302892645821,0.5020977258682251,0.4977928698062897,3.6124853863839235e-07,,,
/kaggle/input/datasets/tawsifurrahman/covid19-radiography-database/COVID-19_Radiography_Dataset/Lung_Opacity/images/Lung_Opacity-4415.png,Lung_Opacity,Lung_Opacity,0.013638135977089405,0.5786281824111938,0.4075271189212799,0.00020657677669078112,,0.3931432068347931,0.3931432068347931
/kaggle/input/datasets/tawsifurrahman/covid19-radiography-database/COVID-19_Radiography_Dataset/Lung_Opacity/images/Lung_Opacity-4416.png,Lung_Opacity,Lung_Opacity,0.005149437114596367,0.9625174403190613,0.032332271337509155,8.443649903711048e-07,,,
/kaggle/input/datasets/tawsifurrahman/covid19-radiography-database/COVID-19_Radiography_Dataset/Lung_Opacity/images/Lung_Opacity-442.png,Lung_Opacity,Lung_Opacity,4.7350654313049745e-06,0.816469132900238,0.18352599442005157,2.2629880902513833e-07,,0.3033827543258667,0.3033827543258667
/kaggle/input/datasets/tawsifurrahman/covid19-radiography-database/COVID-19_Radiography_Dataset/Lung_Opacity/images/Lung_Opacity-4420.png,Lung_Opacity,Lung_Opacity,2.152315801140503e-06,0.9987983703613281,0.0011995082022622228,1.742471589238903e-08,,0.2717073857784271,0.2717073857784271
/kaggle/input/datasets/tawsifurrahman/covid19-radiography-database/COVID-19_Radiography_Dataset/Lung_Opacity/images/Lung_Opacity-4423.png,Lung_Opacity,Lung_Opacity,0.000559200590942055,0.8129631280899048,0.18574172258377075,0.0007359404698945582,,,
/kaggle/input/datasets/tawsifurrahman/covid19-radiography-database/COVID-19_Radiography_Dataset/Lung_Opacity/images/Lung_Opacity-4424.png,Lung_Opacity,Lung_Opacity,3.7356087432272034e-06,0.9962998032569885,0.0035410309210419655,0.00015546887880191207,,,
/kaggle/input/datasets/tawsifurrahman/covid19-radiography-database/COVID-19_Radiography_Dataset/Lung_Opacity/images/Lung_Opacity-4425.png,Lung_Opacity,Normal,0.0007597660296596587,0.4558270573616028,0.543400228023529,1.2945642993145157e-05,,,
/kaggle/input/datasets/tawsifurrahman/covid19-radiography-database/COVID-19_Radiography_Dataset/Lung_Opacity/images/Lung_Opacity-4429.png,Lung_Opacity,Lung_Opacity,4.134440845238174e-10,0.9999712705612183,2.8477956220740452e-05,2.8268897267480497e-07,,,
/kaggle/input/datasets/tawsifurrahman/covid19-radiography-database/COVID-19_Radiography_Dataset/Lung_Opacity/images/Lung_Opacity-4433.png,Lung_Opacity,Lung_Opacity,0.12072261422872543,0.6425775289535522,0.23607516288757324,0.0006247193668968976,,0.46285492181777954,0.46285492181777954
/kaggle/input/datasets/tawsifurrahman/covid19-radiography-database/COVID-19_Radiography_Dataset/Lung_Opacity/images/Lung_Opacity-4438.png,Lung_Opacity,Lung_Opacity,8.015627827262506e-05,0.9992130994796753,0.0007067789556458592,2.379395525053951e-08,,,
/kaggle/input/datasets/tawsifurrahman/covid19-radiography-database/COVID-19_Radiography_Dataset/Lung_Opacity/images/Lung_Opacity-4440.png,Lung_Opacity,Lung_Opacity,0.0035513858310878277,0.9284258484840393,0.06800348311662674,1.9257058738730848e-05,,,
/kaggle/input/datasets/tawsifurrahman/covid19-radiography-database/COVID-19_Radiography_Dataset/Lung_Opacity/images/Lung_Opacity-4448.png,Lung_Opacity,Lung_Opacity,0.0038927746936678886,0.9934113621711731,0.0026906507555395365,5.1606625675049145e-06,,0.37912440299987793,0.37912440299987793
/kaggle/input/datasets/tawsifurrahman/covid19-radiography-database/COVID-19_Radiography_Dataset/Lung_Opacity/images/Lung_Opacity-4461.png,Lung_Opacity,Lung_Opacity,2.904301800299436e-05,0.8540542721748352,0.1459166556596756,2.2288691781113812e-08,,,
/kaggle/input/datasets/tawsifurrahman/covid19-radiography-database/COVID-19_Radiography_Dataset/Lung_Opacity/images/Lung_Opacity-4465.png,Lung_Opacity,Lung_Opacity,1.5258636267390102e-05,0.9741442203521729,0.025294402614235878,0.0005461012478917837,,0.15080130100250244,0.15080130100250244
/kaggle/input/datasets/tawsifurrahman/covid19-radiography-database/COVID-19_Radiography_Dataset/Lung_Opacity/images/Lung_Opacity-447.png,Lung_Opacity,Lung_Opacity,0.0209526214748621,0.8422786593437195,0.13674713671207428,2.1612429918604903e-05,,,
/kaggle/input/datasets/tawsifurrahman/covid19-radiography-database/COVID-19_Radiography_Dataset/Lung_Opacity/images/Lung_Opacity-4478.png,Lung_Opacity,Lung_Opacity,0.0026218590792268515,0.7237821817398071,0.2735615670681,3.443498644628562e-05,,,
/kaggle/input/datasets/tawsifurrahman/covid19-radiography-database/COVID-19_Radiography_Dataset/Lung_Opacity/images/Lung_Opacity-4487.png,Lung_Opacity,Lung_Opacity,0.00019573424651753157,0.6766226887702942,0.32317614555358887,5.441584562504431e-06,,0.4363389313220978,0.4363389313220978
/kaggle/input/datasets/tawsifurrahman/covid19-radiography-database/COVID-19_Radiography_Dataset/Lung_Opacity/images/Lung_Opacity-4489.png,Lung_Opacity,Lung_Opacity,0.001787448301911354,0.5612520575523376,0.43643712997436523,0.0005233098054304719,,,
/kaggle/input/datasets/tawsifurrahman/covid19-radiography-database/COVID-19_Radiography_Dataset/Lung_Opacity/images/Lung_Opacity-4502.png,Lung_Opacity,Normal,0.15256819128990173,0.3874534070491791,0.4599767029285431,1.7031484276230913e-06,,0.2828960716724396,0.2828960716724396
/kaggle/input/datasets/tawsifurrahman/covid19-radiography-database/COVID-19_Radiography_Dataset/Lung_Opacity/images/Lung_Opacity-4505.png,Lung_Opacity,Lung_Opacity,2.3238219000631943e-05,0.9992228746414185,0.0007194489589892328,3.436932456679642e-05,,,
/kaggle/input/datasets/tawsifurrahman/covid19-radiography-database/COVID-19_Radiography_Dataset/Lung_Opacity/images/Lung_Opacity-4514.png,Lung_Opacity,Normal,3.818268669419922e-05,0.3680916428565979,0.6318701505661011,1.9539037054983055e-11,,,
/kaggle/input/datasets/tawsifurrahman/covid19-radiography-database/COVID-19_Radiography_Dataset/Lung_Opacity/images/Lung_Opacity-4522.png,Lung_Opacity,Lung_Opacity,0.10275554656982422,0.8629971146583557,0.03422294184565544,2.4405919248238206e-05,,,
/kaggle/input/datasets/tawsifurrahman/covid19-radiography-database/COVID-19_Radiography_Dataset/Lung_Opacity/images/Lung_Opacity-453.png,Lung_Opacity,Lung_Opacity,0.01583552174270153,0.7776797413825989,0.20648425817489624,4.360960588201124e-07,,,
/kaggle/input/datasets/tawsifurrahman/covid19-radiography-database/COVID-19_Radiography_Dataset/Lung_Opacity/images/Lung_Opacity-4540.png,Lung_Opacity,COVID,0.7911776304244995,0.03996403142809868,0.16794675588607788,0.0009115151478908956,,,
/kaggle/input/datasets/tawsifurrahman/covid19-radiography-database/COVID-19_Radiography_Dataset/Lung_Opacity/images/Lung_Opacity-4545.png,Lung_Opacity,Lung_Opacity,7.930244692033739e-07,0.9887674450874329,0.011225417256355286,6.395243872248102e-06,,,
/kaggle/input/datasets/tawsifurrahman/covid19-radiography-database/COVID-19_Radiography_Dataset/Lung_Opacity/images/Lung_Opacity-4551.png,Lung_Opacity,Lung_Opacity,7.290047960850643e-06,0.999943733215332,4.8980491555994377e-05,4.6080032234385726e-08,,,
/kaggle/input/datasets/tawsifurrahman/covid19-radiography-database/COVID-19_Radiography_Dataset/Lung_Opacity/images/Lung_Opacity-4555.png,Lung_Opacity,Normal,0.0009181170025840402,0.0137788699939847,0.9852932095527649,9.775792932487093e-06,,0.39356696605682373,0.39356696605682373
/kaggle/input/datasets/tawsifurrahman/covid19-radiography-database/COVID-19_Radiography_Dataset/Lung_Opacity/images/Lung_Opacity-4558.png,Lung_Opacity,Lung_Opacity,6.4296432356059086e-06,0.9999830722808838,1.0444367035233881e-05,5.329737692849612e-11,,,
/kaggle/input/datasets/tawsifurrahman/covid19-radiography-database/COVID-19_Radiography_Dataset/Lung_Opacity/images/Lung_Opacity-4564.png,Lung_Opacity,Lung_Opacity,6.115553333074786e-06,0.8340198993682861,0.1659739911556244,1.1635981955748775e-08,,,
/kaggle/input/datasets/tawsifurrahman/covid19-radiography-database/COVID-19_Radiography_Dataset/Lung_Opacity/images/Lung_Opacity-4565.png,Lung_Opacity,Lung_Opacity,9.275979095946241e-08,0.9999731779098511,2.5841640308499336e-05,8.696446229805588e-07,,,
/kaggle/input/datasets/tawsifurrahman/covid19-radiography-database/COVID-19_Radiography_Dataset/Lung_Opacity/images/Lung_Opacity-4569.png,Lung_Opacity,Lung_Opacity,0.0001834329596022144,0.9971100687980652,0.002702479949221015,3.983049737144029e-06,,,
/kaggle/input/datasets/tawsifurrahman/covid19-radiography-database/COVID-19_Radiography_Dataset/Lung_Opacity/images/Lung_Opacity-4570.png,Lung_Opacity,Normal,0.0003738918458111584,0.13005845248699188,0.86956387758255,3.7680129025829956e-06,,,
/kaggle/input/datasets/tawsifurrahman/covid19-radiography-database/COVID-19_Radiography_Dataset/Lung_Opacity/images/Lung_Opacity-4571.png,Lung_Opacity,Normal,0.2976527214050293,0.168975830078125,0.5251734852790833,0.008197873830795288,,,
/kaggle/input/datasets/tawsifurrahman/covid19-radiography-database/COVID-19_Radiography_Dataset/Lung_Opacity/images/Lung_Opacity-4578.png,Lung_Opacity,Lung_Opacity,0.003956766799092293,0.9957894682884216,0.0002538151456974447,5.65907534166854e-08,,,
/kaggle/input/datasets/tawsifurrahman/covid19-radiography-database/COVID-19_Radiography_Dataset/Lung_Opacity/images/Lung_Opacity-4589.png,Lung_Opacity,Normal,3.050339910259936e-05,0.008764397352933884,0.9912005066871643,4.642502062779386e-06,,0.3366332948207855,0.3366332948207855
/kaggle/input/datasets/tawsifurrahman/covid19-radiography-database/COVID-19_Radiography_Dataset/Lung_Opacity/images/Lung_Opacity-4607.png,Lung_Opacity,Lung_Opacity,2.0089071313122986e-06,0.9961481094360352,0.003849847475066781,1.7005723051966015e-08,,,
/kaggle/input/datasets/tawsifurrahman/covid19-radiography-database/COVID-19_Radiography_Dataset/Lung_Opacity/images/Lung_Opacity-4610.png,Lung_Opacity,Lung_Opacity,1.0398542826806079e-06,0.9999467134475708,8.654422344989143e-06,4.3622359953587875e-05,,,
/kaggle/input/datasets/tawsifurrahman/covid19-radiography-database/COVID-19_Radiography_Dataset/Lung_Opacity/images/Lung_Opacity-4612.png,Lung_Opacity,Lung_Opacity,6.411780759663088e-07,0.5693762898445129,0.43059828877449036,2.4782950276858173e-05,,,
/kaggle/input/datasets/tawsifurrahman/covid19-radiography-database/COVID-19_Radiography_Dataset/Lung_Opacity/images/Lung_Opacity-4623.png,Lung_Opacity,Normal,0.026994269341230392,0.01905907690525055,0.9527764916419983,0.0011701241601258516,,0.32787108421325684,0.32787108421325684
/kaggle/input/datasets/tawsifurrahman/covid19-radiography-database/COVID-19_Radiography_Dataset/Lung_Opacity/images/Lung_Opacity-4632.png,Lung_Opacity,Normal,1.2350100405456033e-05,0.2152574360370636,0.7847301959991455,2.033000656709305e-09,,,
/kaggle/input/datasets/tawsifurrahman/covid19-radiography-database/COVID-19_Radiography_Dataset/Lung_Opacity/images/Lung_Opacity-4652.png,Lung_Opacity,Normal,3.811621718341485e-05,0.4935428500175476,0.5064176917076111,1.3551494930652552e-06,,,
/kaggle/input/datasets/tawsifurrahman/covid19-radiography-database/COVID-19_Radiography_Dataset/Lung_Opacity/images/Lung_Opacity-4654.png,Lung_Opacity,Lung_Opacity,0.002820228459313512,0.9952458739280701,0.001798725686967373,0.0001351548999082297,,,
/kaggle/input/datasets/tawsifurrahman/covid19-radiography-database/COVID-19_Radiography_Dataset/Lung_Opacity/images/Lung_Opacity-4659.png,Lung_Opacity,Lung_Opacity,0.00028886256041005254,0.9574567675590515,0.04022706300020218,0.002027328358963132,,,
/kaggle/input/datasets/tawsifurrahman/covid19-radiography-database/COVID-19_Radiography_Dataset/Lung_Opacity/images/Lung_Opacity-4660.png,Lung_Opacity,Lung_Opacity,9.149578545475379e-05,0.9998804330825806,2.6281017198925838e-05,1.7285659623667016e-06,,0.26543036103248596,0.26543036103248596
/kaggle/input/datasets/tawsifurrahman/covid19-radiography-database/COVID-19_Radiography_Dataset/Lung_Opacity/images/Lung_Opacity-4661.png,Lung_Opacity,Lung_Opacity,7.620972610311583e-05,0.9998577833175659,6.600291817449033e-05,9.229919939457432e-09,,0.18758022785186768,0.18758022785186768
/kaggle/input/datasets/tawsifurrahman/covid19-radiography-database/COVID-19_Radiography_Dataset/Lung_Opacity/images/Lung_Opacity-4664.png,Lung_Opacity,Lung_Opacity,0.0007948119309730828,0.6901624798774719,0.30869272351264954,0.0003500147140584886,,,
/kaggle/input/datasets/tawsifurrahman/covid19-radiography-database/COVID-19_Radiography_Dataset/Lung_Opacity/images/Lung_Opacity-4673.png,Lung_Opacity,Lung_Opacity,2.387954282312421e-06,0.9999510049819946,4.638174141291529e-05,2.5558671268299804e-07,,,
/kaggle/input/datasets/tawsifurrahman/covid19-radiography-database/COVID-19_Radiography_Dataset/Lung_Opacity/images/Lung_Opacity-4694.png,Lung_Opacity,Lung_Opacity,1.3918869399276446e-06,0.9992732405662537,0.0007032296853139997,2.2179516236064956e-05,,,
/kaggle/input/datasets/tawsifurrahman/covid19-radiography-database/COVID-19_Radiography_Dataset/Lung_Opacity/images/Lung_Opacity-4695.png,Lung_Opacity,Lung_Opacity,1.0765726088379779e-08,0.9998940229415894,0.00010589667363092303,5.678522541074926e-08,,0.2941371202468872,0.2941371202468872
/kaggle/input/datasets/tawsifurrahman/covid19-radiography-database/COVID-19_Radiography_Dataset/Lung_Opacity/images/Lung_Opacity-4697.png,Lung_Opacity,Normal,0.0005209632217884064,0.2051820605993271,0.7942832708358765,1.3716096873395145e-05,,0.33794647455215454,0.33794647455215454
/kaggle/input/datasets/tawsifurrahman/covid19-radiography-database/COVID-19_Radiography_Dataset/Lung_Opacity/images/Lung_Opacity-4701.png,Lung_Opacity,Lung_Opacity,0.015956884250044823,0.9381603002548218,0.04564521834254265,0.0002376790071139112,,0.2948468327522278,0.2948468327522278
/kaggle/input/datasets/tawsifurrahman/covid19-radiography-database/COVID-19_Radiography_Dataset/Lung_Opacity/images/Lung_Opacity-4705.png,Lung_Opacity,Lung_Opacity,2.414534719719086e-05,0.7880361676216125,0.2119331806898117,6.456255960074486e-06,,0.23679180443286896,0.23679180443286896
/kaggle/input/datasets/tawsifurrahman/covid19-radiography-database/COVID-19_Radiography_Dataset/Lung_Opacity/images/Lung_Opacity-4707.png,Lung_Opacity,Lung_Opacity,1.2300012031118968e-06,0.9997904896736145,0.00020805331587325782,2.2415585476665e-07,,,
/kaggle/input/datasets/tawsifurrahman/covid19-radiography-database/COVID-19_Radiography_Dataset/Lung_Opacity/images/Lung_Opacity-4711.png,Lung_Opacity,Normal,6.400587153621018e-05,0.032808512449264526,0.9671237468719482,3.801805405601044e-06,,,
/kaggle/input/datasets/tawsifurrahman/covid19-radiography-database/COVID-19_Radiography_Dataset/Lung_Opacity/images/Lung_Opacity-4717.png,Lung_Opacity,Lung_Opacity,4.725031612906605e-05,0.9957530498504639,0.004130297806113958,6.945796485524625e-05,,,
/kaggle/input/datasets/tawsifurrahman/covid19-radiography-database/COVID-19_Radiography_Dataset/Lung_Opacity/images/Lung_Opacity-472.png,Lung_Opacity,Lung_Opacity,6.362404383253306e-05,0.9787236452102661,0.021212639287114143,9.905932785159166e-08,,0.2547951340675354,0.2547951340675354
/kaggle/input/datasets/tawsifurrahman/covid19-radiography-database/COVID-19_Radiography_Dataset/Lung_Opacity/images/Lung_Opacity-4720.png,Lung_Opacity,Lung_Opacity,0.06292247772216797,0.9317631721496582,0.005188531242311001,0.00012585071090143174,,0.16863100230693817,0.16863100230693817
/kaggle/input/datasets/tawsifurrahman/covid19-radiography-database/COVID-19_Radiography_Dataset/Lung_Opacity/images/Lung_Opacity-4723.png,Lung_Opacity,Lung_Opacity,0.00776002649217844,0.630109429359436,0.36205390095710754,7.658216782147065e-05,,,
/kaggle/input/datasets/tawsifurrahman/covid19-radiography-database/COVID-19_Radiography_Dataset/Lung_Opacity/images/Lung_Opacity-4742.png,Lung_Opacity,Normal,0.000963646627496928,0.01088779978454113,0.9880359768867493,0.0001125529597629793,,,
/kaggle/input/datasets/tawsifurrahman/covid19-radiography-database/COVID-19_Radiography_Dataset/Lung_Opacity/images/Lung_Opacity-4743.png,Lung_Opacity,Lung_Opacity,0.0001385998330079019,0.7813949584960938,0.21846631169319153,5.437160766064153e-08,,0.3091093897819519,0.3091093897819519
/kaggle/input/datasets/tawsifurrahman/covid19-radiography-database/COVID-19_Radiography_Dataset/Lung_Opacity/images/Lung_Opacity-4750.png,Lung_Opacity,Lung_Opacity,2.5316814571851864e-05,0.9884021878242493,0.011570721864700317,1.7795343865145696e-06,,,
/kaggle/input/datasets/tawsifurrahman/covid19-radiography-database/COVID-19_Radiography_Dataset/Lung_Opacity/images/Lung_Opacity-4753.png,Lung_Opacity,Lung_Opacity,0.02699747309088707,0.968252420425415,0.004287858493626118,0.00046222348464652896,,,
/kaggle/input/datasets/tawsifurrahman/covid19-radiography-database/COVID-19_Radiography_Dataset/Lung_Opacity/images/Lung_Opacity-4754.png,Lung_Opacity,Lung_Opacity,6.940235380170634e-06,0.9999922513961792,8.144630214701465e-07,1.3612385885153344e-08,,,
/kaggle/input/datasets/tawsifurrahman/covid19-radiography-database/COVID-19_Radiography_Dataset/Lung_Opacity/images/Lung_Opacity-4769.png,Lung_Opacity,Lung_Opacity,0.002038167091086507,0.9074633121490479,0.09047641605138779,2.2118058041087352e-05,,,
/kaggle/input/datasets/tawsifurrahman/covid19-radiography-database/COVID-19_Radiography_Dataset/Lung_Opacity/images/Lung_Opacity-4778.png,Lung_Opacity,Lung_Opacity,0.010365084744989872,0.9882447719573975,0.001389743760228157,3.850755661005678e-07,,0.2712286114692688,0.2712286114692688
/kaggle/input/datasets/tawsifurrahman/covid19-radiography-database/COVID-19_Radiography_Dataset/Lung_Opacity/images/Lung_Opacity-4779.png,Lung_Opacity,Lung_Opacity,0.0012568712700158358,0.9950425624847412,0.0037003345787525177,2.001579133548148e-07,,,
/kaggle/input/datasets/tawsifurrahman/covid19-radiography-database/COVID-19_Radiography_Dataset/Lung_Opacity/images/Lung_Opacity-4786.png,Lung_Opacity,Lung_Opacity,0.012291749007999897,0.7960118055343628,0.19155773520469666,0.00013876734010409564,,,
/kaggle/input/datasets/tawsifurrahman/covid19-radiography-database/COVID-19_Radiography_Dataset/Lung_Opacity/images/Lung_Opacity-4792.png,Lung_Opacity,Lung_Opacity,0.0010728940833359957,0.9985296726226807,0.0003973556449636817,5.586351647934862e-08,,,
/kaggle/input/datasets/tawsifurrahman/covid19-radiography-database/COVID-19_Radiography_Dataset/Lung_Opacity/images/Lung_Opacity-481.png,Lung_Opacity,Lung_Opacity,0.0002710775879677385,0.9836252331733704,0.01610325463116169,5.224097776590497e-07,,,
/kaggle/input/datasets/tawsifurrahman/covid19-radiography-database/COVID-19_Radiography_Dataset/Lung_Opacity/images/Lung_Opacity-4815.png,Lung_Opacity,Lung_Opacity,0.0003905152261722833,0.9992400407791138,0.0003693950711749494,8.188293065813923e-08,,,
/kaggle/input/datasets/tawsifurrahman/covid19-radiography-database/COVID-19_Radiography_Dataset/Lung_Opacity/images/Lung_Opacity-4821.png,Lung_Opacity,Lung_Opacity,0.0035659668501466513,0.9938250780105591,0.002600773936137557,8.215884008677676e-06,,,
/kaggle/input/datasets/tawsifurrahman/covid19-radiography-database/COVID-19_Radiography_Dataset/Lung_Opacity/images/Lung_Opacity-4825.png,Lung_Opacity,Lung_Opacity,0.0007132213795557618,0.9981698989868164,0.001116325263865292,5.55646181510383e-07,,,
/kaggle/input/datasets/tawsifurrahman/covid19-radiography-database/COVID-19_Radiography_Dataset/Lung_Opacity/images/Lung_Opacity-4831.png,Lung_Opacity,Lung_Opacity,0.00012550916289910674,0.7509261965751648,0.2489219605922699,2.63043384620687e-05,,,
/kaggle/input/datasets/tawsifurrahman/covid19-radiography-database/COVID-19_Radiography_Dataset/Lung_Opacity/images/Lung_Opacity-4852.png,Lung_Opacity,Lung_Opacity,0.309563547372818,0.4538959860801697,0.23217932879924774,0.004361215513199568,,0.2560810148715973,0.2560810148715973
/kaggle/input/datasets/tawsifurrahman/covid19-radiography-database/COVID-19_Radiography_Dataset/Lung_Opacity/images/Lung_Opacity-4853.png,Lung_Opacity,Normal,0.0228217002004385,0.35218408703804016,0.624994158744812,2.466201109996291e-08,,,
/kaggle/input/datasets/tawsifurrahman/covid19-radiography-database/COVID-19_Radiography_Dataset/Lung_Opacity/images/Lung_Opacity-4868.png,Lung_Opacity,Lung_Opacity,0.020793724805116653,0.9291654825210571,0.04610682278871536,0.003934039734303951,,0.13769912719726562,0.13769912719726562
/kaggle/input/datasets/tawsifurrahman/covid19-radiography-database/COVID-19_Radiography_Dataset/Lung_Opacity/images/Lung_Opacity-4874.png,Lung_Opacity,Normal,0.1455504149198532,0.10598443448543549,0.7482248544692993,0.000240267749177292,,,
/kaggle/input/datasets/tawsifurrahman/covid19-radiography-database/COVID-19_Radiography_Dataset/Lung_Opacity/images/Lung_Opacity-4882.png,Lung_Opacity,Lung_Opacity,3.2159600777958985e-06,0.9998598098754883,0.00013700821727979928,4.059854188942502e-11,,0.360054612159729,0.360054612159729
/kaggle/input/datasets/tawsifurrahman/covid19-radiography-database/COVID-19_Radiography_Dataset/Lung_Opacity/images/Lung_Opacity-4888.png,Lung_Opacity,Lung_Opacity,1.455249616810761e-06,0.9982109069824219,0.00178760034032166,7.012219249702412e-09,,0.28636956214904785,0.28636956214904785
/kaggle/input/datasets/tawsifurrahman/covid19-radiography-database/COVID-19_Radiography_Dataset/Lung_Opacity/images/Lung_Opacity-489.png,Lung_Opacity,Lung_Opacity,1.9404212707740953e-06,0.990307092666626,0.008542777970433235,0.0011481551919132471,,0.23090814054012299,0.23090814054012299
/kaggle/input/datasets/tawsifurrahman/covid19-radiography-database/COVID-19_Radiography_Dataset/Lung_Opacity/images/Lung_Opacity-490.png,Lung_Opacity,Lung_Opacity,0.03087509796023369,0.9649918079376221,0.003987996838986874,0.00014513425412587821,,0.4458034336566925,0.4458034336566925
/kaggle/input/datasets/tawsifurrahman/covid19-radiography-database/COVID-19_Radiography_Dataset/Lung_Opacity/images/Lung_Opacity-4905.png,Lung_Opacity,Lung_Opacity,3.6304140849097166e-06,0.9920260310173035,0.007964063435792923,6.246484645089367e-06,,,
/kaggle/input/datasets/tawsifurrahman/covid19-radiography-database/COVID-19_Radiography_Dataset/Lung_Opacity/images/Lung_Opacity-4915.png,Lung_Opacity,Lung_Opacity,0.017646044492721558,0.6906749606132507,0.2912558317184448,0.00042311690049245954,,0.361806720495224,0.361806720495224
/kaggle/input/datasets/tawsifurrahman/covid19-radiography-database/COVID-19_Radiography_Dataset/Lung_Opacity/images/Lung_Opacity-4941.png,Lung_Opacity,Normal,0.00024684841628186405,0.03598499670624733,0.9637434482574463,2.4696839318494312e-05,,,
/kaggle/input/datasets/tawsifurrahman/covid19-radiography-database/COVID-19_Radiography_Dataset/Lung_Opacity/images/Lung_Opacity-4944.png,Lung_Opacity,Normal,4.552213795250282e-05,0.0012147939996793866,0.9987397789955139,1.1649219366915986e-08,,,
/kaggle/input/datasets/tawsifurrahman/covid19-radiography-database/COVID-19_Radiography_Dataset/Lung_Opacity/images/Lung_Opacity-4945.png,Lung_Opacity,Lung_Opacity,0.00022461122716777027,0.7732654809951782,0.22650623321533203,3.647152652774821e-06,,,
/kaggle/input/datasets/tawsifurrahman/covid19-radiography-database/COVID-19_Radiography_Dataset/Lung_Opacity/images/Lung_Opacity-4949.png,Lung_Opacity,Lung_Opacity,2.780593240458984e-05,0.9999502897262573,2.1924677639617585e-05,3.767397949161477e-09,,,
/kaggle/input/datasets/tawsifurrahman/covid19-radiography-database/COVID-19_Radiography_Dataset/Lung_Opacity/images/Lung_Opacity-4956.png,Lung_Opacity,Lung_Opacity,0.020125141367316246,0.6811431646347046,0.29872581362724304,5.882702225790126e-06,,0.1940048485994339,0.1940048485994339
/kaggle/input/datasets/tawsifurrahman/covid19-radiography-database/COVID-19_Radiography_Dataset/Lung_Opacity/images/Lung_Opacity-4961.png,Lung_Opacity,Lung_Opacity,1.1381608544525079e-07,0.9742485284805298,0.025749564170837402,1.8129547925127554e-06,,,
/kaggle/input/datasets/tawsifurrahman/covid19-radiography-database/COVID-19_Radiography_Dataset/Lung_Opacity/images/Lung_Opacity-4964.png,Lung_Opacity,Lung_Opacity,3.6000592444906943e-06,0.9983962178230286,0.0016001858748495579,5.524231627695997e-10,,,
/kaggle/input/datasets/tawsifurrahman/covid19-radiography-database/COVID-19_Radiography_Dataset/Lung_Opacity/images/Lung_Opacity-4968.png,Lung_Opacity,Lung_Opacity,3.6997960251028417e-09,0.9999822378158569,1.4693186130898539e-05,3.153139459755039e-06,,0.21296526491641998,0.21296526491641998
/kaggle/input/datasets/tawsifurrahman/covid19-radiography-database/COVID-19_Radiography_Dataset/Lung_Opacity/images/Lung_Opacity-4969.png,Lung_Opacity,Lung_Opacity,1.5023939340608194e-05,0.9937404990196228,0.006228097248822451,1.6336398402927443e-05,,0.3584413528442383,0.3584413528442383
/kaggle/input/datasets/tawsifurrahman/covid19-radiography-database/COVID-19_Radiography_Dataset/Lung_Opacity/images/Lung_Opacity-498.png,Lung_Opacity,Lung_Opacity,3.436845830151469e-08,0.9997178912162781,0.0002819294750224799,1.3771857254596398e-07,,,
/kaggle/input/datasets/tawsifurrahman/covid19-radiography-database/COVID-19_Radiography_Dataset/Lung_Opacity/images/Lung_Opacity-4981.png,Lung_Opacity,Lung_Opacity,0.06394210457801819,0.9298360347747803,0.006211789324879646,1.0139074220205657e-05,,,
/kaggle/input/datasets/tawsifurrahman/covid19-radiography-database/COVID-19_Radiography_Dataset/Lung_Opacity/images/Lung_Opacity-4999.png,Lung_Opacity,Lung_Opacity,9.522016625851393e-06,0.9782026410102844,0.021785568445920944,2.1660396214429056e-06,,0.33568206429481506,0.33568206429481506
/kaggle/input/datasets/tawsifurrahman/covid19-radiography-database/COVID-19_Radiography_Dataset/Lung_Opacity/images/Lung_Opacity-5008.png,Lung_Opacity,Normal,0.0006419592536985874,0.114829421043396,0.8844716548919678,5.689285171683878e-05,,,
/kaggle/input/datasets/tawsifurrahman/covid19-radiography-database/COVID-19_Radiography_Dataset/Lung_Opacity/images/Lung_Opacity-5012.png,Lung_Opacity,Lung_Opacity,0.000547223724424839,0.948491096496582,0.050960738211870193,8.584794386479189e-07,,,
/kaggle/input/datasets/tawsifurrahman/covid19-radiography-database/COVID-19_Radiography_Dataset/Lung_Opacity/images/Lung_Opacity-5029.png,Lung_Opacity,Lung_Opacity,3.7723295918112854e-06,0.9918838739395142,0.00811225175857544,8.605106671666363e-08,,0.3434940278530121,0.3434940278530121
/kaggle/input/datasets/tawsifurrahman/covid19-radiography-database/COVID-19_Radiography_Dataset/Lung_Opacity/images/Lung_Opacity-504.png,Lung_Opacity,Lung_Opacity,0.18592000007629395,0.709864616394043,0.10403500497341156,0.00018035083485301584,,,
/kaggle/input/datasets/tawsifurrahman/covid19-radiography-database/COVID-19_Radiography_Dataset/Lung_Opacity/images/Lung_Opacity-5042.png,Lung_Opacity,Lung_Opacity,7.99612644186709e-06,0.9930763244628906,0.006899981293827295,1.5769237506901845e-05,,,
/kaggle/input/datasets/tawsifurrahman/covid19-radiography-database/COVID-19_Radiography_Dataset/Lung_Opacity/images/Lung_Opacity-5049.png,Lung_Opacity,Lung_Opacity,7.419016583298799e-06,0.9997332692146301,0.0002587668423075229,4.358867897735763e-07,,0.2501990795135498,0.2501990795135498
/kaggle/input/datasets/tawsifurrahman/covid19-radiography-database/COVID-19_Radiography_Dataset/Lung_Opacity/images/Lung_Opacity-5062.png,Lung_Opacity,Lung_Opacity,0.023129384964704514,0.6301705837249756,0.3464135527610779,0.00028650957392528653,,,
/kaggle/input/datasets/tawsifurrahman/covid19-radiography-database/COVID-19_Radiography_Dataset/Lung_Opacity/images/Lung_Opacity-5065.png,Lung_Opacity,Lung_Opacity,1.8149485185858794e-06,0.9791933298110962,0.020804770290851593,1.3424129008399177e-07,,,
/kaggle/input/datasets/tawsifurrahman/covid19-radiography-database/COVID-19_Radiography_Dataset/Lung_Opacity/images/Lung_Opacity-507.png,Lung_Opacity,Lung_Opacity,0.17720480263233185,0.7326422929763794,0.08955003321170807,0.0006028085481375456,,,
/kaggle/input/datasets/tawsifurrahman/covid19-radiography-database/COVID-19_Radiography_Dataset/Lung_Opacity/images/Lung_Opacity-5090.png,Lung_Opacity,Lung_Opacity,3.152095086988993e-05,0.9946172833442688,0.0053437319584190845,7.423229362757411e-06,,,
/kaggle/input/datasets/tawsifurrahman/covid19-radiography-database/COVID-19_Radiography_Dataset/Lung_Opacity/images/Lung_Opacity-5094.png,Lung_Opacity,Lung_Opacity,7.293264729923976e-07,0.9716350436210632,0.028359293937683105,4.944709417031845e-06,,0.1704777181148529,0.1704777181148529
/kaggle/input/datasets/tawsifurrahman/covid19-radiography-database/COVID-19_Radiography_Dataset/Lung_Opacity/images/Lung_Opacity-5096.png,Lung_Opacity,Normal,0.03163129836320877,0.40320006012916565,0.565133273601532,3.534854113240726e-05,,,
/kaggle/input/datasets/tawsifurrahman/covid19-radiography-database/COVID-19_Radiography_Dataset/Lung_Opacity/images/Lung_Opacity-510.png,Lung_Opacity,Lung_Opacity,0.0002216566790593788,0.9995176792144775,0.00023871746088843793,2.186713390983641e-05,,,
/kaggle/input/datasets/tawsifurrahman/covid19-radiography-database/COVID-19_Radiography_Dataset/Lung_Opacity/images/Lung_Opacity-5104.png,Lung_Opacity,Lung_Opacity,7.395038119284436e-05,0.9996607303619385,0.0002649146772455424,3.3014228506544896e-07,,0.3658508360385895,0.3658508360385895
/kaggle/input/datasets/tawsifurrahman/covid19-radiography-database/COVID-19_Radiography_Dataset/Lung_Opacity/images/Lung_Opacity-5117.png,Lung_Opacity,Lung_Opacity,2.455822425417864e-07,0.9999982118606567,1.5543168956355657e-06,1.0098961666926698e-08,,,
/kaggle/input/datasets/tawsifurrahman/covid19-radiography-database/COVID-19_Radiography_Dataset/Lung_Opacity/images/Lung_Opacity-512.png,Lung_Opacity,Lung_Opacity,0.0271447766572237,0.6406021118164062,0.3321155309677124,0.00013759155990555882,,,
/kaggle/input/datasets/tawsifurrahman/covid19-radiography-database/COVID-19_Radiography_Dataset/Lung_Opacity/images/Lung_Opacity-513.png,Lung_Opacity,Lung_Opacity,1.4504244973068126e-05,0.999386191368103,0.00041602645069360733,0.00018320183153264225,,0.2501404881477356,0.2501404881477356
/kaggle/input/datasets/tawsifurrahman/covid19-radiography-database/COVID-19_Radiography_Dataset/Lung_Opacity/images/Lung_Opacity-5130.png,Lung_Opacity,Lung_Opacity,1.576055730367898e-08,0.9998798370361328,0.00012013327068416402,4.899938232938439e-10,,,
/kaggle/input/datasets/tawsifurrahman/covid19-radiography-database/COVID-19_Radiography_Dataset/Lung_Opacity/images/Lung_Opacity-5133.png,Lung_Opacity,Lung_Opacity,9.361338015878573e-07,0.9978988170623779,0.0021002106368541718,5.412601922216709e-09,,,
/kaggle/input/datasets/tawsifurrahman/covid19-radiography-database/COVID-19_Radiography_Dataset/Lung_Opacity/images/Lung_Opacity-5136.png,Lung_Opacity,Lung_Opacity,0.0003516848955769092,0.8966318964958191,0.10301385819911957,2.5323324734927155e-06,,,
/kaggle/input/datasets/tawsifurrahman/covid19-radiography-database/COVID-19_Radiography_Dataset/Lung_Opacity/images/Lung_Opacity-5141.png,Lung_Opacity,COVID,0.6731151342391968,0.3268320858478546,5.224293272476643e-05,5.059291083853168e-07,,0.3295022249221802,0.3295022249221802
/kaggle/input/datasets/tawsifurrahman/covid19-radiography-database/COVID-19_Radiography_Dataset/Lung_Opacity/images/Lung_Opacity-5157.png,Lung_Opacity,Lung_Opacity,1.7983997167903e-05,0.9993765950202942,0.000275722035439685,0.00032975352951325476,,0.36943644285202026,0.36943644285202026
/kaggle/input/datasets/tawsifurrahman/covid19-radiography-database/COVID-19_Radiography_Dataset/Lung_Opacity/images/Lung_Opacity-5160.png,Lung_Opacity,Lung_Opacity,0.0009243757231160998,0.9913808703422546,0.007623456418514252,7.123167597455904e-05,,,
/kaggle/input/datasets/tawsifurrahman/covid19-radiography-database/COVID-19_Radiography_Dataset/Lung_Opacity/images/Lung_Opacity-5163.png,Lung_Opacity,Lung_Opacity,3.7979978628754907e-07,0.9995301961898804,0.00046868639765307307,7.523817089349905e-07,,,
/kaggle/input/datasets/tawsifurrahman/covid19-radiography-database/COVID-19_Radiography_Dataset/Lung_Opacity/images/Lung_Opacity-5164.png,Lung_Opacity,Lung_Opacity,0.00020420252985786647,0.9418428540229797,0.05792545527219772,2.750334533629939e-05,,,
/kaggle/input/datasets/tawsifurrahman/covid19-radiography-database/COVID-19_Radiography_Dataset/Lung_Opacity/images/Lung_Opacity-5171.png,Lung_Opacity,Lung_Opacity,0.0025772866792976856,0.9970013499259949,0.0004129878943786025,8.32558362162672e-06,,,
/kaggle/input/datasets/tawsifurrahman/covid19-radiography-database/COVID-19_Radiography_Dataset/Lung_Opacity/images/Lung_Opacity-5172.png,Lung_Opacity,Lung_Opacity,1.5094511581992265e-05,0.9940551519393921,0.005926458165049553,3.2822701996337855e-06,,,
/kaggle/input/datasets/tawsifurrahman/covid19-radiography-database/COVID-19_Radiography_Dataset/Lung_Opacity/images/Lung_Opacity-5189.png,Lung_Opacity,Lung_Opacity,0.05654601380228996,0.9433296322822571,9.563498315401375e-05,2.863230292859953e-05,,,
/kaggle/input/datasets/tawsifurrahman/covid19-radiography-database/COVID-19_Radiography_Dataset/Lung_Opacity/images/Lung_Opacity-5192.png,Lung_Opacity,Lung_Opacity,0.010672058910131454,0.9875262379646301,0.0018015585374087095,1.0343979539584325e-07,,0.3336509168148041,0.3336509168148041
/kaggle/input/datasets/tawsifurrahman/covid19-radiography-database/COVID-19_Radiography_Dataset/Lung_Opacity/images/Lung_Opacity-5204.png,Lung_Opacity,Lung_Opacity,0.00025667352019809186,0.9913479685783386,0.008391788229346275,3.549458824636531e-06,,,
/kaggle/input/datasets/tawsifurrahman/covid19-radiography-database/COVID-19_Radiography_Dataset/Lung_Opacity/images/Lung_Opacity-5206.png,Lung_Opacity,Lung_Opacity,1.2758047063243794e-08,0.9999364614486694,6.34788375464268e-05,2.6659106033832813e-09,,0.3111129105091095,0.3111129105091095
/kaggle/input/datasets/tawsifurrahman/covid19-radiography-database/COVID-19_Radiography_Dataset/Lung_Opacity/images/Lung_Opacity-5208.png,Lung_Opacity,Lung_Opacity,0.00016302791482303292,0.9970232844352722,0.0028095687739551067,4.179955340077868e-06,,,
/kaggle/input/datasets/tawsifurrahman/covid19-radiography-database/COVID-19_Radiography_Dataset/Lung_Opacity/images/Lung_Opacity-522.png,Lung_Opacity,Lung_Opacity,0.05815880000591278,0.9414562582969666,0.00010457746247993782,0.00028031764668412507,,,
/kaggle/input/datasets/tawsifurrahman/covid19-radiography-database/COVID-19_Radiography_Dataset/Lung_Opacity/images/Lung_Opacity-5222.png,Lung_Opacity,Lung_Opacity,0.25025227665901184,0.7399795651435852,0.0035661435686051846,0.006202056538313627,,,
/kaggle/input/datasets/tawsifurrahman/covid19-radiography-database/COVID-19_Radiography_Dataset/Lung_Opacity/images/Lung_Opacity-5239.png,Lung_Opacity,Lung_Opacity,0.0032917687203735113,0.9052822589874268,0.09142564982175827,3.253667841818242e-07,,,
/kaggle/input/datasets/tawsifurrahman/covid19-radiography-database/COVID-19_Radiography_Dataset/Lung_Opacity/images/Lung_Opacity-5240.png,Lung_Opacity,Lung_Opacity,0.00054358527995646,0.9990549683570862,0.00015077958232723176,0.0002506474556867033,,,
/kaggle/input/datasets/tawsifurrahman/covid19-radiography-database/COVID-19_Radiography_Dataset/Lung_Opacity/images/Lung_Opacity-525.png,Lung_Opacity,Lung_Opacity,0.0030402718111872673,0.6427518129348755,0.3542071580886841,7.195471312115842e-07,,,
/kaggle/input/datasets/tawsifurrahman/covid19-radiography-database/COVID-19_Radiography_Dataset/Lung_Opacity/images/Lung_Opacity-5252.png,Lung_Opacity,Lung_Opacity,0.018270134925842285,0.9781092405319214,0.0036203437484800816,3.575149207790673e-07,,0.3022521734237671,0.3022521734237671
/kaggle/input/datasets/tawsifurrahman/covid19-radiography-database/COVID-19_Radiography_Dataset/Lung_Opacity/images/Lung_Opacity-5264.png,Lung_Opacity,Lung_Opacity,0.000861486594658345,0.9920266270637512,0.007099795620888472,1.2061361303494778e-05,,0.19554942846298218,0.19554942846298218
/kaggle/input/datasets/tawsifurrahman/covid19-radiography-database/COVID-19_Radiography_Dataset/Lung_Opacity/images/Lung_Opacity-5266.png,Lung_Opacity,Lung_Opacity,0.014611135236918926,0.9540591239929199,0.03132891282439232,7.71592567616608e-07,,,
/kaggle/input/datasets/tawsifurrahman/covid19-radiography-database/COVID-19_Radiography_Dataset/Lung_Opacity/images/Lung_Opacity-5269.png,Lung_Opacity,Lung_Opacity,0.002146059414371848,0.9919154047966003,0.00593812670558691,4.013620582554722e-07,,,
/kaggle/input/datasets/tawsifurrahman/covid19-radiography-database/COVID-19_Radiography_Dataset/Lung_Opacity/images/Lung_Opacity-5277.png,Lung_Opacity,Lung_Opacity,1.900470238069829e-06,0.9966974258422852,0.0032966851722449064,4.029162482765969e-06,,0.18781358003616333,0.18781358003616333
/kaggle/input/datasets/tawsifurrahman/covid19-radiography-database/COVID-19_Radiography_Dataset/Lung_Opacity/images/Lung_Opacity-5293.png,Lung_Opacity,Lung_Opacity,7.530855509685352e-05,0.9966026544570923,0.0033220781479030848,4.3572727648211185e-09,,0.2338515669107437,0.2338515669107437
/kaggle/input/datasets/tawsifurrahman/covid19-radiography-database/COVID-19_Radiography_Dataset/Lung_Opacity/images/Lung_Opacity-5298.png,Lung_Opacity,Lung_Opacity,3.130379866433941e-08,0.944248378276825,0.055751606822013855,1.6710492545257694e-08,,,
/kaggle/input/datasets/tawsifurrahman/covid19-radiography-database/COVID-19_Radiography_Dataset/Lung_Opacity/images/Lung_Opacity-5301.png,Lung_Opacity,Lung_Opacity,6.195094215399877e-08,0.9999245405197144,7.536834891652688e-05,2.3084009703744357e-10,,0.31101781129837036,0.31101781129837036
/kaggle/input/datasets/tawsifurrahman/covid19-radiography-database/COVID-19_Radiography_Dataset/Lung_Opacity/images/Lung_Opacity-5305.png,Lung_Opacity,Lung_Opacity,7.573157290607924e-06,0.9961058497428894,0.0038814449217170477,5.077390596852638e-06,,0.2705134153366089,0.2705134153366089
/kaggle/input/datasets/tawsifurrahman/covid19-radiography-database/COVID-19_Radiography_Dataset/Lung_Opacity/images/Lung_Opacity-531.png,Lung_Opacity,Normal,0.009709903970360756,0.006227491423487663,0.984062135219574,4.1614308088355756e-07,,0.4062320590019226,0.4062320590019226
/kaggle/input/datasets/tawsifurrahman/covid19-radiography-database/COVID-19_Radiography_Dataset/Lung_Opacity/images/Lung_Opacity-5310.png,Lung_Opacity,Lung_Opacity,0.0017642817692831159,0.8586869239807129,0.13880744576454163,0.0007413672283291817,,0.20892608165740967,0.20892608165740967
/kaggle/input/datasets/tawsifurrahman/covid19-radiography-database/COVID-19_Radiography_Dataset/Lung_Opacity/images/Lung_Opacity-5322.png,Lung_Opacity,Lung_Opacity,7.348821327468613e-06,0.999968409538269,2.42955211433582e-05,4.2365574159930475e-08,,0.46436581015586853,0.46436581015586853
/kaggle/input/datasets/tawsifurrahman/covid19-radiography-database/COVID-19_Radiography_Dataset/Lung_Opacity/images/Lung_Opacity-5324.png,Lung_Opacity,COVID,0.4978659451007843,0.25648927688598633,0.24425669014453888,0.0013881188351660967,,,
/kaggle/input/datasets/tawsifurrahman/covid19-radiography-database/COVID-19_Radiography_Dataset/Lung_Opacity/images/Lung_Opacity-5335.png,Lung_Opacity,Lung_Opacity,4.17853811995883e-07,0.9987218976020813,0.0012776654912158847,4.0000905698889255e-08,,0.2685442268848419,0.2685442268848419
/kaggle/input/datasets/tawsifurrahman/covid19-radiography-database/COVID-19_Radiography_Dataset/Lung_Opacity/images/Lung_Opacity-5338.png,Lung_Opacity,Lung_Opacity,0.0001411410776199773,0.9320355653762817,0.06782323122024536,1.5442182643710112e-07,,,
/kaggle/input/datasets/tawsifurrahman/covid19-radiography-database/COVID-19_Radiography_Dataset/Lung_Opacity/images/Lung_Opacity-5355.png,Lung_Opacity,Lung_Opacity,4.6070258719055346e-08,0.9998688697814941,0.00013045957894064486,6.428219307963445e-07,,,
/kaggle/input/datasets/tawsifurrahman/covid19-radiography-database/COVID-19_Radiography_Dataset/Lung_Opacity/images/Lung_Opacity-5367.png,Lung_Opacity,Lung_Opacity,5.935276021773461e-06,0.9999927282333374,5.880655180590111e-07,6.93670131113322e-07,,,
/kaggle/input/datasets/tawsifurrahman/covid19-radiography-database/COVID-19_Radiography_Dataset/Lung_Opacity/images/Lung_Opacity-5368.png,Lung_Opacity,Normal,0.0001352392282569781,0.0034526032395660877,0.996411144733429,9.550230970489793e-07,,,
/kaggle/input/datasets/tawsifurrahman/covid19-radiography-database/COVID-19_Radiography_Dataset/Lung_Opacity/images/Lung_Opacity-5371.png,Lung_Opacity,Lung_Opacity,0.0006998584140092134,0.9732416272163391,0.024387020617723465,0.0016715351957827806,,0.18041646480560303,0.18041646480560303
/kaggle/input/datasets/tawsifurrahman/covid19-radiography-database/COVID-19_Radiography_Dataset/Lung_Opacity/images/Lung_Opacity-5374.png,Lung_Opacity,Lung_Opacity,7.175607606768608e-06,0.999211311340332,0.0007482882938347757,3.320252289995551e-05,,,
/kaggle/input/datasets/tawsifurrahman/covid19-radiography-database/COVID-19_Radiography_Dataset/Lung_Opacity/images/Lung_Opacity-5382.png,Lung_Opacity,Lung_Opacity,6.4763812588353176e-06,0.7953193187713623,0.20429442822933197,0.00037982597132213414,,,
/kaggle/input/datasets/tawsifurrahman/covid19-radiography-database/COVID-19_Radiography_Dataset/Lung_Opacity/images/Lung_Opacity-5385.png,Lung_Opacity,Lung_Opacity,1.2915357956444495e-06,0.9990606904029846,0.0009380818228237331,6.831522153527558e-11,,,
/kaggle/input/datasets/tawsifurrahman/covid19-radiography-database/COVID-19_Radiography_Dataset/Lung_Opacity/images/Lung_Opacity-539.png,Lung_Opacity,Normal,0.0046458677388727665,0.4019955098628998,0.5925998687744141,0.0007587874424643815,,,
/kaggle/input/datasets/tawsifurrahman/covid19-radiography-database/COVID-19_Radiography_Dataset/Lung_Opacity/images/Lung_Opacity-5404.png,Lung_Opacity,Lung_Opacity,0.1953631490468979,0.5508251190185547,0.25325512886047363,0.000556647137273103,,0.3025134205818176,0.3025134205818176
/kaggle/input/datasets/tawsifurrahman/covid19-radiography-database/COVID-19_Radiography_Dataset/Lung_Opacity/images/Lung_Opacity-5406.png,Lung_Opacity,Lung_Opacity,0.45413103699684143,0.51727694272995,0.02822544053196907,0.0003665638214442879,,,
/kaggle/input/datasets/tawsifurrahman/covid19-radiography-database/COVID-19_Radiography_Dataset/Lung_Opacity/images/Lung_Opacity-5421.png,Lung_Opacity,Lung_Opacity,0.007402997929602861,0.9915602803230286,0.0007304023602046072,0.0003062065807171166,,0.35719770193099976,0.35719770193099976
/kaggle/input/datasets/tawsifurrahman/covid19-radiography-database/COVID-19_Radiography_Dataset/Lung_Opacity/images/Lung_Opacity-5425.png,Lung_Opacity,Lung_Opacity,3.3585013881065606e-08,0.9939536452293396,0.0060462262481451035,6.001490504559115e-08,,0.19765952229499817,0.19765952229499817
/kaggle/input/datasets/tawsifurrahman/covid19-radiography-database/COVID-19_Radiography_Dataset/Lung_Opacity/images/Lung_Opacity-5432.png,Lung_Opacity,Lung_Opacity,0.0009795422665774822,0.9982155561447144,0.000790961435995996,1.3942158147983719e-05,,,
/kaggle/input/datasets/tawsifurrahman/covid19-radiography-database/COVID-19_Radiography_Dataset/Lung_Opacity/images/Lung_Opacity-5436.png,Lung_Opacity,Lung_Opacity,0.031396299600601196,0.9066199660301208,0.06152050197124481,0.0004632122872862965,,,
/kaggle/input/datasets/tawsifurrahman/covid19-radiography-database/COVID-19_Radiography_Dataset/Lung_Opacity/images/Lung_Opacity-5439.png,Lung_Opacity,Lung_Opacity,0.0013160809176042676,0.9979956150054932,0.0006856477120891213,2.7341750410414534e-06,,,
/kaggle/input/datasets/tawsifurrahman/covid19-radiography-database/COVID-19_Radiography_Dataset/Lung_Opacity/images/Lung_Opacity-5443.png,Lung_Opacity,Lung_Opacity,1.8422866787659586e-07,0.9999414682388306,5.8102439652429894e-05,2.8605799684555677e-07,,,
/kaggle/input/datasets/tawsifurrahman/covid19-radiography-database/COVID-19_Radiography_Dataset/Lung_Opacity/images/Lung_Opacity-5447.png,Lung_Opacity,Lung_Opacity,1.2334787243162282e-05,0.995133101940155,0.004854333586990833,2.0118855559303483e-07,,,
/kaggle/input/datasets/tawsifurrahman/covid19-radiography-database/COVID-19_Radiography_Dataset/Lung_Opacity/images/Lung_Opacity-5449.png,Lung_Opacity,Lung_Opacity,0.00018002177239395678,0.9985761642456055,0.0012438483536243439,5.593435048467654e-08,,,
/kaggle/input/datasets/tawsifurrahman/covid19-radiography-database/COVID-19_Radiography_Dataset/Lung_Opacity/images/Lung_Opacity-545.png,Lung_Opacity,Normal,0.00025265905424021184,0.3235801160335541,0.676166296005249,9.088689125746896e-07,,0.30360400676727295,0.30360400676727295
/kaggle/input/datasets/tawsifurrahman/covid19-radiography-database/COVID-19_Radiography_Dataset/Lung_Opacity/images/Lung_Opacity-546.png,Lung_Opacity,Lung_Opacity,1.4470027963398024e-05,0.9750345945358276,0.0249506626278162,2.050988001656151e-07,,0.32775330543518066,0.32775330543518066
/kaggle/input/datasets/tawsifurrahman/covid19-radiography-database/COVID-19_Radiography_Dataset/Lung_Opacity/images/Lung_Opacity-5475.png,Lung_Opacity,Lung_Opacity,0.4548107087612152,0.45897799730300903,0.08431407064199448,0.0018972416874021292,,,
/kaggle/input/datasets/tawsifurrahman/covid19-radiography-database/COVID-19_Radiography_Dataset/Lung_Opacity/images/Lung_Opacity-5487.png,Lung_Opacity,Lung_Opacity,3.629478051436763e-09,0.9979959726333618,0.002000196138396859,3.7539282402576646e-06,,,
/kaggle/input/datasets/tawsifurrahman/covid19-radiography-database/COVID-19_Radiography_Dataset/Lung_Opacity/images/Lung_Opacity-549.png,Lung_Opacity,Normal,0.024523135274648666,0.20690982043743134,0.7685660719871521,9.411081691723666e-07,,0.13041192293167114,0.13041192293167114
/kaggle/input/datasets/tawsifurrahman/covid19-radiography-database/COVID-19_Radiography_Dataset/Lung_Opacity/images/Lung_Opacity-5490.png,Lung_Opacity,Lung_Opacity,0.004075311589986086,0.9912834167480469,0.00461736461147666,2.3869819415267557e-05,,0.22092390060424805,0.22092390060424805
/kaggle/input/datasets/tawsifurrahman/covid19-radiography-database/COVID-19_Radiography_Dataset/Lung_Opacity/images/Lung_Opacity-5494.png,Lung_Opacity,Normal,3.796638338826597e-05,0.23196151852607727,0.7679785490036011,2.192691135860514e-05,,,
/kaggle/input/datasets/tawsifurrahman/covid19-radiography-database/COVID-19_Radiography_Dataset/Lung_Opacity/images/Lung_Opacity-5498.png,Lung_Opacity,Lung_Opacity,1.9542490917956457e-05,0.9973065853118896,0.002665165113285184,8.729297405807301e-06,,,
/kaggle/input/datasets/tawsifurrahman/covid19-radiography-database/COVID-19_Radiography_Dataset/Lung_Opacity/images/Lung_Opacity-550.png,Lung_Opacity,Lung_Opacity,0.001548245782032609,0.6347977519035339,0.36351415514945984,0.00013986935664433986,,,
/kaggle/input/datasets/tawsifurrahman/covid19-radiography-database/COVID-19_Radiography_Dataset/Lung_Opacity/images/Lung_Opacity-5503.png,Lung_Opacity,Lung_Opacity,1.788677582226228e-05,0.9999343156814575,4.750405059894547e-05,1.960396360800587e-07,,,
/kaggle/input/datasets/tawsifurrahman/covid19-radiography-database/COVID-19_Radiography_Dataset/Lung_Opacity/images/Lung_Opacity-5506.png,Lung_Opacity,Normal,0.1660068929195404,0.016472548246383667,0.8173028230667114,0.0002176644920837134,,,
/kaggle/input/datasets/tawsifurrahman/covid19-radiography-database/COVID-19_Radiography_Dataset/Lung_Opacity/images/Lung_Opacity-5520.png,Lung_Opacity,Lung_Opacity,0.00020789235713891685,0.9686000347137451,0.03039426915347576,0.0007977130590006709,,,
/kaggle/input/datasets/tawsifurrahman/covid19-radiography-database/COVID-19_Radiography_Dataset/Lung_Opacity/images/Lung_Opacity-5524.png,Lung_Opacity,Normal,0.0010287706973031163,0.4371106028556824,0.5618555545806885,5.025292011850979e-06,,,
/kaggle/input/datasets/tawsifurrahman/covid19-radiography-database/COVID-19_Radiography_Dataset/Lung_Opacity/images/Lung_Opacity-5534.png,Lung_Opacity,Lung_Opacity,7.641824777238071e-05,0.9829559326171875,0.016967667266726494,6.3662857208157675e-09,,,
/kaggle/input/datasets/tawsifurrahman/covid19-radiography-database/COVID-19_Radiography_Dataset/Lung_Opacity/images/Lung_Opacity-5535.png,Lung_Opacity,Lung_Opacity,0.026432376354932785,0.9708945155143738,0.0026597497053444386,1.3461156413541175e-05,,,
/kaggle/input/datasets/tawsifurrahman/covid19-radiography-database/COVID-19_Radiography_Dataset/Lung_Opacity/images/Lung_Opacity-5536.png,Lung_Opacity,Lung_Opacity,1.7743155694915913e-05,0.9918712377548218,0.008110624738037586,4.960331807524199e-07,,,
/kaggle/input/datasets/tawsifurrahman/covid19-radiography-database/COVID-19_Radiography_Dataset/Lung_Opacity/images/Lung_Opacity-5537.png,Lung_Opacity,Lung_Opacity,0.0035547465085983276,0.9964262843132019,1.8977540094056167e-05,9.174233039921376e-10,,,
/kaggle/input/datasets/tawsifurrahman/covid19-radiography-database/COVID-19_Radiography_Dataset/Lung_Opacity/images/Lung_Opacity-5541.png,Lung_Opacity,Lung_Opacity,2.3854657398708623e-12,0.9996476173400879,0.00035232200752943754,5.811283454448812e-09,,,
/kaggle/input/datasets/tawsifurrahman/covid19-radiography-database/COVID-19_Radiography_Dataset/Lung_Opacity/images/Lung_Opacity-5543.png,Lung_Opacity,Lung_Opacity,1.4531015949614812e-05,0.922970175743103,0.07701535522937775,4.938151554334524e-10,,,
/kaggle/input/datasets/tawsifurrahman/covid19-radiography-database/COVID-19_Radiography_Dataset/Lung_Opacity/images/Lung_Opacity-5550.png,Lung_Opacity,Lung_Opacity,3.112274384875491e-07,0.9995484948158264,0.000450996303698048,1.1680939593361472e-07,,0.17501485347747803,0.17501485347747803
/kaggle/input/datasets/tawsifurrahman/covid19-radiography-database/COVID-19_Radiography_Dataset/Lung_Opacity/images/Lung_Opacity-5552.png,Lung_Opacity,Lung_Opacity,0.09022798389196396,0.9095017910003662,4.670224370784126e-06,0.00026549652102403343,,,
/kaggle/input/datasets/tawsifurrahman/covid19-radiography-database/COVID-19_Radiography_Dataset/Lung_Opacity/images/Lung_Opacity-5553.png,Lung_Opacity,Lung_Opacity,0.0012910682708024979,0.9463537931442261,0.05229708179831505,5.7951590861193836e-05,,0.242685005068779,0.242685005068779
/kaggle/input/datasets/tawsifurrahman/covid19-radiography-database/COVID-19_Radiography_Dataset/Lung_Opacity/images/Lung_Opacity-5554.png,Lung_Opacity,Lung_Opacity,8.119961421471089e-05,0.999700665473938,0.00021373896743170917,4.4653229451796506e-06,,,
/kaggle/input/datasets/tawsifurrahman/covid19-radiography-database/COVID-19_Radiography_Dataset/Lung_Opacity/images/Lung_Opacity-5571.png,Lung_Opacity,Normal,0.0004105213738512248,0.032903172075748444,0.9666842818260193,2.0689371922344435e-06,,,
/kaggle/input/datasets/tawsifurrahman/covid19-radiography-database/COVID-19_Radiography_Dataset/Lung_Opacity/images/Lung_Opacity-5574.png,Lung_Opacity,Lung_Opacity,0.00013290764763951302,0.9996858835220337,0.00018093097605742514,3.025958790203731e-07,,,
/kaggle/input/datasets/tawsifurrahman/covid19-radiography-database/COVID-19_Radiography_Dataset/Lung_Opacity/images/Lung_Opacity-5576.png,Lung_Opacity,Lung_Opacity,2.122079649780062e-07,0.9992608428001404,0.000733127526473254,5.843115104653407e-06,,0.2548752427101135,0.2548752427101135
/kaggle/input/datasets/tawsifurrahman/covid19-radiography-database/COVID-19_Radiography_Dataset/Lung_Opacity/images/Lung_Opacity-5578.png,Lung_Opacity,Lung_Opacity,5.533762958975785e-08,0.8233305811882019,0.1424998790025711,0.0341695100069046,,0.23207969963550568,0.23207969963550568
/kaggle/input/datasets/tawsifurrahman/covid19-radiography-database/COVID-19_Radiography_Dataset/Lung_Opacity/images/Lung_Opacity-5582.png,Lung_Opacity,Lung_Opacity,1.9437840819591656e-05,0.9883700609207153,0.011599037796258926,1.1388631719455589e-05,,,
/kaggle/input/datasets/tawsifurrahman/covid19-radiography-database/COVID-19_Radiography_Dataset/Lung_Opacity/images/Lung_Opacity-5589.png,Lung_Opacity,Normal,0.006780410651117563,0.4507206082344055,0.5424952507019043,3.6748965612787288e-06,,0.22204402089118958,0.22204402089118958
/kaggle/input/datasets/tawsifurrahman/covid19-radiography-database/COVID-19_Radiography_Dataset/Lung_Opacity/images/Lung_Opacity-5591.png,Lung_Opacity,Lung_Opacity,0.005961592774838209,0.993357241153717,0.0002947234024759382,0.0003863992460537702,,,
/kaggle/input/datasets/tawsifurrahman/covid19-radiography-database/COVID-19_Radiography_Dataset/Lung_Opacity/images/Lung_Opacity-5594.png,Lung_Opacity,Lung_Opacity,0.02815745770931244,0.876802384853363,0.019505878910422325,0.07553426921367645,,0.3891299068927765,0.3891299068927765
/kaggle/input/datasets/tawsifurrahman/covid19-radiography-database/COVID-19_Radiography_Dataset/Lung_Opacity/images/Lung_Opacity-5596.png,Lung_Opacity,Lung_Opacity,0.021178051829338074,0.6778457760810852,0.3009658455848694,1.0373541044828016e-05,,,
/kaggle/input/datasets/tawsifurrahman/covid19-radiography-database/COVID-19_Radiography_Dataset/Lung_Opacity/images/Lung_Opacity-5604.png,Lung_Opacity,Lung_Opacity,1.8367532902630046e-05,0.9997294545173645,0.00025218521477654576,2.429788104052477e-08,,,
/kaggle/input/datasets/tawsifurrahman/covid19-radiography-database/COVID-19_Radiography_Dataset/Lung_Opacity/images/Lung_Opacity-5606.png,Lung_Opacity,Lung_Opacity,2.5766121325432323e-05,0.9997406601905823,0.00023351669369731098,5.716094975127817e-08,,,
/kaggle/input/datasets/tawsifurrahman/covid19-radiography-database/COVID-19_Radiography_Dataset/Lung_Opacity/images/Lung_Opacity-5613.png,Lung_Opacity,Lung_Opacity,0.0027270151767879725,0.9949669241905212,0.002305951900780201,7.126975987148398e-08,,0.3011038899421692,0.3011038899421692
/kaggle/input/datasets/tawsifurrahman/covid19-radiography-database/COVID-19_Radiography_Dataset/Lung_Opacity/images/Lung_Opacity-5617.png,Lung_Opacity,Lung_Opacity,0.00026459936634637415,0.919043779373169,0.08069109171628952,5.469286179504707e-07,,,
/kaggle/input/datasets/tawsifurrahman/covid19-radiography-database/COVID-19_Radiography_Dataset/Lung_Opacity/images/Lung_Opacity-5633.png,Lung_Opacity,Lung_Opacity,0.014790589921176434,0.6841831207275391,0.30045777559280396,0.0005684673087671399,,0.268963098526001,0.268963098526001
/kaggle/input/datasets/tawsifurrahman/covid19-radiography-database/COVID-19_Radiography_Dataset/Lung_Opacity/images/Lung_Opacity-5642.png,Lung_Opacity,Lung_Opacity,0.0005125264287926257,0.9887524247169495,0.010734687559306622,3.2982256925606634e-07,,,
/kaggle/input/datasets/tawsifurrahman/covid19-radiography-database/COVID-19_Radiography_Dataset/Lung_Opacity/images/Lung_Opacity-5649.png,Lung_Opacity,Lung_Opacity,5.695107756764628e-05,0.8482919335365295,0.15142446756362915,0.00022658986563328654,,,
/kaggle/input/datasets/tawsifurrahman/covid19-radiography-database/COVID-19_Radiography_Dataset/Lung_Opacity/images/Lung_Opacity-5650.png,Lung_Opacity,Lung_Opacity,2.345484362287209e-10,0.9999464750289917,5.339020935934968e-05,7.002303448189195e-08,,0.32517749071121216,0.32517749071121216
/kaggle/input/datasets/tawsifurrahman/covid19-radiography-database/COVID-19_Radiography_Dataset/Lung_Opacity/images/Lung_Opacity-5654.png,Lung_Opacity,Lung_Opacity,0.0010421127080917358,0.9985091090202332,0.0002966378233395517,0.00015206927491817623,,0.4464389681816101,0.4464389681816101
/kaggle/input/datasets/tawsifurrahman/covid19-radiography-database/COVID-19_Radiography_Dataset/Lung_Opacity/images/Lung_Opacity-566.png,Lung_Opacity,Lung_Opacity,2.7154680282137633e-08,0.9997847676277161,0.00021461097639985383,5.809249614685541e-07,,,
/kaggle/input/datasets/tawsifurrahman/covid19-radiography-database/COVID-19_Radiography_Dataset/Lung_Opacity/images/Lung_Opacity-5665.png,Lung_Opacity,Lung_Opacity,1.9118879208690487e-06,0.9999780654907227,1.9305940440972336e-05,6.724561671944684e-07,,0.3261302411556244,0.3261302411556244
/kaggle/input/datasets/tawsifurrahman/covid19-radiography-database/COVID-19_Radiography_Dataset/Lung_Opacity/images/Lung_Opacity-5679.png,Lung_Opacity,Lung_Opacity,0.00042791629675775766,0.9943722486495972,0.001846898696385324,0.003352866508066654,,,
/kaggle/input/datasets/tawsifurrahman/covid19-radiography-database/COVID-19_Radiography_Dataset/Lung_Opacity/images/Lung_Opacity-5685.png,Lung_Opacity,Lung_Opacity,0.0002030079922406003,0.9997146725654602,8.137161057675257e-05,9.317786862084176e-07,,0.4619365632534027,0.4619365632534027
/kaggle/input/datasets/tawsifurrahman/covid19-radiography-database/COVID-19_Radiography_Dataset/Lung_Opacity/images/Lung_Opacity-5686.png,Lung_Opacity,Lung_Opacity,2.758287882898003e-05,0.9265990853309631,0.07337331771850586,2.43092888041474e-08,,0.30498775839805603,0.30498775839805603
/kaggle/input/datasets/tawsifurrahman/covid19-radiography-database/COVID-19_Radiography_Dataset/Lung_Opacity/images/Lung_Opacity-5688.png,Lung_Opacity,Lung_Opacity,5.161387525731698e-05,0.9988860487937927,0.0010622492991387844,1.2104599989015696e-07,,,
/kaggle/input/datasets/tawsifurrahman/covid19-radiography-database/COVID-19_Radiography_Dataset/Lung_Opacity/images/Lung_Opacity-5697.png,Lung_Opacity,Lung_Opacity,1.5333748493162602e-08,0.9991859793663025,0.00017754107830114663,0.0006364278378896415,,,
/kaggle/input/datasets/tawsifurrahman/covid19-radiography-database/COVID-19_Radiography_Dataset/Lung_Opacity/images/Lung_Opacity-5698.png,Lung_Opacity,Lung_Opacity,1.183223844236636e-06,0.9999709129333496,2.7919064450543374e-05,2.1265289973371182e-08,,,
/kaggle/input/datasets/tawsifurrahman/covid19-radiography-database/COVID-19_Radiography_Dataset/Lung_Opacity/images/Lung_Opacity-570.png,Lung_Opacity,Lung_Opacity,5.290075932862237e-05,0.9987435936927795,0.0003131644334644079,0.0008902735426090658,,,
/kaggle/input/datasets/tawsifurrahman/covid19-radiography-database/COVID-19_Radiography_Dataset/Lung_Opacity/images/Lung_Opacity-5705.png,Lung_Opacity,Lung_Opacity,0.0019467504462227225,0.9963709115982056,0.0011381348595023155,0.0005442688125185668,,,
/kaggle/input/datasets/tawsifurrahman/covid19-radiography-database/COVID-19_Radiography_Dataset/Lung_Opacity/images/Lung_Opacity-5706.png,Lung_Opacity,Lung_Opacity,0.002151853870600462,0.8834733963012695,0.09669611603021622,0.017678657546639442,,0.3762923777103424,0.3762923777103424
/kaggle/input/datasets/tawsifurrahman/covid19-radiography-database/COVID-19_Radiography_Dataset/Lung_Opacity/images/Lung_Opacity-5707.png,Lung_Opacity,Lung_Opacity,0.033747900277376175,0.9576272368431091,0.008624195121228695,7.351539466071699e-07,,,
/kaggle/input/datasets/tawsifurrahman/covid19-radiography-database/COVID-19_Radiography_Dataset/Lung_Opacity/images/Lung_Opacity-5714.png,Lung_Opacity,Lung_Opacity,1.642276998836678e-07,0.9758220911026001,0.024176498875021935,1.1168132232342032e-06,,0.2597236633300781,0.2597236633300781
/kaggle/input/datasets/tawsifurrahman/covid19-radiography-database/COVID-19_Radiography_Dataset/Lung_Opacity/images/Lung_Opacity-5716.png,Lung_Opacity,Lung_Opacity,0.00014538357208948582,0.7792606353759766,0.21903546154499054,0.0015585002256557345,,0.17607389390468597,0.17607389390468597
/kaggle/input/datasets/tawsifurrahman/covid19-radiography-database/COVID-19_Radiography_Dataset/Lung_Opacity/images/Lung_Opacity-5725.png,Lung_Opacity,Lung_Opacity,0.0004742698511108756,0.9994843006134033,4.0981369238579646e-05,5.036138190916972e-07,,,
/kaggle/input/datasets/tawsifurrahman/covid19-radiography-database/COVID-19_Radiography_Dataset/Lung_Opacity/images/Lung_Opacity-5727.png,Lung_Opacity,Lung_Opacity,0.011302480474114418,0.9885684251785278,4.0664192056283355e-05,8.842465467751026e-05,,,
/kaggle/input/datasets/tawsifurrahman/covid19-radiography-database/COVID-19_Radiography_Dataset/Lung_Opacity/images/Lung_Opacity-5730.png,Lung_Opacity,Lung_Opacity,0.006115506403148174,0.9927062392234802,0.0011779440101236105,3.381515227829368e-07,,,
/kaggle/input/datasets/tawsifurrahman/covid19-radiography-database/COVID-19_Radiography_Dataset/Lung_Opacity/images/Lung_Opacity-5731.png,Lung_Opacity,Lung_Opacity,0.001099655986763537,0.9987053871154785,0.00019438110757619143,6.025781544849451e-07,,0.42464083433151245,0.42464083433151245
/kaggle/input/datasets/tawsifurrahman/covid19-radiography-database/COVID-19_Radiography_Dataset/Lung_Opacity/images/Lung_Opacity-5748.png,Lung_Opacity,Lung_Opacity,0.009220796637237072,0.9680164456367493,0.02262929268181324,0.0001334058615611866,,,
/kaggle/input/datasets/tawsifurrahman/covid19-radiography-database/COVID-19_Radiography_Dataset/Lung_Opacity/images/Lung_Opacity-5757.png,Lung_Opacity,Lung_Opacity,0.002115813083946705,0.9064167737960815,0.09141144901514053,5.5974509450607e-05,,0.25460851192474365,0.25460851192474365
/kaggle/input/datasets/tawsifurrahman/covid19-radiography-database/COVID-19_Radiography_Dataset/Lung_Opacity/images/Lung_Opacity-5758.png,Lung_Opacity,Lung_Opacity,0.0018241856014356017,0.9972557425498962,0.000897473597433418,2.2582114979741164e-05,,,
/kaggle/input/datasets/tawsifurrahman/covid19-radiography-database/COVID-19_Radiography_Dataset/Lung_Opacity/images/Lung_Opacity-5760.png,Lung_Opacity,Lung_Opacity,7.118393341443152e-07,0.9992640614509583,0.0007340193842537701,1.1964265240749228e-06,,,
/kaggle/input/datasets/tawsifurrahman/covid19-radiography-database/COVID-19_Radiography_Dataset/Lung_Opacity/images/Lung_Opacity-5766.png,Lung_Opacity,Lung_Opacity,1.2228303603478707e-05,0.9994858503341675,0.00023951595358084887,0.0002623538312036544,,,
/kaggle/input/datasets/tawsifurrahman/covid19-radiography-database/COVID-19_Radiography_Dataset/Lung_Opacity/images/Lung_Opacity-5782.png,Lung_Opacity,Lung_Opacity,0.003249257570132613,0.9966219663619995,0.00012869945203419775,6.397828400395156e-08,,,
/kaggle/input/datasets/tawsifurrahman/covid19-radiography-database/COVID-19_Radiography_Dataset/Lung_Opacity/images/Lung_Opacity-5795.png,Lung_Opacity,Normal,0.00011458468361524865,0.013478291220963001,0.986393392086029,1.3772545571555384e-05,,,
/kaggle/input/datasets/tawsifurrahman/covid19-radiography-database/COVID-19_Radiography_Dataset/Lung_Opacity/images/Lung_Opacity-5796.png,Lung_Opacity,Lung_Opacity,5.159397460374748e-07,0.9999933242797852,6.113059953349875e-06,3.595428843539139e-09,,,
/kaggle/input/datasets/tawsifurrahman/covid19-radiography-database/COVID-19_Radiography_Dataset/Lung_Opacity/images/Lung_Opacity-5797.png,Lung_Opacity,Lung_Opacity,0.22352638840675354,0.771432638168335,0.005040507297962904,4.984725023859937e-07,,,
/kaggle/input/datasets/tawsifurrahman/covid19-radiography-database/COVID-19_Radiography_Dataset/Lung_Opacity/images/Lung_Opacity-5799.png,Lung_Opacity,Lung_Opacity,8.892650839698035e-06,0.9532461166381836,0.04674500599503517,1.6732826679799473e-08,,,
/kaggle/input/datasets/tawsifurrahman/covid19-radiography-database/COVID-19_Radiography_Dataset/Lung_Opacity/images/Lung_Opacity-5806.png,Lung_Opacity,Lung_Opacity,0.0018500190926715732,0.9976779818534851,0.00047185589210130274,8.223128844520033e-08,,,
/kaggle/input/datasets/tawsifurrahman/covid19-radiography-database/COVID-19_Radiography_Dataset/Lung_Opacity/images/Lung_Opacity-5825.png,Lung_Opacity,Lung_Opacity,3.307847151745591e-08,0.9996616840362549,0.00033830886241048574,9.406295298219902e-09,,,
/kaggle/input/datasets/tawsifurrahman/covid19-radiography-database/COVID-19_Radiography_Dataset/Lung_Opacity/images/Lung_Opacity-5829.png,Lung_Opacity,Lung_Opacity,1.4647968782810494e-05,0.9967489242553711,0.003236400196328759,5.242390344051273e-08,,0.38299137353897095,0.38299137353897095
/kaggle/input/datasets/tawsifurrahman/covid19-radiography-database/COVID-19_Radiography_Dataset/Lung_Opacity/images/Lung_Opacity-5864.png,Lung_Opacity,COVID,0.5748228430747986,0.41168296337127686,0.013431474566459656,6.266668788157403e-05,,0.25459006428718567,0.25459006428718567
/kaggle/input/datasets/tawsifurrahman/covid19-radiography-database/COVID-19_Radiography_Dataset/Lung_Opacity/images/Lung_Opacity-5877.png,Lung_Opacity,Lung_Opacity,0.0033298672642558813,0.6147303581237793,0.38170868158340454,0.00023109342146199197,,,
/kaggle/input/datasets/tawsifurrahman/covid19-radiography-database/COVID-19_Radiography_Dataset/Lung_Opacity/images/Lung_Opacity-5880.png,Lung_Opacity,Lung_Opacity,0.01496914029121399,0.963029682636261,0.02200096659362316,2.1842619446488243e-07,,0.39319413900375366,0.39319413900375366
/kaggle/input/datasets/tawsifurrahman/covid19-radiography-database/COVID-19_Radiography_Dataset/Lung_Opacity/images/Lung_Opacity-5893.png,Lung_Opacity,Lung_Opacity,1.0712850780691952e-05,0.9831861257553101,0.01674535498023033,5.7775101595325395e-05,,0.3175145387649536,0.3175145387649536
/kaggle/input/datasets/tawsifurrahman/covid19-radiography-database/COVID-19_Radiography_Dataset/Lung_Opacity/images/Lung_Opacity-590.png,Lung_Opacity,Lung_Opacity,1.9353542768385523e-07,0.9998668432235718,0.00013206590665504336,8.748406798986252e-07,,,
/kaggle/input/datasets/tawsifurrahman/covid19-radiography-database/COVID-19_Radiography_Dataset/Lung_Opacity/images/Lung_Opacity-5909.png,Lung_Opacity,Lung_Opacity,0.01131253968924284,0.9675242900848389,0.02116158790886402,1.5883056221355218e-06,,,
/kaggle/input/datasets/tawsifurrahman/covid19-radiography-database/COVID-19_Radiography_Dataset/Lung_Opacity/images/Lung_Opacity-5913.png,Lung_Opacity,Lung_Opacity,3.81514364562463e-05,0.9972831010818481,0.0026661648880690336,1.2542482181743253e-05,,,
/kaggle/input/datasets/tawsifurrahman/covid19-radiography-database/COVID-19_Radiography_Dataset/Lung_Opacity/images/Lung_Opacity-5918.png,Lung_Opacity,Lung_Opacity,2.195972967911075e-07,0.9999877214431763,1.1891051144630183e-05,8.118161787251665e-08,,0.2426994889974594,0.2426994889974594
/kaggle/input/datasets/tawsifurrahman/covid19-radiography-database/COVID-19_Radiography_Dataset/Lung_Opacity/images/Lung_Opacity-5919.png,Lung_Opacity,Lung_Opacity,0.00739255640655756,0.9926000833511353,7.226660272863228e-06,1.3472393334268418e-07,,0.41236451268196106,0.41236451268196106
/kaggle/input/datasets/tawsifurrahman/covid19-radiography-database/COVID-19_Radiography_Dataset/Lung_Opacity/images/Lung_Opacity-592.png,Lung_Opacity,Lung_Opacity,1.2684466810242156e-06,0.9999945163726807,4.1661942304926924e-06,2.026452783354671e-09,,,
/kaggle/input/datasets/tawsifurrahman/covid19-radiography-database/COVID-19_Radiography_Dataset/Lung_Opacity/images/Lung_Opacity-5921.png,Lung_Opacity,Lung_Opacity,4.1039658071895246e-07,0.999992847442627,6.791796749894274e-06,9.480402018979817e-10,,,
/kaggle/input/datasets/tawsifurrahman/covid19-radiography-database/COVID-19_Radiography_Dataset/Lung_Opacity/images/Lung_Opacity-5925.png,Lung_Opacity,Lung_Opacity,2.8629690859816037e-05,0.9998636245727539,9.313044574810192e-05,1.4529479813063517e-05,,0.26971080899238586,0.26971080899238586
/kaggle/input/datasets/tawsifurrahman/covid19-radiography-database/COVID-19_Radiography_Dataset/Lung_Opacity/images/Lung_Opacity-5927.png,Lung_Opacity,Lung_Opacity,0.0007735890685580671,0.9991267323493958,4.9927824875339866e-05,4.981424717698246e-05,,,
/kaggle/input/datasets/tawsifurrahman/covid19-radiography-database/COVID-19_Radiography_Dataset/Lung_Opacity/images/Lung_Opacity-5958.png,Lung_Opacity,Lung_Opacity,1.7749736798577942e-05,0.9470008015632629,0.05290978401899338,7.164224371081218e-05,,,
/kaggle/input/datasets/tawsifurrahman/covid19-radiography-database/COVID-19_Radiography_Dataset/Lung_Opacity/images/Lung_Opacity-5962.png,Lung_Opacity,Lung_Opacity,7.750209624646232e-05,0.9925251007080078,0.0073856390081346035,1.1705776159942616e-05,,,
/kaggle/input/datasets/tawsifurrahman/covid19-radiography-database/COVID-19_Radiography_Dataset/Lung_Opacity/images/Lung_Opacity-5964.png,Lung_Opacity,Lung_Opacity,0.0017218149732798338,0.9982680082321167,1.0186605322815012e-05,2.4083790961526574e-08,,,
/kaggle/input/datasets/tawsifurrahman/covid19-radiography-database/COVID-19_Radiography_Dataset/Lung_Opacity/images/Lung_Opacity-5968.png,Lung_Opacity,Lung_Opacity,8.816703484626487e-06,0.9895645380020142,0.010307973250746727,0.00011872711911564693,,0.23416852951049805,0.23416852951049805
/kaggle/input/datasets/tawsifurrahman/covid19-radiography-database/COVID-19_Radiography_Dataset/Lung_Opacity/images/Lung_Opacity-5970.png,Lung_Opacity,Lung_Opacity,5.098602651187889e-10,0.999203622341156,0.0007964533288031816,6.465997737237217e-10,,0.40937402844429016,0.40937402844429016
/kaggle/input/datasets/tawsifurrahman/covid19-radiography-database/COVID-19_Radiography_Dataset/Lung_Opacity/images/Lung_Opacity-5977.png,Lung_Opacity,Lung_Opacity,0.00010288916382705793,0.9998843669891357,1.0876804481085856e-05,1.8547849549577222e-06,,0.4574360251426697,0.4574360251426697
/kaggle/input/datasets/tawsifurrahman/covid19-radiography-database/COVID-19_Radiography_Dataset/Lung_Opacity/images/Lung_Opacity-5986.png,Lung_Opacity,Lung_Opacity,0.00013000633043702692,0.9908695220947266,0.008914822712540627,8.565255120629445e-05,,,
/kaggle/input/datasets/tawsifurrahman/covid19-radiography-database/COVID-19_Radiography_Dataset/Lung_Opacity/images/Lung_Opacity-599.png,Lung_Opacity,Lung_Opacity,0.0024940152652561665,0.9598255157470703,0.037680383771657944,8.127296524662597e-08,,,
/kaggle/input/datasets/tawsifurrahman/covid19-radiography-database/COVID-19_Radiography_Dataset/Lung_Opacity/images/Lung_Opacity-5997.png,Lung_Opacity,Lung_Opacity,2.6161213099840097e-05,0.9998670816421509,0.00010063558875117451,6.021492936270079e-06,,,
/kaggle/input/datasets/tawsifurrahman/covid19-radiography-database/COVID-19_Radiography_Dataset/Lung_Opacity/images/Lung_Opacity-5998.png,Lung_Opacity,Lung_Opacity,0.00016436829173471779,0.8401046395301819,0.15961076319217682,0.00012021656584693119,,0.3051474094390869,0.3051474094390869
/kaggle/input/datasets/tawsifurrahman/covid19-radiography-database/COVID-19_Radiography_Dataset/Lung_Opacity/images/Lung_Opacity-6000.png,Lung_Opacity,Lung_Opacity,0.002073867479339242,0.9941827654838562,0.00368669256567955,5.661711475113407e-05,,0.2329235076904297,0.2329235076904297
/kaggle/input/datasets/tawsifurrahman/covid19-radiography-database/COVID-19_Radiography_Dataset/Lung_Opacity/images/Lung_Opacity-6001.png,Lung_Opacity,Lung_Opacity,2.0989880340493983e-06,0.999992847442627,5.0858311624324415e-06,5.681171533211682e-09,,0.3754357397556305,0.3754357397556305
/kaggle/input/datasets/tawsifurrahman/covid19-radiography-database/COVID-19_Radiography_Dataset/Lung_Opacity/images/Lung_Opacity-6003.png,Lung_Opacity,Lung_Opacity,4.963272294844501e-05,0.9987151622772217,0.0012349974131211638,1.889216036943253e-07,,0.40155327320098877,0.40155327320098877
/kaggle/input/datasets/tawsifurrahman/covid19-radiography-database/COVID-19_Radiography_Dataset/Lung_Opacity/images/Lung_Opacity-6012.png,Lung_Opacity,Lung_Opacity,0.016864826902747154,0.7960837483406067,0.18579086661338806,0.0012605582596734166,,,
/kaggle/input/datasets/tawsifurrahman/covid19-radiography-database/COVID-19_Radiography_Dataset/Lung_Opacity/images/Lung_Opacity-604.png,Lung_Opacity,Normal,0.0010414040880277753,0.003674126463010907,0.9952844977378845,3.5122859287639585e-08,,,
/kaggle/input/datasets/tawsifurrahman/covid19-radiography-database/COVID-19_Radiography_Dataset/Lung_Opacity/images/Lung_Opacity-61.png,Lung_Opacity,Lung_Opacity,0.00011419507791288197,0.9214496612548828,0.07836758345365524,6.85496925143525e-05,,0.3014390766620636,0.3014390766620636
/kaggle/input/datasets/tawsifurrahman/covid19-radiography-database/COVID-19_Radiography_Dataset/Lung_Opacity/images/Lung_Opacity-619.png,Lung_Opacity,Lung_Opacity,0.0030206823721528053,0.9534255862236023,0.041191358119249344,0.0023623458109796047,,,
/kaggle/input/datasets/tawsifurrahman/covid19-radiography-database/COVID-19_Radiography_Dataset/Lung_Opacity/images/Lung_Opacity-627.png,Lung_Opacity,Lung_Opacity,3.454220131970942e-05,0.9566321969032288,0.043333109468221664,2.1783829140531452e-07,,0.26917824149131775,0.26917824149131775
/kaggle/input/datasets/tawsifurrahman/covid19-radiography-database/COVID-19_Radiography_Dataset/Lung_Opacity/images/Lung_Opacity-628.png,Lung_Opacity,Lung_Opacity,1.1262071666351403e-06,0.9999334812164307,6.53812094242312e-05,1.6406904279619994e-08,,,
/kaggle/input/datasets/tawsifurrahman/covid19-radiography-database/COVID-19_Radiography_Dataset/Lung_Opacity/images/Lung_Opacity-629.png,Lung_Opacity,Normal,0.0001703179004834965,0.4296095371246338,0.5699437856674194,0.00027632276760414243,,,
/kaggle/input/datasets/tawsifurrahman/covid19-radiography-database/COVID-19_Radiography_Dataset/Lung_Opacity/images/Lung_Opacity-630.png,Lung_Opacity,Lung_Opacity,0.00017400577780790627,0.997273862361908,0.002551374025642872,7.679621489842248e-07,,,
/kaggle/input/datasets/tawsifurrahman/covid19-radiography-database/COVID-19_Radiography_Dataset/Lung_Opacity/images/Lung_Opacity-633.png,Lung_Opacity,Normal,0.34353452920913696,0.005969165824353695,0.6504952907562256,1.0279943580826512e-06,,0.3726213276386261,0.3726213276386261
/kaggle/input/datasets/tawsifurrahman/covid19-radiography-database/COVID-19_Radiography_Dataset/Lung_Opacity/images/Lung_Opacity-644.png,Lung_Opacity,Normal,0.000523964932654053,0.23067966103553772,0.7686982750892639,9.813279757509008e-05,,,
/kaggle/input/datasets/tawsifurrahman/covid19-radiography-database/COVID-19_Radiography_Dataset/Lung_Opacity/images/Lung_Opacity-647.png,Lung_Opacity,Lung_Opacity,1.2184748811705504e-05,0.9950107336044312,0.004977058153599501,2.8032083321249956e-08,,,
/kaggle/input/datasets/tawsifurrahman/covid19-radiography-database/COVID-19_Radiography_Dataset/Lung_Opacity/images/Lung_Opacity-653.png,Lung_Opacity,Lung_Opacity,0.0006170938140712678,0.9243286848068237,0.07478730380535126,0.0002668335509952158,,,
/kaggle/input/datasets/tawsifurrahman/covid19-radiography-database/COVID-19_Radiography_Dataset/Lung_Opacity/images/Lung_Opacity-658.png,Lung_Opacity,Lung_Opacity,9.51433946738689e-07,0.7023555636405945,0.29764220118522644,1.3611827398563037e-06,,,
/kaggle/input/datasets/tawsifurrahman/covid19-radiography-database/COVID-19_Radiography_Dataset/Lung_Opacity/images/Lung_Opacity-659.png,Lung_Opacity,Lung_Opacity,0.001580424141138792,0.9035114645957947,0.046745527535676956,0.0481625571846962,,0.33352264761924744,0.33352264761924744
/kaggle/input/datasets/tawsifurrahman/covid19-radiography-database/COVID-19_Radiography_Dataset/Lung_Opacity/images/Lung_Opacity-66.png,Lung_Opacity,Lung_Opacity,0.047730714082717896,0.8361058235168457,0.11610230803489685,6.120149919297546e-05,,,
/kaggle/input/datasets/tawsifurrahman/covid19-radiography-database/COVID-19_Radiography_Dataset/Lung_Opacity/images/Lung_Opacity-661.png,Lung_Opacity,Lung_Opacity,9.514720318293257e-07,0.9845262765884399,0.015468776226043701,4.006595645478228e-06,,,
/kaggle/input/datasets/tawsifurrahman/covid19-radiography-database/COVID-19_Radiography_Dataset/Lung_Opacity/images/Lung_Opacity-667.png,Lung_Opacity,Lung_Opacity,0.0002522305294405669,0.9996097683906555,1.0295889296685345e-05,0.00012773332127835602,,,
/kaggle/input/datasets/tawsifurrahman/covid19-radiography-database/COVID-19_Radiography_Dataset/Lung_Opacity/images/Lung_Opacity-674.png,Lung_Opacity,Lung_Opacity,0.05549090355634689,0.9444937109947205,2.2941530914977193e-06,1.3045059858995955e-05,,,
/kaggle/input/datasets/tawsifurrahman/covid19-radiography-database/COVID-19_Radiography_Dataset/Lung_Opacity/images/Lung_Opacity-685.png,Lung_Opacity,Lung_Opacity,2.8057581857865443e-07,0.9999562501907349,4.255406020092778e-05,9.091323818211094e-07,,,
/kaggle/input/datasets/tawsifurrahman/covid19-radiography-database/COVID-19_Radiography_Dataset/Lung_Opacity/images/Lung_Opacity-693.png,Lung_Opacity,Lung_Opacity,6.767340323676763e-07,0.9999984502792358,8.714881118976336e-07,2.0318763560567277e-08,,0.2832243740558624,0.2832243740558624
/kaggle/input/datasets/tawsifurrahman/covid19-radiography-database/COVID-19_Radiography_Dataset/Lung_Opacity/images/Lung_Opacity-698.png,Lung_Opacity,COVID,0.9244015216827393,0.008062050677835941,0.041424382477998734,0.02611205168068409,,,
/kaggle/input/datasets/tawsifurrahman/covid19-radiography-database/COVID-19_Radiography_Dataset/Lung_Opacity/images/Lung_Opacity-702.png,Lung_Opacity,Lung_Opacity,1.6180313195945928e-06,0.998847246170044,0.0011494637001305819,1.6473592268084758e-06,,,
/kaggle/input/datasets/tawsifurrahman/covid19-radiography-database/COVID-19_Radiography_Dataset/Lung_Opacity/images/Lung_Opacity-707.png,Lung_Opacity,Lung_Opacity,0.002281762193888426,0.8508359789848328,0.14687393605709076,8.309048098453786e-06,,,
/kaggle/input/datasets/tawsifurrahman/covid19-radiography-database/COVID-19_Radiography_Dataset/Lung_Opacity/images/Lung_Opacity-711.png,Lung_Opacity,Lung_Opacity,4.479971175896935e-05,0.8105344176292419,0.1894199699163437,8.996103133540601e-07,,,
/kaggle/input/datasets/tawsifurrahman/covid19-radiography-database/COVID-19_Radiography_Dataset/Lung_Opacity/images/Lung_Opacity-714.png,Lung_Opacity,Lung_Opacity,3.8080077047197847e-06,0.9728361964225769,0.02715570665895939,4.306889877625508e-06,,,
/kaggle/input/datasets/tawsifurrahman/covid19-radiography-database/COVID-19_Radiography_Dataset/Lung_Opacity/images/Lung_Opacity-729.png,Lung_Opacity,Lung_Opacity,3.0639841952506686e-06,0.9974746108055115,0.0025221456307917833,7.249929012687062e-08,,,
/kaggle/input/datasets/tawsifurrahman/covid19-radiography-database/COVID-19_Radiography_Dataset/Lung_Opacity/images/Lung_Opacity-737.png,Lung_Opacity,Lung_Opacity,8.691976108821109e-05,0.9997546076774597,0.00015730566519778222,1.2301658216529177e-06,,0.4350822865962982,0.4350822865962982
/kaggle/input/datasets/tawsifurrahman/covid19-radiography-database/COVID-19_Radiography_Dataset/Lung_Opacity/images/Lung_Opacity-742.png,Lung_Opacity,Lung_Opacity,1.414025518897688e-05,0.9993069171905518,0.0006536582950502634,2.5224373530363664e-05,,,
/kaggle/input/datasets/tawsifurrahman/covid19-radiography-database/COVID-19_Radiography_Dataset/Lung_Opacity/images/Lung_Opacity-745.png,Lung_Opacity,Lung_Opacity,0.0005959637346677482,0.9993712306022644,3.285803541075438e-05,4.42251835153229e-09,,0.34186264872550964,0.34186264872550964
/kaggle/input/datasets/tawsifurrahman/covid19-radiography-database/COVID-19_Radiography_Dataset/Lung_Opacity/images/Lung_Opacity-753.png,Lung_Opacity,Lung_Opacity,0.00012998573947697878,0.9873321652412415,0.012529724277555943,8.078077371465042e-06,,,
/kaggle/input/datasets/tawsifurrahman/covid19-radiography-database/COVID-19_Radiography_Dataset/Lung_Opacity/images/Lung_Opacity-760.png,Lung_Opacity,Lung_Opacity,0.0017941354308277369,0.7789509296417236,0.2191205471754074,0.00013449617836158723,,,
/kaggle/input/datasets/tawsifurrahman/covid19-radiography-database/COVID-19_Radiography_Dataset/Lung_Opacity/images/Lung_Opacity-764.png,Lung_Opacity,Lung_Opacity,0.001009854837320745,0.976576566696167,0.022412560880184174,1.0947362625302048e-06,,,
/kaggle/input/datasets/tawsifurrahman/covid19-radiography-database/COVID-19_Radiography_Dataset/Lung_Opacity/images/Lung_Opacity-766.png,Lung_Opacity,Lung_Opacity,0.23980194330215454,0.7572514414787292,0.0017113432986661792,0.0012352585326880217,,,
/kaggle/input/datasets/tawsifurrahman/covid19-radiography-database/COVID-19_Radiography_Dataset/Lung_Opacity/images/Lung_Opacity-767.png,Lung_Opacity,Lung_Opacity,3.8960311030677985e-06,0.9967959523200989,0.0031969703268259764,3.2186137559619965e-06,,,
/kaggle/input/datasets/tawsifurrahman/covid19-radiography-database/COVID-19_Radiography_Dataset/Lung_Opacity/images/Lung_Opacity-768.png,Lung_Opacity,Lung_Opacity,7.296142001678163e-08,0.999440610408783,0.0005592983798123896,4.52060149314093e-08,,,
/kaggle/input/datasets/tawsifurrahman/covid19-radiography-database/COVID-19_Radiography_Dataset/Lung_Opacity/images/Lung_Opacity-770.png,Lung_Opacity,Lung_Opacity,0.00010461694182595238,0.9994316697120667,0.0004634931974578649,1.815377856928535e-07,,,
/kaggle/input/datasets/tawsifurrahman/covid19-radiography-database/COVID-19_Radiography_Dataset/Lung_Opacity/images/Lung_Opacity-771.png,Lung_Opacity,Normal,0.00315078254789114,0.1767544001340866,0.8200528621673584,4.19487951148767e-05,,,
/kaggle/input/datasets/tawsifurrahman/covid19-radiography-database/COVID-19_Radiography_Dataset/Lung_Opacity/images/Lung_Opacity-774.png,Lung_Opacity,Lung_Opacity,6.607545088854749e-08,0.9497166872024536,0.050283096730709076,6.495173465737025e-08,,0.3130511939525604,0.3130511939525604
/kaggle/input/datasets/tawsifurrahman/covid19-radiography-database/COVID-19_Radiography_Dataset/Lung_Opacity/images/Lung_Opacity-782.png,Lung_Opacity,Lung_Opacity,0.01033973041921854,0.9895560145378113,9.40598183660768e-05,1.009415336739039e-05,,,
/kaggle/input/datasets/tawsifurrahman/covid19-radiography-database/COVID-19_Radiography_Dataset/Lung_Opacity/images/Lung_Opacity-801.png,Lung_Opacity,Lung_Opacity,0.0007076917681843042,0.9991281628608704,0.0001489639253122732,1.5236996659950819e-05,,,
/kaggle/input/datasets/tawsifurrahman/covid19-radiography-database/COVID-19_Radiography_Dataset/Lung_Opacity/images/Lung_Opacity-802.png,Lung_Opacity,Normal,0.17769314348697662,0.3818332254886627,0.4403405487537384,0.00013311697694007307,,,
/kaggle/input/datasets/tawsifurrahman/covid19-radiography-database/COVID-19_Radiography_Dataset/Lung_Opacity/images/Lung_Opacity-808.png,Lung_Opacity,Normal,0.2616265118122101,0.0024245106615126133,0.7356029152870178,0.00034610513830557466,,0.37161070108413696,0.37161070108413696
/kaggle/input/datasets/tawsifurrahman/covid19-radiography-database/COVID-19_Radiography_Dataset/Lung_Opacity/images/Lung_Opacity-809.png,Lung_Opacity,Normal,1.6114948948597885e-06,0.30382317304611206,0.6961751580238342,4.238138373580114e-08,,,
/kaggle/input/datasets/tawsifurrahman/covid19-radiography-database/COVID-19_Radiography_Dataset/Lung_Opacity/images/Lung_Opacity-810.png,Lung_Opacity,Lung_Opacity,3.4325644264754374e-06,0.7721007466316223,0.2278948575258255,9.957203701560502e-07,,0.24712440371513367,0.24712440371513367
/kaggle/input/datasets/tawsifurrahman/covid19-radiography-database/COVID-19_Radiography_Dataset/Lung_Opacity/images/Lung_Opacity-818.png,Lung_Opacity,Lung_Opacity,6.286605184868677e-06,0.9999500513076782,4.072619412909262e-05,2.9321656711545074e-06,,,
/kaggle/input/datasets/tawsifurrahman/covid19-radiography-database/COVID-19_Radiography_Dataset/Lung_Opacity/images/Lung_Opacity-824.png,Lung_Opacity,Lung_Opacity,3.332507503728266e-06,0.9998629093170166,0.0001333427062490955,3.5204112691644696e-07,,,
/kaggle/input/datasets/tawsifurrahman/covid19-radiography-database/COVID-19_Radiography_Dataset/Lung_Opacity/images/Lung_Opacity-833.png,Lung_Opacity,Lung_Opacity,0.0059183333069086075,0.9940067529678345,6.596609455300495e-05,8.848971447150689e-06,,0.3231680989265442,0.3231680989265442
/kaggle/input/datasets/tawsifurrahman/covid19-radiography-database/COVID-19_Radiography_Dataset/Lung_Opacity/images/Lung_Opacity-837.png,Lung_Opacity,Lung_Opacity,0.07915902882814407,0.756045401096344,0.16421756148338318,0.0005779605126008391,,,
/kaggle/input/datasets/tawsifurrahman/covid19-radiography-database/COVID-19_Radiography_Dataset/Lung_Opacity/images/Lung_Opacity-841.png,Lung_Opacity,Lung_Opacity,0.0037313199136406183,0.9960762858390808,7.343351899180561e-05,0.00011900592653546482,,,
/kaggle/input/datasets/tawsifurrahman/covid19-radiography-database/COVID-19_Radiography_Dataset/Lung_Opacity/images/Lung_Opacity-843.png,Lung_Opacity,Lung_Opacity,3.93178743252065e-06,0.9998612403869629,0.00013482164649758488,2.1033924824109818e-08,,0.18194083869457245,0.18194083869457245
/kaggle/input/datasets/tawsifurrahman/covid19-radiography-database/COVID-19_Radiography_Dataset/Lung_Opacity/images/Lung_Opacity-846.png,Lung_Opacity,Lung_Opacity,0.009698440320789814,0.8975375890731812,0.09208118170499802,0.000682869809679687,,,
/kaggle/input/datasets/tawsifurrahman/covid19-radiography-database/COVID-19_Radiography_Dataset/Lung_Opacity/images/Lung_Opacity-859.png,Lung_Opacity,Lung_Opacity,0.10613097995519638,0.8933699727058411,0.0004964616964571178,2.6801722015079577e-06,,,
/kaggle/input/datasets/tawsifurrahman/covid19-radiography-database/COVID-19_Radiography_Dataset/Lung_Opacity/images/Lung_Opacity-865.png,Lung_Opacity,Lung_Opacity,0.05218590795993805,0.9445319175720215,0.003269643522799015,1.2525256352091674e-05,,,
/kaggle/input/datasets/tawsifurrahman/covid19-radiography-database/COVID-19_Radiography_Dataset/Lung_Opacity/images/Lung_Opacity-888.png,Lung_Opacity,Lung_Opacity,1.4325072697829455e-05,0.9308342933654785,0.06914576143026352,5.658469490299467e-06,,,
/kaggle/input/datasets/tawsifurrahman/covid19-radiography-database/COVID-19_Radiography_Dataset/Lung_Opacity/images/Lung_Opacity-894.png,Lung_Opacity,Lung_Opacity,2.328421714992146e-06,0.9998959302902222,0.00010105926776304841,6.901212259435852e-07,,,
/kaggle/input/datasets/tawsifurrahman/covid19-radiography-database/COVID-19_Radiography_Dataset/Lung_Opacity/images/Lung_Opacity-905.png,Lung_Opacity,Lung_Opacity,5.392933871917194e-06,0.9997908473014832,0.00020375821623019874,8.74317862553653e-09,,,
/kaggle/input/datasets/tawsifurrahman/covid19-radiography-database/COVID-19_Radiography_Dataset/Lung_Opacity/images/Lung_Opacity-910.png,Lung_Opacity,Normal,4.402063950692536e-06,0.11164558678865433,0.8883476257324219,2.328170921828132e-06,,,
/kaggle/input/datasets/tawsifurrahman/covid19-radiography-database/COVID-19_Radiography_Dataset/Lung_Opacity/images/Lung_Opacity-911.png,Lung_Opacity,Lung_Opacity,0.01672622375190258,0.8005917072296143,0.18265852332115173,2.3619268176844344e-05,,,
/kaggle/input/datasets/tawsifurrahman/covid19-radiography-database/COVID-19_Radiography_Dataset/Lung_Opacity/images/Lung_Opacity-912.png,Lung_Opacity,Lung_Opacity,7.550215377705172e-05,0.9996289014816284,0.0002948283508885652,7.423900569847319e-07,,0.34921377897262573,0.34921377897262573
/kaggle/input/datasets/tawsifurrahman/covid19-radiography-database/COVID-19_Radiography_Dataset/Lung_Opacity/images/Lung_Opacity-913.png,Lung_Opacity,Lung_Opacity,0.10992984473705292,0.8192179203033447,0.07085153460502625,6.69174596623634e-07,,,
/kaggle/input/datasets/tawsifurrahman/covid19-radiography-database/COVID-19_Radiography_Dataset/Lung_Opacity/images/Lung_Opacity-914.png,Lung_Opacity,Lung_Opacity,1.6796957424958237e-05,0.9999575614929199,1.2562218216771726e-06,2.4435981686110608e-05,,,
/kaggle/input/datasets/tawsifurrahman/covid19-radiography-database/COVID-19_Radiography_Dataset/Lung_Opacity/images/Lung_Opacity-918.png,Lung_Opacity,Lung_Opacity,0.0023097374942153692,0.5453346967697144,0.4523524045944214,3.1365743780042976e-06,,,
/kaggle/input/datasets/tawsifurrahman/covid19-radiography-database/COVID-19_Radiography_Dataset/Lung_Opacity/images/Lung_Opacity-927.png,Lung_Opacity,Lung_Opacity,0.0034505771473050117,0.9958966970443726,0.0006510289385914803,1.6614246760582319e-06,,0.30133458971977234,0.30133458971977234
/kaggle/input/datasets/tawsifurrahman/covid19-radiography-database/COVID-19_Radiography_Dataset/Lung_Opacity/images/Lung_Opacity-932.png,Lung_Opacity,Lung_Opacity,1.886695599750965e-06,0.9992425441741943,0.0007441267953254282,1.1489539247122593e-05,,,
/kaggle/input/datasets/tawsifurrahman/covid19-radiography-database/COVID-19_Radiography_Dataset/Lung_Opacity/images/Lung_Opacity-945.png,Lung_Opacity,Lung_Opacity,0.0005507885362021625,0.9766517281532288,0.022794298827648163,3.2695218123990344e-06,,,
/kaggle/input/datasets/tawsifurrahman/covid19-radiography-database/COVID-19_Radiography_Dataset/Lung_Opacity/images/Lung_Opacity-946.png,Lung_Opacity,Lung_Opacity,9.415803106094245e-06,0.9837737083435059,0.016216902062296867,1.1726444704152073e-08,,0.2826281487941742,0.2826281487941742
/kaggle/input/datasets/tawsifurrahman/covid19-radiography-database/COVID-19_Radiography_Dataset/Lung_Opacity/images/Lung_Opacity-949.png,Lung_Opacity,Lung_Opacity,8.043076377362013e-05,0.9991555213928223,0.0006871988880448043,7.678952533751726e-05,,,
/kaggle/input/datasets/tawsifurrahman/covid19-radiography-database/COVID-19_Radiography_Dataset/Lung_Opacity/images/Lung_Opacity-952.png,Lung_Opacity,Lung_Opacity,4.767180428189022e-08,0.9999915361404419,7.768147042952478e-06,5.506977913682931e-07,,,
/kaggle/input/datasets/tawsifurrahman/covid19-radiography-database/COVID-19_Radiography_Dataset/Lung_Opacity/images/Lung_Opacity-954.png,Lung_Opacity,Lung_Opacity,0.33375146985054016,0.6653728485107422,0.0007478334009647369,0.0001278721756534651,,,
/kaggle/input/datasets/tawsifurrahman/covid19-radiography-database/COVID-19_Radiography_Dataset/Lung_Opacity/images/Lung_Opacity-957.png,Lung_Opacity,Lung_Opacity,0.00027423285064287484,0.9978834986686707,0.001839954755268991,2.2999201974016614e-06,,0.2973899841308594,0.2973899841308594
/kaggle/input/datasets/tawsifurrahman/covid19-radiography-database/COVID-19_Radiography_Dataset/Lung_Opacity/images/Lung_Opacity-958.png,Lung_Opacity,Lung_Opacity,0.00031297391979023814,0.9983110427856445,0.0013716163812205195,4.3766576709458604e-06,,,
/kaggle/input/datasets/tawsifurrahman/covid19-radiography-database/COVID-19_Radiography_Dataset/Lung_Opacity/images/Lung_Opacity-960.png,Lung_Opacity,Lung_Opacity,1.0515655048948247e-06,0.9999910593032837,7.892820576671511e-06,4.2118294629744923e-08,,0.34433045983314514,0.34433045983314514
/kaggle/input/datasets/tawsifurrahman/covid19-radiography-database/COVID-19_Radiography_Dataset/Lung_Opacity/images/Lung_Opacity-966.png,Lung_Opacity,Lung_Opacity,0.0002709734544623643,0.9431660771369934,0.05656217783689499,8.209472071030177e-07,,0.34941187500953674,0.34941187500953674
/kaggle/input/datasets/tawsifurrahman/covid19-radiography-database/COVID-19_Radiography_Dataset/Lung_Opacity/images/Lung_Opacity-977.png,Lung_Opacity,Lung_Opacity,1.0002455610447214e-06,0.9999920129776001,6.97763016432873e-06,1.148059633471199e-10,,0.3390692174434662,0.3390692174434662
/kaggle/input/datasets/tawsifurrahman/covid19-radiography-database/COVID-19_Radiography_Dataset/Lung_Opacity/images/Lung_Opacity-983.png,Lung_Opacity,Lung_Opacity,0.005001137964427471,0.9884722828865051,0.00484016677364707,0.001686292001977563,,,
/kaggle/input/datasets/tawsifurrahman/covid19-radiography-database/COVID-19_Radiography_Dataset/Lung_Opacity/images/Lung_Opacity-987.png,Lung_Opacity,Normal,0.0008098286925815046,0.021641112864017487,0.9775001406669617,4.888849798589945e-05,,,
/kaggle/input/datasets/tawsifurrahman/covid19-radiography-database/COVID-19_Radiography_Dataset/Lung_Opacity/images/Lung_Opacity-989.png,Lung_Opacity,Lung_Opacity,4.870925477007404e-05,0.9991174340248108,0.0008338008192367852,3.5405012255296242e-09,,,
/kaggle/input/datasets/tawsifurrahman/covid19-radiography-database/COVID-19_Radiography_Dataset/Lung_Opacity/images/Lung_Opacity-99.png,Lung_Opacity,Lung_Opacity,8.018018888833467e-07,0.9851646423339844,0.01483409758657217,5.064497941020818e-07,,,
/kaggle/input/datasets/tawsifurrahman/covid19-radiography-database/COVID-19_Radiography_Dataset/Lung_Opacity/images/Lung_Opacity-992.png,Lung_Opacity,Lung_Opacity,0.08684216439723969,0.8773282170295715,0.03522175922989845,0.0006078961305320263,,0.24263130128383636,0.24263130128383636
/kaggle/input/datasets/tawsifurrahman/covid19-radiography-database/COVID-19_Radiography_Dataset/Normal/images/Normal-100.png,Normal,Normal,0.00010907424439210445,5.287880412652157e-06,0.9187548756599426,0.08113069087266922,,,
/kaggle/input/datasets/tawsifurrahman/covid19-radiography-database/COVID-19_Radiography_Dataset/Normal/images/Normal-10006.png,Normal,Lung_Opacity,3.2967963647934084e-07,0.5306311249732971,0.469368577003479,3.010440963180372e-08,,0.1917320340871811,0.1917320340871811
/kaggle/input/datasets/tawsifurrahman/covid19-radiography-database/COVID-19_Radiography_Dataset/Normal/images/Normal-10007.png,Normal,Normal,0.002517805667594075,0.009224781766533852,0.9882552623748779,2.1161051790841157e-06,,0.37771496176719666,0.37771496176719666
/kaggle/input/datasets/tawsifurrahman/covid19-radiography-database/COVID-19_Radiography_Dataset/Normal/images/Normal-10030.png,Normal,Normal,0.05263636261224747,0.019254600629210472,0.9280616044998169,4.7461449867114425e-05,,,
/kaggle/input/datasets/tawsifurrahman/covid19-radiography-database/COVID-19_Radiography_Dataset/Normal/images/Normal-10032.png,Normal,Normal,0.000589184055570513,0.007163985166698694,0.9922467470169067,7.050957151477633e-08,,,
/kaggle/input/datasets/tawsifurrahman/covid19-radiography-database/COVID-19_Radiography_Dataset/Normal/images/Normal-10059.png,Normal,Normal,0.0004997655050829053,0.026667432859539986,0.9728158116340637,1.7123204088420607e-05,,,
/kaggle/input/datasets/tawsifurrahman/covid19-radiography-database/COVID-19_Radiography_Dataset/Normal/images/Normal-10061.png,Normal,Normal,0.00044773606350645423,0.0163619015365839,0.9831902980804443,1.1532961252669338e-07,,0.24926620721817017,0.24926620721817017
/kaggle/input/datasets/tawsifurrahman/covid19-radiography-database/COVID-19_Radiography_Dataset/Normal/images/Normal-10063.png,Normal,Normal,0.0051017096266150475,0.0723344162106514,0.9221037030220032,0.00046008420758880675,,,
/kaggle/input/datasets/tawsifurrahman/covid19-radiography-database/COVID-19_Radiography_Dataset/Normal/images/Normal-10066.png,Normal,Normal,0.00013196011423133314,0.045596230775117874,0.9542714357376099,3.9095934312172176e-07,,,
/kaggle/input/datasets/tawsifurrahman/covid19-radiography-database/COVID-19_Radiography_Dataset/Normal/images/Normal-10067.png,Normal,Normal,7.130109588615596e-05,0.03717942163348198,0.962744414806366,4.90753564008628e-06,,,
/kaggle/input/datasets/tawsifurrahman/covid19-radiography-database/COVID-19_Radiography_Dataset/Normal/images/Normal-1007.png,Normal,Normal,0.0002879969251807779,0.00022952689323574305,0.9994046688079834,7.788516086293384e-05,,,
/kaggle/input/datasets/tawsifurrahman/covid19-radiography-database/COVID-19_Radiography_Dataset/Normal/images/Normal-10083.png,Normal,Normal,0.000174692424479872,0.0005680795293301344,0.9992270469665527,3.014842513948679e-05,,0.3622410297393799,0.3622410297393799
/kaggle/input/datasets/tawsifurrahman/covid19-radiography-database/COVID-19_Radiography_Dataset/Normal/images/Normal-10088.png,Normal,Normal,0.00041269129724241793,0.006969763897359371,0.9926005005836487,1.6939997294684872e-05,,0.28947046399116516,0.28947046399116516
/kaggle/input/datasets/tawsifurrahman/covid19-radiography-database/COVID-19_Radiography_Dataset/Normal/images/Normal-10094.png,Normal,Normal,0.009845254011452198,0.1762121617794037,0.8136619925498962,0.00028057029703631997,,,
/kaggle/input/datasets/tawsifurrahman/covid19-radiography-database/COVID-19_Radiography_Dataset/Normal/images/Normal-10097.png,Normal,Lung_Opacity,0.0003864247410092503,0.6048399806022644,0.3944285213947296,0.00034508208045735955,,,
/kaggle/input/datasets/tawsifurrahman/covid19-radiography-database/COVID-19_Radiography_Dataset/Normal/images/Normal-10098.png,Normal,Normal,7.813446427462623e-05,0.005646652076393366,0.994274914264679,2.6991244794771774e-07,,0.425133615732193,0.425133615732193
/kaggle/input/datasets/tawsifurrahman/covid19-radiography-database/COVID-19_Radiography_Dataset/Normal/images/Normal-10105.png,Normal,Lung_Opacity,0.033433061093091965,0.8677146434783936,0.09879032522439957,6.197055336087942e-05,,0.24368129670619965,0.24368129670619965
/kaggle/input/datasets/tawsifurrahman/covid19-radiography-database/COVID-19_Radiography_Dataset/Normal/images/Normal-10117.png,Normal,Normal,0.00023698857694398612,0.46845096349716187,0.5313119292259216,6.128629337354141e-08,,,
/kaggle/input/datasets/tawsifurrahman/covid19-radiography-database/COVID-19_Radiography_Dataset/Normal/images/Normal-10125.png,Normal,Normal,0.0003434225800447166,0.0003593658038880676,0.9992938041687012,3.330121217004489e-06,,,
/kaggle/input/datasets/tawsifurrahman/covid19-radiography-database/COVID-19_Radiography_Dataset/Normal/images/Normal-10127.png,Normal,Normal,0.015353787690401077,0.39104726910591125,0.5777899026870728,0.01580907590687275,,,
/kaggle/input/datasets/tawsifurrahman/covid19-radiography-database/COVID-19_Radiography_Dataset/Normal/images/Normal-10130.png,Normal,COVID,0.5949037671089172,0.06219519302248955,0.3426182270050049,0.00028284333529882133,,,
/kaggle/input/datasets/tawsifurrahman/covid19-radiography-database/COVID-19_Radiography_Dataset/Normal/images/Normal-10135.png,Normal,Normal,0.0006782967248000205,0.0032990463078022003,0.9960220456123352,5.677424042005441e-07,,0.2680220603942871,0.2680220603942871
/kaggle/input/datasets/tawsifurrahman/covid19-radiography-database/COVID-19_Radiography_Dataset/Normal/images/Normal-10136.png,Normal,Normal,4.4442190301197115e-06,0.03437386080622673,0.9656215906143188,5.074571163277142e-08,,,
/kaggle/input/datasets/tawsifurrahman/covid19-radiography-database/COVID-19_Radiography_Dataset/Normal/images/Normal-10138.png,Normal,Normal,6.250688215914124e-07,0.004580249078571796,0.9954177141189575,1.4708975868416019e-06,,0.2765210270881653,0.2765210270881653
/kaggle/input/datasets/tawsifurrahman/covid19-radiography-database/COVID-19_Radiography_Dataset/Normal/images/Normal-10154.png,Normal,Normal,3.112302522367827e-07,0.01795066148042679,0.9820489287376404,3.5880572818447476e-11,,,
/kaggle/input/datasets/tawsifurrahman/covid19-radiography-database/COVID-19_Radiography_Dataset/Normal/images/Normal-10163.png,Normal,Normal,7.542675120930653e-06,0.008836641907691956,0.9911555051803589,2.746588734225952e-07,,,
/kaggle/input/datasets/tawsifurrahman/covid19-radiography-database/COVID-19_Radiography_Dataset/Normal/images/Normal-10164.png,Normal,Normal,8.479581765641342e-07,0.008670304901897907,0.9913288354873657,1.782619733249613e-13,,0.4404945969581604,0.4404945969581604
/kaggle/input/datasets/tawsifurrahman/covid19-radiography-database/COVID-19_Radiography_Dataset/Normal/images/Normal-10184.png,Normal,Normal,0.015175011940300465,0.01091807708144188,0.9739062190055847,6.43537646283221e-07,,,
/kaggle/input/datasets/tawsifurrahman/covid19-radiography-database/COVID-19_Radiography_Dataset/Normal/images/Normal-10185.png,Normal,Normal,4.5440711460287275e-07,3.893610119121149e-05,0.9999605417251587,2.7807763203213653e-08,,,
/kaggle/input/datasets/tawsifurrahman/covid19-radiography-database/COVID-19_Radiography_Dataset/Normal/images/Normal-10192.png,Normal,Normal,3.1157618650468066e-05,0.0067304447293281555,0.9932383298873901,6.032219346252532e-08,,,
/kaggle/input/datasets/tawsifurrahman/covid19-radiography-database/COVID-19_Radiography_Dataset/Normal/images/Normal-1035.png,Normal,Normal,0.0012710480950772762,0.0003955164866056293,0.9967280626296997,0.0016053455183282495,,,
/kaggle/input/datasets/tawsifurrahman/covid19-radiography-database/COVID-19_Radiography_Dataset/Normal/images/Normal-1042.png,Normal,Normal,0.006955032702535391,0.03674934804439545,0.9292069673538208,0.027088705450296402,,,
/kaggle/input/datasets/tawsifurrahman/covid19-radiography-database/COVID-19_Radiography_Dataset/Normal/images/Normal-1043.png,Normal,Normal,0.0025585265830159187,0.0004904707311652601,0.996612012386322,0.0003390240017324686,,,
/kaggle/input/datasets/tawsifurrahman/covid19-radiography-database/COVID-19_Radiography_Dataset/Normal/images/Normal-1044.png,Normal,Normal,4.231206730764825e-06,0.0006949391099624336,0.9990969896316528,0.00020379068155307323,,0.24435219168663025,0.24435219168663025
/kaggle/input/datasets/tawsifurrahman/covid19-radiography-database/COVID-19_Radiography_Dataset/Normal/images/Normal-1054.png,Normal,Normal,0.00018168680253438652,6.90212846166105e-06,0.9997841715812683,2.7337371648172848e-05,,,
/kaggle/input/datasets/tawsifurrahman/covid19-radiography-database/COVID-19_Radiography_Dataset/Normal/images/Normal-1057.png,Normal,Normal,1.4578983609681018e-05,5.398188704930362e-07,0.9999470710754395,3.781071427511051e-05,,,
/kaggle/input/datasets/tawsifurrahman/covid19-radiography-database/COVID-19_Radiography_Dataset/Normal/images/Normal-1062.png,Normal,Normal,4.812808401766233e-05,0.00025370437651872635,0.99814772605896,0.0015505695482715964,,0.22491924464702606,0.22491924464702606
/kaggle/input/datasets/tawsifurrahman/covid19-radiography-database/COVID-19_Radiography_Dataset/Normal/images/Normal-1065.png,Normal,Normal,0.013231697492301464,0.0019122179364785552,0.776254415512085,0.20860163867473602,,,
/kaggle/input/datasets/tawsifurrahman/covid19-radiography-database/COVID-19_Radiography_Dataset/Normal/images/Normal-1068.png,Normal,Normal,7.156845822464675e-05,8.938297833083197e-05,0.9998226761817932,1.6419135135947727e-05,,0.13057741522789001,0.13057741522789001
/kaggle/input/datasets/tawsifurrahman/covid19-radiography-database/COVID-19_Radiography_Dataset/Normal/images/Normal-1074.png,Normal,Normal,4.318024366511963e-05,0.00021197281603235751,0.9996906518936157,5.420501474873163e-05,,,
/kaggle/input/datasets/tawsifurrahman/covid19-radiography-database/COVID-19_Radiography_Dataset/Normal/images/Normal-1113.png,Normal,Normal,1.1900990102731157e-05,9.238456550519913e-05,0.9998094439506531,8.6289452156052e-05,,,
/kaggle/input/datasets/tawsifurrahman/covid19-radiography-database/COVID-19_Radiography_Dataset/Normal/images/Normal-1116.png,Normal,Normal,0.00021643949730787426,7.326618651859462e-05,0.9996125102043152,9.784633584786206e-05,,0.33665111660957336,0.33665111660957336
/kaggle/input/datasets/tawsifurrahman/covid19-radiography-database/COVID-19_Radiography_Dataset/Normal/images/Normal-1120.png,Normal,Normal,0.00028199327061884105,3.351342093083076e-05,0.9996811151504517,3.4645431696844753e-06,,0.07323314994573593,0.07323314994573593
/kaggle/input/datasets/tawsifurrahman/covid19-radiography-database/COVID-19_Radiography_Dataset/Normal/images/Normal-1121.png,Normal,Normal,0.0001193353600683622,0.00010452552669448778,0.993760883808136,0.00601523881778121,,,
/kaggle/input/datasets/tawsifurrahman/covid19-radiography-database/COVID-19_Radiography_Dataset/Normal/images/Normal-1122.png,Normal,Normal,0.10200066864490509,0.00021166031365282834,0.8971326947212219,0.0006549409590661526,,,
/kaggle/input/datasets/tawsifurrahman/covid19-radiography-database/COVID-19_Radiography_Dataset/Normal/images/Normal-1130.png,Normal,Normal,0.0017041375394910574,0.0014116837410256267,0.9965940117835999,0.00029013919993303716,,,
/kaggle/input/datasets/tawsifurrahman/covid19-radiography-database/COVID-19_Radiography_Dataset/Normal/images/Normal-1132.png,Normal,Normal,3.3688331768644275e-06,1.53077030518034e-06,0.9999947547912598,3.8264548152255884e-07,,,
/kaggle/input/datasets/tawsifurrahman/covid19-radiography-database/COVID-19_Radiography_Dataset/Normal/images/Normal-1137.png,Normal,Normal,0.00014686715439893305,0.0015298350481316447,0.5466629862785339,0.45166027545928955,,0.15999504923820496,0.15999504923820496
/kaggle/input/datasets/tawsifurrahman/covid19-radiography-database/COVID-19_Radiography_Dataset/Normal/images/Normal-1147.png,Normal,Normal,0.00014443541294895113,8.943412831285968e-05,0.9997462630271912,1.9885048459400423e-05,,,
/kaggle/input/datasets/tawsifurrahman/covid19-radiography-database/COVID-19_Radiography_Dataset/Normal/images/Normal-1152.png,Normal,Viral Pneumonia,0.0489136278629303,0.000310919334879145,0.4021598696708679,0.5486156344413757,,,
/kaggle/input/datasets/tawsifurrahman/covid19-radiography-database/COVID-19_Radiography_Dataset/Normal/images/Normal-116.png,Normal,Normal,7.862427446525544e-05,0.0003379282425157726,0.9955280423164368,0.004055394791066647,,,
/kaggle/input/datasets/tawsifurrahman/covid19-radiography-database/COVID-19_Radiography_Dataset/Normal/images/Normal-1163.png,Normal,Normal,0.00028295457013882697,0.00018184770306106657,0.9993964433670044,0.00013873947318643332,,0.2184014469385147,0.2184014469385147
/kaggle/input/datasets/tawsifurrahman/covid19-radiography-database/COVID-19_Radiography_Dataset/Normal/images/Normal-1172.png,Normal,Normal,2.718488474329206e-07,1.221296884068579e-06,0.9999909400939941,7.622041721333517e-06,,,
/kaggle/input/datasets/tawsifurrahman/covid19-radiography-database/COVID-19_Radiography_Dataset/Normal/images/Normal-1176.png,Normal,Normal,0.0005546057946048677,0.00034968144609592855,0.9982872605323792,0.0008084530127234757,,,
/kaggle/input/datasets/tawsifurrahman/covid19-radiography-database/COVID-19_Radiography_Dataset/Normal/images/Normal-1185.png,Normal,Viral Pneumonia,2.5737461328390054e-05,3.0615192372351885e-05,0.4897013306617737,0.5102422833442688,,,
/kaggle/input/datasets/tawsifurrahman/covid19-radiography-database/COVID-19_Radiography_Dataset/Normal/images/Normal-1189.png,Normal,Normal,6.283153197728097e-05,3.883254976244643e-05,0.9964379072189331,0.0034604030661284924,,,
/kaggle/input/datasets/tawsifurrahman/covid19-radiography-database/COVID-19_Radiography_Dataset/Normal/images/Normal-1199.png,Normal,Normal,0.003201742423698306,2.9519933377741836e-06,0.9967479705810547,4.7274890675907955e-05,,0.20484289526939392,0.20484289526939392
/kaggle/input/datasets/tawsifurrahman/covid19-radiography-database/COVID-19_Radiography_Dataset/Normal/images/Normal-120.png,Normal,Normal,0.002712197368964553,0.00022236334916669875,0.9055991768836975,0.09146628528833389,,,
/kaggle/input/datasets/tawsifurrahman/covid19-radiography-database/COVID-19_Radiography_Dataset/Normal/images/Normal-1210.png,Normal,Normal,1.4599837641071645e-06,2.370910078752786e-05,0.9999550580978394,1.9783827156061307e-05,,0.22418631613254547,0.22418631613254547
/kaggle/input/datasets/tawsifurrahman/covid19-radiography-database/COVID-19_Radiography_Dataset/Normal/images/Normal-1211.png,Normal,Viral Pneumonia,0.01575440727174282,0.0007792060496285558,0.2513854503631592,0.73208087682724,,0.40420880913734436,0.40420880913734436
/kaggle/input/datasets/tawsifurrahman/covid19-radiography-database/COVID-19_Radiography_Dataset/Normal/images/Normal-1214.png,Normal,Normal,2.9117665690137073e-05,3.271708555985242e-05,0.9988588094711304,0.0010792695684358478,,,
/kaggle/input/datasets/tawsifurrahman/covid19-radiography-database/COVID-19_Radiography_Dataset/Normal/images/Normal-1218.png,Normal,Normal,0.00010562234092503786,3.806729000643827e-05,0.9583277702331543,0.04152844846248627,,,
/kaggle/input/datasets/tawsifurrahman/covid19-radiography-database/COVID-19_Radiography_Dataset/Normal/images/Normal-1223.png,Normal,Normal,8.70561198098585e-05,1.8489117792341858e-05,0.9998860359191895,8.4829071056447e-06,,,
/kaggle/input/datasets/tawsifurrahman/covid19-radiography-database/COVID-19_Radiography_Dataset/Normal/images/Normal-1224.png,Normal,Normal,0.0011691766558215022,0.001273949514143169,0.8587322235107422,0.1388246715068817,,,
/kaggle/input/datasets/tawsifurrahman/covid19-radiography-database/COVID-19_Radiography_Dataset/Normal/images/Normal-1226.png,Normal,Normal,6.108960224082693e-05,2.0035180568811484e-05,0.9998693466186523,4.943352905684151e-05,,,
/kaggle/input/datasets/tawsifurrahman/covid19-radiography-database/COVID-19_Radiography_Dataset/Normal/images/Normal-1235.png,Normal,Normal,9.648863851907663e-06,1.9159313069394557e-06,0.9912242889404297,0.0087641142308712,,,
/kaggle/input/datasets/tawsifurrahman/covid19-radiography-database/COVID-19_Radiography_Dataset/Normal/images/Normal-124.png,Normal,Normal,0.00026872154558077455,0.00013092547305859625,0.9995236396789551,7.670347258681431e-05,,,
/kaggle/input/datasets/tawsifurrahman/covid19-radiography-database/COVID-19_Radiography_Dataset/Normal/images/Normal-1243.png,Normal,Normal,1.3179364941606764e-05,2.0622817373805447e-06,0.9988068342208862,0.0011779150227084756,,,
/kaggle/input/datasets/tawsifurrahman/covid19-radiography-database/COVID-19_Radiography_Dataset/Normal/images/Normal-1252.png,Normal,Normal,0.0014422964304685593,0.002057376317679882,0.9954655766487122,0.0010347452480345964,,0.1369977742433548,0.1369977742433548
/kaggle/input/datasets/tawsifurrahman/covid19-radiography-database/COVID-19_Radiography_Dataset/Normal/images/Normal-1256.png,Normal,Normal,0.0024767175782471895,7.070323044899851e-05,0.9939548373222351,0.003497666446492076,,,
/kaggle/input/datasets/tawsifurrahman/covid19-radiography-database/COVID-19_Radiography_Dataset/Normal/images/Normal-1259.png,Normal,Normal,8.690770414432336e-07,1.0405396096757613e-05,0.9999831914901733,5.568474989559036e-06,,,
/kaggle/input/datasets/tawsifurrahman/covid19-radiography-database/COVID-19_Radiography_Dataset/Normal/images/Normal-1271.png,Normal,Normal,0.0005925447912886739,5.497404345078394e-05,0.9978932738304138,0.001459208782762289,,,
/kaggle/input/datasets/tawsifurrahman/covid19-radiography-database/COVID-19_Radiography_Dataset/Normal/images/Normal-1292.png,Normal,Viral Pneumonia,0.001273915870115161,0.00042194867273792624,0.22506189346313477,0.7732422351837158,,,
/kaggle/input/datasets/tawsifurrahman/covid19-radiography-database/COVID-19_Radiography_Dataset/Normal/images/Normal-13.png,Normal,Normal,0.004612339660525322,0.16912205517292023,0.8261685371398926,9.711165330372751e-05,,0.2299652099609375,0.2299652099609375
/kaggle/input/datasets/tawsifurrahman/covid19-radiography-database/COVID-19_Radiography_Dataset/Normal/images/Normal-130.png,Normal,Normal,5.8339524002803955e-06,1.894875276775565e-05,0.9999572038650513,1.795676871552132e-05,,,
/kaggle/input/datasets/tawsifurrahman/covid19-radiography-database/COVID-19_Radiography_Dataset/Normal/images/Normal-1301.png,Normal,Normal,0.003671043086796999,0.00013583170948550105,0.9957184195518494,0.0004747654602397233,,,
/kaggle/input/datasets/tawsifurrahman/covid19-radiography-database/COVID-19_Radiography_Dataset/Normal/images/Normal-1303.png,Normal,Normal,0.00035535352071747184,0.00011130785424029455,0.9993971586227417,0.00013611477334052324,,0.16710059344768524,0.16710059344768524
/kaggle/input/datasets/tawsifurrahman/covid19-radiography-database/COVID-19_Radiography_Dataset/Normal/images/Normal-1310.png,Normal,Viral Pneumonia,2.5747438485268503e-05,7.28916420484893e-05,0.499602347612381,0.5002990365028381,,0.25017333030700684,0.25017333030700684
/kaggle/input/datasets/tawsifurrahman/covid19-radiography-database/COVID-19_Radiography_Dataset/Normal/images/Normal-1314.png,Normal,Normal,0.001774764503352344,0.0016675574006512761,0.9770109057426453,0.019546736031770706,,,
/kaggle/input/datasets/tawsifurrahman/covid19-radiography-database/COVID-19_Radiography_Dataset/Normal/images/Normal-1328.png,Normal,Normal,9.638183109927922e-05,0.0011716687586158514,0.9824953079223633,0.016236625611782074,,,
/kaggle/input/datasets/tawsifurrahman/covid19-radiography-database/COVID-19_Radiography_Dataset/Normal/images/Normal-1329.png,Normal,Normal,0.001109879813157022,0.001319096889346838,0.9845752716064453,0.012995773926377296,,0.3636723458766937,0.3636723458766937
/kaggle/input/datasets/tawsifurrahman/covid19-radiography-database/COVID-19_Radiography_Dataset/Normal/images/Normal-1348.png,Normal,Normal,8.596067345933989e-06,6.990033398324158e-06,0.9999016523361206,8.271620026789606e-05,,,
/kaggle/input/datasets/tawsifurrahman/covid19-radiography-database/COVID-19_Radiography_Dataset/Normal/images/Normal-1358.png,Normal,Normal,0.0023879813961684704,0.0003873727982863784,0.9970203042030334,0.00020430113363545388,,,
/kaggle/input/datasets/tawsifurrahman/covid19-radiography-database/COVID-19_Radiography_Dataset/Normal/images/Normal-136.png,Normal,Normal,5.5390071793226525e-05,0.00023663825413677841,0.9961366057395935,0.003571420907974243,,,
/kaggle/input/datasets/tawsifurrahman/covid19-radiography-database/COVID-19_Radiography_Dataset/Normal/images/Normal-1362.png,Normal,Normal,0.00012410004273988307,0.0010427110828459263,0.6421436667442322,0.3566895127296448,,0.2007308155298233,0.2007308155298233
/kaggle/input/datasets/tawsifurrahman/covid19-radiography-database/COVID-19_Radiography_Dataset/Normal/images/Normal-1363.png,Normal,Normal,0.0005332381697371602,9.079303708858788e-05,0.9991274476051331,0.00024855180527083576,,0.22009937465190887,0.22009937465190887
/kaggle/input/datasets/tawsifurrahman/covid19-radiography-database/COVID-19_Radiography_Dataset/Normal/images/Normal-1365.png,Normal,Normal,4.375897333375178e-05,4.631196134141646e-05,0.9999083280563354,1.5518950249315822e-06,,,
/kaggle/input/datasets/tawsifurrahman/covid19-radiography-database/COVID-19_Radiography_Dataset/Normal/images/Normal-1368.png,Normal,Normal,0.001026693033054471,0.0008427834254689515,0.99810791015625,2.2625134079135023e-05,,0.24804748594760895,0.24804748594760895
/kaggle/input/datasets/tawsifurrahman/covid19-radiography-database/COVID-19_Radiography_Dataset/Normal/images/Normal-1370.png,Normal,Normal,0.00012962766049895436,0.0013777464628219604,0.9982290863990784,0.0002635381242725998,,,
/kaggle/input/datasets/tawsifurrahman/covid19-radiography-database/COVID-19_Radiography_Dataset/Normal/images/Normal-1371.png,Normal,Normal,0.001062477007508278,1.2206947758386377e-05,0.997320830821991,0.0016045074444264174,,0.21624507009983063,0.21624507009983063
/kaggle/input/datasets/tawsifurrahman/covid19-radiography-database/COVID-19_Radiography_Dataset/Normal/images/Normal-1377.png,Normal,Normal,7.937371265143156e-05,3.8601407140959054e-05,0.9997902512550354,9.1813642939087e-05,,0.21052293479442596,0.21052293479442596
/kaggle/input/datasets/tawsifurrahman/covid19-radiography-database/COVID-19_Radiography_Dataset/Normal/images/Normal-1382.png,Normal,Normal,6.402639701263979e-05,0.00038967898581176996,0.9994227886199951,0.000123568854178302,,,
/kaggle/input/datasets/tawsifurrahman/covid19-radiography-database/COVID-19_Radiography_Dataset/Normal/images/Normal-1383.png,Normal,Normal,0.000463316187961027,0.0004518197674769908,0.9968410730361938,0.0022438177838921547,,,
/kaggle/input/datasets/tawsifurrahman/covid19-radiography-database/COVID-19_Radiography_Dataset/Normal/images/Normal-1388.png,Normal,Viral Pneumonia,5.273137958283769e-06,0.02179366908967495,0.018808284774422646,0.959392786026001,,,
/kaggle/input/datasets/tawsifurrahman/covid19-radiography-database/COVID-19_Radiography_Dataset/Normal/images/Normal-1394.png,Normal,Viral Pneumonia,0.00019000039901584387,0.0003045469056814909,0.13601909577846527,0.8634862899780273,,0.22622306644916534,0.22622306644916534
/kaggle/input/datasets/tawsifurrahman/covid19-radiography-database/COVID-19_Radiography_Dataset/Normal/images/Normal-1396.png,Normal,Viral Pneumonia,1.7523999531476875e-06,0.00017001891683321446,0.04452451318502426,0.9553037285804749,,0.17359811067581177,0.17359811067581177
/kaggle/input/datasets/tawsifurrahman/covid19-radiography-database/COVID-19_Radiography_Dataset/Normal/images/Normal-1398.png,Normal,Viral Pneumonia,4.541962894677454e-08,8.365069334104192e-06,0.0007195993093773723,0.9992720484733582,,,
/kaggle/input/datasets/tawsifurrahman/covid19-radiography-database/COVID-19_Radiography_Dataset/Normal/images/Normal-1406.png,Normal,Normal,0.00081731250975281,0.027048269286751747,0.9721269607543945,7.384397576970514e-06,,,
/kaggle/input/datasets/tawsifurrahman/covid19-radiography-database/COVID-19_Radiography_Dataset/Normal/images/Normal-1417.png,Normal,Normal,7.930882566142827e-05,5.389798752730712e-05,0.9998668432235718,2.469514037706233e-10,,,
/kaggle/input/datasets/tawsifurrahman/covid19-radiography-database/COVID-19_Radiography_Dataset/Normal/images/Normal-1419.png,Normal,Normal,0.00349042983725667,0.0008634082623757422,0.9955720901489258,7.400198956020176e-05,,,
/kaggle/input/datasets/tawsifurrahman/covid19-radiography-database/COVID-19_Radiography_Dataset/Normal/images/Normal-1423.png,Normal,Normal,1.0731346122838659e-07,0.00221348088234663,0.9977864027023315,2.9181604688233165e-08,,,
/kaggle/input/datasets/tawsifurrahman/covid19-radiography-database/COVID-19_Radiography_Dataset/Normal/images/Normal-1424.png,Normal,Normal,0.006874676328152418,0.05249564349651337,0.9406296610832214,2.7582800044001488e-08,,,
/kaggle/input/datasets/tawsifurrahman/covid19-radiography-database/COVID-19_Radiography_Dataset/Normal/images/Normal-1425.png,Normal,Normal,5.725598748540506e-05,0.007787416223436594,0.9921425580978394,1.277261344512226e-05,,,
/kaggle/input/datasets/tawsifurrahman/covid19-radiography-database/COVID-19_Radiography_Dataset/Normal/images/Normal-1437.png,Normal,COVID,0.542842447757721,0.12767218053340912,0.3252270221710205,0.004258356988430023,,,
/kaggle/input/datasets/tawsifurrahman/covid19-radiography-database/COVID-19_Radiography_Dataset/Normal/images/Normal-1446.png,Normal,Normal,0.0007156855426728725,0.0006066927453503013,0.9986774325370789,6.283175224552906e-08,,,
/kaggle/input/datasets/tawsifurrahman/covid19-radiography-database/COVID-19_Radiography_Dataset/Normal/images/Normal-145.png,Normal,Normal,1.7917964214575477e-05,0.09701783210039139,0.9020110368728638,0.0009532001568004489,,,
/kaggle/input/datasets/tawsifurrahman/covid19-radiography-database/COVID-19_Radiography_Dataset/Normal/images/Normal-1453.png,Normal,Lung_Opacity,8.223665645346045e-06,0.9863728880882263,0.013616994954645634,1.8660565501704696e-06,,0.29299312829971313,0.29299312829971313
/kaggle/input/datasets/tawsifurrahman/covid19-radiography-database/COVID-19_Radiography_Dataset/Normal/images/Normal-1458.png,Normal,Lung_Opacity,0.0002380681107752025,0.5437932014465332,0.4559611976146698,7.569786248495802e-06,,,
/kaggle/input/datasets/tawsifurrahman/covid19-radiography-database/COVID-19_Radiography_Dataset/Normal/images/Normal-1459.png,Normal,Normal,6.785415394006122e-07,0.0026855813339352608,0.9973136782646179,1.381498737629272e-08,,,
/kaggle/input/datasets/tawsifurrahman/covid19-radiography-database/COVID-19_Radiography_Dataset/Normal/images/Normal-1468.png,Normal,Normal,0.07601101696491241,0.3485561013221741,0.5752530694007874,0.00017980507982429117,,0.10490727424621582,0.10490727424621582
/kaggle/input/datasets/tawsifurrahman/covid19-radiography-database/COVID-19_Radiography_Dataset/Normal/images/Normal-1470.png,Normal,Normal,0.0021367203444242477,0.01818978786468506,0.9796731472015381,3.0803562367509585e-07,,,
/kaggle/input/datasets/tawsifurrahman/covid19-radiography-database/COVID-19_Radiography_Dataset/Normal/images/Normal-1479.png,Normal,Lung_Opacity,0.011165293864905834,0.6028692722320557,0.3859562873840332,9.144143405137584e-06,,0.44557228684425354,0.44557228684425354
/kaggle/input/datasets/tawsifurrahman/covid19-radiography-database/COVID-19_Radiography_Dataset/Normal/images/Normal-1483.png,Normal,Normal,0.0002553693193476647,0.30612343549728394,0.6934906244277954,0.00013059480988886207,,,
/kaggle/input/datasets/tawsifurrahman/covid19-radiography-database/COVID-19_Radiography_Dataset/Normal/images/Normal-1491.png,Normal,Normal,0.07188905030488968,0.02390436828136444,0.9041469693183899,5.965278978692368e-05,,,
/kaggle/input/datasets/tawsifurrahman/covid19-radiography-database/COVID-19_Radiography_Dataset/Normal/images/Normal-1496.png,Normal,Normal,0.0025096870958805084,0.0017734465654939413,0.9957146048545837,2.2369845282810275e-06,,0.3641747236251831,0.3641747236251831
/kaggle/input/datasets/tawsifurrahman/covid19-radiography-database/COVID-19_Radiography_Dataset/Normal/images/Normal-1502.png,Normal,Normal,3.199302454959252e-06,0.004860473331063986,0.9951363205909729,3.9805783558222174e-08,,0.34071028232574463,0.34071028232574463
/kaggle/input/datasets/tawsifurrahman/covid19-radiography-database/COVID-19_Radiography_Dataset/Normal/images/Normal-1504.png,Normal,Normal,2.6791411755766603e-07,0.00292387162335217,0.9970759153366089,2.9378033339355625e-09,,,
/kaggle/input/datasets/tawsifurrahman/covid19-radiography-database/COVID-19_Radiography_Dataset/Normal/images/Normal-1510.png,Normal,Viral Pneumonia,0.003336109919473529,0.04060100018978119,0.41312143206596375,0.5429414510726929,,,
/kaggle/input/datasets/tawsifurrahman/covid19-radiography-database/COVID-19_Radiography_Dataset/Normal/images/Normal-1511.png,Normal,Normal,2.9499853553716093e-05,0.00015315471682697535,0.9998173117637634,2.352185468623702e-08,,,
/kaggle/input/datasets/tawsifurrahman/covid19-radiography-database/COVID-19_Radiography_Dataset/Normal/images/Normal-1516.png,Normal,Normal,0.016591472551226616,0.0013935104943811893,0.9820134043693542,1.5485302355955355e-06,,,
/kaggle/input/datasets/tawsifurrahman/covid19-radiography-database/COVID-19_Radiography_Dataset/Normal/images/Normal-1517.png,Normal,Normal,0.0010071437573060393,0.0006477059796452522,0.9983450174331665,1.1426823931515173e-07,,,
/kaggle/input/datasets/tawsifurrahman/covid19-radiography-database/COVID-19_Radiography_Dataset/Normal/images/Normal-1519.png,Normal,Normal,0.0002804489922709763,0.006070786155760288,0.9933564066886902,0.000292422017082572,,,
/kaggle/input/datasets/tawsifurrahman/covid19-radiography-database/COVID-19_Radiography_Dataset/Normal/images/Normal-1535.png,Normal,Normal,0.00021383361308835447,0.18257297575473785,0.8172092437744141,3.935782387998188e-06,,,
/kaggle/input/datasets/tawsifurrahman/covid19-radiography-database/COVID-19_Radiography_Dataset/Normal/images/Normal-1543.png,Normal,Normal,0.00024197547463700175,0.08113417774438858,0.9186229109764099,9.00298459782789e-07,,,
/kaggle/input/datasets/tawsifurrahman/covid19-radiography-database/COVID-19_Radiography_Dataset/Normal/images/Normal-1544.png,Normal,Normal,0.0001759176520863548,0.0021796361543238163,0.9976442456245422,1.7534171092847828e-07,,0.43825724720954895,0.43825724720954895
/kaggle/input/datasets/tawsifurrahman/covid19-radiography-database/COVID-19_Radiography_Dataset/Normal/images/Normal-1547.png,Normal,Normal,3.860247670672834e-05,0.05745615437626839,0.9425046443939209,4.984971155863605e-07,,,
/kaggle/input/datasets/tawsifurrahman/covid19-radiography-database/COVID-19_Radiography_Dataset/Normal/images/Normal-1561.png,Normal,Normal,1.8780447135213763e-05,3.066299177589826e-05,0.9999494552612305,1.0738012861111201e-06,,0.45283591747283936,0.45283591747283936
/kaggle/input/datasets/tawsifurrahman/covid19-radiography-database/COVID-19_Radiography_Dataset/Normal/images/Normal-1562.png,Normal,Normal,0.0022789009381085634,0.002145160222426057,0.9955759048461914,3.233457235296555e-08,,0.4614326059818268,0.4614326059818268
/kaggle/input/datasets/tawsifurrahman/covid19-radiography-database/COVID-19_Radiography_Dataset/Normal/images/Normal-1568.png,Normal,Normal,1.5169410289672669e-05,0.0025963105726987123,0.9973884224891663,2.726219960891285e-08,,0.3055911362171173,0.3055911362171173
/kaggle/input/datasets/tawsifurrahman/covid19-radiography-database/COVID-19_Radiography_Dataset/Normal/images/Normal-1575.png,Normal,Normal,1.0730039321060758e-05,2.8691012630588375e-05,0.9999594688415527,1.0954150866382406e-06,,,
/kaggle/input/datasets/tawsifurrahman/covid19-radiography-database/COVID-19_Radiography_Dataset/Normal/images/Normal-1580.png,Normal,Normal,6.2677563619217835e-06,0.0012812309432774782,0.998712420463562,1.721522924214014e-09,,0.2836509048938751,0.2836509048938751
/kaggle/input/datasets/tawsifurrahman/covid19-radiography-database/COVID-19_Radiography_Dataset/Normal/images/Normal-1581.png,Normal,Normal,0.0003134689468424767,0.36859601736068726,0.6309933662414551,9.719635272631422e-05,,,
/kaggle/input/datasets/tawsifurrahman/covid19-radiography-database/COVID-19_Radiography_Dataset/Normal/images/Normal-1586.png,Normal,Normal,0.00014771266432944685,0.008355306461453438,0.9914965629577637,4.3607181510196824e-07,,,
/kaggle/input/datasets/tawsifurrahman/covid19-radiography-database/COVID-19_Radiography_Dataset/Normal/images/Normal-159.png,Normal,Normal,5.855010749655776e-05,3.812614158960059e-05,0.994695246219635,0.005208110902458429,,,
/kaggle/input/datasets/tawsifurrahman/covid19-radiography-database/COVID-19_Radiography_Dataset/Normal/images/Normal-1603.png,Normal,Normal,0.10584171116352081,0.10757336765527725,0.7854592800140381,0.001125627662986517,,0.29137641191482544,0.29137641191482544
/kaggle/input/datasets/tawsifurrahman/covid19-radiography-database/COVID-19_Radiography_Dataset/Normal/images/Normal-1604.png,Normal,Normal,3.0310358852148056e-05,0.11393886059522629,0.8860304951667786,3.1758921181790356e-07,,,
/kaggle/input/datasets/tawsifurrahman/covid19-radiography-database/COVID-19_Radiography_Dataset/Normal/images/Normal-161.png,Normal,Normal,0.07050631940364838,0.007797333411872387,0.9150350689888,0.006661320570856333,,,
/kaggle/input/datasets/tawsifurrahman/covid19-radiography-database/COVID-19_Radiography_Dataset/Normal/images/Normal-1618.png,Normal,Normal,0.0003518480225466192,0.0016456819139420986,0.9980010390281677,1.445719590265071e-06,,,
/kaggle/input/datasets/tawsifurrahman/covid19-radiography-database/COVID-19_Radiography_Dataset/Normal/images/Normal-1625.png,Normal,Normal,0.005637933034449816,0.2949962615966797,0.6991289854049683,0.0002368094865232706,,,
/kaggle/input/datasets/tawsifurrahman/covid19-radiography-database/COVID-19_Radiography_Dataset/Normal/images/Normal-1632.png,Normal,Normal,0.004210091196000576,0.0048676286824047565,0.9909197092056274,2.5777660539461067e-06,,0.4394252598285675,0.4394252598285675
/kaggle/input/datasets/tawsifurrahman/covid19-radiography-database/COVID-19_Radiography_Dataset/Normal/images/Normal-1642.png,Normal,Lung_Opacity,7.159520976074418e-08,0.8452306389808655,0.1547676920890808,1.5862784721321077e-06,,,
/kaggle/input/datasets/tawsifurrahman/covid19-radiography-database/COVID-19_Radiography_Dataset/Normal/images/Normal-1643.png,Normal,Normal,4.941563747706823e-05,0.005257092881947756,0.9946921467781067,1.3189056744522532e-06,,0.4326271116733551,0.4326271116733551
/kaggle/input/datasets/tawsifurrahman/covid19-radiography-database/COVID-19_Radiography_Dataset/Normal/images/Normal-1655.png,Normal,Normal,0.011100206524133682,8.758156764088199e-05,0.9888119697570801,2.895623936183256e-07,,,
/kaggle/input/datasets/tawsifurrahman/covid19-radiography-database/COVID-19_Radiography_Dataset/Normal/images/Normal-167.png,Normal,Normal,9.537002915749326e-05,2.7440557914815145e-06,0.9996715784072876,0.00023039667576085776,,,
/kaggle/input/datasets/tawsifurrahman/covid19-radiography-database/COVID-19_Radiography_Dataset/Normal/images/Normal-1675.png,Normal,Normal,2.198123183916323e-05,0.0374927744269371,0.9624807834625244,4.4217013055458665e-06,,,
/kaggle/input/datasets/tawsifurrahman/covid19-radiography-database/COVID-19_Radiography_Dataset/Normal/images/Normal-1679.png,Normal,Normal,0.0003183400258421898,0.00016536476323381066,0.9995162487030029,8.030617060228451e-09,,,
/kaggle/input/datasets/tawsifurrahman/covid19-radiography-database/COVID-19_Radiography_Dataset/Normal/images/Normal-168.png,Normal,Normal,0.006127132568508387,0.0010651604970917106,0.9855114221572876,0.007296220865100622,,0.1416025459766388,0.1416025459766388
/kaggle/input/datasets/tawsifurrahman/covid19-radiography-database/COVID-19_Radiography_Dataset/Normal/images/Normal-1681.png,Normal,Normal,0.0004975298652425408,0.006117017474025488,0.993385374546051,1.1733554572401772e-07,,,
/kaggle/input/datasets/tawsifurrahman/covid19-radiography-database/COVID-19_Radiography_Dataset/Normal/images/Normal-1682.png,Normal,Normal,0.002488665981218219,0.0025910825934261084,0.9949197173118591,5.24437268722977e-07,,,
/kaggle/input/datasets/tawsifurrahman/covid19-radiography-database/COVID-19_Radiography_Dataset/Normal/images/Normal-1688.png,Normal,Normal,0.0008229727391153574,0.11610924452543259,0.8827832341194153,0.00028460222529247403,,,
/kaggle/input/datasets/tawsifurrahman/covid19-radiography-database/COVID-19_Radiography_Dataset/Normal/images/Normal-1702.png,Normal,Normal,0.14987626671791077,0.0006782457930967212,0.8494223356246948,2.316999416507315e-05,,,
/kaggle/input/datasets/tawsifurrahman/covid19-radiography-database/COVID-19_Radiography_Dataset/Normal/images/Normal-1703.png,Normal,Normal,0.006068442482501268,0.0028965864330530167,0.9909915924072266,4.329775765654631e-05,,,
/kaggle/input/datasets/tawsifurrahman/covid19-radiography-database/COVID-19_Radiography_Dataset/Normal/images/Normal-1712.png,Normal,Normal,0.0003163905057590455,0.0007977744098752737,0.9988852143287659,6.006622470522416e-07,,,
/kaggle/input/datasets/tawsifurrahman/covid19-radiography-database/COVID-19_Radiography_Dataset/Normal/images/Normal-1716.png,Normal,Normal,0.0015232224250212312,0.0061945365741848946,0.9922385811805725,4.367716974229552e-05,,,
/kaggle/input/datasets/tawsifurrahman/covid19-radiography-database/COVID-19_Radiography_Dataset/Normal/images/Normal-1750.png,Normal,Normal,0.006398026831448078,0.29784491658210754,0.69508296251297,0.0006740862736478448,,0.3696061074733734,0.3696061074733734
/kaggle/input/datasets/tawsifurrahman/covid19-radiography-database/COVID-19_Radiography_Dataset/Normal/images/Normal-1758.png,Normal,Lung_Opacity,0.00045630839304067194,0.589089572429657,0.41045403480529785,4.5595186293212464e-08,,0.3235224187374115,0.3235224187374115
/kaggle/input/datasets/tawsifurrahman/covid19-radiography-database/COVID-19_Radiography_Dataset/Normal/images/Normal-1774.png,Normal,Normal,0.00023386016255244613,0.004728719126433134,0.9950372576713562,4.5019550753977455e-08,,,
/kaggle/input/datasets/tawsifurrahman/covid19-radiography-database/COVID-19_Radiography_Dataset/Normal/images/Normal-1775.png,Normal,Normal,0.001487861154600978,0.00468491530045867,0.9937276840209961,9.954567212844267e-05,,0.42685505747795105,0.42685505747795105
/kaggle/input/datasets/tawsifurrahman/covid19-radiography-database/COVID-19_Radiography_Dataset/Normal/images/Normal-1792.png,Normal,Normal,1.182197047455702e-05,0.0019569231662899256,0.9980313181877136,2.3652125591411277e-08,,0.22696711122989655,0.22696711122989655
/kaggle/input/datasets/tawsifurrahman/covid19-radiography-database/COVID-19_Radiography_Dataset/Normal/images/Normal-1804.png,Normal,Normal,0.0011072716442868114,0.000173479100340046,0.9987190961837769,2.3152017547545256e-07,,,
/kaggle/input/datasets/tawsifurrahman/covid19-radiography-database/COVID-19_Radiography_Dataset/Normal/images/Normal-1809.png,Normal,Lung_Opacity,0.0001639044494368136,0.5638710260391235,0.4359227418899536,4.232701758155599e-05,,0.3188890218734741,0.3188890218734741
/kaggle/input/datasets/tawsifurrahman/covid19-radiography-database/COVID-19_Radiography_Dataset/Normal/images/Normal-1810.png,Normal,Normal,0.025375956669449806,0.002463561249896884,0.9721280932426453,3.238367571611889e-05,,,
/kaggle/input/datasets/tawsifurrahman/covid19-radiography-database/COVID-19_Radiography_Dataset/Normal/images/Normal-1815.png,Normal,Normal,3.3323021852993406e-06,0.00040966461529023945,0.9995868802070618,7.891398468018451e-08,,,
/kaggle/input/datasets/tawsifurrahman/covid19-radiography-database/COVID-19_Radiography_Dataset/Normal/images/Normal-1819.png,Normal,Normal,0.00127338245511055,0.011322932317852974,0.987403154373169,5.672082465935091e-07,,,
/kaggle/input/datasets/tawsifurrahman/covid19-radiography-database/COVID-19_Radiography_Dataset/Normal/images/Normal-1823.png,Normal,Lung_Opacity,1.9152843378833495e-05,0.9917994737625122,0.008181154727935791,2.737658348905825e-07,,,
/kaggle/input/datasets/tawsifurrahman/covid19-radiography-database/COVID-19_Radiography_Dataset/Normal/images/Normal-1829.png,Normal,Normal,0.00023821080685593188,0.0044110482558608055,0.9953504800796509,1.510557723349848e-07,,0.3338121473789215,0.3338121473789215
/kaggle/input/datasets/tawsifurrahman/covid19-radiography-database/COVID-19_Radiography_Dataset/Normal/images/Normal-1849.png,Normal,Normal,3.685288174892776e-05,0.0809551253914833,0.9190033078193665,4.705531409854302e-06,,0.38936376571655273,0.38936376571655273
/kaggle/input/datasets/tawsifurrahman/covid19-radiography-database/COVID-19_Radiography_Dataset/Normal/images/Normal-1852.png,Normal,Normal,2.0755157947860425e-06,0.0006923654582351446,0.9993056058883667,1.7056697387829445e-08,,0.36374470591545105,0.36374470591545105
/kaggle/input/datasets/tawsifurrahman/covid19-radiography-database/COVID-19_Radiography_Dataset/Normal/images/Normal-1853.png,Normal,Normal,0.02286134846508503,0.2639862596988678,0.7130441665649414,0.00010826311336131766,,,
/kaggle/input/datasets/tawsifurrahman/covid19-radiography-database/COVID-19_Radiography_Dataset/Normal/images/Normal-1856.png,Normal,Normal,0.00182112748734653,0.02005426213145256,0.9766651391983032,0.0014594816602766514,,,
/kaggle/input/datasets/tawsifurrahman/covid19-radiography-database/COVID-19_Radiography_Dataset/Normal/images/Normal-1857.png,Normal,Normal,6.55011972412467e-05,0.005785325076431036,0.9941470623016357,2.036277010120102e-06,,0.33883801102638245,0.33883801102638245
/kaggle/input/datasets/tawsifurrahman/covid19-radiography-database/COVID-19_Radiography_Dataset/Normal/images/Normal-1869.png,Normal,Normal,7.214647666842211e-06,0.05840182676911354,0.9415910243988037,6.3034328867672684e-09,,,
/kaggle/input/datasets/tawsifurrahman/covid19-radiography-database/COVID-19_Radiography_Dataset/Normal/images/Normal-187.png,Normal,Normal,0.0007160640670917928,0.001637093722820282,0.755396842956543,0.24224993586540222,,,
/kaggle/input/datasets/tawsifurrahman/covid19-radiography-database/COVID-19_Radiography_Dataset/Normal/images/Normal-1889.png,Normal,Normal,0.22435903549194336,0.055978767573833466,0.7196377515792847,2.44419788941741e-05,,,
/kaggle/input/datasets/tawsifurrahman/covid19-radiography-database/COVID-19_Radiography_Dataset/Normal/images/Normal-1891.png,Normal,Normal,2.1789576294395374e-06,0.17814777791500092,0.8218413591384888,8.683515261509456e-06,,,
/kaggle/input/datasets/tawsifurrahman/covid19-radiography-database/COVID-19_Radiography_Dataset/Normal/images/Normal-1893.png,Normal,Normal,6.933561053301673e-06,0.0006326583097688854,0.9993603825569153,3.737043563489806e-09,,0.48944738507270813,0.48944738507270813
/kaggle/input/datasets/tawsifurrahman/covid19-radiography-database/COVID-19_Radiography_Dataset/Normal/images/Normal-1895.png,Normal,Normal,0.0033751889131963253,0.00023259523732122034,0.9963827133178711,9.517505532130599e-06,,,
/kaggle/input/datasets/tawsifurrahman/covid19-radiography-database/COVID-19_Radiography_Dataset/Normal/images/Normal-19.png,Normal,Normal,1.2264275710549555e-06,0.0008231012034229934,0.9991757273674011,1.313585490381186e-10,,,
/kaggle/input/datasets/tawsifurrahman/covid19-radiography-database/COVID-19_Radiography_Dataset/Normal/images/Normal-1903.png,Normal,Normal,0.00020342519565019757,0.10830768197774887,0.8485032916069031,0.04298559948801994,,,
/kaggle/input/datasets/tawsifurrahman/covid19-radiography-database/COVID-19_Radiography_Dataset/Normal/images/Normal-1909.png,Normal,Normal,0.05387381091713905,0.024608192965388298,0.9215176105499268,3.965608925682318e-07,,0.3101904094219208,0.3101904094219208
/kaggle/input/datasets/tawsifurrahman/covid19-radiography-database/COVID-19_Radiography_Dataset/Normal/images/Normal-1916.png,Normal,Normal,0.18612876534461975,0.351500004529953,0.46219590306282043,0.000175296634552069,,,
/kaggle/input/datasets/tawsifurrahman/covid19-radiography-database/COVID-19_Radiography_Dataset/Normal/images/Normal-1926.png,Normal,Normal,0.01372691709548235,0.0006516246940009296,0.9856206178665161,7.907463555056893e-07,,,
/kaggle/input/datasets/tawsifurrahman/covid19-radiography-database/COVID-19_Radiography_Dataset/Normal/images/Normal-1934.png,Normal,Normal,0.0006313376943580806,0.0063691590912640095,0.9929993152618408,2.0082724461190082e-07,,,
/kaggle/input/datasets/tawsifurrahman/covid19-radiography-database/COVID-19_Radiography_Dataset/Normal/images/Normal-1936.png,Normal,Normal,0.0005515959928743541,0.24257892370224,0.7565799951553345,0.0002894613426178694,,,
/kaggle/input/datasets/tawsifurrahman/covid19-radiography-database/COVID-19_Radiography_Dataset/Normal/images/Normal-1939.png,Normal,Normal,1.120712113333866e-06,0.005894738249480724,0.9941042065620422,1.0107448211726933e-09,,,
/kaggle/input/datasets/tawsifurrahman/covid19-radiography-database/COVID-19_Radiography_Dataset/Normal/images/Normal-195.png,Normal,Normal,0.00125477509573102,0.001035668421536684,0.9958397150039673,0.001869823201559484,,,
/kaggle/input/datasets/tawsifurrahman/covid19-radiography-database/COVID-19_Radiography_Dataset/Normal/images/Normal-1952.png,Normal,Normal,0.0031021975446492434,0.059156306087970734,0.9376446604728699,9.677103662397712e-05,,,
/kaggle/input/datasets/tawsifurrahman/covid19-radiography-database/COVID-19_Radiography_Dataset/Normal/images/Normal-1957.png,Normal,Normal,0.001265284838154912,0.011228393763303757,0.9874995350837708,6.8930385168641806e-06,,0.4158318340778351,0.4158318340778351
/kaggle/input/datasets/tawsifurrahman/covid19-radiography-database/COVID-19_Radiography_Dataset/Normal/images/Normal-1964.png,Normal,Normal,0.003546925727277994,0.08406852185726166,0.908679187297821,0.0037053904961794615,,,
/kaggle/input/datasets/tawsifurrahman/covid19-radiography-database/COVID-19_Radiography_Dataset/Normal/images/Normal-1984.png,Normal,Normal,0.005635500885546207,0.004427917767316103,0.9899341464042664,2.379813167863176e-06,,0.31098926067352295,0.31098926067352295
/kaggle/input/datasets/tawsifurrahman/covid19-radiography-database/COVID-19_Radiography_Dataset/Normal/images/Normal-1989.png,Normal,Normal,0.0030009010806679726,0.00038014253368601203,0.9955633878707886,0.001055529690347612,,0.16788090765476227,0.16788090765476227
/kaggle/input/datasets/tawsifurrahman/covid19-radiography-database/COVID-19_Radiography_Dataset/Normal/images/Normal-1991.png,Normal,Normal,1.682244510448072e-05,0.17527009546756744,0.8247127532958984,3.4510500768192287e-07,,,
/kaggle/input/datasets/tawsifurrahman/covid19-radiography-database/COVID-19_Radiography_Dataset/Normal/images/Normal-1992.png,Normal,Normal,0.00023051809694152325,0.01356547698378563,0.9862039089202881,6.916113193256024e-08,,0.18404102325439453,0.18404102325439453
/kaggle/input/datasets/tawsifurrahman/covid19-radiography-database/COVID-19_Radiography_Dataset/Normal/images/Normal-1994.png,Normal,Normal,0.016932228580117226,0.20459522306919098,0.7178450226783752,0.060627441853284836,,,
/kaggle/input/datasets/tawsifurrahman/covid19-radiography-database/COVID-19_Radiography_Dataset/Normal/images/Normal-2001.png,Normal,Normal,0.26300838589668274,0.3550817668437958,0.3818577229976654,5.214465636527166e-05,,0.11854512244462967,0.11854512244462967
/kaggle/input/datasets/tawsifurrahman/covid19-radiography-database/COVID-19_Radiography_Dataset/Normal/images/Normal-2009.png,Normal,Normal,2.668146862561116e-06,0.002404350321739912,0.9975929856300354,7.734549806182045e-11,,,
/kaggle/input/datasets/tawsifurrahman/covid19-radiography-database/COVID-19_Radiography_Dataset/Normal/images/Normal-2025.png,Normal,Normal,0.11199826002120972,0.0020172004587948322,0.8859750032424927,9.62112517299829e-06,,,
/kaggle/input/datasets/tawsifurrahman/covid19-radiography-database/COVID-19_Radiography_Dataset/Normal/images/Normal-2030.png,Normal,Normal,0.00020697414583992213,0.03132043406367302,0.9684720039367676,5.157095870345074e-07,,,
/kaggle/input/datasets/tawsifurrahman/covid19-radiography-database/COVID-19_Radiography_Dataset/Normal/images/Normal-2034.png,Normal,Normal,0.007014147005975246,0.009616201743483543,0.9809325933456421,0.0024369789753109217,,,
/kaggle/input/datasets/tawsifurrahman/covid19-radiography-database/COVID-19_Radiography_Dataset/Normal/images/Normal-2038.png,Normal,Lung_Opacity,0.007065161596983671,0.7379785180091858,0.23305267095565796,0.021903663873672485,,,
/kaggle/input/datasets/tawsifurrahman/covid19-radiography-database/COVID-19_Radiography_Dataset/Normal/images/Normal-2040.png,Normal,Normal,0.00021723764075431973,0.00011826491390820593,0.9996644258499146,1.2352778355761984e-08,,,
/kaggle/input/datasets/tawsifurrahman/covid19-radiography-database/COVID-19_Radiography_Dataset/Normal/images/Normal-2048.png,Normal,Normal,0.001202704501338303,0.0014324230141937733,0.9973648190498352,4.268978059940309e-09,,0.3338381052017212,0.3338381052017212
/kaggle/input/datasets/tawsifurrahman/covid19-radiography-database/COVID-19_Radiography_Dataset/Normal/images/Normal-2049.png,Normal,Normal,0.001150693278759718,0.0010876066517084837,0.9977613687515259,3.698003183671972e-07,,,
/kaggle/input/datasets/tawsifurrahman/covid19-radiography-database/COVID-19_Radiography_Dataset/Normal/images/Normal-2057.png,Normal,Normal,0.0246127862483263,0.0005721148918382823,0.9748058319091797,9.21929495234508e-06,,0.36375340819358826,0.36375340819358826
/kaggle/input/datasets/tawsifurrahman/covid19-radiography-database/COVID-19_Radiography_Dataset/Normal/images/Normal-2061.png,Normal,Normal,0.0028537989128381014,0.09253674745559692,0.904450535774231,0.00015896519471425563,,0.11530330777168274,0.11530330777168274
/kaggle/input/datasets/tawsifurrahman/covid19-radiography-database/COVID-19_Radiography_Dataset/Normal/images/Normal-2073.png,Normal,Normal,0.0011107802856713533,0.000156872280058451,0.9987322688102722,1.2108215763362296e-08,,0.3670639395713806,0.3670639395713806
/kaggle/input/datasets/tawsifurrahman/covid19-radiography-database/COVID-19_Radiography_Dataset/Normal/images/Normal-2074.png,Normal,Normal,9.721827518660575e-05,0.00019525906827766448,0.9997074007987976,3.812824544979776e-08,,,
/kaggle/input/datasets/tawsifurrahman/covid19-radiography-database/COVID-19_Radiography_Dataset/Normal/images/Normal-2078.png,Normal,Normal,0.0006685131811536849,0.012730163522064686,0.9865989685058594,2.420900955257821e-06,,0.3091273307800293,0.3091273307800293
/kaggle/input/datasets/tawsifurrahman/covid19-radiography-database/COVID-19_Radiography_Dataset/Normal/images/Normal-2088.png,Normal,Normal,2.1089599044898932e-07,0.02030823566019535,0.9796915650367737,4.1339992540301296e-10,,,
/kaggle/input/datasets/tawsifurrahman/covid19-radiography-database/COVID-19_Radiography_Dataset/Normal/images/Normal-2089.png,Normal,Normal,0.0011309634428471327,0.0004343089822214097,0.9984340071678162,6.686879601147666e-07,,,
/kaggle/input/datasets/tawsifurrahman/covid19-radiography-database/COVID-19_Radiography_Dataset/Normal/images/Normal-2092.png,Normal,Normal,0.00015917055134195834,0.00025696505326777697,0.999583899974823,3.7224384685785594e-10,,,
/kaggle/input/datasets/tawsifurrahman/covid19-radiography-database/COVID-19_Radiography_Dataset/Normal/images/Normal-2094.png,Normal,Normal,0.00026185280876234174,0.0002667076769284904,0.9994712471961975,2.3526555992248177e-07,,,
/kaggle/input/datasets/tawsifurrahman/covid19-radiography-database/COVID-19_Radiography_Dataset/Normal/images/Normal-2102.png,Normal,Normal,1.0253020263917278e-06,0.0005783078959211707,0.9994205236434937,6.110629868771866e-08,,0.33520373702049255,0.33520373702049255
/kaggle/input/datasets/tawsifurrahman/covid19-radiography-database/COVID-19_Radiography_Dataset/Normal/images/Normal-2103.png,Normal,Normal,0.05554966628551483,0.44091176986694336,0.4907146394252777,0.012823814526200294,,0.28595244884490967,0.28595244884490967
/kaggle/input/datasets/tawsifurrahman/covid19-radiography-database/COVID-19_Radiography_Dataset/Normal/images/Normal-2108.png,Normal,Normal,0.002584712579846382,0.0011220211163163185,0.9962926506996155,5.436678520709393e-07,,,
/kaggle/input/datasets/tawsifurrahman/covid19-radiography-database/COVID-19_Radiography_Dataset/Normal/images/Normal-2120.png,Normal,Normal,3.2947343697742326e-06,0.0019713384099304676,0.9980136156082153,1.1733388419088442e-05,,0.31415629386901855,0.31415629386901855
/kaggle/input/datasets/tawsifurrahman/covid19-radiography-database/COVID-19_Radiography_Dataset/Normal/images/Normal-2126.png,Normal,Normal,0.21411637961864471,0.04972417280077934,0.7361311912536621,2.8309341359999962e-05,,,
/kaggle/input/datasets/tawsifurrahman/covid19-radiography-database/COVID-19_Radiography_Dataset/Normal/images/Normal-2141.png,Normal,Normal,0.0012986168731004,0.0010158084332942963,0.997685432434082,1.246579302005557e-07,,,
/kaggle/input/datasets/tawsifurrahman/covid19-radiography-database/COVID-19_Radiography_Dataset/Normal/images/Normal-2149.png,Normal,Normal,0.00644935155287385,0.004761364310979843,0.9881238341331482,0.0006654831231571734,,,
/kaggle/input/datasets/tawsifurrahman/covid19-radiography-database/COVID-19_Radiography_Dataset/Normal/images/Normal-215.png,Normal,Normal,6.491004569397774e-06,0.00010759138967841864,0.9945740103721619,0.005311924498528242,,,
/kaggle/input/datasets/tawsifurrahman/covid19-radiography-database/COVID-19_Radiography_Dataset/Normal/images/Normal-2150.png,Normal,Normal,0.004597988445311785,0.05185963585972786,0.9434307813644409,0.000111662047856953,,0.31457921862602234,0.31457921862602234
/kaggle/input/datasets/tawsifurrahman/covid19-radiography-database/COVID-19_Radiography_Dataset/Normal/images/Normal-2154.png,Normal,Normal,0.0008912775665521622,0.018395522609353065,0.9807131290435791,1.1011529466031789e-08,,,
/kaggle/input/datasets/tawsifurrahman/covid19-radiography-database/COVID-19_Radiography_Dataset/Normal/images/Normal-2157.png,Normal,Normal,0.00020930606115143746,0.0018102488247677684,0.9979793429374695,1.1916587254745536e-06,,,
/kaggle/input/datasets/tawsifurrahman/covid19-radiography-database/COVID-19_Radiography_Dataset/Normal/images/Normal-2163.png,Normal,Normal,0.00020741092157550156,0.018862362951040268,0.9809300899505615,6.794019213884894e-08,,0.3143264949321747,0.3143264949321747
/kaggle/input/datasets/tawsifurrahman/covid19-radiography-database/COVID-19_Radiography_Dataset/Normal/images/Normal-2174.png,Normal,Normal,0.0005377820343710482,0.0020169797353446484,0.9974315762519836,1.3703614968108013e-05,,,
/kaggle/input/datasets/tawsifurrahman/covid19-radiography-database/COVID-19_Radiography_Dataset/Normal/images/Normal-2189.png,Normal,Normal,6.854510502307676e-06,0.0732775330543518,0.9267155528068542,3.314587937452984e-09,,,
/kaggle/input/datasets/tawsifurrahman/covid19-radiography-database/COVID-19_Radiography_Dataset/Normal/images/Normal-2209.png,Normal,Normal,6.89032958689495e-06,0.06023396924138069,0.9397585391998291,4.914019768875733e-07,,,
/kaggle/input/datasets/tawsifurrahman/covid19-radiography-database/COVID-19_Radiography_Dataset/Normal/images/Normal-2210.png,Normal,Normal,0.027851272374391556,0.015663115307688713,0.9562091827392578,0.0002764303353615105,,0.3104152977466583,0.3104152977466583
/kaggle/input/datasets/tawsifurrahman/covid19-radiography-database/COVID-19_Radiography_Dataset/Normal/images/Normal-2225.png,Normal,Normal,0.002363481093198061,0.1523928940296173,0.8451912999153137,5.228607915341854e-05,,,
/kaggle/input/datasets/tawsifurrahman/covid19-radiography-database/COVID-19_Radiography_Dataset/Normal/images/Normal-2228.png,Normal,Normal,4.328018258092925e-05,0.00577281229197979,0.9941838383674622,1.4007601123466884e-07,,,
/kaggle/input/datasets/tawsifurrahman/covid19-radiography-database/COVID-19_Radiography_Dataset/Normal/images/Normal-2231.png,Normal,Normal,0.004210722632706165,0.0008251722319982946,0.9949406385421753,2.3457980205421336e-05,,,
/kaggle/input/datasets/tawsifurrahman/covid19-radiography-database/COVID-19_Radiography_Dataset/Normal/images/Normal-2240.png,Normal,Normal,8.885012903192546e-06,0.0030392480548471212,0.9969518184661865,3.4398716763917037e-08,,,
/kaggle/input/datasets/tawsifurrahman/covid19-radiography-database/COVID-19_Radiography_Dataset/Normal/images/Normal-2254.png,Normal,Normal,0.00036984155303798616,0.0020490428432822227,0.9975810050964355,8.362971470887715e-08,,,
/kaggle/input/datasets/tawsifurrahman/covid19-radiography-database/COVID-19_Radiography_Dataset/Normal/images/Normal-2268.png,Normal,Normal,6.104125350248069e-05,0.01420059334486723,0.9822773337364197,0.0034610603470355272,,0.3790713846683502,0.3790713846683502
/kaggle/input/datasets/tawsifurrahman/covid19-radiography-database/COVID-19_Radiography_Dataset/Normal/images/Normal-227.png,Normal,Normal,0.00016948023403529078,0.0002514422230888158,0.9995341300964355,4.505196920945309e-05,,0.24894554913043976,0.24894554913043976
/kaggle/input/datasets/tawsifurrahman/covid19-radiography-database/COVID-19_Radiography_Dataset/Normal/images/Normal-2273.png,Normal,Normal,1.2941160321133793e-06,0.04551246389746666,0.9544863104820251,2.4739961190789472e-09,,0.3747919797897339,0.3747919797897339
/kaggle/input/datasets/tawsifurrahman/covid19-radiography-database/COVID-19_Radiography_Dataset/Normal/images/Normal-2277.png,Normal,Normal,6.828308414696949e-06,0.005245974753051996,0.9947471022605896,2.305041713057676e-09,,0.2998475432395935,0.2998475432395935
/kaggle/input/datasets/tawsifurrahman/covid19-radiography-database/COVID-19_Radiography_Dataset/Normal/images/Normal-2278.png,Normal,Normal,0.0010389102390035987,0.007744359318166971,0.9910690784454346,0.0001476387114962563,,,
/kaggle/input/datasets/tawsifurrahman/covid19-radiography-database/COVID-19_Radiography_Dataset/Normal/images/Normal-2281.png,Normal,Normal,2.2437474456182827e-07,0.0022634018678218126,0.9977363348007202,2.0465880101738776e-09,,,
/kaggle/input/datasets/tawsifurrahman/covid19-radiography-database/COVID-19_Radiography_Dataset/Normal/images/Normal-2283.png,Normal,Normal,0.00027853689971379936,0.002963699633255601,0.9967578053474426,8.511152893575513e-11,,,
/kaggle/input/datasets/tawsifurrahman/covid19-radiography-database/COVID-19_Radiography_Dataset/Normal/images/Normal-2293.png,Normal,Normal,0.005509437993168831,0.2852977216243744,0.7091882824897766,4.6286440920084715e-06,,0.275025874376297,0.275025874376297
/kaggle/input/datasets/tawsifurrahman/covid19-radiography-database/COVID-19_Radiography_Dataset/Normal/images/Normal-2297.png,Normal,Normal,0.051164064556360245,0.00888946745544672,0.9399416446685791,4.822246864932822e-06,,,
/kaggle/input/datasets/tawsifurrahman/covid19-radiography-database/COVID-19_Radiography_Dataset/Normal/images/Normal-2302.png,Normal,Normal,0.002681260695680976,0.002236395375803113,0.9950360655784607,4.630101830116473e-05,,,
/kaggle/input/datasets/tawsifurrahman/covid19-radiography-database/COVID-19_Radiography_Dataset/Normal/images/Normal-2306.png,Normal,Normal,2.1490899598575197e-05,0.005804663524031639,0.9941738247871399,1.1702687174874882e-07,,0.3597085773944855,0.3597085773944855
/kaggle/input/datasets/tawsifurrahman/covid19-radiography-database/COVID-19_Radiography_Dataset/Normal/images/Normal-2307.png,Normal,Normal,2.953662260551937e-05,0.0029412691947072744,0.9970285296440125,6.063694968361233e-07,,,
/kaggle/input/datasets/tawsifurrahman/covid19-radiography-database/COVID-19_Radiography_Dataset/Normal/images/Normal-2311.png,Normal,Normal,0.006907847244292498,0.051885541528463364,0.9411579966545105,4.861623892793432e-05,,,
/kaggle/input/datasets/tawsifurrahman/covid19-radiography-database/COVID-19_Radiography_Dataset/Normal/images/Normal-2313.png,Normal,Normal,0.03300357982516289,0.012486456893384457,0.954502284526825,7.59933345761965e-06,,0.20735429227352142,0.20735429227352142
/kaggle/input/datasets/tawsifurrahman/covid19-radiography-database/COVID-19_Radiography_Dataset/Normal/images/Normal-2315.png,Normal,Normal,3.091075996053405e-06,0.01097083743661642,0.9890261292457581,5.827791582646569e-10,,,
/kaggle/input/datasets/tawsifurrahman/covid19-radiography-database/COVID-19_Radiography_Dataset/Normal/images/Normal-2321.png,Normal,Normal,0.000428629427915439,0.001622158451937139,0.9979491829872131,5.304233496872257e-09,,,
/kaggle/input/datasets/tawsifurrahman/covid19-radiography-database/COVID-19_Radiography_Dataset/Normal/images/Normal-2323.png,Normal,Normal,2.996251168951858e-06,0.00023867885465733707,0.9997583031654358,2.546609145781531e-09,,,
/kaggle/input/datasets/tawsifurrahman/covid19-radiography-database/COVID-19_Radiography_Dataset/Normal/images/Normal-2327.png,Normal,Normal,0.02338467724621296,0.0006996950251050293,0.9759130477905273,2.5419722078368068e-06,,,
/kaggle/input/datasets/tawsifurrahman/covid19-radiography-database/COVID-19_Radiography_Dataset/Normal/images/Normal-2330.png,Normal,Normal,0.00018850404012482613,0.03897828608751297,0.9608235359191895,9.635096830606926e-06,,,
/kaggle/input/datasets/tawsifurrahman/covid19-radiography-database/COVID-19_Radiography_Dataset/Normal/images/Normal-2339.png,Normal,Normal,3.084093259531073e-05,0.0015886359615251422,0.9983805418014526,1.4469817566364895e-09,,0.3258070647716522,0.3258070647716522
/kaggle/input/datasets/tawsifurrahman/covid19-radiography-database/COVID-19_Radiography_Dataset/Normal/images/Normal-2342.png,Normal,Normal,0.04260284826159477,0.024585923179984093,0.9328036308288574,7.650122824998107e-06,,0.35224783420562744,0.35224783420562744
/kaggle/input/datasets/tawsifurrahman/covid19-radiography-database/COVID-19_Radiography_Dataset/Normal/images/Normal-2346.png,Normal,Normal,0.00015927798813208938,0.023768115788698196,0.9760724902153015,1.3548765309678856e-07,,,
/kaggle/input/datasets/tawsifurrahman/covid19-radiography-database/COVID-19_Radiography_Dataset/Normal/images/Normal-2356.png,Normal,Normal,2.9194683293098933e-07,6.492708780569956e-05,0.9999347925186157,1.791748083235234e-09,,,
/kaggle/input/datasets/tawsifurrahman/covid19-radiography-database/COVID-19_Radiography_Dataset/Normal/images/Normal-2369.png,Normal,Normal,4.148265816183994e-06,0.01973017491400242,0.9802656769752502,2.7084870457549926e-10,,,
/kaggle/input/datasets/tawsifurrahman/covid19-radiography-database/COVID-19_Radiography_Dataset/Normal/images/Normal-2371.png,Normal,Normal,0.002517508342862129,0.008212277665734291,0.989270031452179,2.772271159301454e-07,,,
/kaggle/input/datasets/tawsifurrahman/covid19-radiography-database/COVID-19_Radiography_Dataset/Normal/images/Normal-2374.png,Normal,Normal,0.0009749396122060716,0.005953769665211439,0.9930670261383057,4.294651716918452e-06,,,
/kaggle/input/datasets/tawsifurrahman/covid19-radiography-database/COVID-19_Radiography_Dataset/Normal/images/Normal-2380.png,Normal,COVID,0.5092243552207947,0.007051392924040556,0.48001790046691895,0.003706286894157529,,,
/kaggle/input/datasets/tawsifurrahman/covid19-radiography-database/COVID-19_Radiography_Dataset/Normal/images/Normal-2392.png,Normal,Lung_Opacity,0.0006342354463413358,0.9127017259597778,0.08666375279426575,1.6715843287329335e-07,,0.2580595314502716,0.2580595314502716
/kaggle/input/datasets/tawsifurrahman/covid19-radiography-database/COVID-19_Radiography_Dataset/Normal/images/Normal-24.png,Normal,Normal,1.469542354470832e-07,0.0031391733791679144,0.9968607425689697,3.914244484093388e-09,,0.4177856743335724,0.4177856743335724
/kaggle/input/datasets/tawsifurrahman/covid19-radiography-database/COVID-19_Radiography_Dataset/Normal/images/Normal-240.png,Normal,Normal,0.00016397105355281383,0.00030677238828502595,0.9958445429801941,0.003684800583869219,,,
/kaggle/input/datasets/tawsifurrahman/covid19-radiography-database/COVID-19_Radiography_Dataset/Normal/images/Normal-2404.png,Normal,Normal,0.1266796588897705,0.0071628461591899395,0.866134762763977,2.269974174851086e-05,,,
/kaggle/input/datasets/tawsifurrahman/covid19-radiography-database/COVID-19_Radiography_Dataset/Normal/images/Normal-2413.png,Normal,Normal,9.560815669829026e-05,0.003298042807728052,0.9966063499450684,5.93681237504029e-09,,,
/kaggle/input/datasets/tawsifurrahman/covid19-radiography-database/COVID-19_Radiography_Dataset/Normal/images/Normal-2426.png,Normal,Normal,0.051251523196697235,0.007621126715093851,0.9411258101463318,1.6230995925070602e-06,,0.24149715900421143,0.24149715900421143
/kaggle/input/datasets/tawsifurrahman/covid19-radiography-database/COVID-19_Radiography_Dataset/Normal/images/Normal-2429.png,Normal,Normal,0.0015134054701775312,0.029084675014019012,0.9694015979766846,3.980551923632447e-07,,,
/kaggle/input/datasets/tawsifurrahman/covid19-radiography-database/COVID-19_Radiography_Dataset/Normal/images/Normal-2431.png,Normal,Normal,0.0005514042568393052,0.003758486593142152,0.9956900477409363,5.274771730512384e-09,,,
/kaggle/input/datasets/tawsifurrahman/covid19-radiography-database/COVID-19_Radiography_Dataset/Normal/images/Normal-2433.png,Normal,Normal,0.004201801959425211,0.0006301809917204082,0.9951680898666382,3.130540449092223e-08,,,
/kaggle/input/datasets/tawsifurrahman/covid19-radiography-database/COVID-19_Radiography_Dataset/Normal/images/Normal-2439.png,Normal,Normal,0.0007043688674457371,0.02181612327694893,0.9774695038795471,9.986506483983248e-06,,0.3105223476886749,0.3105223476886749
/kaggle/input/datasets/tawsifurrahman/covid19-radiography-database/COVID-19_Radiography_Dataset/Normal/images/Normal-2445.png,Normal,Normal,0.001369745354168117,0.005409084726125002,0.993212103843689,8.979869562608656e-06,,,
/kaggle/input/datasets/tawsifurrahman/covid19-radiography-database/COVID-19_Radiography_Dataset/Normal/images/Normal-2453.png,Normal,Normal,1.424808033334557e-05,0.02281886152923107,0.9769836068153381,0.00018326705321669579,,0.3444346487522125,0.3444346487522125
/kaggle/input/datasets/tawsifurrahman/covid19-radiography-database/COVID-19_Radiography_Dataset/Normal/images/Normal-246.png,Normal,Normal,9.52336847603874e-07,0.00010366919741500169,0.9998658895492554,2.9415463359327987e-05,,,
/kaggle/input/datasets/tawsifurrahman/covid19-radiography-database/COVID-19_Radiography_Dataset/Normal/images/Normal-2482.png,Normal,Normal,0.4856517016887665,0.002080372301861644,0.5110514760017395,0.0012164273066446185,,0.3321429491043091,0.3321429491043091
/kaggle/input/datasets/tawsifurrahman/covid19-radiography-database/COVID-19_Radiography_Dataset/Normal/images/Normal-2487.png,Normal,Normal,0.00010242746793664992,0.008962728083133698,0.9909223914146423,1.2473400602175388e-05,,,
/kaggle/input/datasets/tawsifurrahman/covid19-radiography-database/COVID-19_Radiography_Dataset/Normal/images/Normal-2494.png,Normal,Normal,1.9535211322363466e-05,0.03130334988236427,0.9686771035194397,1.9310498089453176e-08,,0.3808287978172302,0.3808287978172302
/kaggle/input/datasets/tawsifurrahman/covid19-radiography-database/COVID-19_Radiography_Dataset/Normal/images/Normal-2496.png,Normal,Normal,0.00029878481291234493,0.05620323866605759,0.9434925317764282,5.416158273874316e-06,,,
/kaggle/input/datasets/tawsifurrahman/covid19-radiography-database/COVID-19_Radiography_Dataset/Normal/images/Normal-2498.png,Normal,Normal,0.4381142258644104,0.015984652563929558,0.5456680059432983,0.00023309167590923607,,,
/kaggle/input/datasets/tawsifurrahman/covid19-radiography-database/COVID-19_Radiography_Dataset/Normal/images/Normal-25.png,Normal,Normal,0.001031234278343618,0.007350686471909285,0.9915306568145752,8.73848402989097e-05,,,
/kaggle/input/datasets/tawsifurrahman/covid19-radiography-database/COVID-19_Radiography_Dataset/Normal/images/Normal-2506.png,Normal,Normal,6.832788494648412e-05,0.029849061742424965,0.9700807929039001,1.7560715832587448e-06,,0.33455556631088257,0.33455556631088257
/kaggle/input/datasets/tawsifurrahman/covid19-radiography-database/COVID-19_Radiography_Dataset/Normal/images/Normal-2515.png,Normal,Normal,0.003457816317677498,0.03300158679485321,0.9635405540466309,2.5996392594151985e-08,,,
/kaggle/input/datasets/tawsifurrahman/covid19-radiography-database/COVID-19_Radiography_Dataset/Normal/images/Normal-2519.png,Normal,Normal,0.0005440403474494815,0.0032861861400306225,0.9961697459220886,1.504266489149586e-09,,,
/kaggle/input/datasets/tawsifurrahman/covid19-radiography-database/COVID-19_Radiography_Dataset/Normal/images/Normal-252.png,Normal,Normal,0.0009363825665786862,3.0204133508959785e-05,0.999030590057373,2.7303419756208314e-06,,,
/kaggle/input/datasets/tawsifurrahman/covid19-radiography-database/COVID-19_Radiography_Dataset/Normal/images/Normal-2521.png,Normal,Normal,0.0008611598750576377,0.008074610494077206,0.9847800731658936,0.006284096743911505,,,
/kaggle/input/datasets/tawsifurrahman/covid19-radiography-database/COVID-19_Radiography_Dataset/Normal/images/Normal-2527.png,Normal,Normal,3.183384933436173e-06,0.0006329245516099036,0.9993638396263123,9.243677823178587e-09,,,
/kaggle/input/datasets/tawsifurrahman/covid19-radiography-database/COVID-19_Radiography_Dataset/Normal/images/Normal-2528.png,Normal,Normal,0.000761086936108768,0.030499594286084175,0.9684527516365051,0.00028659653617069125,,,
/kaggle/input/datasets/tawsifurrahman/covid19-radiography-database/COVID-19_Radiography_Dataset/Normal/images/Normal-253.png,Normal,Normal,0.05835402384400368,0.016059450805187225,0.9225804805755615,0.003006066894158721,,,
/kaggle/input/datasets/tawsifurrahman/covid19-radiography-database/COVID-19_Radiography_Dataset/Normal/images/Normal-2532.png,Normal,Normal,2.56026196439052e-05,0.0007227035239338875,0.999251663684845,1.130328955434301e-10,,,
/kaggle/input/datasets/tawsifurrahman/covid19-radiography-database/COVID-19_Radiography_Dataset/Normal/images/Normal-2535.png,Normal,Normal,0.0196429044008255,0.08151936531066895,0.8987875580787659,5.023502671974711e-05,,,
/kaggle/input/datasets/tawsifurrahman/covid19-radiography-database/COVID-19_Radiography_Dataset/Normal/images/Normal-2537.png,Normal,Normal,0.011420963332057,0.019224679097533226,0.9693016409873962,5.2716397476615384e-05,,,
/kaggle/input/datasets/tawsifurrahman/covid19-radiography-database/COVID-19_Radiography_Dataset/Normal/images/Normal-2538.png,Normal,Normal,1.958172106242273e-05,0.0227749515324831,0.9772037267684937,1.7346382037430885e-06,,,
/kaggle/input/datasets/tawsifurrahman/covid19-radiography-database/COVID-19_Radiography_Dataset/Normal/images/Normal-2540.png,Normal,Normal,0.00022049302060622722,0.005703459493815899,0.9939338564872742,0.00014215883857104927,,0.4157974123954773,0.4157974123954773
/kaggle/input/datasets/tawsifurrahman/covid19-radiography-database/COVID-19_Radiography_Dataset/Normal/images/Normal-2541.png,Normal,Normal,0.2961115539073944,0.006504302378743887,0.6970921158790588,0.00029205912142060697,,,
/kaggle/input/datasets/tawsifurrahman/covid19-radiography-database/COVID-19_Radiography_Dataset/Normal/images/Normal-2543.png,Normal,Normal,1.1248628197790822e-06,0.00026613735826686025,0.9997327923774719,2.0500468878026368e-08,,0.23414364457130432,0.23414364457130432
/kaggle/input/datasets/tawsifurrahman/covid19-radiography-database/COVID-19_Radiography_Dataset/Normal/images/Normal-2546.png,Normal,Normal,1.7242580270249164e-06,0.0032971156761050224,0.9967010617256165,1.4362314670890441e-09,,0.37969446182250977,0.37969446182250977
/kaggle/input/datasets/tawsifurrahman/covid19-radiography-database/COVID-19_Radiography_Dataset/Normal/images/Normal-2548.png,Normal,Normal,6.877790292492136e-05,0.009400696493685246,0.9905248284339905,5.8163973335467745e-06,,,
/kaggle/input/datasets/tawsifurrahman/covid19-radiography-database/COVID-19_Radiography_Dataset/Normal/images/Normal-2552.png,Normal,COVID,0.5940138101577759,0.00281508918851614,0.08801685273647308,0.3151542544364929,,0.2648214101791382,0.2648214101791382
/kaggle/input/datasets/tawsifurrahman/covid19-radiography-database/COVID-19_Radiography_Dataset/Normal/images/Normal-2557.png,Normal,Normal,0.023941650986671448,0.09554946422576904,0.8482317328453064,0.03227710723876953,,0.2597881555557251,0.2597881555557251
/kaggle/input/datasets/tawsifurrahman/covid19-radiography-database/COVID-19_Radiography_Dataset/Normal/images/Normal-2566.png,Normal,Normal,9.2703027121388e-07,0.01675717905163765,0.9831787347793579,6.308109004748985e-05,,,
/kaggle/input/datasets/tawsifurrahman/covid19-radiography-database/COVID-19_Radiography_Dataset/Normal/images/Normal-2580.png,Normal,Normal,0.001271190238185227,0.06294883787631989,0.9299975037574768,0.005782545078545809,,,
/kaggle/input/datasets/tawsifurrahman/covid19-radiography-database/COVID-19_Radiography_Dataset/Normal/images/Normal-259.png,Normal,Normal,0.016492892056703568,2.2644435375696048e-05,0.9817973375320435,0.0016872163396328688,,0.23173071444034576,0.23173071444034576
/kaggle/input/datasets/tawsifurrahman/covid19-radiography-database/COVID-19_Radiography_Dataset/Normal/images/Normal-2592.png,Normal,Normal,1.0995684078807244e-06,0.00017949285393115133,0.9998194575309753,1.1972420277395202e-10,,,
/kaggle/input/datasets/tawsifurrahman/covid19-radiography-database/COVID-19_Radiography_Dataset/Normal/images/Normal-26.png,Normal,Normal,0.0008776379399932921,0.0033634703140705824,0.9957572817802429,1.5682334151279065e-06,,,
/kaggle/input/datasets/tawsifurrahman/covid19-radiography-database/COVID-19_Radiography_Dataset/Normal/images/Normal-2600.png,Normal,Normal,1.8333514262280914e-08,0.0087041687220335,0.9912949204444885,9.28449821913091e-07,,0.2577698230743408,0.2577698230743408
/kaggle/input/datasets/tawsifurrahman/covid19-radiography-database/COVID-19_Radiography_Dataset/Normal/images/Normal-2604.png,Normal,Normal,0.000128569794469513,0.00373650249093771,0.9961346387863159,3.243806929731363e-07,,,
/kaggle/input/datasets/tawsifurrahman/covid19-radiography-database/COVID-19_Radiography_Dataset/Normal/images/Normal-2620.png,Normal,Normal,0.00013977623893879354,0.00013413323904387653,0.999725878238678,1.5715336587618367e-07,,,
/kaggle/input/datasets/tawsifurrahman/covid19-radiography-database/COVID-19_Radiography_Dataset/Normal/images/Normal-2623.png,Normal,Normal,1.2250574776828671e-08,0.004487061873078346,0.9955129027366638,7.363393748904823e-12,,0.4188613295555115,0.4188613295555115
/kaggle/input/datasets/tawsifurrahman/covid19-radiography-database/COVID-19_Radiography_Dataset/Normal/images/Normal-2624.png,Normal,Normal,0.06117060407996178,0.009472643956542015,0.9293542504310608,2.450159399813856e-06,,0.3378659784793854,0.3378659784793854
/kaggle/input/datasets/tawsifurrahman/covid19-radiography-database/COVID-19_Radiography_Dataset/Normal/images/Normal-2639.png,Normal,Normal,2.6272919058101252e-05,0.04127504676580429,0.9567229151725769,0.001975836930796504,,0.33885103464126587,0.33885103464126587
/kaggle/input/datasets/tawsifurrahman/covid19-radiography-database/COVID-19_Radiography_Dataset/Normal/images/Normal-2642.png,Normal,Normal,4.330938099883497e-05,0.006951758172363043,0.9930006265640259,4.309869382268516e-06,,,
/kaggle/input/datasets/tawsifurrahman/covid19-radiography-database/COVID-19_Radiography_Dataset/Normal/images/Normal-2645.png,Normal,Normal,0.052678827196359634,0.011290146969258785,0.9360142350196838,1.6901562048587948e-05,,,
/kaggle/input/datasets/tawsifurrahman/covid19-radiography-database/COVID-19_Radiography_Dataset/Normal/images/Normal-2655.png,Normal,Normal,0.0004673967487178743,0.01967735029757023,0.9798449277877808,1.0429562280478422e-05,,0.42638787627220154,0.42638787627220154
/kaggle/input/datasets/tawsifurrahman/covid19-radiography-database/COVID-19_Radiography_Dataset/Normal/images/Normal-2678.png,Normal,Normal,2.4421718990197405e-05,0.034805215895175934,0.9651703238487244,9.96833993127666e-09,,,
/kaggle/input/datasets/tawsifurrahman/covid19-radiography-database/COVID-19_Radiography_Dataset/Normal/images/Normal-268.png,Normal,Normal,6.187205872265622e-05,0.0002315921155968681,0.9985116124153137,0.0011948425089940429,,,
/kaggle/input/datasets/tawsifurrahman/covid19-radiography-database/COVID-19_Radiography_Dataset/Normal/images/Normal-2682.png,Normal,Normal,8.49379284773022e-05,0.00020202164887450635,0.9997116923332214,1.2943040701429709e-06,,0.384501188993454,0.384501188993454
/kaggle/input/datasets/tawsifurrahman/covid19-radiography-database/COVID-19_Radiography_Dataset/Normal/images/Normal-2687.png,Normal,Normal,7.427325908793136e-05,0.07725068181753159,0.9226705431938171,4.501819148572395e-06,,,
/kaggle/input/datasets/tawsifurrahman/covid19-radiography-database/COVID-19_Radiography_Dataset/Normal/images/Normal-2690.png,Normal,Normal,0.0034555811434984207,0.00177388999145478,0.9947698712348938,6.254261961657903e-07,,0.39380958676338196,0.39380958676338196
/kaggle/input/datasets/tawsifurrahman/covid19-radiography-database/COVID-19_Radiography_Dataset/Normal/images/Normal-270.png,Normal,Normal,5.263834827928804e-05,1.2087206414435059e-05,0.9998754262924194,5.976361717330292e-05,,,
/kaggle/input/datasets/tawsifurrahman/covid19-radiography-database/COVID-19_Radiography_Dataset/Normal/images/Normal-2705.png,Normal,Normal,4.759438070323085e-06,0.057961512356996536,0.9419991374015808,3.4605065593495965e-05,,0.25910550355911255,0.25910550355911255
/kaggle/input/datasets/tawsifurrahman/covid19-radiography-database/COVID-19_Radiography_Dataset/Normal/images/Normal-2709.png,Normal,Normal,9.636131289880723e-05,0.03338940441608429,0.9664192795753479,9.503026376478374e-05,,0.3496338427066803,0.3496338427066803
/kaggle/input/datasets/tawsifurrahman/covid19-radiography-database/COVID-19_Radiography_Dataset/Normal/images/Normal-2722.png,Normal,Normal,7.305684266611934e-05,0.0004978491342626512,0.9994290471076965,2.8671192156548564e-11,,,
/kaggle/input/datasets/tawsifurrahman/covid19-radiography-database/COVID-19_Radiography_Dataset/Normal/images/Normal-2778.png,Normal,Normal,0.003646271303296089,0.06681255996227264,0.9295411705970764,1.1430844715221156e-08,,0.3694477677345276,0.3694477677345276
/kaggle/input/datasets/tawsifurrahman/covid19-radiography-database/COVID-19_Radiography_Dataset/Normal/images/Normal-278.png,Normal,Normal,5.14707608090248e-06,1.9701378732861485e-06,0.9999716281890869,2.12757022381993e-05,,,
/kaggle/input/datasets/tawsifurrahman/covid19-radiography-database/COVID-19_Radiography_Dataset/Normal/images/Normal-2784.png,Normal,Normal,4.4950979827262927e-07,0.0019086357206106186,0.998090922832489,4.9456403417025285e-09,,0.25378215312957764,0.25378215312957764
/kaggle/input/datasets/tawsifurrahman/covid19-radiography-database/COVID-19_Radiography_Dataset/Normal/images/Normal-2787.png,Normal,Normal,0.00013428632519207895,0.03667110204696655,0.9631900191307068,4.493657797866035e-06,,,
/kaggle/input/datasets/tawsifurrahman/covid19-radiography-database/COVID-19_Radiography_Dataset/Normal/images/Normal-2789.png,Normal,Normal,0.00011507427552714944,0.005277362186461687,0.9945135116577148,9.396236418979242e-05,,0.3458137810230255,0.3458137810230255
/kaggle/input/datasets/tawsifurrahman/covid19-radiography-database/COVID-19_Radiography_Dataset/Normal/images/Normal-2793.png,Normal,Normal,9.855016105575487e-05,0.010041026398539543,0.9898571968078613,3.270769184382516e-06,,,
/kaggle/input/datasets/tawsifurrahman/covid19-radiography-database/COVID-19_Radiography_Dataset/Normal/images/Normal-2794.png,Normal,Normal,0.00020024448167532682,0.05915975943207741,0.9406399130821228,1.1943213529264085e-08,,0.27404552698135376,0.27404552698135376
/kaggle/input/datasets/tawsifurrahman/covid19-radiography-database/COVID-19_Radiography_Dataset/Normal/images/Normal-2803.png,Normal,Normal,0.0012133357813581824,0.0038385235238820314,0.9949448704719543,3.2934108276094776e-06,,,
/kaggle/input/datasets/tawsifurrahman/covid19-radiography-database/COVID-19_Radiography_Dataset/Normal/images/Normal-2813.png,Normal,Normal,0.000628907757345587,0.24421443045139313,0.7551354169845581,2.130334723915439e-05,,,
/kaggle/input/datasets/tawsifurrahman/covid19-radiography-database/COVID-19_Radiography_Dataset/Normal/images/Normal-2814.png,Normal,Normal,2.5126187210844364e-06,0.0032193867955356836,0.9967780709266663,8.143412166816688e-09,,,
/kaggle/input/datasets/tawsifurrahman/covid19-radiography-database/COVID-19_Radiography_Dataset/Normal/images/Normal-2819.png,Normal,Normal,1.0728283683647533e-07,0.00029259963775984943,0.9997072815895081,8.422564268207797e-14,,,
/kaggle/input/datasets/tawsifurrahman/covid19-radiography-database/COVID-19_Radiography_Dataset/Normal/images/Normal-2835.png,Normal,Normal,1.4413819826586405e-07,8.410454756813124e-05,0.9999157190322876,4.043863022218375e-09,,,
/kaggle/input/datasets/tawsifurrahman/covid19-radiography-database/COVID-19_Radiography_Dataset/Normal/images/Normal-2858.png,Normal,Normal,0.000828418938908726,0.0012696064077317715,0.9979017972946167,1.4491529043425544e-07,,,
/kaggle/input/datasets/tawsifurrahman/covid19-radiography-database/COVID-19_Radiography_Dataset/Normal/images/Normal-2863.png,Normal,Normal,0.00017019397637341172,0.049034103751182556,0.9507630467414856,3.2643914892105386e-05,,0.24245768785476685,0.24245768785476685
/kaggle/input/datasets/tawsifurrahman/covid19-radiography-database/COVID-19_Radiography_Dataset/Normal/images/Normal-2880.png,Normal,Normal,0.0001505437830928713,0.06605362147092819,0.9337943196296692,1.5792221574884024e-06,,,
/kaggle/input/datasets/tawsifurrahman/covid19-radiography-database/COVID-19_Radiography_Dataset/Normal/images/Normal-2881.png,Normal,Normal,4.052173608215526e-05,0.029584690928459167,0.9702544808387756,0.0001203734427690506,,0.1485653817653656,0.1485653817653656
/kaggle/input/datasets/tawsifurrahman/covid19-radiography-database/COVID-19_Radiography_Dataset/Normal/images/Normal-2883.png,Normal,Normal,0.0010785178747028112,0.20979686081409454,0.7891241908073425,3.937420274269243e-07,,,
/kaggle/input/datasets/tawsifurrahman/covid19-radiography-database/COVID-19_Radiography_Dataset/Normal/images/Normal-2884.png,Normal,Normal,0.002546649891883135,0.013771419413387775,0.9836693406105042,1.2583257557707839e-05,,,
/kaggle/input/datasets/tawsifurrahman/covid19-radiography-database/COVID-19_Radiography_Dataset/Normal/images/Normal-2886.png,Normal,Normal,5.876988871023059e-05,0.0024686867836862803,0.9974724650382996,3.0090589575593185e-08,,0.259090393781662,0.259090393781662
/kaggle/input/datasets/tawsifurrahman/covid19-radiography-database/COVID-19_Radiography_Dataset/Normal/images/Normal-289.png,Normal,Normal,3.8577702071052045e-05,0.00012234097812324762,0.9998168349266052,2.2273998183663934e-05,,0.21859480440616608,0.21859480440616608
/kaggle/input/datasets/tawsifurrahman/covid19-radiography-database/COVID-19_Radiography_Dataset/Normal/images/Normal-2893.png,Normal,Normal,0.011165652424097061,0.1665944904088974,0.8222144842147827,2.5394512704224326e-05,,0.30904000997543335,0.30904000997543335
/kaggle/input/datasets/tawsifurrahman/covid19-radiography-database/COVID-19_Radiography_Dataset/Normal/images/Normal-2899.png,Normal,Normal,0.00658175814896822,0.0026336864102631807,0.9907844066619873,2.0253955312909966e-07,,,
/kaggle/input/datasets/tawsifurrahman/covid19-radiography-database/COVID-19_Radiography_Dataset/Normal/images/Normal-2900.png,Normal,Normal,1.1262052623806085e-08,0.00031701818807050586,0.9996830224990845,2.027393808390343e-10,,0.3467998206615448,0.3467998206615448
/kaggle/input/datasets/tawsifurrahman/covid19-radiography-database/COVID-19_Radiography_Dataset/Normal/images/Normal-2908.png,Normal,Normal,0.0029317536391317844,0.011007805354893208,0.9859976768493652,6.266174023039639e-05,,,
/kaggle/input/datasets/tawsifurrahman/covid19-radiography-database/COVID-19_Radiography_Dataset/Normal/images/Normal-2913.png,Normal,Normal,2.7666189339470293e-07,0.004297284875065088,0.9957024455070496,4.75944783584481e-10,,,
/kaggle/input/datasets/tawsifurrahman/covid19-radiography-database/COVID-19_Radiography_Dataset/Normal/images/Normal-2915.png,Normal,Lung_Opacity,0.1738618016242981,0.5624545216560364,0.26287025213241577,0.0008134817471727729,,,
/kaggle/input/datasets/tawsifurrahman/covid19-radiography-database/COVID-19_Radiography_Dataset/Normal/images/Normal-2920.png,Normal,Normal,0.015812309458851814,0.014896927401423454,0.9692687392234802,2.1946423657936975e-05,,,
/kaggle/input/datasets/tawsifurrahman/covid19-radiography-database/COVID-19_Radiography_Dataset/Normal/images/Normal-2929.png,Normal,Normal,2.7853520805365406e-06,0.0006298376247286797,0.9993674159049988,1.1070470762319928e-08,,,
/kaggle/input/datasets/tawsifurrahman/covid19-radiography-database/COVID-19_Radiography_Dataset/Normal/images/Normal-2931.png,Normal,Normal,0.2020694464445114,0.0008449560846202075,0.7970705628395081,1.5029106180008966e-05,,,
/kaggle/input/datasets/tawsifurrahman/covid19-radiography-database/COVID-19_Radiography_Dataset/Normal/images/Normal-2938.png,Normal,Normal,0.000799548695795238,0.002275081817060709,0.9969251751899719,1.1945159883453016e-07,,0.34397077560424805,0.34397077560424805
/kaggle/input/datasets/tawsifurrahman/covid19-radiography-database/COVID-19_Radiography_Dataset/Normal/images/Normal-2940.png,Normal,Normal,0.0005927709862589836,0.0015701118391007185,0.997825026512146,1.213397626997903e-05,,0.3209953010082245,0.3209953010082245
/kaggle/input/datasets/tawsifurrahman/covid19-radiography-database/COVID-19_Radiography_Dataset/Normal/images/Normal-2945.png,Normal,Normal,4.123678991163615e-06,8.587058982811868e-05,0.9998528957366943,5.705765579477884e-05,,,
/kaggle/input/datasets/tawsifurrahman/covid19-radiography-database/COVID-19_Radiography_Dataset/Normal/images/Normal-2956.png,Normal,Normal,0.2723555564880371,0.002833640668541193,0.7247958779335022,1.4883585208735894e-05,,0.3622824549674988,0.3622824549674988
/kaggle/input/datasets/tawsifurrahman/covid19-radiography-database/COVID-19_Radiography_Dataset/Normal/images/Normal-2957.png,Normal,Normal,0.0002891922486014664,0.0046263705007731915,0.9946362376213074,0.0004481370560824871,,,
/kaggle/input/datasets/tawsifurrahman/covid19-radiography-database/COVID-19_Radiography_Dataset/Normal/images/Normal-2965.png,Normal,Normal,1.6111758895931416e-06,0.013089205138385296,0.9869090914726257,3.611816401516421e-11,,,
/kaggle/input/datasets/tawsifurrahman/covid19-radiography-database/COVID-19_Radiography_Dataset/Normal/images/Normal-2976.png,Normal,Normal,0.00027743977261707187,0.00034559497726149857,0.9993769526481628,4.1218811475118855e-08,,,
/kaggle/input/datasets/tawsifurrahman/covid19-radiography-database/COVID-19_Radiography_Dataset/Normal/images/Normal-2977.png,Normal,Normal,0.004406529478728771,0.0024913859087973833,0.9931020736694336,3.2086898471561653e-08,,0.3374732732772827,0.3374732732772827
/kaggle/input/datasets/tawsifurrahman/covid19-radiography-database/COVID-19_Radiography_Dataset/Normal/images/Normal-2984.png,Normal,Normal,5.947415957052726e-06,0.016821643337607384,0.9831724166870117,7.072021190879241e-09,,,
/kaggle/input/datasets/tawsifurrahman/covid19-radiography-database/COVID-19_Radiography_Dataset/Normal/images/Normal-2988.png,Normal,Normal,5.712019628845155e-06,0.0007018512696959078,0.9992917776107788,6.818301585553854e-07,,0.4144496023654938,0.4144496023654938
/kaggle/input/datasets/tawsifurrahman/covid19-radiography-database/COVID-19_Radiography_Dataset/Normal/images/Normal-2992.png,Normal,Normal,4.8150554903259035e-06,0.00018121513130608946,0.9998140931129456,2.2316311021342017e-09,,,
/kaggle/input/datasets/tawsifurrahman/covid19-radiography-database/COVID-19_Radiography_Dataset/Normal/images/Normal-3.png,Normal,Normal,0.01953720487654209,0.009381449781358242,0.9710694551467896,1.1796607395808678e-05,,,
/kaggle/input/datasets/tawsifurrahman/covid19-radiography-database/COVID-19_Radiography_Dataset/Normal/images/Normal-30.png,Normal,Normal,0.0005901129334233701,0.11452751606702805,0.8848543167114258,2.8162945454823785e-05,,0.3729652166366577,0.3729652166366577
/kaggle/input/datasets/tawsifurrahman/covid19-radiography-database/COVID-19_Radiography_Dataset/Normal/images/Normal-3004.png,Normal,Normal,1.7492566257715225e-05,0.00043178029591217637,0.9995506405830383,2.3913921953777617e-09,,,
/kaggle/input/datasets/tawsifurrahman/covid19-radiography-database/COVID-19_Radiography_Dataset/Normal/images/Normal-301.png,Normal,Normal,1.12067828013096e-05,1.0220219337497838e-06,0.9997952580451965,0.00019253883510828018,,,
/kaggle/input/datasets/tawsifurrahman/covid19-radiography-database/COVID-19_Radiography_Dataset/Normal/images/Normal-3010.png,Normal,Normal,1.1732363418559544e-05,0.016228079795837402,0.983756422996521,3.778920927288709e-06,,,
/kaggle/input/datasets/tawsifurrahman/covid19-radiography-database/COVID-19_Radiography_Dataset/Normal/images/Normal-3012.png,Normal,Normal,0.028058046475052834,0.011571533046662807,0.9603701829910278,2.748773226812773e-07,,0.23156161606311798,0.23156161606311798
/kaggle/input/datasets/tawsifurrahman/covid19-radiography-database/COVID-19_Radiography_Dataset/Normal/images/Normal-3029.png,Normal,Normal,0.0006636996986344457,0.0014687362127006054,0.9978214502334595,4.6124510845402256e-05,,,
/kaggle/input/datasets/tawsifurrahman/covid19-radiography-database/COVID-19_Radiography_Dataset/Normal/images/Normal-3035.png,Normal,Normal,0.0017610274953767657,0.011860230006277561,0.9863784313201904,3.0876188361617096e-07,,,
/kaggle/input/datasets/tawsifurrahman/covid19-radiography-database/COVID-19_Radiography_Dataset/Normal/images/Normal-3042.png,Normal,Normal,1.0052448260466917e-06,0.037721898406744,0.9622753858566284,1.6267218825305463e-06,,0.4525281488895416,0.4525281488895416
/kaggle/input/datasets/tawsifurrahman/covid19-radiography-database/COVID-19_Radiography_Dataset/Normal/images/Normal-3048.png,Normal,Normal,0.06893251091241837,0.023000473156571388,0.9080652594566345,1.7129920024672174e-06,,,
/kaggle/input/datasets/tawsifurrahman/covid19-radiography-database/COVID-19_Radiography_Dataset/Normal/images/Normal-3051.png,Normal,Normal,7.092998203006573e-06,0.0016980431973934174,0.9982686042785645,2.62214907706948e-05,,,
/kaggle/input/datasets/tawsifurrahman/covid19-radiography-database/COVID-19_Radiography_Dataset/Normal/images/Normal-3054.png,Normal,Normal,0.0002157100389013067,0.0008891279576346278,0.998894989490509,1.7681736608210485e-07,,,
/kaggle/input/datasets/tawsifurrahman/covid19-radiography-database/COVID-19_Radiography_Dataset/Normal/images/Normal-3060.png,Normal,Normal,2.4976527129183523e-05,0.01361106801778078,0.9863422513008118,2.1820345864398405e-05,,,
/kaggle/input/datasets/tawsifurrahman/covid19-radiography-database/COVID-19_Radiography_Dataset/Normal/images/Normal-3065.png,Normal,Normal,0.33776551485061646,0.016791732981801033,0.6453826427459717,6.015816325088963e-05,,0.26563215255737305,0.26563215255737305
/kaggle/input/datasets/tawsifurrahman/covid19-radiography-database/COVID-19_Radiography_Dataset/Normal/images/Normal-3066.png,Normal,Normal,0.026006486266851425,0.014223786070942879,0.9595596790313721,0.0002100661222357303,,0.26253214478492737,0.26253214478492737
/kaggle/input/datasets/tawsifurrahman/covid19-radiography-database/COVID-19_Radiography_Dataset/Normal/images/Normal-3071.png,Normal,Normal,5.676173168467358e-05,0.023484913632273674,0.9764571785926819,1.1278431202299544e-06,,0.36323434114456177,0.36323434114456177
/kaggle/input/datasets/tawsifurrahman/covid19-radiography-database/COVID-19_Radiography_Dataset/Normal/images/Normal-3077.png,Normal,Normal,8.938917744671926e-05,0.0014689393574371934,0.9984416365623474,1.0685342610727844e-09,,0.336862176656723,0.336862176656723
/kaggle/input/datasets/tawsifurrahman/covid19-radiography-database/COVID-19_Radiography_Dataset/Normal/images/Normal-3079.png,Normal,Normal,0.011756199412047863,0.007165007758885622,0.9810787439346313,3.988733254800536e-08,,,
/kaggle/input/datasets/tawsifurrahman/covid19-radiography-database/COVID-19_Radiography_Dataset/Normal/images/Normal-3080.png,Normal,Normal,5.569305727703977e-08,0.0035159478429704905,0.9964840412139893,6.766341265063147e-09,,,
/kaggle/input/datasets/tawsifurrahman/covid19-radiography-database/COVID-19_Radiography_Dataset/Normal/images/Normal-3085.png,Normal,Normal,0.000573391211219132,8.421680104220286e-05,0.9993423819541931,6.130361496214931e-11,,0.3221086859703064,0.3221086859703064
/kaggle/input/datasets/tawsifurrahman/covid19-radiography-database/COVID-19_Radiography_Dataset/Normal/images/Normal-3087.png,Normal,Lung_Opacity,0.0026239361613988876,0.9264163970947266,0.07095763832330704,1.9781778064498212e-06,,,
/kaggle/input/datasets/tawsifurrahman/covid19-radiography-database/COVID-19_Radiography_Dataset/Normal/images/Normal-3089.png,Normal,Normal,0.04410814121365547,0.0008677630685269833,0.9549984335899353,2.571637560322415e-05,,,
/kaggle/input/datasets/tawsifurrahman/covid19-radiography-database/COVID-19_Radiography_Dataset/Normal/images/Normal-3099.png,Normal,Normal,0.0020108395256102085,0.012381264939904213,0.9856079816818237,2.800567955318911e-08,,,
/kaggle/input/datasets/tawsifurrahman/covid19-radiography-database/COVID-19_Radiography_Dataset/Normal/images/Normal-3100.png,Normal,Normal,0.0030616868752986193,0.09820637851953506,0.8987285494804382,3.4975732887687627e-06,,0.3819103240966797,0.3819103240966797
/kaggle/input/datasets/tawsifurrahman/covid19-radiography-database/COVID-19_Radiography_Dataset/Normal/images/Normal-3103.png,Normal,Normal,0.04100978747010231,0.0023219529539346695,0.9566460251808167,2.2283864382188767e-05,,,
/kaggle/input/datasets/tawsifurrahman/covid19-radiography-database/COVID-19_Radiography_Dataset/Normal/images/Normal-3114.png,Normal,Normal,0.0003152972203679383,0.0004935037577524781,0.9991827607154846,8.44775786390528e-06,,,
/kaggle/input/datasets/tawsifurrahman/covid19-radiography-database/COVID-19_Radiography_Dataset/Normal/images/Normal-312.png,Normal,Normal,8.514555702276994e-06,0.00035010965075343847,0.9995731711387634,6.824958836659789e-05,,,
/kaggle/input/datasets/tawsifurrahman/covid19-radiography-database/COVID-19_Radiography_Dataset/Normal/images/Normal-3138.png,Normal,Normal,0.0006710863672196865,0.007182231638580561,0.9921391606330872,7.584786999359494e-06,,,
/kaggle/input/datasets/tawsifurrahman/covid19-radiography-database/COVID-19_Radiography_Dataset/Normal/images/Normal-3142.png,Normal,Normal,0.007405368145555258,0.006350877694785595,0.9862061142921448,3.756486694328487e-05,,0.2244272083044052,0.2244272083044052
/kaggle/input/datasets/tawsifurrahman/covid19-radiography-database/COVID-19_Radiography_Dataset/Normal/images/Normal-3144.png,Normal,Normal,6.000033863529097e-06,0.008921215310692787,0.9910727143287659,4.7210413356424397e-08,,,
/kaggle/input/datasets/tawsifurrahman/covid19-radiography-database/COVID-19_Radiography_Dataset/Normal/images/Normal-3154.png,Normal,Normal,1.4647074522144976e-06,0.13272202014923096,0.8672686815261841,7.865735824452713e-06,,,
/kaggle/input/datasets/tawsifurrahman/covid19-radiography-database/COVID-19_Radiography_Dataset/Normal/images/Normal-3162.png,Normal,Normal,0.0008875647326931357,6.819552800152451e-05,0.9990290403366089,1.5175261978583876e-05,,,
/kaggle/input/datasets/tawsifurrahman/covid19-radiography-database/COVID-19_Radiography_Dataset/Normal/images/Normal-3168.png,Normal,Normal,0.004238248337060213,0.02679840475320816,0.9689539074897766,9.425073585589416e-06,,,
/kaggle/input/datasets/tawsifurrahman/covid19-radiography-database/COVID-19_Radiography_Dataset/Normal/images/Normal-3175.png,Normal,Normal,0.014144731685519218,0.0074170613661408424,0.9784380197525024,2.4735643933126994e-07,,,
/kaggle/input/datasets/tawsifurrahman/covid19-radiography-database/COVID-19_Radiography_Dataset/Normal/images/Normal-319.png,Normal,Normal,4.084448846697342e-06,2.5111188733717427e-05,0.9999688863754272,1.990240662053111e-06,,,
/kaggle/input/datasets/tawsifurrahman/covid19-radiography-database/COVID-19_Radiography_Dataset/Normal/images/Normal-3193.png,Normal,Normal,0.005373444873839617,0.01736542023718357,0.9772550463676453,6.029010364727583e-06,,,
/kaggle/input/datasets/tawsifurrahman/covid19-radiography-database/COVID-19_Radiography_Dataset/Normal/images/Normal-3196.png,Normal,Normal,0.0007280400022864342,0.002659060060977936,0.9965842962265015,2.855566708603874e-05,,,
/kaggle/input/datasets/tawsifurrahman/covid19-radiography-database/COVID-19_Radiography_Dataset/Normal/images/Normal-3206.png,Normal,Normal,0.0004075533361174166,0.0034862777683883905,0.9961057305335999,4.392172741063405e-07,,0.24128808081150055,0.24128808081150055
/kaggle/input/datasets/tawsifurrahman/covid19-radiography-database/COVID-19_Radiography_Dataset/Normal/images/Normal-3208.png,Normal,Normal,0.023988530039787292,0.036487970501184464,0.8142225742340088,0.12530089914798737,,,
/kaggle/input/datasets/tawsifurrahman/covid19-radiography-database/COVID-19_Radiography_Dataset/Normal/images/Normal-3212.png,Normal,Normal,0.0003680415393318981,0.0007495831814594567,0.998881995677948,3.4588580888339493e-07,,,
/kaggle/input/datasets/tawsifurrahman/covid19-radiography-database/COVID-19_Radiography_Dataset/Normal/images/Normal-3214.png,Normal,Normal,0.0006051618838682771,0.32863011956214905,0.6707382202148438,2.646197026479058e-05,,0.4125201404094696,0.4125201404094696
/kaggle/input/datasets/tawsifurrahman/covid19-radiography-database/COVID-19_Radiography_Dataset/Normal/images/Normal-3225.png,Normal,Normal,6.242782433218963e-07,0.0001422817585989833,0.9998570680618286,4.7950905468496785e-08,,,
/kaggle/input/datasets/tawsifurrahman/covid19-radiography-database/COVID-19_Radiography_Dataset/Normal/images/Normal-3241.png,Normal,Normal,0.0003830881032627076,0.006129237823188305,0.9934855103492737,2.1720563836424844e-06,,,
/kaggle/input/datasets/tawsifurrahman/covid19-radiography-database/COVID-19_Radiography_Dataset/Normal/images/Normal-3242.png,Normal,Normal,0.005398562178015709,0.03470386192202568,0.9598839282989502,1.369197343592532e-05,,0.41259944438934326,0.41259944438934326
/kaggle/input/datasets/tawsifurrahman/covid19-radiography-database/COVID-19_Radiography_Dataset/Normal/images/Normal-3257.png,Normal,Normal,0.005978700704872608,0.004631553310900927,0.9892324209213257,0.0001572611799929291,,,
/kaggle/input/datasets/tawsifurrahman/covid19-radiography-database/COVID-19_Radiography_Dataset/Normal/images/Normal-326.png,Normal,Normal,0.004698925651609898,0.00018251883739139885,0.8719599843025208,0.12315855920314789,,,
/kaggle/input/datasets/tawsifurrahman/covid19-radiography-database/COVID-19_Radiography_Dataset/Normal/images/Normal-3262.png,Normal,Normal,0.0032929284498095512,0.19643491506576538,0.8002445697784424,2.75613692792831e-05,,,
/kaggle/input/datasets/tawsifurrahman/covid19-radiography-database/COVID-19_Radiography_Dataset/Normal/images/Normal-3273.png,Normal,Normal,0.0004194255452603102,0.1254732310771942,0.8608266115188599,0.01328078843653202,,,
/kaggle/input/datasets/tawsifurrahman/covid19-radiography-database/COVID-19_Radiography_Dataset/Normal/images/Normal-3276.png,Normal,Normal,0.0003428258642088622,0.01050808560103178,0.9891424775123596,6.63530181554961e-06,,0.2949800491333008,0.2949800491333008
/kaggle/input/datasets/tawsifurrahman/covid19-radiography-database/COVID-19_Radiography_Dataset/Normal/images/Normal-3281.png,Normal,Normal,0.2153480499982834,0.0012848699698224664,0.7832755446434021,9.152965503744781e-05,,0.33777058124542236,0.33777058124542236
/kaggle/input/datasets/tawsifurrahman/covid19-radiography-database/COVID-19_Radiography_Dataset/Normal/images/Normal-3284.png,Normal,Normal,6.911918262630934e-06,0.00023359192709904164,0.9997594952583313,2.0266217592990188e-09,,,
/kaggle/input/datasets/tawsifurrahman/covid19-radiography-database/COVID-19_Radiography_Dataset/Normal/images/Normal-3287.png,Normal,Normal,9.193025471176952e-05,0.036392297595739365,0.9635156393051147,2.0911079445795622e-07,,,
/kaggle/input/datasets/tawsifurrahman/covid19-radiography-database/COVID-19_Radiography_Dataset/Normal/images/Normal-3312.png,Normal,Normal,1.3544686794375593e-07,6.913652759976685e-05,0.999930739402771,1.9855198041263122e-10,,,
/kaggle/input/datasets/tawsifurrahman/covid19-radiography-database/COVID-19_Radiography_Dataset/Normal/images/Normal-3318.png,Normal,Normal,3.92745853616816e-08,3.974828723585233e-05,0.9999603033065796,2.068983734337948e-10,,,
/kaggle/input/datasets/tawsifurrahman/covid19-radiography-database/COVID-19_Radiography_Dataset/Normal/images/Normal-3323.png,Normal,Normal,5.1236374929430895e-06,0.003039558418095112,0.996955156326294,2.0533498457098176e-07,,0.34013038873672485,0.34013038873672485
/kaggle/input/datasets/tawsifurrahman/covid19-radiography-database/COVID-19_Radiography_Dataset/Normal/images/Normal-3345.png,Normal,Normal,7.86290274845669e-06,0.011011328548192978,0.988980770111084,8.137412521591614e-09,,,
/kaggle/input/datasets/tawsifurrahman/covid19-radiography-database/COVID-19_Radiography_Dataset/Normal/images/Normal-3346.png,Normal,COVID,0.9322464466094971,3.083871342823841e-05,0.0677107721567154,1.194049218611326e-05,,,
/kaggle/input/datasets/tawsifurrahman/covid19-radiography-database/COVID-19_Radiography_Dataset/Normal/images/Normal-3349.png,Normal,Normal,0.0006477027200162411,0.03431112319231033,0.9649165272712708,0.00012461772712413222,,,
/kaggle/input/datasets/tawsifurrahman/covid19-radiography-database/COVID-19_Radiography_Dataset/Normal/images/Normal-3352.png,Normal,Normal,1.4417318006110236e-08,7.068881586747011e-06,0.9999929666519165,1.66658700728739e-10,,,
/kaggle/input/datasets/tawsifurrahman/covid19-radiography-database/COVID-19_Radiography_Dataset/Normal/images/Normal-3353.png,Normal,Normal,0.002318125218153,0.013076597824692726,0.9845824241638184,2.2893915229360573e-05,,,
/kaggle/input/datasets/tawsifurrahman/covid19-radiography-database/COVID-19_Radiography_Dataset/Normal/images/Normal-3359.png,Normal,Normal,4.170406555203954e-06,0.0025598418433219194,0.997435986995697,2.1501311842087034e-09,,,
/kaggle/input/datasets/tawsifurrahman/covid19-radiography-database/COVID-19_Radiography_Dataset/Normal/images/Normal-3362.png,Normal,Normal,0.0002408143482170999,0.16717299818992615,0.8315578103065491,0.0010283758165314794,,,
/kaggle/input/datasets/tawsifurrahman/covid19-radiography-database/COVID-19_Radiography_Dataset/Normal/images/Normal-3366.png,Normal,Normal,0.005943757481873035,0.1075010597705841,0.8862146139144897,0.00034051784314215183,,,
/kaggle/input/datasets/tawsifurrahman/covid19-radiography-database/COVID-19_Radiography_Dataset/Normal/images/Normal-3368.png,Normal,Normal,1.7935699148097228e-08,0.003607214195653796,0.9963927865028381,2.782065593523453e-12,,,
/kaggle/input/datasets/tawsifurrahman/covid19-radiography-database/COVID-19_Radiography_Dataset/Normal/images/Normal-337.png,Normal,Normal,2.565014801803045e-05,6.933631993888412e-06,0.9999673366546631,7.347466635110322e-08,,,
/kaggle/input/datasets/tawsifurrahman/covid19-radiography-database/COVID-19_Radiography_Dataset/Normal/images/Normal-3388.png,Normal,Normal,5.53199861315079e-05,0.4554857611656189,0.5444582104682922,6.997417472121015e-07,,,
/kaggle/input/datasets/tawsifurrahman/covid19-radiography-database/COVID-19_Radiography_Dataset/Normal/images/Normal-3391.png,Normal,Normal,0.016907762736082077,0.021806225180625916,0.9611581563949585,0.000127870385767892,,,
/kaggle/input/datasets/tawsifurrahman/covid19-radiography-database/COVID-19_Radiography_Dataset/Normal/images/Normal-3405.png,Normal,Lung_Opacity,0.01166570745408535,0.6190152168273926,0.3689846694469452,0.0003343845601193607,,,
/kaggle/input/datasets/tawsifurrahman/covid19-radiography-database/COVID-19_Radiography_Dataset/Normal/images/Normal-3406.png,Normal,Normal,0.0006233814638108015,0.27878066897392273,0.7205725312232971,2.3385577151202597e-05,,,
/kaggle/input/datasets/tawsifurrahman/covid19-radiography-database/COVID-19_Radiography_Dataset/Normal/images/Normal-3413.png,Normal,Normal,7.512101728934795e-05,3.7406084629765246e-06,0.9999210834503174,6.273720032368146e-08,,,
/kaggle/input/datasets/tawsifurrahman/covid19-radiography-database/COVID-19_Radiography_Dataset/Normal/images/Normal-3414.png,Normal,Normal,3.823978113359772e-05,0.03359571844339371,0.9663660526275635,1.453231091019802e-09,,,
/kaggle/input/datasets/tawsifurrahman/covid19-radiography-database/COVID-19_Radiography_Dataset/Normal/images/Normal-3418.png,Normal,Normal,0.00013610319001600146,0.0008041756809689105,0.9990597367286682,1.5953959264791706e-09,,,
/kaggle/input/datasets/tawsifurrahman/covid19-radiography-database/COVID-19_Radiography_Dataset/Normal/images/Normal-3427.png,Normal,Normal,0.0002215547428932041,0.0027019556146115065,0.9970763921737671,1.1475275130123919e-07,,,
/kaggle/input/datasets/tawsifurrahman/covid19-radiography-database/COVID-19_Radiography_Dataset/Normal/images/Normal-3429.png,Normal,Normal,0.00021756923524662852,0.3297731876373291,0.67000812292099,1.165952198789455e-06,,0.19157209992408752,0.19157209992408752
/kaggle/input/datasets/tawsifurrahman/covid19-radiography-database/COVID-19_Radiography_Dataset/Normal/images/Normal-3437.png,Normal,Normal,0.00048050444456748664,0.07983636111021042,0.9195066094398499,0.0001765205670380965,,0.22954437136650085,0.22954437136650085
/kaggle/input/datasets/tawsifurrahman/covid19-radiography-database/COVID-19_Radiography_Dataset/Normal/images/Normal-3438.png,Normal,Normal,1.3565347671828931e-06,0.00047244993038475513,0.9995262622833252,1.790255232947402e-08,,,
/kaggle/input/datasets/tawsifurrahman/covid19-radiography-database/COVID-19_Radiography_Dataset/Normal/images/Normal-3445.png,Normal,Normal,0.0013472980353981256,0.36295008659362793,0.6356964111328125,6.125556410552235e-06,,,
/kaggle/input/datasets/tawsifurrahman/covid19-radiography-database/COVID-19_Radiography_Dataset/Normal/images/Normal-3447.png,Normal,Normal,0.007372042164206505,0.01390524860471487,0.9787217974662781,8.566549354327435e-07,,,
/kaggle/input/datasets/tawsifurrahman/covid19-radiography-database/COVID-19_Radiography_Dataset/Normal/images/Normal-3454.png,Normal,Normal,0.00028900086181238294,0.0002731001586653292,0.9994378685951233,1.8675931912071064e-09,,,
/kaggle/input/datasets/tawsifurrahman/covid19-radiography-database/COVID-19_Radiography_Dataset/Normal/images/Normal-3457.png,Normal,Normal,0.31672903895378113,0.011932642199099064,0.6708313822746277,0.0005069361068308353,,,
/kaggle/input/datasets/tawsifurrahman/covid19-radiography-database/COVID-19_Radiography_Dataset/Normal/images/Normal-3465.png,Normal,Normal,4.117007847526111e-06,0.0027319525834172964,0.9972637891769409,1.0977460362937563e-07,,,
/kaggle/input/datasets/tawsifurrahman/covid19-radiography-database/COVID-19_Radiography_Dataset/Normal/images/Normal-3476.png,Normal,Normal,0.0003314874484203756,0.0010127536952495575,0.9986546039581299,1.1972522315772949e-06,,,
/kaggle/input/datasets/tawsifurrahman/covid19-radiography-database/COVID-19_Radiography_Dataset/Normal/images/Normal-348.png,Normal,Normal,0.00011093621287727728,6.201863016030984e-06,0.9997108578681946,0.00017195186228491366,,,
/kaggle/input/datasets/tawsifurrahman/covid19-radiography-database/COVID-19_Radiography_Dataset/Normal/images/Normal-3482.png,Normal,Normal,3.4824886370188324e-06,0.000551488425116986,0.9994450211524963,2.5324371072388274e-11,,0.45397043228149414,0.45397043228149414
/kaggle/input/datasets/tawsifurrahman/covid19-radiography-database/COVID-19_Radiography_Dataset/Normal/images/Normal-3486.png,Normal,Normal,3.230955201161123e-07,0.0011029469314962626,0.9988967180252075,4.613651127804985e-10,,,
/kaggle/input/datasets/tawsifurrahman/covid19-radiography-database/COVID-19_Radiography_Dataset/Normal/images/Normal-3487.png,Normal,Normal,0.0597820058465004,0.043158482760190964,0.8970338106155396,2.5726196327013895e-05,,0.4239951968193054,0.4239951968193054
/kaggle/input/datasets/tawsifurrahman/covid19-radiography-database/COVID-19_Radiography_Dataset/Normal/images/Normal-3491.png,Normal,Normal,9.56689405029465e-07,0.002290969481691718,0.9977079629898071,1.3453598057822092e-07,,0.2713657021522522,0.2713657021522522
/kaggle/input/datasets/tawsifurrahman/covid19-radiography-database/COVID-19_Radiography_Dataset/Normal/images/Normal-3505.png,Normal,Normal,0.002613770542666316,0.01789790205657482,0.9794412851333618,4.710169741883874e-05,,0.3246311545372009,0.3246311545372009
/kaggle/input/datasets/tawsifurrahman/covid19-radiography-database/COVID-19_Radiography_Dataset/Normal/images/Normal-3507.png,Normal,COVID,0.9254436492919922,0.04133740812540054,0.024159442633390427,0.009059588424861431,,,
/kaggle/input/datasets/tawsifurrahman/covid19-radiography-database/COVID-19_Radiography_Dataset/Normal/images/Normal-3509.png,Normal,Normal,1.8915368400485022e-06,0.006414631847292185,0.9935821294784546,1.3540177405957365e-06,,,
/kaggle/input/datasets/tawsifurrahman/covid19-radiography-database/COVID-19_Radiography_Dataset/Normal/images/Normal-3511.png,Normal,Normal,8.153140697686467e-06,0.0009046898339875042,0.9990872144699097,4.597860581156965e-08,,,
/kaggle/input/datasets/tawsifurrahman/covid19-radiography-database/COVID-19_Radiography_Dataset/Normal/images/Normal-3516.png,Normal,Lung_Opacity,0.011636577546596527,0.8110856413841248,0.1772756278514862,2.1713951809942955e-06,,,
/kaggle/input/datasets/tawsifurrahman/covid19-radiography-database/COVID-19_Radiography_Dataset/Normal/images/Normal-3532.png,Normal,Normal,0.00045272905845195055,0.0007729748031124473,0.9987743496894836,4.15308010204285e-09,,0.31391286849975586,0.31391286849975586
/kaggle/input/datasets/tawsifurrahman/covid19-radiography-database/COVID-19_Radiography_Dataset/Normal/images/Normal-3534.png,Normal,Normal,2.5724907573021483e-06,0.001948396791703999,0.9980487823486328,1.450195838970103e-07,,,
/kaggle/input/datasets/tawsifurrahman/covid19-radiography-database/COVID-19_Radiography_Dataset/Normal/images/Normal-3540.png,Normal,Normal,2.7054873044107808e-06,0.0005559230339713395,0.9994413256645203,3.813080073911124e-09,,0.2778077721595764,0.2778077721595764
/kaggle/input/datasets/tawsifurrahman/covid19-radiography-database/COVID-19_Radiography_Dataset/Normal/images/Normal-3545.png,Normal,Normal,1.0070372809423134e-05,0.06849613785743713,0.9314937591552734,4.085775273665604e-08,,0.17407412827014923,0.17407412827014923
/kaggle/input/datasets/tawsifurrahman/covid19-radiography-database/COVID-19_Radiography_Dataset/Normal/images/Normal-3549.png,Normal,Normal,0.0031957572791725397,0.0005106493481434882,0.996289849281311,3.6733908927999437e-06,,0.41028931736946106,0.41028931736946106
/kaggle/input/datasets/tawsifurrahman/covid19-radiography-database/COVID-19_Radiography_Dataset/Normal/images/Normal-3559.png,Normal,Normal,0.013450564816594124,0.15679962933063507,0.829397439956665,0.0003524053026922047,,0.3363828957080841,0.3363828957080841
/kaggle/input/datasets/tawsifurrahman/covid19-radiography-database/COVID-19_Radiography_Dataset/Normal/images/Normal-356.png,Normal,Normal,6.589516124222428e-05,0.0001433414436178282,0.9941213726997375,0.005669410340487957,,,
/kaggle/input/datasets/tawsifurrahman/covid19-radiography-database/COVID-19_Radiography_Dataset/Normal/images/Normal-3562.png,Normal,Normal,3.347658639540896e-05,0.002512215869501233,0.9973135590553284,0.00014071686018723994,,,
/kaggle/input/datasets/tawsifurrahman/covid19-radiography-database/COVID-19_Radiography_Dataset/Normal/images/Normal-3566.png,Normal,Normal,2.526448224671185e-05,0.00047431798884645104,0.9995003938674927,1.3755886207889034e-08,,0.32280394434928894,0.32280394434928894
/kaggle/input/datasets/tawsifurrahman/covid19-radiography-database/COVID-19_Radiography_Dataset/Normal/images/Normal-3567.png,Normal,Normal,0.015449888072907925,0.06317145377397537,0.9206271171569824,0.0007514852331951261,,,
/kaggle/input/datasets/tawsifurrahman/covid19-radiography-database/COVID-19_Radiography_Dataset/Normal/images/Normal-3586.png,Normal,Lung_Opacity,0.002181153977289796,0.6689746379852295,0.32877564430236816,6.8605862907134e-05,,,
/kaggle/input/datasets/tawsifurrahman/covid19-radiography-database/COVID-19_Radiography_Dataset/Normal/images/Normal-3598.png,Normal,Normal,4.1722654714249074e-05,0.0007164745475165546,0.999241828918457,1.2501101542827797e-10,,0.28412795066833496,0.28412795066833496
/kaggle/input/datasets/tawsifurrahman/covid19-radiography-database/COVID-19_Radiography_Dataset/Normal/images/Normal-36.png,Normal,Normal,1.2023319868603721e-05,0.10688793659210205,0.8931000232696533,1.1457215176591262e-09,,,
/kaggle/input/datasets/tawsifurrahman/covid19-radiography-database/COVID-19_Radiography_Dataset/Normal/images/Normal-3602.png,Normal,Normal,0.00011439007357694209,0.005867214407771826,0.9940184354782104,7.779817678965628e-09,,,
/kaggle/input/datasets/tawsifurrahman/covid19-radiography-database/COVID-19_Radiography_Dataset/Normal/images/Normal-3604.png,Normal,Normal,9.267585846828297e-05,0.0007656448287889361,0.9991412162780762,4.919372713629855e-07,,,
/kaggle/input/datasets/tawsifurrahman/covid19-radiography-database/COVID-19_Radiography_Dataset/Normal/images/Normal-3609.png,Normal,Normal,0.0013216327643021941,0.04845184087753296,0.9227632284164429,0.027463221922516823,,,
/kaggle/input/datasets/tawsifurrahman/covid19-radiography-database/COVID-19_Radiography_Dataset/Normal/images/Normal-361.png,Normal,Normal,0.00015047301712911576,1.0618358828651253e-05,0.9997401833534241,9.867781773209572e-05,,,
/kaggle/input/datasets/tawsifurrahman/covid19-radiography-database/COVID-19_Radiography_Dataset/Normal/images/Normal-3610.png,Normal,Normal,0.027662834152579308,0.10644581913948059,0.8608629107475281,0.005028479732573032,,,
/kaggle/input/datasets/tawsifurrahman/covid19-radiography-database/COVID-19_Radiography_Dataset/Normal/images/Normal-3628.png,Normal,Normal,0.00527389720082283,0.0011418935609981418,0.9935842156410217,1.0592428045796964e-09,,0.328994482755661,0.328994482755661
/kaggle/input/datasets/tawsifurrahman/covid19-radiography-database/COVID-19_Radiography_Dataset/Normal/images/Normal-3643.png,Normal,Normal,0.02357080951333046,0.00155486015137285,0.9747528433799744,0.00012146204971941188,,0.5191584825515747,0.5191584825515747
/kaggle/input/datasets/tawsifurrahman/covid19-radiography-database/COVID-19_Radiography_Dataset/Normal/images/Normal-365.png,Normal,Normal,0.0019281755667179823,2.0567582396324724e-05,0.5957777500152588,0.4022735059261322,,,
/kaggle/input/datasets/tawsifurrahman/covid19-radiography-database/COVID-19_Radiography_Dataset/Normal/images/Normal-3657.png,Normal,Normal,3.683842123791692e-06,0.00020558042160701007,0.999790608882904,8.93573002258563e-08,,0.34632420539855957,0.34632420539855957
/kaggle/input/datasets/tawsifurrahman/covid19-radiography-database/COVID-19_Radiography_Dataset/Normal/images/Normal-3659.png,Normal,Normal,0.002266534836962819,0.0011166472686454654,0.996616542339325,2.6752059056889266e-07,,0.3696533739566803,0.3696533739566803
/kaggle/input/datasets/tawsifurrahman/covid19-radiography-database/COVID-19_Radiography_Dataset/Normal/images/Normal-367.png,Normal,Normal,3.9260343328351155e-05,3.775617187784519e-06,0.9961872696876526,0.003769675735384226,,,
/kaggle/input/datasets/tawsifurrahman/covid19-radiography-database/COVID-19_Radiography_Dataset/Normal/images/Normal-3671.png,Normal,Normal,0.0009870053036138415,0.006852584891021252,0.9886454343795776,0.0035149771720170975,,0.4811044931411743,0.4811044931411743
/kaggle/input/datasets/tawsifurrahman/covid19-radiography-database/COVID-19_Radiography_Dataset/Normal/images/Normal-3673.png,Normal,Normal,0.27107909321784973,0.0010102115338668227,0.7279095649719238,1.1403790267650038e-06,,,
/kaggle/input/datasets/tawsifurrahman/covid19-radiography-database/COVID-19_Radiography_Dataset/Normal/images/Normal-3683.png,Normal,Normal,0.05037955567240715,0.00043921757605858147,0.9491774439811707,3.809526788245421e-06,,,
/kaggle/input/datasets/tawsifurrahman/covid19-radiography-database/COVID-19_Radiography_Dataset/Normal/images/Normal-3684.png,Normal,Normal,0.0025384577456861734,0.025871679186820984,0.9714686870574951,0.00012115583376726136,,,
/kaggle/input/datasets/tawsifurrahman/covid19-radiography-database/COVID-19_Radiography_Dataset/Normal/images/Normal-369.png,Normal,Normal,0.0001112557074520737,3.7055710890854243e-06,0.9998791217803955,5.92377909924835e-06,,0.20475220680236816,0.20475220680236816
/kaggle/input/datasets/tawsifurrahman/covid19-radiography-database/COVID-19_Radiography_Dataset/Normal/images/Normal-3701.png,Normal,Normal,4.530480879338938e-09,0.00035952337202616036,0.9996404647827148,1.5223849958445612e-10,,0.34424495697021484,0.34424495697021484
/kaggle/input/datasets/tawsifurrahman/covid19-radiography-database/COVID-19_Radiography_Dataset/Normal/images/Normal-3707.png,Normal,Normal,0.0008484057034365833,0.07279860228300095,0.9263445734977722,8.351742508239113e-06,,,
/kaggle/input/datasets/tawsifurrahman/covid19-radiography-database/COVID-19_Radiography_Dataset/Normal/images/Normal-3710.png,Normal,Normal,4.689925845013931e-06,0.0003526557411532849,0.9996426105499268,2.965926881870473e-08,,0.4391743242740631,0.4391743242740631
/kaggle/input/datasets/tawsifurrahman/covid19-radiography-database/COVID-19_Radiography_Dataset/Normal/images/Normal-3719.png,Normal,Normal,0.005393818486481905,0.009809308685362339,0.9847842454910278,1.2582943782035727e-05,,,
/kaggle/input/datasets/tawsifurrahman/covid19-radiography-database/COVID-19_Radiography_Dataset/Normal/images/Normal-3721.png,Normal,Normal,8.978057303465903e-05,0.00020784125081263483,0.9997023940086365,4.790463492554409e-08,,,
/kaggle/input/datasets/tawsifurrahman/covid19-radiography-database/COVID-19_Radiography_Dataset/Normal/images/Normal-373.png,Normal,Normal,0.0026335951406508684,0.0002529291668906808,0.9970717430114746,4.176836955593899e-05,,,
/kaggle/input/datasets/tawsifurrahman/covid19-radiography-database/COVID-19_Radiography_Dataset/Normal/images/Normal-3733.png,Normal,Normal,0.0017878726357594132,0.040298424661159515,0.9577130079269409,0.00020070438040420413,,,
/kaggle/input/datasets/tawsifurrahman/covid19-radiography-database/COVID-19_Radiography_Dataset/Normal/images/Normal-3737.png,Normal,COVID,0.9450353384017944,0.024496138095855713,0.02708381786942482,0.003384667681530118,,,
/kaggle/input/datasets/tawsifurrahman/covid19-radiography-database/COVID-19_Radiography_Dataset/Normal/images/Normal-3739.png,Normal,Normal,0.0002539367997087538,0.0034773654770106077,0.996268630027771,5.652130852240589e-08,,,
/kaggle/input/datasets/tawsifurrahman/covid19-radiography-database/COVID-19_Radiography_Dataset/Normal/images/Normal-3740.png,Normal,Normal,0.08810512721538544,0.026151996105909348,0.880435585975647,0.005307335872203112,,,
/kaggle/input/datasets/tawsifurrahman/covid19-radiography-database/COVID-19_Radiography_Dataset/Normal/images/Normal-3741.png,Normal,Normal,0.02538950927555561,0.003171398304402828,0.9710357785224915,0.0004032437864225358,,0.16448697447776794,0.16448697447776794
/kaggle/input/datasets/tawsifurrahman/covid19-radiography-database/COVID-19_Radiography_Dataset/Normal/images/Normal-3769.png,Normal,Normal,0.0008840396767482162,0.2925056517124176,0.7064050436019897,0.00020528180175460875,,0.32698342204093933,0.32698342204093933
/kaggle/input/datasets/tawsifurrahman/covid19-radiography-database/COVID-19_Radiography_Dataset/Normal/images/Normal-377.png,Normal,Normal,0.000154597481014207,6.781727279303595e-05,0.9997617602348328,1.5895226169959642e-05,,,
/kaggle/input/datasets/tawsifurrahman/covid19-radiography-database/COVID-19_Radiography_Dataset/Normal/images/Normal-3777.png,Normal,Normal,0.00109494524076581,0.013997118920087814,0.9849011301994324,6.821256647526752e-06,,,
/kaggle/input/datasets/tawsifurrahman/covid19-radiography-database/COVID-19_Radiography_Dataset/Normal/images/Normal-3779.png,Normal,Normal,1.0391371318974052e-08,0.0004273264203220606,0.9995726943016052,1.7540850716368794e-10,,,
/kaggle/input/datasets/tawsifurrahman/covid19-radiography-database/COVID-19_Radiography_Dataset/Normal/images/Normal-3780.png,Normal,Normal,0.0003049083170481026,0.0048044100403785706,0.9948364496231079,5.430829696706496e-05,,,
/kaggle/input/datasets/tawsifurrahman/covid19-radiography-database/COVID-19_Radiography_Dataset/Normal/images/Normal-3806.png,Normal,Normal,0.001246658619493246,0.11227211356163025,0.8864756226539612,5.6369390222243965e-06,,0.5695773959159851,0.5695773959159851
/kaggle/input/datasets/tawsifurrahman/covid19-radiography-database/COVID-19_Radiography_Dataset/Normal/images/Normal-382.png,Normal,Normal,0.0003774499346036464,0.00035776427830569446,0.9946416616439819,0.004623116459697485,,,
/kaggle/input/datasets/tawsifurrahman/covid19-radiography-database/COVID-19_Radiography_Dataset/Normal/images/Normal-3820.png,Normal,Normal,3.676007690955885e-05,0.001644368632696569,0.9983054399490356,1.343748954241164e-05,,,
/kaggle/input/datasets/tawsifurrahman/covid19-radiography-database/COVID-19_Radiography_Dataset/Normal/images/Normal-3839.png,Normal,Normal,2.0586378013831563e-05,0.0205423254519701,0.9794368147850037,3.4025879358523525e-07,,,
/kaggle/input/datasets/tawsifurrahman/covid19-radiography-database/COVID-19_Radiography_Dataset/Normal/images/Normal-385.png,Normal,Normal,0.0007732367957942188,4.719492426374927e-05,0.7696337699890137,0.22954581677913666,,,
/kaggle/input/datasets/tawsifurrahman/covid19-radiography-database/COVID-19_Radiography_Dataset/Normal/images/Normal-3866.png,Normal,Normal,1.2768998658430064e-07,0.0016045804368332028,0.9983949065208435,4.1814027440523205e-07,,,
/kaggle/input/datasets/tawsifurrahman/covid19-radiography-database/COVID-19_Radiography_Dataset/Normal/images/Normal-3868.png,Normal,Normal,0.1146998479962349,0.009529944509267807,0.8757145404815674,5.5609780247323215e-05,,,
/kaggle/input/datasets/tawsifurrahman/covid19-radiography-database/COVID-19_Radiography_Dataset/Normal/images/Normal-3881.png,Normal,Normal,0.4162459969520569,0.022320827469229698,0.5612308979034424,0.00020223211322445422,,0.3490162491798401,0.3490162491798401
/kaggle/input/datasets/tawsifurrahman/covid19-radiography-database/COVID-19_Radiography_Dataset/Normal/images/Normal-389.png,Normal,Normal,1.8481698134564795e-05,1.0113612916029524e-05,0.896242618560791,0.1037287712097168,,,
/kaggle/input/datasets/tawsifurrahman/covid19-radiography-database/COVID-19_Radiography_Dataset/Normal/images/Normal-3892.png,Normal,Normal,4.657297267840477e-06,0.4420725405216217,0.5579227805137634,1.3926102049310884e-08,,,
/kaggle/input/datasets/tawsifurrahman/covid19-radiography-database/COVID-19_Radiography_Dataset/Normal/images/Normal-3894.png,Normal,Normal,0.016861170530319214,0.06260593980550766,0.9205016493797302,3.128717071376741e-05,,,
/kaggle/input/datasets/tawsifurrahman/covid19-radiography-database/COVID-19_Radiography_Dataset/Normal/images/Normal-3898.png,Normal,Normal,0.13413818180561066,0.0038881353102624416,0.8619586229324341,1.5018213161965832e-05,,0.3539177179336548,0.3539177179336548
/kaggle/input/datasets/tawsifurrahman/covid19-radiography-database/COVID-19_Radiography_Dataset/Normal/images/Normal-3907.png,Normal,Lung_Opacity,0.001496820361353457,0.9922879934310913,0.006204814184457064,1.035186414810596e-05,,0.17100781202316284,0.17100781202316284
/kaggle/input/datasets/tawsifurrahman/covid19-radiography-database/COVID-19_Radiography_Dataset/Normal/images/Normal-3910.png,Normal,COVID,0.49799948930740356,0.12420152127742767,0.0024389331229031086,0.37536004185676575,,,
/kaggle/input/datasets/tawsifurrahman/covid19-radiography-database/COVID-19_Radiography_Dataset/Normal/images/Normal-3917.png,Normal,Normal,0.002252162666991353,0.09117912501096725,0.906562328338623,6.376305464073084e-06,,,
/kaggle/input/datasets/tawsifurrahman/covid19-radiography-database/COVID-19_Radiography_Dataset/Normal/images/Normal-3943.png,Normal,Normal,0.04735848680138588,0.03827311098575592,0.914334237575531,3.413086960790679e-05,,,
/kaggle/input/datasets/tawsifurrahman/covid19-radiography-database/COVID-19_Radiography_Dataset/Normal/images/Normal-3944.png,Normal,Normal,5.3474406740861014e-05,0.0034446523059159517,0.9965014457702637,3.997903661456803e-07,,,
/kaggle/input/datasets/tawsifurrahman/covid19-radiography-database/COVID-19_Radiography_Dataset/Normal/images/Normal-3945.png,Normal,Normal,0.007246676366776228,0.018786517903208733,0.9739476442337036,1.9091576177743264e-05,,,
/kaggle/input/datasets/tawsifurrahman/covid19-radiography-database/COVID-19_Radiography_Dataset/Normal/images/Normal-3946.png,Normal,Normal,0.0767388865351677,0.0070788683369755745,0.9106640219688416,0.005518306978046894,,,
/kaggle/input/datasets/tawsifurrahman/covid19-radiography-database/COVID-19_Radiography_Dataset/Normal/images/Normal-3949.png,Normal,Normal,1.100262761610793e-05,0.007301574107259512,0.992687463760376,7.993614659085324e-09,,0.3112199008464813,0.3112199008464813
/kaggle/input/datasets/tawsifurrahman/covid19-radiography-database/COVID-19_Radiography_Dataset/Normal/images/Normal-3951.png,Normal,Normal,0.0004187189624644816,0.0009115109569393098,0.9986697435379028,7.785422972972356e-09,,0.42818763852119446,0.42818763852119446
/kaggle/input/datasets/tawsifurrahman/covid19-radiography-database/COVID-19_Radiography_Dataset/Normal/images/Normal-3971.png,Normal,Normal,2.333524389541708e-05,0.0006061848835088313,0.9993705153465271,4.1412984153055277e-10,,0.3387826085090637,0.3387826085090637
/kaggle/input/datasets/tawsifurrahman/covid19-radiography-database/COVID-19_Radiography_Dataset/Normal/images/Normal-3975.png,Normal,Normal,0.0002874457568395883,0.005489065777510405,0.9942163228988647,7.187257779150968e-06,,,
/kaggle/input/datasets/tawsifurrahman/covid19-radiography-database/COVID-19_Radiography_Dataset/Normal/images/Normal-3981.png,Normal,Normal,0.0004920170758850873,0.052689846605062485,0.9468181133270264,2.493885808974028e-08,,,
/kaggle/input/datasets/tawsifurrahman/covid19-radiography-database/COVID-19_Radiography_Dataset/Normal/images/Normal-3994.png,Normal,Normal,5.2196513777857945e-09,0.000699877564329654,0.9993001222610474,5.324663019529163e-12,,,
/kaggle/input/datasets/tawsifurrahman/covid19-radiography-database/COVID-19_Radiography_Dataset/Normal/images/Normal-3997.png,Normal,Normal,0.0007367535145021975,0.026372654363512993,0.9728903770446777,2.3699087137174502e-07,,,
/kaggle/input/datasets/tawsifurrahman/covid19-radiography-database/COVID-19_Radiography_Dataset/Normal/images/Normal-40.png,Normal,Normal,0.021469350904226303,0.0010804026387631893,0.9774481654167175,2.1169248611840885e-06,,0.4207530915737152,0.4207530915737152
/kaggle/input/datasets/tawsifurrahman/covid19-radiography-database/COVID-19_Radiography_Dataset/Normal/images/Normal-4004.png,Normal,Normal,1.6950474673649296e-05,0.01239905133843422,0.9873872399330139,0.00019677892851177603,,0.28409162163734436,0.28409162163734436
/kaggle/input/datasets/tawsifurrahman/covid19-radiography-database/COVID-19_Radiography_Dataset/Normal/images/Normal-4006.png,Normal,COVID,0.5910549163818359,0.04613230749964714,0.3607518672943115,0.002060873433947563,,,
/kaggle/input/datasets/tawsifurrahman/covid19-radiography-database/COVID-19_Radiography_Dataset/Normal/images/Normal-4007.png,Normal,Normal,0.00031570170540362597,0.010563263669610023,0.9891210198402405,5.518280499217099e-09,,0.2609903812408447,0.2609903812408447
/kaggle/input/datasets/tawsifurrahman/covid19-radiography-database/COVID-19_Radiography_Dataset/Normal/images/Normal-403.png,Normal,Normal,0.005578763782978058,0.000949860259424895,0.5113126039505005,0.4821587800979614,,0.12384054064750671,0.12384054064750671
/kaggle/input/datasets/tawsifurrahman/covid19-radiography-database/COVID-19_Radiography_Dataset/Normal/images/Normal-4047.png,Normal,Normal,8.055326361500192e-06,0.24140428006649017,0.7582273483276367,0.0003603025688789785,,,
/kaggle/input/datasets/tawsifurrahman/covid19-radiography-database/COVID-19_Radiography_Dataset/Normal/images/Normal-4059.png,Normal,Normal,0.00017732835840433836,0.01888474076986313,0.9809380173683167,1.2923869752157202e-09,,,
/kaggle/input/datasets/tawsifurrahman/covid19-radiography-database/COVID-19_Radiography_Dataset/Normal/images/Normal-4069.png,Normal,Normal,0.0002913420903496444,0.04368674382567406,0.956017255783081,4.687071850639768e-06,,,
/kaggle/input/datasets/tawsifurrahman/covid19-radiography-database/COVID-19_Radiography_Dataset/Normal/images/Normal-4076.png,Normal,Normal,0.0007117702625691891,0.000725734222214669,0.9985625147819519,4.0402564849273404e-08,,,
/kaggle/input/datasets/tawsifurrahman/covid19-radiography-database/COVID-19_Radiography_Dataset/Normal/images/Normal-4077.png,Normal,Normal,0.3178122043609619,0.06024768203496933,0.6181416511535645,0.003798488527536392,,,
/kaggle/input/datasets/tawsifurrahman/covid19-radiography-database/COVID-19_Radiography_Dataset/Normal/images/Normal-4078.png,Normal,Normal,0.00022551663278136402,0.012972044758498669,0.9868022799491882,1.7677022867701453e-07,,,
/kaggle/input/datasets/tawsifurrahman/covid19-radiography-database/COVID-19_Radiography_Dataset/Normal/images/Normal-4084.png,Normal,Normal,9.655661870056065e-08,0.0024031545035541058,0.9975966811180115,9.317923169160913e-12,,0.28006282448768616,0.28006282448768616
/kaggle/input/datasets/tawsifurrahman/covid19-radiography-database/COVID-19_Radiography_Dataset/Normal/images/Normal-4093.png,Normal,Normal,0.0048574297688901424,0.05161169171333313,0.9435232877731323,7.598949650855502e-06,,,
/kaggle/input/datasets/tawsifurrahman/covid19-radiography-database/COVID-19_Radiography_Dataset/Normal/images/Normal-4101.png,Normal,Normal,5.4608290156465955e-06,0.009965588338673115,0.9900283217430115,6.011969730934652e-07,,,
/kaggle/input/datasets/tawsifurrahman/covid19-radiography-database/COVID-19_Radiography_Dataset/Normal/images/Normal-4104.png,Normal,Normal,0.0005314020090736449,0.013162109069526196,0.9863042235374451,2.2223757696338e-06,,,
/kaggle/input/datasets/tawsifurrahman/covid19-radiography-database/COVID-19_Radiography_Dataset/Normal/images/Normal-411.png,Normal,Normal,8.875388630258385e-06,7.43312170925492e-07,0.9999899864196777,5.02318926010048e-07,,,
/kaggle/input/datasets/tawsifurrahman/covid19-radiography-database/COVID-19_Radiography_Dataset/Normal/images/Normal-4112.png,Normal,Normal,0.15080364048480988,0.020276019349694252,0.8289135098457336,6.805556495237397e-06,,0.4342818856239319,0.4342818856239319
/kaggle/input/datasets/tawsifurrahman/covid19-radiography-database/COVID-19_Radiography_Dataset/Normal/images/Normal-4118.png,Normal,Normal,5.837035860167816e-05,0.0017867096466943622,0.9981541037559509,7.086663913469238e-07,,,
/kaggle/input/datasets/tawsifurrahman/covid19-radiography-database/COVID-19_Radiography_Dataset/Normal/images/Normal-4119.png,Normal,Normal,0.0005127034964971244,0.007506338879466057,0.991944432258606,3.6572171666193753e-05,,0.460062712430954,0.460062712430954
/kaggle/input/datasets/tawsifurrahman/covid19-radiography-database/COVID-19_Radiography_Dataset/Normal/images/Normal-4121.png,Normal,Normal,0.003726416965946555,0.02998829074203968,0.965832531452179,0.0004527866549324244,,0.39403775334358215,0.39403775334358215
/kaggle/input/datasets/tawsifurrahman/covid19-radiography-database/COVID-19_Radiography_Dataset/Normal/images/Normal-4124.png,Normal,Lung_Opacity,0.014180808328092098,0.5891139507293701,0.3946179449558258,0.0020872869063168764,,,
/kaggle/input/datasets/tawsifurrahman/covid19-radiography-database/COVID-19_Radiography_Dataset/Normal/images/Normal-4128.png,Normal,Normal,0.001516164862550795,0.03860973194241524,0.9598737359046936,3.676962876397738e-07,,,
/kaggle/input/datasets/tawsifurrahman/covid19-radiography-database/COVID-19_Radiography_Dataset/Normal/images/Normal-4133.png,Normal,Normal,0.0001290417421841994,0.017804676666855812,0.9772403836250305,0.0048258062452077866,,,
/kaggle/input/datasets/tawsifurrahman/covid19-radiography-database/COVID-19_Radiography_Dataset/Normal/images/Normal-4134.png,Normal,Normal,6.283417314989492e-05,0.00034134273300878704,0.9995958209037781,5.0009436591835765e-08,,,
/kaggle/input/datasets/tawsifurrahman/covid19-radiography-database/COVID-19_Radiography_Dataset/Normal/images/Normal-4136.png,Normal,Normal,0.0709262490272522,0.010956384241580963,0.91811203956604,5.348177182895597e-06,,,
/kaggle/input/datasets/tawsifurrahman/covid19-radiography-database/COVID-19_Radiography_Dataset/Normal/images/Normal-4137.png,Normal,Normal,7.034665031824261e-06,0.0026647832710295916,0.9973216652870178,6.511675110232318e-06,,,
/kaggle/input/datasets/tawsifurrahman/covid19-radiography-database/COVID-19_Radiography_Dataset/Normal/images/Normal-4144.png,Normal,Normal,4.6914883000681584e-07,1.7673450201982632e-05,0.9999818801879883,1.9748588542256584e-08,,,
/kaggle/input/datasets/tawsifurrahman/covid19-radiography-database/COVID-19_Radiography_Dataset/Normal/images/Normal-415.png,Normal,Normal,0.0002408251748420298,0.0002330625575268641,0.9994725584983826,5.3632869821740314e-05,,,
/kaggle/input/datasets/tawsifurrahman/covid19-radiography-database/COVID-19_Radiography_Dataset/Normal/images/Normal-4163.png,Normal,Normal,0.0658009946346283,0.002687605796381831,0.9314929246902466,1.8493428797228262e-05,,0.4169742166996002,0.4169742166996002
/kaggle/input/datasets/tawsifurrahman/covid19-radiography-database/COVID-19_Radiography_Dataset/Normal/images/Normal-4165.png,Normal,Normal,0.034995321184396744,0.0420265756547451,0.9227938652038574,0.00018419591651763767,,,
/kaggle/input/datasets/tawsifurrahman/covid19-radiography-database/COVID-19_Radiography_Dataset/Normal/images/Normal-4171.png,Normal,Normal,0.061041414737701416,0.004823052324354649,0.9340114593505859,0.00012418704864103347,,,
/kaggle/input/datasets/tawsifurrahman/covid19-radiography-database/COVID-19_Radiography_Dataset/Normal/images/Normal-4176.png,Normal,Lung_Opacity,0.05912907049059868,0.6258199214935303,0.31505003571510315,9.473961313233303e-07,,,
/kaggle/input/datasets/tawsifurrahman/covid19-radiography-database/COVID-19_Radiography_Dataset/Normal/images/Normal-4180.png,Normal,Normal,4.146366336499341e-05,0.0004195515066385269,0.9995390176773071,1.4970835238159452e-08,,,
/kaggle/input/datasets/tawsifurrahman/covid19-radiography-database/COVID-19_Radiography_Dataset/Normal/images/Normal-4192.png,Normal,Normal,4.0776786391916175e-08,0.0034149151761084795,0.9965850114822388,3.74070691089301e-10,,,
/kaggle/input/datasets/tawsifurrahman/covid19-radiography-database/COVID-19_Radiography_Dataset/Normal/images/Normal-4198.png,Normal,Normal,2.281503611811786e-06,0.007660443428903818,0.9923372864723206,9.173656834171595e-10,,0.4112533926963806,0.4112533926963806
/kaggle/input/datasets/tawsifurrahman/covid19-radiography-database/COVID-19_Radiography_Dataset/Normal/images/Normal-420.png,Normal,Normal,4.641996929422021e-05,5.788661655969918e-05,0.9780714511871338,0.021824223920702934,,,
/kaggle/input/datasets/tawsifurrahman/covid19-radiography-database/COVID-19_Radiography_Dataset/Normal/images/Normal-4208.png,Normal,Normal,9.208868505083956e-06,0.00010719504643930122,0.9998836517333984,1.377568281668573e-08,,0.4564393162727356,0.4564393162727356
/kaggle/input/datasets/tawsifurrahman/covid19-radiography-database/COVID-19_Radiography_Dataset/Normal/images/Normal-4213.png,Normal,Lung_Opacity,0.0029180741403251886,0.557439386844635,0.4346308708190918,0.0050116730853915215,,,
/kaggle/input/datasets/tawsifurrahman/covid19-radiography-database/COVID-19_Radiography_Dataset/Normal/images/Normal-4214.png,Normal,COVID,0.5002924203872681,0.007251056842505932,0.49244943261146545,7.099654339981498e-06,,0.3065028190612793,0.3065028190612793
/kaggle/input/datasets/tawsifurrahman/covid19-radiography-database/COVID-19_Radiography_Dataset/Normal/images/Normal-4218.png,Normal,Normal,0.0016610643360763788,0.11883903294801712,0.8794512748718262,4.867139796260744e-05,,,
/kaggle/input/datasets/tawsifurrahman/covid19-radiography-database/COVID-19_Radiography_Dataset/Normal/images/Normal-422.png,Normal,Normal,1.984087793971412e-05,7.207921498775249e-06,0.9973316192626953,0.0026413488667458296,,,
/kaggle/input/datasets/tawsifurrahman/covid19-radiography-database/COVID-19_Radiography_Dataset/Normal/images/Normal-4220.png,Normal,Normal,0.0013164242263883352,0.00861694011837244,0.9900611639022827,5.397474978963146e-06,,0.3959294259548187,0.3959294259548187
/kaggle/input/datasets/tawsifurrahman/covid19-radiography-database/COVID-19_Radiography_Dataset/Normal/images/Normal-4231.png,Normal,Normal,6.374534132191911e-05,0.014316478744149208,0.9856195449829102,1.1367081498292464e-07,,0.41648197174072266,0.41648197174072266
/kaggle/input/datasets/tawsifurrahman/covid19-radiography-database/COVID-19_Radiography_Dataset/Normal/images/Normal-4251.png,Normal,Normal,4.940889652971237e-07,0.0009397800313308835,0.9990597367286682,3.18252233455496e-08,,0.3080669343471527,0.3080669343471527
/kaggle/input/datasets/tawsifurrahman/covid19-radiography-database/COVID-19_Radiography_Dataset/Normal/images/Normal-4254.png,Normal,Normal,2.2592197979065531e-07,0.007279542274773121,0.9927202463150024,3.345631327533738e-08,,,
/kaggle/input/datasets/tawsifurrahman/covid19-radiography-database/COVID-19_Radiography_Dataset/Normal/images/Normal-4259.png,Normal,Normal,1.2267890269868076e-05,0.030427828431129456,0.9695594310760498,4.751500455313362e-07,,0.35207608342170715,0.35207608342170715
/kaggle/input/datasets/tawsifurrahman/covid19-radiography-database/COVID-19_Radiography_Dataset/Normal/images/Normal-426.png,Normal,Normal,0.0016806431813165545,0.000734121713321656,0.9975065588951111,7.877421739976853e-05,,0.28037625551223755,0.28037625551223755
/kaggle/input/datasets/tawsifurrahman/covid19-radiography-database/COVID-19_Radiography_Dataset/Normal/images/Normal-4262.png,Normal,Normal,0.01463304553180933,0.0015801585977897048,0.9837747812271118,1.204837371915346e-05,,,
/kaggle/input/datasets/tawsifurrahman/covid19-radiography-database/COVID-19_Radiography_Dataset/Normal/images/Normal-4265.png,Normal,Normal,0.0001039740745909512,0.0009890341898426414,0.9989063739776611,5.74813554976572e-07,,0.2997986972332001,0.2997986972332001
/kaggle/input/datasets/tawsifurrahman/covid19-radiography-database/COVID-19_Radiography_Dataset/Normal/images/Normal-4266.png,Normal,Normal,0.06670971214771271,0.0019598761573433876,0.9302188158035278,0.0011115696979686618,,,
/kaggle/input/datasets/tawsifurrahman/covid19-radiography-database/COVID-19_Radiography_Dataset/Normal/images/Normal-4282.png,Normal,Normal,0.00018861648277379572,0.026013297960162163,0.9737966060638428,1.496726440564089e-06,,,
/kaggle/input/datasets/tawsifurrahman/covid19-radiography-database/COVID-19_Radiography_Dataset/Normal/images/Normal-4286.png,Normal,Lung_Opacity,4.130152228754014e-05,0.7238482236862183,0.2761087119579315,1.8516165027904208e-06,,,
/kaggle/input/datasets/tawsifurrahman/covid19-radiography-database/COVID-19_Radiography_Dataset/Normal/images/Normal-429.png,Normal,Normal,0.0001103841932490468,1.5183509276539553e-05,0.974811851978302,0.02506253309547901,,,
/kaggle/input/datasets/tawsifurrahman/covid19-radiography-database/COVID-19_Radiography_Dataset/Normal/images/Normal-4290.png,Normal,Normal,4.979104417657254e-08,0.004776960704475641,0.9952229857444763,3.59243479408633e-08,,,
/kaggle/input/datasets/tawsifurrahman/covid19-radiography-database/COVID-19_Radiography_Dataset/Normal/images/Normal-4293.png,Normal,Normal,1.8015845853369683e-05,0.00015508955402765423,0.9998268485069275,5.144342907215105e-08,,,
/kaggle/input/datasets/tawsifurrahman/covid19-radiography-database/COVID-19_Radiography_Dataset/Normal/images/Normal-4298.png,Normal,Normal,0.006524287164211273,0.13660866022109985,0.8568668961524963,1.3515811758679774e-07,,,
/kaggle/input/datasets/tawsifurrahman/covid19-radiography-database/COVID-19_Radiography_Dataset/Normal/images/Normal-4300.png,Normal,Normal,0.0001467610418330878,0.08621736615896225,0.913635790348053,1.1276734568355096e-07,,,
/kaggle/input/datasets/tawsifurrahman/covid19-radiography-database/COVID-19_Radiography_Dataset/Normal/images/Normal-431.png,Normal,Normal,0.00038730556843802333,9.77608360699378e-05,0.9232924580574036,0.07622240483760834,,,
/kaggle/input/datasets/tawsifurrahman/covid19-radiography-database/COVID-19_Radiography_Dataset/Normal/images/Normal-4316.png,Normal,Normal,5.3687240324507e-06,0.0064739505760371685,0.9935206770896912,3.1546683487704286e-08,,,
/kaggle/input/datasets/tawsifurrahman/covid19-radiography-database/COVID-19_Radiography_Dataset/Normal/images/Normal-4321.png,Normal,Lung_Opacity,0.01628289185464382,0.5353720188140869,0.4481744170188904,0.0001706610491964966,,0.2158343344926834,0.2158343344926834
/kaggle/input/datasets/tawsifurrahman/covid19-radiography-database/COVID-19_Radiography_Dataset/Normal/images/Normal-4324.png,Normal,Normal,0.05569123476743698,0.007522236090153456,0.9367803931236267,6.02892669121502e-06,,0.22966060042381287,0.22966060042381287
/kaggle/input/datasets/tawsifurrahman/covid19-radiography-database/COVID-19_Radiography_Dataset/Normal/images/Normal-4334.png,Normal,Normal,8.548617915948853e-05,0.001097981003113091,0.9988164901733398,7.25831199588356e-08,,,
/kaggle/input/datasets/tawsifurrahman/covid19-radiography-database/COVID-19_Radiography_Dataset/Normal/images/Normal-4335.png,Normal,Normal,0.08495587855577469,0.006404287647455931,0.9086361527442932,3.7091990634507965e-06,,,
/kaggle/input/datasets/tawsifurrahman/covid19-radiography-database/COVID-19_Radiography_Dataset/Normal/images/Normal-4343.png,Normal,Normal,0.010279974900186062,0.0034985439851880074,0.9862203598022461,1.0660460247891024e-06,,,
/kaggle/input/datasets/tawsifurrahman/covid19-radiography-database/COVID-19_Radiography_Dataset/Normal/images/Normal-4356.png,Normal,Normal,0.00019838984007947147,0.0012229445856064558,0.9985777139663696,9.410937877873948e-07,,,
/kaggle/input/datasets/tawsifurrahman/covid19-radiography-database/COVID-19_Radiography_Dataset/Normal/images/Normal-4360.png,Normal,Normal,3.292262044851668e-05,0.0008054792997427285,0.999160647392273,1.010436108117574e-06,,,
/kaggle/input/datasets/tawsifurrahman/covid19-radiography-database/COVID-19_Radiography_Dataset/Normal/images/Normal-4369.png,Normal,Normal,0.0005686960648745298,0.0004347215290181339,0.9989922642707825,4.407869255373953e-06,,,
/kaggle/input/datasets/tawsifurrahman/covid19-radiography-database/COVID-19_Radiography_Dataset/Normal/images/Normal-4370.png,Normal,Lung_Opacity,0.0006905186455696821,0.8390726447105408,0.16023659706115723,2.010784072581373e-07,,0.32191354036331177,0.32191354036331177
/kaggle/input/datasets/tawsifurrahman/covid19-radiography-database/COVID-19_Radiography_Dataset/Normal/images/Normal-4386.png,Normal,COVID,0.8330000042915344,0.07455790042877197,0.09213825315237045,0.00030386584694497287,,,
/kaggle/input/datasets/tawsifurrahman/covid19-radiography-database/COVID-19_Radiography_Dataset/Normal/images/Normal-439.png,Normal,Normal,0.025984125211834908,0.0016291275387629867,0.9525859355926514,0.019800812005996704,,0.18917202949523926,0.18917202949523926
/kaggle/input/datasets/tawsifurrahman/covid19-radiography-database/COVID-19_Radiography_Dataset/Normal/images/Normal-4396.png,Normal,Normal,0.000208310317248106,0.004452223423868418,0.9953225255012512,1.692489422566723e-05,,0.411201536655426,0.411201536655426
/kaggle/input/datasets/tawsifurrahman/covid19-radiography-database/COVID-19_Radiography_Dataset/Normal/images/Normal-4414.png,Normal,Normal,1.9319164493936114e-05,0.004356862511485815,0.995623767375946,4.411395901349202e-11,,,
/kaggle/input/datasets/tawsifurrahman/covid19-radiography-database/COVID-19_Radiography_Dataset/Normal/images/Normal-4425.png,Normal,Normal,0.0008082840940915048,0.029216628521680832,0.9698503613471985,0.0001247775653610006,,,
/kaggle/input/datasets/tawsifurrahman/covid19-radiography-database/COVID-19_Radiography_Dataset/Normal/images/Normal-4426.png,Normal,Normal,8.937322127167135e-05,0.0036612506955862045,0.9962491393089294,1.9836153342112084e-07,,0.34198153018951416,0.34198153018951416
/kaggle/input/datasets/tawsifurrahman/covid19-radiography-database/COVID-19_Radiography_Dataset/Normal/images/Normal-4428.png,Normal,Normal,1.8725395989349636e-07,0.00015345333667937666,0.999846339225769,1.5021258681358063e-09,,,
/kaggle/input/datasets/tawsifurrahman/covid19-radiography-database/COVID-19_Radiography_Dataset/Normal/images/Normal-4436.png,Normal,Normal,5.036646143707912e-06,0.00030922083533369005,0.9996857643127441,1.7990030798387124e-08,,,
/kaggle/input/datasets/tawsifurrahman/covid19-radiography-database/COVID-19_Radiography_Dataset/Normal/images/Normal-444.png,Normal,Normal,0.0004336886922828853,0.00035570995532907546,0.8675424456596375,0.13166813552379608,,,
/kaggle/input/datasets/tawsifurrahman/covid19-radiography-database/COVID-19_Radiography_Dataset/Normal/images/Normal-4446.png,Normal,Normal,1.0462471436767373e-05,3.869260035571642e-05,0.9999507665634155,1.54437014288078e-08,,0.3862159550189972,0.3862159550189972
/kaggle/input/datasets/tawsifurrahman/covid19-radiography-database/COVID-19_Radiography_Dataset/Normal/images/Normal-445.png,Normal,Normal,0.0001312871609115973,0.001983980881050229,0.97279953956604,0.02508525364100933,,0.18894171714782715,0.18894171714782715
/kaggle/input/datasets/tawsifurrahman/covid19-radiography-database/COVID-19_Radiography_Dataset/Normal/images/Normal-4452.png,Normal,Normal,0.0007705705356784165,0.008152623660862446,0.9910768270492554,3.601032005917659e-08,,,
/kaggle/input/datasets/tawsifurrahman/covid19-radiography-database/COVID-19_Radiography_Dataset/Normal/images/Normal-4473.png,Normal,Lung_Opacity,0.0014290489489212632,0.7839938998222351,0.2144799828529358,9.711463644634932e-05,,0.21361489593982697,0.21361489593982697
/kaggle/input/datasets/tawsifurrahman/covid19-radiography-database/COVID-19_Radiography_Dataset/Normal/images/Normal-448.png,Normal,Normal,9.28108420339413e-06,1.1329779226798564e-05,0.9994325041770935,0.0005468804738484323,,,
/kaggle/input/datasets/tawsifurrahman/covid19-radiography-database/COVID-19_Radiography_Dataset/Normal/images/Normal-4493.png,Normal,Normal,7.0416958806163166e-06,0.016619520261883736,0.9833734035491943,2.282772548767298e-08,,0.2501656115055084,0.2501656115055084
/kaggle/input/datasets/tawsifurrahman/covid19-radiography-database/COVID-19_Radiography_Dataset/Normal/images/Normal-4495.png,Normal,Normal,6.990826659603044e-05,0.001928656711243093,0.9980013966560364,3.564166461966778e-10,,0.2534472942352295,0.2534472942352295
/kaggle/input/datasets/tawsifurrahman/covid19-radiography-database/COVID-19_Radiography_Dataset/Normal/images/Normal-4498.png,Normal,Normal,0.0001004998994176276,0.012991472147405148,0.9869056344032288,2.4431431029370287e-06,,0.421789288520813,0.421789288520813
/kaggle/input/datasets/tawsifurrahman/covid19-radiography-database/COVID-19_Radiography_Dataset/Normal/images/Normal-4504.png,Normal,Normal,0.0019502510549500585,0.0005810630391351879,0.9974682331085205,5.178306423658796e-07,,0.41073378920555115,0.41073378920555115
/kaggle/input/datasets/tawsifurrahman/covid19-radiography-database/COVID-19_Radiography_Dataset/Normal/images/Normal-4508.png,Normal,Normal,0.059528786689043045,0.1193605437874794,0.8210304975509644,8.012726902961731e-05,,,
/kaggle/input/datasets/tawsifurrahman/covid19-radiography-database/COVID-19_Radiography_Dataset/Normal/images/Normal-4528.png,Normal,Normal,7.574900706686094e-08,0.0005136905238032341,0.9994862079620361,5.481070024931922e-12,,,
/kaggle/input/datasets/tawsifurrahman/covid19-radiography-database/COVID-19_Radiography_Dataset/Normal/images/Normal-4531.png,Normal,Normal,1.7476206721767085e-06,0.0056392052210867405,0.9943590760231018,8.216296393248612e-11,,,
/kaggle/input/datasets/tawsifurrahman/covid19-radiography-database/COVID-19_Radiography_Dataset/Normal/images/Normal-4533.png,Normal,Normal,0.0007983354735188186,0.017233863472938538,0.9819667339324951,1.0662104159564478e-06,,,
/kaggle/input/datasets/tawsifurrahman/covid19-radiography-database/COVID-19_Radiography_Dataset/Normal/images/Normal-4534.png,Normal,Normal,0.0016979300417006016,0.002149468520656228,0.9961475133895874,5.122270522406325e-06,,0.44859400391578674,0.44859400391578674
/kaggle/input/datasets/tawsifurrahman/covid19-radiography-database/COVID-19_Radiography_Dataset/Normal/images/Normal-4535.png,Normal,Normal,0.00017524731811136007,0.06335911899805069,0.9364653825759888,2.2179726499871322e-07,,0.29111334681510925,0.29111334681510925
/kaggle/input/datasets/tawsifurrahman/covid19-radiography-database/COVID-19_Radiography_Dataset/Normal/images/Normal-4547.png,Normal,Normal,9.236157438863302e-08,0.002066560322418809,0.9979333877563477,2.0689330804124495e-10,,0.35283127427101135,0.35283127427101135
/kaggle/input/datasets/tawsifurrahman/covid19-radiography-database/COVID-19_Radiography_Dataset/Normal/images/Normal-4560.png,Normal,Lung_Opacity,0.030000193044543266,0.7918363809585571,0.1724376380443573,0.005725806578993797,,0.25216415524482727,0.25216415524482727
/kaggle/input/datasets/tawsifurrahman/covid19-radiography-database/COVID-19_Radiography_Dataset/Normal/images/Normal-4565.png,Normal,Normal,7.258963250933448e-06,0.08282186090946198,0.9171689748764038,1.9344583961355966e-06,,0.3415832817554474,0.3415832817554474
/kaggle/input/datasets/tawsifurrahman/covid19-radiography-database/COVID-19_Radiography_Dataset/Normal/images/Normal-4571.png,Normal,Normal,0.2786603271961212,0.020280059427022934,0.6980747580528259,0.002984855556860566,,,
/kaggle/input/datasets/tawsifurrahman/covid19-radiography-database/COVID-19_Radiography_Dataset/Normal/images/Normal-4587.png,Normal,Normal,0.004543206188827753,0.14667992293834686,0.8487702012062073,6.685477728751721e-06,,,
/kaggle/input/datasets/tawsifurrahman/covid19-radiography-database/COVID-19_Radiography_Dataset/Normal/images/Normal-4588.png,Normal,Lung_Opacity,0.19613592326641083,0.44391149282455444,0.3591245412826538,0.0008280014153569937,,,
/kaggle/input/datasets/tawsifurrahman/covid19-radiography-database/COVID-19_Radiography_Dataset/Normal/images/Normal-4589.png,Normal,Normal,0.010949835181236267,0.012381293810904026,0.9766688942909241,2.4662995201651938e-08,,,
/kaggle/input/datasets/tawsifurrahman/covid19-radiography-database/COVID-19_Radiography_Dataset/Normal/images/Normal-459.png,Normal,Normal,1.405637067364296e-05,0.00022941449424251914,0.9985619187355042,0.0011945904698222876,,0.25983917713165283,0.25983917713165283
/kaggle/input/datasets/tawsifurrahman/covid19-radiography-database/COVID-19_Radiography_Dataset/Normal/images/Normal-4590.png,Normal,Normal,0.004221757873892784,0.050363488495349884,0.9454148411750793,2.3050650277411933e-09,,0.335429310798645,0.335429310798645
/kaggle/input/datasets/tawsifurrahman/covid19-radiography-database/COVID-19_Radiography_Dataset/Normal/images/Normal-4591.png,Normal,Normal,1.675687371971435e-06,0.0037412866950035095,0.996256947517395,1.0632587077452627e-07,,,
/kaggle/input/datasets/tawsifurrahman/covid19-radiography-database/COVID-19_Radiography_Dataset/Normal/images/Normal-4597.png,Normal,COVID,0.9896277189254761,0.002026287605985999,0.008331894874572754,1.4056572581466753e-05,,0.41822564601898193,0.41822564601898193
/kaggle/input/datasets/tawsifurrahman/covid19-radiography-database/COVID-19_Radiography_Dataset/Normal/images/Normal-4604.png,Normal,Lung_Opacity,1.1700241884682328e-05,0.9624775648117065,0.037504781037569046,5.9229905673419125e-06,,,
/kaggle/input/datasets/tawsifurrahman/covid19-radiography-database/COVID-19_Radiography_Dataset/Normal/images/Normal-4613.png,Normal,Normal,0.00045253135613165796,0.002111877081915736,0.9974337220191956,1.9264264210505644e-06,,,
/kaggle/input/datasets/tawsifurrahman/covid19-radiography-database/COVID-19_Radiography_Dataset/Normal/images/Normal-4618.png,Normal,Normal,0.00010740518337115645,0.000974796072114259,0.9989149570465088,2.9023276510997675e-06,,,
/kaggle/input/datasets/tawsifurrahman/covid19-radiography-database/COVID-19_Radiography_Dataset/Normal/images/Normal-4621.png,Normal,Normal,0.00020539830438792706,0.000602820364292711,0.9991907477378845,1.0881720982069965e-06,,0.272715300321579,0.272715300321579
/kaggle/input/datasets/tawsifurrahman/covid19-radiography-database/COVID-19_Radiography_Dataset/Normal/images/Normal-463.png,Normal,Normal,6.395489617716521e-05,9.877661796053872e-05,0.9959151148796082,0.003922153729945421,,,
/kaggle/input/datasets/tawsifurrahman/covid19-radiography-database/COVID-19_Radiography_Dataset/Normal/images/Normal-4633.png,Normal,Normal,3.0329795208672294e-06,0.11044075340032578,0.8895472884178162,8.894245183910243e-06,,,
/kaggle/input/datasets/tawsifurrahman/covid19-radiography-database/COVID-19_Radiography_Dataset/Normal/images/Normal-4640.png,Normal,Normal,0.0017375212628394365,0.005184589885175228,0.9930778741836548,1.131511417895581e-08,,0.23398618400096893,0.23398618400096893
/kaggle/input/datasets/tawsifurrahman/covid19-radiography-database/COVID-19_Radiography_Dataset/Normal/images/Normal-4643.png,Normal,Normal,1.6357195136151859e-06,0.007902759127318859,0.9920952916145325,2.559750100772362e-07,,0.353155255317688,0.353155255317688
/kaggle/input/datasets/tawsifurrahman/covid19-radiography-database/COVID-19_Radiography_Dataset/Normal/images/Normal-4660.png,Normal,Normal,9.759325621416792e-05,0.003282845253124833,0.9966191053390503,4.648922811156808e-07,,0.38112908601760864,0.38112908601760864
/kaggle/input/datasets/tawsifurrahman/covid19-radiography-database/COVID-19_Radiography_Dataset/Normal/images/Normal-4662.png,Normal,Normal,3.863495976474951e-07,0.0022914602886885405,0.9977082014083862,6.742748581700653e-09,,0.2860201597213745,0.2860201597213745
/kaggle/input/datasets/tawsifurrahman/covid19-radiography-database/COVID-19_Radiography_Dataset/Normal/images/Normal-4667.png,Normal,Lung_Opacity,0.0003830481437034905,0.953399658203125,0.04607071727514267,0.00014659564476460218,,,
/kaggle/input/datasets/tawsifurrahman/covid19-radiography-database/COVID-19_Radiography_Dataset/Normal/images/Normal-4672.png,Normal,Normal,1.9846776922349818e-05,0.014668503776192665,0.9853116273880005,1.2466939806887734e-11,,,
/kaggle/input/datasets/tawsifurrahman/covid19-radiography-database/COVID-19_Radiography_Dataset/Normal/images/Normal-4681.png,Normal,Normal,2.7737811251427047e-05,0.00011635866394499317,0.9998558759689331,2.0481903673097435e-10,,0.2731122374534607,0.2731122374534607
/kaggle/input/datasets/tawsifurrahman/covid19-radiography-database/COVID-19_Radiography_Dataset/Normal/images/Normal-4691.png,Normal,Normal,3.79579360014759e-05,0.004271496087312698,0.9956905245780945,2.0228577493619504e-11,,,
/kaggle/input/datasets/tawsifurrahman/covid19-radiography-database/COVID-19_Radiography_Dataset/Normal/images/Normal-4694.png,Normal,Normal,1.0949303032248281e-05,0.001823466969653964,0.9981656670570374,2.040381197332408e-09,,,
/kaggle/input/datasets/tawsifurrahman/covid19-radiography-database/COVID-19_Radiography_Dataset/Normal/images/Normal-4695.png,Normal,Normal,0.0017249012598767877,0.008971206843852997,0.9893035888671875,2.521589408388536e-07,,0.32060855627059937,0.32060855627059937
/kaggle/input/datasets/tawsifurrahman/covid19-radiography-database/COVID-19_Radiography_Dataset/Normal/images/Normal-4696.png,Normal,Lung_Opacity,2.0141909772064537e-05,0.655916690826416,0.34406226873397827,8.856669069245982e-07,,,
/kaggle/input/datasets/tawsifurrahman/covid19-radiography-database/COVID-19_Radiography_Dataset/Normal/images/Normal-4697.png,Normal,Normal,0.001121480599977076,0.005085513927042484,0.9937924742698669,5.505788180926174e-07,,,
/kaggle/input/datasets/tawsifurrahman/covid19-radiography-database/COVID-19_Radiography_Dataset/Normal/images/Normal-4704.png,Normal,Normal,3.980662910407773e-08,0.0001640784030314535,0.9998358488082886,1.5577524825616251e-09,,0.39561912417411804,0.39561912417411804
/kaggle/input/datasets/tawsifurrahman/covid19-radiography-database/COVID-19_Radiography_Dataset/Normal/images/Normal-4707.png,Normal,Normal,3.986333013017429e-06,0.004352901596575975,0.9956430196762085,8.181226007764053e-08,,,
/kaggle/input/datasets/tawsifurrahman/covid19-radiography-database/COVID-19_Radiography_Dataset/Normal/images/Normal-4713.png,Normal,Normal,7.261215841936064e-07,0.2702426016330719,0.7297566533088684,1.4114261759345936e-08,,,
/kaggle/input/datasets/tawsifurrahman/covid19-radiography-database/COVID-19_Radiography_Dataset/Normal/images/Normal-472.png,Normal,Normal,0.01415796298533678,0.00890086218714714,0.5909999012947083,0.3859412968158722,,,
/kaggle/input/datasets/tawsifurrahman/covid19-radiography-database/COVID-19_Radiography_Dataset/Normal/images/Normal-4721.png,Normal,Normal,0.010574514046311378,0.005418616347014904,0.9840033650398254,3.413248577999184e-06,,0.3828764855861664,0.3828764855861664
/kaggle/input/datasets/tawsifurrahman/covid19-radiography-database/COVID-19_Radiography_Dataset/Normal/images/Normal-4727.png,Normal,Normal,3.907141490344657e-06,0.000862644228618592,0.9991334080696106,1.0159197788572882e-10,,0.2732943892478943,0.2732943892478943
/kaggle/input/datasets/tawsifurrahman/covid19-radiography-database/COVID-19_Radiography_Dataset/Normal/images/Normal-4734.png,Normal,Normal,0.004109197296202183,0.10434727370738983,0.8915323615074158,1.1155854735989124e-05,,0.2032242715358734,0.2032242715358734
/kaggle/input/datasets/tawsifurrahman/covid19-radiography-database/COVID-19_Radiography_Dataset/Normal/images/Normal-4739.png,Normal,Normal,0.0007432435522787273,0.0020224591717123985,0.9972315430641174,2.825042884069262e-06,,,
/kaggle/input/datasets/tawsifurrahman/covid19-radiography-database/COVID-19_Radiography_Dataset/Normal/images/Normal-474.png,Normal,Normal,0.0016964211827144027,0.00337802292779088,0.9885027408599854,0.006422863807529211,,,
/kaggle/input/datasets/tawsifurrahman/covid19-radiography-database/COVID-19_Radiography_Dataset/Normal/images/Normal-4740.png,Normal,COVID,0.6242045164108276,0.016136953607201576,0.35818004608154297,0.0014785263920202851,,0.1701895296573639,0.1701895296573639
/kaggle/input/datasets/tawsifurrahman/covid19-radiography-database/COVID-19_Radiography_Dataset/Normal/images/Normal-4744.png,Normal,Normal,0.0033184296917170286,0.08973439037799835,0.9061356782913208,0.0008114785305224359,,0.40302860736846924,0.40302860736846924
/kaggle/input/datasets/tawsifurrahman/covid19-radiography-database/COVID-19_Radiography_Dataset/Normal/images/Normal-4745.png,Normal,Normal,2.125433093169704e-05,0.015047415159642696,0.9844695329666138,0.0004617452505044639,,,
/kaggle/input/datasets/tawsifurrahman/covid19-radiography-database/COVID-19_Radiography_Dataset/Normal/images/Normal-4754.png,Normal,Normal,6.714632036164403e-05,0.1265813261270523,0.8733511567115784,3.393900271930761e-07,,,
/kaggle/input/datasets/tawsifurrahman/covid19-radiography-database/COVID-19_Radiography_Dataset/Normal/images/Normal-4757.png,Normal,Normal,3.647178891696967e-05,0.006381275597959757,0.9935821890830994,6.752598480375127e-09,,,
/kaggle/input/datasets/tawsifurrahman/covid19-radiography-database/COVID-19_Radiography_Dataset/Normal/images/Normal-477.png,Normal,Normal,0.0023272631224244833,0.0007535555050708354,0.996904194355011,1.5017435543995816e-05,,,
/kaggle/input/datasets/tawsifurrahman/covid19-radiography-database/COVID-19_Radiography_Dataset/Normal/images/Normal-4780.png,Normal,Normal,0.0007981235976330936,0.0010933808516710997,0.9981080293655396,4.2868148852903687e-07,,0.30869045853614807,0.30869045853614807
/kaggle/input/datasets/tawsifurrahman/covid19-radiography-database/COVID-19_Radiography_Dataset/Normal/images/Normal-4789.png,Normal,Normal,0.029651911929249763,0.017066918313503265,0.8173509240150452,0.13593034446239471,,,
/kaggle/input/datasets/tawsifurrahman/covid19-radiography-database/COVID-19_Radiography_Dataset/Normal/images/Normal-4797.png,Normal,Normal,0.000685101724229753,0.0080035999417305,0.9913111925125122,1.3338357973680104e-07,,,
/kaggle/input/datasets/tawsifurrahman/covid19-radiography-database/COVID-19_Radiography_Dataset/Normal/images/Normal-4802.png,Normal,Normal,0.0008392960880883038,0.014083453454077244,0.9850737452507019,3.5691512039193185e-06,,0.37543100118637085,0.37543100118637085
/kaggle/input/datasets/tawsifurrahman/covid19-radiography-database/COVID-19_Radiography_Dataset/Normal/images/Normal-4811.png,Normal,Normal,6.937067610124359e-06,0.00017414001922588795,0.9998189806938171,2.521125530563495e-08,,,
/kaggle/input/datasets/tawsifurrahman/covid19-radiography-database/COVID-19_Radiography_Dataset/Normal/images/Normal-4813.png,Normal,Normal,0.043574050068855286,0.36036717891693115,0.5960574746131897,1.3135785366102937e-06,,,
/kaggle/input/datasets/tawsifurrahman/covid19-radiography-database/COVID-19_Radiography_Dataset/Normal/images/Normal-4824.png,Normal,Normal,0.01432210672646761,0.01615460403263569,0.9695176482200623,5.582674020843115e-06,,,
/kaggle/input/datasets/tawsifurrahman/covid19-radiography-database/COVID-19_Radiography_Dataset/Normal/images/Normal-4837.png,Normal,Normal,0.0005848660948686302,0.020091170445084572,0.9792764186859131,4.7527359129162505e-05,,,
/kaggle/input/datasets/tawsifurrahman/covid19-radiography-database/COVID-19_Radiography_Dataset/Normal/images/Normal-4855.png,Normal,Normal,0.001415582257322967,0.014964645728468895,0.9836196303367615,1.0374086656383952e-07,,,
/kaggle/input/datasets/tawsifurrahman/covid19-radiography-database/COVID-19_Radiography_Dataset/Normal/images/Normal-4860.png,Normal,Normal,1.9787728433584562e-07,0.00018418626859784126,0.9998156428337097,1.5986909573939556e-08,,,
/kaggle/input/datasets/tawsifurrahman/covid19-radiography-database/COVID-19_Radiography_Dataset/Normal/images/Normal-4862.png,Normal,Normal,0.0023942035622894764,0.17263849079608917,0.8248631954193115,0.00010413324343971908,,,
/kaggle/input/datasets/tawsifurrahman/covid19-radiography-database/COVID-19_Radiography_Dataset/Normal/images/Normal-4863.png,Normal,Normal,8.591631740273442e-06,0.002996981842443347,0.9969934225082397,9.971348617909825e-07,,,
/kaggle/input/datasets/tawsifurrahman/covid19-radiography-database/COVID-19_Radiography_Dataset/Normal/images/Normal-4882.png,Normal,Normal,4.7367433580802754e-05,0.010077015496790409,0.9898647665977478,1.0857998859137297e-05,,,
/kaggle/input/datasets/tawsifurrahman/covid19-radiography-database/COVID-19_Radiography_Dataset/Normal/images/Normal-4887.png,Normal,Normal,0.0011838177451863885,0.1933981031179428,0.8048399090766907,0.000578175822738558,,,
/kaggle/input/datasets/tawsifurrahman/covid19-radiography-database/COVID-19_Radiography_Dataset/Normal/images/Normal-4888.png,Normal,Normal,0.0003447977942414582,0.011502373032271862,0.9857853055000305,0.0023675118573009968,,0.37390056252479553,0.37390056252479553
/kaggle/input/datasets/tawsifurrahman/covid19-radiography-database/COVID-19_Radiography_Dataset/Normal/images/Normal-4896.png,Normal,Normal,4.353963231551461e-05,0.004413600079715252,0.9955397248268127,3.0985554531071102e-06,,0.30808955430984497,0.30808955430984497
/kaggle/input/datasets/tawsifurrahman/covid19-radiography-database/COVID-19_Radiography_Dataset/Normal/images/Normal-4901.png,Normal,Normal,6.841928552603349e-05,0.00022785579494666308,0.9997037053108215,4.591481861382363e-09,,0.3621276319026947,0.3621276319026947
/kaggle/input/datasets/tawsifurrahman/covid19-radiography-database/COVID-19_Radiography_Dataset/Normal/images/Normal-4908.png,Normal,Normal,6.2215995058068074e-06,0.011863118037581444,0.9881304502487183,2.246496109137297e-07,,,
/kaggle/input/datasets/tawsifurrahman/covid19-radiography-database/COVID-19_Radiography_Dataset/Normal/images/Normal-4912.png,Normal,Normal,0.005765602923929691,0.005115500185638666,0.9890989065170288,2.0103654605918564e-05,,0.36204764246940613,0.36204764246940613
/kaggle/input/datasets/tawsifurrahman/covid19-radiography-database/COVID-19_Radiography_Dataset/Normal/images/Normal-4914.png,Normal,Normal,2.323778744539595e-06,0.00033072501537390053,0.9996670484542847,2.4987531488385173e-10,,,
/kaggle/input/datasets/tawsifurrahman/covid19-radiography-database/COVID-19_Radiography_Dataset/Normal/images/Normal-4928.png,Normal,Normal,5.815791155328043e-05,0.009567090310156345,0.9903746247291565,3.34128974488479e-10,,,
/kaggle/input/datasets/tawsifurrahman/covid19-radiography-database/COVID-19_Radiography_Dataset/Normal/images/Normal-4929.png,Normal,Lung_Opacity,0.008417217060923576,0.8333026170730591,0.1582721620798111,8.094175427686423e-06,,,
/kaggle/input/datasets/tawsifurrahman/covid19-radiography-database/COVID-19_Radiography_Dataset/Normal/images/Normal-4937.png,Normal,Normal,0.013049361295998096,0.03952984884381294,0.9473859667778015,3.492797623039223e-05,,,
/kaggle/input/datasets/tawsifurrahman/covid19-radiography-database/COVID-19_Radiography_Dataset/Normal/images/Normal-4939.png,Normal,Lung_Opacity,0.15193256735801697,0.4173341393470764,0.41571590304374695,0.01501736044883728,,,
/kaggle/input/datasets/tawsifurrahman/covid19-radiography-database/COVID-19_Radiography_Dataset/Normal/images/Normal-4946.png,Normal,Normal,1.0246475312669645e-06,0.000156599169713445,0.9998422861099243,1.6448356010556608e-09,,0.32636559009552,0.32636559009552
/kaggle/input/datasets/tawsifurrahman/covid19-radiography-database/COVID-19_Radiography_Dataset/Normal/images/Normal-4947.png,Normal,Normal,0.16044345498085022,0.005380726419389248,0.833611786365509,0.0005639977171085775,,,
/kaggle/input/datasets/tawsifurrahman/covid19-radiography-database/COVID-19_Radiography_Dataset/Normal/images/Normal-495.png,Normal,Normal,0.00010696225217543542,0.00014264657511375844,0.9996389150619507,0.00011146470933454111,,,
/kaggle/input/datasets/tawsifurrahman/covid19-radiography-database/COVID-19_Radiography_Dataset/Normal/images/Normal-4951.png,Normal,Lung_Opacity,0.0008956992533057928,0.971595287322998,0.02734227292239666,0.00016679143300279975,,,
/kaggle/input/datasets/tawsifurrahman/covid19-radiography-database/COVID-19_Radiography_Dataset/Normal/images/Normal-496.png,Normal,Normal,0.0010797412833198905,0.003698113840073347,0.847669243812561,0.14755287766456604,,,
/kaggle/input/datasets/tawsifurrahman/covid19-radiography-database/COVID-19_Radiography_Dataset/Normal/images/Normal-4963.png,Normal,Normal,0.002159668831154704,0.024809451773762703,0.9727022051811218,0.0003286421997472644,,,
/kaggle/input/datasets/tawsifurrahman/covid19-radiography-database/COVID-19_Radiography_Dataset/Normal/images/Normal-4971.png,Normal,Normal,0.0005963239236734807,0.026311565190553665,0.9730646014213562,2.751893589447718e-05,,0.2414940744638443,0.2414940744638443
/kaggle/input/datasets/tawsifurrahman/covid19-radiography-database/COVID-19_Radiography_Dataset/Normal/images/Normal-498.png,Normal,Normal,0.001158751081675291,0.00042198950541205704,0.9950841069221497,0.0033351220190525055,,0.23942169547080994,0.23942169547080994
/kaggle/input/datasets/tawsifurrahman/covid19-radiography-database/COVID-19_Radiography_Dataset/Normal/images/Normal-4981.png,Normal,Normal,0.07585736364126205,0.001028918195515871,0.923113226890564,3.8692340353918553e-07,,0.3944682776927948,0.3944682776927948
/kaggle/input/datasets/tawsifurrahman/covid19-radiography-database/COVID-19_Radiography_Dataset/Normal/images/Normal-4985.png,Normal,Normal,0.0002539775159675628,0.00029312752303667367,0.9994528889656067,1.7910801730636194e-08,,0.43833571672439575,0.43833571672439575
/kaggle/input/datasets/tawsifurrahman/covid19-radiography-database/COVID-19_Radiography_Dataset/Normal/images/Normal-4998.png,Normal,Normal,0.0013174074701964855,0.0007298225536942482,0.9979494214057922,3.357265086378902e-06,,0.3393721878528595,0.3393721878528595
/kaggle/input/datasets/tawsifurrahman/covid19-radiography-database/COVID-19_Radiography_Dataset/Normal/images/Normal-5004.png,Normal,Normal,0.0003326610312797129,0.030129920691251755,0.9695373773574829,3.3937709531528526e-08,,,
/kaggle/input/datasets/tawsifurrahman/covid19-radiography-database/COVID-19_Radiography_Dataset/Normal/images/Normal-5006.png,Normal,Normal,9.940111340256408e-05,0.1337488740682602,0.8661515116691589,1.7228835247351526e-07,,,
/kaggle/input/datasets/tawsifurrahman/covid19-radiography-database/COVID-19_Radiography_Dataset/Normal/images/Normal-501.png,Normal,Normal,5.70297306694556e-05,6.624346860917285e-05,0.9998612403869629,1.5483810784644447e-05,,,
/kaggle/input/datasets/tawsifurrahman/covid19-radiography-database/COVID-19_Radiography_Dataset/Normal/images/Normal-5015.png,Normal,Normal,0.012123466469347477,0.013959401287138462,0.973882257938385,3.489520531729795e-05,,0.3139210641384125,0.3139210641384125
/kaggle/input/datasets/tawsifurrahman/covid19-radiography-database/COVID-19_Radiography_Dataset/Normal/images/Normal-5018.png,Normal,Normal,5.4065392760094255e-05,0.026916485279798508,0.9730129241943359,1.6530453649465926e-05,,,
/kaggle/input/datasets/tawsifurrahman/covid19-radiography-database/COVID-19_Radiography_Dataset/Normal/images/Normal-502.png,Normal,Normal,2.044806387857534e-05,0.00016491491987835616,0.9997990727424622,1.5536998034804128e-05,,,
/kaggle/input/datasets/tawsifurrahman/covid19-radiography-database/COVID-19_Radiography_Dataset/Normal/images/Normal-5024.png,Normal,Normal,0.027562929317355156,0.04550638422369957,0.9268925189971924,3.820966958301142e-05,,0.27283576130867004,0.27283576130867004
/kaggle/input/datasets/tawsifurrahman/covid19-radiography-database/COVID-19_Radiography_Dataset/Normal/images/Normal-5030.png,Normal,Normal,0.0016538345953449607,0.024291163310408592,0.9740513563156128,3.670338173833443e-06,,,
/kaggle/input/datasets/tawsifurrahman/covid19-radiography-database/COVID-19_Radiography_Dataset/Normal/images/Normal-5032.png,Normal,Normal,1.0040529559773859e-05,0.08369211852550507,0.9162977933883667,2.063152670928048e-08,,,
/kaggle/input/datasets/tawsifurrahman/covid19-radiography-database/COVID-19_Radiography_Dataset/Normal/images/Normal-5033.png,Normal,Normal,0.004291635937988758,0.00983861181885004,0.9832960963249207,0.0025736731477081776,,,
/kaggle/input/datasets/tawsifurrahman/covid19-radiography-database/COVID-19_Radiography_Dataset/Normal/images/Normal-5034.png,Normal,Normal,0.000992797315120697,0.0034023502375930548,0.9956034421920776,1.3762049775323248e-06,,,
/kaggle/input/datasets/tawsifurrahman/covid19-radiography-database/COVID-19_Radiography_Dataset/Normal/images/Normal-5043.png,Normal,Normal,3.748095650735195e-06,0.01820567063987255,0.981788694858551,1.8959749468194786e-06,,,
/kaggle/input/datasets/tawsifurrahman/covid19-radiography-database/COVID-19_Radiography_Dataset/Normal/images/Normal-5051.png,Normal,Normal,0.0032811707351356745,0.026085808873176575,0.9706196784973145,1.3303430932865012e-05,,,
/kaggle/input/datasets/tawsifurrahman/covid19-radiography-database/COVID-19_Radiography_Dataset/Normal/images/Normal-5061.png,Normal,Normal,0.00012865061580669135,0.0023968410678207874,0.9974541068077087,2.0397515982040204e-05,,,
/kaggle/input/datasets/tawsifurrahman/covid19-radiography-database/COVID-19_Radiography_Dataset/Normal/images/Normal-5064.png,Normal,Normal,0.0004171374312136322,0.0005223049665801227,0.999060332775116,3.063227609345631e-07,,0.3275901973247528,0.3275901973247528
/kaggle/input/datasets/tawsifurrahman/covid19-radiography-database/COVID-19_Radiography_Dataset/Normal/images/Normal-5065.png,Normal,Normal,0.004701459314674139,0.4965679347515106,0.49802863597869873,0.0007019321783445776,,,
/kaggle/input/datasets/tawsifurrahman/covid19-radiography-database/COVID-19_Radiography_Dataset/Normal/images/Normal-507.png,Normal,Normal,0.00017158004629891366,0.00020077249791938812,0.9957196116447449,0.003908038605004549,,,
/kaggle/input/datasets/tawsifurrahman/covid19-radiography-database/COVID-19_Radiography_Dataset/Normal/images/Normal-5070.png,Normal,Normal,0.00015937568969093263,0.2636463940143585,0.3872118890285492,0.3489822745323181,,,
/kaggle/input/datasets/tawsifurrahman/covid19-radiography-database/COVID-19_Radiography_Dataset/Normal/images/Normal-508.png,Normal,Viral Pneumonia,0.001522927195765078,0.0003381388378329575,0.40431472659111023,0.5938242077827454,,,
/kaggle/input/datasets/tawsifurrahman/covid19-radiography-database/COVID-19_Radiography_Dataset/Normal/images/Normal-5081.png,Normal,Normal,0.0004331723612267524,0.03496875613927841,0.9645962119102478,1.8995662003362668e-06,,,
/kaggle/input/datasets/tawsifurrahman/covid19-radiography-database/COVID-19_Radiography_Dataset/Normal/images/Normal-5097.png,Normal,Normal,0.004645445849746466,0.2500978708267212,0.7452463507652283,1.0258914699079469e-05,,,
/kaggle/input/datasets/tawsifurrahman/covid19-radiography-database/COVID-19_Radiography_Dataset/Normal/images/Normal-5098.png,Normal,Normal,7.36234233045252e-06,0.018226753920316696,0.981765627861023,3.0329385936056497e-07,,,
/kaggle/input/datasets/tawsifurrahman/covid19-radiography-database/COVID-19_Radiography_Dataset/Normal/images/Normal-51.png,Normal,Normal,0.004357948433607817,0.026350941509008408,0.9692872166633606,3.970360467064893e-06,,,
/kaggle/input/datasets/tawsifurrahman/covid19-radiography-database/COVID-19_Radiography_Dataset/Normal/images/Normal-5109.png,Normal,Normal,3.12129377562087e-05,0.005562788341194391,0.99440598487854,2.7695076787459527e-10,,0.39427614212036133,0.39427614212036133
/kaggle/input/datasets/tawsifurrahman/covid19-radiography-database/COVID-19_Radiography_Dataset/Normal/images/Normal-5113.png,Normal,Normal,1.735355363052804e-05,0.07687614113092422,0.9231064319610596,3.089529188038398e-10,,,
/kaggle/input/datasets/tawsifurrahman/covid19-radiography-database/COVID-19_Radiography_Dataset/Normal/images/Normal-5122.png,Normal,Normal,9.867553671938367e-06,0.03056533820927143,0.9694050550460815,1.9802761016762815e-05,,,
/kaggle/input/datasets/tawsifurrahman/covid19-radiography-database/COVID-19_Radiography_Dataset/Normal/images/Normal-5129.png,Normal,Normal,0.0031636131461709738,0.05193597450852394,0.9445025324821472,0.0003978138556703925,,,
/kaggle/input/datasets/tawsifurrahman/covid19-radiography-database/COVID-19_Radiography_Dataset/Normal/images/Normal-5130.png,Normal,Lung_Opacity,0.007954252883791924,0.8893203139305115,0.10228338837623596,0.0004420715558808297,,,
/kaggle/input/datasets/tawsifurrahman/covid19-radiography-database/COVID-19_Radiography_Dataset/Normal/images/Normal-5132.png,Normal,Normal,5.99831173531129e-06,0.0031047335360199213,0.9968892931938171,5.7680136222870715e-08,,,
/kaggle/input/datasets/tawsifurrahman/covid19-radiography-database/COVID-19_Radiography_Dataset/Normal/images/Normal-5137.png,Normal,Normal,3.2138576244733486e-08,0.015008289366960526,0.984991729259491,3.178596275077439e-12,,,
/kaggle/input/datasets/tawsifurrahman/covid19-radiography-database/COVID-19_Radiography_Dataset/Normal/images/Normal-5144.png,Normal,Normal,0.0003544870123732835,0.0023332552518695593,0.9973111152648926,1.0808108754645218e-06,,0.23695166409015656,0.23695166409015656
/kaggle/input/datasets/tawsifurrahman/covid19-radiography-database/COVID-19_Radiography_Dataset/Normal/images/Normal-5146.png,Normal,Normal,0.006680446211248636,0.2243926078081131,0.7667925953865051,0.0021343848202377558,,,
/kaggle/input/datasets/tawsifurrahman/covid19-radiography-database/COVID-19_Radiography_Dataset/Normal/images/Normal-5148.png,Normal,Lung_Opacity,0.0016220121178776026,0.8331037759780884,0.16527335345745087,7.927658884909761e-07,,,
/kaggle/input/datasets/tawsifurrahman/covid19-radiography-database/COVID-19_Radiography_Dataset/Normal/images/Normal-5150.png,Normal,Normal,0.001085420255549252,0.021527213975787163,0.9773871302604675,1.9013326379990758e-07,,,
/kaggle/input/datasets/tawsifurrahman/covid19-radiography-database/COVID-19_Radiography_Dataset/Normal/images/Normal-5160.png,Normal,Normal,8.168276508513372e-06,0.0025394191034138203,0.9974523186683655,8.606782841980021e-08,,0.2578168511390686,0.2578168511390686
/kaggle/input/datasets/tawsifurrahman/covid19-radiography-database/COVID-19_Radiography_Dataset/Normal/images/Normal-5168.png,Normal,Normal,3.246511914767325e-05,0.09315617382526398,0.906807541847229,3.851599558402086e-06,,,
/kaggle/input/datasets/tawsifurrahman/covid19-radiography-database/COVID-19_Radiography_Dataset/Normal/images/Normal-5175.png,Normal,Normal,0.0012631348799914122,0.0007426465163007379,0.997994065284729,2.4739918558225327e-07,,,
/kaggle/input/datasets/tawsifurrahman/covid19-radiography-database/COVID-19_Radiography_Dataset/Normal/images/Normal-5180.png,Normal,COVID,0.9176206588745117,0.021862760186195374,0.060479991137981415,3.661571827251464e-05,,,
/kaggle/input/datasets/tawsifurrahman/covid19-radiography-database/COVID-19_Radiography_Dataset/Normal/images/Normal-5181.png,Normal,Normal,1.606018668098841e-05,0.0010600138921290636,0.998921275138855,2.7185021735931514e-06,,,
/kaggle/input/datasets/tawsifurrahman/covid19-radiography-database/COVID-19_Radiography_Dataset/Normal/images/Normal-5185.png,Normal,Normal,4.282016379875131e-05,0.0003673480241559446,0.9995898604393005,2.71320956812815e-08,,0.23408913612365723,0.23408913612365723
/kaggle/input/datasets/tawsifurrahman/covid19-radiography-database/COVID-19_Radiography_Dataset/Normal/images/Normal-5193.png,Normal,Normal,2.2290389097179286e-05,0.0008611287921667099,0.9991165995597839,3.1235372066618083e-09,,,
/kaggle/input/datasets/tawsifurrahman/covid19-radiography-database/COVID-19_Radiography_Dataset/Normal/images/Normal-520.png,Normal,Normal,7.696277316426858e-05,0.00022752115910407156,0.998386025428772,0.0013094900641590357,,0.1802465319633484,0.1802465319633484
/kaggle/input/datasets/tawsifurrahman/covid19-radiography-database/COVID-19_Radiography_Dataset/Normal/images/Normal-5202.png,Normal,Normal,0.0008062890265136957,0.0050588976591825485,0.9941307902336121,3.99481314161676e-06,,0.39122623205184937,0.39122623205184937
/kaggle/input/datasets/tawsifurrahman/covid19-radiography-database/COVID-19_Radiography_Dataset/Normal/images/Normal-5203.png,Normal,Normal,0.00016421443433500826,0.02172958478331566,0.9780495762825012,5.6651551858522e-05,,0.25443702936172485,0.25443702936172485
/kaggle/input/datasets/tawsifurrahman/covid19-radiography-database/COVID-19_Radiography_Dataset/Normal/images/Normal-5216.png,Normal,Normal,2.9734218642829546e-08,0.0004180427931714803,0.9995819926261902,3.998934863802539e-11,,,
/kaggle/input/datasets/tawsifurrahman/covid19-radiography-database/COVID-19_Radiography_Dataset/Normal/images/Normal-522.png,Normal,Normal,0.0007353241671808064,0.005687629338353872,0.5325619578361511,0.46101510524749756,,,
/kaggle/input/datasets/tawsifurrahman/covid19-radiography-database/COVID-19_Radiography_Dataset/Normal/images/Normal-5224.png,Normal,Normal,0.027982087805867195,0.006181692238897085,0.9658361077308655,1.320292852824423e-07,,,
/kaggle/input/datasets/tawsifurrahman/covid19-radiography-database/COVID-19_Radiography_Dataset/Normal/images/Normal-5225.png,Normal,Normal,1.492694877924805e-06,0.0002768428821582347,0.9997215867042542,2.32512675779617e-08,,,
/kaggle/input/datasets/tawsifurrahman/covid19-radiography-database/COVID-19_Radiography_Dataset/Normal/images/Normal-5235.png,Normal,Normal,3.6880664993077517e-05,0.019592206925153732,0.9803708791732788,4.510001261337493e-10,,0.2555716633796692,0.2555716633796692
/kaggle/input/datasets/tawsifurrahman/covid19-radiography-database/COVID-19_Radiography_Dataset/Normal/images/Normal-524.png,Normal,Normal,0.0005131703801453114,9.768786549102515e-05,0.9974216222763062,0.001967555610463023,,,
/kaggle/input/datasets/tawsifurrahman/covid19-radiography-database/COVID-19_Radiography_Dataset/Normal/images/Normal-5252.png,Normal,Normal,0.19001397490501404,0.01937912032008171,0.7898780107498169,0.0007289230125024915,,,
/kaggle/input/datasets/tawsifurrahman/covid19-radiography-database/COVID-19_Radiography_Dataset/Normal/images/Normal-526.png,Normal,Normal,0.000915705575607717,0.00030576938297599554,0.9956687688827515,0.0031097130849957466,,,
/kaggle/input/datasets/tawsifurrahman/covid19-radiography-database/COVID-19_Radiography_Dataset/Normal/images/Normal-5280.png,Normal,Normal,0.007368410937488079,0.0782933235168457,0.9143375158309937,6.685773996650823e-07,,0.2888667583465576,0.2888667583465576
/kaggle/input/datasets/tawsifurrahman/covid19-radiography-database/COVID-19_Radiography_Dataset/Normal/images/Normal-5282.png,Normal,Normal,1.3467372809827793e-05,0.024619461968541145,0.9753668904304504,1.1855210857447673e-07,,,
/kaggle/input/datasets/tawsifurrahman/covid19-radiography-database/COVID-19_Radiography_Dataset/Normal/images/Normal-5289.png,Normal,Normal,0.00018070268561132252,0.005400612484663725,0.9941943287849426,0.00022431877732742578,,0.29686862230300903,0.29686862230300903
/kaggle/input/datasets/tawsifurrahman/covid19-radiography-database/COVID-19_Radiography_Dataset/Normal/images/Normal-529.png,Normal,Normal,0.00027798826340585947,1.6980113286990672e-05,0.9992958307266235,0.0004091254959348589,,0.19034771621227264,0.19034771621227264
/kaggle/input/datasets/tawsifurrahman/covid19-radiography-database/COVID-19_Radiography_Dataset/Normal/images/Normal-5293.png,Normal,Normal,0.0013727009063586593,0.016401877626776695,0.9822098016738892,1.555148628540337e-05,,0.21981355547904968,0.21981355547904968
/kaggle/input/datasets/tawsifurrahman/covid19-radiography-database/COVID-19_Radiography_Dataset/Normal/images/Normal-5306.png,Normal,Normal,6.21942081124871e-06,0.004717427305877209,0.9952764511108398,4.3998134025002855e-09,,0.39640092849731445,0.39640092849731445
/kaggle/input/datasets/tawsifurrahman/covid19-radiography-database/COVID-19_Radiography_Dataset/Normal/images/Normal-532.png,Normal,Normal,0.0004099849611520767,0.0002026443398790434,0.990607500076294,0.00877984520047903,,,
/kaggle/input/datasets/tawsifurrahman/covid19-radiography-database/COVID-19_Radiography_Dataset/Normal/images/Normal-5330.png,Normal,Normal,0.0002523958683013916,0.0016186569118872285,0.9981285929679871,3.4452673958185187e-07,,,
/kaggle/input/datasets/tawsifurrahman/covid19-radiography-database/COVID-19_Radiography_Dataset/Normal/images/Normal-5332.png,Normal,Normal,1.2051675184920896e-05,0.034742824733257294,0.9652450680732727,6.029780674765561e-09,,,
/kaggle/input/datasets/tawsifurrahman/covid19-radiography-database/COVID-19_Radiography_Dataset/Normal/images/Normal-5354.png,Normal,Normal,0.0026114804204553366,0.0007945174002088606,0.9965937733650208,1.5834191913199902e-07,,,
/kaggle/input/datasets/tawsifurrahman/covid19-radiography-database/COVID-19_Radiography_Dataset/Normal/images/Normal-5361.png,Normal,Normal,6.681644322270586e-07,4.950633956468664e-05,0.9999498128890991,1.7337626445623755e-08,,,
/kaggle/input/datasets/tawsifurrahman/covid19-radiography-database/COVID-19_Radiography_Dataset/Normal/images/Normal-5365.png,Normal,Normal,7.907207327662036e-05,0.0006858248962089419,0.9985986351966858,0.0006364817963913083,,0.23487909138202667,0.23487909138202667
/kaggle/input/datasets/tawsifurrahman/covid19-radiography-database/COVID-19_Radiography_Dataset/Normal/images/Normal-5370.png,Normal,Normal,0.008759384974837303,0.02132844552397728,0.9699118137359619,4.275088087979384e-07,,,
/kaggle/input/datasets/tawsifurrahman/covid19-radiography-database/COVID-19_Radiography_Dataset/Normal/images/Normal-5372.png,Normal,Normal,0.0071831210516393185,0.15892289578914642,0.8299502730369568,0.003943759948015213,,,
/kaggle/input/datasets/tawsifurrahman/covid19-radiography-database/COVID-19_Radiography_Dataset/Normal/images/Normal-5383.png,Normal,Normal,2.799600588332396e-05,0.00031925688381306827,0.9996341466903687,1.8602660929900594e-05,,,
/kaggle/input/datasets/tawsifurrahman/covid19-radiography-database/COVID-19_Radiography_Dataset/Normal/images/Normal-5386.png,Normal,Normal,1.332722240476869e-05,0.0043311105109751225,0.9956554174423218,1.295816076662959e-07,,,
/kaggle/input/datasets/tawsifurrahman/covid19-radiography-database/COVID-19_Radiography_Dataset/Normal/images/Normal-5400.png,Normal,Normal,0.00583187211304903,0.007008776534348726,0.9868677854537964,0.0002916016965173185,,,
/kaggle/input/datasets/tawsifurrahman/covid19-radiography-database/COVID-19_Radiography_Dataset/Normal/images/Normal-5402.png,Normal,Normal,0.00861262995749712,0.17807328701019287,0.8132792711257935,3.484592161839828e-05,,0.3654569089412689,0.3654569089412689
/kaggle/input/datasets/tawsifurrahman/covid19-radiography-database/COVID-19_Radiography_Dataset/Normal/images/Normal-5404.png,Normal,Normal,0.45814085006713867,0.010215208865702152,0.5316420197486877,1.959456085387501e-06,,,
/kaggle/input/datasets/tawsifurrahman/covid19-radiography-database/COVID-19_Radiography_Dataset/Normal/images/Normal-5412.png,Normal,Normal,0.00403878977522254,0.380854070186615,0.6150293350219727,7.775625272188336e-05,,,
/kaggle/input/datasets/tawsifurrahman/covid19-radiography-database/COVID-19_Radiography_Dataset/Normal/images/Normal-542.png,Normal,Normal,8.390555012738332e-05,6.157640746096149e-05,0.9987778067588806,0.0010766779305413365,,,
/kaggle/input/datasets/tawsifurrahman/covid19-radiography-database/COVID-19_Radiography_Dataset/Normal/images/Normal-5427.png,Normal,Normal,0.00020792643772438169,0.00028438097797334194,0.9995076656341553,1.4789663715930601e-08,,,
/kaggle/input/datasets/tawsifurrahman/covid19-radiography-database/COVID-19_Radiography_Dataset/Normal/images/Normal-5433.png,Normal,Lung_Opacity,0.001962085021659732,0.9198024272918701,0.07736039906740189,0.0008751610876061022,,,
/kaggle/input/datasets/tawsifurrahman/covid19-radiography-database/COVID-19_Radiography_Dataset/Normal/images/Normal-5434.png,Normal,Normal,2.796106127789244e-05,0.0005928907776251435,0.99937903881073,2.769335871732892e-10,,,
/kaggle/input/datasets/tawsifurrahman/covid19-radiography-database/COVID-19_Radiography_Dataset/Normal/images/Normal-5436.png,Normal,Normal,0.330359548330307,0.0006806515157222748,0.6689509749412537,8.851867278281134e-06,,,
/kaggle/input/datasets/tawsifurrahman/covid19-radiography-database/COVID-19_Radiography_Dataset/Normal/images/Normal-5442.png,Normal,Normal,2.3509150196332484e-05,0.029346182942390442,0.9706302881240845,9.74276570531174e-09,,0.3176715672016144,0.3176715672016144
/kaggle/input/datasets/tawsifurrahman/covid19-radiography-database/COVID-19_Radiography_Dataset/Normal/images/Normal-545.png,Normal,Normal,0.00033297028858214617,0.00019120657816529274,0.9627693295478821,0.03670654818415642,,,
/kaggle/input/datasets/tawsifurrahman/covid19-radiography-database/COVID-19_Radiography_Dataset/Normal/images/Normal-5456.png,Normal,Lung_Opacity,0.0037682841066271067,0.8318514823913574,0.1639021635055542,0.0004780906019732356,,,
/kaggle/input/datasets/tawsifurrahman/covid19-radiography-database/COVID-19_Radiography_Dataset/Normal/images/Normal-5460.png,Normal,Normal,0.000599995197262615,0.03917335346341133,0.9601823091506958,4.425306178745814e-05,,0.4819270670413971,0.4819270670413971
/kaggle/input/datasets/tawsifurrahman/covid19-radiography-database/COVID-19_Radiography_Dataset/Normal/images/Normal-5463.png,Normal,Normal,0.0008041757391765714,0.10218197107315063,0.8970105051994324,3.389943458387279e-06,,,
/kaggle/input/datasets/tawsifurrahman/covid19-radiography-database/COVID-19_Radiography_Dataset/Normal/images/Normal-5464.png,Normal,Normal,2.958913114525785e-07,0.03406425938010216,0.9659354090690613,2.999310133589006e-09,,,
/kaggle/input/datasets/tawsifurrahman/covid19-radiography-database/COVID-19_Radiography_Dataset/Normal/images/Normal-5466.png,Normal,Normal,0.0007276542019098997,0.007895234040915966,0.9870135188102722,0.004363600164651871,,,
/kaggle/input/datasets/tawsifurrahman/covid19-radiography-database/COVID-19_Radiography_Dataset/Normal/images/Normal-5470.png,Normal,Normal,2.4957869300124003e-06,0.01406596228480339,0.9859312772750854,3.203918765848357e-07,,0.4394029974937439,0.4394029974937439
/kaggle/input/datasets/tawsifurrahman/covid19-radiography-database/COVID-19_Radiography_Dataset/Normal/images/Normal-5474.png,Normal,Normal,1.3287931324157398e-06,0.0007145468262024224,0.9992842078208923,1.3991620306796904e-08,,,
/kaggle/input/datasets/tawsifurrahman/covid19-radiography-database/COVID-19_Radiography_Dataset/Normal/images/Normal-5478.png,Normal,Normal,0.00012310652527958155,0.0011961989803239703,0.9986780285835266,2.62140019913204e-06,,,
/kaggle/input/datasets/tawsifurrahman/covid19-radiography-database/COVID-19_Radiography_Dataset/Normal/images/Normal-5499.png,Normal,Normal,0.0004902919172309339,0.008096455596387386,0.991399884223938,1.3360239790927153e-05,,0.47036510705947876,0.47036510705947876
/kaggle/input/datasets/tawsifurrahman/covid19-radiography-database/COVID-19_Radiography_Dataset/Normal/images/Normal-551.png,Normal,Normal,0.014336316846311092,0.00046116573503240943,0.9504371881484985,0.03476531431078911,,,
/kaggle/input/datasets/tawsifurrahman/covid19-radiography-database/COVID-19_Radiography_Dataset/Normal/images/Normal-5530.png,Normal,Lung_Opacity,0.0001998636726057157,0.9832416772842407,0.016483064740896225,7.531273149652407e-05,,,
/kaggle/input/datasets/tawsifurrahman/covid19-radiography-database/COVID-19_Radiography_Dataset/Normal/images/Normal-5540.png,Normal,Normal,0.0248576607555151,0.024306321516633034,0.9507986903190613,3.7259203963913023e-05,,,
/kaggle/input/datasets/tawsifurrahman/covid19-radiography-database/COVID-19_Radiography_Dataset/Normal/images/Normal-5542.png,Normal,Normal,5.924648212385364e-05,0.018375979736447334,0.981562614440918,2.1589053176285233e-06,,0.6345511078834534,0.6345511078834534
/kaggle/input/datasets/tawsifurrahman/covid19-radiography-database/COVID-19_Radiography_Dataset/Normal/images/Normal-5544.png,Normal,Normal,4.861974503000965e-06,0.0935642197728157,0.9064297080039978,1.232055296895851e-06,,,
/kaggle/input/datasets/tawsifurrahman/covid19-radiography-database/COVID-19_Radiography_Dataset/Normal/images/Normal-5548.png,Normal,Lung_Opacity,0.0001506842381786555,0.6704005599021912,0.32944878935813904,7.758557352133266e-09,,,
/kaggle/input/datasets/tawsifurrahman/covid19-radiography-database/COVID-19_Radiography_Dataset/Normal/images/Normal-555.png,Normal,Normal,0.00017143163131549954,1.545252416690346e-05,0.9997650980949402,4.808183075510897e-05,,0.20623895525932312,0.20623895525932312
/kaggle/input/datasets/tawsifurrahman/covid19-radiography-database/COVID-19_Radiography_Dataset/Normal/images/Normal-5560.png,Normal,Normal,2.1777208530693315e-05,0.19132308661937714,0.8086463809013367,8.69426457938971e-06,,0.26204562187194824,0.26204562187194824
/kaggle/input/datasets/tawsifurrahman/covid19-radiography-database/COVID-19_Radiography_Dataset/Normal/images/Normal-5562.png,Normal,Normal,7.447692041750997e-05,0.0012654358288273215,0.9986579418182373,2.0774491531483363e-06,,,
/kaggle/input/datasets/tawsifurrahman/covid19-radiography-database/COVID-19_Radiography_Dataset/Normal/images/Normal-5565.png,Normal,Normal,5.629591396427713e-05,0.01166107039898634,0.9882823824882507,2.470646620622574e-07,,,
/kaggle/input/datasets/tawsifurrahman/covid19-radiography-database/COVID-19_Radiography_Dataset/Normal/images/Normal-5580.png,Normal,Normal,0.01145848911255598,0.011443031020462513,0.9762285351753235,0.0008699556929059327,,,
/kaggle/input/datasets/tawsifurrahman/covid19-radiography-database/COVID-19_Radiography_Dataset/Normal/images/Normal-5583.png,Normal,Normal,0.0012924104230478406,0.08939492702484131,0.9093123078346252,3.2525187521059706e-07,,0.2988065183162689,0.2988065183162689
/kaggle/input/datasets/tawsifurrahman/covid19-radiography-database/COVID-19_Radiography_Dataset/Normal/images/Normal-5586.png,Normal,Normal,6.777234375476837e-05,0.00012261878873687238,0.9998095631599426,5.198404195994044e-08,,0.3188103437423706,0.3188103437423706
/kaggle/input/datasets/tawsifurrahman/covid19-radiography-database/COVID-19_Radiography_Dataset/Normal/images/Normal-5589.png,Normal,Normal,0.0019685369916260242,0.002748096128925681,0.9952827095985413,5.846629846928408e-07,,0.40697017312049866,0.40697017312049866
/kaggle/input/datasets/tawsifurrahman/covid19-radiography-database/COVID-19_Radiography_Dataset/Normal/images/Normal-559.png,Normal,Normal,6.216533620317932e-06,2.5241950424970128e-05,0.9998687505722046,9.979452443076298e-05,,0.14759685099124908,0.14759685099124908
/kaggle/input/datasets/tawsifurrahman/covid19-radiography-database/COVID-19_Radiography_Dataset/Normal/images/Normal-5598.png,Normal,Normal,4.784640736943402e-07,0.0048935371451079845,0.9951025247573853,3.4647100619622506e-06,,,
/kaggle/input/datasets/tawsifurrahman/covid19-radiography-database/COVID-19_Radiography_Dataset/Normal/images/Normal-5602.png,Normal,Normal,0.00017397705232724547,0.2335367500782013,0.766278088092804,1.1176419320690911e-05,,,
/kaggle/input/datasets/tawsifurrahman/covid19-radiography-database/COVID-19_Radiography_Dataset/Normal/images/Normal-5605.png,Normal,Normal,0.00016051645798143,0.010046999901533127,0.989791750907898,7.957985985740379e-07,,,
/kaggle/input/datasets/tawsifurrahman/covid19-radiography-database/COVID-19_Radiography_Dataset/Normal/images/Normal-5609.png,Normal,Normal,0.00012806746235582978,0.021969925612211227,0.9771724343299866,0.0007296549156308174,,0.30272725224494934,0.30272725224494934
/kaggle/input/datasets/tawsifurrahman/covid19-radiography-database/COVID-19_Radiography_Dataset/Normal/images/Normal-5612.png,Normal,Normal,0.00027396896621212363,0.01885552518069744,0.9808704257011414,1.7660934048535637e-08,,0.17897570133209229,0.17897570133209229
/kaggle/input/datasets/tawsifurrahman/covid19-radiography-database/COVID-19_Radiography_Dataset/Normal/images/Normal-5616.png,Normal,Normal,0.009531952440738678,0.0030944349709898233,0.9873572587966919,1.626296216272749e-05,,,
/kaggle/input/datasets/tawsifurrahman/covid19-radiography-database/COVID-19_Radiography_Dataset/Normal/images/Normal-5621.png,Normal,Lung_Opacity,0.005099632311612368,0.8289864659309387,0.16591358184814453,2.842681396941771e-07,,,
/kaggle/input/datasets/tawsifurrahman/covid19-radiography-database/COVID-19_Radiography_Dataset/Normal/images/Normal-5631.png,Normal,Normal,0.4114782214164734,0.027339205145835876,0.5609087347984314,0.00027384216082282364,,,
/kaggle/input/datasets/tawsifurrahman/covid19-radiography-database/COVID-19_Radiography_Dataset/Normal/images/Normal-5635.png,Normal,Lung_Opacity,7.952111218401114e-07,0.5919599533081055,0.4080367684364319,2.410863771729055e-06,,,
/kaggle/input/datasets/tawsifurrahman/covid19-radiography-database/COVID-19_Radiography_Dataset/Normal/images/Normal-5645.png,Normal,Normal,0.051611099392175674,0.005200681742280722,0.9431860446929932,2.177283022319898e-06,,0.44535309076309204,0.44535309076309204
/kaggle/input/datasets/tawsifurrahman/covid19-radiography-database/COVID-19_Radiography_Dataset/Normal/images/Normal-5646.png,Normal,Normal,5.420634988695383e-05,0.0227665938436985,0.977179229259491,3.276626969750396e-08,,,
/kaggle/input/datasets/tawsifurrahman/covid19-radiography-database/COVID-19_Radiography_Dataset/Normal/images/Normal-5659.png,Normal,Normal,3.1056575267029984e-07,0.0014102263376116753,0.9985893368721008,1.0056114163603525e-08,,,
/kaggle/input/datasets/tawsifurrahman/covid19-radiography-database/COVID-19_Radiography_Dataset/Normal/images/Normal-5662.png,Normal,Normal,0.15221112966537476,0.12762533128261566,0.719525933265686,0.0006375953089445829,,,
/kaggle/input/datasets/tawsifurrahman/covid19-radiography-database/COVID-19_Radiography_Dataset/Normal/images/Normal-5679.png,Normal,Normal,1.0774966767712613e-06,0.0014632923994213343,0.9985356330871582,1.1341161787470355e-08,,0.34429895877838135,0.34429895877838135
/kaggle/input/datasets/tawsifurrahman/covid19-radiography-database/COVID-19_Radiography_Dataset/Normal/images/Normal-568.png,Normal,Normal,4.422945039550541e-06,1.1649362932075746e-05,0.9998855590820312,9.837887046160176e-05,,,
/kaggle/input/datasets/tawsifurrahman/covid19-radiography-database/COVID-19_Radiography_Dataset/Normal/images/Normal-5682.png,Normal,Normal,3.314612331450917e-05,0.2064753770828247,0.7934677004814148,2.3790478735463694e-05,,,
/kaggle/input/datasets/tawsifurrahman/covid19-radiography-database/COVID-19_Radiography_Dataset/Normal/images/Normal-5683.png,Normal,Normal,3.430068682064302e-05,0.01685418374836445,0.9831113815307617,9.908146836323795e-08,,,
/kaggle/input/datasets/tawsifurrahman/covid19-radiography-database/COVID-19_Radiography_Dataset/Normal/images/Normal-5689.png,Normal,Normal,1.75402625757215e-08,4.407291271490976e-05,0.9999558925628662,4.3725377485426264e-11,,,
/kaggle/input/datasets/tawsifurrahman/covid19-radiography-database/COVID-19_Radiography_Dataset/Normal/images/Normal-5695.png,Normal,Normal,2.8507731730798014e-09,3.1757364922668785e-05,0.9999682903289795,2.425813716566694e-10,,0.37123316526412964,0.37123316526412964
/kaggle/input/datasets/tawsifurrahman/covid19-radiography-database/COVID-19_Radiography_Dataset/Normal/images/Normal-5696.png,Normal,Normal,0.0008960203267633915,0.08843238651752472,0.9106706380844116,8.710362635611091e-07,,,
/kaggle/input/datasets/tawsifurrahman/covid19-radiography-database/COVID-19_Radiography_Dataset/Normal/images/Normal-5708.png,Normal,Normal,1.061686702996667e-06,0.0025992845185101032,0.9973996877670288,3.9302752025127674e-11,,,
/kaggle/input/datasets/tawsifurrahman/covid19-radiography-database/COVID-19_Radiography_Dataset/Normal/images/Normal-5712.png,Normal,Normal,0.0001696243416517973,0.0013332398375496268,0.9984967708587646,3.5920723462368187e-07,,,
/kaggle/input/datasets/tawsifurrahman/covid19-radiography-database/COVID-19_Radiography_Dataset/Normal/images/Normal-5717.png,Normal,Normal,2.248147893624264e-06,0.07627905160188675,0.9236533045768738,6.547214434249327e-05,,,
/kaggle/input/datasets/tawsifurrahman/covid19-radiography-database/COVID-19_Radiography_Dataset/Normal/images/Normal-5719.png,Normal,Normal,4.772856118506752e-05,0.2122393101453781,0.7877129316329956,2.7760403753518403e-08,,0.3233909606933594,0.3233909606933594
/kaggle/input/datasets/tawsifurrahman/covid19-radiography-database/COVID-19_Radiography_Dataset/Normal/images/Normal-5720.png,Normal,Normal,0.0002314250887138769,0.0004166891158092767,0.9993513226509094,5.074651880931924e-07,,,
/kaggle/input/datasets/tawsifurrahman/covid19-radiography-database/COVID-19_Radiography_Dataset/Normal/images/Normal-5724.png,Normal,Normal,1.722426895867102e-05,0.0076912264339625835,0.9922911524772644,3.299091133612819e-07,,,
/kaggle/input/datasets/tawsifurrahman/covid19-radiography-database/COVID-19_Radiography_Dataset/Normal/images/Normal-5725.png,Normal,Normal,0.00028848121291957796,0.0021238604094833136,0.9975760579109192,1.163849447038956e-05,,,
/kaggle/input/datasets/tawsifurrahman/covid19-radiography-database/COVID-19_Radiography_Dataset/Normal/images/Normal-5729.png,Normal,Normal,3.58018905899371e-06,0.016978828236460686,0.9830173254013062,1.511272813559117e-07,,,
/kaggle/input/datasets/tawsifurrahman/covid19-radiography-database/COVID-19_Radiography_Dataset/Normal/images/Normal-5740.png,Normal,Normal,0.0010334942489862442,0.0049003250896930695,0.9940610527992249,5.1437959882605355e-06,,,
/kaggle/input/datasets/tawsifurrahman/covid19-radiography-database/COVID-19_Radiography_Dataset/Normal/images/Normal-5755.png,Normal,Normal,4.929815258947201e-05,0.019347142428159714,0.9806035161018372,2.1842240016667347e-08,,0.24272052943706512,0.24272052943706512
/kaggle/input/datasets/tawsifurrahman/covid19-radiography-database/COVID-19_Radiography_Dataset/Normal/images/Normal-5757.png,Normal,Normal,1.6727419449580339e-07,0.00016146567941177636,0.9998383522033691,7.087723297161119e-09,,,
/kaggle/input/datasets/tawsifurrahman/covid19-radiography-database/COVID-19_Radiography_Dataset/Normal/images/Normal-5769.png,Normal,Normal,9.797226994123776e-06,0.0002707487146835774,0.9997194409370422,3.267352388647282e-09,,,
/kaggle/input/datasets/tawsifurrahman/covid19-radiography-database/COVID-19_Radiography_Dataset/Normal/images/Normal-5773.png,Normal,Normal,0.0026690794620662928,0.009309342131018639,0.9880216121673584,2.9170117432641973e-09,,0.356346070766449,0.356346070766449
/kaggle/input/datasets/tawsifurrahman/covid19-radiography-database/COVID-19_Radiography_Dataset/Normal/images/Normal-5783.png,Normal,Normal,3.878691927639011e-07,1.0772208952403162e-05,0.9999889135360718,2.843383688222456e-11,,0.29349273443222046,0.29349273443222046
/kaggle/input/datasets/tawsifurrahman/covid19-radiography-database/COVID-19_Radiography_Dataset/Normal/images/Normal-58.png,Normal,Normal,7.421275950036943e-05,0.15321163833141327,0.8467123508453369,1.860553879851068e-06,,,
/kaggle/input/datasets/tawsifurrahman/covid19-radiography-database/COVID-19_Radiography_Dataset/Normal/images/Normal-5817.png,Normal,Normal,1.4822492630628403e-05,0.016377389430999756,0.9836077094078064,7.782195865502217e-08,,,
/kaggle/input/datasets/tawsifurrahman/covid19-radiography-database/COVID-19_Radiography_Dataset/Normal/images/Normal-5826.png,Normal,Normal,0.000991512555629015,0.0017232871614396572,0.9972841739654541,1.0478173635419807e-06,,,
/kaggle/input/datasets/tawsifurrahman/covid19-radiography-database/COVID-19_Radiography_Dataset/Normal/images/Normal-5828.png,Normal,Normal,0.0013507917756214738,0.050682831555604935,0.9473159909248352,0.0006504020420834422,,,
/kaggle/input/datasets/tawsifurrahman/covid19-radiography-database/COVID-19_Radiography_Dataset/Normal/images/Normal-5831.png,Normal,Normal,2.248499367851764e-05,0.0032279116567224264,0.9967495203018188,1.4522899505209352e-07,,,
/kaggle/input/datasets/tawsifurrahman/covid19-radiography-database/COVID-19_Radiography_Dataset/Normal/images/Normal-5834.png,Normal,Normal,0.0004685131134465337,0.0023034759797155857,0.9972230195999146,4.972391252522357e-06,,,
/kaggle/input/datasets/tawsifurrahman/covid19-radiography-database/COVID-19_Radiography_Dataset/Normal/images/Normal-5855.png,Normal,Normal,0.002577934181317687,0.009036825969815254,0.9883829951286316,2.288815721840365e-06,,0.5057135820388794,0.5057135820388794
/kaggle/input/datasets/tawsifurrahman/covid19-radiography-database/COVID-19_Radiography_Dataset/Normal/images/Normal-5858.png,Normal,Normal,0.00034063527709804475,0.26765671372413635,0.7319974303245544,5.1852230171789415e-06,,,
/kaggle/input/datasets/tawsifurrahman/covid19-radiography-database/COVID-19_Radiography_Dataset/Normal/images/Normal-5859.png,Normal,Normal,2.0146114820818184e-06,0.00032642795122228563,0.9996715784072876,3.096046086170645e-09,,0.4033629894256592,0.4033629894256592
/kaggle/input/datasets/tawsifurrahman/covid19-radiography-database/COVID-19_Radiography_Dataset/Normal/images/Normal-5865.png,Normal,Normal,0.0004980834200978279,0.0002674591960385442,0.9992344379425049,1.1070714123206926e-07,,0.3654572367668152,0.3654572367668152
/kaggle/input/datasets/tawsifurrahman/covid19-radiography-database/COVID-19_Radiography_Dataset/Normal/images/Normal-5866.png,Normal,Normal,0.3941591680049896,0.00023379139020107687,0.6055982112884521,8.813825843390077e-06,,,
/kaggle/input/datasets/tawsifurrahman/covid19-radiography-database/COVID-19_Radiography_Dataset/Normal/images/Normal-5872.png,Normal,Normal,2.3031284399621654e-06,0.002494565211236477,0.997494101524353,9.127868906944059e-06,,,
/kaggle/input/datasets/tawsifurrahman/covid19-radiography-database/COVID-19_Radiography_Dataset/Normal/images/Normal-5876.png,Normal,Normal,0.36411094665527344,0.0015850753989070654,0.6342796087265015,2.439511808915995e-05,,,
/kaggle/input/datasets/tawsifurrahman/covid19-radiography-database/COVID-19_Radiography_Dataset/Normal/images/Normal-5880.png,Normal,Normal,2.161864540539682e-05,6.483871402451769e-05,0.9999135732650757,5.338376851682369e-09,,,
/kaggle/input/datasets/tawsifurrahman/covid19-radiography-database/COVID-19_Radiography_Dataset/Normal/images/Normal-5885.png,Normal,Normal,0.0001335715060122311,0.008484465070068836,0.991381824016571,1.8551506286712538e-07,,0.48142677545547485,0.48142677545547485
/kaggle/input/datasets/tawsifurrahman/covid19-radiography-database/COVID-19_Radiography_Dataset/Normal/images/Normal-5886.png,Normal,Normal,0.00010390700481366366,0.02592702955007553,0.9739689826965332,2.429761813971254e-08,,,
/kaggle/input/datasets/tawsifurrahman/covid19-radiography-database/COVID-19_Radiography_Dataset/Normal/images/Normal-5890.png,Normal,Normal,0.0004130225570406765,0.0810999870300293,0.918480396270752,6.662395207968075e-06,,,
/kaggle/input/datasets/tawsifurrahman/covid19-radiography-database/COVID-19_Radiography_Dataset/Normal/images/Normal-5891.png,Normal,Normal,0.0010966737754642963,0.0009101223549805582,0.9979932308197021,6.836072152793804e-09,,,
/kaggle/input/datasets/tawsifurrahman/covid19-radiography-database/COVID-19_Radiography_Dataset/Normal/images/Normal-59.png,Normal,Normal,3.610022395150736e-05,0.007755598984658718,0.992207944393158,3.563081634183618e-07,,,
/kaggle/input/datasets/tawsifurrahman/covid19-radiography-database/COVID-19_Radiography_Dataset/Normal/images/Normal-5901.png,Normal,Normal,1.684053859207779e-05,0.0024741694796830416,0.9975088834762573,1.8017196623532072e-08,,0.3482552170753479,0.3482552170753479
/kaggle/input/datasets/tawsifurrahman/covid19-radiography-database/COVID-19_Radiography_Dataset/Normal/images/Normal-5906.png,Normal,Normal,9.947782473318512e-07,0.003142243018373847,0.9968563318252563,4.1486248392175185e-07,,,
/kaggle/input/datasets/tawsifurrahman/covid19-radiography-database/COVID-19_Radiography_Dataset/Normal/images/Normal-5911.png,Normal,Normal,0.016495907679200172,0.0004970406298525631,0.9830069541931152,9.37697697267481e-10,,,
/kaggle/input/datasets/tawsifurrahman/covid19-radiography-database/COVID-19_Radiography_Dataset/Normal/images/Normal-5923.png,Normal,Normal,0.00031408198992721736,0.006619300227612257,0.9930665493011475,7.108006627731811e-08,,,
/kaggle/input/datasets/tawsifurrahman/covid19-radiography-database/COVID-19_Radiography_Dataset/Normal/images/Normal-5932.png,Normal,Normal,3.294730049674399e-05,0.00668691610917449,0.9932795166969299,6.229872155927296e-07,,,
/kaggle/input/datasets/tawsifurrahman/covid19-radiography-database/COVID-19_Radiography_Dataset/Normal/images/Normal-5937.png,Normal,Normal,0.0002435751084703952,0.00023051686002872884,0.9995255470275879,4.2315343762311386e-07,,,
/kaggle/input/datasets/tawsifurrahman/covid19-radiography-database/COVID-19_Radiography_Dataset/Normal/images/Normal-5945.png,Normal,Normal,0.012441243045032024,0.014649116434156895,0.971662700176239,0.0012470363872125745,,0.20574267208576202,0.20574267208576202
/kaggle/input/datasets/tawsifurrahman/covid19-radiography-database/COVID-19_Radiography_Dataset/Normal/images/Normal-5951.png,Normal,Normal,0.00032762272167019546,0.0011061582481488585,0.998566210269928,4.72771120030302e-08,,,
/kaggle/input/datasets/tawsifurrahman/covid19-radiography-database/COVID-19_Radiography_Dataset/Normal/images/Normal-5956.png,Normal,Normal,0.000128914529341273,0.0033068687189370394,0.9965639710426331,2.4409249022028234e-07,,,
/kaggle/input/datasets/tawsifurrahman/covid19-radiography-database/COVID-19_Radiography_Dataset/Normal/images/Normal-596.png,Normal,Normal,0.0004974178737029433,0.0050560226663947105,0.9434852004051208,0.050961341708898544,,0.3436039984226227,0.3436039984226227
/kaggle/input/datasets/tawsifurrahman/covid19-radiography-database/COVID-19_Radiography_Dataset/Normal/images/Normal-5967.png,Normal,Normal,0.010367479175329208,0.3273789584636688,0.646622359752655,0.015631191432476044,,,
/kaggle/input/datasets/tawsifurrahman/covid19-radiography-database/COVID-19_Radiography_Dataset/Normal/images/Normal-5972.png,Normal,Normal,3.062786163354758e-06,0.0002042570267803967,0.9997926354408264,6.076540159938304e-09,,,
/kaggle/input/datasets/tawsifurrahman/covid19-radiography-database/COVID-19_Radiography_Dataset/Normal/images/Normal-5983.png,Normal,Normal,4.177616403922002e-07,0.00048424239503219724,0.9995152950286865,2.827674627781107e-08,,,
/kaggle/input/datasets/tawsifurrahman/covid19-radiography-database/COVID-19_Radiography_Dataset/Normal/images/Normal-5986.png,Normal,Normal,1.1646360690065194e-05,0.016081860288977623,0.9839001893997192,6.391936494765105e-06,,0.2036440670490265,0.2036440670490265
/kaggle/input/datasets/tawsifurrahman/covid19-radiography-database/COVID-19_Radiography_Dataset/Normal/images/Normal-5990.png,Normal,Normal,0.00037918356247246265,0.06366436928510666,0.9355685710906982,0.0003878666611853987,,0.38515663146972656,0.38515663146972656
/kaggle/input/datasets/tawsifurrahman/covid19-radiography-database/COVID-19_Radiography_Dataset/Normal/images/Normal-5992.png,Normal,Normal,0.022152813151478767,0.0008679903112351894,0.9769787192344666,4.4186981540406123e-07,,,
/kaggle/input/datasets/tawsifurrahman/covid19-radiography-database/COVID-19_Radiography_Dataset/Normal/images/Normal-5999.png,Normal,Normal,0.007116800174117088,0.016661280766129494,0.9761339426040649,8.799026545602828e-05,,0.17368370294570923,0.17368370294570923
/kaggle/input/datasets/tawsifurrahman/covid19-radiography-database/COVID-19_Radiography_Dataset/Normal/images/Normal-600.png,Normal,Normal,0.002501231152564287,5.462768967845477e-05,0.9950411915779114,0.002403054852038622,,,
/kaggle/input/datasets/tawsifurrahman/covid19-radiography-database/COVID-19_Radiography_Dataset/Normal/images/Normal-6013.png,Normal,Normal,0.0006660358048975468,0.010290408506989479,0.9889860153198242,5.760792555520311e-05,,,
/kaggle/input/datasets/tawsifurrahman/covid19-radiography-database/COVID-19_Radiography_Dataset/Normal/images/Normal-6015.png,Normal,Normal,3.369085789017845e-06,0.0004895665333606303,0.9995070695877075,6.711949396276395e-08,,0.3415864408016205,0.3415864408016205
/kaggle/input/datasets/tawsifurrahman/covid19-radiography-database/COVID-19_Radiography_Dataset/Normal/images/Normal-602.png,Normal,Viral Pneumonia,0.09324739128351212,0.018455352634191513,0.21800197660923004,0.670295238494873,,,
/kaggle/input/datasets/tawsifurrahman/covid19-radiography-database/COVID-19_Radiography_Dataset/Normal/images/Normal-6024.png,Normal,Normal,0.002783052856102586,0.3220210373401642,0.6580733060836792,0.01712261512875557,,,
/kaggle/input/datasets/tawsifurrahman/covid19-radiography-database/COVID-19_Radiography_Dataset/Normal/images/Normal-6025.png,Normal,Normal,0.0004398549208417535,0.0007384715136140585,0.9988094568252563,1.2222312761878129e-05,,,
/kaggle/input/datasets/tawsifurrahman/covid19-radiography-database/COVID-19_Radiography_Dataset/Normal/images/Normal-6029.png,Normal,Normal,0.0003779035178013146,0.041250571608543396,0.9583714604377747,1.5784031859311654e-08,,0.24813033640384674,0.24813033640384674
/kaggle/input/datasets/tawsifurrahman/covid19-radiography-database/COVID-19_Radiography_Dataset/Normal/images/Normal-6036.png,Normal,Normal,0.00042561095324344933,0.030000628903508186,0.9695530533790588,2.0754305296577513e-05,,,
/kaggle/input/datasets/tawsifurrahman/covid19-radiography-database/COVID-19_Radiography_Dataset/Normal/images/Normal-6047.png,Normal,Normal,0.34857702255249023,0.2389792650938034,0.4071551561355591,0.005288582295179367,,0.33104097843170166,0.33104097843170166
/kaggle/input/datasets/tawsifurrahman/covid19-radiography-database/COVID-19_Radiography_Dataset/Normal/images/Normal-6050.png,Normal,Normal,0.0049621714279055595,0.012774367816746235,0.9822622537612915,1.3052916756350896e-06,,,
/kaggle/input/datasets/tawsifurrahman/covid19-radiography-database/COVID-19_Radiography_Dataset/Normal/images/Normal-6051.png,Normal,Normal,0.00012914382386952639,0.15434420108795166,0.8455166816711426,9.937070899468381e-06,,0.31649479269981384,0.31649479269981384
/kaggle/input/datasets/tawsifurrahman/covid19-radiography-database/COVID-19_Radiography_Dataset/Normal/images/Normal-6057.png,Normal,COVID,0.4758909046649933,0.04871758446097374,0.47537004947662354,2.1414618458948098e-05,,0.21085931360721588,0.21085931360721588
/kaggle/input/datasets/tawsifurrahman/covid19-radiography-database/COVID-19_Radiography_Dataset/Normal/images/Normal-6062.png,Normal,Normal,0.0020690863020718098,0.0005084064323455095,0.9974104762077332,1.2047661584801972e-05,,,
/kaggle/input/datasets/tawsifurrahman/covid19-radiography-database/COVID-19_Radiography_Dataset/Normal/images/Normal-6067.png,Normal,Normal,8.554653874170981e-08,0.03180423006415367,0.9681956768035889,8.747575580558831e-11,,0.3290795683860779,0.3290795683860779
/kaggle/input/datasets/tawsifurrahman/covid19-radiography-database/COVID-19_Radiography_Dataset/Normal/images/Normal-6068.png,Normal,Normal,0.005249751731753349,0.002465443918481469,0.9922829270362854,1.8871564861910883e-06,,,
/kaggle/input/datasets/tawsifurrahman/covid19-radiography-database/COVID-19_Radiography_Dataset/Normal/images/Normal-6072.png,Normal,Lung_Opacity,0.008121902123093605,0.5310972929000854,0.45964232087135315,0.0011384523240849376,,,
/kaggle/input/datasets/tawsifurrahman/covid19-radiography-database/COVID-19_Radiography_Dataset/Normal/images/Normal-6079.png,Normal,Normal,1.5993105080269743e-06,0.01990678161382675,0.9800915122032166,1.0642894920920298e-07,,,
/kaggle/input/datasets/tawsifurrahman/covid19-radiography-database/COVID-19_Radiography_Dataset/Normal/images/Normal-608.png,Normal,Normal,9.09351456357399e-06,6.229745963537425e-07,0.999980092048645,1.0195963113801554e-05,,,
/kaggle/input/datasets/tawsifurrahman/covid19-radiography-database/COVID-19_Radiography_Dataset/Normal/images/Normal-6091.png,Normal,Normal,0.2625867426395416,0.13006249070167542,0.6071928143501282,0.0001579759264132008,,,
/kaggle/input/datasets/tawsifurrahman/covid19-radiography-database/COVID-19_Radiography_Dataset/Normal/images/Normal-6093.png,Normal,Normal,5.152073299541371e-06,0.008931685239076614,0.991063117980957,9.363130271111686e-10,,,
/kaggle/input/datasets/tawsifurrahman/covid19-radiography-database/COVID-19_Radiography_Dataset/Normal/images/Normal-6095.png,Normal,Normal,0.0001735632831696421,0.00010995443153660744,0.9997164607048035,7.420479786190981e-09,,,
/kaggle/input/datasets/tawsifurrahman/covid19-radiography-database/COVID-19_Radiography_Dataset/Normal/images/Normal-61.png,Normal,Normal,0.003239224199205637,0.06779792904853821,0.9288037419319153,0.00015914122923277318,,,
/kaggle/input/datasets/tawsifurrahman/covid19-radiography-database/COVID-19_Radiography_Dataset/Normal/images/Normal-611.png,Normal,Normal,0.000281353248283267,5.0194419600302354e-05,0.9894718527793884,0.010196633636951447,,,
/kaggle/input/datasets/tawsifurrahman/covid19-radiography-database/COVID-19_Radiography_Dataset/Normal/images/Normal-6110.png,Normal,Normal,0.0003469591320026666,0.004443269222974777,0.9951260685920715,8.367502596229315e-05,,,
/kaggle/input/datasets/tawsifurrahman/covid19-radiography-database/COVID-19_Radiography_Dataset/Normal/images/Normal-6113.png,Normal,Normal,2.638799401211145e-07,0.00014829743304289877,0.9998514652252197,1.577788566464733e-08,,0.46578851342201233,0.46578851342201233
/kaggle/input/datasets/tawsifurrahman/covid19-radiography-database/COVID-19_Radiography_Dataset/Normal/images/Normal-6116.png,Normal,Normal,0.0026460611261427402,0.12815116345882416,0.8691650032997131,3.770883631659672e-05,,0.2765999734401703,0.2765999734401703
/kaggle/input/datasets/tawsifurrahman/covid19-radiography-database/COVID-19_Radiography_Dataset/Normal/images/Normal-6117.png,Normal,Normal,0.0028050641994923353,0.23360031843185425,0.7566187381744385,0.006975774187594652,,,
/kaggle/input/datasets/tawsifurrahman/covid19-radiography-database/COVID-19_Radiography_Dataset/Normal/images/Normal-6131.png,Normal,Normal,0.15577588975429535,0.027399692684412003,0.8162496089935303,0.0005747797549702227,,,
/kaggle/input/datasets/tawsifurrahman/covid19-radiography-database/COVID-19_Radiography_Dataset/Normal/images/Normal-6132.png,Normal,Normal,5.3346298955148086e-05,0.07290537655353546,0.9270343780517578,6.895519163663266e-06,,,
/kaggle/input/datasets/tawsifurrahman/covid19-radiography-database/COVID-19_Radiography_Dataset/Normal/images/Normal-6134.png,Normal,Normal,0.008931761607527733,0.007329720072448254,0.9837384223937988,6.389157647390675e-09,,0.5037800669670105,0.5037800669670105
/kaggle/input/datasets/tawsifurrahman/covid19-radiography-database/COVID-19_Radiography_Dataset/Normal/images/Normal-6136.png,Normal,Normal,0.2578248679637909,0.17097695171833038,0.5711939334869385,4.2211308937112335e-06,,0.3098803758621216,0.3098803758621216
/kaggle/input/datasets/tawsifurrahman/covid19-radiography-database/COVID-19_Radiography_Dataset/Normal/images/Normal-6145.png,Normal,Lung_Opacity,0.00013373675756156445,0.6044222116470337,0.39544394612312317,5.277207648646254e-08,,,
/kaggle/input/datasets/tawsifurrahman/covid19-radiography-database/COVID-19_Radiography_Dataset/Normal/images/Normal-6148.png,Normal,Normal,0.0005737077444791794,0.0003884698962792754,0.998985230922699,5.2683299145428464e-05,,0.284847229719162,0.284847229719162
/kaggle/input/datasets/tawsifurrahman/covid19-radiography-database/COVID-19_Radiography_Dataset/Normal/images/Normal-6163.png,Normal,Normal,0.001332671963609755,0.0016754328971728683,0.9969898462295532,1.9750450519495644e-06,,0.3663162589073181,0.3663162589073181
/kaggle/input/datasets/tawsifurrahman/covid19-radiography-database/COVID-19_Radiography_Dataset/Normal/images/Normal-6167.png,Normal,Normal,0.00021181827469263226,0.0003441995067987591,0.9994439482688904,4.411653620195466e-08,,,
/kaggle/input/datasets/tawsifurrahman/covid19-radiography-database/COVID-19_Radiography_Dataset/Normal/images/Normal-6168.png,Normal,Normal,5.9633377532009035e-05,0.01109339389950037,0.9887943863868713,5.2622552175307646e-05,,0.4493441581726074,0.4493441581726074
/kaggle/input/datasets/tawsifurrahman/covid19-radiography-database/COVID-19_Radiography_Dataset/Normal/images/Normal-617.png,Normal,Normal,2.72333136308589e-06,2.5323063255200395e-06,0.9999915361404419,3.162691427860409e-06,,0.27164873480796814,0.27164873480796814
/kaggle/input/datasets/tawsifurrahman/covid19-radiography-database/COVID-19_Radiography_Dataset/Normal/images/Normal-6175.png,Normal,Normal,0.00036416304646991193,0.010255913250148296,0.9891198873519897,0.0002601344895083457,,,
/kaggle/input/datasets/tawsifurrahman/covid19-radiography-database/COVID-19_Radiography_Dataset/Normal/images/Normal-6185.png,Normal,Normal,0.0003016473783645779,0.017345955595374107,0.9823466539382935,5.746347142121522e-06,,0.2935977876186371,0.2935977876186371
/kaggle/input/datasets/tawsifurrahman/covid19-radiography-database/COVID-19_Radiography_Dataset/Normal/images/Normal-6187.png,Normal,Normal,1.0039874496214907e-06,0.0006395609816536307,0.9993594288825989,3.0659496275120546e-08,,,
/kaggle/input/datasets/tawsifurrahman/covid19-radiography-database/COVID-19_Radiography_Dataset/Normal/images/Normal-6193.png,Normal,Normal,2.4180440050258767e-07,0.00015113396511878818,0.9998486042022705,3.1381028418181467e-12,,0.36221325397491455,0.36221325397491455
/kaggle/input/datasets/tawsifurrahman/covid19-radiography-database/COVID-19_Radiography_Dataset/Normal/images/Normal-6196.png,Normal,Normal,0.002483467338606715,0.062359683215618134,0.935154914855957,1.942318249348318e-06,,,
/kaggle/input/datasets/tawsifurrahman/covid19-radiography-database/COVID-19_Radiography_Dataset/Normal/images/Normal-620.png,Normal,Normal,0.0032768186647444963,0.00025646784342825413,0.996249258518219,0.00021752114116679877,,,
/kaggle/input/datasets/tawsifurrahman/covid19-radiography-database/COVID-19_Radiography_Dataset/Normal/images/Normal-6200.png,Normal,Normal,0.00016313398373313248,0.060752443969249725,0.9390842914581299,1.5290223132069514e-07,,,
/kaggle/input/datasets/tawsifurrahman/covid19-radiography-database/COVID-19_Radiography_Dataset/Normal/images/Normal-6203.png,Normal,Normal,0.0029108882881700993,0.002547517418861389,0.994157075881958,0.00038443499943241477,,,
/kaggle/input/datasets/tawsifurrahman/covid19-radiography-database/COVID-19_Radiography_Dataset/Normal/images/Normal-6204.png,Normal,Normal,7.514747267123312e-05,0.015260331332683563,0.9846630096435547,1.5110658750927541e-06,,,
/kaggle/input/datasets/tawsifurrahman/covid19-radiography-database/COVID-19_Radiography_Dataset/Normal/images/Normal-6214.png,Normal,Normal,6.251356808206765e-06,0.004412813577800989,0.9955788254737854,2.065067974399426e-06,,,
/kaggle/input/datasets/tawsifurrahman/covid19-radiography-database/COVID-19_Radiography_Dataset/Normal/images/Normal-6225.png,Normal,Normal,5.8322144468547776e-05,0.0022376275155693293,0.9977006316184998,3.4799761579051847e-06,,0.44316112995147705,0.44316112995147705
/kaggle/input/datasets/tawsifurrahman/covid19-radiography-database/COVID-19_Radiography_Dataset/Normal/images/Normal-623.png,Normal,Normal,2.7193020287086256e-05,4.967839049641043e-05,0.9999161958694458,6.987208962527802e-06,,,
/kaggle/input/datasets/tawsifurrahman/covid19-radiography-database/COVID-19_Radiography_Dataset/Normal/images/Normal-6234.png,Normal,Normal,0.011551931500434875,0.0019299277337267995,0.9865072965621948,1.0851388651644811e-05,,,
/kaggle/input/datasets/tawsifurrahman/covid19-radiography-database/COVID-19_Radiography_Dataset/Normal/images/Normal-6244.png,Normal,Normal,4.395426731207408e-05,0.11061029881238937,0.8893455862998962,1.417234614109475e-07,,,
/kaggle/input/datasets/tawsifurrahman/covid19-radiography-database/COVID-19_Radiography_Dataset/Normal/images/Normal-6248.png,Normal,Normal,2.3210075596580282e-05,0.00844466034322977,0.9915321469306946,4.6551587473686595e-08,,0.24930323660373688,0.24930323660373688
/kaggle/input/datasets/tawsifurrahman/covid19-radiography-database/COVID-19_Radiography_Dataset/Normal/images/Normal-6249.png,Normal,Normal,0.00019941703067161143,0.0057454342022538185,0.9940550327301025,8.772357062980518e-08,,,
/kaggle/input/datasets/tawsifurrahman/covid19-radiography-database/COVID-19_Radiography_Dataset/Normal/images/Normal-6255.png,Normal,Normal,0.00013095024041831493,0.00034787337062880397,0.999521017074585,1.5164458488925447e-07,,0.4152770936489105,0.4152770936489105
/kaggle/input/datasets/tawsifurrahman/covid19-radiography-database/COVID-19_Radiography_Dataset/Normal/images/Normal-6256.png,Normal,Normal,0.03045767918229103,0.04722170531749725,0.9117792248725891,0.010541288182139397,,0.2845907509326935,0.2845907509326935
/kaggle/input/datasets/tawsifurrahman/covid19-radiography-database/COVID-19_Radiography_Dataset/Normal/images/Normal-6259.png,Normal,Normal,0.002519855974242091,0.0005921114352531731,0.9968786239624023,9.457253327127546e-06,,,
/kaggle/input/datasets/tawsifurrahman/covid19-radiography-database/COVID-19_Radiography_Dataset/Normal/images/Normal-6263.png,Normal,Normal,3.795928569161333e-05,0.010604682378470898,0.9893574118614197,1.370858426774646e-09,,,
/kaggle/input/datasets/tawsifurrahman/covid19-radiography-database/COVID-19_Radiography_Dataset/Normal/images/Normal-6264.png,Normal,Normal,0.00046823485172353685,0.00026969207101501524,0.9992597699165344,2.3141710698837414e-06,,,
/kaggle/input/datasets/tawsifurrahman/covid19-radiography-database/COVID-19_Radiography_Dataset/Normal/images/Normal-6265.png,Normal,Normal,0.00039738661143928766,0.20644252002239227,0.7931574583053589,2.6544107640802395e-06,,0.46559610962867737,0.46559610962867737
/kaggle/input/datasets/tawsifurrahman/covid19-radiography-database/COVID-19_Radiography_Dataset/Normal/images/Normal-6269.png,Normal,Lung_Opacity,0.0009657105547375977,0.527369499206543,0.47108861804008484,0.000576165912207216,,,
/kaggle/input/datasets/tawsifurrahman/covid19-radiography-database/COVID-19_Radiography_Dataset/Normal/images/Normal-6270.png,Normal,Normal,6.600477036045049e-07,0.001726327813230455,0.9982728958129883,8.178858978968861e-11,,,
/kaggle/input/datasets/tawsifurrahman/covid19-radiography-database/COVID-19_Radiography_Dataset/Normal/images/Normal-628.png,Normal,Normal,0.00046999758342280984,0.00011097434617113322,0.9732393622398376,0.026179665699601173,,,
/kaggle/input/datasets/tawsifurrahman/covid19-radiography-database/COVID-19_Radiography_Dataset/Normal/images/Normal-6295.png,Normal,Normal,1.4965534319344442e-05,0.040075983852148056,0.9599071145057678,1.9074541341979057e-06,,,
/kaggle/input/datasets/tawsifurrahman/covid19-radiography-database/COVID-19_Radiography_Dataset/Normal/images/Normal-63.png,Normal,Normal,1.1260064638918266e-05,0.0003467714414000511,0.9987351298332214,0.0009067532955668867,,,
/kaggle/input/datasets/tawsifurrahman/covid19-radiography-database/COVID-19_Radiography_Dataset/Normal/images/Normal-6311.png,Normal,Normal,1.9348306523170322e-05,0.17522859573364258,0.8247279524803162,2.408725777058862e-05,,,
/kaggle/input/datasets/tawsifurrahman/covid19-radiography-database/COVID-19_Radiography_Dataset/Normal/images/Normal-6316.png,Normal,Normal,7.676469977013767e-05,0.0038141522090882063,0.9961090683937073,8.245350358038195e-08,,,
/kaggle/input/datasets/tawsifurrahman/covid19-radiography-database/COVID-19_Radiography_Dataset/Normal/images/Normal-6318.png,Normal,Normal,2.3325603706325637e-06,0.011854914017021656,0.988142192363739,4.997893938707421e-07,,,
/kaggle/input/datasets/tawsifurrahman/covid19-radiography-database/COVID-19_Radiography_Dataset/Normal/images/Normal-6323.png,Normal,Normal,0.002749897073954344,0.1319839507341385,0.8651854395866394,8.071954653132707e-05,,,
/kaggle/input/datasets/tawsifurrahman/covid19-radiography-database/COVID-19_Radiography_Dataset/Normal/images/Normal-634.png,Normal,Normal,0.00011913027992704883,8.049216376093682e-06,0.9998691082000732,3.800556214628159e-06,,,
/kaggle/input/datasets/tawsifurrahman/covid19-radiography-database/COVID-19_Radiography_Dataset/Normal/images/Normal-6341.png,Normal,Normal,4.93811114665732e-07,0.45639246702194214,0.543573260307312,3.3835600333986804e-05,,0.21140922605991364,0.21140922605991364
/kaggle/input/datasets/tawsifurrahman/covid19-radiography-database/COVID-19_Radiography_Dataset/Normal/images/Normal-6343.png,Normal,Normal,0.020879019051790237,0.029589936137199402,0.9494280815124512,0.00010305716568836942,,,
/kaggle/input/datasets/tawsifurrahman/covid19-radiography-database/COVID-19_Radiography_Dataset/Normal/images/Normal-6355.png,Normal,Normal,0.002912100637331605,0.00011361959332134575,0.9969742298126221,3.0547009366443945e-09,,0.2992831766605377,0.2992831766605377
/kaggle/input/datasets/tawsifurrahman/covid19-radiography-database/COVID-19_Radiography_Dataset/Normal/images/Normal-6366.png,Normal,Normal,9.18922341952566e-06,0.0008017756044864655,0.9991828799247742,6.207460955920396e-06,,0.3342697322368622,0.3342697322368622
/kaggle/input/datasets/tawsifurrahman/covid19-radiography-database/COVID-19_Radiography_Dataset/Normal/images/Normal-6367.png,Normal,Normal,0.00011099922994617373,0.006569372024387121,0.9933192729949951,4.140173928135482e-07,,0.20006203651428223,0.20006203651428223
/kaggle/input/datasets/tawsifurrahman/covid19-radiography-database/COVID-19_Radiography_Dataset/Normal/images/Normal-6368.png,Normal,Normal,0.002885586116462946,0.3626912534236908,0.6344223022460938,9.449194635635649e-07,,,
/kaggle/input/datasets/tawsifurrahman/covid19-radiography-database/COVID-19_Radiography_Dataset/Normal/images/Normal-6369.png,Normal,Normal,0.13337919116020203,0.016244275495409966,0.8503756523132324,8.70142343956104e-07,,,
/kaggle/input/datasets/tawsifurrahman/covid19-radiography-database/COVID-19_Radiography_Dataset/Normal/images/Normal-6372.png,Normal,Normal,2.594444595160894e-05,0.09830845892429352,0.9016655087471008,1.749952929230858e-07,,0.30842113494873047,0.30842113494873047
/kaggle/input/datasets/tawsifurrahman/covid19-radiography-database/COVID-19_Radiography_Dataset/Normal/images/Normal-6378.png,Normal,Normal,8.980048733064905e-06,0.0008471278706565499,0.9991439580917358,1.5355248184079073e-09,,,
/kaggle/input/datasets/tawsifurrahman/covid19-radiography-database/COVID-19_Radiography_Dataset/Normal/images/Normal-6379.png,Normal,Normal,0.006929907947778702,0.021840685978531837,0.9674239754676819,0.0038054294418543577,,,
/kaggle/input/datasets/tawsifurrahman/covid19-radiography-database/COVID-19_Radiography_Dataset/Normal/images/Normal-6380.png,Normal,Normal,2.477152975188801e-06,0.007254330441355705,0.9927431344985962,1.6756785958804699e-09,,,
/kaggle/input/datasets/tawsifurrahman/covid19-radiography-database/COVID-19_Radiography_Dataset/Normal/images/Normal-6384.png,Normal,Normal,7.246660243254155e-05,0.0022096240427345037,0.9977139234542847,4.0168274608731735e-06,,,
/kaggle/input/datasets/tawsifurrahman/covid19-radiography-database/COVID-19_Radiography_Dataset/Normal/images/Normal-6394.png,Normal,Normal,8.457692274532747e-06,0.21065959334373474,0.7893273234367371,4.584858743328368e-06,,,
/kaggle/input/datasets/tawsifurrahman/covid19-radiography-database/COVID-19_Radiography_Dataset/Normal/images/Normal-6395.png,Normal,Normal,1.8321876268601045e-05,8.262693154392764e-05,0.9998966455459595,2.3288719148695236e-06,,0.2944910526275635,0.2944910526275635
/kaggle/input/datasets/tawsifurrahman/covid19-radiography-database/COVID-19_Radiography_Dataset/Normal/images/Normal-640.png,Normal,Normal,0.0001410679833497852,4.118660945096053e-05,0.9967869520187378,0.0030308214481920004,,,
/kaggle/input/datasets/tawsifurrahman/covid19-radiography-database/COVID-19_Radiography_Dataset/Normal/images/Normal-6409.png,Normal,Normal,0.004708327818661928,0.008095085620880127,0.9868000745773315,0.0003964134375564754,,,
/kaggle/input/datasets/tawsifurrahman/covid19-radiography-database/COVID-19_Radiography_Dataset/Normal/images/Normal-6411.png,Normal,Normal,9.713484178064391e-05,0.31263309717178345,0.6826747059822083,0.004595020320266485,,,
/kaggle/input/datasets/tawsifurrahman/covid19-radiography-database/COVID-19_Radiography_Dataset/Normal/images/Normal-6412.png,Normal,Normal,3.797013050643727e-05,0.0002626478089950979,0.9996988773345947,4.6936372655181913e-07,,,
/kaggle/input/datasets/tawsifurrahman/covid19-radiography-database/COVID-19_Radiography_Dataset/Normal/images/Normal-6433.png,Normal,Normal,0.0017975512892007828,0.031077122315764427,0.9663799405097961,0.0007453378639183939,,0.2671264410018921,0.2671264410018921
/kaggle/input/datasets/tawsifurrahman/covid19-radiography-database/COVID-19_Radiography_Dataset/Normal/images/Normal-645.png,Normal,Normal,0.0028193406760692596,0.0017532124184072018,0.9946739673614502,0.0007534219184890389,,,
/kaggle/input/datasets/tawsifurrahman/covid19-radiography-database/COVID-19_Radiography_Dataset/Normal/images/Normal-6450.png,Normal,Normal,0.00024017402029130608,0.11924076825380325,0.880515992641449,3.074759206356248e-06,,,
/kaggle/input/datasets/tawsifurrahman/covid19-radiography-database/COVID-19_Radiography_Dataset/Normal/images/Normal-6455.png,Normal,Normal,0.0032221833243966103,0.005375157576054335,0.9913922548294067,1.0480433957127389e-05,,,
/kaggle/input/datasets/tawsifurrahman/covid19-radiography-database/COVID-19_Radiography_Dataset/Normal/images/Normal-6462.png,Normal,Normal,4.608073140843771e-06,0.0017390457214787602,0.998256266117096,7.944478142007938e-08,,,
/kaggle/input/datasets/tawsifurrahman/covid19-radiography-database/COVID-19_Radiography_Dataset/Normal/images/Normal-6463.png,Normal,Normal,1.3293338874120764e-08,5.02469720231602e-06,0.9999949932098389,2.5991583885165426e-11,,0.34400519728660583,0.34400519728660583
/kaggle/input/datasets/tawsifurrahman/covid19-radiography-database/COVID-19_Radiography_Dataset/Normal/images/Normal-6472.png,Normal,Normal,0.012991624884307384,0.03913813829421997,0.9477744102478027,9.58740638452582e-05,,,
/kaggle/input/datasets/tawsifurrahman/covid19-radiography-database/COVID-19_Radiography_Dataset/Normal/images/Normal-6475.png,Normal,Normal,0.00028743644361384213,0.006080391351133585,0.9936257600784302,6.357072379614692e-06,,0.349956214427948,0.349956214427948
/kaggle/input/datasets/tawsifurrahman/covid19-radiography-database/COVID-19_Radiography_Dataset/Normal/images/Normal-6480.png,Normal,Normal,0.00013105411198921502,0.00010416338773211464,0.999764621257782,8.093949332987904e-08,,,
/kaggle/input/datasets/tawsifurrahman/covid19-radiography-database/COVID-19_Radiography_Dataset/Normal/images/Normal-6484.png,Normal,Normal,0.00027088919887319207,0.0030937273986637592,0.9964042901992798,0.00023110576148610562,,,
/kaggle/input/datasets/tawsifurrahman/covid19-radiography-database/COVID-19_Radiography_Dataset/Normal/images/Normal-649.png,Normal,Normal,7.115787593647838e-05,1.0586724783934187e-05,0.9999170303344727,1.1852301895487471e-06,,,
/kaggle/input/datasets/tawsifurrahman/covid19-radiography-database/COVID-19_Radiography_Dataset/Normal/images/Normal-6495.png,Normal,Normal,0.016014445573091507,0.0018515470437705517,0.9821327328681946,1.259159148503386e-06,,0.49936434626579285,0.49936434626579285
/kaggle/input/datasets/tawsifurrahman/covid19-radiography-database/COVID-19_Radiography_Dataset/Normal/images/Normal-650.png,Normal,Normal,0.0005675255670212209,6.968398520257324e-05,0.9993591904640198,3.6181909308652394e-06,,,
/kaggle/input/datasets/tawsifurrahman/covid19-radiography-database/COVID-19_Radiography_Dataset/Normal/images/Normal-6504.png,Normal,Normal,2.1906473193666898e-05,0.005043618846684694,0.9949344992637634,6.659016220378344e-12,,,
/kaggle/input/datasets/tawsifurrahman/covid19-radiography-database/COVID-19_Radiography_Dataset/Normal/images/Normal-6529.png,Normal,Normal,0.0276721753180027,0.0013112316373735666,0.9707304835319519,0.0002862171968445182,,,
/kaggle/input/datasets/tawsifurrahman/covid19-radiography-database/COVID-19_Radiography_Dataset/Normal/images/Normal-6534.png,Normal,Normal,6.598286290682154e-06,0.012304090894758701,0.9876870512962341,2.306152282471885e-06,,,
/kaggle/input/datasets/tawsifurrahman/covid19-radiography-database/COVID-19_Radiography_Dataset/Normal/images/Normal-6535.png,Normal,Normal,2.7690230126609094e-05,0.0005448804586194456,0.9994237422943115,3.720635959325591e-06,,0.35402047634124756,0.35402047634124756
/kaggle/input/datasets/tawsifurrahman/covid19-radiography-database/COVID-19_Radiography_Dataset/Normal/images/Normal-6541.png,Normal,Normal,0.020147906616330147,0.04455355927348137,0.9352947473526001,3.807021357715712e-06,,,
/kaggle/input/datasets/tawsifurrahman/covid19-radiography-database/COVID-19_Radiography_Dataset/Normal/images/Normal-6549.png,Normal,Normal,0.07361436635255814,0.015889128670096397,0.9091309905052185,0.0013655828079208732,,,
/kaggle/input/datasets/tawsifurrahman/covid19-radiography-database/COVID-19_Radiography_Dataset/Normal/images/Normal-6550.png,Normal,Normal,0.00023548127501271665,0.017460377886891365,0.9823036789894104,4.623310019269411e-07,,,
/kaggle/input/datasets/tawsifurrahman/covid19-radiography-database/COVID-19_Radiography_Dataset/Normal/images/Normal-6567.png,Normal,Normal,3.7247693398967385e-05,0.009594579227268696,0.9903682470321655,1.1914118580591548e-09,,,
/kaggle/input/datasets/tawsifurrahman/covid19-radiography-database/COVID-19_Radiography_Dataset/Normal/images/Normal-658.png,Normal,Normal,0.0010483191581442952,0.002303263172507286,0.9965752959251404,7.306810584850609e-05,,,
/kaggle/input/datasets/tawsifurrahman/covid19-radiography-database/COVID-19_Radiography_Dataset/Normal/images/Normal-6581.png,Normal,Normal,0.0001897815673146397,0.01848267763853073,0.9813275933265686,1.5439566070085675e-08,,,
/kaggle/input/datasets/tawsifurrahman/covid19-radiography-database/COVID-19_Radiography_Dataset/Normal/images/Normal-6584.png,Normal,Normal,0.11588853597640991,0.0957605168223381,0.788332462310791,1.849266300268937e-05,,0.41931599378585815,0.41931599378585815
/kaggle/input/datasets/tawsifurrahman/covid19-radiography-database/COVID-19_Radiography_Dataset/Normal/images/Normal-6589.png,Normal,Normal,0.004455415066331625,0.0010438784956932068,0.9944950938224792,5.523783329408616e-06,,0.4246828556060791,0.4246828556060791
/kaggle/input/datasets/tawsifurrahman/covid19-radiography-database/COVID-19_Radiography_Dataset/Normal/images/Normal-6591.png,Normal,Normal,0.0065940143540501595,0.004127402789890766,0.9892758131027222,2.7317357762512984e-06,,0.24185135960578918,0.24185135960578918
/kaggle/input/datasets/tawsifurrahman/covid19-radiography-database/COVID-19_Radiography_Dataset/Normal/images/Normal-6596.png,Normal,Normal,0.0002558405976742506,0.0013553776079788804,0.9983887672424316,8.806357865154268e-10,,0.22530734539031982,0.22530734539031982
/kaggle/input/datasets/tawsifurrahman/covid19-radiography-database/COVID-19_Radiography_Dataset/Normal/images/Normal-6608.png,Normal,Normal,0.00040461268508806825,0.0006944761262275279,0.9989008903503418,2.0872274575367555e-08,,,
/kaggle/input/datasets/tawsifurrahman/covid19-radiography-database/COVID-19_Radiography_Dataset/Normal/images/Normal-6611.png,Normal,Normal,7.720659050391987e-05,0.000729467545170337,0.9991933703422546,3.1643371256606656e-10,,,
/kaggle/input/datasets/tawsifurrahman/covid19-radiography-database/COVID-19_Radiography_Dataset/Normal/images/Normal-6613.png,Normal,Normal,5.356389010557905e-05,0.009413064457476139,0.9905325174331665,7.912387331998616e-07,,,
/kaggle/input/datasets/tawsifurrahman/covid19-radiography-database/COVID-19_Radiography_Dataset/Normal/images/Normal-6619.png,Normal,Normal,0.0001203472274937667,0.05855930224061012,0.9413204193115234,9.340981321770414e-09,,0.3862855136394501,0.3862855136394501
/kaggle/input/datasets/tawsifurrahman/covid19-radiography-database/COVID-19_Radiography_Dataset/Normal/images/Normal-6627.png,Normal,Lung_Opacity,0.0017030888702720404,0.9438605904579163,0.05441512167453766,2.1236788597889245e-05,,0.40419766306877136,0.40419766306877136
/kaggle/input/datasets/tawsifurrahman/covid19-radiography-database/COVID-19_Radiography_Dataset/Normal/images/Normal-663.png,Normal,Normal,0.00025442862533964217,4.79500595247373e-05,0.8374491333961487,0.16224847733974457,,,
/kaggle/input/datasets/tawsifurrahman/covid19-radiography-database/COVID-19_Radiography_Dataset/Normal/images/Normal-6630.png,Normal,Normal,1.5881686243890414e-10,0.00020476386998780072,0.9997952580451965,2.760020673380631e-13,,,
/kaggle/input/datasets/tawsifurrahman/covid19-radiography-database/COVID-19_Radiography_Dataset/Normal/images/Normal-6632.png,Normal,Normal,7.613609341206029e-05,2.0907516955048777e-05,0.9999029636383057,8.320178990217642e-10,,,
/kaggle/input/datasets/tawsifurrahman/covid19-radiography-database/COVID-19_Radiography_Dataset/Normal/images/Normal-6634.png,Normal,Normal,0.00014766064123250544,0.022429458796977997,0.9774228930473328,3.122477210126817e-08,,,
/kaggle/input/datasets/tawsifurrahman/covid19-radiography-database/COVID-19_Radiography_Dataset/Normal/images/Normal-6637.png,Normal,Normal,0.0003694197803270072,0.0028345705941319466,0.9967959523200989,8.461233136358715e-08,,,
/kaggle/input/datasets/tawsifurrahman/covid19-radiography-database/COVID-19_Radiography_Dataset/Normal/images/Normal-6640.png,Normal,Normal,0.0058149960823357105,0.10055255889892578,0.8936205506324768,1.189616978081176e-05,,,
/kaggle/input/datasets/tawsifurrahman/covid19-radiography-database/COVID-19_Radiography_Dataset/Normal/images/Normal-6653.png,Normal,Normal,0.0029093194752931595,0.1718733161687851,0.8005090355873108,0.024708328768610954,,0.24458806216716766,0.24458806216716766
/kaggle/input/datasets/tawsifurrahman/covid19-radiography-database/COVID-19_Radiography_Dataset/Normal/images/Normal-6662.png,Normal,Normal,4.765322501043556e-06,0.0007299883873201907,0.9992652535438538,1.8413182090171176e-09,,,
/kaggle/input/datasets/tawsifurrahman/covid19-radiography-database/COVID-19_Radiography_Dataset/Normal/images/Normal-6680.png,Normal,Normal,0.004095067735761404,0.03989384323358536,0.956008791923523,2.3109555513656233e-06,,,
/kaggle/input/datasets/tawsifurrahman/covid19-radiography-database/COVID-19_Radiography_Dataset/Normal/images/Normal-6682.png,Normal,Normal,1.820033139665611e-05,0.005960117559880018,0.9940215945243835,1.763971724244584e-08,,,
/kaggle/input/datasets/tawsifurrahman/covid19-radiography-database/COVID-19_Radiography_Dataset/Normal/images/Normal-6688.png,Normal,Normal,0.0034579855855554342,0.057447370141744614,0.9390944838523865,1.2776571622907795e-07,,,
/kaggle/input/datasets/tawsifurrahman/covid19-radiography-database/COVID-19_Radiography_Dataset/Normal/images/Normal-6689.png,Normal,Normal,0.00842940341681242,0.0052033825777471066,0.9863556027412415,1.1683913726301398e-05,,,
/kaggle/input/datasets/tawsifurrahman/covid19-radiography-database/COVID-19_Radiography_Dataset/Normal/images/Normal-6696.png,Normal,Normal,6.3285815485869534e-06,7.28521918063052e-05,0.9999206066131592,2.6561716026662907e-07,,,
/kaggle/input/datasets/tawsifurrahman/covid19-radiography-database/COVID-19_Radiography_Dataset/Normal/images/Normal-6703.png,Normal,Normal,0.044019389897584915,0.20452886819839478,0.7514079213142395,4.388443994685076e-05,,0.2883857488632202,0.2883857488632202
/kaggle/input/datasets/tawsifurrahman/covid19-radiography-database/COVID-19_Radiography_Dataset/Normal/images/Normal-671.png,Normal,Normal,0.005852793343365192,0.0005386760458350182,0.990177571773529,0.0034309448674321175,,,
/kaggle/input/datasets/tawsifurrahman/covid19-radiography-database/COVID-19_Radiography_Dataset/Normal/images/Normal-6720.png,Normal,Lung_Opacity,3.442474735493306e-06,0.6084569692611694,0.3915395140647888,4.768316230752134e-08,,0.29414263367652893,0.29414263367652893
/kaggle/input/datasets/tawsifurrahman/covid19-radiography-database/COVID-19_Radiography_Dataset/Normal/images/Normal-673.png,Normal,Normal,8.652838005218655e-05,0.00013799687440041453,0.9991834759712219,0.0005920484545640647,,,
/kaggle/input/datasets/tawsifurrahman/covid19-radiography-database/COVID-19_Radiography_Dataset/Normal/images/Normal-6743.png,Normal,Normal,0.06834445148706436,0.009973818436264992,0.921562671661377,0.00011897369404323399,,0.3393755555152893,0.3393755555152893
/kaggle/input/datasets/tawsifurrahman/covid19-radiography-database/COVID-19_Radiography_Dataset/Normal/images/Normal-6745.png,Normal,Normal,0.00039630552055314183,0.0003785318695008755,0.9992251396179199,6.900285676181284e-09,,,
/kaggle/input/datasets/tawsifurrahman/covid19-radiography-database/COVID-19_Radiography_Dataset/Normal/images/Normal-6746.png,Normal,Normal,0.0004171827167738229,0.00636123213917017,0.9932215213775635,1.588467739566113e-07,,0.29942938685417175,0.29942938685417175
/kaggle/input/datasets/tawsifurrahman/covid19-radiography-database/COVID-19_Radiography_Dataset/Normal/images/Normal-6747.png,Normal,Normal,0.00014705175999552011,0.053959839046001434,0.9458930492401123,1.1266340749216397e-07,,0.22570760548114777,0.22570760548114777
/kaggle/input/datasets/tawsifurrahman/covid19-radiography-database/COVID-19_Radiography_Dataset/Normal/images/Normal-6760.png,Normal,Normal,1.814636675590009e-06,0.0005777001497335732,0.9994205236434937,6.380390971116867e-08,,,
/kaggle/input/datasets/tawsifurrahman/covid19-radiography-database/COVID-19_Radiography_Dataset/Normal/images/Normal-6761.png,Normal,Normal,0.005141971632838249,0.0026178874541074038,0.9920459985733032,0.00019416536088101566,,0.4734152853488922,0.4734152853488922
/kaggle/input/datasets/tawsifurrahman/covid19-radiography-database/COVID-19_Radiography_Dataset/Normal/images/Normal-6775.png,Normal,Normal,6.914346158737317e-06,0.00043880281737074256,0.9995538592338562,4.2753868001454975e-07,,0.4386144280433655,0.4386144280433655
/kaggle/input/datasets/tawsifurrahman/covid19-radiography-database/COVID-19_Radiography_Dataset/Normal/images/Normal-678.png,Normal,Normal,4.7069806896615773e-05,3.155897866236046e-05,0.9970068335533142,0.0029145004227757454,,0.22218233346939087,0.22218233346939087
/kaggle/input/datasets/tawsifurrahman/covid19-radiography-database/COVID-19_Radiography_Dataset/Normal/images/Normal-6780.png,Normal,Normal,1.1076300324930344e-05,0.00013404681521933526,0.9998548030853271,2.7769167174063192e-11,,,
/kaggle/input/datasets/tawsifurrahman/covid19-radiography-database/COVID-19_Radiography_Dataset/Normal/images/Normal-6782.png,Normal,Normal,2.429980895612971e-06,0.0011750335106626153,0.9988222718238831,2.568019112914044e-07,,,
/kaggle/input/datasets/tawsifurrahman/covid19-radiography-database/COVID-19_Radiography_Dataset/Normal/images/Normal-6798.png,Normal,Normal,0.0027890484780073166,0.002904614433646202,0.9909941554069519,0.0033122077584266663,,,
/kaggle/input/datasets/tawsifurrahman/covid19-radiography-database/COVID-19_Radiography_Dataset/Normal/images/Normal-6800.png,Normal,Normal,3.998103238700423e-06,0.0002921877021435648,0.9997033476829529,4.407712026477384e-07,,,
/kaggle/input/datasets/tawsifurrahman/covid19-radiography-database/COVID-19_Radiography_Dataset/Normal/images/Normal-6807.png,Normal,Normal,2.95685208584473e-06,0.06361367553472519,0.9363834261894226,8.859826761131728e-11,,,
/kaggle/input/datasets/tawsifurrahman/covid19-radiography-database/COVID-19_Radiography_Dataset/Normal/images/Normal-6815.png,Normal,Normal,0.06877348572015762,0.0006388070760294795,0.930587112903595,6.04425736128178e-07,,,
/kaggle/input/datasets/tawsifurrahman/covid19-radiography-database/COVID-19_Radiography_Dataset/Normal/images/Normal-6816.png,Normal,Normal,0.006397949997335672,0.052280835807323456,0.9412956237792969,2.5576218831702136e-05,,,
/kaggle/input/datasets/tawsifurrahman/covid19-radiography-database/COVID-19_Radiography_Dataset/Normal/images/Normal-6818.png,Normal,Normal,7.87339813541621e-05,0.00019244104623794556,0.9997287392616272,5.528775007257458e-11,,,
/kaggle/input/datasets/tawsifurrahman/covid19-radiography-database/COVID-19_Radiography_Dataset/Normal/images/Normal-6831.png,Normal,Normal,8.206636266550049e-05,0.003331386484205723,0.9965864419937134,2.3329016940465408e-08,,,
/kaggle/input/datasets/tawsifurrahman/covid19-radiography-database/COVID-19_Radiography_Dataset/Normal/images/Normal-6832.png,Normal,Normal,0.012876114808022976,0.06771453469991684,0.9177656769752502,0.0016436523292213678,,0.36057788133621216,0.36057788133621216
/kaggle/input/datasets/tawsifurrahman/covid19-radiography-database/COVID-19_Radiography_Dataset/Normal/images/Normal-6834.png,Normal,Normal,0.08635971695184708,0.03911542519927025,0.8740554451942444,0.0004694295348599553,,,
/kaggle/input/datasets/tawsifurrahman/covid19-radiography-database/COVID-19_Radiography_Dataset/Normal/images/Normal-6838.png,Normal,Normal,2.0852221496170387e-05,0.016192816197872162,0.9837825894355774,3.7121717468835413e-06,,,
/kaggle/input/datasets/tawsifurrahman/covid19-radiography-database/COVID-19_Radiography_Dataset/Normal/images/Normal-6840.png,Normal,Normal,0.0029419318307191133,0.008339452557265759,0.9886887669563293,2.982636942761019e-05,,,
/kaggle/input/datasets/tawsifurrahman/covid19-radiography-database/COVID-19_Radiography_Dataset/Normal/images/Normal-6841.png,Normal,Normal,5.851074820384383e-05,0.13497085869312286,0.8649704456329346,2.1583710463346506e-07,,,
/kaggle/input/datasets/tawsifurrahman/covid19-radiography-database/COVID-19_Radiography_Dataset/Normal/images/Normal-6846.png,Normal,Normal,0.08237610757350922,0.0922720804810524,0.8251663446426392,0.00018543908663559705,,0.28746655583381653,0.28746655583381653
/kaggle/input/datasets/tawsifurrahman/covid19-radiography-database/COVID-19_Radiography_Dataset/Normal/images/Normal-686.png,Normal,Normal,0.02922641672194004,0.0004968077992089093,0.8458658456802368,0.12441093474626541,,,
/kaggle/input/datasets/tawsifurrahman/covid19-radiography-database/COVID-19_Radiography_Dataset/Normal/images/Normal-6866.png,Normal,Normal,0.04270802438259125,0.05148814991116524,0.9039013981819153,0.0019023624481633306,,0.1604529172182083,0.1604529172182083
/kaggle/input/datasets/tawsifurrahman/covid19-radiography-database/COVID-19_Radiography_Dataset/Normal/images/Normal-6872.png,Normal,Normal,7.170204980866401e-07,0.0002647816436365247,0.9997344613075256,2.7257559764848338e-08,,0.2886227071285248,0.2886227071285248
/kaggle/input/datasets/tawsifurrahman/covid19-radiography-database/COVID-19_Radiography_Dataset/Normal/images/Normal-6884.png,Normal,Normal,3.0741797672817484e-05,0.013936042785644531,0.9860331416130066,1.4700201056427886e-08,,0.21363161504268646,0.21363161504268646
/kaggle/input/datasets/tawsifurrahman/covid19-radiography-database/COVID-19_Radiography_Dataset/Normal/images/Normal-6892.png,Normal,Normal,8.656038517074194e-06,0.0010798725998029113,0.9989113807678223,1.7317242750891637e-08,,,
/kaggle/input/datasets/tawsifurrahman/covid19-radiography-database/COVID-19_Radiography_Dataset/Normal/images/Normal-6894.png,Normal,Normal,3.7672125472454354e-05,0.0001838918251451105,0.9997778534889221,5.968812502032961e-07,,,
/kaggle/input/datasets/tawsifurrahman/covid19-radiography-database/COVID-19_Radiography_Dataset/Normal/images/Normal-6896.png,Normal,Normal,0.0004901232314296067,0.002979251090437174,0.9965295195579529,1.0625768709360273e-06,,,
/kaggle/input/datasets/tawsifurrahman/covid19-radiography-database/COVID-19_Radiography_Dataset/Normal/images/Normal-6899.png,Normal,Normal,6.623545050388202e-05,0.00022498700127471238,0.9997087121009827,2.231262813401358e-10,,,
/kaggle/input/datasets/tawsifurrahman/covid19-radiography-database/COVID-19_Radiography_Dataset/Normal/images/Normal-6908.png,Normal,Normal,0.03354857116937637,0.3968261778354645,0.5693866014480591,0.000238699241890572,,,
/kaggle/input/datasets/tawsifurrahman/covid19-radiography-database/COVID-19_Radiography_Dataset/Normal/images/Normal-6913.png,Normal,Normal,2.8985624567212653e-07,0.008808999322354794,0.9911907911300659,4.357498806228932e-09,,0.49515271186828613,0.49515271186828613
/kaggle/input/datasets/tawsifurrahman/covid19-radiography-database/COVID-19_Radiography_Dataset/Normal/images/Normal-6914.png,Normal,Normal,7.812872354406863e-05,0.0005276582087390125,0.9993941783905029,1.1762987917052214e-08,,,
/kaggle/input/datasets/tawsifurrahman/covid19-radiography-database/COVID-19_Radiography_Dataset/Normal/images/Normal-6915.png,Normal,Normal,0.006879527121782303,0.007314347196370363,0.9858059287071228,1.386310515272271e-07,,,
/kaggle/input/datasets/tawsifurrahman/covid19-radiography-database/COVID-19_Radiography_Dataset/Normal/images/Normal-6933.png,Normal,Normal,1.015575799101498e-05,0.03538085147738457,0.9646089673042297,1.5230810390676197e-08,,,
/kaggle/input/datasets/tawsifurrahman/covid19-radiography-database/COVID-19_Radiography_Dataset/Normal/images/Normal-6934.png,Normal,Normal,0.00026788481045514345,0.0024303016252815723,0.9973002076148987,1.6677073517712415e-06,,,
/kaggle/input/datasets/tawsifurrahman/covid19-radiography-database/COVID-19_Radiography_Dataset/Normal/images/Normal-6947.png,Normal,Normal,0.002786468481644988,0.00033961381996050477,0.9968721270561218,1.7905814502228168e-06,,,
/kaggle/input/datasets/tawsifurrahman/covid19-radiography-database/COVID-19_Radiography_Dataset/Normal/images/Normal-6950.png,Normal,Lung_Opacity,0.0006906272610649467,0.7014763951301575,0.29775068163871765,8.234443521359935e-05,,0.186285138130188,0.186285138130188
/kaggle/input/datasets/tawsifurrahman/covid19-radiography-database/COVID-19_Radiography_Dataset/Normal/images/Normal-6951.png,Normal,Normal,1.7856294221019198e-08,0.11929696053266525,0.8807029128074646,1.1035857738761479e-07,,,
/kaggle/input/datasets/tawsifurrahman/covid19-radiography-database/COVID-19_Radiography_Dataset/Normal/images/Normal-6956.png,Normal,Normal,1.565526076774404e-06,0.035301316529512405,0.9646970629692078,1.144149308629494e-08,,,
/kaggle/input/datasets/tawsifurrahman/covid19-radiography-database/COVID-19_Radiography_Dataset/Normal/images/Normal-6967.png,Normal,Normal,0.0034315921366214752,0.013342449441552162,0.9832178354263306,8.036317922233138e-06,,,
/kaggle/input/datasets/tawsifurrahman/covid19-radiography-database/COVID-19_Radiography_Dataset/Normal/images/Normal-6976.png,Normal,Normal,8.315435479744337e-06,0.0012009955244138837,0.9987906813621521,2.9074317953181605e-10,,,
/kaggle/input/datasets/tawsifurrahman/covid19-radiography-database/COVID-19_Radiography_Dataset/Normal/images/Normal-6981.png,Normal,Normal,0.012784476391971111,0.024554749950766563,0.9626495242118835,1.1202783753105905e-05,,0.43417951464653015,0.43417951464653015
/kaggle/input/datasets/tawsifurrahman/covid19-radiography-database/COVID-19_Radiography_Dataset/Normal/images/Normal-6987.png,Normal,Normal,2.110389687004499e-06,0.0005166122573427856,0.9994812607765198,5.583830287037017e-08,,,
/kaggle/input/datasets/tawsifurrahman/covid19-radiography-database/COVID-19_Radiography_Dataset/Normal/images/Normal-6990.png,Normal,Normal,0.003604873549193144,0.0005926926387473941,0.9958018660545349,6.187585768202553e-07,,,
/kaggle/input/datasets/tawsifurrahman/covid19-radiography-database/COVID-19_Radiography_Dataset/Normal/images/Normal-6991.png,Normal,Normal,9.15949567570351e-06,0.00019293709192425013,0.9997978806495667,3.289559913355333e-08,,,
/kaggle/input/datasets/tawsifurrahman/covid19-radiography-database/COVID-19_Radiography_Dataset/Normal/images/Normal-6993.png,Normal,Normal,3.723214103956707e-05,0.038614749908447266,0.9608667492866516,0.0004812929255422205,,,
/kaggle/input/datasets/tawsifurrahman/covid19-radiography-database/COVID-19_Radiography_Dataset/Normal/images/Normal-6995.png,Normal,Normal,3.9143196772783995e-07,0.013750447891652584,0.9862491488456726,4.38551310821822e-08,,,
/kaggle/input/datasets/tawsifurrahman/covid19-radiography-database/COVID-19_Radiography_Dataset/Normal/images/Normal-6998.png,Normal,Normal,2.64871437138936e-06,0.0027703484520316124,0.9972270131111145,2.193342396594744e-09,,,
/kaggle/input/datasets/tawsifurrahman/covid19-radiography-database/COVID-19_Radiography_Dataset/Normal/images/Normal-70.png,Normal,Normal,0.001274867681786418,0.00012695867917500436,0.9826272130012512,0.015970999374985695,,0.1933971494436264,0.1933971494436264
/kaggle/input/datasets/tawsifurrahman/covid19-radiography-database/COVID-19_Radiography_Dataset/Normal/images/Normal-7007.png,Normal,Normal,0.0008069854229688644,0.08455963432788849,0.9146166443824768,1.6813783076941036e-05,,0.3265281915664673,0.3265281915664673
/kaggle/input/datasets/tawsifurrahman/covid19-radiography-database/COVID-19_Radiography_Dataset/Normal/images/Normal-7014.png,Normal,Normal,0.09996366500854492,0.011306727305054665,0.8885303735733032,0.00019922024512197822,,0.31998953223228455,0.31998953223228455
/kaggle/input/datasets/tawsifurrahman/covid19-radiography-database/COVID-19_Radiography_Dataset/Normal/images/Normal-7019.png,Normal,Normal,3.4295266232220456e-05,0.0032341789919883013,0.9967314004898071,8.596823164452871e-08,,,
/kaggle/input/datasets/tawsifurrahman/covid19-radiography-database/COVID-19_Radiography_Dataset/Normal/images/Normal-702.png,Normal,Normal,0.0015655040042474866,0.0006277762004174292,0.5344896912574768,0.46331703662872314,,,
/kaggle/input/datasets/tawsifurrahman/covid19-radiography-database/COVID-19_Radiography_Dataset/Normal/images/Normal-7026.png,Normal,Normal,1.3441112400869315e-07,3.497395300655626e-05,0.9999649524688721,1.1087732815218132e-10,,0.34373003244400024,0.34373003244400024
/kaggle/input/datasets/tawsifurrahman/covid19-radiography-database/COVID-19_Radiography_Dataset/Normal/images/Normal-7035.png,Normal,Normal,8.968409383669496e-05,0.3343552052974701,0.6655547618865967,4.1141626638818707e-07,,,
/kaggle/input/datasets/tawsifurrahman/covid19-radiography-database/COVID-19_Radiography_Dataset/Normal/images/Normal-704.png,Normal,Normal,0.00019091936701443046,0.00798068568110466,0.5838237404823303,0.4080047309398651,,,
/kaggle/input/datasets/tawsifurrahman/covid19-radiography-database/COVID-19_Radiography_Dataset/Normal/images/Normal-7041.png,Normal,Normal,0.00021938650752417743,0.005541828460991383,0.9942359328269958,2.831015081028454e-06,,0.3042072355747223,0.3042072355747223
/kaggle/input/datasets/tawsifurrahman/covid19-radiography-database/COVID-19_Radiography_Dataset/Normal/images/Normal-7042.png,Normal,Normal,0.0005888209561817348,0.0005099775735288858,0.9989010095596313,1.3547705179917102e-07,,,
/kaggle/input/datasets/tawsifurrahman/covid19-radiography-database/COVID-19_Radiography_Dataset/Normal/images/Normal-7052.png,Normal,Normal,0.00012173157301731408,0.05745468661189079,0.9424233436584473,2.5582423290870793e-07,,0.24255011975765228,0.24255011975765228
/kaggle/input/datasets/tawsifurrahman/covid19-radiography-database/COVID-19_Radiography_Dataset/Normal/images/Normal-7055.png,Normal,Normal,0.00017776209278963506,0.005599427502602339,0.9942228198051453,2.86273144078919e-10,,,
/kaggle/input/datasets/tawsifurrahman/covid19-radiography-database/COVID-19_Radiography_Dataset/Normal/images/Normal-706.png,Normal,Normal,0.0017042651306837797,0.0006750639877282083,0.9571633338928223,0.040457382798194885,,,
/kaggle/input/datasets/tawsifurrahman/covid19-radiography-database/COVID-19_Radiography_Dataset/Normal/images/Normal-7063.png,Normal,Normal,0.21290168166160583,0.07696203142404556,0.7099770903587341,0.0001592152548255399,,,
/kaggle/input/datasets/tawsifurrahman/covid19-radiography-database/COVID-19_Radiography_Dataset/Normal/images/Normal-7070.png,Normal,Normal,0.00014802199439145625,0.05828997865319252,0.9415619373321533,4.9383071853981164e-08,,,
/kaggle/input/datasets/tawsifurrahman/covid19-radiography-database/COVID-19_Radiography_Dataset/Normal/images/Normal-7074.png,Normal,Normal,0.0006354113575071096,4.002162677352317e-05,0.9993245601654053,8.0785715894649e-09,,0.31243017315864563,0.31243017315864563
/kaggle/input/datasets/tawsifurrahman/covid19-radiography-database/COVID-19_Radiography_Dataset/Normal/images/Normal-708.png,Normal,Normal,0.2269379198551178,0.02121610939502716,0.7512792348861694,0.0005667170626111329,,,
/kaggle/input/datasets/tawsifurrahman/covid19-radiography-database/COVID-19_Radiography_Dataset/Normal/images/Normal-7087.png,Normal,Normal,6.599070275115082e-06,0.01591419242322445,0.9840791821479797,3.6952054749406216e-09,,,
/kaggle/input/datasets/tawsifurrahman/covid19-radiography-database/COVID-19_Radiography_Dataset/Normal/images/Normal-7094.png,Normal,Normal,0.0004627228481695056,0.008649138733744621,0.990854024887085,3.417777406866662e-05,,0.19034293293952942,0.19034293293952942
/kaggle/input/datasets/tawsifurrahman/covid19-radiography-database/COVID-19_Radiography_Dataset/Normal/images/Normal-7117.png,Normal,Normal,0.00028515447047539055,0.02238583005964756,0.9773287177085876,2.548602253682475e-07,,,
/kaggle/input/datasets/tawsifurrahman/covid19-radiography-database/COVID-19_Radiography_Dataset/Normal/images/Normal-7119.png,Normal,Normal,3.237036239056579e-08,0.00034081414924003184,0.9996591806411743,3.730840347770936e-08,,,
/kaggle/input/datasets/tawsifurrahman/covid19-radiography-database/COVID-19_Radiography_Dataset/Normal/images/Normal-7124.png,Normal,Lung_Opacity,0.0004133664770051837,0.87110435962677,0.1284816563129425,6.706618478347082e-07,,0.2362290918827057,0.2362290918827057
/kaggle/input/datasets/tawsifurrahman/covid19-radiography-database/COVID-19_Radiography_Dataset/Normal/images/Normal-7129.png,Normal,Normal,1.3320473044586834e-05,0.0018366981530562043,0.9981499910354614,3.245665780582385e-08,,0.24569790065288544,0.24569790065288544
/kaggle/input/datasets/tawsifurrahman/covid19-radiography-database/COVID-19_Radiography_Dataset/Normal/images/Normal-7137.png,Normal,Normal,4.187795639154501e-06,0.0017901102546602488,0.9982038736343384,1.8902353531302651e-06,,,
/kaggle/input/datasets/tawsifurrahman/covid19-radiography-database/COVID-19_Radiography_Dataset/Normal/images/Normal-7141.png,Normal,Normal,0.00017346690583508462,0.1538875252008438,0.845938503742218,4.751746303099935e-07,,0.4157244861125946,0.4157244861125946
/kaggle/input/datasets/tawsifurrahman/covid19-radiography-database/COVID-19_Radiography_Dataset/Normal/images/Normal-7148.png,Normal,Normal,0.05365752801299095,0.019375301897525787,0.926872730255127,9.451084770262241e-05,,,
/kaggle/input/datasets/tawsifurrahman/covid19-radiography-database/COVID-19_Radiography_Dataset/Normal/images/Normal-7154.png,Normal,Normal,3.203533196938224e-05,0.003785023232921958,0.9961828589439392,2.1011455686448244e-08,,0.44025102257728577,0.44025102257728577
/kaggle/input/datasets/tawsifurrahman/covid19-radiography-database/COVID-19_Radiography_Dataset/Normal/images/Normal-7156.png,Normal,Normal,0.004090799950063229,0.08486523479223251,0.9110354781150818,8.467551197099965e-06,,0.33990684151649475,0.33990684151649475
/kaggle/input/datasets/tawsifurrahman/covid19-radiography-database/COVID-19_Radiography_Dataset/Normal/images/Normal-7157.png,Normal,Normal,1.701771907391958e-05,4.0196340705733746e-05,0.9999427795410156,1.951660014154477e-11,,,
/kaggle/input/datasets/tawsifurrahman/covid19-radiography-database/COVID-19_Radiography_Dataset/Normal/images/Normal-7160.png,Normal,Normal,0.14325721561908722,0.002257987856864929,0.8420210480690002,0.012463771738111973,,,
/kaggle/input/datasets/tawsifurrahman/covid19-radiography-database/COVID-19_Radiography_Dataset/Normal/images/Normal-7162.png,Normal,Normal,2.781553666864056e-05,0.0067384615540504456,0.993209183216095,2.4555578420404345e-05,,0.3890599012374878,0.3890599012374878
/kaggle/input/datasets/tawsifurrahman/covid19-radiography-database/COVID-19_Radiography_Dataset/Normal/images/Normal-7163.png,Normal,Normal,0.0029557254165410995,0.21202333271503448,0.7849693298339844,5.166092159925029e-05,,0.453276664018631,0.453276664018631
/kaggle/input/datasets/tawsifurrahman/covid19-radiography-database/COVID-19_Radiography_Dataset/Normal/images/Normal-7164.png,Normal,Normal,0.0007812401163391769,0.0003267840656917542,0.9988846182823181,7.318195002881112e-06,,,
/kaggle/input/datasets/tawsifurrahman/covid19-radiography-database/COVID-19_Radiography_Dataset/Normal/images/Normal-7181.png,Normal,Normal,0.000445518089691177,0.0014893854968249798,0.9980650544166565,1.602782973009198e-08,,,
/kaggle/input/datasets/tawsifurrahman/covid19-radiography-database/COVID-19_Radiography_Dataset/Normal/images/Normal-7182.png,Normal,Normal,0.00026953956694342196,0.1196344718337059,0.8800296187400818,6.642640073550865e-05,,,
/kaggle/input/datasets/tawsifurrahman/covid19-radiography-database/COVID-19_Radiography_Dataset/Normal/images/Normal-7188.png,Normal,Normal,4.017860646854388e-06,9.809040784602985e-05,0.999897837638855,1.9636121617594426e-09,,,
/kaggle/input/datasets/tawsifurrahman/covid19-radiography-database/COVID-19_Radiography_Dataset/Normal/images/Normal-7192.png,Normal,Lung_Opacity,4.743277531815693e-05,0.9679904580116272,0.031885646283626556,7.650302723050117e-05,,,
/kaggle/input/datasets/tawsifurrahman/covid19-radiography-database/COVID-19_Radiography_Dataset/Normal/images/Normal-7193.png,Normal,Normal,6.887856898174505e-07,0.08433109521865845,0.915666937828064,1.345428472632193e-06,,0.19179725646972656,0.19179725646972656
/kaggle/input/datasets/tawsifurrahman/covid19-radiography-database/COVID-19_Radiography_Dataset/Normal/images/Normal-72.png,Normal,Normal,0.000269959302386269,0.0007458344916813076,0.9621217846870422,0.036862343549728394,,,
/kaggle/input/datasets/tawsifurrahman/covid19-radiography-database/COVID-19_Radiography_Dataset/Normal/images/Normal-720.png,Normal,Normal,0.00011310737318126485,2.8934297006344423e-05,0.9879410862922668,0.011916900984942913,,,
/kaggle/input/datasets/tawsifurrahman/covid19-radiography-database/COVID-19_Radiography_Dataset/Normal/images/Normal-7207.png,Normal,Normal,2.1357458024340303e-08,0.0031436767894774675,0.9968562126159668,1.302843060102532e-07,,,
/kaggle/input/datasets/tawsifurrahman/covid19-radiography-database/COVID-19_Radiography_Dataset/Normal/images/Normal-7239.png,Normal,Normal,0.0008307654061354697,0.005055414047092199,0.9941031336784363,1.068569781637052e-05,,0.37165671586990356,0.37165671586990356
/kaggle/input/datasets/tawsifurrahman/covid19-radiography-database/COVID-19_Radiography_Dataset/Normal/images/Normal-7242.png,Normal,Lung_Opacity,1.8760935915906884e-07,0.9629048109054565,0.03708770498633385,7.345060112129431e-06,,,
/kaggle/input/datasets/tawsifurrahman/covid19-radiography-database/COVID-19_Radiography_Dataset/Normal/images/Normal-7248.png,Normal,Normal,0.010575941763818264,0.03786920756101608,0.9515538811683655,9.270198120248097e-07,,,
/kaggle/input/datasets/tawsifurrahman/covid19-radiography-database/COVID-19_Radiography_Dataset/Normal/images/Normal-7253.png,Normal,Normal,0.01952151209115982,0.02027704566717148,0.9602014422416687,7.895503695287687e-10,,,
/kaggle/input/datasets/tawsifurrahman/covid19-radiography-database/COVID-19_Radiography_Dataset/Normal/images/Normal-7266.png,Normal,Normal,0.027488932013511658,0.3503073453903198,0.6222010850906372,2.596886361061479e-06,,,
/kaggle/input/datasets/tawsifurrahman/covid19-radiography-database/COVID-19_Radiography_Dataset/Normal/images/Normal-7279.png,Normal,Normal,0.0010805970523506403,0.016085518524050713,0.9827746748924255,5.9172059991396964e-05,,,
/kaggle/input/datasets/tawsifurrahman/covid19-radiography-database/COVID-19_Radiography_Dataset/Normal/images/Normal-7287.png,Normal,Normal,1.833764326875098e-05,0.002544224727898836,0.9974374771118164,2.701298906782057e-10,,,
/kaggle/input/datasets/tawsifurrahman/covid19-radiography-database/COVID-19_Radiography_Dataset/Normal/images/Normal-7295.png,Normal,Normal,1.095993638955406e-06,0.03872159123420715,0.9612771272659302,8.753816160833594e-08,,,
/kaggle/input/datasets/tawsifurrahman/covid19-radiography-database/COVID-19_Radiography_Dataset/Normal/images/Normal-7311.png,Normal,Normal,2.363076490041749e-08,0.00023444856924470514,0.9997655749320984,2.103673311937282e-11,,,
/kaggle/input/datasets/tawsifurrahman/covid19-radiography-database/COVID-19_Radiography_Dataset/Normal/images/Normal-7313.png,Normal,COVID,0.4960893392562866,0.012137292884290218,0.4917666018009186,6.791514806536725e-06,,,
/kaggle/input/datasets/tawsifurrahman/covid19-radiography-database/COVID-19_Radiography_Dataset/Normal/images/Normal-7315.png,Normal,Normal,9.130714715865906e-06,0.31137996912002563,0.6886106133460999,3.324977626562031e-07,,0.3657315969467163,0.3657315969467163
/kaggle/input/datasets/tawsifurrahman/covid19-radiography-database/COVID-19_Radiography_Dataset/Normal/images/Normal-7321.png,Normal,Normal,0.0002367091947235167,0.09856852889060974,0.9011946320533752,1.4755477195649291e-07,,,
/kaggle/input/datasets/tawsifurrahman/covid19-radiography-database/COVID-19_Radiography_Dataset/Normal/images/Normal-7327.png,Normal,Normal,1.7031412426149473e-05,5.812831295770593e-05,0.9999232292175293,1.632540602258814e-06,,,
/kaggle/input/datasets/tawsifurrahman/covid19-radiography-database/COVID-19_Radiography_Dataset/Normal/images/Normal-7329.png,Normal,Lung_Opacity,0.0025417779106646776,0.9504690766334534,0.04679086431860924,0.00019827031064778566,,,
/kaggle/input/datasets/tawsifurrahman/covid19-radiography-database/COVID-19_Radiography_Dataset/Normal/images/Normal-733.png,Normal,Normal,4.785279088537209e-05,1.6694493751856498e-06,0.9999502897262573,2.9677016755158547e-07,,0.22560332715511322,0.22560332715511322
/kaggle/input/datasets/tawsifurrahman/covid19-radiography-database/COVID-19_Radiography_Dataset/Normal/images/Normal-7334.png,Normal,Normal,0.0029506459832191467,0.006344964262098074,0.9906957149505615,8.697083103470504e-06,,,
/kaggle/input/datasets/tawsifurrahman/covid19-radiography-database/COVID-19_Radiography_Dataset/Normal/images/Normal-7336.png,Normal,Normal,0.0002457763475831598,0.018421689048409462,0.9813298583030701,2.6826976409211056e-06,,,
/kaggle/input/datasets/tawsifurrahman/covid19-radiography-database/COVID-19_Radiography_Dataset/Normal/images/Normal-7337.png,Normal,Normal,0.0007001112098805606,0.03118443861603737,0.967505693435669,0.0006098296144045889,,,
/kaggle/input/datasets/tawsifurrahman/covid19-radiography-database/COVID-19_Radiography_Dataset/Normal/images/Normal-735.png,Normal,Normal,0.0021704640239477158,0.0009851619834080338,0.9960445165634155,0.0007999057415872812,,,
/kaggle/input/datasets/tawsifurrahman/covid19-radiography-database/COVID-19_Radiography_Dataset/Normal/images/Normal-7355.png,Normal,Normal,1.5205482668534387e-06,0.2535876929759979,0.7464105486869812,2.9853896421627724e-07,,,
/kaggle/input/datasets/tawsifurrahman/covid19-radiography-database/COVID-19_Radiography_Dataset/Normal/images/Normal-7356.png,Normal,Normal,2.9086845643178094e-06,0.00047788687516003847,0.9995192289352417,1.9641606119336075e-09,,,
/kaggle/input/datasets/tawsifurrahman/covid19-radiography-database/COVID-19_Radiography_Dataset/Normal/images/Normal-7371.png,Normal,Normal,0.0010349013609811664,0.0027696320321410894,0.9961950778961182,3.0346984658535803e-07,,,
/kaggle/input/datasets/tawsifurrahman/covid19-radiography-database/COVID-19_Radiography_Dataset/Normal/images/Normal-7380.png,Normal,Normal,0.007236081641167402,0.0006581415073014796,0.9920507073402405,5.5084128689486533e-05,,,
/kaggle/input/datasets/tawsifurrahman/covid19-radiography-database/COVID-19_Radiography_Dataset/Normal/images/Normal-7402.png,Normal,Normal,0.006216882728040218,0.006588680204004049,0.9871943593025208,1.067646024921487e-07,,0.3074684143066406,0.3074684143066406
/kaggle/input/datasets/tawsifurrahman/covid19-radiography-database/COVID-19_Radiography_Dataset/Normal/images/Normal-7403.png,Normal,Normal,1.3611953363579232e-05,0.0014436147175729275,0.9985161423683167,2.6644403988029808e-05,,,
/kaggle/input/datasets/tawsifurrahman/covid19-radiography-database/COVID-19_Radiography_Dataset/Normal/images/Normal-7407.png,Normal,Normal,0.00018234991875942796,0.02080925554037094,0.9790040850639343,4.35258289144258e-06,,,
/kaggle/input/datasets/tawsifurrahman/covid19-radiography-database/COVID-19_Radiography_Dataset/Normal/images/Normal-7428.png,Normal,Normal,0.00023851940932217985,0.23013269901275635,0.7694499492645264,0.00017881904204841703,,0.23625490069389343,0.23625490069389343
/kaggle/input/datasets/tawsifurrahman/covid19-radiography-database/COVID-19_Radiography_Dataset/Normal/images/Normal-7436.png,Normal,Normal,7.528853166149929e-05,0.0005950394552201033,0.999329686164856,1.9655746474889213e-10,,0.23708127439022064,0.23708127439022064
/kaggle/input/datasets/tawsifurrahman/covid19-radiography-database/COVID-19_Radiography_Dataset/Normal/images/Normal-7438.png,Normal,Lung_Opacity,3.74633091269061e-05,0.7457109093666077,0.254251629114151,8.439684506811318e-09,,0.2868648171424866,0.2868648171424866
/kaggle/input/datasets/tawsifurrahman/covid19-radiography-database/COVID-19_Radiography_Dataset/Normal/images/Normal-7453.png,Normal,Normal,0.0009494409314356744,0.002021424239501357,0.9970241189002991,5.004478680348257e-06,,,
/kaggle/input/datasets/tawsifurrahman/covid19-radiography-database/COVID-19_Radiography_Dataset/Normal/images/Normal-7457.png,Normal,Normal,4.786119461641647e-05,0.0012860555434599519,0.9986610412597656,5.052491815149551e-06,,0.27338191866874695,0.27338191866874695
/kaggle/input/datasets/tawsifurrahman/covid19-radiography-database/COVID-19_Radiography_Dataset/Normal/images/Normal-7458.png,Normal,Lung_Opacity,2.276859595440328e-05,0.5525395274162292,0.44743773341178894,2.812676136443315e-08,,,
/kaggle/input/datasets/tawsifurrahman/covid19-radiography-database/COVID-19_Radiography_Dataset/Normal/images/Normal-7460.png,Normal,Normal,0.00021526336786337197,0.01793840155005455,0.981842041015625,4.345218258094974e-06,,,
/kaggle/input/datasets/tawsifurrahman/covid19-radiography-database/COVID-19_Radiography_Dataset/Normal/images/Normal-7466.png,Normal,Normal,0.00036981113953515887,0.0037675669882446527,0.995862603187561,1.166463814428198e-08,,,
/kaggle/input/datasets/tawsifurrahman/covid19-radiography-database/COVID-19_Radiography_Dataset/Normal/images/Normal-7468.png,Normal,Normal,0.0005271382397040725,0.013898473232984543,0.9854300022125244,0.00014439188817050308,,,
/kaggle/input/datasets/tawsifurrahman/covid19-radiography-database/COVID-19_Radiography_Dataset/Normal/images/Normal-7472.png,Normal,Normal,0.017992502078413963,0.00030209310352802277,0.9816793203353882,2.6017169147962704e-05,,,
/kaggle/input/datasets/tawsifurrahman/covid19-radiography-database/COVID-19_Radiography_Dataset/Normal/images/Normal-7475.png,Normal,Normal,0.00022708314645569772,0.000579823215957731,0.9991912245750427,1.923544232340646e-06,,0.49754786491394043,0.49754786491394043
/kaggle/input/datasets/tawsifurrahman/covid19-radiography-database/COVID-19_Radiography_Dataset/Normal/images/Normal-7478.png,Normal,Normal,0.002203629119321704,0.00047937064664438367,0.9973018169403076,1.5228913071041461e-05,,0.2758553922176361,0.2758553922176361
/kaggle/input/datasets/tawsifurrahman/covid19-radiography-database/COVID-19_Radiography_Dataset/Normal/images/Normal-7482.png,Normal,Normal,1.29627478600014e-05,0.014181960374116898,0.9858027696609497,2.2869417080073617e-06,,,
/kaggle/input/datasets/tawsifurrahman/covid19-radiography-database/COVID-19_Radiography_Dataset/Normal/images/Normal-7487.png,Normal,Normal,6.672956078546122e-05,0.10818394273519516,0.8917378187179565,1.14472722998471e-05,,,
/kaggle/input/datasets/tawsifurrahman/covid19-radiography-database/COVID-19_Radiography_Dataset/Normal/images/Normal-7492.png,Normal,Normal,4.020470441901125e-05,0.1610296368598938,0.8301273584365845,0.00880279578268528,,,
/kaggle/input/datasets/tawsifurrahman/covid19-radiography-database/COVID-19_Radiography_Dataset/Normal/images/Normal-7497.png,Normal,Normal,2.4358614609809592e-06,0.00014775810996070504,0.9998492002487183,6.051005243534746e-07,,,
/kaggle/input/datasets/tawsifurrahman/covid19-radiography-database/COVID-19_Radiography_Dataset/Normal/images/Normal-750.png,Normal,Normal,0.0006051611853763461,0.0002349964779568836,0.9990789890289307,8.079722465481609e-05,,,
/kaggle/input/datasets/tawsifurrahman/covid19-radiography-database/COVID-19_Radiography_Dataset/Normal/images/Normal-7503.png,Normal,Normal,0.0009527171496301889,0.0025256918743252754,0.996519923210144,1.7141295529654599e-06,,,
/kaggle/input/datasets/tawsifurrahman/covid19-radiography-database/COVID-19_Radiography_Dataset/Normal/images/Normal-751.png,Normal,Normal,2.9982064006617293e-05,2.2081976567278616e-05,0.9998207688331604,0.0001271154178539291,,,
/kaggle/input/datasets/tawsifurrahman/covid19-radiography-database/COVID-19_Radiography_Dataset/Normal/images/Normal-7518.png,Normal,Normal,0.0036282436922192574,0.05394960939884186,0.9368155598640442,0.005606601480394602,,,
/kaggle/input/datasets/tawsifurrahman/covid19-radiography-database/COVID-19_Radiography_Dataset/Normal/images/Normal-7525.png,Normal,Normal,4.277344487491064e-05,0.001519978977739811,0.9984373450279236,6.562260179698853e-10,,0.3993159532546997,0.3993159532546997
/kaggle/input/datasets/tawsifurrahman/covid19-radiography-database/COVID-19_Radiography_Dataset/Normal/images/Normal-7547.png,Normal,Normal,0.0047555239871144295,0.008442710153758526,0.9867922067642212,9.593160029908177e-06,,,
/kaggle/input/datasets/tawsifurrahman/covid19-radiography-database/COVID-19_Radiography_Dataset/Normal/images/Normal-7556.png,Normal,COVID,0.9490473866462708,0.00037470669485628605,0.049683909863233566,0.0008939790423028171,,0.2838134467601776,0.2838134467601776
/kaggle/input/datasets/tawsifurrahman/covid19-radiography-database/COVID-19_Radiography_Dataset/Normal/images/Normal-756.png,Normal,Normal,4.494760105444584e-06,2.0955558284185827e-05,0.9999302625656128,4.418789831106551e-05,,0.21224263310432434,0.21224263310432434
/kaggle/input/datasets/tawsifurrahman/covid19-radiography-database/COVID-19_Radiography_Dataset/Normal/images/Normal-7572.png,Normal,Normal,2.201517645517015e-06,0.07662776112556458,0.923369824886322,1.8664901801912492e-07,,,
/kaggle/input/datasets/tawsifurrahman/covid19-radiography-database/COVID-19_Radiography_Dataset/Normal/images/Normal-7574.png,Normal,Normal,0.0010686367750167847,0.00029562730924226344,0.9986357092857361,5.548286718948248e-09,,,
/kaggle/input/datasets/tawsifurrahman/covid19-radiography-database/COVID-19_Radiography_Dataset/Normal/images/Normal-7582.png,Normal,Lung_Opacity,3.0749561119591817e-07,0.898169994354248,0.10182972252368927,2.995175663045302e-08,,,
/kaggle/input/datasets/tawsifurrahman/covid19-radiography-database/COVID-19_Radiography_Dataset/Normal/images/Normal-7592.png,Normal,Normal,0.0032128477469086647,0.019064901396632195,0.9776836633682251,3.8553233025595546e-05,,,
/kaggle/input/datasets/tawsifurrahman/covid19-radiography-database/COVID-19_Radiography_Dataset/Normal/images/Normal-7594.png,Normal,Normal,0.06189950183033943,0.005885295104235411,0.9322143197059631,8.17980605916091e-07,,,
/kaggle/input/datasets/tawsifurrahman/covid19-radiography-database/COVID-19_Radiography_Dataset/Normal/images/Normal-760.png,Normal,Normal,0.012314706109464169,6.337164813885465e-05,0.9718289375305176,0.015792908146977425,,,
/kaggle/input/datasets/tawsifurrahman/covid19-radiography-database/COVID-19_Radiography_Dataset/Normal/images/Normal-7611.png,Normal,Normal,0.0028570122085511684,0.19522953033447266,0.8019126057624817,9.441793622499972e-07,,,
/kaggle/input/datasets/tawsifurrahman/covid19-radiography-database/COVID-19_Radiography_Dataset/Normal/images/Normal-7616.png,Normal,Normal,2.589944051578641e-05,0.009084018878638744,0.990889847278595,2.691505471830169e-07,,,
/kaggle/input/datasets/tawsifurrahman/covid19-radiography-database/COVID-19_Radiography_Dataset/Normal/images/Normal-7639.png,Normal,Normal,0.03682683780789375,0.03211924061179161,0.9309931993484497,6.073336044210009e-05,,0.28620076179504395,0.28620076179504395
/kaggle/input/datasets/tawsifurrahman/covid19-radiography-database/COVID-19_Radiography_Dataset/Normal/images/Normal-7641.png,Normal,Normal,0.00017186879995279014,0.002838911022990942,0.9969760179519653,1.3260116247693077e-05,,0.41778266429901123,0.41778266429901123
/kaggle/input/datasets/tawsifurrahman/covid19-radiography-database/COVID-19_Radiography_Dataset/Normal/images/Normal-7652.png,Normal,Normal,1.613472022654605e-07,0.00010532313899602741,0.9998944997787476,9.472760076345565e-11,,,
/kaggle/input/datasets/tawsifurrahman/covid19-radiography-database/COVID-19_Radiography_Dataset/Normal/images/Normal-7666.png,Normal,Normal,1.7365533494739793e-05,0.008974798023700714,0.9910066723823547,1.0952873026326415e-06,,,
/kaggle/input/datasets/tawsifurrahman/covid19-radiography-database/COVID-19_Radiography_Dataset/Normal/images/Normal-7679.png,Normal,Normal,0.0008498217212036252,0.05783592537045479,0.9413049817085266,9.34178660827456e-06,,,
/kaggle/input/datasets/tawsifurrahman/covid19-radiography-database/COVID-19_Radiography_Dataset/Normal/images/Normal-7680.png,Normal,Normal,0.0003306911385152489,0.004936351906508207,0.9947328567504883,5.898006705251646e-08,,0.3464358448982239,0.3464358448982239
/kaggle/input/datasets/tawsifurrahman/covid19-radiography-database/COVID-19_Radiography_Dataset/Normal/images/Normal-7687.png,Normal,Normal,0.0005605064798146486,0.016685850918293,0.9827533960342407,3.413562978948903e-07,,,
/kaggle/input/datasets/tawsifurrahman/covid19-radiography-database/COVID-19_Radiography_Dataset/Normal/images/Normal-7692.png,Normal,Normal,3.4411074011586607e-05,0.011914336122572422,0.9880498051643372,1.4823345964032342e-06,,,
/kaggle/input/datasets/tawsifurrahman/covid19-radiography-database/COVID-19_Radiography_Dataset/Normal/images/Normal-7693.png,Normal,Normal,6.327514711301774e-06,0.005527850706130266,0.9944658875465393,4.085034888134942e-08,,0.41208264231681824,0.41208264231681824
/kaggle/input/datasets/tawsifurrahman/covid19-radiography-database/COVID-19_Radiography_Dataset/Normal/images/Normal-7697.png,Normal,Normal,0.0014475740026682615,0.05836183577775955,0.9401904940605164,5.8142298087204836e-08,,,
/kaggle/input/datasets/tawsifurrahman/covid19-radiography-database/COVID-19_Radiography_Dataset/Normal/images/Normal-77.png,Normal,Normal,3.681105908981408e-06,1.9587465430959128e-05,0.9999611377716064,1.557739778945688e-05,,,
/kaggle/input/datasets/tawsifurrahman/covid19-radiography-database/COVID-19_Radiography_Dataset/Normal/images/Normal-7700.png,Normal,Normal,0.0001241894206032157,0.2493654042482376,0.7505071759223938,3.204342647222802e-06,,0.24577941000461578,0.24577941000461578
/kaggle/input/datasets/tawsifurrahman/covid19-radiography-database/COVID-19_Radiography_Dataset/Normal/images/Normal-7702.png,Normal,Normal,5.454259371617809e-05,3.731091783265583e-05,0.9999080896377563,2.6380064355180366e-08,,0.3201640248298645,0.3201640248298645
/kaggle/input/datasets/tawsifurrahman/covid19-radiography-database/COVID-19_Radiography_Dataset/Normal/images/Normal-7729.png,Normal,Normal,0.003221203340217471,0.41927021741867065,0.5766425728797913,0.0008660079329274595,,,
/kaggle/input/datasets/tawsifurrahman/covid19-radiography-database/COVID-19_Radiography_Dataset/Normal/images/Normal-7736.png,Normal,Normal,2.4123406205944775e-07,0.019832393154501915,0.9801674485206604,6.282417919223349e-10,,0.3586031198501587,0.3586031198501587
/kaggle/input/datasets/tawsifurrahman/covid19-radiography-database/COVID-19_Radiography_Dataset/Normal/images/Normal-7743.png,Normal,Normal,0.008083287626504898,0.0009518387960270047,0.9909647703170776,1.027038223355703e-07,,,
/kaggle/input/datasets/tawsifurrahman/covid19-radiography-database/COVID-19_Radiography_Dataset/Normal/images/Normal-7750.png,Normal,Normal,0.00018485457985661924,9.690848673926666e-05,0.9997182488441467,3.8899430343519725e-09,,0.5223710536956787,0.5223710536956787
/kaggle/input/datasets/tawsifurrahman/covid19-radiography-database/COVID-19_Radiography_Dataset/Normal/images/Normal-7755.png,Normal,Normal,0.002370132366195321,0.0725465938448906,0.9250709414482117,1.2323530427238438e-05,,0.41996002197265625,0.41996002197265625
/kaggle/input/datasets/tawsifurrahman/covid19-radiography-database/COVID-19_Radiography_Dataset/Normal/images/Normal-7757.png,Normal,Normal,3.36945777235087e-05,0.00021396719967015088,0.9997522234916687,3.851831564816166e-08,,,
/kaggle/input/datasets/tawsifurrahman/covid19-radiography-database/COVID-19_Radiography_Dataset/Normal/images/Normal-7762.png,Normal,Normal,0.0013346989871934056,0.14852622151374817,0.8318077325820923,0.018331408500671387,,,
/kaggle/input/datasets/tawsifurrahman/covid19-radiography-database/COVID-19_Radiography_Dataset/Normal/images/Normal-7769.png,Normal,Normal,0.010560587979853153,0.0030031728092581034,0.9864361882209778,2.987344416283122e-08,,,
/kaggle/input/datasets/tawsifurrahman/covid19-radiography-database/COVID-19_Radiography_Dataset/Normal/images/Normal-7780.png,Normal,Normal,5.2719570931003545e-08,0.09715216606855392,0.9028465151786804,1.2979915027244715e-06,,,
/kaggle/input/datasets/tawsifurrahman/covid19-radiography-database/COVID-19_Radiography_Dataset/Normal/images/Normal-7782.png,Normal,Normal,0.0014083647402003407,0.07050851732492447,0.9280686378479004,1.44848918353091e-05,,0.2772490382194519,0.2772490382194519
/kaggle/input/datasets/tawsifurrahman/covid19-radiography-database/COVID-19_Radiography_Dataset/Normal/images/Normal-7793.png,Normal,Normal,4.2405179101479007e-07,0.005337017122656107,0.9946624636650085,5.824046311886377e-08,,,
/kaggle/input/datasets/tawsifurrahman/covid19-radiography-database/COVID-19_Radiography_Dataset/Normal/images/Normal-7795.png,Normal,Normal,0.00030315114418044686,0.01509775873273611,0.9845989942550659,7.798810486292496e-08,,,
/kaggle/input/datasets/tawsifurrahman/covid19-radiography-database/COVID-19_Radiography_Dataset/Normal/images/Normal-7797.png,Normal,Normal,2.296514685440343e-05,0.00468306103721261,0.9952933192253113,5.243801410870219e-07,,,
/kaggle/input/datasets/tawsifurrahman/covid19-radiography-database/COVID-19_Radiography_Dataset/Normal/images/Normal-7808.png,Normal,Normal,0.008812661282718182,0.035335276275873184,0.9555531144142151,0.000298872881103307,,0.4200226366519928,0.4200226366519928
/kaggle/input/datasets/tawsifurrahman/covid19-radiography-database/COVID-19_Radiography_Dataset/Normal/images/Normal-7816.png,Normal,Normal,5.464486457640305e-05,0.01277120504528284,0.9871740341186523,1.3732403658650583e-07,,0.3853744864463806,0.3853744864463806
/kaggle/input/datasets/tawsifurrahman/covid19-radiography-database/COVID-19_Radiography_Dataset/Normal/images/Normal-7817.png,Normal,Normal,2.9325499895094254e-07,0.0006673728348687291,0.9993323683738708,2.6531421504216723e-10,,0.3550507128238678,0.3550507128238678
/kaggle/input/datasets/tawsifurrahman/covid19-radiography-database/COVID-19_Radiography_Dataset/Normal/images/Normal-7833.png,Normal,Normal,3.7130160990273e-07,0.0007590284803882241,0.9992406368255615,6.190387091820071e-11,,,
/kaggle/input/datasets/tawsifurrahman/covid19-radiography-database/COVID-19_Radiography_Dataset/Normal/images/Normal-7837.png,Normal,Normal,0.0009218767518177629,0.0012016117107123137,0.9978765249252319,1.51051633423549e-08,,0.4433846175670624,0.4433846175670624
/kaggle/input/datasets/tawsifurrahman/covid19-radiography-database/COVID-19_Radiography_Dataset/Normal/images/Normal-7841.png,Normal,Normal,2.2683691440761322e-06,0.009535407647490501,0.9904623627662659,1.0409892503560059e-08,,,
/kaggle/input/datasets/tawsifurrahman/covid19-radiography-database/COVID-19_Radiography_Dataset/Normal/images/Normal-7858.png,Normal,Normal,0.0006728744483552873,0.0008702623308636248,0.9984532594680786,3.5692405617737677e-06,,,
/kaggle/input/datasets/tawsifurrahman/covid19-radiography-database/COVID-19_Radiography_Dataset/Normal/images/Normal-7863.png,Normal,Normal,0.0006013390375301242,0.008816671557724476,0.9905818700790405,1.4052987751256296e-07,,0.3305903971195221,0.3305903971195221
/kaggle/input/datasets/tawsifurrahman/covid19-radiography-database/COVID-19_Radiography_Dataset/Normal/images/Normal-7864.png,Normal,Normal,0.04894915595650673,0.00018369236204307526,0.9508665204048157,6.487815653599682e-07,,,
/kaggle/input/datasets/tawsifurrahman/covid19-radiography-database/COVID-19_Radiography_Dataset/Normal/images/Normal-7869.png,Normal,Normal,0.06277655065059662,7.872205605963245e-05,0.9371194839477539,2.5265848307753913e-05,,0.2521912753582001,0.2521912753582001
/kaggle/input/datasets/tawsifurrahman/covid19-radiography-database/COVID-19_Radiography_Dataset/Normal/images/Normal-7880.png,Normal,Normal,0.00027484737802296877,0.07749778777360916,0.9222254753112793,1.941191158039146e-06,,,
/kaggle/input/datasets/tawsifurrahman/covid19-radiography-database/COVID-19_Radiography_Dataset/Normal/images/Normal-7885.png,Normal,Normal,6.529905658680946e-05,0.0010136757045984268,0.9989209175109863,1.810571177429665e-07,,,
/kaggle/input/datasets/tawsifurrahman/covid19-radiography-database/COVID-19_Radiography_Dataset/Normal/images/Normal-7887.png,Normal,Normal,0.00011492414341773838,0.018635151907801628,0.9812375903129578,1.2343565686023794e-05,,,
/kaggle/input/datasets/tawsifurrahman/covid19-radiography-database/COVID-19_Radiography_Dataset/Normal/images/Normal-7896.png,Normal,Lung_Opacity,0.0017470793100073934,0.6299080848693848,0.3663060963153839,0.002038747537881136,,,
/kaggle/input/datasets/tawsifurrahman/covid19-radiography-database/COVID-19_Radiography_Dataset/Normal/images/Normal-7897.png,Normal,COVID,0.6777253746986389,0.0012091175885871053,0.2742566764354706,0.046808890998363495,,,
/kaggle/input/datasets/tawsifurrahman/covid19-radiography-database/COVID-19_Radiography_Dataset/Normal/images/Normal-7901.png,Normal,Normal,0.00962282344698906,0.3645705282688141,0.6254979372024536,0.00030869420152157545,,,
/kaggle/input/datasets/tawsifurrahman/covid19-radiography-database/COVID-19_Radiography_Dataset/Normal/images/Normal-7907.png,Normal,Normal,4.830572288483381e-05,0.0005580422002822161,0.9993937015533447,2.564672918481392e-09,,,
/kaggle/input/datasets/tawsifurrahman/covid19-radiography-database/COVID-19_Radiography_Dataset/Normal/images/Normal-791.png,Normal,Normal,0.0005852153990417719,0.00022610074665863067,0.9956032037734985,0.0035854342859238386,,0.19363343715667725,0.19363343715667725
/kaggle/input/datasets/tawsifurrahman/covid19-radiography-database/COVID-19_Radiography_Dataset/Normal/images/Normal-7914.png,Normal,Normal,0.0016536122420802712,0.30344489216804504,0.6948916912078857,9.81856464932207e-06,,0.31463319063186646,0.31463319063186646
/kaggle/input/datasets/tawsifurrahman/covid19-radiography-database/COVID-19_Radiography_Dataset/Normal/images/Normal-7915.png,Normal,Normal,6.156727181405586e-07,0.0009410495404154062,0.9990583062171936,1.1632677043849071e-09,,,
/kaggle/input/datasets/tawsifurrahman/covid19-radiography-database/COVID-19_Radiography_Dataset/Normal/images/Normal-7920.png,Normal,Normal,1.2479068573156837e-05,0.006931081414222717,0.9930475354194641,8.98932103154948e-06,,,
/kaggle/input/datasets/tawsifurrahman/covid19-radiography-database/COVID-19_Radiography_Dataset/Normal/images/Normal-7921.png,Normal,Normal,0.0005443347617983818,0.025209566578269005,0.9742223620414734,2.376322117925156e-05,,,
/kaggle/input/datasets/tawsifurrahman/covid19-radiography-database/COVID-19_Radiography_Dataset/Normal/images/Normal-7924.png,Normal,Normal,2.182201569667086e-05,0.0006146600353531539,0.9993636012077332,7.22508985973036e-09,,0.41396501660346985,0.41396501660346985
/kaggle/input/datasets/tawsifurrahman/covid19-radiography-database/COVID-19_Radiography_Dataset/Normal/images/Normal-7926.png,Normal,Normal,1.8975374160845604e-08,0.013495241291821003,0.9865047335624695,5.809898118158685e-10,,,
/kaggle/input/datasets/tawsifurrahman/covid19-radiography-database/COVID-19_Radiography_Dataset/Normal/images/Normal-7930.png,Normal,Normal,0.1016448587179184,0.4202709496021271,0.4780747890472412,9.364422112412285e-06,,,
/kaggle/input/datasets/tawsifurrahman/covid19-radiography-database/COVID-19_Radiography_Dataset/Normal/images/Normal-7953.png,Normal,Normal,1.377986677653098e-06,0.0026601471472531557,0.9973383545875549,8.41973317733391e-08,,,
/kaggle/input/datasets/tawsifurrahman/covid19-radiography-database/COVID-19_Radiography_Dataset/Normal/images/Normal-796.png,Normal,Normal,0.0552891343832016,0.011721521615982056,0.9016795754432678,0.0313098169863224,,0.1381450891494751,0.1381450891494751
/kaggle/input/datasets/tawsifurrahman/covid19-radiography-database/COVID-19_Radiography_Dataset/Normal/images/Normal-7965.png,Normal,Normal,0.006581304594874382,0.12244463711977005,0.8709646463394165,9.44723160500871e-06,,,
/kaggle/input/datasets/tawsifurrahman/covid19-radiography-database/COVID-19_Radiography_Dataset/Normal/images/Normal-7966.png,Normal,Normal,2.9235925467219204e-06,4.5393098844215274e-05,0.9999516010284424,6.308309452064675e-13,,0.36015236377716064,0.36015236377716064
/kaggle/input/datasets/tawsifurrahman/covid19-radiography-database/COVID-19_Radiography_Dataset/Normal/images/Normal-7970.png,Normal,Normal,0.0038965048734098673,0.14884749054908752,0.8472420573234558,1.3876107914256863e-05,,,
/kaggle/input/datasets/tawsifurrahman/covid19-radiography-database/COVID-19_Radiography_Dataset/Normal/images/Normal-7974.png,Normal,Lung_Opacity,0.0013577431673184037,0.7349371314048767,0.2637050449848175,9.648037746501359e-08,,,
/kaggle/input/datasets/tawsifurrahman/covid19-radiography-database/COVID-19_Radiography_Dataset/Normal/images/Normal-7984.png,Normal,Normal,9.2375676103984e-06,0.002185144927352667,0.9977962970733643,9.248982678400353e-06,,,
/kaggle/input/datasets/tawsifurrahman/covid19-radiography-database/COVID-19_Radiography_Dataset/Normal/images/Normal-7990.png,Normal,Normal,9.790433250600472e-05,0.0002249617682537064,0.9996767044067383,3.8088094811428164e-07,,,
/kaggle/input/datasets/tawsifurrahman/covid19-radiography-database/COVID-19_Radiography_Dataset/Normal/images/Normal-7991.png,Normal,Normal,0.0033447789028286934,0.0007065261015668511,0.9959478974342346,8.300142440020863e-07,,,
/kaggle/input/datasets/tawsifurrahman/covid19-radiography-database/COVID-19_Radiography_Dataset/Normal/images/Normal-7992.png,Normal,Normal,0.056525975465774536,0.17956823110580444,0.7638954520225525,1.030557723424863e-05,,0.2574518322944641,0.2574518322944641
/kaggle/input/datasets/tawsifurrahman/covid19-radiography-database/COVID-19_Radiography_Dataset/Normal/images/Normal-800.png,Normal,Normal,0.0001703999296296388,3.3363121474394575e-05,0.9983935952186584,0.0014025684213265777,,0.19006302952766418,0.19006302952766418
/kaggle/input/datasets/tawsifurrahman/covid19-radiography-database/COVID-19_Radiography_Dataset/Normal/images/Normal-8000.png,Normal,Normal,0.006268986966460943,0.02139260247349739,0.9722468256950378,9.1531801444944e-05,,,
/kaggle/input/datasets/tawsifurrahman/covid19-radiography-database/COVID-19_Radiography_Dataset/Normal/images/Normal-8007.png,Normal,Normal,0.0038637288380414248,0.019214123487472534,0.976920485496521,1.7249941492991638e-06,,,
/kaggle/input/datasets/tawsifurrahman/covid19-radiography-database/COVID-19_Radiography_Dataset/Normal/images/Normal-8012.png,Normal,Normal,1.6172272808034904e-05,0.00017365421808790416,0.9998101592063904,1.1011952238959566e-08,,0.25579503178596497,0.25579503178596497
/kaggle/input/datasets/tawsifurrahman/covid19-radiography-database/COVID-19_Radiography_Dataset/Normal/images/Normal-8017.png,Normal,Normal,1.9566991795727517e-06,0.0007518198690377176,0.9992462396621704,7.773130583643706e-09,,,
/kaggle/input/datasets/tawsifurrahman/covid19-radiography-database/COVID-19_Radiography_Dataset/Normal/images/Normal-8025.png,Normal,Lung_Opacity,0.0006176572642289102,0.7597571611404419,0.23947110772132874,0.00015402660937979817,,,
/kaggle/input/datasets/tawsifurrahman/covid19-radiography-database/COVID-19_Radiography_Dataset/Normal/images/Normal-8031.png,Normal,Normal,0.0004242499126121402,0.00032842328073456883,0.9992473125457764,3.371239998273268e-08,,0.40242916345596313,0.40242916345596313
/kaggle/input/datasets/tawsifurrahman/covid19-radiography-database/COVID-19_Radiography_Dataset/Normal/images/Normal-8033.png,Normal,Normal,0.005631567910313606,0.09497420489788055,0.8988382816314697,0.0005559369456022978,,,
/kaggle/input/datasets/tawsifurrahman/covid19-radiography-database/COVID-19_Radiography_Dataset/Normal/images/Normal-8057.png,Normal,Normal,1.087098917196272e-05,0.001013795961625874,0.9989733695983887,2.011212700381293e-06,,,
/kaggle/input/datasets/tawsifurrahman/covid19-radiography-database/COVID-19_Radiography_Dataset/Normal/images/Normal-8061.png,Normal,Normal,2.7655753001454286e-05,0.0027265900280326605,0.9972392320632935,6.5060967244789936e-06,,0.3729134500026703,0.3729134500026703
/kaggle/input/datasets/tawsifurrahman/covid19-radiography-database/COVID-19_Radiography_Dataset/Normal/images/Normal-8063.png,Normal,Normal,0.0007810593233443797,0.06780915707349777,0.9314098954200745,9.161897907006278e-09,,,
/kaggle/input/datasets/tawsifurrahman/covid19-radiography-database/COVID-19_Radiography_Dataset/Normal/images/Normal-807.png,Normal,Normal,3.840630142804002e-06,1.0117293641087599e-05,0.999176561832428,0.0008094603545032442,,0.2442779839038849,0.2442779839038849
/kaggle/input/datasets/tawsifurrahman/covid19-radiography-database/COVID-19_Radiography_Dataset/Normal/images/Normal-8071.png,Normal,Normal,0.021066300570964813,0.08410214632749557,0.8948134779930115,1.809669083741028e-05,,0.4371444582939148,0.4371444582939148
/kaggle/input/datasets/tawsifurrahman/covid19-radiography-database/COVID-19_Radiography_Dataset/Normal/images/Normal-808.png,Normal,Normal,0.0004953591851517558,0.0001533704053144902,0.9984079003334045,0.0009433836676180363,,,
/kaggle/input/datasets/tawsifurrahman/covid19-radiography-database/COVID-19_Radiography_Dataset/Normal/images/Normal-8081.png,Normal,Normal,9.258306477022415e-07,0.0003482016909401864,0.9996508359909058,2.579820801429378e-10,,0.31277158856391907,0.31277158856391907
/kaggle/input/datasets/tawsifurrahman/covid19-radiography-database/COVID-19_Radiography_Dataset/Normal/images/Normal-8084.png,Normal,Lung_Opacity,7.265008434842457e-07,0.8543432354927063,0.145652174949646,3.832187758234795e-06,,,
/kaggle/input/datasets/tawsifurrahman/covid19-radiography-database/COVID-19_Radiography_Dataset/Normal/images/Normal-81.png,Normal,Normal,3.5242630929133156e-06,2.333559314138256e-05,0.9999097585678101,6.336850492516533e-05,,,
/kaggle/input/datasets/tawsifurrahman/covid19-radiography-database/COVID-19_Radiography_Dataset/Normal/images/Normal-8100.png,Normal,Normal,6.029769338056212e-06,0.0019652696792036295,0.9980286955833435,1.9493422431793306e-09,,0.3658101558685303,0.3658101558685303
/kaggle/input/datasets/tawsifurrahman/covid19-radiography-database/COVID-19_Radiography_Dataset/Normal/images/Normal-8102.png,Normal,Normal,0.006671867333352566,0.003074358683079481,0.9902397394180298,1.4129893315839581e-05,,,
/kaggle/input/datasets/tawsifurrahman/covid19-radiography-database/COVID-19_Radiography_Dataset/Normal/images/Normal-8115.png,Normal,Normal,1.926129698404111e-05,0.0875324010848999,0.9124482870101929,3.432866790831213e-08,,,
/kaggle/input/datasets/tawsifurrahman/covid19-radiography-database/COVID-19_Radiography_Dataset/Normal/images/Normal-8119.png,Normal,Normal,0.0004515543987508863,0.0337735153734684,0.9656431674957275,0.0001317381247645244,,,
/kaggle/input/datasets/tawsifurrahman/covid19-radiography-database/COVID-19_Radiography_Dataset/Normal/images/Normal-8138.png,Normal,Lung_Opacity,0.07210380584001541,0.4738222062587738,0.4534488916397095,0.000625128042884171,,,
/kaggle/input/datasets/tawsifurrahman/covid19-radiography-database/COVID-19_Radiography_Dataset/Normal/images/Normal-814.png,Normal,Normal,1.3008650967094582e-05,0.000122921061119996,0.9964481592178345,0.0034158159978687763,,,
/kaggle/input/datasets/tawsifurrahman/covid19-radiography-database/COVID-19_Radiography_Dataset/Normal/images/Normal-8148.png,Normal,Normal,3.1899140594759956e-05,0.018462248146533966,0.9814980030059814,7.893505426181946e-06,,0.29742681980133057,0.29742681980133057
/kaggle/input/datasets/tawsifurrahman/covid19-radiography-database/COVID-19_Radiography_Dataset/Normal/images/Normal-8157.png,Normal,Normal,3.1605319236405194e-05,0.02533290907740593,0.9746178388595581,1.7652009773883037e-05,,0.3684883117675781,0.3684883117675781
/kaggle/input/datasets/tawsifurrahman/covid19-radiography-database/COVID-19_Radiography_Dataset/Normal/images/Normal-8159.png,Normal,Normal,0.0019282433204352856,0.0023916270583868027,0.9956791996955872,1.034464844451577e-06,,,
/kaggle/input/datasets/tawsifurrahman/covid19-radiography-database/COVID-19_Radiography_Dataset/Normal/images/Normal-817.png,Normal,Normal,0.0035259677097201347,0.0050193811766803265,0.9912719130516052,0.00018278168863616884,,,
/kaggle/input/datasets/tawsifurrahman/covid19-radiography-database/COVID-19_Radiography_Dataset/Normal/images/Normal-8175.png,Normal,Normal,1.5181973139988258e-05,0.005569134838879108,0.9944156408309937,8.318598077039496e-08,,,
/kaggle/input/datasets/tawsifurrahman/covid19-radiography-database/COVID-19_Radiography_Dataset/Normal/images/Normal-8177.png,Normal,Normal,0.0001013193977996707,0.26829028129577637,0.73154616355896,6.221270450623706e-05,,,
/kaggle/input/datasets/tawsifurrahman/covid19-radiography-database/COVID-19_Radiography_Dataset/Normal/images/Normal-8185.png,Normal,Normal,0.012747402302920818,0.0064342450350522995,0.9802205562591553,0.0005977975088171661,,0.30269765853881836,0.30269765853881836
/kaggle/input/datasets/tawsifurrahman/covid19-radiography-database/COVID-19_Radiography_Dataset/Normal/images/Normal-8221.png,Normal,Normal,0.00014750933041796088,0.010881761088967323,0.9889689683914185,1.756544406816829e-06,,,
/kaggle/input/datasets/tawsifurrahman/covid19-radiography-database/COVID-19_Radiography_Dataset/Normal/images/Normal-8231.png,Normal,Normal,1.849658292485401e-05,0.0007084102253429592,0.9992725253105164,6.246086172723153e-07,,0.3236742615699768,0.3236742615699768
/kaggle/input/datasets/tawsifurrahman/covid19-radiography-database/COVID-19_Radiography_Dataset/Normal/images/Normal-8232.png,Normal,Normal,7.669440265090088e-07,0.00012467896158341318,0.9998745918273926,1.0030317909581754e-08,,,
/kaggle/input/datasets/tawsifurrahman/covid19-radiography-database/COVID-19_Radiography_Dataset/Normal/images/Normal-8237.png,Normal,Normal,0.0014791731955483556,0.0007699624984525144,0.9977496266365051,1.2493021586124087e-06,,,
/kaggle/input/datasets/tawsifurrahman/covid19-radiography-database/COVID-19_Radiography_Dataset/Normal/images/Normal-8244.png,Normal,Normal,0.0009398280526511371,0.05991724506020546,0.9391427636146545,1.4704649231589428e-07,,0.37669000029563904,0.37669000029563904
/kaggle/input/datasets/tawsifurrahman/covid19-radiography-database/COVID-19_Radiography_Dataset/Normal/images/Normal-8249.png,Normal,Normal,0.01970580965280533,0.006646004039794207,0.9736170768737793,3.1107985705602914e-05,,,
/kaggle/input/datasets/tawsifurrahman/covid19-radiography-database/COVID-19_Radiography_Dataset/Normal/images/Normal-8250.png,Normal,Normal,6.890974418638507e-06,0.0079580657184124,0.9920350909233093,3.747226973160878e-09,,,
/kaggle/input/datasets/tawsifurrahman/covid19-radiography-database/COVID-19_Radiography_Dataset/Normal/images/Normal-8252.png,Normal,Normal,4.6076776925474405e-05,0.004094274714589119,0.9958595633506775,8.8457454694435e-08,,,
/kaggle/input/datasets/tawsifurrahman/covid19-radiography-database/COVID-19_Radiography_Dataset/Normal/images/Normal-8260.png,Normal,Lung_Opacity,4.275026367395185e-05,0.618927538394928,0.3809638023376465,6.589793338207528e-05,,,
/kaggle/input/datasets/tawsifurrahman/covid19-radiography-database/COVID-19_Radiography_Dataset/Normal/images/Normal-8275.png,Normal,Normal,0.0016621786635369062,0.049555033445358276,0.9487483501434326,3.4379216231172904e-05,,,
/kaggle/input/datasets/tawsifurrahman/covid19-radiography-database/COVID-19_Radiography_Dataset/Normal/images/Normal-828.png,Normal,COVID,0.615446150302887,0.017238948494195938,0.36620575189590454,0.001109171425923705,,0.2735197842121124,0.2735197842121124
/kaggle/input/datasets/tawsifurrahman/covid19-radiography-database/COVID-19_Radiography_Dataset/Normal/images/Normal-8286.png,Normal,Normal,0.00048385601257905364,0.0004690449277404696,0.9989711046218872,7.606847066199407e-05,,,
/kaggle/input/datasets/tawsifurrahman/covid19-radiography-database/COVID-19_Radiography_Dataset/Normal/images/Normal-8294.png,Normal,Normal,0.00029992248164489865,0.07354459911584854,0.9259436726570129,0.00021186206140555441,,,
/kaggle/input/datasets/tawsifurrahman/covid19-radiography-database/COVID-19_Radiography_Dataset/Normal/images/Normal-8317.png,Normal,Normal,0.12973564863204956,0.002986753359436989,0.8670886754989624,0.00018891983199864626,,,
/kaggle/input/datasets/tawsifurrahman/covid19-radiography-database/COVID-19_Radiography_Dataset/Normal/images/Normal-8320.png,Normal,Normal,0.0036866050213575363,0.10578174889087677,0.8893572688102722,0.0011743786744773388,,0.36313921213150024,0.36313921213150024
/kaggle/input/datasets/tawsifurrahman/covid19-radiography-database/COVID-19_Radiography_Dataset/Normal/images/Normal-8322.png,Normal,Normal,0.00033060857094824314,0.0010038893669843674,0.9986653327941895,1.4110410972989484e-07,,0.45247113704681396,0.45247113704681396
/kaggle/input/datasets/tawsifurrahman/covid19-radiography-database/COVID-19_Radiography_Dataset/Normal/images/Normal-833.png,Normal,Normal,0.0034136015456169844,0.0002059779508272186,0.9693460464477539,0.0270343329757452,,0.30931103229522705,0.30931103229522705
/kaggle/input/datasets/tawsifurrahman/covid19-radiography-database/COVID-19_Radiography_Dataset/Normal/images/Normal-8354.png,Normal,Normal,0.0006091543473303318,0.06246437877416611,0.936869204044342,5.727418829337694e-05,,,
/kaggle/input/datasets/tawsifurrahman/covid19-radiography-database/COVID-19_Radiography_Dataset/Normal/images/Normal-8360.png,Normal,Normal,0.00511827040463686,0.23104166984558105,0.7638390064239502,9.977359241020167e-07,,,
/kaggle/input/datasets/tawsifurrahman/covid19-radiography-database/COVID-19_Radiography_Dataset/Normal/images/Normal-8370.png,Normal,Normal,0.011414661072194576,0.023027153685688972,0.9655570387840271,1.1163725730511942e-06,,,
/kaggle/input/datasets/tawsifurrahman/covid19-radiography-database/COVID-19_Radiography_Dataset/Normal/images/Normal-8371.png,Normal,Normal,1.130000626403671e-08,0.004957063589245081,0.9950429201126099,2.1866099209066903e-10,,0.40517503023147583,0.40517503023147583
/kaggle/input/datasets/tawsifurrahman/covid19-radiography-database/COVID-19_Radiography_Dataset/Normal/images/Normal-8388.png,Normal,Normal,1.2901324225822464e-05,0.0007135157939046621,0.9992735981941223,6.227084181631426e-09,,,
/kaggle/input/datasets/tawsifurrahman/covid19-radiography-database/COVID-19_Radiography_Dataset/Normal/images/Normal-8389.png,Normal,Normal,7.493058546970133e-07,0.036042433232069016,0.9639565348625183,2.1586635057246895e-07,,0.19585920870304108,0.19585920870304108
/kaggle/input/datasets/tawsifurrahman/covid19-radiography-database/COVID-19_Radiography_Dataset/Normal/images/Normal-8403.png,Normal,Normal,0.008692263625562191,0.42811349034309387,0.5627207159996033,0.00047349691158160567,,,
/kaggle/input/datasets/tawsifurrahman/covid19-radiography-database/COVID-19_Radiography_Dataset/Normal/images/Normal-8405.png,Normal,Normal,2.0097124433959834e-05,0.008268654346466064,0.9917107820510864,3.907408085979114e-07,,,
/kaggle/input/datasets/tawsifurrahman/covid19-radiography-database/COVID-19_Radiography_Dataset/Normal/images/Normal-8437.png,Normal,Normal,0.0009991276310756803,0.022620823234319687,0.9763795733451843,4.4616299987865204e-07,,0.3148496747016907,0.3148496747016907
/kaggle/input/datasets/tawsifurrahman/covid19-radiography-database/COVID-19_Radiography_Dataset/Normal/images/Normal-8443.png,Normal,Normal,1.6928224795265123e-06,0.017749208956956863,0.9822434782981873,5.684156803908991e-06,,,
/kaggle/input/datasets/tawsifurrahman/covid19-radiography-database/COVID-19_Radiography_Dataset/Normal/images/Normal-845.png,Normal,Normal,9.907046205626102e-07,5.9511203289730474e-06,0.9987560510635376,0.0012370378244668245,,,
/kaggle/input/datasets/tawsifurrahman/covid19-radiography-database/COVID-19_Radiography_Dataset/Normal/images/Normal-8458.png,Normal,Normal,3.8146179576870054e-05,0.0040565375238657,0.9959006905555725,4.599278327077627e-06,,0.3491104245185852,0.3491104245185852
/kaggle/input/datasets/tawsifurrahman/covid19-radiography-database/COVID-19_Radiography_Dataset/Normal/images/Normal-8460.png,Normal,Normal,0.0007506143883801997,0.06471694260835648,0.9345290064811707,3.364395524840802e-06,,,
/kaggle/input/datasets/tawsifurrahman/covid19-radiography-database/COVID-19_Radiography_Dataset/Normal/images/Normal-8469.png,Normal,Normal,0.0003202806110493839,0.01559318508952856,0.9840770959854126,9.48643446463393e-06,,,
/kaggle/input/datasets/tawsifurrahman/covid19-radiography-database/COVID-19_Radiography_Dataset/Normal/images/Normal-847.png,Normal,Normal,0.0006235142354853451,0.004755841568112373,0.850109338760376,0.14451123774051666,,0.08582086861133575,0.08582086861133575
/kaggle/input/datasets/tawsifurrahman/covid19-radiography-database/COVID-19_Radiography_Dataset/Normal/images/Normal-8473.png,Normal,Normal,0.0001437657483620569,0.006619685795158148,0.9932366013526917,7.645811095358113e-09,,,
/kaggle/input/datasets/tawsifurrahman/covid19-radiography-database/COVID-19_Radiography_Dataset/Normal/images/Normal-8474.png,Normal,Normal,0.021186314523220062,0.00023928210430312902,0.9785378575325012,3.644499884103425e-05,,0.31371739506721497,0.31371739506721497
/kaggle/input/datasets/tawsifurrahman/covid19-radiography-database/COVID-19_Radiography_Dataset/Normal/images/Normal-8487.png,Normal,Normal,6.451687539765771e-08,1.2934997357660905e-05,0.9999868869781494,2.229562490185799e-08,,,
/kaggle/input/datasets/tawsifurrahman/covid19-radiography-database/COVID-19_Radiography_Dataset/Normal/images/Normal-849.png,Normal,Normal,0.00026874206378124654,6.20985301793553e-05,0.9995636343955994,0.00010557354107731953,,,
/kaggle/input/datasets/tawsifurrahman/covid19-radiography-database/COVID-19_Radiography_Dataset/Normal/images/Normal-8513.png,Normal,Normal,0.02608036994934082,0.07118266075849533,0.8992583155632019,0.00347871333360672,,,
/kaggle/input/datasets/tawsifurrahman/covid19-radiography-database/COVID-19_Radiography_Dataset/Normal/images/Normal-8527.png,Normal,Normal,0.004832986742258072,0.019209878519177437,0.9759568572044373,2.3751533717586426e-07,,,
/kaggle/input/datasets/tawsifurrahman/covid19-radiography-database/COVID-19_Radiography_Dataset/Normal/images/Normal-8540.png,Normal,Normal,1.710384253783559e-06,0.028845004737377167,0.9711530208587646,2.946882204923895e-07,,0.32991689443588257,0.32991689443588257
/kaggle/input/datasets/tawsifurrahman/covid19-radiography-database/COVID-19_Radiography_Dataset/Normal/images/Normal-8549.png,Normal,Normal,6.16062679910101e-05,0.10210031270980835,0.8978350162506104,3.0023109047760954e-06,,,
/kaggle/input/datasets/tawsifurrahman/covid19-radiography-database/COVID-19_Radiography_Dataset/Normal/images/Normal-8559.png,Normal,Normal,8.932560012908652e-05,0.08152138441801071,0.9183823466300964,6.902622317284113e-06,,,
/kaggle/input/datasets/tawsifurrahman/covid19-radiography-database/COVID-19_Radiography_Dataset/Normal/images/Normal-856.png,Normal,Normal,0.03527979552745819,0.0005563083686865866,0.8416424989700317,0.12252135574817657,,,
/kaggle/input/datasets/tawsifurrahman/covid19-radiography-database/COVID-19_Radiography_Dataset/Normal/images/Normal-8563.png,Normal,Normal,0.0014299796894192696,0.18474029004573822,0.8135104179382324,0.0003193467855453491,,,
/kaggle/input/datasets/tawsifurrahman/covid19-radiography-database/COVID-19_Radiography_Dataset/Normal/images/Normal-8569.png,Normal,Normal,0.00014170657959766686,0.0024145375937223434,0.9974431991577148,5.685768655894208e-07,,,
/kaggle/input/datasets/tawsifurrahman/covid19-radiography-database/COVID-19_Radiography_Dataset/Normal/images/Normal-8579.png,Normal,Normal,5.0045567689949166e-08,4.407779215398477e-06,0.9999955892562866,2.6937542474403386e-11,,0.3105253577232361,0.3105253577232361
/kaggle/input/datasets/tawsifurrahman/covid19-radiography-database/COVID-19_Radiography_Dataset/Normal/images/Normal-8589.png,Normal,Normal,0.06762845069169998,0.0008652449469082057,0.9314982295036316,8.128603440127335e-06,,,
/kaggle/input/datasets/tawsifurrahman/covid19-radiography-database/COVID-19_Radiography_Dataset/Normal/images/Normal-8593.png,Normal,Normal,0.004680014681071043,0.0009072670363821089,0.9944111704826355,1.6123514114951831e-06,,,
/kaggle/input/datasets/tawsifurrahman/covid19-radiography-database/COVID-19_Radiography_Dataset/Normal/images/Normal-8596.png,Normal,Normal,6.857437983853742e-05,0.09266151487827301,0.9072690606117249,8.514058436048799e-07,,,
/kaggle/input/datasets/tawsifurrahman/covid19-radiography-database/COVID-19_Radiography_Dataset/Normal/images/Normal-8597.png,Normal,Normal,6.345513975247741e-05,0.0012246278347447515,0.9987084865570068,3.418735104787629e-06,,,
/kaggle/input/datasets/tawsifurrahman/covid19-radiography-database/COVID-19_Radiography_Dataset/Normal/images/Normal-8598.png,Normal,COVID,0.6840672492980957,0.0005247321678325534,0.3104821443557739,0.004925870802253485,,,
/kaggle/input/datasets/tawsifurrahman/covid19-radiography-database/COVID-19_Radiography_Dataset/Normal/images/Normal-86.png,Normal,Normal,9.153805876849219e-05,0.00019412455731071532,0.9930413961410522,0.006673004012554884,,0.15097422897815704,0.15097422897815704
/kaggle/input/datasets/tawsifurrahman/covid19-radiography-database/COVID-19_Radiography_Dataset/Normal/images/Normal-8604.png,Normal,Normal,1.7872055195766734e-06,0.025639742612838745,0.9743584990501404,3.118301616922281e-09,,,
/kaggle/input/datasets/tawsifurrahman/covid19-radiography-database/COVID-19_Radiography_Dataset/Normal/images/Normal-8610.png,Normal,Normal,0.00047992984764277935,0.15085440874099731,0.8486645817756653,1.074623810382036e-06,,,
/kaggle/input/datasets/tawsifurrahman/covid19-radiography-database/COVID-19_Radiography_Dataset/Normal/images/Normal-8614.png,Normal,Normal,2.048449410096964e-08,0.0011509741889312863,0.9988490343093872,9.664542083287486e-11,,,
/kaggle/input/datasets/tawsifurrahman/covid19-radiography-database/COVID-19_Radiography_Dataset/Normal/images/Normal-8616.png,Normal,Normal,0.00243153958581388,0.00755637651309371,0.990011990070343,1.6328925767084002e-07,,0.3576466739177704,0.3576466739177704
/kaggle/input/datasets/tawsifurrahman/covid19-radiography-database/COVID-19_Radiography_Dataset/Normal/images/Normal-8619.png,Normal,Normal,0.0018959320150315762,0.001214445335790515,0.9968855977058411,4.0190388972405344e-06,,,
/kaggle/input/datasets/tawsifurrahman/covid19-radiography-database/COVID-19_Radiography_Dataset/Normal/images/Normal-862.png,Normal,Normal,0.00040326634189113975,0.00011285421351203695,0.9990981817245483,0.0003856624534819275,,0.32880479097366333,0.32880479097366333
/kaggle/input/datasets/tawsifurrahman/covid19-radiography-database/COVID-19_Radiography_Dataset/Normal/images/Normal-8623.png,Normal,Normal,2.0749839677591808e-05,0.1672661304473877,0.8326979875564575,1.5103490113688167e-05,,,
/kaggle/input/datasets/tawsifurrahman/covid19-radiography-database/COVID-19_Radiography_Dataset/Normal/images/Normal-8649.png,Normal,Normal,4.764672485180199e-05,0.0029027420096099377,0.9970495700836182,2.6391390406388382e-08,,,
/kaggle/input/datasets/tawsifurrahman/covid19-radiography-database/COVID-19_Radiography_Dataset/Normal/images/Normal-865.png,Normal,Normal,0.07472430914640427,0.034952253103256226,0.6620480418205261,0.22827543318271637,,,
/kaggle/input/datasets/tawsifurrahman/covid19-radiography-database/COVID-19_Radiography_Dataset/Normal/images/Normal-8650.png,Normal,Normal,0.0009516451973468065,0.016185274347662926,0.9827778935432434,8.514532964909449e-05,,,
/kaggle/input/datasets/tawsifurrahman/covid19-radiography-database/COVID-19_Radiography_Dataset/Normal/images/Normal-8663.png,Normal,Normal,2.61208933807211e-05,0.002008534735068679,0.997962474822998,2.7728765417123213e-06,,,
/kaggle/input/datasets/tawsifurrahman/covid19-radiography-database/COVID-19_Radiography_Dataset/Normal/images/Normal-8673.png,Normal,Normal,0.0074303331784904,0.0043936679139733315,0.9880720376968384,0.00010390397801529616,,,
/kaggle/input/datasets/tawsifurrahman/covid19-radiography-database/COVID-19_Radiography_Dataset/Normal/images/Normal-8676.png,Normal,Normal,0.0038637558463960886,0.010398960672318935,0.9857366681098938,6.180688387757982e-07,,,
/kaggle/input/datasets/tawsifurrahman/covid19-radiography-database/COVID-19_Radiography_Dataset/Normal/images/Normal-8678.png,Normal,Normal,0.001146286609582603,0.002283519832417369,0.9965699911117554,1.623753860258148e-07,,,
/kaggle/input/datasets/tawsifurrahman/covid19-radiography-database/COVID-19_Radiography_Dataset/Normal/images/Normal-8689.png,Normal,Normal,0.001922076684422791,0.004448373336344957,0.9936233162879944,6.312916866590967e-06,,0.3654820919036865,0.3654820919036865
/kaggle/input/datasets/tawsifurrahman/covid19-radiography-database/COVID-19_Radiography_Dataset/Normal/images/Normal-8695.png,Normal,Normal,0.005495084915310144,1.1431770872150082e-05,0.9944934844970703,4.21474410927658e-08,,0.3988747000694275,0.3988747000694275
/kaggle/input/datasets/tawsifurrahman/covid19-radiography-database/COVID-19_Radiography_Dataset/Normal/images/Normal-8701.png,Normal,Normal,0.0032681061420589685,0.0020183289889246225,0.9947134852409363,4.143545950796579e-09,,0.6078629493713379,0.6078629493713379
/kaggle/input/datasets/tawsifurrahman/covid19-radiography-database/COVID-19_Radiography_Dataset/Normal/images/Normal-8703.png,Normal,Normal,6.333337660180405e-05,0.022859541699290276,0.9767817854881287,0.00029532649205066264,,0.2887813448905945,0.2887813448905945
/kaggle/input/datasets/tawsifurrahman/covid19-radiography-database/COVID-19_Radiography_Dataset/Normal/images/Normal-8711.png,Normal,Normal,0.00015089566295500845,0.0004234298539813608,0.9994256496429443,2.523595554748681e-09,,,
/kaggle/input/datasets/tawsifurrahman/covid19-radiography-database/COVID-19_Radiography_Dataset/Normal/images/Normal-8743.png,Normal,Normal,9.230940486304462e-05,0.0004953086609020829,0.9994124174118042,2.5710916728982625e-10,,,
/kaggle/input/datasets/tawsifurrahman/covid19-radiography-database/COVID-19_Radiography_Dataset/Normal/images/Normal-8761.png,Normal,Normal,4.628240640158765e-05,0.020956261083483696,0.9789972901344299,5.655983059682512e-08,,,
/kaggle/input/datasets/tawsifurrahman/covid19-radiography-database/COVID-19_Radiography_Dataset/Normal/images/Normal-8763.png,Normal,Normal,0.030507374554872513,0.009761498309671879,0.9597141742706299,1.692403748165816e-05,,,
/kaggle/input/datasets/tawsifurrahman/covid19-radiography-database/COVID-19_Radiography_Dataset/Normal/images/Normal-8766.png,Normal,Normal,0.014775631949305534,0.0019884121138602495,0.9670690894126892,0.016166795045137405,,,
/kaggle/input/datasets/tawsifurrahman/covid19-radiography-database/COVID-19_Radiography_Dataset/Normal/images/Normal-8776.png,Normal,Normal,0.007364471442997456,0.026680923998355865,0.9659546613693237,8.396483508477104e-10,,,
/kaggle/input/datasets/tawsifurrahman/covid19-radiography-database/COVID-19_Radiography_Dataset/Normal/images/Normal-879.png,Normal,Normal,2.6098590751644224e-05,2.498125468264334e-05,0.9999185800552368,3.031065898539964e-05,,,
/kaggle/input/datasets/tawsifurrahman/covid19-radiography-database/COVID-19_Radiography_Dataset/Normal/images/Normal-8794.png,Normal,Normal,0.00014728057431057096,0.045194536447525024,0.9546577334403992,5.120465402796981e-07,,0.18747226893901825,0.18747226893901825
/kaggle/input/datasets/tawsifurrahman/covid19-radiography-database/COVID-19_Radiography_Dataset/Normal/images/Normal-8796.png,Normal,Normal,5.998361302772537e-06,3.243617538828403e-05,0.9999616146087646,2.5848621021395957e-08,,,
/kaggle/input/datasets/tawsifurrahman/covid19-radiography-database/COVID-19_Radiography_Dataset/Normal/images/Normal-8801.png,Normal,Normal,0.002259401371702552,0.0004069409042131156,0.9973325729370117,1.052287416314357e-06,,,
/kaggle/input/datasets/tawsifurrahman/covid19-radiography-database/COVID-19_Radiography_Dataset/Normal/images/Normal-8804.png,Normal,Normal,2.3905959096737206e-06,0.0002637119614519179,0.9997338652610779,3.6691982785441724e-08,,0.3967750668525696,0.3967750668525696
/kaggle/input/datasets/tawsifurrahman/covid19-radiography-database/COVID-19_Radiography_Dataset/Normal/images/Normal-8812.png,Normal,Normal,0.0007806175854057074,0.0022019054740667343,0.9970173835754395,8.090034242513866e-08,,0.2845982015132904,0.2845982015132904
/kaggle/input/datasets/tawsifurrahman/covid19-radiography-database/COVID-19_Radiography_Dataset/Normal/images/Normal-8815.png,Normal,Normal,0.00010146111162612215,0.0011211930541321635,0.998776376247406,9.936677543009864e-07,,0.2518547475337982,0.2518547475337982
/kaggle/input/datasets/tawsifurrahman/covid19-radiography-database/COVID-19_Radiography_Dataset/Normal/images/Normal-8827.png,Normal,Normal,0.006267935037612915,0.006727367173880339,0.9870029091835022,1.6967105693765916e-06,,,
/kaggle/input/datasets/tawsifurrahman/covid19-radiography-database/COVID-19_Radiography_Dataset/Normal/images/Normal-8828.png,Normal,Normal,3.5096293231617892e-06,0.00024500442668795586,0.9997515082359314,2.6660568197556245e-10,,,
/kaggle/input/datasets/tawsifurrahman/covid19-radiography-database/COVID-19_Radiography_Dataset/Normal/images/Normal-8835.png,Normal,Lung_Opacity,9.07854046090506e-05,0.5816669464111328,0.41821154952049255,3.0651281122118235e-05,,0.397842139005661,0.397842139005661
/kaggle/input/datasets/tawsifurrahman/covid19-radiography-database/COVID-19_Radiography_Dataset/Normal/images/Normal-8843.png,Normal,Normal,0.0004153724876232445,0.009930728934705257,0.9896523356437683,1.4826504184384248e-06,,,
/kaggle/input/datasets/tawsifurrahman/covid19-radiography-database/COVID-19_Radiography_Dataset/Normal/images/Normal-8848.png,Normal,Normal,0.00010803525219671428,0.0006976375007070601,0.999194324016571,7.137486157660078e-09,,,
/kaggle/input/datasets/tawsifurrahman/covid19-radiography-database/COVID-19_Radiography_Dataset/Normal/images/Normal-8866.png,Normal,Normal,0.01279524713754654,0.0009639907511882484,0.9862397313117981,9.80005552264629e-07,,,
/kaggle/input/datasets/tawsifurrahman/covid19-radiography-database/COVID-19_Radiography_Dataset/Normal/images/Normal-8875.png,Normal,Normal,0.0015540393069386482,0.03470199927687645,0.9633032083511353,0.0004407817032188177,,,
/kaggle/input/datasets/tawsifurrahman/covid19-radiography-database/COVID-19_Radiography_Dataset/Normal/images/Normal-8884.png,Normal,Normal,1.2531539141491521e-05,0.07124060392379761,0.9287466406822205,2.6790402785081824e-07,,0.19903342425823212,0.19903342425823212
/kaggle/input/datasets/tawsifurrahman/covid19-radiography-database/COVID-19_Radiography_Dataset/Normal/images/Normal-8888.png,Normal,Normal,0.059225112199783325,0.0007277258555404842,0.9400469064712524,2.08613471386343e-07,,,
/kaggle/input/datasets/tawsifurrahman/covid19-radiography-database/COVID-19_Radiography_Dataset/Normal/images/Normal-8897.png,Normal,Normal,0.002026068279519677,0.025037916377186775,0.9729353785514832,5.610820608126232e-07,,,
/kaggle/input/datasets/tawsifurrahman/covid19-radiography-database/COVID-19_Radiography_Dataset/Normal/images/Normal-8902.png,Normal,Normal,1.542710560897831e-05,0.04076292738318443,0.9592215418815613,8.141896756796996e-08,,0.37487947940826416,0.37487947940826416
/kaggle/input/datasets/tawsifurrahman/covid19-radiography-database/COVID-19_Radiography_Dataset/Normal/images/Normal-8911.png,Normal,Normal,2.1791095150547335e-06,0.00045724911615252495,0.9995405673980713,2.7354813525448662e-08,,,
/kaggle/input/datasets/tawsifurrahman/covid19-radiography-database/COVID-19_Radiography_Dataset/Normal/images/Normal-8914.png,Normal,Normal,0.17972594499588013,0.008640829473733902,0.8116325736045837,7.128455763449892e-07,,,
/kaggle/input/datasets/tawsifurrahman/covid19-radiography-database/COVID-19_Radiography_Dataset/Normal/images/Normal-8915.png,Normal,Normal,9.846550528891385e-05,0.22953803837299347,0.7702915072441101,7.198719686130062e-05,,,
/kaggle/input/datasets/tawsifurrahman/covid19-radiography-database/COVID-19_Radiography_Dataset/Normal/images/Normal-8917.png,Normal,Lung_Opacity,0.01558887679129839,0.8430124521255493,0.1413733959197998,2.5248149540857412e-05,,0.1427406668663025,0.1427406668663025
/kaggle/input/datasets/tawsifurrahman/covid19-radiography-database/COVID-19_Radiography_Dataset/Normal/images/Normal-8919.png,Normal,Normal,0.0020866666454821825,0.010228744708001614,0.9857139587402344,0.001970620360225439,,,
/kaggle/input/datasets/tawsifurrahman/covid19-radiography-database/COVID-19_Radiography_Dataset/Normal/images/Normal-8940.png,Normal,Lung_Opacity,0.0002671470574568957,0.6614044308662415,0.33831414580345154,1.423308549419744e-05,,,
/kaggle/input/datasets/tawsifurrahman/covid19-radiography-database/COVID-19_Radiography_Dataset/Normal/images/Normal-8943.png,Normal,Normal,7.996850763447583e-05,0.008815502747893333,0.9911041259765625,3.64589027412876e-07,,0.2944607138633728,0.2944607138633728
/kaggle/input/datasets/tawsifurrahman/covid19-radiography-database/COVID-19_Radiography_Dataset/Normal/images/Normal-8948.png,Normal,Normal,0.008535822853446007,0.015648383647203445,0.9757242798805237,9.152507118415087e-05,,,
/kaggle/input/datasets/tawsifurrahman/covid19-radiography-database/COVID-19_Radiography_Dataset/Normal/images/Normal-8950.png,Normal,Normal,0.003984292037785053,0.0024142491165548563,0.9935868978500366,1.4631273188570049e-05,,,
/kaggle/input/datasets/tawsifurrahman/covid19-radiography-database/COVID-19_Radiography_Dataset/Normal/images/Normal-8959.png,Normal,Normal,1.2605689335032366e-05,0.0032732204999774694,0.9967030882835388,1.1049337445001584e-05,,0.43310844898223877,0.43310844898223877
/kaggle/input/datasets/tawsifurrahman/covid19-radiography-database/COVID-19_Radiography_Dataset/Normal/images/Normal-8960.png,Normal,Normal,1.136532227974385e-05,0.022356845438480377,0.9776291847229004,2.5870804165606387e-06,,,
/kaggle/input/datasets/tawsifurrahman/covid19-radiography-database/COVID-19_Radiography_Dataset/Normal/images/Normal-8961.png,Normal,Normal,0.006522074341773987,0.05600044131278992,0.9374605417251587,1.6945785318966955e-05,,,
/kaggle/input/datasets/tawsifurrahman/covid19-radiography-database/COVID-19_Radiography_Dataset/Normal/images/Normal-8964.png,Normal,Normal,1.151162177848164e-05,0.010019080713391304,0.9898672103881836,0.00010214768553851172,,,
/kaggle/input/datasets/tawsifurrahman/covid19-radiography-database/COVID-19_Radiography_Dataset/Normal/images/Normal-8991.png,Normal,Normal,0.0013583380496129394,0.006529767531901598,0.9921044111251831,7.444529728672933e-06,,0.4009552597999573,0.4009552597999573
/kaggle/input/datasets/tawsifurrahman/covid19-radiography-database/COVID-19_Radiography_Dataset/Normal/images/Normal-8992.png,Normal,Lung_Opacity,3.941340310120722e-06,0.8315820693969727,0.16839231550693512,2.168738137697801e-05,,,
/kaggle/input/datasets/tawsifurrahman/covid19-radiography-database/COVID-19_Radiography_Dataset/Normal/images/Normal-9003.png,Normal,Normal,0.33963027596473694,0.014186962507665157,0.6461710333824158,1.1757080756069627e-05,,,
/kaggle/input/datasets/tawsifurrahman/covid19-radiography-database/COVID-19_Radiography_Dataset/Normal/images/Normal-9015.png,Normal,Normal,0.00020833977032452822,0.15642908215522766,0.8433535099029541,9.145399417320732e-06,,,
/kaggle/input/datasets/tawsifurrahman/covid19-radiography-database/COVID-19_Radiography_Dataset/Normal/images/Normal-9018.png,Normal,Normal,1.7297446902375668e-05,0.0010390040697529912,0.9989437460899353,1.760763979063995e-08,,,
/kaggle/input/datasets/tawsifurrahman/covid19-radiography-database/COVID-19_Radiography_Dataset/Normal/images/Normal-9023.png,Normal,Normal,0.06333247572183609,0.02721867896616459,0.9072190523147583,0.002229830948635936,,,
/kaggle/input/datasets/tawsifurrahman/covid19-radiography-database/COVID-19_Radiography_Dataset/Normal/images/Normal-903.png,Normal,Viral Pneumonia,0.02571333386003971,0.0007840074831619859,0.07587521523237228,0.8976274132728577,,,
/kaggle/input/datasets/tawsifurrahman/covid19-radiography-database/COVID-19_Radiography_Dataset/Normal/images/Normal-9032.png,Normal,Normal,1.8824901815150952e-07,0.0005143214366398752,0.9994852542877197,2.1153942952878424e-07,,,
/kaggle/input/datasets/tawsifurrahman/covid19-radiography-database/COVID-19_Radiography_Dataset/Normal/images/Normal-9038.png,Normal,Normal,0.001082118134945631,0.045393187552690506,0.953485906124115,3.877983181155287e-05,,0.25116702914237976,0.25116702914237976
/kaggle/input/datasets/tawsifurrahman/covid19-radiography-database/COVID-19_Radiography_Dataset/Normal/images/Normal-9061.png,Normal,Normal,0.0001050239079631865,0.21175231039524078,0.7881148457527161,2.7834483262267895e-05,,,
/kaggle/input/datasets/tawsifurrahman/covid19-radiography-database/COVID-19_Radiography_Dataset/Normal/images/Normal-9076.png,Normal,Normal,0.0006831763312220573,0.17211198806762695,0.8255834579467773,0.0016213427297770977,,,
/kaggle/input/datasets/tawsifurrahman/covid19-radiography-database/COVID-19_Radiography_Dataset/Normal/images/Normal-9083.png,Normal,Normal,1.429337572744771e-07,0.014884700067341328,0.985115110874176,5.0614863411624356e-09,,0.4223461151123047,0.4223461151123047
/kaggle/input/datasets/tawsifurrahman/covid19-radiography-database/COVID-19_Radiography_Dataset/Normal/images/Normal-9090.png,Normal,Normal,4.165069185546599e-05,0.061033882200717926,0.9389245510101318,7.38238747910458e-10,,0.3858540654182434,0.3858540654182434
/kaggle/input/datasets/tawsifurrahman/covid19-radiography-database/COVID-19_Radiography_Dataset/Normal/images/Normal-9096.png,Normal,Normal,0.0040291231125593185,0.0059435716830194,0.9900272488594055,2.7750060027642576e-08,,0.43191567063331604,0.43191567063331604
/kaggle/input/datasets/tawsifurrahman/covid19-radiography-database/COVID-19_Radiography_Dataset/Normal/images/Normal-9097.png,Normal,Normal,0.00040357402758672833,0.0018648175755515695,0.9976715445518494,6.0094946093158796e-05,,0.32767748832702637,0.32767748832702637
/kaggle/input/datasets/tawsifurrahman/covid19-radiography-database/COVID-19_Radiography_Dataset/Normal/images/Normal-9111.png,Normal,Normal,0.0001016733658616431,0.01913418434560299,0.9806745648384094,8.951037307269871e-05,,0.29626715183258057,0.29626715183258057
/kaggle/input/datasets/tawsifurrahman/covid19-radiography-database/COVID-19_Radiography_Dataset/Normal/images/Normal-9114.png,Normal,Normal,4.488712420425145e-06,0.006932402029633522,0.9930596351623535,3.503041398289497e-06,,,
/kaggle/input/datasets/tawsifurrahman/covid19-radiography-database/COVID-19_Radiography_Dataset/Normal/images/Normal-9124.png,Normal,Normal,5.453789526654873e-07,0.0003956631990149617,0.999603807926178,5.82476081256722e-11,,,
/kaggle/input/datasets/tawsifurrahman/covid19-radiography-database/COVID-19_Radiography_Dataset/Normal/images/Normal-9130.png,Normal,Normal,8.472961781080812e-05,0.0805363580584526,0.9193788170814514,1.0347557832801613e-07,,0.34950870275497437,0.34950870275497437
/kaggle/input/datasets/tawsifurrahman/covid19-radiography-database/COVID-19_Radiography_Dataset/Normal/images/Normal-9132.png,Normal,Normal,6.967450462980196e-05,0.056478749960660934,0.9434490203857422,2.5422566523047863e-06,,,
/kaggle/input/datasets/tawsifurrahman/covid19-radiography-database/COVID-19_Radiography_Dataset/Normal/images/Normal-9147.png,Normal,Normal,0.00011324927618261427,0.04868458956480026,0.9512004256248474,1.658249061620154e-06,,,
/kaggle/input/datasets/tawsifurrahman/covid19-radiography-database/COVID-19_Radiography_Dataset/Normal/images/Normal-9150.png,Normal,Normal,0.018676351755857468,0.01981915906071663,0.960091233253479,0.0014132007490843534,,,
/kaggle/input/datasets/tawsifurrahman/covid19-radiography-database/COVID-19_Radiography_Dataset/Normal/images/Normal-9153.png,Normal,Normal,0.0009449278586544096,0.0033984719775617123,0.9956566095352173,2.76569878110422e-08,,,
/kaggle/input/datasets/tawsifurrahman/covid19-radiography-database/COVID-19_Radiography_Dataset/Normal/images/Normal-9160.png,Normal,Normal,0.012095421552658081,0.002808877732604742,0.9850789308547974,1.6761621736804955e-05,,0.34943345189094543,0.34943345189094543
/kaggle/input/datasets/tawsifurrahman/covid19-radiography-database/COVID-19_Radiography_Dataset/Normal/images/Normal-9165.png,Normal,Normal,2.555646005930612e-06,0.01020212285220623,0.9897950291633606,1.9741806056572386e-07,,,
/kaggle/input/datasets/tawsifurrahman/covid19-radiography-database/COVID-19_Radiography_Dataset/Normal/images/Normal-9166.png,Normal,Normal,1.5529953088844195e-05,0.0015352254267781973,0.9984493255615234,2.919259625699944e-11,,,
/kaggle/input/datasets/tawsifurrahman/covid19-radiography-database/COVID-19_Radiography_Dataset/Normal/images/Normal-9167.png,Normal,Normal,0.00033225122024305165,0.000858589424751699,0.9988090991973877,1.7839830945831636e-07,,0.3313170373439789,0.3313170373439789
/kaggle/input/datasets/tawsifurrahman/covid19-radiography-database/COVID-19_Radiography_Dataset/Normal/images/Normal-9171.png,Normal,Normal,1.8144942259823438e-06,0.01815532147884369,0.9818428158760071,1.7412567387964373e-08,,,
/kaggle/input/datasets/tawsifurrahman/covid19-radiography-database/COVID-19_Radiography_Dataset/Normal/images/Normal-9178.png,Normal,Normal,0.2723129987716675,0.012681888416409492,0.7035320997238159,0.011472984217107296,,,
/kaggle/input/datasets/tawsifurrahman/covid19-radiography-database/COVID-19_Radiography_Dataset/Normal/images/Normal-9188.png,Normal,Normal,0.004864743910729885,0.05337578058242798,0.9411020278930664,0.0006574723520316184,,,
/kaggle/input/datasets/tawsifurrahman/covid19-radiography-database/COVID-19_Radiography_Dataset/Normal/images/Normal-9189.png,Normal,Normal,0.00014874762564431876,0.03446786478161812,0.9653833508491516,2.516351393921923e-08,,,
/kaggle/input/datasets/tawsifurrahman/covid19-radiography-database/COVID-19_Radiography_Dataset/Normal/images/Normal-92.png,Normal,Normal,3.6628185625886545e-05,5.4325642850017175e-05,0.9998860359191895,2.3032647732179612e-05,,,
/kaggle/input/datasets/tawsifurrahman/covid19-radiography-database/COVID-19_Radiography_Dataset/Normal/images/Normal-9206.png,Normal,Normal,0.40247392654418945,0.004113239236176014,0.591331422328949,0.002081418875604868,,,
/kaggle/input/datasets/tawsifurrahman/covid19-radiography-database/COVID-19_Radiography_Dataset/Normal/images/Normal-9211.png,Normal,Normal,0.00143085652962327,0.0001649295591050759,0.9984022974967957,1.9644719486677786e-06,,,
/kaggle/input/datasets/tawsifurrahman/covid19-radiography-database/COVID-19_Radiography_Dataset/Normal/images/Normal-923.png,Normal,Viral Pneumonia,2.9523434363909473e-07,0.00011548171460162848,0.07542134076356888,0.9244627952575684,,,
/kaggle/input/datasets/tawsifurrahman/covid19-radiography-database/COVID-19_Radiography_Dataset/Normal/images/Normal-9230.png,Normal,Normal,1.3954339010524563e-05,0.026342090219259262,0.9725497364997864,0.0010942377848550677,,0.270896852016449,0.270896852016449
/kaggle/input/datasets/tawsifurrahman/covid19-radiography-database/COVID-19_Radiography_Dataset/Normal/images/Normal-9232.png,Normal,COVID,0.8348085284233093,0.0531904473900795,0.11198043823242188,2.0575334929162636e-05,,0.2188919186592102,0.2188919186592102
/kaggle/input/datasets/tawsifurrahman/covid19-radiography-database/COVID-19_Radiography_Dataset/Normal/images/Normal-9236.png,Normal,Normal,2.2043461456178193e-07,0.00017840303189586848,0.9998213648796082,8.491357617046447e-10,,,
/kaggle/input/datasets/tawsifurrahman/covid19-radiography-database/COVID-19_Radiography_Dataset/Normal/images/Normal-9240.png,Normal,Normal,5.921541014686227e-05,0.01565258391201496,0.984262228012085,2.5950988856493495e-05,,0.280305415391922,0.280305415391922
/kaggle/input/datasets/tawsifurrahman/covid19-radiography-database/COVID-19_Radiography_Dataset/Normal/images/Normal-9241.png,Normal,Normal,0.006106971297413111,0.0031623791437596083,0.9907296299934387,1.0488506632100325e-06,,0.35659486055374146,0.35659486055374146
/kaggle/input/datasets/tawsifurrahman/covid19-radiography-database/COVID-19_Radiography_Dataset/Normal/images/Normal-9243.png,Normal,Normal,0.04618126153945923,0.11533458530902863,0.8383795022964478,0.00010466817911947146,,0.2708837687969208,0.2708837687969208
/kaggle/input/datasets/tawsifurrahman/covid19-radiography-database/COVID-19_Radiography_Dataset/Normal/images/Normal-9250.png,Normal,Lung_Opacity,0.0014455263735726476,0.7953392267227173,0.2032129466533661,2.414949904050445e-06,,,
/kaggle/input/datasets/tawsifurrahman/covid19-radiography-database/COVID-19_Radiography_Dataset/Normal/images/Normal-9258.png,Normal,Normal,0.003203390398994088,0.41540461778640747,0.5802208781242371,0.0011711062397807837,,,
/kaggle/input/datasets/tawsifurrahman/covid19-radiography-database/COVID-19_Radiography_Dataset/Normal/images/Normal-926.png,Normal,Normal,0.00394406309351325,0.0019701500423252583,0.9938796758651733,0.00020606040197890252,,,
/kaggle/input/datasets/tawsifurrahman/covid19-radiography-database/COVID-19_Radiography_Dataset/Normal/images/Normal-9260.png,Normal,Normal,6.361553823808208e-05,0.0017548449104651809,0.9981803894042969,1.0749561170086963e-06,,0.40398716926574707,0.40398716926574707
/kaggle/input/datasets/tawsifurrahman/covid19-radiography-database/COVID-19_Radiography_Dataset/Normal/images/Normal-9267.png,Normal,Normal,0.00010541443043621257,0.046138472855091095,0.9537561535835266,8.431463860425481e-11,,,
/kaggle/input/datasets/tawsifurrahman/covid19-radiography-database/COVID-19_Radiography_Dataset/Normal/images/Normal-9272.png,Normal,Normal,0.0043539684265851974,0.0026649690698832273,0.9929741621017456,6.859019322291715e-06,,,
/kaggle/input/datasets/tawsifurrahman/covid19-radiography-database/COVID-19_Radiography_Dataset/Normal/images/Normal-9273.png,Normal,Normal,9.386030433233827e-05,0.01338664349168539,0.9849994778633118,0.0015201332280412316,,0.417607843875885,0.417607843875885
/kaggle/input/datasets/tawsifurrahman/covid19-radiography-database/COVID-19_Radiography_Dataset/Normal/images/Normal-929.png,Normal,Normal,0.00021568323427345604,7.220660336315632e-05,0.9996780157089233,3.403614027774893e-05,,,
/kaggle/input/datasets/tawsifurrahman/covid19-radiography-database/COVID-19_Radiography_Dataset/Normal/images/Normal-9290.png,Normal,Normal,1.0814988854690455e-05,0.000970204477198422,0.999017596244812,1.2947530194651335e-06,,0.283922404050827,0.283922404050827
/kaggle/input/datasets/tawsifurrahman/covid19-radiography-database/COVID-19_Radiography_Dataset/Normal/images/Normal-9292.png,Normal,Normal,0.02240406535565853,0.007170841563493013,0.9704248905181885,1.586722504498539e-07,,,
/kaggle/input/datasets/tawsifurrahman/covid19-radiography-database/COVID-19_Radiography_Dataset/Normal/images/Normal-9293.png,Normal,Normal,0.00020379552734084427,0.06049858033657074,0.9392030835151672,9.457625856157392e-05,,0.2554206848144531,0.2554206848144531
/kaggle/input/datasets/tawsifurrahman/covid19-radiography-database/COVID-19_Radiography_Dataset/Normal/images/Normal-93.png,Normal,Normal,0.09357605874538422,0.001811642898246646,0.8890844583511353,0.015527861192822456,,0.33201631903648376,0.33201631903648376
/kaggle/input/datasets/tawsifurrahman/covid19-radiography-database/COVID-19_Radiography_Dataset/Normal/images/Normal-9305.png,Normal,Normal,7.322065584958182e-07,0.000758355890866369,0.9992409944534302,4.2397634014701424e-11,,0.2591342628002167,0.2591342628002167
/kaggle/input/datasets/tawsifurrahman/covid19-radiography-database/COVID-19_Radiography_Dataset/Normal/images/Normal-9308.png,Normal,Normal,5.7455272326478735e-05,0.0004061150539200753,0.9995362758636475,2.101246536767576e-07,,,
/kaggle/input/datasets/tawsifurrahman/covid19-radiography-database/COVID-19_Radiography_Dataset/Normal/images/Normal-931.png,Normal,Normal,2.5373650714755058e-05,3.2197433029068634e-05,0.9998371601104736,0.00010522022057557479,,0.21072286367416382,0.21072286367416382
/kaggle/input/datasets/tawsifurrahman/covid19-radiography-database/COVID-19_Radiography_Dataset/Normal/images/Normal-9316.png,Normal,Normal,0.21162059903144836,0.05856936797499657,0.7297242879867554,8.575118408771232e-05,,,
/kaggle/input/datasets/tawsifurrahman/covid19-radiography-database/COVID-19_Radiography_Dataset/Normal/images/Normal-9320.png,Normal,Normal,0.00011455399362603202,0.004761403892189264,0.9951239228248596,3.958617256216712e-08,,0.4295847713947296,0.4295847713947296
/kaggle/input/datasets/tawsifurrahman/covid19-radiography-database/COVID-19_Radiography_Dataset/Normal/images/Normal-9322.png,Normal,Normal,6.404155101336073e-06,0.010335535742342472,0.9896580576896667,6.295643828480024e-08,,0.37659144401550293,0.37659144401550293
/kaggle/input/datasets/tawsifurrahman/covid19-radiography-database/COVID-19_Radiography_Dataset/Normal/images/Normal-9327.png,Normal,COVID,0.4156961739063263,0.28971704840660095,0.29446667432785034,0.0001201403938466683,,,
/kaggle/input/datasets/tawsifurrahman/covid19-radiography-database/COVID-19_Radiography_Dataset/Normal/images/Normal-933.png,Normal,Normal,9.293482435168698e-05,1.0515063877392095e-05,0.999848484992981,4.7948913561413065e-05,,,
/kaggle/input/datasets/tawsifurrahman/covid19-radiography-database/COVID-19_Radiography_Dataset/Normal/images/Normal-934.png,Normal,Normal,6.003554881317541e-05,0.00017117237439379096,0.9996945858001709,7.423730130540207e-05,,0.14514151215553284,0.14514151215553284
/kaggle/input/datasets/tawsifurrahman/covid19-radiography-database/COVID-19_Radiography_Dataset/Normal/images/Normal-9350.png,Normal,Normal,0.0004045034584123641,0.3493811786174774,0.6502140760421753,2.246993489052329e-07,,0.4094584286212921,0.4094584286212921
/kaggle/input/datasets/tawsifurrahman/covid19-radiography-database/COVID-19_Radiography_Dataset/Normal/images/Normal-9351.png,Normal,Lung_Opacity,4.6784364826635283e-07,0.6676551699638367,0.3323443830013275,9.188674710003397e-09,,0.13588371872901917,0.13588371872901917
/kaggle/input/datasets/tawsifurrahman/covid19-radiography-database/COVID-19_Radiography_Dataset/Normal/images/Normal-9376.png,Normal,Lung_Opacity,0.0003844273160211742,0.9837689995765686,0.01584659144282341,6.501272409309422e-09,,,
/kaggle/input/datasets/tawsifurrahman/covid19-radiography-database/COVID-19_Radiography_Dataset/Normal/images/Normal-9377.png,Normal,Normal,0.00019301714200992137,0.004235921893268824,0.9955704808235168,6.524888931380701e-07,,,
/kaggle/input/datasets/tawsifurrahman/covid19-radiography-database/COVID-19_Radiography_Dataset/Normal/images/Normal-9378.png,Normal,Normal,0.2470518797636032,0.23737680912017822,0.5153861045837402,0.00018519628793001175,,0.23969262838363647,0.23969262838363647
/kaggle/input/datasets/tawsifurrahman/covid19-radiography-database/COVID-19_Radiography_Dataset/Normal/images/Normal-9383.png,Normal,Normal,0.02049247920513153,0.0002638529986143112,0.9792121648788452,3.142814239254221e-05,,0.3278310298919678,0.3278310298919678
/kaggle/input/datasets/tawsifurrahman/covid19-radiography-database/COVID-19_Radiography_Dataset/Normal/images/Normal-9389.png,Normal,Normal,0.00032729984377510846,0.008335625752806664,0.9913369417190552,1.9441182885771013e-08,,,
/kaggle/input/datasets/tawsifurrahman/covid19-radiography-database/COVID-19_Radiography_Dataset/Normal/images/Normal-9395.png,Normal,Normal,1.057864665199304e-06,0.1189163401722908,0.8810757994651794,6.770750133000547e-06,,,
/kaggle/input/datasets/tawsifurrahman/covid19-radiography-database/COVID-19_Radiography_Dataset/Normal/images/Normal-9401.png,Normal,Normal,0.001303222612477839,0.025361299514770508,0.9732235670089722,0.00011188878124812618,,,
/kaggle/input/datasets/tawsifurrahman/covid19-radiography-database/COVID-19_Radiography_Dataset/Normal/images/Normal-9406.png,Normal,Normal,0.026901189237833023,0.007434024941176176,0.9656634330749512,1.3303625792104867e-06,,,
/kaggle/input/datasets/tawsifurrahman/covid19-radiography-database/COVID-19_Radiography_Dataset/Normal/images/Normal-9409.png,Normal,Lung_Opacity,4.080052804056322e-06,0.6233273148536682,0.3766675293445587,1.0913901178355445e-06,,,
/kaggle/input/datasets/tawsifurrahman/covid19-radiography-database/COVID-19_Radiography_Dataset/Normal/images/Normal-9412.png,Normal,Normal,3.1206752737489296e-07,0.0019698492251336575,0.9980297684669495,1.0002897177230352e-08,,,
/kaggle/input/datasets/tawsifurrahman/covid19-radiography-database/COVID-19_Radiography_Dataset/Normal/images/Normal-9417.png,Normal,Normal,0.002225952921435237,0.0819130390882492,0.9158422946929932,1.871378844953142e-05,,,
/kaggle/input/datasets/tawsifurrahman/covid19-radiography-database/COVID-19_Radiography_Dataset/Normal/images/Normal-9429.png,Normal,Normal,0.010766909457743168,0.004862294066697359,0.9843690395355225,1.7071942011170904e-06,,0.5294666886329651,0.5294666886329651
/kaggle/input/datasets/tawsifurrahman/covid19-radiography-database/COVID-19_Radiography_Dataset/Normal/images/Normal-9439.png,Normal,Normal,0.0015809106407687068,0.05610697343945503,0.9421463012695312,0.00016575140762142837,,,
/kaggle/input/datasets/tawsifurrahman/covid19-radiography-database/COVID-19_Radiography_Dataset/Normal/images/Normal-9443.png,Normal,Lung_Opacity,0.21592572331428528,0.6936406493186951,0.0855581983923912,0.004875431302934885,,0.3928517997264862,0.3928517997264862
/kaggle/input/datasets/tawsifurrahman/covid19-radiography-database/COVID-19_Radiography_Dataset/Normal/images/Normal-9450.png,Normal,Normal,0.008125373162329197,0.0017276168800890446,0.9901469349861145,5.144483949948153e-08,,,
/kaggle/input/datasets/tawsifurrahman/covid19-radiography-database/COVID-19_Radiography_Dataset/Normal/images/Normal-9459.png,Normal,Normal,6.667827392448089e-07,0.00020545818551909178,0.9997938275337219,8.736235734829734e-09,,,
/kaggle/input/datasets/tawsifurrahman/covid19-radiography-database/COVID-19_Radiography_Dataset/Normal/images/Normal-9476.png,Normal,Normal,5.586022962233983e-05,0.2764336168766022,0.7235059142112732,4.590545813698554e-06,,,
/kaggle/input/datasets/tawsifurrahman/covid19-radiography-database/COVID-19_Radiography_Dataset/Normal/images/Normal-9477.png,Normal,Normal,1.8399725377094e-05,0.002145270351320505,0.997836172580719,1.572766024082739e-07,,,
/kaggle/input/datasets/tawsifurrahman/covid19-radiography-database/COVID-19_Radiography_Dataset/Normal/images/Normal-948.png,Normal,Normal,0.00016449658141937107,6.40221405774355e-05,0.9933274984359741,0.006443954072892666,,,
/kaggle/input/datasets/tawsifurrahman/covid19-radiography-database/COVID-19_Radiography_Dataset/Normal/images/Normal-9493.png,Normal,Normal,0.0038307583890855312,0.11808557063341141,0.8780631422996521,2.0565332306432538e-05,,,
/kaggle/input/datasets/tawsifurrahman/covid19-radiography-database/COVID-19_Radiography_Dataset/Normal/images/Normal-9497.png,Normal,Lung_Opacity,0.00021624147484544665,0.8790208697319031,0.12069673091173172,6.609020056203008e-05,,,
/kaggle/input/datasets/tawsifurrahman/covid19-radiography-database/COVID-19_Radiography_Dataset/Normal/images/Normal-9499.png,Normal,Normal,0.002371676964685321,0.10533662140369415,0.8922666311264038,2.5147523047053255e-05,,,
/kaggle/input/datasets/tawsifurrahman/covid19-radiography-database/COVID-19_Radiography_Dataset/Normal/images/Normal-951.png,Normal,Normal,0.34399041533470154,0.008307804353535175,0.6415611505508423,0.006140594836324453,,,
/kaggle/input/datasets/tawsifurrahman/covid19-radiography-database/COVID-19_Radiography_Dataset/Normal/images/Normal-9537.png,Normal,Normal,3.871595254167914e-06,0.03615281358361244,0.9638433456420898,5.1017545743548e-10,,0.21065548062324524,0.21065548062324524
/kaggle/input/datasets/tawsifurrahman/covid19-radiography-database/COVID-19_Radiography_Dataset/Normal/images/Normal-9540.png,Normal,Normal,0.00482963677495718,0.014277659356594086,0.9788893461227417,0.002003356348723173,,,
/kaggle/input/datasets/tawsifurrahman/covid19-radiography-database/COVID-19_Radiography_Dataset/Normal/images/Normal-9548.png,Normal,Normal,0.0003653821477200836,0.018350649625062943,0.981173574924469,0.00011038722732337192,,,
/kaggle/input/datasets/tawsifurrahman/covid19-radiography-database/COVID-19_Radiography_Dataset/Normal/images/Normal-9555.png,Normal,Lung_Opacity,2.8614960683626123e-05,0.8569393754005432,0.14303185045719147,1.4913669588167977e-07,,0.2092067003250122,0.2092067003250122
/kaggle/input/datasets/tawsifurrahman/covid19-radiography-database/COVID-19_Radiography_Dataset/Normal/images/Normal-956.png,Normal,Normal,0.0023959095124155283,0.00018982325855176896,0.9759140610694885,0.021500233560800552,,,
/kaggle/input/datasets/tawsifurrahman/covid19-radiography-database/COVID-19_Radiography_Dataset/Normal/images/Normal-9563.png,Normal,Normal,8.410363079747185e-05,0.00929222907871008,0.9902961850166321,0.00032757045119069517,,,
/kaggle/input/datasets/tawsifurrahman/covid19-radiography-database/COVID-19_Radiography_Dataset/Normal/images/Normal-9574.png,Normal,Lung_Opacity,0.0015167496167123318,0.9664720296859741,0.03201104700565338,1.7681296071714314e-07,,,
/kaggle/input/datasets/tawsifurrahman/covid19-radiography-database/COVID-19_Radiography_Dataset/Normal/images/Normal-9592.png,Normal,Normal,3.6658657336374745e-06,0.0006168143590912223,0.9993793964385986,1.617820721833141e-08,,,
/kaggle/input/datasets/tawsifurrahman/covid19-radiography-database/COVID-19_Radiography_Dataset/Normal/images/Normal-9594.png,Normal,Normal,8.804682147456333e-05,0.1138758435845375,0.8858689069747925,0.00016716863319743425,,0.23717010021209717,0.23717010021209717
/kaggle/input/datasets/tawsifurrahman/covid19-radiography-database/COVID-19_Radiography_Dataset/Normal/images/Normal-9603.png,Normal,Normal,0.0009676733170635998,0.00011316224845359102,0.9989192485809326,2.2968715818194596e-09,,,
/kaggle/input/datasets/tawsifurrahman/covid19-radiography-database/COVID-19_Radiography_Dataset/Normal/images/Normal-9607.png,Normal,Normal,0.00011783251102315262,0.2236671894788742,0.7761398553848267,7.50663093640469e-05,,,
/kaggle/input/datasets/tawsifurrahman/covid19-radiography-database/COVID-19_Radiography_Dataset/Normal/images/Normal-9609.png,Normal,Normal,7.212034688564017e-05,0.00027592453989200294,0.9996519088745117,1.1282665468570485e-08,,,
/kaggle/input/datasets/tawsifurrahman/covid19-radiography-database/COVID-19_Radiography_Dataset/Normal/images/Normal-9613.png,Normal,Normal,1.9723390778381145e-06,0.001072045648470521,0.9989258646965027,3.1639246778070174e-10,,,
/kaggle/input/datasets/tawsifurrahman/covid19-radiography-database/COVID-19_Radiography_Dataset/Normal/images/Normal-9616.png,Normal,Normal,0.19108565151691437,0.0012738077202811837,0.8076397180557251,7.757658977425308e-07,,0.3754726052284241,0.3754726052284241
/kaggle/input/datasets/tawsifurrahman/covid19-radiography-database/COVID-19_Radiography_Dataset/Normal/images/Normal-9622.png,Normal,Normal,5.361289731808938e-05,0.0009003868908621371,0.9990460276603699,3.136330528619169e-09,,,
/kaggle/input/datasets/tawsifurrahman/covid19-radiography-database/COVID-19_Radiography_Dataset/Normal/images/Normal-9624.png,Normal,Normal,8.979911854112288e-07,0.00756757240742445,0.9924314022064209,1.3950534949458415e-08,,,
/kaggle/input/datasets/tawsifurrahman/covid19-radiography-database/COVID-19_Radiography_Dataset/Normal/images/Normal-9630.png,Normal,Normal,2.1981977624818683e-05,0.012891446240246296,0.9870843291282654,2.160724307032069e-06,,,
/kaggle/input/datasets/tawsifurrahman/covid19-radiography-database/COVID-19_Radiography_Dataset/Normal/images/Normal-9633.png,Normal,Normal,0.00010550018487265334,0.01594655215740204,0.9839440584182739,4.006609742646106e-06,,0.3565205931663513,0.3565205931663513
/kaggle/input/datasets/tawsifurrahman/covid19-radiography-database/COVID-19_Radiography_Dataset/Normal/images/Normal-9635.png,Normal,Normal,0.008063375018537045,0.012688531540334225,0.979248046875,3.9977772203769746e-09,,0.37103554606437683,0.37103554606437683
/kaggle/input/datasets/tawsifurrahman/covid19-radiography-database/COVID-19_Radiography_Dataset/Normal/images/Normal-9636.png,Normal,Normal,5.695330401067622e-05,0.09659139811992645,0.9033483862876892,3.2246987302642083e-06,,,
/kaggle/input/datasets/tawsifurrahman/covid19-radiography-database/COVID-19_Radiography_Dataset/Normal/images/Normal-9637.png,Normal,Normal,0.03955244645476341,0.07101671397686005,0.889001727104187,0.00042912326171062887,,0.38533276319503784,0.38533276319503784
/kaggle/input/datasets/tawsifurrahman/covid19-radiography-database/COVID-19_Radiography_Dataset/Normal/images/Normal-9641.png,Normal,Normal,6.743059202563018e-06,0.00037096571759320796,0.9996222257614136,5.988247397947788e-11,,,
/kaggle/input/datasets/tawsifurrahman/covid19-radiography-database/COVID-19_Radiography_Dataset/Normal/images/Normal-9645.png,Normal,Normal,0.0020240903832018375,0.1019444689154625,0.8960304260253906,1.0515842632230488e-06,,,
/kaggle/input/datasets/tawsifurrahman/covid19-radiography-database/COVID-19_Radiography_Dataset/Normal/images/Normal-9647.png,Normal,Normal,1.2698933460342232e-07,0.4093177020549774,0.590681254863739,9.169978625322983e-07,,,
/kaggle/input/datasets/tawsifurrahman/covid19-radiography-database/COVID-19_Radiography_Dataset/Normal/images/Normal-9660.png,Normal,Normal,1.0088808721775422e-06,0.003273873822763562,0.9967251420021057,7.68295915776207e-09,,0.3826795816421509,0.3826795816421509
/kaggle/input/datasets/tawsifurrahman/covid19-radiography-database/COVID-19_Radiography_Dataset/Normal/images/Normal-967.png,Normal,Normal,7.030484994174913e-05,4.952140443492681e-06,0.9998550415039062,6.971969560254365e-05,,0.22894422709941864,0.22894422709941864
/kaggle/input/datasets/tawsifurrahman/covid19-radiography-database/COVID-19_Radiography_Dataset/Normal/images/Normal-9675.png,Normal,Normal,0.0111536905169487,0.002516132080927491,0.9859744906425476,0.0003556055307853967,,,
/kaggle/input/datasets/tawsifurrahman/covid19-radiography-database/COVID-19_Radiography_Dataset/Normal/images/Normal-9680.png,Normal,Normal,0.00012743042316287756,0.00032754612038843334,0.9995444416999817,6.39406437130674e-07,,,
/kaggle/input/datasets/tawsifurrahman/covid19-radiography-database/COVID-19_Radiography_Dataset/Normal/images/Normal-969.png,Normal,Normal,0.00012405827874317765,0.00019784396863542497,0.999599039554596,7.907643885118887e-05,,0.23512350022792816,0.23512350022792816
/kaggle/input/datasets/tawsifurrahman/covid19-radiography-database/COVID-19_Radiography_Dataset/Normal/images/Normal-9691.png,Normal,Normal,0.0032499730587005615,0.12037976086139679,0.8763700723648071,1.7837724897162843e-07,,,
/kaggle/input/datasets/tawsifurrahman/covid19-radiography-database/COVID-19_Radiography_Dataset/Normal/images/Normal-9699.png,Normal,Normal,0.00010260026465402916,0.020428238436579704,0.9791530966758728,0.0003161196655128151,,,
/kaggle/input/datasets/tawsifurrahman/covid19-radiography-database/COVID-19_Radiography_Dataset/Normal/images/Normal-9700.png,Normal,Normal,8.771550710662268e-06,0.41611766815185547,0.583827018737793,4.656494638766162e-05,,,
/kaggle/input/datasets/tawsifurrahman/covid19-radiography-database/COVID-19_Radiography_Dataset/Normal/images/Normal-9705.png,Normal,Normal,0.14434701204299927,0.003062373260036111,0.852586567401886,3.966739313909784e-06,,,
/kaggle/input/datasets/tawsifurrahman/covid19-radiography-database/COVID-19_Radiography_Dataset/Normal/images/Normal-9710.png,Normal,Normal,0.0018536574207246304,0.026776324957609177,0.9713693857192993,6.256846063479315e-07,,,
/kaggle/input/datasets/tawsifurrahman/covid19-radiography-database/COVID-19_Radiography_Dataset/Normal/images/Normal-9713.png,Normal,Normal,0.00026194716338068247,0.009262527339160442,0.9379191398620605,0.052556414157152176,,0.19438527524471283,0.19438527524471283
/kaggle/input/datasets/tawsifurrahman/covid19-radiography-database/COVID-19_Radiography_Dataset/Normal/images/Normal-9722.png,Normal,Normal,0.00025294951046817005,0.0008164967875927687,0.9989299178123474,5.900310497963801e-07,,0.4011746942996979,0.4011746942996979
/kaggle/input/datasets/tawsifurrahman/covid19-radiography-database/COVID-19_Radiography_Dataset/Normal/images/Normal-9728.png,Normal,Normal,0.004712854512035847,0.02140410616993904,0.97386634349823,1.6731853975215927e-05,,,
/kaggle/input/datasets/tawsifurrahman/covid19-radiography-database/COVID-19_Radiography_Dataset/Normal/images/Normal-9738.png,Normal,Normal,0.004340141545981169,0.13293643295764923,0.8627118468284607,1.1570894457690883e-05,,,
/kaggle/input/datasets/tawsifurrahman/covid19-radiography-database/COVID-19_Radiography_Dataset/Normal/images/Normal-9743.png,Normal,Lung_Opacity,4.412089037941769e-05,0.8942115306854248,0.10574422031641006,1.2265934401511913e-07,,,
/kaggle/input/datasets/tawsifurrahman/covid19-radiography-database/COVID-19_Radiography_Dataset/Normal/images/Normal-9751.png,Normal,Normal,0.001565497717820108,0.01068231649696827,0.9877520799636841,1.6969484306628146e-07,,,
/kaggle/input/datasets/tawsifurrahman/covid19-radiography-database/COVID-19_Radiography_Dataset/Normal/images/Normal-9756.png,Normal,Normal,6.238864898477914e-06,0.0008095127996057272,0.9991841912269592,6.943825070493403e-08,,0.4670490324497223,0.4670490324497223
/kaggle/input/datasets/tawsifurrahman/covid19-radiography-database/COVID-19_Radiography_Dataset/Normal/images/Normal-9762.png,Normal,Normal,3.2492269383510575e-05,0.0006165981758385897,0.9993502497673035,6.376795340656827e-07,,,
/kaggle/input/datasets/tawsifurrahman/covid19-radiography-database/COVID-19_Radiography_Dataset/Normal/images/Normal-977.png,Normal,Normal,0.00016055608284659684,1.8179172911914065e-05,0.9990140199661255,0.0008072670316323638,,0.20716643333435059,0.20716643333435059
/kaggle/input/datasets/tawsifurrahman/covid19-radiography-database/COVID-19_Radiography_Dataset/Normal/images/Normal-9770.png,Normal,Normal,0.0042324066162109375,0.007608823012560606,0.988158643245697,1.5201102598894067e-07,,,
/kaggle/input/datasets/tawsifurrahman/covid19-radiography-database/COVID-19_Radiography_Dataset/Normal/images/Normal-9779.png,Normal,Normal,1.1678573173412587e-05,0.36140599846839905,0.6385373473167419,4.4972832256462425e-05,,0.1773098111152649,0.1773098111152649
/kaggle/input/datasets/tawsifurrahman/covid19-radiography-database/COVID-19_Radiography_Dataset/Normal/images/Normal-9786.png,Normal,Normal,6.104572491949511e-08,0.019062677398324013,0.9809370636940002,1.052600921980229e-07,,,
/kaggle/input/datasets/tawsifurrahman/covid19-radiography-database/COVID-19_Radiography_Dataset/Normal/images/Normal-9789.png,Normal,Normal,0.009672588668763638,0.05787098780274391,0.9324554800987244,1.0317805845261319e-06,,,
/kaggle/input/datasets/tawsifurrahman/covid19-radiography-database/COVID-19_Radiography_Dataset/Normal/images/Normal-9792.png,Normal,Normal,0.005933205597102642,0.024874182417988777,0.969190239906311,2.315155370524735e-06,,,
/kaggle/input/datasets/tawsifurrahman/covid19-radiography-database/COVID-19_Radiography_Dataset/Normal/images/Normal-9796.png,Normal,Normal,6.935700184840243e-06,2.6882527890847996e-05,0.9999661445617676,1.3083672811831093e-08,,,
/kaggle/input/datasets/tawsifurrahman/covid19-radiography-database/COVID-19_Radiography_Dataset/Normal/images/Normal-9814.png,Normal,Lung_Opacity,0.019705893471837044,0.9464161992073059,0.03377685695886612,0.0001010340201901272,,0.15638130903244019,0.15638130903244019
/kaggle/input/datasets/tawsifurrahman/covid19-radiography-database/COVID-19_Radiography_Dataset/Normal/images/Normal-9828.png,Normal,Normal,3.327397280372679e-05,0.052536580711603165,0.9474300146102905,4.2590226456695746e-08,,0.43390077352523804,0.43390077352523804
/kaggle/input/datasets/tawsifurrahman/covid19-radiography-database/COVID-19_Radiography_Dataset/Normal/images/Normal-9831.png,Normal,Normal,0.0010966765694320202,0.02028569020330906,0.9786171317100525,5.079913876215869e-07,,,
/kaggle/input/datasets/tawsifurrahman/covid19-radiography-database/COVID-19_Radiography_Dataset/Normal/images/Normal-9833.png,Normal,Normal,2.0911076717311516e-05,0.00213768077082932,0.9978411197662354,2.2663695631308656e-07,,,
/kaggle/input/datasets/tawsifurrahman/covid19-radiography-database/COVID-19_Radiography_Dataset/Normal/images/Normal-9836.png,Normal,Normal,0.12442659586668015,0.16123491525650024,0.7139476537704468,0.00039081365684978664,,,
/kaggle/input/datasets/tawsifurrahman/covid19-radiography-database/COVID-19_Radiography_Dataset/Normal/images/Normal-9837.png,Normal,Normal,0.09468168020248413,0.0003438133862800896,0.9049732685089111,1.2286548098927597e-06,,0.3146059811115265,0.3146059811115265
/kaggle/input/datasets/tawsifurrahman/covid19-radiography-database/COVID-19_Radiography_Dataset/Normal/images/Normal-9846.png,Normal,Normal,0.06072616204619408,0.13762333989143372,0.8010764122009277,0.0005740493070334196,,,
/kaggle/input/datasets/tawsifurrahman/covid19-radiography-database/COVID-19_Radiography_Dataset/Normal/images/Normal-9859.png,Normal,Normal,5.414102633949369e-05,0.016808873042464256,0.9831369519233704,2.9671314294432705e-08,,,
/kaggle/input/datasets/tawsifurrahman/covid19-radiography-database/COVID-19_Radiography_Dataset/Normal/images/Normal-986.png,Normal,Normal,7.737967280263547e-06,2.4177426894311793e-05,0.9999041557312012,6.391243368852884e-05,,,
/kaggle/input/datasets/tawsifurrahman/covid19-radiography-database/COVID-19_Radiography_Dataset/Normal/images/Normal-9867.png,Normal,Normal,2.426900437058066e-06,0.000377617368940264,0.9996188879013062,1.1286274457233958e-06,,,
/kaggle/input/datasets/tawsifurrahman/covid19-radiography-database/COVID-19_Radiography_Dataset/Normal/images/Normal-9869.png,Normal,Normal,1.81225050255307e-06,0.0014538845280185342,0.9985443353652954,3.333138431926841e-09,,,
/kaggle/input/datasets/tawsifurrahman/covid19-radiography-database/COVID-19_Radiography_Dataset/Normal/images/Normal-987.png,Normal,Normal,0.06477583199739456,0.06988004595041275,0.8365443348884583,0.028799787163734436,,,
/kaggle/input/datasets/tawsifurrahman/covid19-radiography-database/COVID-19_Radiography_Dataset/Normal/images/Normal-9872.png,Normal,Normal,0.00010546752309892327,0.018907858058810234,0.980724573135376,0.0002621593012008816,,,
/kaggle/input/datasets/tawsifurrahman/covid19-radiography-database/COVID-19_Radiography_Dataset/Normal/images/Normal-9875.png,Normal,Normal,0.014970757998526096,0.0008111992501653731,0.9842175245285034,4.7454000196012203e-07,,,
/kaggle/input/datasets/tawsifurrahman/covid19-radiography-database/COVID-19_Radiography_Dataset/Normal/images/Normal-9878.png,Normal,Normal,0.004680176265537739,0.02800298109650612,0.9673165678977966,1.840437136024775e-07,,,
/kaggle/input/datasets/tawsifurrahman/covid19-radiography-database/COVID-19_Radiography_Dataset/Normal/images/Normal-9882.png,Normal,Normal,0.00011887588334502652,0.006695374380797148,0.9929252862930298,0.00026046056882478297,,,
/kaggle/input/datasets/tawsifurrahman/covid19-radiography-database/COVID-19_Radiography_Dataset/Normal/images/Normal-989.png,Normal,Normal,0.0030763985123485327,0.00011943391291424632,0.9881205558776855,0.008683639578521252,,,
/kaggle/input/datasets/tawsifurrahman/covid19-radiography-database/COVID-19_Radiography_Dataset/Normal/images/Normal-9895.png,Normal,Normal,0.00019256323867011815,0.06596285849809647,0.9338439106941223,5.866101560059178e-07,,,
/kaggle/input/datasets/tawsifurrahman/covid19-radiography-database/COVID-19_Radiography_Dataset/Normal/images/Normal-9896.png,Normal,Normal,0.0001884709345176816,0.00046331537305377424,0.999346911907196,1.3443757325148908e-06,,,
/kaggle/input/datasets/tawsifurrahman/covid19-radiography-database/COVID-19_Radiography_Dataset/Normal/images/Normal-9907.png,Normal,Normal,0.004491809755563736,0.0007804817869327962,0.9947096109390259,1.8114003978553228e-05,,0.4138898551464081,0.4138898551464081
/kaggle/input/datasets/tawsifurrahman/covid19-radiography-database/COVID-19_Radiography_Dataset/Normal/images/Normal-9911.png,Normal,Normal,6.154063612484606e-06,0.005612507928162813,0.9943813681602478,9.231864162018155e-09,,0.4593110978603363,0.4593110978603363
/kaggle/input/datasets/tawsifurrahman/covid19-radiography-database/COVID-19_Radiography_Dataset/Normal/images/Normal-9924.png,Normal,Normal,0.010316194035112858,0.01153795886784792,0.9750401973724365,0.003105642506852746,,,
/kaggle/input/datasets/tawsifurrahman/covid19-radiography-database/COVID-19_Radiography_Dataset/Normal/images/Normal-9925.png,Normal,Normal,1.4665757589682471e-05,0.01038111001253128,0.9896042346954346,6.103056282569241e-09,,,
/kaggle/input/datasets/tawsifurrahman/covid19-radiography-database/COVID-19_Radiography_Dataset/Normal/images/Normal-9932.png,Normal,Normal,0.0005691926344297826,0.0856417790055275,0.9129474759101868,0.0008415512857027352,,,
/kaggle/input/datasets/tawsifurrahman/covid19-radiography-database/COVID-19_Radiography_Dataset/Normal/images/Normal-9936.png,Normal,Normal,0.00017979973927140236,0.08006761223077774,0.9197524785995483,5.8382358503195064e-08,,,
/kaggle/input/datasets/tawsifurrahman/covid19-radiography-database/COVID-19_Radiography_Dataset/Normal/images/Normal-9939.png,Normal,Normal,0.0013500042259693146,0.11363105475902557,0.8848475813865662,0.0001714276586426422,,,
/kaggle/input/datasets/tawsifurrahman/covid19-radiography-database/COVID-19_Radiography_Dataset/Normal/images/Normal-9941.png,Normal,Normal,0.006924043875187635,0.1630665361881256,0.8300089836120605,4.1391919580746617e-07,,,
/kaggle/input/datasets/tawsifurrahman/covid19-radiography-database/COVID-19_Radiography_Dataset/Normal/images/Normal-9943.png,Normal,Normal,0.00020851877343375236,0.13420435786247253,0.8654398322105408,0.00014735334843862802,,,
/kaggle/input/datasets/tawsifurrahman/covid19-radiography-database/COVID-19_Radiography_Dataset/Normal/images/Normal-9956.png,Normal,Lung_Opacity,0.007151464931666851,0.964668333530426,0.027961254119873047,0.00021893133816774935,,,
/kaggle/input/datasets/tawsifurrahman/covid19-radiography-database/COVID-19_Radiography_Dataset/Normal/images/Normal-9959.png,Normal,Normal,0.004157308954745531,0.008258800953626633,0.9875802993774414,3.543929778970778e-06,,,
/kaggle/input/datasets/tawsifurrahman/covid19-radiography-database/COVID-19_Radiography_Dataset/Normal/images/Normal-9961.png,Normal,Normal,0.027402563020586967,0.01737559773027897,0.9552064538002014,1.5399366020574234e-05,,0.46212732791900635,0.46212732791900635
/kaggle/input/datasets/tawsifurrahman/covid19-radiography-database/COVID-19_Radiography_Dataset/Normal/images/Normal-9968.png,Normal,Normal,4.693696973845363e-05,0.004779607988893986,0.9951607584953308,1.2705007065960672e-05,,,
/kaggle/input/datasets/tawsifurrahman/covid19-radiography-database/COVID-19_Radiography_Dataset/Normal/images/Normal-997.png,Normal,Normal,0.0002280886546941474,0.0004425961524248123,0.9993292093276978,3.55287639308699e-08,,,
/kaggle/input/datasets/tawsifurrahman/covid19-radiography-database/COVID-19_Radiography_Dataset/Normal/images/Normal-9973.png,Normal,Normal,1.8794282823364483e-06,0.029594048857688904,0.9704039096832275,2.1231383584563446e-07,,,
/kaggle/input/datasets/tawsifurrahman/covid19-radiography-database/COVID-19_Radiography_Dataset/Normal/images/Normal-9976.png,Normal,Normal,0.004126730374991894,0.0047284578904509544,0.991137683391571,7.095859018591e-06,,,
/kaggle/input/datasets/tawsifurrahman/covid19-radiography-database/COVID-19_Radiography_Dataset/Normal/images/Normal-9983.png,Normal,Normal,0.00040951292612589896,0.2755489945411682,0.7240409851074219,4.275949834209314e-07,,,
/kaggle/input/datasets/tawsifurrahman/covid19-radiography-database/COVID-19_Radiography_Dataset/Normal/images/Normal-9991.png,Normal,Lung_Opacity,9.400659450875537e-08,0.959393322467804,0.0406058169901371,8.311212695844006e-07,,0.1324823945760727,0.1324823945760727
/kaggle/input/datasets/tawsifurrahman/covid19-radiography-database/COVID-19_Radiography_Dataset/Normal/images/Normal-9993.png,Normal,Lung_Opacity,8.554390660719946e-05,0.7325205206871033,0.26057589054107666,0.006817993242293596,,,
/kaggle/input/datasets/tawsifurrahman/covid19-radiography-database/COVID-19_Radiography_Dataset/Normal/images/Normal-9994.png,Normal,Normal,0.00010138614743482322,0.01648743264377117,0.9834108948707581,2.830229846040311e-07,,,
/kaggle/input/datasets/tawsifurrahman/covid19-radiography-database/COVID-19_Radiography_Dataset/Normal/images/Normal-9996.png,Normal,Normal,0.0021320541854947805,0.001351004815660417,0.9965163469314575,6.043847520231793e-07,,,
/kaggle/input/datasets/tawsifurrahman/covid19-radiography-database/COVID-19_Radiography_Dataset/Normal/images/Normal-9997.png,Normal,COVID,0.5746071338653564,0.030977752059698105,0.392687052488327,0.0017281222390010953,,0.17745067179203033,0.17745067179203033
/kaggle/input/datasets/tawsifurrahman/covid19-radiography-database/COVID-19_Radiography_Dataset/Normal/images/Normal-9998.png,Normal,Normal,3.5698340070666745e-06,0.001833100919611752,0.9981631636619568,1.3361973572045827e-07,,,
/kaggle/input/datasets/tawsifurrahman/covid19-radiography-database/COVID-19_Radiography_Dataset/Normal/images/Normal-9999.png,Normal,Normal,3.516239530654275e-07,0.00036289801937527955,0.9996366500854492,3.955086924634088e-08,,0.351319819688797,0.351319819688797
/kaggle/input/datasets/tawsifurrahman/covid19-radiography-database/COVID-19_Radiography_Dataset/Viral Pneumonia/images/Viral Pneumonia-1011.png,Viral Pneumonia,Viral Pneumonia,9.633515583118424e-05,6.8896883931302e-07,3.608148517741938e-06,0.9998993873596191,,,
/kaggle/input/datasets/tawsifurrahman/covid19-radiography-database/COVID-19_Radiography_Dataset/Viral Pneumonia/images/Viral Pneumonia-1022.png,Viral Pneumonia,Viral Pneumonia,4.036454726019656e-08,4.666339137315845e-08,1.5269297364284284e-06,0.9999984502792358,,,
/kaggle/input/datasets/tawsifurrahman/covid19-radiography-database/COVID-19_Radiography_Dataset/Viral Pneumonia/images/Viral Pneumonia-1037.png,Viral Pneumonia,Viral Pneumonia,0.0008443011902272701,1.02401036201627e-05,7.593345799250528e-05,0.9990695118904114,,0.1891978532075882,0.1891978532075882
/kaggle/input/datasets/tawsifurrahman/covid19-radiography-database/COVID-19_Radiography_Dataset/Viral Pneumonia/images/Viral Pneumonia-1051.png,Viral Pneumonia,Viral Pneumonia,2.4212629341491265e-06,0.0015117950970306993,0.0055544618517160416,0.9929313659667969,,,
/kaggle/input/datasets/tawsifurrahman/covid19-radiography-database/COVID-19_Radiography_Dataset/Viral Pneumonia/images/Viral Pneumonia-1053.png,Viral Pneumonia,Viral Pneumonia,0.002526177791878581,0.0006893459940329194,0.00016545171092730016,0.9966189861297607,,,
/kaggle/input/datasets/tawsifurrahman/covid19-radiography-database/COVID-19_Radiography_Dataset/Viral Pneumonia/images/Viral Pneumonia-1055.png,Viral Pneumonia,Viral Pneumonia,0.0009455183753743768,0.00016372004756703973,0.0971503034234047,0.9017404317855835,,,
/kaggle/input/datasets/tawsifurrahman/covid19-radiography-database/COVID-19_Radiography_Dataset/Viral Pneumonia/images/Viral Pneumonia-106.png,Viral Pneumonia,Viral Pneumonia,8.555887234251713e-07,3.3725899584169383e-07,1.071513565875648e-06,0.9999977350234985,,,
/kaggle/input/datasets/tawsifurrahman/covid19-radiography-database/COVID-19_Radiography_Dataset/Viral Pneumonia/images/Viral Pneumonia-1061.png,Viral Pneumonia,Viral Pneumonia,8.125483873300254e-06,1.0547124475124292e-05,0.00026692674146033823,0.9997143149375916,,,
/kaggle/input/datasets/tawsifurrahman/covid19-radiography-database/COVID-19_Radiography_Dataset/Viral Pneumonia/images/Viral Pneumonia-1064.png,Viral Pneumonia,Viral Pneumonia,1.6539825082872994e-06,4.645873907804798e-09,2.7801027613350016e-07,0.9999980926513672,,,
/kaggle/input/datasets/tawsifurrahman/covid19-radiography-database/COVID-19_Radiography_Dataset/Viral Pneumonia/images/Viral Pneumonia-1072.png,Viral Pneumonia,Normal,0.0006920390296727419,0.0016511225840076804,0.8288711905479431,0.1687856763601303,,0.22556902468204498,0.22556902468204498
/kaggle/input/datasets/tawsifurrahman/covid19-radiography-database/COVID-19_Radiography_Dataset/Viral Pneumonia/images/Viral Pneumonia-1075.png,Viral Pneumonia,Viral Pneumonia,1.4532945513678897e-08,6.149696929469428e-08,1.830809560487978e-05,0.9999815225601196,,0.2143232822418213,0.2143232822418213
/kaggle/input/datasets/tawsifurrahman/covid19-radiography-database/COVID-19_Radiography_Dataset/Viral Pneumonia/images/Viral Pneumonia-1081.png,Viral Pneumonia,Viral Pneumonia,9.649099865782773e-07,0.0022611524909734726,0.011714024469256401,0.9860239028930664,,,
/kaggle/input/datasets/tawsifurrahman/covid19-radiography-database/COVID-19_Radiography_Dataset/Viral Pneumonia/images/Viral Pneumonia-1084.png,Viral Pneumonia,Viral Pneumonia,4.5631009015778545e-06,9.025316830957308e-05,0.0004018409817945212,0.9995033740997314,,,
/kaggle/input/datasets/tawsifurrahman/covid19-radiography-database/COVID-19_Radiography_Dataset/Viral Pneumonia/images/Viral Pneumonia-1085.png,Viral Pneumonia,Viral Pneumonia,0.0011898450320586562,1.932840132212732e-05,0.051258884370326996,0.9475318789482117,,0.2358091026544571,0.2358091026544571
/kaggle/input/datasets/tawsifurrahman/covid19-radiography-database/COVID-19_Radiography_Dataset/Viral Pneumonia/images/Viral Pneumonia-1087.png,Viral Pneumonia,Viral Pneumonia,0.00027112156385555863,0.00010457175085321069,0.0005633754772134125,0.9990609288215637,,,
/kaggle/input/datasets/tawsifurrahman/covid19-radiography-database/COVID-19_Radiography_Dataset/Viral Pneumonia/images/Viral Pneumonia-109.png,Viral Pneumonia,Viral Pneumonia,1.3030238221745094e-07,2.4577816475357395e-06,3.1000505259726197e-05,0.9999663829803467,,,
/kaggle/input/datasets/tawsifurrahman/covid19-radiography-database/COVID-19_Radiography_Dataset/Viral Pneumonia/images/Viral Pneumonia-1091.png,Viral Pneumonia,Viral Pneumonia,0.00015627284301444888,0.0005107455071993172,0.07283751666545868,0.9264954924583435,,,
/kaggle/input/datasets/tawsifurrahman/covid19-radiography-database/COVID-19_Radiography_Dataset/Viral Pneumonia/images/Viral Pneumonia-1096.png,Viral Pneumonia,Viral Pneumonia,2.3372422219836153e-06,9.142164003606013e-07,4.849667675443925e-06,0.9999918937683105,,,
/kaggle/input/datasets/tawsifurrahman/covid19-radiography-database/COVID-19_Radiography_Dataset/Viral Pneumonia/images/Viral Pneumonia-1097.png,Viral Pneumonia,Viral Pneumonia,2.821826967647212e-07,1.2377662415019586e-06,1.9277942556072958e-05,0.9999792575836182,,,
/kaggle/input/datasets/tawsifurrahman/covid19-radiography-database/COVID-19_Radiography_Dataset/Viral Pneumonia/images/Viral Pneumonia-110.png,Viral Pneumonia,Viral Pneumonia,2.2822533196631412e-07,7.189738084889541e-07,1.7640739997659693e-06,0.9999972581863403,,,
/kaggle/input/datasets/tawsifurrahman/covid19-radiography-database/COVID-19_Radiography_Dataset/Viral Pneumonia/images/Viral Pneumonia-1103.png,Viral Pneumonia,Viral Pneumonia,5.391477679950185e-05,2.973163645947352e-05,0.01923392526805401,0.9806824922561646,,0.18761791288852692,0.18761791288852692
/kaggle/input/datasets/tawsifurrahman/covid19-radiography-database/COVID-19_Radiography_Dataset/Viral Pneumonia/images/Viral Pneumonia-1104.png,Viral Pneumonia,Viral Pneumonia,5.2177056204527617e-05,6.656447908426344e-07,0.00019525639072526246,0.9997518658638,,0.24601170420646667,0.24601170420646667
/kaggle/input/datasets/tawsifurrahman/covid19-radiography-database/COVID-19_Radiography_Dataset/Viral Pneumonia/images/Viral Pneumonia-1117.png,Viral Pneumonia,Viral Pneumonia,8.579219183957321e-07,1.6620950304968574e-07,3.6124773032497615e-05,0.9999629259109497,,,
/kaggle/input/datasets/tawsifurrahman/covid19-radiography-database/COVID-19_Radiography_Dataset/Viral Pneumonia/images/Viral Pneumonia-1119.png,Viral Pneumonia,Viral Pneumonia,3.5020479117520154e-05,4.405122581374599e-06,4.196584086457733e-06,0.9999563694000244,,0.2395787090063095,0.2395787090063095
/kaggle/input/datasets/tawsifurrahman/covid19-radiography-database/COVID-19_Radiography_Dataset/Viral Pneumonia/images/Viral Pneumonia-1122.png,Viral Pneumonia,Viral Pneumonia,0.00023189492640085518,5.8631892898119986e-05,0.06904744356870651,0.9306620359420776,,,
/kaggle/input/datasets/tawsifurrahman/covid19-radiography-database/COVID-19_Radiography_Dataset/Viral Pneumonia/images/Viral Pneumonia-1129.png,Viral Pneumonia,Viral Pneumonia,4.781225015904056e-08,9.960969826749988e-09,1.8534809953507647e-07,0.9999997615814209,,,
/kaggle/input/datasets/tawsifurrahman/covid19-radiography-database/COVID-19_Radiography_Dataset/Viral Pneumonia/images/Viral Pneumonia-1134.png,Viral Pneumonia,Viral Pneumonia,7.938400159446246e-08,5.3007124733994715e-06,1.0407659829070326e-05,0.9999842643737793,,0.17648662626743317,0.17648662626743317
/kaggle/input/datasets/tawsifurrahman/covid19-radiography-database/COVID-19_Radiography_Dataset/Viral Pneumonia/images/Viral Pneumonia-1145.png,Viral Pneumonia,Viral Pneumonia,2.3891145062293617e-08,6.572716415575997e-07,1.6775065603269468e-07,0.9999990463256836,,,
/kaggle/input/datasets/tawsifurrahman/covid19-radiography-database/COVID-19_Radiography_Dataset/Viral Pneumonia/images/Viral Pneumonia-1169.png,Viral Pneumonia,Viral Pneumonia,2.3166951450548368e-06,5.502818822833433e-08,9.601655619917437e-06,0.9999880790710449,,,
/kaggle/input/datasets/tawsifurrahman/covid19-radiography-database/COVID-19_Radiography_Dataset/Viral Pneumonia/images/Viral Pneumonia-1173.png,Viral Pneumonia,Viral Pneumonia,1.8063748939312063e-05,3.887540511726684e-09,7.900428499851841e-06,0.9999740123748779,,,
/kaggle/input/datasets/tawsifurrahman/covid19-radiography-database/COVID-19_Radiography_Dataset/Viral Pneumonia/images/Viral Pneumonia-1178.png,Viral Pneumonia,Viral Pneumonia,2.330616979406841e-07,4.3612490117084235e-06,2.454286459396826e-06,0.999992847442627,,,
/kaggle/input/datasets/tawsifurrahman/covid19-radiography-database/COVID-19_Radiography_Dataset/Viral Pneumonia/images/Viral Pneumonia-1179.png,Viral Pneumonia,Viral Pneumonia,1.5034833822369364e-08,6.547196244355291e-05,0.0011930176988244057,0.9987415671348572,,,
/kaggle/input/datasets/tawsifurrahman/covid19-radiography-database/COVID-19_Radiography_Dataset/Viral Pneumonia/images/Viral Pneumonia-118.png,Viral Pneumonia,Viral Pneumonia,9.83293830358889e-07,9.748540605869493e-07,3.256344371038722e-06,0.9999947547912598,,,
/kaggle/input/datasets/tawsifurrahman/covid19-radiography-database/COVID-19_Radiography_Dataset/Viral Pneumonia/images/Viral Pneumonia-1187.png,Viral Pneumonia,Viral Pneumonia,7.275654301253098e-09,6.242970584935392e-08,2.4856256004568422e-06,0.9999973773956299,,,
/kaggle/input/datasets/tawsifurrahman/covid19-radiography-database/COVID-19_Radiography_Dataset/Viral Pneumonia/images/Viral Pneumonia-1191.png,Viral Pneumonia,Viral Pneumonia,5.11040276762742e-09,2.0100525410793324e-10,3.506301027300651e-09,1.0,,0.2545979917049408,0.2545979917049408
/kaggle/input/datasets/tawsifurrahman/covid19-radiography-database/COVID-19_Radiography_Dataset/Viral Pneumonia/images/Viral Pneumonia-1195.png,Viral Pneumonia,Viral Pneumonia,7.907243002591713e-07,5.616938869934529e-05,0.0007948089041747153,0.9991481304168701,,0.212523952126503,0.212523952126503
/kaggle/input/datasets/tawsifurrahman/covid19-radiography-database/COVID-19_Radiography_Dataset/Viral Pneumonia/images/Viral Pneumonia-12.png,Viral Pneumonia,Viral Pneumonia,3.574070433387533e-05,0.0005266234511509538,9.616952593205497e-05,0.9993414282798767,,0.22115546464920044,0.22115546464920044
/kaggle/input/datasets/tawsifurrahman/covid19-radiography-database/COVID-19_Radiography_Dataset/Viral Pneumonia/images/Viral Pneumonia-120.png,Viral Pneumonia,Viral Pneumonia,1.9082252038060687e-05,0.00032104802085086703,0.0003265323175583035,0.9993333220481873,,0.15361925959587097,0.15361925959587097
/kaggle/input/datasets/tawsifurrahman/covid19-radiography-database/COVID-19_Radiography_Dataset/Viral Pneumonia/images/Viral Pneumonia-1202.png,Viral Pneumonia,Viral Pneumonia,0.0002450330357532948,5.128024440637091e-06,0.0037987036630511284,0.9959511756896973,,0.23982270061969757,0.23982270061969757
/kaggle/input/datasets/tawsifurrahman/covid19-radiography-database/COVID-19_Radiography_Dataset/Viral Pneumonia/images/Viral Pneumonia-1218.png,Viral Pneumonia,Viral Pneumonia,0.000164571960340254,7.6235164669924416e-06,0.0011969333281740546,0.9986308217048645,,,
/kaggle/input/datasets/tawsifurrahman/covid19-radiography-database/COVID-19_Radiography_Dataset/Viral Pneumonia/images/Viral Pneumonia-1224.png,Viral Pneumonia,Normal,0.00667718518525362,0.00019505525415297598,0.6279727816581726,0.36515501141548157,,,
/kaggle/input/datasets/tawsifurrahman/covid19-radiography-database/COVID-19_Radiography_Dataset/Viral Pneumonia/images/Viral Pneumonia-1228.png,Viral Pneumonia,Viral Pneumonia,1.54462868522387e-05,2.108571607095655e-06,3.372582284555392e-07,0.9999821186065674,,,
/kaggle/input/datasets/tawsifurrahman/covid19-radiography-database/COVID-19_Radiography_Dataset/Viral Pneumonia/images/Viral Pneumonia-1237.png,Viral Pneumonia,Normal,0.011305668391287327,0.0005353756132535636,0.9361347556114197,0.052024226635694504,,0.25858306884765625,0.25858306884765625
/kaggle/input/datasets/tawsifurrahman/covid19-radiography-database/COVID-19_Radiography_Dataset/Viral Pneumonia/images/Viral Pneumonia-1240.png,Viral Pneumonia,Normal,0.3071104884147644,0.14005891978740692,0.3159518539905548,0.23687872290611267,,,
/kaggle/input/datasets/tawsifurrahman/covid19-radiography-database/COVID-19_Radiography_Dataset/Viral Pneumonia/images/Viral Pneumonia-1242.png,Viral Pneumonia,Viral Pneumonia,0.0006230130093172193,0.00021892349468544126,0.0006379476399160922,0.9985201954841614,,,
/kaggle/input/datasets/tawsifurrahman/covid19-radiography-database/COVID-19_Radiography_Dataset/Viral Pneumonia/images/Viral Pneumonia-1243.png,Viral Pneumonia,Viral Pneumonia,4.0592243522041827e-07,7.553134651061555e-07,1.0131535418622661e-05,0.9999887943267822,,0.12571930885314941,0.12571930885314941
/kaggle/input/datasets/tawsifurrahman/covid19-radiography-database/COVID-19_Radiography_Dataset/Viral Pneumonia/images/Viral Pneumonia-1244.png,Viral Pneumonia,Viral Pneumonia,5.633779437630437e-05,1.905075077957008e-05,0.0018963798647746444,0.9980282187461853,,,
/kaggle/input/datasets/tawsifurrahman/covid19-radiography-database/COVID-19_Radiography_Dataset/Viral Pneumonia/images/Viral Pneumonia-1254.png,Viral Pneumonia,Viral Pneumonia,1.3421645235212054e-06,1.945569465533481e-06,0.0005840720841661096,0.9994126558303833,,,
/kaggle/input/datasets/tawsifurrahman/covid19-radiography-database/COVID-19_Radiography_Dataset/Viral Pneumonia/images/Viral Pneumonia-1261.png,Viral Pneumonia,Viral Pneumonia,0.00011195751721970737,0.0005579901044256985,0.0038495920598506927,0.9954804182052612,,,
/kaggle/input/datasets/tawsifurrahman/covid19-radiography-database/COVID-19_Radiography_Dataset/Viral Pneumonia/images/Viral Pneumonia-1263.png,Viral Pneumonia,Normal,0.00015836965758353472,0.00043546175584197044,0.9870575070381165,0.012348602525889874,,,
/kaggle/input/datasets/tawsifurrahman/covid19-radiography-database/COVID-19_Radiography_Dataset/Viral Pneumonia/images/Viral Pneumonia-1267.png,Viral Pneumonia,Viral Pneumonia,2.128438154613832e-06,7.331198048632359e-08,2.4522819330741186e-07,0.9999974966049194,,0.23465891182422638,0.23465891182422638
/kaggle/input/datasets/tawsifurrahman/covid19-radiography-database/COVID-19_Radiography_Dataset/Viral Pneumonia/images/Viral Pneumonia-1269.png,Viral Pneumonia,Viral Pneumonia,0.00019579692161642015,1.793065166566521e-06,0.00011086955782957375,0.9996916055679321,,0.15543204545974731,0.15543204545974731
/kaggle/input/datasets/tawsifurrahman/covid19-radiography-database/COVID-19_Radiography_Dataset/Viral Pneumonia/images/Viral Pneumonia-127.png,Viral Pneumonia,Viral Pneumonia,9.286715285661273e-10,1.4574712992043715e-08,6.74142297540925e-09,1.0,,0.27887392044067383,0.27887392044067383
/kaggle/input/datasets/tawsifurrahman/covid19-radiography-database/COVID-19_Radiography_Dataset/Viral Pneumonia/images/Viral Pneumonia-1281.png,Viral Pneumonia,Viral Pneumonia,0.0017185015603899956,0.0006538487505167723,0.003487552283331752,0.994140088558197,,,
/kaggle/input/datasets/tawsifurrahman/covid19-radiography-database/COVID-19_Radiography_Dataset/Viral Pneumonia/images/Viral Pneumonia-1286.png,Viral Pneumonia,Viral Pneumonia,9.580014739185572e-05,7.82638039709127e-07,6.564786190210725e-07,0.9999027252197266,,,
/kaggle/input/datasets/tawsifurrahman/covid19-radiography-database/COVID-19_Radiography_Dataset/Viral Pneumonia/images/Viral Pneumonia-129.png,Viral Pneumonia,Viral Pneumonia,3.41968564576689e-09,4.2866848959377535e-10,1.447061848125486e-08,1.0,,,
/kaggle/input/datasets/tawsifurrahman/covid19-radiography-database/COVID-19_Radiography_Dataset/Viral Pneumonia/images/Viral Pneumonia-1298.png,Viral Pneumonia,Viral Pneumonia,7.281943226189469e-08,2.227803541643425e-08,1.2660661923291627e-06,0.9999986886978149,,,
/kaggle/input/datasets/tawsifurrahman/covid19-radiography-database/COVID-19_Radiography_Dataset/Viral Pneumonia/images/Viral Pneumonia-1304.png,Viral Pneumonia,Viral Pneumonia,1.619597256308225e-08,7.098905352442841e-10,1.2429992146678615e-08,1.0,,,
/kaggle/input/datasets/tawsifurrahman/covid19-radiography-database/COVID-19_Radiography_Dataset/Viral Pneumonia/images/Viral Pneumonia-1309.png,Viral Pneumonia,Viral Pneumonia,2.6655923193175113e-06,8.834384061628953e-06,7.36356305424124e-05,0.9999148845672607,,0.288831889629364,0.288831889629364
/kaggle/input/datasets/tawsifurrahman/covid19-radiography-database/COVID-19_Radiography_Dataset/Viral Pneumonia/images/Viral Pneumonia-1310.png,Viral Pneumonia,Viral Pneumonia,1.3111214336447574e-08,1.2195055631991636e-08,4.308852567191934e-06,0.9999957084655762,,,
/kaggle/input/datasets/tawsifurrahman/covid19-radiography-database/COVID-19_Radiography_Dataset/Viral Pneumonia/images/Viral Pneumonia-1313.png,Viral Pneumonia,Viral Pneumonia,8.365547728317324e-06,6.517778672332497e-08,1.8097545080308919e-06,0.9999897480010986,,,
/kaggle/input/datasets/tawsifurrahman/covid19-radiography-database/COVID-19_Radiography_Dataset/Viral Pneumonia/images/Viral Pneumonia-1316.png,Viral Pneumonia,Viral Pneumonia,6.5819176597869955e-06,2.3386821794701973e-06,2.064618001895724e-06,0.9999889135360718,,,
/kaggle/input/datasets/tawsifurrahman/covid19-radiography-database/COVID-19_Radiography_Dataset/Viral Pneumonia/images/Viral Pneumonia-1318.png,Viral Pneumonia,Viral Pneumonia,2.026182301051449e-05,1.4501089026452973e-05,3.6570541851688176e-05,0.9999285936355591,,0.20833873748779297,0.20833873748779297
/kaggle/input/datasets/tawsifurrahman/covid19-radiography-database/COVID-19_Radiography_Dataset/Viral Pneumonia/images/Viral Pneumonia-1333.png,Viral Pneumonia,Viral Pneumonia,1.1019261364708655e-05,8.45543070226995e-07,0.00010334944090573117,0.9998847246170044,,0.3559446632862091,0.3559446632862091
/kaggle/input/datasets/tawsifurrahman/covid19-radiography-database/COVID-19_Radiography_Dataset/Viral Pneumonia/images/Viral Pneumonia-1334.png,Viral Pneumonia,Viral Pneumonia,6.614395431370212e-08,2.1016367313109185e-08,1.2458883247745689e-05,0.9999874830245972,,,
/kaggle/input/datasets/tawsifurrahman/covid19-radiography-database/COVID-19_Radiography_Dataset/Viral Pneumonia/images/Viral Pneumonia-1335.png,Viral Pneumonia,Viral Pneumonia,4.77679634514061e-07,3.8502886923197366e-07,5.540731535802479e-07,0.9999985694885254,,,
/kaggle/input/datasets/tawsifurrahman/covid19-radiography-database/COVID-19_Radiography_Dataset/Viral Pneumonia/images/Viral Pneumonia-1337.png,Viral Pneumonia,Viral Pneumonia,0.0003813419898506254,2.7016669264412485e-05,0.000760249444283545,0.9988313317298889,,,
/kaggle/input/datasets/tawsifurrahman/covid19-radiography-database/COVID-19_Radiography_Dataset/Viral Pneumonia/images/Viral Pneumonia-137.png,Viral Pneumonia,Normal,2.0977857275283895e-05,0.00047364996862597764,0.99397212266922,0.005533274263143539,,0.15023337304592133,0.15023337304592133
/kaggle/input/datasets/tawsifurrahman/covid19-radiography-database/COVID-19_Radiography_Dataset/Viral Pneumonia/images/Viral Pneumonia-151.png,Viral Pneumonia,Viral Pneumonia,1.7005545771553443e-07,1.7848122979557957e-07,9.356119221592962e-07,0.9999988079071045,,0.297920823097229,0.297920823097229
/kaggle/input/datasets/tawsifurrahman/covid19-radiography-database/COVID-19_Radiography_Dataset/Viral Pneumonia/images/Viral Pneumonia-156.png,Viral Pneumonia,Viral Pneumonia,0.015780450776219368,0.0013156590284779668,0.060740839689970016,0.9221631288528442,,0.20969612896442413,0.20969612896442413
/kaggle/input/datasets/tawsifurrahman/covid19-radiography-database/COVID-19_Radiography_Dataset/Viral Pneumonia/images/Viral Pneumonia-157.png,Viral Pneumonia,Viral Pneumonia,0.00013914766896050423,0.00034921488258987665,0.0006215236498974264,0.9988901019096375,,,
/kaggle/input/datasets/tawsifurrahman/covid19-radiography-database/COVID-19_Radiography_Dataset/Viral Pneumonia/images/Viral Pneumonia-16.png,Viral Pneumonia,Viral Pneumonia,0.00044476971379481256,0.0012091806856915355,0.0024952057283371687,0.9958508014678955,,,
/kaggle/input/datasets/tawsifurrahman/covid19-radiography-database/COVID-19_Radiography_Dataset/Viral Pneumonia/images/Viral Pneumonia-166.png,Viral Pneumonia,Viral Pneumonia,0.00012243064702488482,1.1936591363337357e-05,0.008700096048414707,0.9911655783653259,,,
/kaggle/input/datasets/tawsifurrahman/covid19-radiography-database/COVID-19_Radiography_Dataset/Viral Pneumonia/images/Viral Pneumonia-169.png,Viral Pneumonia,Normal,2.469532955728937e-05,0.000261347449850291,0.9041114449501038,0.09560251981019974,,,
/kaggle/input/datasets/tawsifurrahman/covid19-radiography-database/COVID-19_Radiography_Dataset/Viral Pneumonia/images/Viral Pneumonia-172.png,Viral Pneumonia,Viral Pneumonia,2.895438456107513e-06,0.0005173105164431036,1.880992749647703e-05,0.9994609951972961,,,
/kaggle/input/datasets/tawsifurrahman/covid19-radiography-database/COVID-19_Radiography_Dataset/Viral Pneumonia/images/Viral Pneumonia-184.png,Viral Pneumonia,Viral Pneumonia,1.97049507733027e-06,6.468027549999533e-06,5.38318499820889e-06,0.9999861717224121,,,
/kaggle/input/datasets/tawsifurrahman/covid19-radiography-database/COVID-19_Radiography_Dataset/Viral Pneumonia/images/Viral Pneumonia-191.png,Viral Pneumonia,Viral Pneumonia,2.8409638730408915e-07,2.156657785690186e-08,1.8785239319640823e-07,0.9999995231628418,,,
/kaggle/input/datasets/tawsifurrahman/covid19-radiography-database/COVID-19_Radiography_Dataset/Viral Pneumonia/images/Viral Pneumonia-192.png,Viral Pneumonia,Viral Pneumonia,2.219539965153672e-06,2.0701390894828364e-06,0.0006205376703292131,0.9993752837181091,,,
/kaggle/input/datasets/tawsifurrahman/covid19-radiography-database/COVID-19_Radiography_Dataset/Viral Pneumonia/images/Viral Pneumonia-2.png,Viral Pneumonia,Viral Pneumonia,1.1100020458343351e-07,2.956758180516772e-07,1.3813093573844526e-05,0.9999858140945435,,,
/kaggle/input/datasets/tawsifurrahman/covid19-radiography-database/COVID-19_Radiography_Dataset/Viral Pneumonia/images/Viral Pneumonia-215.png,Viral Pneumonia,Viral Pneumonia,4.3952797568636015e-05,1.6538302816115902e-07,3.559403694453067e-06,0.9999523162841797,,,
/kaggle/input/datasets/tawsifurrahman/covid19-radiography-database/COVID-19_Radiography_Dataset/Viral Pneumonia/images/Viral Pneumonia-222.png,Viral Pneumonia,Viral Pneumonia,1.7037338693626225e-05,8.761442416016507e-08,1.654404172768409e-06,0.999981164932251,,0.24899156391620636,0.24899156391620636
/kaggle/input/datasets/tawsifurrahman/covid19-radiography-database/COVID-19_Radiography_Dataset/Viral Pneumonia/images/Viral Pneumonia-227.png,Viral Pneumonia,Viral Pneumonia,4.61050973399324e-07,2.861943038112713e-08,7.250099542943644e-07,0.9999988079071045,,,
/kaggle/input/datasets/tawsifurrahman/covid19-radiography-database/COVID-19_Radiography_Dataset/Viral Pneumonia/images/Viral Pneumonia-237.png,Viral Pneumonia,Viral Pneumonia,7.911802822491154e-05,5.379432695917785e-05,0.00038312264950945973,0.9994839429855347,,0.26111000776290894,0.26111000776290894
/kaggle/input/datasets/tawsifurrahman/covid19-radiography-database/COVID-19_Radiography_Dataset/Viral Pneumonia/images/Viral Pneumonia-242.png,Viral Pneumonia,Viral Pneumonia,6.512679192383075e-06,2.3375815771942143e-07,2.460545829308103e-06,0.9999908208847046,,,
/kaggle/input/datasets/tawsifurrahman/covid19-radiography-database/COVID-19_Radiography_Dataset/Viral Pneumonia/images/Viral Pneumonia-250.png,Viral Pneumonia,Viral Pneumonia,7.079727879499842e-07,3.641361399786547e-05,2.603028951853048e-05,0.9999369382858276,,0.18589729070663452,0.18589729070663452
/kaggle/input/datasets/tawsifurrahman/covid19-radiography-database/COVID-19_Radiography_Dataset/Viral Pneumonia/images/Viral Pneumonia-256.png,Viral Pneumonia,Viral Pneumonia,3.434304380789399e-05,3.066522140215966e-06,0.008648084476590157,0.9913144707679749,,,
/kaggle/input/datasets/tawsifurrahman/covid19-radiography-database/COVID-19_Radiography_Dataset/Viral Pneumonia/images/Viral Pneumonia-261.png,Viral Pneumonia,Viral Pneumonia,7.969908438099083e-06,8.33989986404049e-07,0.00016177869110833853,0.9998294115066528,,,
/kaggle/input/datasets/tawsifurrahman/covid19-radiography-database/COVID-19_Radiography_Dataset/Viral Pneumonia/images/Viral Pneumonia-262.png,Viral Pneumonia,Viral Pneumonia,7.827974286556127e-07,2.8557262794493e-06,3.592181747080758e-05,0.9999604225158691,,,
/kaggle/input/datasets/tawsifurrahman/covid19-radiography-database/COVID-19_Radiography_Dataset/Viral Pneumonia/images/Viral Pneumonia-263.png,Viral Pneumonia,Viral Pneumonia,3.856860928408423e-07,2.3839524132540646e-08,6.528566700580996e-07,0.999998927116394,,,
/kaggle/input/datasets/tawsifurrahman/covid19-radiography-database/COVID-19_Radiography_Dataset/Viral Pneumonia/images/Viral Pneumonia-273.png,Viral Pneumonia,Viral Pneumonia,3.5823786674882285e-06,2.1264835595502518e-05,0.00011007938155671582,0.9998650550842285,,,
/kaggle/input/datasets/tawsifurrahman/covid19-radiography-database/COVID-19_Radiography_Dataset/Viral Pneumonia/images/Viral Pneumonia-283.png,Viral Pneumonia,Viral Pneumonia,2.2234333130199957e-07,1.396781215134979e-07,2.1651339920936152e-05,0.9999780654907227,,,
/kaggle/input/datasets/tawsifurrahman/covid19-radiography-database/COVID-19_Radiography_Dataset/Viral Pneumonia/images/Viral Pneumonia-291.png,Viral Pneumonia,Viral Pneumonia,9.734546502215835e-09,9.95468596443061e-08,4.298011333503382e-07,0.9999994039535522,,,
/kaggle/input/datasets/tawsifurrahman/covid19-radiography-database/COVID-19_Radiography_Dataset/Viral Pneumonia/images/Viral Pneumonia-31.png,Viral Pneumonia,Viral Pneumonia,0.0028081571217626333,5.390521437220741e-06,7.716078835073858e-05,0.9971093535423279,,,
/kaggle/input/datasets/tawsifurrahman/covid19-radiography-database/COVID-19_Radiography_Dataset/Viral Pneumonia/images/Viral Pneumonia-315.png,Viral Pneumonia,Viral Pneumonia,3.452793407632271e-06,3.224850786409661e-07,5.720582976209698e-07,0.9999955892562866,,,
/kaggle/input/datasets/tawsifurrahman/covid19-radiography-database/COVID-19_Radiography_Dataset/Viral Pneumonia/images/Viral Pneumonia-316.png,Viral Pneumonia,Viral Pneumonia,0.00044052230077795684,0.00027952741947956383,0.00017304257198702544,0.9991068243980408,,,
/kaggle/input/datasets/tawsifurrahman/covid19-radiography-database/COVID-19_Radiography_Dataset/Viral Pneumonia/images/Viral Pneumonia-357.png,Viral Pneumonia,Viral Pneumonia,7.321874591070809e-07,1.739265280775726e-05,4.352522864792263e-06,0.9999774694442749,,,
/kaggle/input/datasets/tawsifurrahman/covid19-radiography-database/COVID-19_Radiography_Dataset/Viral Pneumonia/images/Viral Pneumonia-367.png,Viral Pneumonia,Viral Pneumonia,0.0005199602455832064,0.00023590700584463775,0.01650112122297287,0.9827430248260498,,,
/kaggle/input/datasets/tawsifurrahman/covid19-radiography-database/COVID-19_Radiography_Dataset/Viral Pneumonia/images/Viral Pneumonia-369.png,Viral Pneumonia,Viral Pneumonia,4.057521429956523e-09,8.167139640136156e-06,1.3507406947610434e-05,0.9999783039093018,,0.22339662909507751,0.22339662909507751
/kaggle/input/datasets/tawsifurrahman/covid19-radiography-database/COVID-19_Radiography_Dataset/Viral Pneumonia/images/Viral Pneumonia-370.png,Viral Pneumonia,Viral Pneumonia,6.46566113573499e-05,6.79836057315697e-06,3.0185199648258276e-05,0.9998983144760132,,,
/kaggle/input/datasets/tawsifurrahman/covid19-radiography-database/COVID-19_Radiography_Dataset/Viral Pneumonia/images/Viral Pneumonia-373.png,Viral Pneumonia,Viral Pneumonia,0.0004379089514259249,1.2974057881365297e-06,2.7630569547909545e-06,0.9995580315589905,,,
/kaggle/input/datasets/tawsifurrahman/covid19-radiography-database/COVID-19_Radiography_Dataset/Viral Pneumonia/images/Viral Pneumonia-374.png,Viral Pneumonia,Normal,0.0006474995170719922,0.1186286062002182,0.6965961456298828,0.1841277778148651,,0.11207284778356552,0.11207284778356552
/kaggle/input/datasets/tawsifurrahman/covid19-radiography-database/COVID-19_Radiography_Dataset/Viral Pneumonia/images/Viral Pneumonia-376.png,Viral Pneumonia,Viral Pneumonia,4.2608327930793166e-05,8.521040399500635e-06,0.005058417096734047,0.9948904514312744,,,
/kaggle/input/datasets/tawsifurrahman/covid19-radiography-database/COVID-19_Radiography_Dataset/Viral Pneumonia/images/Viral Pneumonia-391.png,Viral Pneumonia,Viral Pneumonia,4.921062645735219e-05,1.8536249513090297e-07,8.567441909690388e-06,0.9999419450759888,,0.35206809639930725,0.35206809639930725
/kaggle/input/datasets/tawsifurrahman/covid19-radiography-database/COVID-19_Radiography_Dataset/Viral Pneumonia/images/Viral Pneumonia-394.png,Viral Pneumonia,Viral Pneumonia,3.9307092265516985e-06,8.580476560382522e-07,1.919415262818802e-05,0.9999760389328003,,,
/kaggle/input/datasets/tawsifurrahman/covid19-radiography-database/COVID-19_Radiography_Dataset/Viral Pneumonia/images/Viral Pneumonia-409.png,Viral Pneumonia,Viral Pneumonia,2.4397717425017618e-05,1.0844204552995507e-05,9.279007826989982e-06,0.999955415725708,,,
/kaggle/input/datasets/tawsifurrahman/covid19-radiography-database/COVID-19_Radiography_Dataset/Viral Pneumonia/images/Viral Pneumonia-413.png,Viral Pneumonia,Viral Pneumonia,2.8350639240670716e-06,5.607765629633832e-08,4.782151918902855e-08,0.9999971389770508,,,
/kaggle/input/datasets/tawsifurrahman/covid19-radiography-database/COVID-19_Radiography_Dataset/Viral Pneumonia/images/Viral Pneumonia-417.png,Viral Pneumonia,Viral Pneumonia,2.255379695270676e-05,2.1685802494175732e-05,0.011192535050213337,0.9887632131576538,,0.2827701270580292,0.2827701270580292
/kaggle/input/datasets/tawsifurrahman/covid19-radiography-database/COVID-19_Radiography_Dataset/Viral Pneumonia/images/Viral Pneumonia-428.png,Viral Pneumonia,Viral Pneumonia,0.0001545709528727457,7.837278985789453e-07,2.8525311790872365e-05,0.9998161196708679,,0.30267903208732605,0.30267903208732605
/kaggle/input/datasets/tawsifurrahman/covid19-radiography-database/COVID-19_Radiography_Dataset/Viral Pneumonia/images/Viral Pneumonia-429.png,Viral Pneumonia,Viral Pneumonia,0.00011925052967853844,6.863359658382251e-07,0.0001473484589951113,0.9997326731681824,,0.3904343545436859,0.3904343545436859
/kaggle/input/datasets/tawsifurrahman/covid19-radiography-database/COVID-19_Radiography_Dataset/Viral Pneumonia/images/Viral Pneumonia-433.png,Viral Pneumonia,Viral Pneumonia,5.02972341109853e-07,3.853249719298901e-09,2.7149981178808957e-06,0.9999967813491821,,,
/kaggle/input/datasets/tawsifurrahman/covid19-radiography-database/COVID-19_Radiography_Dataset/Viral Pneumonia/images/Viral Pneumonia-459.png,Viral Pneumonia,Viral Pneumonia,5.2361824600666296e-06,2.1671478123153065e-07,7.853533134039026e-06,0.9999866485595703,,0.37675201892852783,0.37675201892852783
/kaggle/input/datasets/tawsifurrahman/covid19-radiography-database/COVID-19_Radiography_Dataset/Viral Pneumonia/images/Viral Pneumonia-471.png,Viral Pneumonia,Viral Pneumonia,2.923122544018497e-08,6.749969116981447e-08,8.504873250103628e-09,0.9999998807907104,,0.2669115960597992,0.2669115960597992
/kaggle/input/datasets/tawsifurrahman/covid19-radiography-database/COVID-19_Radiography_Dataset/Viral Pneumonia/images/Viral Pneumonia-473.png,Viral Pneumonia,Viral Pneumonia,4.192330379737541e-06,8.007392898434773e-05,0.0011187322670593858,0.9987969398498535,,0.13194367289543152,0.13194367289543152
/kaggle/input/datasets/tawsifurrahman/covid19-radiography-database/COVID-19_Radiography_Dataset/Viral Pneumonia/images/Viral Pneumonia-478.png,Viral Pneumonia,Viral Pneumonia,2.980643998284904e-08,3.342734544276027e-06,0.0005483156419359148,0.9994483590126038,,,
/kaggle/input/datasets/tawsifurrahman/covid19-radiography-database/COVID-19_Radiography_Dataset/Viral Pneumonia/images/Viral Pneumonia-483.png,Viral Pneumonia,Viral Pneumonia,3.1491381946580077e-07,4.973111344952486e-07,6.928022048668936e-05,0.9999299049377441,,,
/kaggle/input/datasets/tawsifurrahman/covid19-radiography-database/COVID-19_Radiography_Dataset/Viral Pneumonia/images/Viral Pneumonia-489.png,Viral Pneumonia,Viral Pneumonia,5.943194310020772e-07,5.910904832262531e-08,1.3723031770496164e-05,0.9999856948852539,,0.23090076446533203,0.23090076446533203
/kaggle/input/datasets/tawsifurrahman/covid19-radiography-database/COVID-19_Radiography_Dataset/Viral Pneumonia/images/Viral Pneumonia-493.png,Viral Pneumonia,Viral Pneumonia,1.784622668310476e-06,5.711903213523328e-06,0.001395546947605908,0.9985969662666321,,0.14743252098560333,0.14743252098560333
/kaggle/input/datasets/tawsifurrahman/covid19-radiography-database/COVID-19_Radiography_Dataset/Viral Pneumonia/images/Viral Pneumonia-495.png,Viral Pneumonia,Viral Pneumonia,9.871880592982052e-07,7.4585656761883e-08,4.3701329559553415e-06,0.9999945163726807,,,
/kaggle/input/datasets/tawsifurrahman/covid19-radiography-database/COVID-19_Radiography_Dataset/Viral Pneumonia/images/Viral Pneumonia-496.png,Viral Pneumonia,Viral Pneumonia,6.69345297410473e-07,7.2684570113779046e-06,6.087436122470535e-05,0.9999312162399292,,,
/kaggle/input/datasets/tawsifurrahman/covid19-radiography-database/COVID-19_Radiography_Dataset/Viral Pneumonia/images/Viral Pneumonia-50.png,Viral Pneumonia,Viral Pneumonia,1.8009308178079664e-06,1.9297833659948083e-06,6.571721314685419e-05,0.9999306201934814,,0.32118263840675354,0.32118263840675354
/kaggle/input/datasets/tawsifurrahman/covid19-radiography-database/COVID-19_Radiography_Dataset/Viral Pneumonia/images/Viral Pneumonia-503.png,Viral Pneumonia,Viral Pneumonia,6.622022192459553e-05,3.3015057852026075e-05,0.007588657084852457,0.9923121333122253,,,
/kaggle/input/datasets/tawsifurrahman/covid19-radiography-database/COVID-19_Radiography_Dataset/Viral Pneumonia/images/Viral Pneumonia-504.png,Viral Pneumonia,Viral Pneumonia,9.301188441668273e-08,2.3456914188813016e-09,6.88527990178045e-08,0.9999998807907104,,,
/kaggle/input/datasets/tawsifurrahman/covid19-radiography-database/COVID-19_Radiography_Dataset/Viral Pneumonia/images/Viral Pneumonia-514.png,Viral Pneumonia,Viral Pneumonia,0.00048307422548532486,5.880214757780777e-06,0.009513919241726398,0.989997148513794,,0.20426428318023682,0.20426428318023682
/kaggle/input/datasets/tawsifurrahman/covid19-radiography-database/COVID-19_Radiography_Dataset/Viral Pneumonia/images/Viral Pneumonia-525.png,Viral Pneumonia,Viral Pneumonia,8.383055916105775e-10,1.737833201786998e-07,5.6365974160144106e-05,0.9999434947967529,,,
/kaggle/input/datasets/tawsifurrahman/covid19-radiography-database/COVID-19_Radiography_Dataset/Viral Pneumonia/images/Viral Pneumonia-526.png,Viral Pneumonia,Viral Pneumonia,0.0020915695931762457,2.5980623377108714e-06,0.000606965331826359,0.9972988963127136,,0.3061211109161377,0.3061211109161377
/kaggle/input/datasets/tawsifurrahman/covid19-radiography-database/COVID-19_Radiography_Dataset/Viral Pneumonia/images/Viral Pneumonia-533.png,Viral Pneumonia,Viral Pneumonia,2.779792521323543e-05,1.7096130022764555e-06,3.1096099064598093e-06,0.9999674558639526,,,
/kaggle/input/datasets/tawsifurrahman/covid19-radiography-database/COVID-19_Radiography_Dataset/Viral Pneumonia/images/Viral Pneumonia-549.png,Viral Pneumonia,Viral Pneumonia,1.2463909904170123e-09,2.67155697564192e-09,6.843227140507224e-08,0.9999998807907104,,,
/kaggle/input/datasets/tawsifurrahman/covid19-radiography-database/COVID-19_Radiography_Dataset/Viral Pneumonia/images/Viral Pneumonia-55.png,Viral Pneumonia,Viral Pneumonia,2.476336248946609e-06,5.7181722468158114e-08,8.006490133993793e-06,0.9999895095825195,,,
/kaggle/input/datasets/tawsifurrahman/covid19-radiography-database/COVID-19_Radiography_Dataset/Viral Pneumonia/images/Viral Pneumonia-550.png,Viral Pneumonia,Viral Pneumonia,0.0001564849226269871,6.360081670209183e-07,0.0001399450993631035,0.9997029900550842,,,
/kaggle/input/datasets/tawsifurrahman/covid19-radiography-database/COVID-19_Radiography_Dataset/Viral Pneumonia/images/Viral Pneumonia-552.png,Viral Pneumonia,Viral Pneumonia,0.0002107428590534255,4.8153519855986815e-06,0.001196267083287239,0.9985881447792053,,,
/kaggle/input/datasets/tawsifurrahman/covid19-radiography-database/COVID-19_Radiography_Dataset/Viral Pneumonia/images/Viral Pneumonia-556.png,Viral Pneumonia,Viral Pneumonia,3.9450882468372583e-05,2.3704559737325326e-07,1.635770058783237e-05,0.9999439716339111,,,
/kaggle/input/datasets/tawsifurrahman/covid19-radiography-database/COVID-19_Radiography_Dataset/Viral Pneumonia/images/Viral Pneumonia-557.png,Viral Pneumonia,Viral Pneumonia,1.0269041013089009e-06,5.4011518813013026e-08,1.4428649137698812e-06,0.9999974966049194,,,
/kaggle/input/datasets/tawsifurrahman/covid19-radiography-database/COVID-19_Radiography_Dataset/Viral Pneumonia/images/Viral Pneumonia-564.png,Viral Pneumonia,Viral Pneumonia,4.78908873446926e-07,3.7083325423736824e-06,0.0008667245274409652,0.9991291165351868,,,
/kaggle/input/datasets/tawsifurrahman/covid19-radiography-database/COVID-19_Radiography_Dataset/Viral Pneumonia/images/Viral Pneumonia-569.png,Viral Pneumonia,Viral Pneumonia,8.227828948292881e-05,0.0013680510455742478,0.0012526537757366896,0.9972969889640808,,,
/kaggle/input/datasets/tawsifurrahman/covid19-radiography-database/COVID-19_Radiography_Dataset/Viral Pneumonia/images/Viral Pneumonia-582.png,Viral Pneumonia,Viral Pneumonia,1.0439101805204132e-09,5.030522132187798e-08,2.146059387087007e-06,0.9999978542327881,,0.286214143037796,0.286214143037796
/kaggle/input/datasets/tawsifurrahman/covid19-radiography-database/COVID-19_Radiography_Dataset/Viral Pneumonia/images/Viral Pneumonia-597.png,Viral Pneumonia,Viral Pneumonia,1.9437686660239706e-06,0.0002483760181348771,5.6797285651555285e-05,0.9996929168701172,,,
/kaggle/input/datasets/tawsifurrahman/covid19-radiography-database/COVID-19_Radiography_Dataset/Viral Pneumonia/images/Viral Pneumonia-602.png,Viral Pneumonia,Normal,0.003858094336465001,0.0006780012627132237,0.8554435968399048,0.14002038538455963,,,
/kaggle/input/datasets/tawsifurrahman/covid19-radiography-database/COVID-19_Radiography_Dataset/Viral Pneumonia/images/Viral Pneumonia-612.png,Viral Pneumonia,Viral Pneumonia,5.401881207944825e-05,8.687443653343507e-08,4.277117477613501e-05,0.9999030828475952,,,
/kaggle/input/datasets/tawsifurrahman/covid19-radiography-database/COVID-19_Radiography_Dataset/Viral Pneumonia/images/Viral Pneumonia-614.png,Viral Pneumonia,Viral Pneumonia,6.564320301549742e-06,2.2911049768481462e-07,7.373459993686993e-07,0.9999924898147583,,,
/kaggle/input/datasets/tawsifurrahman/covid19-radiography-database/COVID-19_Radiography_Dataset/Viral Pneumonia/images/Viral Pneumonia-624.png,Viral Pneumonia,Viral Pneumonia,8.235005566348264e-08,1.0681242557097903e-08,2.89083999405193e-07,0.9999996423721313,,0.1796964555978775,0.1796964555978775
/kaggle/input/datasets/tawsifurrahman/covid19-radiography-database/COVID-19_Radiography_Dataset/Viral Pneumonia/images/Viral Pneumonia-625.png,Viral Pneumonia,Viral Pneumonia,0.158707395195961,0.008089729584753513,0.1680665761232376,0.6651362776756287,,0.18592917919158936,0.18592917919158936
/kaggle/input/datasets/tawsifurrahman/covid19-radiography-database/COVID-19_Radiography_Dataset/Viral Pneumonia/images/Viral Pneumonia-629.png,Viral Pneumonia,Viral Pneumonia,0.00022847003128845245,3.200632932021108e-07,1.3195148312661331e-05,0.9997579455375671,,,
/kaggle/input/datasets/tawsifurrahman/covid19-radiography-database/COVID-19_Radiography_Dataset/Viral Pneumonia/images/Viral Pneumonia-642.png,Viral Pneumonia,Viral Pneumonia,3.013327898315765e-07,2.99474663734145e-07,1.8692692265176447e-06,0.9999974966049194,,,
/kaggle/input/datasets/tawsifurrahman/covid19-radiography-database/COVID-19_Radiography_Dataset/Viral Pneumonia/images/Viral Pneumonia-644.png,Viral Pneumonia,Viral Pneumonia,0.013346525840461254,0.12669938802719116,0.13011303544044495,0.7298410534858704,,,
/kaggle/input/datasets/tawsifurrahman/covid19-radiography-database/COVID-19_Radiography_Dataset/Viral Pneumonia/images/Viral Pneumonia-648.png,Viral Pneumonia,Viral Pneumonia,7.519374776165932e-07,7.551324010535154e-09,2.3146763794557046e-07,0.9999990463256836,,,
/kaggle/input/datasets/tawsifurrahman/covid19-radiography-database/COVID-19_Radiography_Dataset/Viral Pneumonia/images/Viral Pneumonia-652.png,Viral Pneumonia,Viral Pneumonia,1.980917659238912e-06,7.962169661368534e-07,9.583239943822264e-07,0.9999961853027344,,,
/kaggle/input/datasets/tawsifurrahman/covid19-radiography-database/COVID-19_Radiography_Dataset/Viral Pneumonia/images/Viral Pneumonia-668.png,Viral Pneumonia,Normal,2.065526496153325e-05,2.026455604209332e-06,0.9973505735397339,0.002626738976687193,,0.2525382936000824,0.2525382936000824
/kaggle/input/datasets/tawsifurrahman/covid19-radiography-database/COVID-19_Radiography_Dataset/Viral Pneumonia/images/Viral Pneumonia-669.png,Viral Pneumonia,Viral Pneumonia,9.112120096688159e-06,1.9490944396238774e-05,8.067430462688208e-05,0.9998906850814819,,,
/kaggle/input/datasets/tawsifurrahman/covid19-radiography-database/COVID-19_Radiography_Dataset/Viral Pneumonia/images/Viral Pneumonia-675.png,Viral Pneumonia,Viral Pneumonia,1.5247233022819273e-06,2.3715333696827656e-08,1.165545381809352e-05,0.9999867677688599,,,
/kaggle/input/datasets/tawsifurrahman/covid19-radiography-database/COVID-19_Radiography_Dataset/Viral Pneumonia/images/Viral Pneumonia-678.png,Viral Pneumonia,Viral Pneumonia,1.0435908734507393e-05,5.8536347751214635e-06,2.862646579160355e-05,0.9999550580978394,,,
/kaggle/input/datasets/tawsifurrahman/covid19-radiography-database/COVID-19_Radiography_Dataset/Viral Pneumonia/images/Viral Pneumonia-693.png,Viral Pneumonia,Viral Pneumonia,0.0004536822671070695,3.2241361623164266e-05,0.00015094148693606257,0.999363124370575,,,
/kaggle/input/datasets/tawsifurrahman/covid19-radiography-database/COVID-19_Radiography_Dataset/Viral Pneumonia/images/Viral Pneumonia-708.png,Viral Pneumonia,Viral Pneumonia,3.764836833397567e-07,3.478954226920905e-07,4.151847679167986e-05,0.999957799911499,,0.21492944657802582,0.21492944657802582
/kaggle/input/datasets/tawsifurrahman/covid19-radiography-database/COVID-19_Radiography_Dataset/Viral Pneumonia/images/Viral Pneumonia-710.png,Viral Pneumonia,Viral Pneumonia,7.054846378196089e-07,1.417165140793486e-08,7.625813395861769e-06,0.9999916553497314,,,
/kaggle/input/datasets/tawsifurrahman/covid19-radiography-database/COVID-19_Radiography_Dataset/Viral Pneumonia/images/Viral Pneumonia-712.png,Viral Pneumonia,Viral Pneumonia,3.1332772778114304e-05,5.411270649346989e-06,0.00013982175732962787,0.9998235106468201,,,
/kaggle/input/datasets/tawsifurrahman/covid19-radiography-database/COVID-19_Radiography_Dataset/Viral Pneumonia/images/Viral Pneumonia-719.png,Viral Pneumonia,Viral Pneumonia,2.880643137359584e-07,8.265264114015736e-06,1.3069174201518763e-05,0.9999784231185913,,,
/kaggle/input/datasets/tawsifurrahman/covid19-radiography-database/COVID-19_Radiography_Dataset/Viral Pneumonia/images/Viral Pneumonia-724.png,Viral Pneumonia,Viral Pneumonia,1.2535465998553263e-07,1.8878376639719363e-09,2.3628419398846745e-07,0.9999996423721313,,,
/kaggle/input/datasets/tawsifurrahman/covid19-radiography-database/COVID-19_Radiography_Dataset/Viral Pneumonia/images/Viral Pneumonia-73.png,Viral Pneumonia,Viral Pneumonia,1.961878524525673e-06,6.298976131802192e-06,6.0677789406327065e-06,0.9999856948852539,,0.20656482875347137,0.20656482875347137
/kaggle/input/datasets/tawsifurrahman/covid19-radiography-database/COVID-19_Radiography_Dataset/Viral Pneumonia/images/Viral Pneumonia-748.png,Viral Pneumonia,Viral Pneumonia,1.1619641554716509e-05,2.0026225683977827e-05,1.5809508113306947e-05,0.9999525547027588,,,
/kaggle/input/datasets/tawsifurrahman/covid19-radiography-database/COVID-19_Radiography_Dataset/Viral Pneumonia/images/Viral Pneumonia-749.png,Viral Pneumonia,Viral Pneumonia,1.2971450580323562e-08,1.102836151289921e-07,7.647023636536687e-08,0.9999997615814209,,,
/kaggle/input/datasets/tawsifurrahman/covid19-radiography-database/COVID-19_Radiography_Dataset/Viral Pneumonia/images/Viral Pneumonia-76.png,Viral Pneumonia,Viral Pneumonia,3.918944813108283e-08,6.442002359108301e-06,1.1797194929386023e-05,0.9999817609786987,,,
/kaggle/input/datasets/tawsifurrahman/covid19-radiography-database/COVID-19_Radiography_Dataset/Viral Pneumonia/images/Viral Pneumonia-777.png,Viral Pneumonia,Viral Pneumonia,8.383578347093135e-07,1.3601540558738634e-05,1.746552334225271e-05,0.9999680519104004,,,
/kaggle/input/datasets/tawsifurrahman/covid19-radiography-database/COVID-19_Radiography_Dataset/Viral Pneumonia/images/Viral Pneumonia-779.png,Viral Pneumonia,Viral Pneumonia,3.028851125463916e-08,1.1008700084857992e-07,4.809432539332192e-06,0.9999949932098389,,,
/kaggle/input/datasets/tawsifurrahman/covid19-radiography-database/COVID-19_Radiography_Dataset/Viral Pneumonia/images/Viral Pneumonia-792.png,Viral Pneumonia,Viral Pneumonia,0.00022806288325227797,3.072766730838339e-06,3.497926400086726e-06,0.9997653365135193,,,
/kaggle/input/datasets/tawsifurrahman/covid19-radiography-database/COVID-19_Radiography_Dataset/Viral Pneumonia/images/Viral Pneumonia-802.png,Viral Pneumonia,Viral Pneumonia,1.7377398762619123e-05,5.388670132333573e-08,4.14466785514378e-06,0.9999784231185913,,0.20651666820049286,0.20651666820049286
/kaggle/input/datasets/tawsifurrahman/covid19-radiography-database/COVID-19_Radiography_Dataset/Viral Pneumonia/images/Viral Pneumonia-806.png,Viral Pneumonia,Viral Pneumonia,2.8622062586691754e-07,9.948836421358465e-09,6.022480647516204e-08,0.9999996423721313,,,
/kaggle/input/datasets/tawsifurrahman/covid19-radiography-database/COVID-19_Radiography_Dataset/Viral Pneumonia/images/Viral Pneumonia-819.png,Viral Pneumonia,Viral Pneumonia,4.919467028230429e-05,2.0267514173610834e-06,0.0004235336964484304,0.9995253086090088,,,
/kaggle/input/datasets/tawsifurrahman/covid19-radiography-database/COVID-19_Radiography_Dataset/Viral Pneumonia/images/Viral Pneumonia-833.png,Viral Pneumonia,Viral Pneumonia,1.4949586102375179e-06,3.4728013815765735e-06,0.0001705272006802261,0.999824583530426,,,
/kaggle/input/datasets/tawsifurrahman/covid19-radiography-database/COVID-19_Radiography_Dataset/Viral Pneumonia/images/Viral Pneumonia-836.png,Viral Pneumonia,Viral Pneumonia,5.816304771144587e-09,9.993705418764876e-09,4.114762219842305e-08,1.0,,,
/kaggle/input/datasets/tawsifurrahman/covid19-radiography-database/COVID-19_Radiography_Dataset/Viral Pneumonia/images/Viral Pneumonia-838.png,Viral Pneumonia,Viral Pneumonia,2.272118535984191e-06,7.427787522829021e-07,2.0183967990305973e-06,0.9999949932098389,,,
/kaggle/input/datasets/tawsifurrahman/covid19-radiography-database/COVID-19_Radiography_Dataset/Viral Pneumonia/images/Viral Pneumonia-84.png,Viral Pneumonia,Viral Pneumonia,5.495606192340574e-09,1.3928754924563691e-05,7.116883580238209e-07,0.9999853372573853,,0.27138054370880127,0.27138054370880127
/kaggle/input/datasets/tawsifurrahman/covid19-radiography-database/COVID-19_Radiography_Dataset/Viral Pneumonia/images/Viral Pneumonia-847.png,Viral Pneumonia,Viral Pneumonia,1.3404441233433317e-05,1.3649106449520332e-06,1.9163600882166065e-05,0.9999661445617676,,,
/kaggle/input/datasets/tawsifurrahman/covid19-radiography-database/COVID-19_Radiography_Dataset/Viral Pneumonia/images/Viral Pneumonia-850.png,Viral Pneumonia,Viral Pneumonia,2.7440466510597616e-05,6.284417850110913e-06,0.0005356949986889958,0.9994304776191711,,,
/kaggle/input/datasets/tawsifurrahman/covid19-radiography-database/COVID-19_Radiography_Dataset/Viral Pneumonia/images/Viral Pneumonia-858.png,Viral Pneumonia,Viral Pneumonia,0.0016090136487036943,3.4964584756380646e-06,2.5796922273002565e-05,0.9983617663383484,,,
/kaggle/input/datasets/tawsifurrahman/covid19-radiography-database/COVID-19_Radiography_Dataset/Viral Pneumonia/images/Viral Pneumonia-867.png,Viral Pneumonia,Viral Pneumonia,3.066976660193177e-06,2.3116238878628792e-07,2.7388873036215955e-07,0.9999964237213135,,,
/kaggle/input/datasets/tawsifurrahman/covid19-radiography-database/COVID-19_Radiography_Dataset/Viral Pneumonia/images/Viral Pneumonia-870.png,Viral Pneumonia,Viral Pneumonia,1.1007499551851652e-06,4.6880376913804866e-08,1.8202970295533305e-06,0.9999970197677612,,0.2352658212184906,0.2352658212184906
/kaggle/input/datasets/tawsifurrahman/covid19-radiography-database/COVID-19_Radiography_Dataset/Viral Pneumonia/images/Viral Pneumonia-885.png,Viral Pneumonia,Viral Pneumonia,1.7626893168198876e-05,7.208464012364857e-06,4.692381480708718e-06,0.999970555305481,,,
/kaggle/input/datasets/tawsifurrahman/covid19-radiography-database/COVID-19_Radiography_Dataset/Viral Pneumonia/images/Viral Pneumonia-888.png,Viral Pneumonia,Viral Pneumonia,4.501730543893245e-09,1.2275078233869863e-06,2.6019060896942392e-05,0.9999728202819824,,0.22207388281822205,0.22207388281822205
/kaggle/input/datasets/tawsifurrahman/covid19-radiography-database/COVID-19_Radiography_Dataset/Viral Pneumonia/images/Viral Pneumonia-894.png,Viral Pneumonia,Viral Pneumonia,0.000597087200731039,0.0016578134382143617,0.02833225578069687,0.9694128036499023,,0.37547141313552856,0.37547141313552856
/kaggle/input/datasets/tawsifurrahman/covid19-radiography-database/COVID-19_Radiography_Dataset/Viral Pneumonia/images/Viral Pneumonia-9.png,Viral Pneumonia,Viral Pneumonia,1.3012663657718804e-06,0.00022209995950106531,0.0001102541500586085,0.9996663331985474,,0.2860954701900482,0.2860954701900482
/kaggle/input/datasets/tawsifurrahman/covid19-radiography-database/COVID-19_Radiography_Dataset/Viral Pneumonia/images/Viral Pneumonia-901.png,Viral Pneumonia,Viral Pneumonia,0.00011350541899446398,0.0004767690261360258,0.034905631095170975,0.964504063129425,,,
/kaggle/input/datasets/tawsifurrahman/covid19-radiography-database/COVID-19_Radiography_Dataset/Viral Pneumonia/images/Viral Pneumonia-902.png,Viral Pneumonia,Viral Pneumonia,0.004569695331156254,0.002730700885877013,0.13372446596622467,0.8589750528335571,,,
/kaggle/input/datasets/tawsifurrahman/covid19-radiography-database/COVID-19_Radiography_Dataset/Viral Pneumonia/images/Viral Pneumonia-92.png,Viral Pneumonia,Viral Pneumonia,0.000621387327555567,1.5162027011683676e-05,1.4135987839836162e-05,0.9993492960929871,,,
/kaggle/input/datasets/tawsifurrahman/covid19-radiography-database/COVID-19_Radiography_Dataset/Viral Pneumonia/images/Viral Pneumonia-923.png,Viral Pneumonia,Normal,0.00256232637912035,0.0009618597105145454,0.8683884143829346,0.1280873566865921,,,
/kaggle/input/datasets/tawsifurrahman/covid19-radiography-database/COVID-19_Radiography_Dataset/Viral Pneumonia/images/Viral Pneumonia-929.png,Viral Pneumonia,Viral Pneumonia,6.173663859954104e-05,0.00047017872566357255,1.951673039002344e-05,0.9994485974311829,,,
/kaggle/input/datasets/tawsifurrahman/covid19-radiography-database/COVID-19_Radiography_Dataset/Viral Pneumonia/images/Viral Pneumonia-93.png,Viral Pneumonia,Viral Pneumonia,1.1635678674792871e-05,0.00048791232984513044,0.0011103329015895724,0.9983900785446167,,,
/kaggle/input/datasets/tawsifurrahman/covid19-radiography-database/COVID-19_Radiography_Dataset/Viral Pneumonia/images/Viral Pneumonia-934.png,Viral Pneumonia,Viral Pneumonia,0.0007821870385669172,0.003700317582115531,0.0009957347065210342,0.9945218563079834,,0.13015034794807434,0.13015034794807434
/kaggle/input/datasets/tawsifurrahman/covid19-radiography-database/COVID-19_Radiography_Dataset/Viral Pneumonia/images/Viral Pneumonia-935.png,Viral Pneumonia,Viral Pneumonia,1.748532486089971e-05,0.0034456958528608084,0.033016979694366455,0.963519811630249,,0.06675764918327332,0.06675764918327332
/kaggle/input/datasets/tawsifurrahman/covid19-radiography-database/COVID-19_Radiography_Dataset/Viral Pneumonia/images/Viral Pneumonia-936.png,Viral Pneumonia,Viral Pneumonia,1.847945299005005e-07,1.2042941932577378e-07,6.0150168792461045e-06,0.9999936819076538,,,
/kaggle/input/datasets/tawsifurrahman/covid19-radiography-database/COVID-19_Radiography_Dataset/Viral Pneumonia/images/Viral Pneumonia-938.png,Viral Pneumonia,Viral Pneumonia,2.1191615360294236e-06,6.82638028592919e-06,7.069822913763346e-06,0.9999840259552002,,,
/kaggle/input/datasets/tawsifurrahman/covid19-radiography-database/COVID-19_Radiography_Dataset/Viral Pneumonia/images/Viral Pneumonia-939.png,Viral Pneumonia,Viral Pneumonia,0.001365286880172789,0.00015342312690336257,0.004793206695467234,0.99368816614151,,0.27951714396476746,0.27951714396476746
/kaggle/input/datasets/tawsifurrahman/covid19-radiography-database/COVID-19_Radiography_Dataset/Viral Pneumonia/images/Viral Pneumonia-961.png,Viral Pneumonia,Viral Pneumonia,7.391127265776731e-09,6.01950944201235e-07,4.07540901505854e-05,0.9999586343765259,,,
/kaggle/input/datasets/tawsifurrahman/covid19-radiography-database/COVID-19_Radiography_Dataset/Viral Pneumonia/images/Viral Pneumonia-964.png,Viral Pneumonia,Viral Pneumonia,7.561999950667087e-07,1.9510895072016865e-05,0.0038277904968708754,0.9961519837379456,,0.14438584446907043,0.14438584446907043
/kaggle/input/datasets/tawsifurrahman/covid19-radiography-database/COVID-19_Radiography_Dataset/Viral Pneumonia/images/Viral Pneumonia-965.png,Viral Pneumonia,Normal,1.4481774087471422e-05,5.975114618195221e-05,0.6366296410560608,0.36329612135887146,,0.26115572452545166,0.26115572452545166
/kaggle/input/datasets/tawsifurrahman/covid19-radiography-database/COVID-19_Radiography_Dataset/Viral Pneumonia/images/Viral Pneumonia-976.png,Viral Pneumonia,Viral Pneumonia,1.6591469602644793e-06,3.173371254661106e-08,2.751429235559044e-07,0.9999980926513672,,0.3025416433811188,0.3025416433811188
/kaggle/input/datasets/tawsifurrahman/covid19-radiography-database/COVID-19_Radiography_Dataset/Viral Pneumonia/images/Viral Pneumonia-977.png,Viral Pneumonia,Viral Pneumonia,1.0654263178366818e-06,0.00023667019559070468,5.691235401172889e-06,0.9997565150260925,,0.3441738188266754,0.3441738188266754
/kaggle/input/datasets/tawsifurrahman/covid19-radiography-database/COVID-19_Radiography_Dataset/Viral Pneumonia/images/Viral Pneumonia-978.png,Viral Pneumonia,Viral Pneumonia,2.6235370569338556e-06,1.0975124951073667e-06,8.631405989945051e-07,0.9999954700469971,,,
/kaggle/input/datasets/tawsifurrahman/covid19-radiography-database/COVID-19_Radiography_Dataset/Viral Pneumonia/images/Viral Pneumonia-98.png,Viral Pneumonia,Viral Pneumonia,2.3702988983131945e-05,2.903070894788584e-09,8.090805749816354e-06,0.9999681711196899,,,
/kaggle/input/datasets/tawsifurrahman/covid19-radiography-database/COVID-19_Radiography_Dataset/Viral Pneumonia/images/Viral Pneumonia-985.png,Viral Pneumonia,Viral Pneumonia,1.0049567208625376e-05,1.2511600289144553e-05,1.253253412869526e-05,0.9999649524688721,,,
/kaggle/input/datasets/tawsifurrahman/covid19-radiography-database/COVID-19_Radiography_Dataset/Viral Pneumonia/images/Viral Pneumonia-992.png,Viral Pneumonia,Viral Pneumonia,2.639463925202534e-10,7.134516266660285e-08,2.498882167856209e-08,0.9999998807907104,,0.23953038454055786,0.23953038454055786
/kaggle/input/datasets/tawsifurrahman/covid19-radiography-database/COVID-19_Radiography_Dataset/Viral Pneumonia/images/Viral Pneumonia-993.png,Viral Pneumonia,Viral Pneumonia,0.00030514071113429964,0.0007133136969059706,0.0052451943047344685,0.9937363862991333,,0.3906574547290802,0.3906574547290802
/kaggle/input/datasets/tawsifurrahman/covid19-radiography-database/COVID-19_Radiography_Dataset/Viral Pneumonia/images/Viral Pneumonia-994.png,Viral Pneumonia,Viral Pneumonia,0.00038952328031882644,0.00047985094715841115,0.0015590436523780227,0.9975715279579163,,0.17375461757183075,0.17375461757183075
/kaggle/input/datasets/tawsifurrahman/covid19-radiography-database/COVID-19_Radiography_Dataset/Viral Pneumonia/images/Viral Pneumonia-998.png,Viral Pneumonia,Viral Pneumonia,4.5711794882663526e-06,1.3318008313945029e-06,3.715364528034115e-06,0.9999903440475464,,0.20193322002887726,0.20193322002887726
