image_path,true_label,pred_label,prob_0,prob_1,prob_2,prob_3,ilar,eil_post,eil_pre
/kaggle/input/datasets/tawsifurrahman/covid19-radiography-database/COVID-19_Radiography_Dataset/COVID/images/COVID-1000.png,COVID,COVID,0.9831569790840149,0.0002554595994297415,0.016519073396921158,6.851155194453895e-05,0.24669232964515686,0.4389769434928894,0.43897679448127747
/kaggle/input/datasets/tawsifurrahman/covid19-radiography-database/COVID-19_Radiography_Dataset/COVID/images/COVID-1002.png,COVID,COVID,0.994533896446228,0.00018151446420233697,0.005213474854826927,7.109055877663195e-05,0.42590606212615967,,
/kaggle/input/datasets/tawsifurrahman/covid19-radiography-database/COVID-19_Radiography_Dataset/COVID/images/COVID-1006.png,COVID,COVID,0.9999606609344482,5.061501724412665e-07,1.0019837645813823e-05,2.877739279938396e-05,0.2553417682647705,0.36214977502822876,0.36214959621429443
/kaggle/input/datasets/tawsifurrahman/covid19-radiography-database/COVID-19_Radiography_Dataset/COVID/images/COVID-1015.png,COVID,Lung_Opacity,0.28164607286453247,0.7139599323272705,0.004362882114946842,3.1051607948029414e-05,0.259893536567688,,
/kaggle/input/datasets/tawsifurrahman/covid19-radiography-database/COVID-19_Radiography_Dataset/COVID/images/COVID-1017.png,COVID,COVID,0.9967557787895203,0.003215102246031165,2.274343751196284e-05,6.414505151042249e-06,0.45994389057159424,,
/kaggle/input/datasets/tawsifurrahman/covid19-radiography-database/COVID-19_Radiography_Dataset/COVID/images/COVID-1022.png,COVID,COVID,0.995685338973999,0.002789474092423916,0.00046443528844974935,0.0010607467265799642,0.20464129745960236,,
/kaggle/input/datasets/tawsifurrahman/covid19-radiography-database/COVID-19_Radiography_Dataset/COVID/images/COVID-1036.png,COVID,COVID,0.9999309778213501,2.1244708477752283e-05,4.695260577136651e-05,8.358870786651096e-07,0.2017715871334076,0.36402827501296997,0.3640281856060028
/kaggle/input/datasets/tawsifurrahman/covid19-radiography-database/COVID-19_Radiography_Dataset/COVID/images/COVID-1040.png,COVID,COVID,0.9990636706352234,0.0009203032241202891,9.795955520530697e-06,6.281512469286099e-06,0.32601305842399597,,
/kaggle/input/datasets/tawsifurrahman/covid19-radiography-database/COVID-19_Radiography_Dataset/COVID/images/COVID-1043.png,COVID,COVID,0.9976727366447449,0.0021242962684482336,3.5305452001921367e-06,0.000199344998691231,0.2607041299343109,,
/kaggle/input/datasets/tawsifurrahman/covid19-radiography-database/COVID-19_Radiography_Dataset/COVID/images/COVID-1048.png,COVID,Normal,0.43299511075019836,0.028856774792075157,0.5381215810775757,2.6528890884947032e-05,0.2984504997730255,0.5581544637680054,0.5581540465354919
/kaggle/input/datasets/tawsifurrahman/covid19-radiography-database/COVID-19_Radiography_Dataset/COVID/images/COVID-1056.png,COVID,COVID,0.9985987544059753,0.0007226212765090168,9.158540706266649e-06,0.0006694278563372791,0.27788305282592773,0.29460322856903076,0.29460322856903076
/kaggle/input/datasets/tawsifurrahman/covid19-radiography-database/COVID-19_Radiography_Dataset/COVID/images/COVID-1058.png,COVID,COVID,0.9419002532958984,0.0577157698571682,0.0003078350273426622,7.604461279697716e-05,0.2262045294046402,0.28814855217933655,0.288148432970047
/kaggle/input/datasets/tawsifurrahman/covid19-radiography-database/COVID-19_Radiography_Dataset/COVID/images/COVID-106.png,COVID,COVID,0.8966281414031982,0.009573605842888355,0.09295231103897095,0.0008459948585368693,0.288405179977417,,
/kaggle/input/datasets/tawsifurrahman/covid19-radiography-database/COVID-19_Radiography_Dataset/COVID/images/COVID-1065.png,COVID,COVID,0.9847885370254517,0.01136802602559328,0.00149693398270756,0.0023464662954211235,0.22809793055057526,,
/kaggle/input/datasets/tawsifurrahman/covid19-radiography-database/COVID-19_Radiography_Dataset/COVID/images/COVID-107.png,COVID,COVID,0.972022533416748,0.027716241776943207,0.0002517423708923161,9.467834388487972e-06,0.29623836278915405,,
/kaggle/input/datasets/tawsifurrahman/covid19-radiography-database/COVID-19_Radiography_Dataset/COVID/images/COVID-108.png,COVID,COVID,0.9999423027038574,7.953139174787793e-06,4.964018808095716e-05,1.066970156671232e-07,0.1679145097732544,0.2905828654766083,0.29058247804641724
/kaggle/input/datasets/tawsifurrahman/covid19-radiography-database/COVID-19_Radiography_Dataset/COVID/images/COVID-11.png,COVID,COVID,0.9997014403343201,0.00029439007630571723,1.8245813180328696e-06,2.405559598628315e-06,0.37882742285728455,,
/kaggle/input/datasets/tawsifurrahman/covid19-radiography-database/COVID-19_Radiography_Dataset/COVID/images/COVID-1100.png,COVID,COVID,0.9999725818634033,1.1731957783922553e-05,5.985186817270005e-06,9.697035238787066e-06,0.36001482605934143,0.3985057771205902,0.3985055387020111
/kaggle/input/datasets/tawsifurrahman/covid19-radiography-database/COVID-19_Radiography_Dataset/COVID/images/COVID-1102.png,COVID,COVID,0.9817004799842834,0.0005981578724458814,0.01769614964723587,5.2688819778268225e-06,0.36051273345947266,0.45642411708831787,0.4564235806465149
/kaggle/input/datasets/tawsifurrahman/covid19-radiography-database/COVID-19_Radiography_Dataset/COVID/images/COVID-1105.png,COVID,COVID,0.9775106310844421,0.0006604602094739676,0.02181350812315941,1.5434530723723583e-05,0.3003455102443695,0.3996477425098419,0.3996475040912628
/kaggle/input/datasets/tawsifurrahman/covid19-radiography-database/COVID-19_Radiography_Dataset/COVID/images/COVID-1108.png,COVID,COVID,0.9992213249206543,0.0002948622277472168,0.0004817045701202005,2.076374357784516e-06,0.35708731412887573,,
/kaggle/input/datasets/tawsifurrahman/covid19-radiography-database/COVID-19_Radiography_Dataset/COVID/images/COVID-1110.png,COVID,COVID,0.9976212382316589,6.715293420711532e-05,0.0023070124443620443,4.5569890971819405e-06,0.20880509912967682,,
/kaggle/input/datasets/tawsifurrahman/covid19-radiography-database/COVID-19_Radiography_Dataset/COVID/images/COVID-1112.png,COVID,COVID,0.9976696372032166,0.0015080568846315145,0.0007512724841944873,7.104223186615855e-05,0.342477411031723,0.3897565007209778,0.3897554874420166
/kaggle/input/datasets/tawsifurrahman/covid19-radiography-database/COVID-19_Radiography_Dataset/COVID/images/COVID-1115.png,COVID,COVID,0.999836802482605,0.000159959148732014,4.856340751757671e-07,2.7214587134949397e-06,0.3364373743534088,,
/kaggle/input/datasets/tawsifurrahman/covid19-radiography-database/COVID-19_Radiography_Dataset/COVID/images/COVID-1116.png,COVID,COVID,0.9923812747001648,0.0008088699541985989,0.006806117948144674,3.688321157824248e-06,0.22795826196670532,0.3222387731075287,0.32223862409591675
/kaggle/input/datasets/tawsifurrahman/covid19-radiography-database/COVID-19_Radiography_Dataset/COVID/images/COVID-1127.png,COVID,COVID,0.9943220615386963,0.00023455549671780318,0.00542558915913105,1.7854448742582463e-05,0.4181287884712219,0.2716848850250244,0.2716849446296692
/kaggle/input/datasets/tawsifurrahman/covid19-radiography-database/COVID-19_Radiography_Dataset/COVID/images/COVID-113.png,COVID,COVID,0.9990072846412659,0.00040306436130777,0.0005873817717656493,2.294612158948439e-06,0.1393299549818039,,
/kaggle/input/datasets/tawsifurrahman/covid19-radiography-database/COVID-19_Radiography_Dataset/COVID/images/COVID-1142.png,COVID,COVID,0.9999967813491821,1.3880784308639704e-06,5.4476853250662316e-08,1.803929308152874e-06,0.27778390049934387,,
/kaggle/input/datasets/tawsifurrahman/covid19-radiography-database/COVID-19_Radiography_Dataset/COVID/images/COVID-1143.png,COVID,COVID,0.9979222416877747,0.00018244440434500575,0.001875402289442718,1.9891933334292844e-05,0.1753433644771576,,
/kaggle/input/datasets/tawsifurrahman/covid19-radiography-database/COVID-19_Radiography_Dataset/COVID/images/COVID-1147.png,COVID,COVID,0.9982315897941589,0.0015820192638784647,9.766267794475425e-06,0.00017665402265265584,0.3198760747909546,,
/kaggle/input/datasets/tawsifurrahman/covid19-radiography-database/COVID-19_Radiography_Dataset/COVID/images/COVID-1160.png,COVID,COVID,0.9969062209129333,0.0030571219976991415,3.638185444287956e-05,2.4195563241846685e-07,0.31254029273986816,0.3630848526954651,0.3630845248699188
/kaggle/input/datasets/tawsifurrahman/covid19-radiography-database/COVID-19_Radiography_Dataset/COVID/images/COVID-1166.png,COVID,Lung_Opacity,0.39377328753471375,0.4490872323513031,0.1424408107995987,0.014698722399771214,0.25109773874282837,0.2822447717189789,0.28224173188209534
/kaggle/input/datasets/tawsifurrahman/covid19-radiography-database/COVID-19_Radiography_Dataset/COVID/images/COVID-1169.png,COVID,COVID,0.9997323155403137,0.00012144650827394798,6.941544938854349e-07,0.00014553565415553749,0.3335893154144287,,
/kaggle/input/datasets/tawsifurrahman/covid19-radiography-database/COVID-19_Radiography_Dataset/COVID/images/COVID-118.png,COVID,COVID,0.9986593723297119,4.3146315874764696e-05,0.0009175599552690983,0.0003799846163019538,0.34429144859313965,0.3496358096599579,0.34963566064834595
/kaggle/input/datasets/tawsifurrahman/covid19-radiography-database/COVID-19_Radiography_Dataset/COVID/images/COVID-1182.png,COVID,COVID,0.9999728202819824,2.4648523321957327e-05,1.722875566656512e-07,2.432946985209128e-06,0.20316582918167114,,
/kaggle/input/datasets/tawsifurrahman/covid19-radiography-database/COVID-19_Radiography_Dataset/COVID/images/COVID-1184.png,COVID,COVID,0.9993005990982056,0.00041490618605166674,2.5741715944604948e-05,0.0002587157941889018,0.11549729108810425,,
/kaggle/input/datasets/tawsifurrahman/covid19-radiography-database/COVID-19_Radiography_Dataset/COVID/images/COVID-1193.png,COVID,COVID,0.6272056102752686,0.23896117508411407,0.13381406664848328,1.9122433513985015e-05,0.12199214845895767,,
/kaggle/input/datasets/tawsifurrahman/covid19-radiography-database/COVID-19_Radiography_Dataset/COVID/images/COVID-120.png,COVID,COVID,0.9999415874481201,4.180841278866865e-05,1.0785595804918557e-05,5.817471901536919e-06,0.2620218098163605,,
/kaggle/input/datasets/tawsifurrahman/covid19-radiography-database/COVID-19_Radiography_Dataset/COVID/images/COVID-1200.png,COVID,COVID,0.9999383687973022,5.373709063860588e-05,7.390537120954832e-06,4.965234552400943e-07,0.3432435393333435,,
/kaggle/input/datasets/tawsifurrahman/covid19-radiography-database/COVID-19_Radiography_Dataset/COVID/images/COVID-1203.png,COVID,COVID,0.9999983310699463,1.4415101077247527e-06,3.870361098279318e-08,2.1109951831022045e-07,0.3174632489681244,0.4227031171321869,0.42270272970199585
/kaggle/input/datasets/tawsifurrahman/covid19-radiography-database/COVID-19_Radiography_Dataset/COVID/images/COVID-121.png,COVID,COVID,0.9997913241386414,2.1388896129792556e-05,0.00016420382598880678,2.3020846128929406e-05,0.3279467225074768,,
/kaggle/input/datasets/tawsifurrahman/covid19-radiography-database/COVID-19_Radiography_Dataset/COVID/images/COVID-1216.png,COVID,COVID,0.999798595905304,1.3585204214905389e-06,0.0001976829516934231,2.3585816961713135e-06,0.2592875063419342,,
/kaggle/input/datasets/tawsifurrahman/covid19-radiography-database/COVID-19_Radiography_Dataset/COVID/images/COVID-1219.png,COVID,COVID,0.9997430443763733,0.0002089631016133353,2.217347628175048e-06,4.5663615310331807e-05,0.3866637945175171,0.4090502858161926,0.40904849767684937
/kaggle/input/datasets/tawsifurrahman/covid19-radiography-database/COVID-19_Radiography_Dataset/COVID/images/COVID-1222.png,COVID,COVID,0.9996674060821533,0.00021840445697307587,9.024494573850461e-08,0.00011407829151721671,0.3830934166908264,,
/kaggle/input/datasets/tawsifurrahman/covid19-radiography-database/COVID-19_Radiography_Dataset/COVID/images/COVID-1228.png,COVID,COVID,0.9988547563552856,0.0007590306922793388,0.00037722577690146863,9.022001904668286e-06,0.32515737414360046,,
/kaggle/input/datasets/tawsifurrahman/covid19-radiography-database/COVID-19_Radiography_Dataset/COVID/images/COVID-1236.png,COVID,Normal,0.04696495085954666,0.00938574317842722,0.9434442520141602,0.00020505714928731322,0.3210108280181885,,
/kaggle/input/datasets/tawsifurrahman/covid19-radiography-database/COVID-19_Radiography_Dataset/COVID/images/COVID-1239.png,COVID,COVID,0.9999969005584717,2.4077487523754826e-06,6.527943128276092e-07,6.204459168657195e-08,0.36358726024627686,0.47500476241111755,0.4750036895275116
/kaggle/input/datasets/tawsifurrahman/covid19-radiography-database/COVID-19_Radiography_Dataset/COVID/images/COVID-1250.png,COVID,COVID,0.9891232848167419,0.0046252841129899025,0.0062252734787762165,2.6145420633838512e-05,0.4716017246246338,,
/kaggle/input/datasets/tawsifurrahman/covid19-radiography-database/COVID-19_Radiography_Dataset/COVID/images/COVID-1262.png,COVID,COVID,0.9904138445854187,0.009558270685374737,3.510511078275158e-06,2.43178874370642e-05,0.32535532116889954,,
/kaggle/input/datasets/tawsifurrahman/covid19-radiography-database/COVID-19_Radiography_Dataset/COVID/images/COVID-1287.png,COVID,Lung_Opacity,0.040770478546619415,0.956215500831604,0.00028978573391214013,0.0027242612559348345,0.1619708389043808,,
/kaggle/input/datasets/tawsifurrahman/covid19-radiography-database/COVID-19_Radiography_Dataset/COVID/images/COVID-130.png,COVID,Normal,0.2192039042711258,0.029972977936267853,0.7473264336585999,0.003496703924611211,0.3613101541996002,,
/kaggle/input/datasets/tawsifurrahman/covid19-radiography-database/COVID-19_Radiography_Dataset/COVID/images/COVID-1301.png,COVID,COVID,0.9983417987823486,0.0011942064156755805,0.00046369279152713716,2.621388830448268e-07,0.18744099140167236,,
/kaggle/input/datasets/tawsifurrahman/covid19-radiography-database/COVID-19_Radiography_Dataset/COVID/images/COVID-1319.png,COVID,COVID,0.9968270659446716,0.002451307838782668,0.00027781500830315053,0.00044379138853400946,0.25265228748321533,,
/kaggle/input/datasets/tawsifurrahman/covid19-radiography-database/COVID-19_Radiography_Dataset/COVID/images/COVID-132.png,COVID,COVID,0.9999537467956543,3.7730816984549165e-05,8.46148031996563e-06,2.0686712343120917e-09,0.4502727687358856,,
/kaggle/input/datasets/tawsifurrahman/covid19-radiography-database/COVID-19_Radiography_Dataset/COVID/images/COVID-1326.png,COVID,COVID,0.9968241453170776,0.0030798614025115967,7.093742897268385e-05,2.509747355361469e-05,0.34163790941238403,,
/kaggle/input/datasets/tawsifurrahman/covid19-radiography-database/COVID-19_Radiography_Dataset/COVID/images/COVID-1333.png,COVID,COVID,0.9999977350234985,8.452628321720113e-07,1.2871424814875354e-06,1.1679303923983753e-07,0.31545236706733704,0.4140060245990753,0.4140050709247589
/kaggle/input/datasets/tawsifurrahman/covid19-radiography-database/COVID-19_Radiography_Dataset/COVID/images/COVID-1334.png,COVID,COVID,0.927055299282074,0.07106532156467438,2.7713849704014137e-05,0.0018516294658184052,0.11110960692167282,0.23628172278404236,0.236281156539917
/kaggle/input/datasets/tawsifurrahman/covid19-radiography-database/COVID-19_Radiography_Dataset/COVID/images/COVID-1336.png,COVID,COVID,0.9766974449157715,0.022117633372545242,0.0008383964886888862,0.0003465151821728796,0.3565254211425781,0.3789306581020355,0.37893036007881165
/kaggle/input/datasets/tawsifurrahman/covid19-radiography-database/COVID-19_Radiography_Dataset/COVID/images/COVID-1339.png,COVID,COVID,0.9998342990875244,0.00013863210915587842,9.543587111693341e-07,2.6067213184433058e-05,0.209720179438591,,
/kaggle/input/datasets/tawsifurrahman/covid19-radiography-database/COVID-19_Radiography_Dataset/COVID/images/COVID-134.png,COVID,COVID,0.9980668425559998,0.0019214979838579893,1.1424141121096909e-05,2.8843695076830045e-07,0.1690056174993515,,
/kaggle/input/datasets/tawsifurrahman/covid19-radiography-database/COVID-19_Radiography_Dataset/COVID/images/COVID-1344.png,COVID,COVID,0.9999628067016602,2.2705085939378478e-05,1.1991789506282657e-05,2.4616151677037124e-06,0.24424226582050323,,
/kaggle/input/datasets/tawsifurrahman/covid19-radiography-database/COVID-19_Radiography_Dataset/COVID/images/COVID-1348.png,COVID,COVID,0.9999228715896606,3.409249984542839e-05,3.291733446530998e-05,1.0099025530507788e-05,0.34979480504989624,,
/kaggle/input/datasets/tawsifurrahman/covid19-radiography-database/COVID-19_Radiography_Dataset/COVID/images/COVID-1350.png,COVID,COVID,0.9999731779098511,2.675200448720716e-05,2.2359923690373762e-08,7.319339800915259e-08,0.3271540105342865,,
/kaggle/input/datasets/tawsifurrahman/covid19-radiography-database/COVID-19_Radiography_Dataset/COVID/images/COVID-1354.png,COVID,COVID,0.9999898672103882,5.310122560331365e-06,4.528425051830709e-06,2.75422621598409e-07,0.3842281103134155,0.3814391493797302,0.3814387917518616
/kaggle/input/datasets/tawsifurrahman/covid19-radiography-database/COVID-19_Radiography_Dataset/COVID/images/COVID-1359.png,COVID,COVID,0.9999916553497314,5.887553470529383e-06,2.2340131522469164e-08,2.428574362056679e-06,0.37195470929145813,,
/kaggle/input/datasets/tawsifurrahman/covid19-radiography-database/COVID-19_Radiography_Dataset/COVID/images/COVID-1361.png,COVID,Normal,0.07944760471582413,0.06542764604091644,0.8550007939338684,0.0001239109697053209,0.3634416162967682,,
/kaggle/input/datasets/tawsifurrahman/covid19-radiography-database/COVID-19_Radiography_Dataset/COVID/images/COVID-1401.png,COVID,COVID,0.9999816417694092,7.09596679371316e-06,3.360359812631941e-08,1.1242338587180711e-05,0.391190767288208,,
/kaggle/input/datasets/tawsifurrahman/covid19-radiography-database/COVID-19_Radiography_Dataset/COVID/images/COVID-1405.png,COVID,COVID,0.9999715089797974,5.545772410187055e-07,2.2949873945687926e-10,2.7994054107693955e-05,0.3956955671310425,,
/kaggle/input/datasets/tawsifurrahman/covid19-radiography-database/COVID-19_Radiography_Dataset/COVID/images/COVID-1418.png,COVID,Lung_Opacity,0.10790665447711945,0.8849486708641052,0.007143332157284021,1.4063417665965972e-06,0.23571044206619263,0.28345340490341187,0.2834533751010895
/kaggle/input/datasets/tawsifurrahman/covid19-radiography-database/COVID-19_Radiography_Dataset/COVID/images/COVID-1419.png,COVID,COVID,0.9993163347244263,0.0004880419000983238,1.7348031178698875e-05,0.0001782688923412934,0.3464469611644745,0.48677411675453186,0.4867713749408722
/kaggle/input/datasets/tawsifurrahman/covid19-radiography-database/COVID-19_Radiography_Dataset/COVID/images/COVID-1424.png,COVID,COVID,0.998658299446106,0.0013344574254006147,7.047163762763375e-06,2.4758605832175817e-07,0.2319837063550949,0.42330706119537354,0.42330676317214966
/kaggle/input/datasets/tawsifurrahman/covid19-radiography-database/COVID-19_Radiography_Dataset/COVID/images/COVID-1426.png,COVID,COVID,0.9701471328735352,0.01703166961669922,0.0029095627833157778,0.009911702014505863,0.28950235247612,,
/kaggle/input/datasets/tawsifurrahman/covid19-radiography-database/COVID-19_Radiography_Dataset/COVID/images/COVID-1437.png,COVID,COVID,0.9999772310256958,1.9935272575821728e-05,8.868764211911184e-07,1.950595333255478e-06,0.2011965960264206,0.2523467242717743,0.2523465156555176
/kaggle/input/datasets/tawsifurrahman/covid19-radiography-database/COVID-19_Radiography_Dataset/COVID/images/COVID-1438.png,COVID,COVID,0.9999709129333496,2.4763810870354064e-05,4.026082933705766e-06,2.8711590971397527e-07,0.3515293300151825,0.40587422251701355,0.4058740437030792
/kaggle/input/datasets/tawsifurrahman/covid19-radiography-database/COVID-19_Radiography_Dataset/COVID/images/COVID-1441.png,COVID,COVID,0.999998927116394,9.062513868229871e-07,6.336988178645697e-08,5.7846381906756505e-08,0.25225308537483215,,
/kaggle/input/datasets/tawsifurrahman/covid19-radiography-database/COVID-19_Radiography_Dataset/COVID/images/COVID-1448.png,COVID,COVID,0.8584104776382446,0.14149564504623413,9.259332728106529e-05,1.2101947959308745e-06,0.26630282402038574,0.3663924038410187,0.3663923144340515
/kaggle/input/datasets/tawsifurrahman/covid19-radiography-database/COVID-19_Radiography_Dataset/COVID/images/COVID-1450.png,COVID,COVID,0.9999816417694092,1.114547012548428e-05,2.7103856155008543e-06,4.4343300942273345e-06,0.1850922405719757,0.1757412850856781,0.17574086785316467
/kaggle/input/datasets/tawsifurrahman/covid19-radiography-database/COVID-19_Radiography_Dataset/COVID/images/COVID-147.png,COVID,COVID,0.9753672480583191,0.009549524635076523,0.005523728672415018,0.009559501893818378,0.36625367403030396,0.2522197961807251,0.2522183656692505
/kaggle/input/datasets/tawsifurrahman/covid19-radiography-database/COVID-19_Radiography_Dataset/COVID/images/COVID-1470.png,COVID,COVID,0.9999786615371704,2.0124602087889798e-05,1.1600229754549218e-06,6.848487288380056e-08,0.22718292474746704,0.3256073594093323,0.3256048262119293
/kaggle/input/datasets/tawsifurrahman/covid19-radiography-database/COVID-19_Radiography_Dataset/COVID/images/COVID-1477.png,COVID,COVID,0.9999681711196899,2.78888110187836e-05,3.3074893508455716e-06,6.363073339343828e-07,0.3710755407810211,0.39562371373176575,0.39562317728996277
/kaggle/input/datasets/tawsifurrahman/covid19-radiography-database/COVID-19_Radiography_Dataset/COVID/images/COVID-1482.png,COVID,COVID,0.9999996423721313,1.202747341721988e-07,1.164163765388082e-09,1.9367007553228177e-07,0.37655550241470337,,
/kaggle/input/datasets/tawsifurrahman/covid19-radiography-database/COVID-19_Radiography_Dataset/COVID/images/COVID-1485.png,COVID,COVID,0.9999924898147583,4.923670076095732e-06,2.353858917558682e-06,1.9957910524226463e-07,0.3660714030265808,,
/kaggle/input/datasets/tawsifurrahman/covid19-radiography-database/COVID-19_Radiography_Dataset/COVID/images/COVID-1486.png,COVID,COVID,0.5494723916053772,0.37244734168052673,0.07806237787008286,1.7849135474534705e-05,0.26056310534477234,0.4343003034591675,0.4343002438545227
/kaggle/input/datasets/tawsifurrahman/covid19-radiography-database/COVID-19_Radiography_Dataset/COVID/images/COVID-1490.png,COVID,COVID,0.999974250793457,2.1520165319088846e-05,2.990819325532357e-08,4.1974794839916285e-06,0.26170194149017334,,
/kaggle/input/datasets/tawsifurrahman/covid19-radiography-database/COVID-19_Radiography_Dataset/COVID/images/COVID-1510.png,COVID,COVID,0.9986048340797424,0.0013367664068937302,5.789520582766272e-05,5.174940156393859e-07,0.23597045242786407,0.3760180175304413,0.3760179281234741
/kaggle/input/datasets/tawsifurrahman/covid19-radiography-database/COVID-19_Radiography_Dataset/COVID/images/COVID-1518.png,COVID,Normal,0.0049797529354691505,0.3210628032684326,0.6718029975891113,0.0021543996408581734,0.20485900342464447,,
/kaggle/input/datasets/tawsifurrahman/covid19-radiography-database/COVID-19_Radiography_Dataset/COVID/images/COVID-1534.png,COVID,COVID,0.9979724287986755,0.0010423575295135379,0.0009762466070242226,9.007621883938555e-06,0.2207038402557373,0.40420001745224,0.4041996896266937
/kaggle/input/datasets/tawsifurrahman/covid19-radiography-database/COVID-19_Radiography_Dataset/COVID/images/COVID-1539.png,COVID,COVID,0.9998311996459961,3.839221244561486e-05,1.2668916724578594e-06,0.00012911239173263311,0.3904908001422882,,
/kaggle/input/datasets/tawsifurrahman/covid19-radiography-database/COVID-19_Radiography_Dataset/COVID/images/COVID-1544.png,COVID,COVID,0.9900984168052673,0.0022769938223063946,0.0040182918310165405,0.0036062938161194324,0.22803856432437897,,
/kaggle/input/datasets/tawsifurrahman/covid19-radiography-database/COVID-19_Radiography_Dataset/COVID/images/COVID-156.png,COVID,COVID,0.9889476299285889,0.010983948595821857,6.415436655515805e-05,4.308637926442316e-06,0.2948642075061798,0.36824116110801697,0.3682408034801483
/kaggle/input/datasets/tawsifurrahman/covid19-radiography-database/COVID-19_Radiography_Dataset/COVID/images/COVID-1560.png,COVID,COVID,0.9999939203262329,5.8867412917607e-06,1.2615109312719142e-07,7.398077173093043e-08,0.2773437798023224,0.37274032831192017,0.37274032831192017
/kaggle/input/datasets/tawsifurrahman/covid19-radiography-database/COVID-19_Radiography_Dataset/COVID/images/COVID-1561.png,COVID,COVID,0.9969086050987244,0.003048568032681942,2.0179080820525996e-05,2.268107346026227e-05,0.1656973659992218,,
/kaggle/input/datasets/tawsifurrahman/covid19-radiography-database/COVID-19_Radiography_Dataset/COVID/images/COVID-1569.png,COVID,COVID,0.999976634979248,1.9491690181894228e-05,8.353924840776017e-08,3.7878835428273305e-06,0.38343092799186707,,
/kaggle/input/datasets/tawsifurrahman/covid19-radiography-database/COVID-19_Radiography_Dataset/COVID/images/COVID-1570.png,COVID,COVID,0.9992382526397705,0.00020132737699896097,0.0005593241075985134,1.0559423344602692e-06,0.20812901854515076,0.3582027852535248,0.35820257663726807
/kaggle/input/datasets/tawsifurrahman/covid19-radiography-database/COVID-19_Radiography_Dataset/COVID/images/COVID-1573.png,COVID,COVID,0.9486050009727478,0.05026591569185257,0.0009005186147987843,0.00022860865283291787,0.18953341245651245,,
/kaggle/input/datasets/tawsifurrahman/covid19-radiography-database/COVID-19_Radiography_Dataset/COVID/images/COVID-1575.png,COVID,COVID,0.9999979734420776,1.886285986074654e-06,8.233703852056351e-08,2.8710698263267886e-09,0.3636402487754822,,
/kaggle/input/datasets/tawsifurrahman/covid19-radiography-database/COVID-19_Radiography_Dataset/COVID/images/COVID-1576.png,COVID,COVID,0.9917587637901306,0.00023179594427347183,0.008009076118469238,4.254490590938076e-07,0.24890455603599548,,
/kaggle/input/datasets/tawsifurrahman/covid19-radiography-database/COVID-19_Radiography_Dataset/COVID/images/COVID-1580.png,COVID,COVID,0.99996018409729,2.9942781111458316e-05,2.329428753000684e-06,7.493938028346747e-06,0.43220147490501404,,
/kaggle/input/datasets/tawsifurrahman/covid19-radiography-database/COVID-19_Radiography_Dataset/COVID/images/COVID-1586.png,COVID,COVID,0.9956580400466919,0.0035920438822358847,0.000735743495170027,1.4148230548016727e-05,0.17540448904037476,,
/kaggle/input/datasets/tawsifurrahman/covid19-radiography-database/COVID-19_Radiography_Dataset/COVID/images/COVID-159.png,COVID,COVID,0.41927972435951233,0.29551467299461365,0.28344792127609253,0.0017576940590515733,0.27519309520721436,,
/kaggle/input/datasets/tawsifurrahman/covid19-radiography-database/COVID-19_Radiography_Dataset/COVID/images/COVID-1591.png,COVID,COVID,0.9972088932991028,0.001658073510043323,0.0011324182851240039,6.182810921018245e-07,0.19626955687999725,,
/kaggle/input/datasets/tawsifurrahman/covid19-radiography-database/COVID-19_Radiography_Dataset/COVID/images/COVID-1604.png,COVID,COVID,0.9601893424987793,0.000825928000267595,0.03464685007929802,0.004337879363447428,0.4460506737232208,0.33198752999305725,0.33198708295822144
/kaggle/input/datasets/tawsifurrahman/covid19-radiography-database/COVID-19_Radiography_Dataset/COVID/images/COVID-1611.png,COVID,COVID,0.9833141565322876,0.014404230751097202,0.002051446819677949,0.0002301233762409538,0.15627379715442657,,
/kaggle/input/datasets/tawsifurrahman/covid19-radiography-database/COVID-19_Radiography_Dataset/COVID/images/COVID-1614.png,COVID,COVID,0.9999244213104248,4.136336065130308e-05,3.3029082260327414e-05,1.2475057928895694e-06,0.3440128564834595,,
/kaggle/input/datasets/tawsifurrahman/covid19-radiography-database/COVID-19_Radiography_Dataset/COVID/images/COVID-1618.png,COVID,COVID,0.9999815225601196,1.5028766028990503e-05,3.0797627914580517e-06,3.1691101298747526e-07,0.2851778566837311,0.3885665833950043,0.38856637477874756
/kaggle/input/datasets/tawsifurrahman/covid19-radiography-database/COVID-19_Radiography_Dataset/COVID/images/COVID-1619.png,COVID,COVID,0.9988654851913452,0.0010257427347823977,0.00010869582183659077,1.0927020355211425e-07,0.22201907634735107,,
/kaggle/input/datasets/tawsifurrahman/covid19-radiography-database/COVID-19_Radiography_Dataset/COVID/images/COVID-1631.png,COVID,COVID,0.9991784691810608,0.00049836456310004,0.0003006572078447789,2.246453004772775e-05,0.16007772088050842,,
/kaggle/input/datasets/tawsifurrahman/covid19-radiography-database/COVID-19_Radiography_Dataset/COVID/images/COVID-1636.png,COVID,COVID,0.999705970287323,0.00021434515656437725,6.011678487993777e-05,1.9586985217756592e-05,0.3616276979446411,,
/kaggle/input/datasets/tawsifurrahman/covid19-radiography-database/COVID-19_Radiography_Dataset/COVID/images/COVID-1637.png,COVID,COVID,0.9912201762199402,0.0032551989424973726,0.005518680904060602,6.008565378579078e-06,0.2541458010673523,,
/kaggle/input/datasets/tawsifurrahman/covid19-radiography-database/COVID-19_Radiography_Dataset/COVID/images/COVID-1640.png,COVID,COVID,1.0,4.6691241095686564e-08,4.980263423881581e-10,4.776921080917873e-09,0.26030513644218445,,
/kaggle/input/datasets/tawsifurrahman/covid19-radiography-database/COVID-19_Radiography_Dataset/COVID/images/COVID-1643.png,COVID,COVID,0.9997914433479309,0.0001517736673122272,5.445629722089507e-05,2.312473952770233e-06,0.1180248111486435,,
/kaggle/input/datasets/tawsifurrahman/covid19-radiography-database/COVID-19_Radiography_Dataset/COVID/images/COVID-1658.png,COVID,COVID,0.9999977350234985,4.7090289001516794e-08,4.237592499123366e-09,2.169669187424006e-06,0.2948026657104492,,
/kaggle/input/datasets/tawsifurrahman/covid19-radiography-database/COVID-19_Radiography_Dataset/COVID/images/COVID-1664.png,COVID,COVID,0.999458372592926,6.392348586814478e-05,0.00047246358008123934,5.272862836136483e-06,0.30427661538124084,,
/kaggle/input/datasets/tawsifurrahman/covid19-radiography-database/COVID-19_Radiography_Dataset/COVID/images/COVID-1665.png,COVID,COVID,0.9905869364738464,0.007512873504310846,0.0018626435194164515,3.7657064240192994e-05,0.2146671712398529,0.38621386885643005,0.38621366024017334
/kaggle/input/datasets/tawsifurrahman/covid19-radiography-database/COVID-19_Radiography_Dataset/COVID/images/COVID-1671.png,COVID,COVID,0.9119961261749268,0.07381220161914825,0.012010030448436737,0.0021816538646817207,0.20173096656799316,,
/kaggle/input/datasets/tawsifurrahman/covid19-radiography-database/COVID-19_Radiography_Dataset/COVID/images/COVID-1681.png,COVID,COVID,0.9997193217277527,0.00027180369943380356,3.0673729725094745e-06,5.815790700580692e-06,0.18967805802822113,,
/kaggle/input/datasets/tawsifurrahman/covid19-radiography-database/COVID-19_Radiography_Dataset/COVID/images/COVID-1683.png,COVID,COVID,0.9983365535736084,0.00012898087152279913,0.0009425186435692012,0.0005919273244217038,0.21464449167251587,,
/kaggle/input/datasets/tawsifurrahman/covid19-radiography-database/COVID-19_Radiography_Dataset/COVID/images/COVID-1685.png,COVID,COVID,0.9188434481620789,0.04671621695160866,0.034401845186948776,3.839390046778135e-05,0.16695281863212585,0.20024077594280243,0.20024053752422333
/kaggle/input/datasets/tawsifurrahman/covid19-radiography-database/COVID-19_Radiography_Dataset/COVID/images/COVID-1692.png,COVID,COVID,0.9673272967338562,0.0290761087089777,0.003568109590560198,2.8512336939456873e-05,0.3258334696292877,,
/kaggle/input/datasets/tawsifurrahman/covid19-radiography-database/COVID-19_Radiography_Dataset/COVID/images/COVID-1704.png,COVID,COVID,0.9999744892120361,2.4695269530639052e-05,9.176915227726568e-08,6.912451340213011e-07,0.3108469843864441,,
/kaggle/input/datasets/tawsifurrahman/covid19-radiography-database/COVID-19_Radiography_Dataset/COVID/images/COVID-1710.png,COVID,COVID,0.8917795419692993,0.05266284570097923,0.04559580609202385,0.009961830452084541,0.31088775396347046,,
/kaggle/input/datasets/tawsifurrahman/covid19-radiography-database/COVID-19_Radiography_Dataset/COVID/images/COVID-1716.png,COVID,COVID,0.9995362758636475,0.00046068266965448856,1.9418321244302206e-06,1.1847741916426457e-06,0.19664974510669708,,
/kaggle/input/datasets/tawsifurrahman/covid19-radiography-database/COVID-19_Radiography_Dataset/COVID/images/COVID-1732.png,COVID,COVID,0.9999837875366211,1.5475787222385406e-05,3.9670791807111527e-07,3.3121980891337444e-07,0.17107892036437988,,
/kaggle/input/datasets/tawsifurrahman/covid19-radiography-database/COVID-19_Radiography_Dataset/COVID/images/COVID-1744.png,COVID,COVID,0.9990476965904236,0.00023845008399803191,5.397396307671443e-06,0.0007084709941409528,0.21267376840114594,,
/kaggle/input/datasets/tawsifurrahman/covid19-radiography-database/COVID-19_Radiography_Dataset/COVID/images/COVID-1749.png,COVID,Normal,0.28810250759124756,0.22997169196605682,0.48191240429878235,1.3372744433581829e-05,0.21145670115947723,0.3863292932510376,0.38632920384407043
/kaggle/input/datasets/tawsifurrahman/covid19-radiography-database/COVID-19_Radiography_Dataset/COVID/images/COVID-1750.png,COVID,COVID,0.9997493624687195,0.00013048430264461786,8.030560275074095e-05,3.980901965405792e-05,0.16956551373004913,,
/kaggle/input/datasets/tawsifurrahman/covid19-radiography-database/COVID-19_Radiography_Dataset/COVID/images/COVID-1752.png,COVID,COVID,0.9999908208847046,7.381091563729569e-06,9.005836432152137e-07,7.996934527909616e-07,0.18843810260295868,0.24704648554325104,0.24704621732234955
/kaggle/input/datasets/tawsifurrahman/covid19-radiography-database/COVID-19_Radiography_Dataset/COVID/images/COVID-1760.png,COVID,COVID,0.9926099181175232,0.00696359109133482,0.0003853658272419125,4.103651372133754e-05,0.17831256985664368,,
/kaggle/input/datasets/tawsifurrahman/covid19-radiography-database/COVID-19_Radiography_Dataset/COVID/images/COVID-1764.png,COVID,COVID,0.9999598264694214,3.23622407449875e-05,7.77766945248004e-06,1.861774556743967e-08,0.3023848235607147,,
/kaggle/input/datasets/tawsifurrahman/covid19-radiography-database/COVID-19_Radiography_Dataset/COVID/images/COVID-1766.png,COVID,COVID,0.9999991655349731,8.356922194252547e-07,2.193843329223455e-08,4.1975319220455276e-08,0.19427701830863953,,
/kaggle/input/datasets/tawsifurrahman/covid19-radiography-database/COVID-19_Radiography_Dataset/COVID/images/COVID-1767.png,COVID,COVID,0.996464729309082,0.003201632760465145,0.0003314903296995908,2.0372026483528316e-06,0.18048487603664398,,
/kaggle/input/datasets/tawsifurrahman/covid19-radiography-database/COVID-19_Radiography_Dataset/COVID/images/COVID-1768.png,COVID,COVID,0.9999994039535522,5.024654683438712e-07,4.627337446549973e-08,3.676997195611875e-08,0.16169105470180511,0.21739381551742554,0.217393696308136
/kaggle/input/datasets/tawsifurrahman/covid19-radiography-database/COVID-19_Radiography_Dataset/COVID/images/COVID-1782.png,COVID,COVID,0.9999872446060181,1.1684362107189372e-05,5.930430688749766e-07,4.6586234248024994e-07,0.20438089966773987,0.17891773581504822,0.17891767621040344
/kaggle/input/datasets/tawsifurrahman/covid19-radiography-database/COVID-19_Radiography_Dataset/COVID/images/COVID-1784.png,COVID,COVID,0.9999997615814209,2.6618187121130177e-07,2.178275337882951e-08,1.8230493781246082e-09,0.30803734064102173,,
/kaggle/input/datasets/tawsifurrahman/covid19-radiography-database/COVID-19_Radiography_Dataset/COVID/images/COVID-1791.png,COVID,COVID,0.9626885652542114,0.017574939876794815,0.019727161154150963,9.388962098455522e-06,0.18554742634296417,,
/kaggle/input/datasets/tawsifurrahman/covid19-radiography-database/COVID-19_Radiography_Dataset/COVID/images/COVID-1793.png,COVID,COVID,0.9251893758773804,0.027947986498475075,0.04630289226770401,0.0005597115959972143,0.15286247432231903,,
/kaggle/input/datasets/tawsifurrahman/covid19-radiography-database/COVID-19_Radiography_Dataset/COVID/images/COVID-1795.png,COVID,COVID,0.9998550415039062,3.265527993789874e-05,1.199901362269884e-06,0.0001111160236177966,0.14883679151535034,,
/kaggle/input/datasets/tawsifurrahman/covid19-radiography-database/COVID-19_Radiography_Dataset/COVID/images/COVID-1808.png,COVID,COVID,0.99960857629776,0.00022971213911660016,0.00016084495291579515,8.839602401167213e-07,0.22489070892333984,0.2813877463340759,0.2813872992992401
/kaggle/input/datasets/tawsifurrahman/covid19-radiography-database/COVID-19_Radiography_Dataset/COVID/images/COVID-1825.png,COVID,COVID,0.9242658019065857,0.07557699084281921,3.896917405654676e-05,0.00011818618804682046,0.22463002800941467,,
/kaggle/input/datasets/tawsifurrahman/covid19-radiography-database/COVID-19_Radiography_Dataset/COVID/images/COVID-1826.png,COVID,COVID,0.9908947944641113,0.006500274408608675,0.002520370064303279,8.449616143479943e-05,0.20629462599754333,,
/kaggle/input/datasets/tawsifurrahman/covid19-radiography-database/COVID-19_Radiography_Dataset/COVID/images/COVID-1830.png,COVID,COVID,0.995765209197998,0.0014153384836390615,0.002774850931018591,4.458508556126617e-05,0.30000442266464233,0.4327971041202545,0.4327968657016754
/kaggle/input/datasets/tawsifurrahman/covid19-radiography-database/COVID-19_Radiography_Dataset/COVID/images/COVID-1834.png,COVID,COVID,0.9930144548416138,0.003365627257153392,0.003571481676772237,4.831988553632982e-05,0.30004435777664185,,
/kaggle/input/datasets/tawsifurrahman/covid19-radiography-database/COVID-19_Radiography_Dataset/COVID/images/COVID-1839.png,COVID,COVID,0.9989659786224365,0.001019356306642294,1.3852782103640493e-06,1.3212954399932642e-05,0.3689427077770233,,
/kaggle/input/datasets/tawsifurrahman/covid19-radiography-database/COVID-19_Radiography_Dataset/COVID/images/COVID-1858.png,COVID,COVID,0.9400378465652466,0.0017731409752741456,0.05814303085207939,4.610639371094294e-05,0.26287585496902466,,
/kaggle/input/datasets/tawsifurrahman/covid19-radiography-database/COVID-19_Radiography_Dataset/COVID/images/COVID-1859.png,COVID,COVID,0.9985570311546326,0.0014309862162917852,3.6613507745641982e-06,8.261256880359724e-06,0.2241324633359909,,
/kaggle/input/datasets/tawsifurrahman/covid19-radiography-database/COVID-19_Radiography_Dataset/COVID/images/COVID-186.png,COVID,COVID,0.9806423783302307,0.0032676933333277702,0.01608574576675892,4.123829057789408e-06,0.3097914457321167,,
/kaggle/input/datasets/tawsifurrahman/covid19-radiography-database/COVID-19_Radiography_Dataset/COVID/images/COVID-1860.png,COVID,COVID,0.9755271673202515,0.0008894333150237799,0.023578159511089325,5.193700872041518e-06,0.2764481008052826,,
/kaggle/input/datasets/tawsifurrahman/covid19-radiography-database/COVID-19_Radiography_Dataset/COVID/images/COVID-1873.png,COVID,COVID,0.9998655319213867,0.00012109823001082987,7.840953003324103e-06,5.544437044591177e-06,0.23134639859199524,,
/kaggle/input/datasets/tawsifurrahman/covid19-radiography-database/COVID-19_Radiography_Dataset/COVID/images/COVID-1892.png,COVID,COVID,0.9977102279663086,0.0016876982990652323,0.0005740119377151132,2.8124426535214297e-05,0.23003050684928894,0.31519269943237305,0.3151926100254059
/kaggle/input/datasets/tawsifurrahman/covid19-radiography-database/COVID-19_Radiography_Dataset/COVID/images/COVID-1906.png,COVID,COVID,0.8631483316421509,0.08558967709541321,0.051058921962976456,0.00020312509150244296,0.23816226422786713,0.3546254336833954,0.35462507605552673
/kaggle/input/datasets/tawsifurrahman/covid19-radiography-database/COVID-19_Radiography_Dataset/COVID/images/COVID-1916.png,COVID,COVID,0.9841504096984863,0.01322352234274149,0.002553786151111126,7.225380250019953e-05,0.14815863966941833,,
/kaggle/input/datasets/tawsifurrahman/covid19-radiography-database/COVID-19_Radiography_Dataset/COVID/images/COVID-1917.png,COVID,COVID,0.9966123700141907,0.003276637988165021,0.00010540286893956363,5.583196525549283e-06,0.2077886462211609,,
/kaggle/input/datasets/tawsifurrahman/covid19-radiography-database/COVID-19_Radiography_Dataset/COVID/images/COVID-1918.png,COVID,COVID,0.5680177807807922,0.33542701601982117,0.09618660062551498,0.00036864582216367126,0.2782008945941925,,
/kaggle/input/datasets/tawsifurrahman/covid19-radiography-database/COVID-19_Radiography_Dataset/COVID/images/COVID-1922.png,COVID,COVID,0.8625087141990662,0.11467357724905014,0.021978065371513367,0.000839676707983017,0.2555410861968994,0.49104082584381104,0.4910401999950409
/kaggle/input/datasets/tawsifurrahman/covid19-radiography-database/COVID-19_Radiography_Dataset/COVID/images/COVID-1926.png,COVID,COVID,0.994485080242157,0.0014637100975960493,0.0040476624853909016,3.505501126710442e-06,0.2920539975166321,0.23234356939792633,0.232341468334198
/kaggle/input/datasets/tawsifurrahman/covid19-radiography-database/COVID-19_Radiography_Dataset/COVID/images/COVID-1927.png,COVID,COVID,0.8525550365447998,0.04087357223033905,0.10648293048143387,8.849178993841633e-05,0.25707563757896423,0.35140261054039,0.35140225291252136
/kaggle/input/datasets/tawsifurrahman/covid19-radiography-database/COVID-19_Radiography_Dataset/COVID/images/COVID-1930.png,COVID,COVID,0.9965726137161255,0.00208728457801044,0.001335388282313943,4.705299943452701e-06,0.2532293200492859,,
/kaggle/input/datasets/tawsifurrahman/covid19-radiography-database/COVID-19_Radiography_Dataset/COVID/images/COVID-1933.png,COVID,Normal,0.012291230261325836,0.0002910391194745898,0.9874176979064941,2.6313358603147208e-08,0.28657135367393494,,
/kaggle/input/datasets/tawsifurrahman/covid19-radiography-database/COVID-19_Radiography_Dataset/COVID/images/COVID-194.png,COVID,COVID,0.9999793767929077,2.0231744201737456e-05,4.040578005515272e-07,5.092649146831718e-08,0.17797403037548065,0.3347022235393524,0.3347022235393524
/kaggle/input/datasets/tawsifurrahman/covid19-radiography-database/COVID-19_Radiography_Dataset/COVID/images/COVID-1943.png,COVID,COVID,0.494500070810318,0.35628512501716614,0.14906011521816254,0.00015467537741642445,0.15884138643741608,,
/kaggle/input/datasets/tawsifurrahman/covid19-radiography-database/COVID-19_Radiography_Dataset/COVID/images/COVID-1952.png,COVID,COVID,0.9999971389770508,2.3394331947201863e-06,4.6142412202243577e-07,4.690980759392005e-08,0.19072897732257843,,
/kaggle/input/datasets/tawsifurrahman/covid19-radiography-database/COVID-19_Radiography_Dataset/COVID/images/COVID-1953.png,COVID,COVID,0.983730137348175,0.0022845386993139982,0.013919505290687084,6.592280988115817e-05,0.18927431106567383,,
/kaggle/input/datasets/tawsifurrahman/covid19-radiography-database/COVID-19_Radiography_Dataset/COVID/images/COVID-1955.png,COVID,COVID,0.9939082860946655,0.005505910608917475,0.0005270666442811489,5.873422196600586e-05,0.15646952390670776,,
/kaggle/input/datasets/tawsifurrahman/covid19-radiography-database/COVID-19_Radiography_Dataset/COVID/images/COVID-1958.png,COVID,COVID,0.9410539865493774,0.009083840996026993,0.04980485141277313,5.728404357796535e-05,0.18863710761070251,,
/kaggle/input/datasets/tawsifurrahman/covid19-radiography-database/COVID-19_Radiography_Dataset/COVID/images/COVID-1968.png,COVID,Lung_Opacity,0.4507598280906677,0.5436474680900574,0.0055332910269498825,5.942668212810531e-05,0.16928450763225555,,
/kaggle/input/datasets/tawsifurrahman/covid19-radiography-database/COVID-19_Radiography_Dataset/COVID/images/COVID-1969.png,COVID,COVID,0.9900040030479431,0.005877836607396603,0.004109644331037998,8.497880116919987e-06,0.28748902678489685,,
/kaggle/input/datasets/tawsifurrahman/covid19-radiography-database/COVID-19_Radiography_Dataset/COVID/images/COVID-1970.png,COVID,COVID,0.988121509552002,0.0036039138212800026,0.0013176898937672377,0.006956908851861954,0.2490641474723816,,
/kaggle/input/datasets/tawsifurrahman/covid19-radiography-database/COVID-19_Radiography_Dataset/COVID/images/COVID-1972.png,COVID,COVID,0.7685777544975281,0.18949173390865326,0.03864263370633125,0.003287872765213251,0.24711233377456665,0.3037432134151459,0.30374258756637573
/kaggle/input/datasets/tawsifurrahman/covid19-radiography-database/COVID-19_Radiography_Dataset/COVID/images/COVID-1973.png,COVID,Normal,0.21354006230831146,0.16251765191555023,0.6175047159194946,0.006437480449676514,0.2791789174079895,,
/kaggle/input/datasets/tawsifurrahman/covid19-radiography-database/COVID-19_Radiography_Dataset/COVID/images/COVID-1982.png,COVID,COVID,0.9636914134025574,0.00029612783691845834,0.03601178526878357,6.984821538935648e-07,0.28611335158348083,,
/kaggle/input/datasets/tawsifurrahman/covid19-radiography-database/COVID-19_Radiography_Dataset/COVID/images/COVID-1985.png,COVID,COVID,0.9594374299049377,0.03501778095960617,0.0018196844030171633,0.0037250681780278683,0.2575138807296753,,
/kaggle/input/datasets/tawsifurrahman/covid19-radiography-database/COVID-19_Radiography_Dataset/COVID/images/COVID-2004.png,COVID,COVID,0.9989922642707825,0.0008495929068885744,0.0001454531739000231,1.27103567137965e-05,0.2355322539806366,,
/kaggle/input/datasets/tawsifurrahman/covid19-radiography-database/COVID-19_Radiography_Dataset/COVID/images/COVID-2005.png,COVID,COVID,0.9999628067016602,3.294471753179096e-05,3.8291746022878215e-06,3.8284423453660565e-07,0.21733829379081726,0.33788934350013733,0.33788836002349854
/kaggle/input/datasets/tawsifurrahman/covid19-radiography-database/COVID-19_Radiography_Dataset/COVID/images/COVID-2014.png,COVID,COVID,0.9914575219154358,0.00836479663848877,7.472223660442978e-05,0.0001029616323648952,0.14911827445030212,0.37054651975631714,0.3705458641052246
/kaggle/input/datasets/tawsifurrahman/covid19-radiography-database/COVID-19_Radiography_Dataset/COVID/images/COVID-2015.png,COVID,COVID,0.9717876315116882,0.027338122949004173,0.0008246270590461791,4.959435318596661e-05,0.2129708081483841,,
/kaggle/input/datasets/tawsifurrahman/covid19-radiography-database/COVID-19_Radiography_Dataset/COVID/images/COVID-2020.png,COVID,COVID,0.9999977350234985,2.0238012439222075e-06,4.614409121472818e-08,2.761346422630595e-07,0.23330001533031464,,
/kaggle/input/datasets/tawsifurrahman/covid19-radiography-database/COVID-19_Radiography_Dataset/COVID/images/COVID-2023.png,COVID,COVID,0.946198582649231,0.034649524837732315,0.019149860367178917,1.942008339028689e-06,0.18807825446128845,0.34820231795310974,0.3482019603252411
/kaggle/input/datasets/tawsifurrahman/covid19-radiography-database/COVID-19_Radiography_Dataset/COVID/images/COVID-2024.png,COVID,COVID,0.9998365640640259,7.747993367956951e-05,5.21953625138849e-05,3.369285332155414e-05,0.1916455626487732,0.20965276658535004,0.20965272188186646
/kaggle/input/datasets/tawsifurrahman/covid19-radiography-database/COVID-19_Radiography_Dataset/COVID/images/COVID-2029.png,COVID,COVID,0.9785795211791992,0.0027310308068990707,0.018685704097151756,3.6957023894501617e-06,0.18020585179328918,,
/kaggle/input/datasets/tawsifurrahman/covid19-radiography-database/COVID-19_Radiography_Dataset/COVID/images/COVID-2033.png,COVID,Normal,0.3989450931549072,0.0111255357041955,0.5898292660713196,0.0001001268537947908,0.3188180923461914,,
/kaggle/input/datasets/tawsifurrahman/covid19-radiography-database/COVID-19_Radiography_Dataset/COVID/images/COVID-2040.png,COVID,COVID,0.9982101917266846,0.001107138697989285,0.0001739997969707474,0.0005086501478217542,0.26147982478141785,0.3394685387611389,0.3394683599472046
/kaggle/input/datasets/tawsifurrahman/covid19-radiography-database/COVID-19_Radiography_Dataset/COVID/images/COVID-2042.png,COVID,COVID,0.9029864072799683,0.02003566175699234,0.07679712772369385,0.00018081534653902054,0.271786093711853,,
/kaggle/input/datasets/tawsifurrahman/covid19-radiography-database/COVID-19_Radiography_Dataset/COVID/images/COVID-205.png,COVID,COVID,0.9999082088470459,3.2515559723833576e-05,8.16423437299818e-07,5.837414937559515e-05,0.2515591084957123,,
/kaggle/input/datasets/tawsifurrahman/covid19-radiography-database/COVID-19_Radiography_Dataset/COVID/images/COVID-2060.png,COVID,COVID,0.9667259454727173,0.032069988548755646,0.00025475493748672307,0.0009492880199104548,0.1572679728269577,,
/kaggle/input/datasets/tawsifurrahman/covid19-radiography-database/COVID-19_Radiography_Dataset/COVID/images/COVID-2063.png,COVID,COVID,0.999415397644043,0.00047741635353304446,0.00010705260501708835,5.808507097526672e-08,0.15744680166244507,0.319942831993103,0.3199421763420105
/kaggle/input/datasets/tawsifurrahman/covid19-radiography-database/COVID-19_Radiography_Dataset/COVID/images/COVID-2064.png,COVID,COVID,0.9986332058906555,0.0013609649613499641,2.8748770546371816e-06,2.9779489523207303e-06,0.10507266968488693,,
/kaggle/input/datasets/tawsifurrahman/covid19-radiography-database/COVID-19_Radiography_Dataset/COVID/images/COVID-2070.png,COVID,Normal,0.06541545689105988,0.0425724983215332,0.8919999003410339,1.2046051779179834e-05,0.17398792505264282,,
/kaggle/input/datasets/tawsifurrahman/covid19-radiography-database/COVID-19_Radiography_Dataset/COVID/images/COVID-2076.png,COVID,COVID,0.999879002571106,1.801531107048504e-05,0.0001027999387588352,2.3342884958310606e-07,0.20844639837741852,,
/kaggle/input/datasets/tawsifurrahman/covid19-radiography-database/COVID-19_Radiography_Dataset/COVID/images/COVID-2087.png,COVID,COVID,0.9688422083854675,0.011011891067028046,0.01519846636801958,0.004947493318468332,0.2498829960823059,,
/kaggle/input/datasets/tawsifurrahman/covid19-radiography-database/COVID-19_Radiography_Dataset/COVID/images/COVID-209.png,COVID,COVID,0.7953951358795166,0.20287008583545685,0.0011794125894084573,0.0005552776856347919,0.16960370540618896,,
/kaggle/input/datasets/tawsifurrahman/covid19-radiography-database/COVID-19_Radiography_Dataset/COVID/images/COVID-2095.png,COVID,COVID,0.9791669845581055,0.009099189192056656,0.011720893904566765,1.2863732990808785e-05,0.235093355178833,,
/kaggle/input/datasets/tawsifurrahman/covid19-radiography-database/COVID-19_Radiography_Dataset/COVID/images/COVID-2096.png,COVID,COVID,0.9982098340988159,0.0012886355398222804,0.0004940735525451601,7.421485861414112e-06,0.2683959901332855,,
/kaggle/input/datasets/tawsifurrahman/covid19-radiography-database/COVID-19_Radiography_Dataset/COVID/images/COVID-2114.png,COVID,COVID,0.9999959468841553,3.6188184822094627e-06,3.096953093972843e-07,6.345582193034716e-08,0.21885816752910614,0.40495797991752625,0.4049576222896576
/kaggle/input/datasets/tawsifurrahman/covid19-radiography-database/COVID-19_Radiography_Dataset/COVID/images/COVID-2117.png,COVID,COVID,0.8781707286834717,0.018359314650297165,0.10344606637954712,2.3857939595473e-05,0.2200259119272232,,
/kaggle/input/datasets/tawsifurrahman/covid19-radiography-database/COVID-19_Radiography_Dataset/COVID/images/COVID-2123.png,COVID,COVID,0.9264689087867737,0.04275215417146683,0.030773745849728584,5.278937805996975e-06,0.22528766095638275,,
/kaggle/input/datasets/tawsifurrahman/covid19-radiography-database/COVID-19_Radiography_Dataset/COVID/images/COVID-2125.png,COVID,COVID,0.9997691512107849,9.643869270803407e-05,4.434557195054367e-05,9.011665679281577e-05,0.2473299354314804,0.3956393897533417,0.3956392705440521
/kaggle/input/datasets/tawsifurrahman/covid19-radiography-database/COVID-19_Radiography_Dataset/COVID/images/COVID-2129.png,COVID,COVID,0.9992275238037109,0.0007052230648696423,4.825312498724088e-05,1.9003522538696416e-05,0.224051371216774,0.25644153356552124,0.25644153356552124
/kaggle/input/datasets/tawsifurrahman/covid19-radiography-database/COVID-19_Radiography_Dataset/COVID/images/COVID-2147.png,COVID,COVID,0.9984015822410583,0.0015696876216679811,2.34058934438508e-05,5.25572750120773e-06,0.20582349598407745,,
/kaggle/input/datasets/tawsifurrahman/covid19-radiography-database/COVID-19_Radiography_Dataset/COVID/images/COVID-2150.png,COVID,COVID,0.9998999834060669,7.692380313528702e-05,2.2945665477891453e-05,1.3567617429544043e-07,0.15852272510528564,,
/kaggle/input/datasets/tawsifurrahman/covid19-radiography-database/COVID-19_Radiography_Dataset/COVID/images/COVID-2160.png,COVID,Normal,0.011373805813491344,0.0061457278206944466,0.9824733734130859,7.18419596523745e-06,0.15019147098064423,,
/kaggle/input/datasets/tawsifurrahman/covid19-radiography-database/COVID-19_Radiography_Dataset/COVID/images/COVID-2163.png,COVID,COVID,0.9998445510864258,1.3279412087285891e-05,0.00010873442079173401,3.3447344321757555e-05,0.20559677481651306,,
/kaggle/input/datasets/tawsifurrahman/covid19-radiography-database/COVID-19_Radiography_Dataset/COVID/images/COVID-2165.png,COVID,COVID,0.9857730269432068,0.004756419453769922,0.009470217861235142,3.966034114455397e-07,0.2276189625263214,,
/kaggle/input/datasets/tawsifurrahman/covid19-radiography-database/COVID-19_Radiography_Dataset/COVID/images/COVID-218.png,COVID,COVID,0.9997314810752869,0.000239830173086375,2.391162524872925e-06,2.625037814141251e-05,0.14672715961933136,,
/kaggle/input/datasets/tawsifurrahman/covid19-radiography-database/COVID-19_Radiography_Dataset/COVID/images/COVID-2197.png,COVID,COVID,0.999937891960144,1.4483187442237977e-05,4.313720637583174e-05,4.411746886034962e-06,0.23987647891044617,,
/kaggle/input/datasets/tawsifurrahman/covid19-radiography-database/COVID-19_Radiography_Dataset/COVID/images/COVID-220.png,COVID,COVID,0.9994220733642578,0.00026754284044727683,0.0003086358483415097,1.6770384263509186e-06,0.3411421775817871,0.4952504634857178,0.4952503442764282
/kaggle/input/datasets/tawsifurrahman/covid19-radiography-database/COVID-19_Radiography_Dataset/COVID/images/COVID-2206.png,COVID,COVID,0.9999960660934448,1.0993421710736584e-06,2.1896833004575456e-06,7.302386961782759e-07,0.23491324484348297,,
/kaggle/input/datasets/tawsifurrahman/covid19-radiography-database/COVID-19_Radiography_Dataset/COVID/images/COVID-2211.png,COVID,COVID,0.9138307571411133,0.0836268961429596,0.0024014580994844437,0.00014093061327002943,0.29302871227264404,,
/kaggle/input/datasets/tawsifurrahman/covid19-radiography-database/COVID-19_Radiography_Dataset/COVID/images/COVID-2220.png,COVID,COVID,0.9997461438179016,0.0002465395082253963,2.741908701864304e-06,4.619332230504369e-06,0.18164099752902985,,
/kaggle/input/datasets/tawsifurrahman/covid19-radiography-database/COVID-19_Radiography_Dataset/COVID/images/COVID-2225.png,COVID,COVID,0.9971436858177185,0.0023502816911786795,0.0004324688925407827,7.35819194233045e-05,0.1972060203552246,,
/kaggle/input/datasets/tawsifurrahman/covid19-radiography-database/COVID-19_Radiography_Dataset/COVID/images/COVID-2229.png,COVID,COVID,0.9259794354438782,0.04464206099510193,0.029374511912465096,3.9549254324811045e-06,0.2502822279930115,0.39360740780830383,0.39360716938972473
/kaggle/input/datasets/tawsifurrahman/covid19-radiography-database/COVID-19_Radiography_Dataset/COVID/images/COVID-2232.png,COVID,COVID,0.9987834095954895,0.0012058725114911795,9.078527000383474e-06,1.7161349887828692e-06,0.18556760251522064,0.3462279438972473,0.3462265431880951
/kaggle/input/datasets/tawsifurrahman/covid19-radiography-database/COVID-19_Radiography_Dataset/COVID/images/COVID-2233.png,COVID,COVID,0.9978944659233093,0.0006781265255995095,0.0014274362474679947,5.137924308229458e-09,0.3040701150894165,0.37406906485557556,0.3740690052509308
/kaggle/input/datasets/tawsifurrahman/covid19-radiography-database/COVID-19_Radiography_Dataset/COVID/images/COVID-225.png,COVID,COVID,0.9999217987060547,7.390968676190823e-05,4.2693909563240595e-06,1.034028418445132e-08,0.14937429130077362,,
/kaggle/input/datasets/tawsifurrahman/covid19-radiography-database/COVID-19_Radiography_Dataset/COVID/images/COVID-2255.png,COVID,COVID,0.9307966232299805,0.0009097976726479828,0.06829193234443665,1.5776722648297437e-06,0.23240256309509277,,
/kaggle/input/datasets/tawsifurrahman/covid19-radiography-database/COVID-19_Radiography_Dataset/COVID/images/COVID-2267.png,COVID,COVID,0.9999978542327881,1.5353614344348898e-06,6.136168053672009e-07,4.828993027672368e-08,0.16354498267173767,,
/kaggle/input/datasets/tawsifurrahman/covid19-radiography-database/COVID-19_Radiography_Dataset/COVID/images/COVID-2284.png,COVID,COVID,0.9952694773674011,0.00019563852401915938,0.0044732061214745045,6.173894507810473e-05,0.2669109106063843,,
/kaggle/input/datasets/tawsifurrahman/covid19-radiography-database/COVID-19_Radiography_Dataset/COVID/images/COVID-2293.png,COVID,COVID,0.9984790682792664,0.0002299018087796867,0.0012891306541860104,1.956947016878985e-06,0.2685164213180542,,
/kaggle/input/datasets/tawsifurrahman/covid19-radiography-database/COVID-19_Radiography_Dataset/COVID/images/COVID-2294.png,COVID,COVID,0.9360826015472412,0.017306705936789513,0.04651382192969322,9.683645475888625e-05,0.2407129853963852,,
/kaggle/input/datasets/tawsifurrahman/covid19-radiography-database/COVID-19_Radiography_Dataset/COVID/images/COVID-2295.png,COVID,Normal,0.03666624426841736,0.008516292087733746,0.9547550678253174,6.234746979316697e-05,0.24035467207431793,0.467632532119751,0.46763238310813904
/kaggle/input/datasets/tawsifurrahman/covid19-radiography-database/COVID-19_Radiography_Dataset/COVID/images/COVID-2298.png,COVID,COVID,0.9994961023330688,0.00029324027127586305,0.0002097307296935469,9.438206802769855e-07,0.179849311709404,,
/kaggle/input/datasets/tawsifurrahman/covid19-radiography-database/COVID-19_Radiography_Dataset/COVID/images/COVID-2310.png,COVID,COVID,0.999923586845398,2.090089037665166e-05,4.704880484496243e-05,8.384593456867151e-06,0.2874290347099304,0.32822462916374207,0.3282245695590973
/kaggle/input/datasets/tawsifurrahman/covid19-radiography-database/COVID-19_Radiography_Dataset/COVID/images/COVID-2334.png,COVID,COVID,0.8032964468002319,0.19096633791923523,0.004412748850882053,0.0013244940200820565,0.20984216034412384,,
/kaggle/input/datasets/tawsifurrahman/covid19-radiography-database/COVID-19_Radiography_Dataset/COVID/images/COVID-2335.png,COVID,COVID,0.9920171499252319,0.0001244353479705751,0.007851752452552319,6.736303021170897e-06,0.2744741439819336,0.40487995743751526,0.40487948060035706
/kaggle/input/datasets/tawsifurrahman/covid19-radiography-database/COVID-19_Radiography_Dataset/COVID/images/COVID-2339.png,COVID,Normal,0.2371988743543625,0.006544242147356272,0.7562471032142639,9.792197488422971e-06,0.26548606157302856,,
/kaggle/input/datasets/tawsifurrahman/covid19-radiography-database/COVID-19_Radiography_Dataset/COVID/images/COVID-2342.png,COVID,COVID,0.9932847023010254,0.006673553492873907,4.1592786146793514e-05,2.0727439675738424e-07,0.2410738617181778,,
/kaggle/input/datasets/tawsifurrahman/covid19-radiography-database/COVID-19_Radiography_Dataset/COVID/images/COVID-2344.png,COVID,COVID,0.9385226964950562,0.00019640231039375067,0.06084585189819336,0.000435061811003834,0.2629352807998657,0.18310920894145966,0.1831091344356537
/kaggle/input/datasets/tawsifurrahman/covid19-radiography-database/COVID-19_Radiography_Dataset/COVID/images/COVID-2345.png,COVID,COVID,0.9941984415054321,0.004191325977444649,0.001258743810467422,0.0003515078278724104,0.23784317076206207,,
/kaggle/input/datasets/tawsifurrahman/covid19-radiography-database/COVID-19_Radiography_Dataset/COVID/images/COVID-2349.png,COVID,COVID,0.676734447479248,0.2429722100496292,0.07810081541538239,0.0021924993488937616,0.22180089354515076,,
/kaggle/input/datasets/tawsifurrahman/covid19-radiography-database/COVID-19_Radiography_Dataset/COVID/images/COVID-2352.png,COVID,COVID,0.8448960781097412,0.14965982735157013,0.005444079637527466,6.532987839591442e-08,0.11216526478528976,,
/kaggle/input/datasets/tawsifurrahman/covid19-radiography-database/COVID-19_Radiography_Dataset/COVID/images/COVID-2362.png,COVID,COVID,0.9996812343597412,0.0003176789032295346,9.893969945551362e-07,1.0005112471844768e-07,0.16480176150798798,0.35807305574417114,0.35807251930236816
/kaggle/input/datasets/tawsifurrahman/covid19-radiography-database/COVID-19_Radiography_Dataset/COVID/images/COVID-2363.png,COVID,Lung_Opacity,0.10023613274097443,0.8849396109580994,0.014702011831104755,0.00012223991507198662,0.16635458171367645,,
/kaggle/input/datasets/tawsifurrahman/covid19-radiography-database/COVID-19_Radiography_Dataset/COVID/images/COVID-2366.png,COVID,COVID,0.976137101650238,0.021051514893770218,0.002763548865914345,4.7872770664980635e-05,0.2408546507358551,0.44094809889793396,0.4409477710723877
/kaggle/input/datasets/tawsifurrahman/covid19-radiography-database/COVID-19_Radiography_Dataset/COVID/images/COVID-2367.png,COVID,COVID,0.876537561416626,0.009450255893170834,0.11401212960481644,6.530956397909904e-08,0.24908369779586792,,
/kaggle/input/datasets/tawsifurrahman/covid19-radiography-database/COVID-19_Radiography_Dataset/COVID/images/COVID-2377.png,COVID,COVID,0.9982380867004395,5.435748244053684e-05,2.420832788629923e-05,0.001683445880189538,0.2700694501399994,,
/kaggle/input/datasets/tawsifurrahman/covid19-radiography-database/COVID-19_Radiography_Dataset/COVID/images/COVID-238.png,COVID,COVID,0.9995473027229309,0.000444395758677274,8.066179361776449e-06,1.8747934404927946e-07,0.11499541252851486,0.19370079040527344,0.19370074570178986
/kaggle/input/datasets/tawsifurrahman/covid19-radiography-database/COVID-19_Radiography_Dataset/COVID/images/COVID-2385.png,COVID,COVID,0.9433836340904236,0.00936927180737257,0.047243472188711166,3.5916325487050926e-06,0.26114189624786377,0.4693760573863983,0.46937593817710876
/kaggle/input/datasets/tawsifurrahman/covid19-radiography-database/COVID-19_Radiography_Dataset/COVID/images/COVID-2386.png,COVID,Lung_Opacity,0.3033750355243683,0.6070307493209839,0.08957716077566147,1.703690031717997e-05,0.17781448364257812,,
/kaggle/input/datasets/tawsifurrahman/covid19-radiography-database/COVID-19_Radiography_Dataset/COVID/images/COVID-2387.png,COVID,COVID,0.9986739158630371,0.0008814189932309091,0.0004419091565068811,2.809514626278542e-06,0.2082073986530304,0.2639476954936981,0.26394757628440857
/kaggle/input/datasets/tawsifurrahman/covid19-radiography-database/COVID-19_Radiography_Dataset/COVID/images/COVID-2393.png,COVID,COVID,0.999688982963562,1.8502296370570548e-05,0.0002921473060268909,4.6684576204825134e-07,0.23009224236011505,,
/kaggle/input/datasets/tawsifurrahman/covid19-radiography-database/COVID-19_Radiography_Dataset/COVID/images/COVID-241.png,COVID,COVID,0.9956211447715759,0.0026006035041064024,0.0017776153981685638,6.226178470569721e-07,0.22720929980278015,,
/kaggle/input/datasets/tawsifurrahman/covid19-radiography-database/COVID-19_Radiography_Dataset/COVID/images/COVID-2412.png,COVID,COVID,0.9446521997451782,0.0012139519676566124,0.05364066734910011,0.0004931727307848632,0.258272260427475,,
/kaggle/input/datasets/tawsifurrahman/covid19-radiography-database/COVID-19_Radiography_Dataset/COVID/images/COVID-2425.png,COVID,COVID,0.9999161958694458,7.529358117608353e-05,7.953522981551941e-06,5.379372964853246e-07,0.18752138316631317,,
/kaggle/input/datasets/tawsifurrahman/covid19-radiography-database/COVID-19_Radiography_Dataset/COVID/images/COVID-2442.png,COVID,COVID,0.9424238801002502,0.03447062522172928,6.105031206971034e-05,0.023044558241963387,0.1535595953464508,,
/kaggle/input/datasets/tawsifurrahman/covid19-radiography-database/COVID-19_Radiography_Dataset/COVID/images/COVID-2454.png,COVID,COVID,0.999576985836029,2.062436760752462e-05,1.818172449929989e-06,0.000400620250729844,0.3247174322605133,,
/kaggle/input/datasets/tawsifurrahman/covid19-radiography-database/COVID-19_Radiography_Dataset/COVID/images/COVID-2466.png,COVID,COVID,0.995109498500824,0.0003702547983266413,0.003483081702142954,0.0010370949748903513,0.2806544005870819,0.29962608218193054,0.2996256947517395
/kaggle/input/datasets/tawsifurrahman/covid19-radiography-database/COVID-19_Radiography_Dataset/COVID/images/COVID-2469.png,COVID,COVID,0.8901298642158508,0.01953830011188984,0.08991484344005585,0.00041698364657349885,0.29988449811935425,,
/kaggle/input/datasets/tawsifurrahman/covid19-radiography-database/COVID-19_Radiography_Dataset/COVID/images/COVID-2471.png,COVID,COVID,0.999749481678009,0.0002489975013304502,1.3945863202025066e-06,7.208058860896926e-08,0.19935859739780426,,
/kaggle/input/datasets/tawsifurrahman/covid19-radiography-database/COVID-19_Radiography_Dataset/COVID/images/COVID-2473.png,COVID,COVID,0.999630331993103,0.00036927848123013973,3.7347501802287297e-07,2.291648293351045e-08,0.21472717821598053,0.3109097182750702,0.31090936064720154
/kaggle/input/datasets/tawsifurrahman/covid19-radiography-database/COVID-19_Radiography_Dataset/COVID/images/COVID-2496.png,COVID,COVID,0.9999996423721313,3.3129077792182215e-07,4.488545091163587e-09,2.0770414277393456e-09,0.14768341183662415,0.2902880012989044,0.29028740525245667
/kaggle/input/datasets/tawsifurrahman/covid19-radiography-database/COVID-19_Radiography_Dataset/COVID/images/COVID-2497.png,COVID,COVID,0.998852014541626,0.0010308591881766915,1.3799227644994971e-06,0.00011567078036023304,0.1792106330394745,0.34373995661735535,0.3437398672103882
/kaggle/input/datasets/tawsifurrahman/covid19-radiography-database/COVID-19_Radiography_Dataset/COVID/images/COVID-250.png,COVID,COVID,0.9961265921592712,0.0030007597524672747,0.0008674564305692911,5.254744337435113e-06,0.44814425706863403,0.46493256092071533,0.46493232250213623
/kaggle/input/datasets/tawsifurrahman/covid19-radiography-database/COVID-19_Radiography_Dataset/COVID/images/COVID-2504.png,COVID,COVID,0.9996349811553955,7.49366226955317e-05,0.0002897033700719476,3.659360459096206e-07,0.23150555789470673,,
/kaggle/input/datasets/tawsifurrahman/covid19-radiography-database/COVID-19_Radiography_Dataset/COVID/images/COVID-2509.png,COVID,COVID,0.9259800314903259,0.001914068590849638,0.06831187754869461,0.0037939331959933043,0.3574066162109375,,
/kaggle/input/datasets/tawsifurrahman/covid19-radiography-database/COVID-19_Radiography_Dataset/COVID/images/COVID-251.png,COVID,COVID,0.7848963737487793,0.20077002048492432,0.014313912019133568,1.975600389414467e-05,0.22827719151973724,,
/kaggle/input/datasets/tawsifurrahman/covid19-radiography-database/COVID-19_Radiography_Dataset/COVID/images/COVID-2510.png,COVID,COVID,0.9999146461486816,2.023714841925539e-05,6.489532825071365e-05,2.643353695930273e-07,0.24087277054786682,,
/kaggle/input/datasets/tawsifurrahman/covid19-radiography-database/COVID-19_Radiography_Dataset/COVID/images/COVID-2515.png,COVID,COVID,0.9946030974388123,0.001652686856687069,0.0037398217245936394,4.430482931638835e-06,0.23142582178115845,,
/kaggle/input/datasets/tawsifurrahman/covid19-radiography-database/COVID-19_Radiography_Dataset/COVID/images/COVID-2517.png,COVID,COVID,0.9914080500602722,0.002822095062583685,0.005695351865142584,7.445596565958112e-05,0.2084869146347046,,
/kaggle/input/datasets/tawsifurrahman/covid19-radiography-database/COVID-19_Radiography_Dataset/COVID/images/COVID-2522.png,COVID,COVID,0.9997263550758362,0.00012689485447481275,8.91152085387148e-05,5.7638764701550826e-05,0.2035851776599884,,
/kaggle/input/datasets/tawsifurrahman/covid19-radiography-database/COVID-19_Radiography_Dataset/COVID/images/COVID-2524.png,COVID,COVID,0.9843838214874268,0.014819146133959293,0.0007551020244136453,4.187263039057143e-05,0.15971828997135162,,
/kaggle/input/datasets/tawsifurrahman/covid19-radiography-database/COVID-19_Radiography_Dataset/COVID/images/COVID-2525.png,COVID,COVID,0.5590114593505859,0.27593040466308594,0.16480198502540588,0.0002561610599514097,0.2114565521478653,,
/kaggle/input/datasets/tawsifurrahman/covid19-radiography-database/COVID-19_Radiography_Dataset/COVID/images/COVID-2528.png,COVID,COVID,0.8691136837005615,0.11528020352125168,0.015079041011631489,0.0005270306719467044,0.2227170765399933,,
/kaggle/input/datasets/tawsifurrahman/covid19-radiography-database/COVID-19_Radiography_Dataset/COVID/images/COVID-2535.png,COVID,COVID,0.9998699426651001,7.186553557403386e-05,5.319407500792295e-05,4.9592472350923344e-06,0.19630931317806244,,
/kaggle/input/datasets/tawsifurrahman/covid19-radiography-database/COVID-19_Radiography_Dataset/COVID/images/COVID-2542.png,COVID,COVID,0.9991979002952576,0.00014768255641683936,0.00048722769133746624,0.00016728084301576018,0.2618793845176697,,
/kaggle/input/datasets/tawsifurrahman/covid19-radiography-database/COVID-19_Radiography_Dataset/COVID/images/COVID-2546.png,COVID,COVID,0.9999732971191406,8.520161713931884e-07,2.5297367756138556e-05,6.057587711438828e-07,0.19638901948928833,,
/kaggle/input/datasets/tawsifurrahman/covid19-radiography-database/COVID-19_Radiography_Dataset/COVID/images/COVID-2549.png,COVID,Normal,0.3997269868850708,0.15963147580623627,0.4359395205974579,0.004701958503574133,0.23854050040245056,,
/kaggle/input/datasets/tawsifurrahman/covid19-radiography-database/COVID-19_Radiography_Dataset/COVID/images/COVID-256.png,COVID,COVID,0.9998679161071777,1.767637331795413e-05,0.00011159822315676138,2.8570993890753016e-06,0.2811128795146942,,
/kaggle/input/datasets/tawsifurrahman/covid19-radiography-database/COVID-19_Radiography_Dataset/COVID/images/COVID-2575.png,COVID,COVID,0.9957441687583923,0.0006584984948858619,0.0035950865130871534,2.2074004846217576e-06,0.32043299078941345,,
/kaggle/input/datasets/tawsifurrahman/covid19-radiography-database/COVID-19_Radiography_Dataset/COVID/images/COVID-2577.png,COVID,COVID,0.9996875524520874,5.959787449683063e-05,0.0002526500611566007,1.7966087284548848e-07,0.21651826798915863,,
/kaggle/input/datasets/tawsifurrahman/covid19-radiography-database/COVID-19_Radiography_Dataset/COVID/images/COVID-2580.png,COVID,COVID,0.9988850951194763,0.0010216542286798358,3.451217708061449e-05,5.8718505897559226e-05,0.15296189486980438,,
/kaggle/input/datasets/tawsifurrahman/covid19-radiography-database/COVID-19_Radiography_Dataset/COVID/images/COVID-2581.png,COVID,COVID,0.9996054768562317,0.00013940106146037579,0.0002530780911911279,2.0910774765070528e-06,0.18578635156154633,,
/kaggle/input/datasets/tawsifurrahman/covid19-radiography-database/COVID-19_Radiography_Dataset/COVID/images/COVID-2582.png,COVID,COVID,0.9999994039535522,5.393068249759381e-07,2.622491113157821e-10,2.2895186191362882e-08,0.2954210042953491,,
/kaggle/input/datasets/tawsifurrahman/covid19-radiography-database/COVID-19_Radiography_Dataset/COVID/images/COVID-2584.png,COVID,COVID,0.9999856948852539,2.1607802409562282e-06,3.744379739600845e-08,1.2155775948485825e-05,0.32272469997406006,,
/kaggle/input/datasets/tawsifurrahman/covid19-radiography-database/COVID-19_Radiography_Dataset/COVID/images/COVID-2601.png,COVID,COVID,0.9991896748542786,1.898631853691768e-05,0.0007912329165264964,1.2994192388759984e-07,0.2946670949459076,0.3147927522659302,0.3147926926612854
/kaggle/input/datasets/tawsifurrahman/covid19-radiography-database/COVID-19_Radiography_Dataset/COVID/images/COVID-2602.png,COVID,COVID,0.8264359831809998,0.16171737015247345,0.010867523029446602,0.000979084987193346,0.13101895153522491,,
/kaggle/input/datasets/tawsifurrahman/covid19-radiography-database/COVID-19_Radiography_Dataset/COVID/images/COVID-2615.png,COVID,COVID,0.9988214373588562,0.0010041904170066118,0.00016655541548971087,7.831988114048727e-06,0.17504467070102692,,
/kaggle/input/datasets/tawsifurrahman/covid19-radiography-database/COVID-19_Radiography_Dataset/COVID/images/COVID-2624.png,COVID,COVID,0.9988917708396912,0.001002637087367475,8.915195212466642e-05,1.638474168430548e-05,0.26124098896980286,,
/kaggle/input/datasets/tawsifurrahman/covid19-radiography-database/COVID-19_Radiography_Dataset/COVID/images/COVID-2628.png,COVID,COVID,0.991119921207428,0.003850702429190278,0.005018259864300489,1.1205849659745581e-05,0.2734377980232239,,
/kaggle/input/datasets/tawsifurrahman/covid19-radiography-database/COVID-19_Radiography_Dataset/COVID/images/COVID-2633.png,COVID,COVID,0.9984239339828491,0.00022226374130696058,0.0011737099848687649,0.00018010713392868638,0.2041817158460617,,
/kaggle/input/datasets/tawsifurrahman/covid19-radiography-database/COVID-19_Radiography_Dataset/COVID/images/COVID-2644.png,COVID,COVID,0.9707630276679993,0.029153907671570778,8.298135071527213e-05,1.0340070133452173e-07,0.15965847671031952,0.29142215847969055,0.29142212867736816
/kaggle/input/datasets/tawsifurrahman/covid19-radiography-database/COVID-19_Radiography_Dataset/COVID/images/COVID-2653.png,COVID,COVID,0.9929314851760864,0.005223294720053673,0.0018119480228051543,3.325545185361989e-05,0.19581101834774017,,
/kaggle/input/datasets/tawsifurrahman/covid19-radiography-database/COVID-19_Radiography_Dataset/COVID/images/COVID-2666.png,COVID,Normal,0.3754616677761078,0.00873946025967598,0.6153897643089294,0.0004091446753591299,0.2025078684091568,,
/kaggle/input/datasets/tawsifurrahman/covid19-radiography-database/COVID-19_Radiography_Dataset/COVID/images/COVID-2669.png,COVID,COVID,0.9575014710426331,0.04052722454071045,0.0019692648202180862,2.012044205912389e-06,0.227900430560112,0.2543579041957855,0.25435715913772583
/kaggle/input/datasets/tawsifurrahman/covid19-radiography-database/COVID-19_Radiography_Dataset/COVID/images/COVID-267.png,COVID,COVID,0.9647130370140076,0.03512997552752495,0.00013651212793774903,2.0499335732893087e-05,0.17367368936538696,,
/kaggle/input/datasets/tawsifurrahman/covid19-radiography-database/COVID-19_Radiography_Dataset/COVID/images/COVID-2687.png,COVID,COVID,0.8537087440490723,0.10293969511985779,0.04313179850578308,0.0002197431749664247,0.17753568291664124,,
/kaggle/input/datasets/tawsifurrahman/covid19-radiography-database/COVID-19_Radiography_Dataset/COVID/images/COVID-2692.png,COVID,COVID,0.6961801648139954,0.024749858304858208,0.2790658175945282,4.152308065386023e-06,0.3282650113105774,,
/kaggle/input/datasets/tawsifurrahman/covid19-radiography-database/COVID-19_Radiography_Dataset/COVID/images/COVID-2698.png,COVID,COVID,0.9610042572021484,0.03339427337050438,0.005362809170037508,0.00023866244009695947,0.1609346717596054,,
/kaggle/input/datasets/tawsifurrahman/covid19-radiography-database/COVID-19_Radiography_Dataset/COVID/images/COVID-2704.png,COVID,COVID,0.8033774495124817,0.1949937790632248,0.0016086238902062178,2.006993963732384e-05,0.2741355299949646,,
/kaggle/input/datasets/tawsifurrahman/covid19-radiography-database/COVID-19_Radiography_Dataset/COVID/images/COVID-2708.png,COVID,COVID,0.9996021389961243,0.0003946614160668105,3.2329426176147535e-06,3.873567777645803e-08,0.1732303947210312,,
/kaggle/input/datasets/tawsifurrahman/covid19-radiography-database/COVID-19_Radiography_Dataset/COVID/images/COVID-2711.png,COVID,COVID,0.9003957509994507,0.004839275032281876,0.09475532174110413,9.6668891274021e-06,0.28179073333740234,,
/kaggle/input/datasets/tawsifurrahman/covid19-radiography-database/COVID-19_Radiography_Dataset/COVID/images/COVID-2714.png,COVID,COVID,0.999852180480957,0.00014583725715056062,8.81309119904472e-07,1.1786282811954152e-06,0.20796948671340942,0.361685186624527,0.3616841733455658
/kaggle/input/datasets/tawsifurrahman/covid19-radiography-database/COVID-19_Radiography_Dataset/COVID/images/COVID-2716.png,COVID,COVID,0.9975616931915283,0.002394413808360696,3.6382520193001255e-05,7.477659892174415e-06,0.1891573816537857,,
/kaggle/input/datasets/tawsifurrahman/covid19-radiography-database/COVID-19_Radiography_Dataset/COVID/images/COVID-2724.png,COVID,COVID,0.9769457578659058,0.0008620002190582454,0.022192101925611496,1.5467418279513367e-07,0.26616334915161133,,
/kaggle/input/datasets/tawsifurrahman/covid19-radiography-database/COVID-19_Radiography_Dataset/COVID/images/COVID-273.png,COVID,COVID,0.9995470643043518,0.00023281291942112148,0.000219542343984358,5.969364451630099e-07,0.27086693048477173,,
/kaggle/input/datasets/tawsifurrahman/covid19-radiography-database/COVID-19_Radiography_Dataset/COVID/images/COVID-2736.png,COVID,COVID,0.9995681643486023,0.00010437150922371075,0.00032610513153485954,1.374436237711052e-06,0.2390986531972885,,
/kaggle/input/datasets/tawsifurrahman/covid19-radiography-database/COVID-19_Radiography_Dataset/COVID/images/COVID-2737.png,COVID,COVID,0.9999752044677734,2.0538996977848e-05,3.588641448004637e-06,7.038998433017696e-07,0.2060967981815338,,
/kaggle/input/datasets/tawsifurrahman/covid19-radiography-database/COVID-19_Radiography_Dataset/COVID/images/COVID-2740.png,COVID,COVID,0.9712865948677063,0.008919505402445793,0.019793637096881866,2.3355245559741888e-07,0.1825575977563858,,
/kaggle/input/datasets/tawsifurrahman/covid19-radiography-database/COVID-19_Radiography_Dataset/COVID/images/COVID-2759.png,COVID,COVID,0.9999289512634277,7.059506606310606e-05,3.2793764148664195e-07,9.85486394711188e-08,0.2818882167339325,0.39060330390930176,0.39060303568840027
/kaggle/input/datasets/tawsifurrahman/covid19-radiography-database/COVID-19_Radiography_Dataset/COVID/images/COVID-2761.png,COVID,COVID,0.9999945163726807,5.439968390419381e-06,1.3497496453851454e-08,5.08328823478621e-10,0.26983049511909485,0.4334813356399536,0.4334813058376312
/kaggle/input/datasets/tawsifurrahman/covid19-radiography-database/COVID-19_Radiography_Dataset/COVID/images/COVID-2762.png,COVID,COVID,0.9999169111251831,7.298384298337623e-05,8.937238931139291e-07,9.266897905035876e-06,0.16326555609703064,0.2506367862224579,0.2506364583969116
/kaggle/input/datasets/tawsifurrahman/covid19-radiography-database/COVID-19_Radiography_Dataset/COVID/images/COVID-2770.png,COVID,COVID,0.9999936819076538,4.286200237402227e-06,5.445946271720459e-07,1.3835846175425104e-06,0.15409795939922333,0.33023759722709656,0.330237478017807
/kaggle/input/datasets/tawsifurrahman/covid19-radiography-database/COVID-19_Radiography_Dataset/COVID/images/COVID-2771.png,COVID,COVID,0.9995939135551453,2.281840170326177e-05,0.00038192185456864536,1.373024019812874e-06,0.17654064297676086,,
/kaggle/input/datasets/tawsifurrahman/covid19-radiography-database/COVID-19_Radiography_Dataset/COVID/images/COVID-2776.png,COVID,COVID,0.9992665648460388,0.0004888497642241418,0.0002076945675071329,3.682285387185402e-05,0.16609548032283783,0.2051607370376587,0.20516064763069153
/kaggle/input/datasets/tawsifurrahman/covid19-radiography-database/COVID-19_Radiography_Dataset/COVID/images/COVID-2778.png,COVID,Normal,0.08350356668233871,0.03452640771865845,0.8819692730903625,8.169125749191153e-07,0.21378754079341888,,
/kaggle/input/datasets/tawsifurrahman/covid19-radiography-database/COVID-19_Radiography_Dataset/COVID/images/COVID-2785.png,COVID,COVID,0.9997491240501404,1.3397915608948097e-05,0.00023560394765809178,1.916098653964582e-06,0.17034119367599487,,
/kaggle/input/datasets/tawsifurrahman/covid19-radiography-database/COVID-19_Radiography_Dataset/COVID/images/COVID-2787.png,COVID,COVID,0.9957361221313477,0.0019608507864177227,0.002301393076777458,1.5972782421158627e-06,0.15864206850528717,0.3082505166530609,0.30825042724609375
/kaggle/input/datasets/tawsifurrahman/covid19-radiography-database/COVID-19_Radiography_Dataset/COVID/images/COVID-279.png,COVID,COVID,0.9982680082321167,0.0016868964303284883,1.3111624639350339e-06,4.3794982047984377e-05,0.36246970295906067,,
/kaggle/input/datasets/tawsifurrahman/covid19-radiography-database/COVID-19_Radiography_Dataset/COVID/images/COVID-2794.png,COVID,COVID,0.9632551670074463,0.0008518846589140594,0.035888805985450745,4.186564183328301e-06,0.31196239590644836,,
/kaggle/input/datasets/tawsifurrahman/covid19-radiography-database/COVID-19_Radiography_Dataset/COVID/images/COVID-2798.png,COVID,COVID,0.9890120029449463,0.010955249890685081,3.202826337656006e-05,6.264733087846253e-07,0.2183915674686432,0.33887210488319397,0.3388720154762268
/kaggle/input/datasets/tawsifurrahman/covid19-radiography-database/COVID-19_Radiography_Dataset/COVID/images/COVID-28.png,COVID,COVID,0.9993804693222046,0.0003299010859336704,1.720704312901944e-05,0.00027239599148742855,0.2243715077638626,,
/kaggle/input/datasets/tawsifurrahman/covid19-radiography-database/COVID-19_Radiography_Dataset/COVID/images/COVID-2804.png,COVID,COVID,0.8901417851448059,0.004291626624763012,0.10554374009370804,2.2865111532155424e-05,0.3029007315635681,,
/kaggle/input/datasets/tawsifurrahman/covid19-radiography-database/COVID-19_Radiography_Dataset/COVID/images/COVID-2818.png,COVID,COVID,0.9584119319915771,8.076010999502614e-05,0.041479986160993576,2.728344225033652e-05,0.2688356637954712,,
/kaggle/input/datasets/tawsifurrahman/covid19-radiography-database/COVID-19_Radiography_Dataset/COVID/images/COVID-2833.png,COVID,COVID,0.9863296151161194,0.011565960012376308,0.001963595161214471,0.00014083665155339986,0.15031114220619202,,
/kaggle/input/datasets/tawsifurrahman/covid19-radiography-database/COVID-19_Radiography_Dataset/COVID/images/COVID-2841.png,COVID,COVID,0.9993002414703369,0.0006899670115672052,1.916054998218897e-06,7.849444955354556e-06,0.299167662858963,0.4612208604812622,0.4612200856208801
/kaggle/input/datasets/tawsifurrahman/covid19-radiography-database/COVID-19_Radiography_Dataset/COVID/images/COVID-2842.png,COVID,COVID,0.932159960269928,0.06761590391397476,0.00019750486535485834,2.663565828697756e-05,0.34325188398361206,,
/kaggle/input/datasets/tawsifurrahman/covid19-radiography-database/COVID-19_Radiography_Dataset/COVID/images/COVID-2849.png,COVID,COVID,0.9996284246444702,2.756646426860243e-05,0.0003439206338953227,6.1032807252559e-08,0.2752116024494171,,
/kaggle/input/datasets/tawsifurrahman/covid19-radiography-database/COVID-19_Radiography_Dataset/COVID/images/COVID-285.png,COVID,Normal,0.37699952721595764,0.005877768620848656,0.6168537735939026,0.0002689452958293259,0.326570987701416,,
/kaggle/input/datasets/tawsifurrahman/covid19-radiography-database/COVID-19_Radiography_Dataset/COVID/images/COVID-2853.png,COVID,COVID,0.9995498061180115,0.00023783231154084206,0.000211452177609317,7.808396844666277e-07,0.20218846201896667,,
/kaggle/input/datasets/tawsifurrahman/covid19-radiography-database/COVID-19_Radiography_Dataset/COVID/images/COVID-2855.png,COVID,COVID,0.9968783855438232,0.001050736173056066,0.002069242997094989,1.6988336710710428e-06,0.2518945634365082,,
/kaggle/input/datasets/tawsifurrahman/covid19-radiography-database/COVID-19_Radiography_Dataset/COVID/images/COVID-2860.png,COVID,COVID,0.9977645874023438,7.576330244773999e-05,0.0021595433354377747,9.038897985647054e-08,0.2990697920322418,,
/kaggle/input/datasets/tawsifurrahman/covid19-radiography-database/COVID-19_Radiography_Dataset/COVID/images/COVID-2864.png,COVID,COVID,0.8131754398345947,0.10001172125339508,0.08676973730325699,4.312926103011705e-05,0.26877471804618835,,
/kaggle/input/datasets/tawsifurrahman/covid19-radiography-database/COVID-19_Radiography_Dataset/COVID/images/COVID-2867.png,COVID,COVID,0.993579626083374,0.001438934588804841,0.0049771335907280445,4.337190148362424e-06,0.1758611649274826,,
/kaggle/input/datasets/tawsifurrahman/covid19-radiography-database/COVID-19_Radiography_Dataset/COVID/images/COVID-2872.png,COVID,COVID,0.9994039535522461,0.00015359312237706035,0.00044251044164411724,7.436320892395543e-09,0.2366282194852829,0.41949599981307983,0.41949599981307983
/kaggle/input/datasets/tawsifurrahman/covid19-radiography-database/COVID-19_Radiography_Dataset/COVID/images/COVID-2879.png,COVID,COVID,0.9782450795173645,0.012548725120723248,0.009178821928799152,2.7317015337757766e-05,0.21408723294734955,0.2344958484172821,0.23449556529521942
/kaggle/input/datasets/tawsifurrahman/covid19-radiography-database/COVID-19_Radiography_Dataset/COVID/images/COVID-2884.png,COVID,COVID,0.9995262622833252,0.00035424757516011596,0.00011935992370126769,1.613336308992075e-07,0.23563072085380554,0.22099445760250092,0.22099444270133972
/kaggle/input/datasets/tawsifurrahman/covid19-radiography-database/COVID-19_Radiography_Dataset/COVID/images/COVID-289.png,COVID,COVID,0.999998927116394,6.138626531537739e-07,3.5568563649945872e-09,4.6251622620729904e-07,0.233819842338562,0.3768068850040436,0.37680181860923767
/kaggle/input/datasets/tawsifurrahman/covid19-radiography-database/COVID-19_Radiography_Dataset/COVID/images/COVID-2909.png,COVID,COVID,0.9999911785125732,1.687420336793366e-07,7.810485840309411e-06,7.348423878283938e-07,0.21494686603546143,,
/kaggle/input/datasets/tawsifurrahman/covid19-radiography-database/COVID-19_Radiography_Dataset/COVID/images/COVID-2914.png,COVID,COVID,0.9503118395805359,0.008960019797086716,0.04067995771765709,4.817420267499983e-05,0.23326052725315094,,
/kaggle/input/datasets/tawsifurrahman/covid19-radiography-database/COVID-19_Radiography_Dataset/COVID/images/COVID-2919.png,COVID,COVID,0.9923161268234253,0.007371054030954838,0.0003104877832811326,2.3110840174922487e-06,0.18493101000785828,,
/kaggle/input/datasets/tawsifurrahman/covid19-radiography-database/COVID-19_Radiography_Dataset/COVID/images/COVID-2922.png,COVID,Normal,0.4488210678100586,0.03762640804052353,0.5134868621826172,6.562862836290151e-05,0.23786412179470062,,
/kaggle/input/datasets/tawsifurrahman/covid19-radiography-database/COVID-19_Radiography_Dataset/COVID/images/COVID-2924.png,COVID,COVID,0.9968185424804688,0.0001300344301853329,0.0029855642933398485,6.580536137335002e-05,0.2328806072473526,,
/kaggle/input/datasets/tawsifurrahman/covid19-radiography-database/COVID-19_Radiography_Dataset/COVID/images/COVID-2926.png,COVID,COVID,0.9604684114456177,0.020792020484805107,0.016883274540305138,0.0018563509220257401,0.1632659137248993,,
/kaggle/input/datasets/tawsifurrahman/covid19-radiography-database/COVID-19_Radiography_Dataset/COVID/images/COVID-2927.png,COVID,COVID,0.8794457316398621,0.08858447521924973,0.03178972005844116,0.0001800148020265624,0.16952349245548248,,
/kaggle/input/datasets/tawsifurrahman/covid19-radiography-database/COVID-19_Radiography_Dataset/COVID/images/COVID-293.png,COVID,COVID,0.9988905787467957,0.0011067898012697697,1.5716266261733836e-06,1.1296900765955797e-06,0.1931609958410263,,
/kaggle/input/datasets/tawsifurrahman/covid19-radiography-database/COVID-19_Radiography_Dataset/COVID/images/COVID-2943.png,COVID,COVID,0.9877397418022156,0.008446131832897663,0.0034591280855238438,0.0003550312540028244,0.3120226263999939,0.5432338714599609,0.5432336926460266
/kaggle/input/datasets/tawsifurrahman/covid19-radiography-database/COVID-19_Radiography_Dataset/COVID/images/COVID-2955.png,COVID,Normal,0.4306885004043579,0.024213340133428574,0.5447991490364075,0.0002990470384247601,0.29317519068717957,0.4837075471878052,0.4837063252925873
/kaggle/input/datasets/tawsifurrahman/covid19-radiography-database/COVID-19_Radiography_Dataset/COVID/images/COVID-2963.png,COVID,COVID,0.9916250109672546,0.004372044466435909,0.0037699444219470024,0.0002329795534024015,0.33717653155326843,,
/kaggle/input/datasets/tawsifurrahman/covid19-radiography-database/COVID-19_Radiography_Dataset/COVID/images/COVID-2968.png,COVID,COVID,0.9422990679740906,0.04892117902636528,0.008049555122852325,0.0007302576559595764,0.16908647119998932,0.1410418450832367,0.14104168117046356
/kaggle/input/datasets/tawsifurrahman/covid19-radiography-database/COVID-19_Radiography_Dataset/COVID/images/COVID-2971.png,COVID,COVID,0.9950293898582458,0.0002600655716378242,0.0047027794644236565,7.760266271361616e-06,0.2695913016796112,,
/kaggle/input/datasets/tawsifurrahman/covid19-radiography-database/COVID-19_Radiography_Dataset/COVID/images/COVID-2972.png,COVID,Normal,0.04044310748577118,0.0021294206380844116,0.9566624760627747,0.000765027420129627,0.29083648324012756,0.4771106541156769,0.4771106541156769
/kaggle/input/datasets/tawsifurrahman/covid19-radiography-database/COVID-19_Radiography_Dataset/COVID/images/COVID-2977.png,COVID,COVID,0.9999232292175293,4.308629286242649e-05,3.3585441997274756e-05,2.814378952109564e-08,0.17374959588050842,,
/kaggle/input/datasets/tawsifurrahman/covid19-radiography-database/COVID-19_Radiography_Dataset/COVID/images/COVID-2978.png,COVID,COVID,0.999568521976471,0.0004132228496018797,1.6923306247917935e-05,1.3104476010994404e-06,0.15166626870632172,,
/kaggle/input/datasets/tawsifurrahman/covid19-radiography-database/COVID-19_Radiography_Dataset/COVID/images/COVID-2980.png,COVID,COVID,0.9849389791488647,0.0014687643852084875,0.0012242441298440099,0.012368030846118927,0.3478570282459259,,
/kaggle/input/datasets/tawsifurrahman/covid19-radiography-database/COVID-19_Radiography_Dataset/COVID/images/COVID-2984.png,COVID,COVID,0.9999990463256836,6.311239530987223e-07,1.0380968262779788e-07,2.2351007089582708e-07,0.19262301921844482,,
/kaggle/input/datasets/tawsifurrahman/covid19-radiography-database/COVID-19_Radiography_Dataset/COVID/images/COVID-2992.png,COVID,COVID,0.9907783269882202,0.009196845814585686,1.0209267202299088e-05,1.4624756659031846e-05,0.2611824572086334,,
/kaggle/input/datasets/tawsifurrahman/covid19-radiography-database/COVID-19_Radiography_Dataset/COVID/images/COVID-2995.png,COVID,COVID,0.999990701675415,7.563683993794257e-06,1.5872165022301488e-06,2.1861316668037034e-07,0.23310065269470215,,
/kaggle/input/datasets/tawsifurrahman/covid19-radiography-database/COVID-19_Radiography_Dataset/COVID/images/COVID-2997.png,COVID,COVID,0.439116895198822,0.21344460546970367,0.3472956418991089,0.00014285971701610833,0.21440696716308594,,
/kaggle/input/datasets/tawsifurrahman/covid19-radiography-database/COVID-19_Radiography_Dataset/COVID/images/COVID-3006.png,COVID,COVID,0.9815003871917725,0.0037585445679724216,0.01212268602102995,0.002618378959596157,0.26698049902915955,0.4168080985546112,0.4168078899383545
/kaggle/input/datasets/tawsifurrahman/covid19-radiography-database/COVID-19_Radiography_Dataset/COVID/images/COVID-3011.png,COVID,Normal,0.1628486067056656,0.019679000601172447,0.8171480894088745,0.0003242490638513118,0.3050861656665802,,
/kaggle/input/datasets/tawsifurrahman/covid19-radiography-database/COVID-19_Radiography_Dataset/COVID/images/COVID-3013.png,COVID,COVID,0.9999610185623169,7.267485102602222e-07,3.8114994822535664e-05,6.744327407659512e-08,0.25333067774772644,0.2669040560722351,0.26690343022346497
/kaggle/input/datasets/tawsifurrahman/covid19-radiography-database/COVID-19_Radiography_Dataset/COVID/images/COVID-3048.png,COVID,COVID,0.9434932470321655,0.0531931072473526,0.00328329810872674,3.0359691663761623e-05,0.24752885103225708,,
/kaggle/input/datasets/tawsifurrahman/covid19-radiography-database/COVID-19_Radiography_Dataset/COVID/images/COVID-3049.png,COVID,COVID,0.8250433802604675,0.0044220201671123505,0.17040789127349854,0.0001267397601623088,0.33862927556037903,,
/kaggle/input/datasets/tawsifurrahman/covid19-radiography-database/COVID-19_Radiography_Dataset/COVID/images/COVID-3056.png,COVID,COVID,0.9423232674598694,0.055957645177841187,0.0013296151300892234,0.00038953605690039694,0.12928955256938934,,
/kaggle/input/datasets/tawsifurrahman/covid19-radiography-database/COVID-19_Radiography_Dataset/COVID/images/COVID-3063.png,COVID,COVID,0.7529947757720947,0.04144591465592384,0.20549166202545166,6.770282925572246e-05,0.1890178620815277,,
/kaggle/input/datasets/tawsifurrahman/covid19-radiography-database/COVID-19_Radiography_Dataset/COVID/images/COVID-3065.png,COVID,COVID,0.9999438524246216,4.038751285406761e-05,1.559304837428499e-05,1.0963004370978524e-07,0.23351822793483734,0.3894932270050049,0.3894931375980377
/kaggle/input/datasets/tawsifurrahman/covid19-radiography-database/COVID-19_Radiography_Dataset/COVID/images/COVID-3074.png,COVID,Normal,0.4515517055988312,0.0010520594660192728,0.5473528504371643,4.341875319369137e-05,0.4143817126750946,0.550990104675293,0.550990104675293
/kaggle/input/datasets/tawsifurrahman/covid19-radiography-database/COVID-19_Radiography_Dataset/COVID/images/COVID-3079.png,COVID,COVID,0.9998587369918823,0.0001374928979203105,2.2258038825384574e-06,1.5038353922136594e-06,0.201750248670578,,
/kaggle/input/datasets/tawsifurrahman/covid19-radiography-database/COVID-19_Radiography_Dataset/COVID/images/COVID-3092.png,COVID,COVID,0.9991336464881897,0.0002555370156187564,0.0006106864893808961,1.9469145229322748e-07,0.2077092081308365,,
/kaggle/input/datasets/tawsifurrahman/covid19-radiography-database/COVID-19_Radiography_Dataset/COVID/images/COVID-3097.png,COVID,COVID,0.9999616146087646,1.314895325776888e-05,2.350032701770033e-07,2.494933141861111e-05,0.19336169958114624,0.310563862323761,0.3105635941028595
/kaggle/input/datasets/tawsifurrahman/covid19-radiography-database/COVID-19_Radiography_Dataset/COVID/images/COVID-3100.png,COVID,COVID,0.9912057518959045,0.00647450378164649,0.002277934458106756,4.179414099780843e-05,0.24581530690193176,,
/kaggle/input/datasets/tawsifurrahman/covid19-radiography-database/COVID-19_Radiography_Dataset/COVID/images/COVID-3107.png,COVID,COVID,0.9988659620285034,0.0009163857903331518,0.00021474462118931115,3.00437045552826e-06,0.22666384279727936,,
/kaggle/input/datasets/tawsifurrahman/covid19-radiography-database/COVID-19_Radiography_Dataset/COVID/images/COVID-3115.png,COVID,COVID,0.9999066591262817,5.376120952860219e-07,5.2423121815081686e-05,4.034789890283719e-05,0.24212798476219177,0.19104093313217163,0.19104085862636566
/kaggle/input/datasets/tawsifurrahman/covid19-radiography-database/COVID-19_Radiography_Dataset/COVID/images/COVID-3146.png,COVID,COVID,0.997631311416626,0.0012053461978212,0.0011625727638602257,6.716923621752358e-07,0.27349787950515747,0.46369174122810364,0.4636916220188141
/kaggle/input/datasets/tawsifurrahman/covid19-radiography-database/COVID-19_Radiography_Dataset/COVID/images/COVID-3150.png,COVID,COVID,0.9872626662254333,0.012461652047932148,0.000218654764466919,5.6966982810990885e-05,0.1821594536304474,,
/kaggle/input/datasets/tawsifurrahman/covid19-radiography-database/COVID-19_Radiography_Dataset/COVID/images/COVID-3152.png,COVID,COVID,0.9966952800750732,6.614047015318647e-05,0.003238492179661989,6.219246984073834e-08,0.2378236949443817,,
/kaggle/input/datasets/tawsifurrahman/covid19-radiography-database/COVID-19_Radiography_Dataset/COVID/images/COVID-3156.png,COVID,Normal,0.48795628547668457,0.008840168826282024,0.5031872391700745,1.6229338143602945e-05,0.24914336204528809,,
/kaggle/input/datasets/tawsifurrahman/covid19-radiography-database/COVID-19_Radiography_Dataset/COVID/images/COVID-3168.png,COVID,COVID,0.8874430656433105,0.001734009012579918,0.11080107092857361,2.182002026529517e-05,0.2207631915807724,,
/kaggle/input/datasets/tawsifurrahman/covid19-radiography-database/COVID-19_Radiography_Dataset/COVID/images/COVID-3188.png,COVID,Lung_Opacity,0.4761766493320465,0.5218233466148376,9.634518210077658e-05,0.0019036347512155771,0.1890157163143158,,
/kaggle/input/datasets/tawsifurrahman/covid19-radiography-database/COVID-19_Radiography_Dataset/COVID/images/COVID-3190.png,COVID,COVID,0.999229907989502,0.0005515816155821085,0.00020599723211489618,1.2562772099045105e-05,0.19104766845703125,,
/kaggle/input/datasets/tawsifurrahman/covid19-radiography-database/COVID-19_Radiography_Dataset/COVID/images/COVID-3199.png,COVID,COVID,0.9508048295974731,0.016028016805648804,0.033044904470443726,0.00012229236017446965,0.2336379885673523,0.20758675038814545,0.20758643746376038
/kaggle/input/datasets/tawsifurrahman/covid19-radiography-database/COVID-19_Radiography_Dataset/COVID/images/COVID-32.png,COVID,Normal,0.20453697443008423,0.041301120072603226,0.7540770769119263,8.485757280141115e-05,0.3634408712387085,0.4619981050491333,0.46199771761894226
/kaggle/input/datasets/tawsifurrahman/covid19-radiography-database/COVID-19_Radiography_Dataset/COVID/images/COVID-3201.png,COVID,COVID,0.6233659386634827,0.08873927593231201,0.2147987186908722,0.07309603691101074,0.0630195364356041,0.021765772253274918,0.02176572009921074
/kaggle/input/datasets/tawsifurrahman/covid19-radiography-database/COVID-19_Radiography_Dataset/COVID/images/COVID-323.png,COVID,COVID,0.9916199445724487,0.007791609037667513,0.0005860851961188018,2.310310492248391e-06,0.25065988302230835,0.2318447232246399,0.23184391856193542
/kaggle/input/datasets/tawsifurrahman/covid19-radiography-database/COVID-19_Radiography_Dataset/COVID/images/COVID-3235.png,COVID,COVID,0.9539043307304382,0.0014076040824875236,0.04468117654323578,6.838913122919621e-06,0.24378308653831482,,
/kaggle/input/datasets/tawsifurrahman/covid19-radiography-database/COVID-19_Radiography_Dataset/COVID/images/COVID-3239.png,COVID,COVID,0.9997554421424866,0.00011119389091618359,0.0001328928192378953,5.203432920097839e-07,0.2152862697839737,0.3703671991825104,0.37036681175231934
/kaggle/input/datasets/tawsifurrahman/covid19-radiography-database/COVID-19_Radiography_Dataset/COVID/images/COVID-3240.png,COVID,COVID,0.9439923763275146,0.05381941422820091,0.002163877012208104,2.4309059881488793e-05,0.16776950657367706,,
/kaggle/input/datasets/tawsifurrahman/covid19-radiography-database/COVID-19_Radiography_Dataset/COVID/images/COVID-3241.png,COVID,Normal,0.43330031633377075,0.027982214465737343,0.5387086868286133,8.773903573455755e-06,0.227879598736763,,
/kaggle/input/datasets/tawsifurrahman/covid19-radiography-database/COVID-19_Radiography_Dataset/COVID/images/COVID-3246.png,COVID,COVID,0.9982576966285706,9.856419637799263e-05,0.0012281062081456184,0.00041568290907889605,0.3002634346485138,,
/kaggle/input/datasets/tawsifurrahman/covid19-radiography-database/COVID-19_Radiography_Dataset/COVID/images/COVID-3259.png,COVID,COVID,0.9982384443283081,0.00010109033610206097,0.0016541598597541451,6.212022981344489e-06,0.2096230387687683,,
/kaggle/input/datasets/tawsifurrahman/covid19-radiography-database/COVID-19_Radiography_Dataset/COVID/images/COVID-3265.png,COVID,COVID,0.6396468877792358,0.004282565787434578,0.35607007145881653,5.148659170117753e-07,0.2560392916202545,,
/kaggle/input/datasets/tawsifurrahman/covid19-radiography-database/COVID-19_Radiography_Dataset/COVID/images/COVID-3267.png,COVID,COVID,0.9754476547241211,0.01966817118227482,0.004441953729838133,0.0004421206540428102,0.28178858757019043,,
/kaggle/input/datasets/tawsifurrahman/covid19-radiography-database/COVID-19_Radiography_Dataset/COVID/images/COVID-3268.png,COVID,COVID,0.9988401532173157,8.376830373890698e-05,0.0010754186660051346,7.086983941917424e-07,0.3186984360218048,,
/kaggle/input/datasets/tawsifurrahman/covid19-radiography-database/COVID-19_Radiography_Dataset/COVID/images/COVID-3270.png,COVID,COVID,0.9666332602500916,0.00046620433568023145,0.03289991244673729,5.443817485684121e-07,0.2048192024230957,0.2275811731815338,0.22758112847805023
/kaggle/input/datasets/tawsifurrahman/covid19-radiography-database/COVID-19_Radiography_Dataset/COVID/images/COVID-3282.png,COVID,COVID,0.9452186822891235,0.0005095010856166482,0.054162465035915375,0.00010933578596450388,0.27413710951805115,0.2730697691440582,0.2730694115161896
/kaggle/input/datasets/tawsifurrahman/covid19-radiography-database/COVID-19_Radiography_Dataset/COVID/images/COVID-3289.png,COVID,COVID,0.813376784324646,0.0774906650185585,0.10907033085823059,6.217769987415522e-05,0.18799883127212524,,
/kaggle/input/datasets/tawsifurrahman/covid19-radiography-database/COVID-19_Radiography_Dataset/COVID/images/COVID-3290.png,COVID,COVID,0.9996654987335205,0.00025341619038954377,7.992892642505467e-05,1.1022451644748799e-06,0.183534175157547,0.31009209156036377,0.31009191274642944
/kaggle/input/datasets/tawsifurrahman/covid19-radiography-database/COVID-19_Radiography_Dataset/COVID/images/COVID-330.png,COVID,COVID,0.9999889135360718,8.663201697345357e-06,2.320181465620408e-06,1.492909547096133e-07,0.19876116514205933,,
/kaggle/input/datasets/tawsifurrahman/covid19-radiography-database/COVID-19_Radiography_Dataset/COVID/images/COVID-3300.png,COVID,COVID,0.9309805035591125,0.03818871080875397,0.030031803995370865,0.0007989599835127592,0.16535870730876923,0.07998229563236237,0.07998225837945938
/kaggle/input/datasets/tawsifurrahman/covid19-radiography-database/COVID-19_Radiography_Dataset/COVID/images/COVID-3313.png,COVID,COVID,0.996264636516571,0.001720411004498601,0.002005468588322401,9.529345334158279e-06,0.21892960369586945,,
/kaggle/input/datasets/tawsifurrahman/covid19-radiography-database/COVID-19_Radiography_Dataset/COVID/images/COVID-3321.png,COVID,COVID,0.9995904564857483,1.7122514691436663e-05,0.00038688548374921083,5.538219284062507e-06,0.24412156641483307,,
/kaggle/input/datasets/tawsifurrahman/covid19-radiography-database/COVID-19_Radiography_Dataset/COVID/images/COVID-333.png,COVID,COVID,0.998629093170166,0.0012646295363083482,0.0001056471883202903,6.852775982224557e-07,0.17458629608154297,,
/kaggle/input/datasets/tawsifurrahman/covid19-radiography-database/COVID-19_Radiography_Dataset/COVID/images/COVID-3334.png,COVID,COVID,0.5120657086372375,0.026299932971596718,0.46156036853790283,7.400120375677943e-05,0.20246747136116028,,
/kaggle/input/datasets/tawsifurrahman/covid19-radiography-database/COVID-19_Radiography_Dataset/COVID/images/COVID-3350.png,COVID,COVID,0.9981443881988525,0.0015979891177266836,0.0002565923205111176,1.0672015378077049e-06,0.16153185069561005,,
/kaggle/input/datasets/tawsifurrahman/covid19-radiography-database/COVID-19_Radiography_Dataset/COVID/images/COVID-3386.png,COVID,COVID,0.9847015142440796,0.012230323627591133,0.003061099676415324,7.1408235271519516e-06,0.2460162490606308,0.37897974252700806,0.3789794445037842
/kaggle/input/datasets/tawsifurrahman/covid19-radiography-database/COVID-19_Radiography_Dataset/COVID/images/COVID-3410.png,COVID,COVID,0.5933945775032043,0.006561013404279947,0.39999160170555115,5.282231722958386e-05,0.3148721754550934,0.3281271159648895,0.32812681794166565
/kaggle/input/datasets/tawsifurrahman/covid19-radiography-database/COVID-19_Radiography_Dataset/COVID/images/COVID-342.png,COVID,COVID,0.998132050037384,4.5794313336955383e-05,0.001814257469959557,7.861412086640485e-06,0.2366684377193451,,
/kaggle/input/datasets/tawsifurrahman/covid19-radiography-database/COVID-19_Radiography_Dataset/COVID/images/COVID-3424.png,COVID,COVID,0.9876535534858704,0.0007078418857418001,0.004552368074655533,0.007086290046572685,0.20021596550941467,,
/kaggle/input/datasets/tawsifurrahman/covid19-radiography-database/COVID-19_Radiography_Dataset/COVID/images/COVID-3435.png,COVID,COVID,0.9525980353355408,0.0013043592916801572,0.046086620539426804,1.0959667633869685e-05,0.29247134923934937,,
/kaggle/input/datasets/tawsifurrahman/covid19-radiography-database/COVID-19_Radiography_Dataset/COVID/images/COVID-3438.png,COVID,COVID,0.9568477869033813,0.0021824033465236425,0.0409688837826252,9.031026593220304e-07,0.3072386085987091,,
/kaggle/input/datasets/tawsifurrahman/covid19-radiography-database/COVID-19_Radiography_Dataset/COVID/images/COVID-3455.png,COVID,Normal,0.24961812794208527,0.31751587986946106,0.43283215165138245,3.391252175788395e-05,0.31820148229599,0.46447813510894775,0.4644779860973358
/kaggle/input/datasets/tawsifurrahman/covid19-radiography-database/COVID-19_Radiography_Dataset/COVID/images/COVID-3457.png,COVID,COVID,0.9989117383956909,0.00015024426102172583,0.0008960836566984653,4.1904273530235514e-05,0.25342798233032227,0.29168999195098877,0.2916899621486664
/kaggle/input/datasets/tawsifurrahman/covid19-radiography-database/COVID-19_Radiography_Dataset/COVID/images/COVID-3461.png,COVID,COVID,0.9982976317405701,4.362186882644892e-05,0.0016580192605033517,7.852850103517994e-07,0.2745348811149597,,
/kaggle/input/datasets/tawsifurrahman/covid19-radiography-database/COVID-19_Radiography_Dataset/COVID/images/COVID-3462.png,COVID,Lung_Opacity,0.28187477588653564,0.44799262285232544,0.1327037215232849,0.1374288648366928,0.21151599287986755,,
/kaggle/input/datasets/tawsifurrahman/covid19-radiography-database/COVID-19_Radiography_Dataset/COVID/images/COVID-3463.png,COVID,COVID,0.9645349979400635,0.0004776048590429127,0.03498729318380356,1.0731535127206371e-07,0.19108796119689941,0.31498396396636963,0.31498369574546814
/kaggle/input/datasets/tawsifurrahman/covid19-radiography-database/COVID-19_Radiography_Dataset/COVID/images/COVID-3469.png,COVID,COVID,0.9943071007728577,0.005601601209491491,6.145097722765058e-05,2.990899702126626e-05,0.223235085606575,0.2717320919036865,0.2717319428920746
/kaggle/input/datasets/tawsifurrahman/covid19-radiography-database/COVID-19_Radiography_Dataset/COVID/images/COVID-3471.png,COVID,COVID,0.9987503290176392,0.00033040819107554853,0.0009143288480117917,4.81813685837551e-06,0.2878275513648987,,
/kaggle/input/datasets/tawsifurrahman/covid19-radiography-database/COVID-19_Radiography_Dataset/COVID/images/COVID-348.png,COVID,COVID,0.9953374862670898,0.0006380693521350622,0.003997265826910734,2.7118576326756738e-05,0.3120822608470917,,
/kaggle/input/datasets/tawsifurrahman/covid19-radiography-database/COVID-19_Radiography_Dataset/COVID/images/COVID-349.png,COVID,COVID,0.8093952536582947,0.15054641664028168,0.04005269706249237,5.5818977671151515e-06,0.2778624892234802,,
/kaggle/input/datasets/tawsifurrahman/covid19-radiography-database/COVID-19_Radiography_Dataset/COVID/images/COVID-3491.png,COVID,COVID,0.9905937910079956,0.008956133387982845,0.0003522686893120408,9.78401440079324e-05,0.17370925843715668,,
/kaggle/input/datasets/tawsifurrahman/covid19-radiography-database/COVID-19_Radiography_Dataset/COVID/images/COVID-3496.png,COVID,COVID,0.9999897480010986,7.797264515829738e-06,2.2918975446373224e-06,1.431444474064847e-07,0.23778444528579712,,
/kaggle/input/datasets/tawsifurrahman/covid19-radiography-database/COVID-19_Radiography_Dataset/COVID/images/COVID-3499.png,COVID,Lung_Opacity,0.07566758245229721,0.5117710828781128,0.41200435161590576,0.0005569465574808419,0.21691662073135376,,
/kaggle/input/datasets/tawsifurrahman/covid19-radiography-database/COVID-19_Radiography_Dataset/COVID/images/COVID-3501.png,COVID,COVID,0.9675593376159668,0.032365139573812485,4.774136687046848e-05,2.7807860533357598e-05,0.15270301699638367,,
/kaggle/input/datasets/tawsifurrahman/covid19-radiography-database/COVID-19_Radiography_Dataset/COVID/images/COVID-3502.png,COVID,COVID,0.6920780539512634,0.29708030819892883,0.010800301097333431,4.135811104788445e-05,0.21942788362503052,,
/kaggle/input/datasets/tawsifurrahman/covid19-radiography-database/COVID-19_Radiography_Dataset/COVID/images/COVID-3503.png,COVID,COVID,0.9974631071090698,1.1312846254440956e-05,0.002525500487536192,7.423285097729604e-08,0.2046995908021927,0.2532074451446533,0.25320741534233093
/kaggle/input/datasets/tawsifurrahman/covid19-radiography-database/COVID-19_Radiography_Dataset/COVID/images/COVID-351.png,COVID,COVID,0.9998338222503662,0.00011238195293117315,4.3602420191746205e-05,1.0185035534959752e-05,0.3068605959415436,,
/kaggle/input/datasets/tawsifurrahman/covid19-radiography-database/COVID-19_Radiography_Dataset/COVID/images/COVID-3515.png,COVID,COVID,0.9990031123161316,1.7441814634366892e-05,0.0009731004829518497,6.386406766978325e-06,0.319436252117157,,
/kaggle/input/datasets/tawsifurrahman/covid19-radiography-database/COVID-19_Radiography_Dataset/COVID/images/COVID-3516.png,COVID,COVID,0.9990031123161316,1.7441814634366892e-05,0.0009731004829518497,6.386406766978325e-06,0.319436252117157,,
/kaggle/input/datasets/tawsifurrahman/covid19-radiography-database/COVID-19_Radiography_Dataset/COVID/images/COVID-3526.png,COVID,COVID,0.9991053938865662,0.0008793984889052808,1.3620844583783764e-05,1.5802435200384934e-06,0.17897358536720276,,
/kaggle/input/datasets/tawsifurrahman/covid19-radiography-database/COVID-19_Radiography_Dataset/COVID/images/COVID-3527.png,COVID,COVID,0.9942731261253357,0.005656672641634941,3.60989615728613e-05,3.399045453988947e-05,0.24350349605083466,,
/kaggle/input/datasets/tawsifurrahman/covid19-radiography-database/COVID-19_Radiography_Dataset/COVID/images/COVID-3531.png,COVID,COVID,0.9971923232078552,0.0021371538750827312,0.0006704041152261198,1.2892402878605935e-07,0.16029612720012665,,
/kaggle/input/datasets/tawsifurrahman/covid19-radiography-database/COVID-19_Radiography_Dataset/COVID/images/COVID-3533.png,COVID,COVID,0.9741607308387756,0.02105538547039032,0.004783837590366602,5.454363716239641e-08,0.17356933653354645,,
/kaggle/input/datasets/tawsifurrahman/covid19-radiography-database/COVID-19_Radiography_Dataset/COVID/images/COVID-3541.png,COVID,COVID,0.9487622976303101,0.04496864974498749,0.006260582711547613,8.421096026722807e-06,0.22620531916618347,0.3865017294883728,0.3865017890930176
/kaggle/input/datasets/tawsifurrahman/covid19-radiography-database/COVID-19_Radiography_Dataset/COVID/images/COVID-3557.png,COVID,COVID,0.9920097589492798,0.00012465582403820008,0.0076821958646178246,0.00018345056741964072,0.19796428084373474,,
/kaggle/input/datasets/tawsifurrahman/covid19-radiography-database/COVID-19_Radiography_Dataset/COVID/images/COVID-3562.png,COVID,COVID,0.9984768033027649,0.0010954049648717046,0.000423233286710456,4.4959160732105374e-06,0.19095517694950104,,
/kaggle/input/datasets/tawsifurrahman/covid19-radiography-database/COVID-19_Radiography_Dataset/COVID/images/COVID-3563.png,COVID,COVID,0.9999730587005615,2.6435589461470954e-05,2.0671218692314142e-07,2.466573789661197e-07,0.1578449010848999,,
/kaggle/input/datasets/tawsifurrahman/covid19-radiography-database/COVID-19_Radiography_Dataset/COVID/images/COVID-3567.png,COVID,COVID,0.9685384035110474,0.03122253529727459,0.00022967412951402366,9.386065357830375e-06,0.17763492465019226,0.2586301863193512,0.25863009691238403
/kaggle/input/datasets/tawsifurrahman/covid19-radiography-database/COVID-19_Radiography_Dataset/COVID/images/COVID-3580.png,COVID,COVID,0.9961763620376587,0.00021668535191565752,0.0036008767783641815,6.137717718956992e-06,0.22787998616695404,,
/kaggle/input/datasets/tawsifurrahman/covid19-radiography-database/COVID-19_Radiography_Dataset/COVID/images/COVID-3581.png,COVID,COVID,0.9981263279914856,0.0002819795336108655,0.0015914373798295856,3.0109126214483695e-07,0.20846675336360931,,
/kaggle/input/datasets/tawsifurrahman/covid19-radiography-database/COVID-19_Radiography_Dataset/COVID/images/COVID-3587.png,COVID,COVID,0.9999921321868896,3.1730316152334126e-08,7.195377293101046e-06,6.864878514534212e-07,0.28808674216270447,,
/kaggle/input/datasets/tawsifurrahman/covid19-radiography-database/COVID-19_Radiography_Dataset/COVID/images/COVID-3591.png,COVID,COVID,0.9998966455459595,6.032341843820177e-05,4.515325144893723e-06,3.846314939437434e-05,0.2220587283372879,0.38598957657814026,0.38598954677581787
/kaggle/input/datasets/tawsifurrahman/covid19-radiography-database/COVID-19_Radiography_Dataset/COVID/images/COVID-3593.png,COVID,COVID,0.9999638795852661,3.4536140447016805e-05,1.597239702277875e-06,2.7894605736378253e-08,0.2594270706176758,,
/kaggle/input/datasets/tawsifurrahman/covid19-radiography-database/COVID-19_Radiography_Dataset/COVID/images/COVID-3598.png,COVID,COVID,0.9773871302604675,0.021013222634792328,0.0014593451051041484,0.000140302290674299,0.1687687337398529,,
/kaggle/input/datasets/tawsifurrahman/covid19-radiography-database/COVID-19_Radiography_Dataset/COVID/images/COVID-36.png,COVID,COVID,0.9523473978042603,0.007352049462497234,0.04027955234050751,2.108875742123928e-05,0.25915035605430603,0.38393092155456543,0.38392966985702515
/kaggle/input/datasets/tawsifurrahman/covid19-radiography-database/COVID-19_Radiography_Dataset/COVID/images/COVID-361.png,COVID,COVID,0.809557318687439,0.11615907400846481,0.07407698035240173,0.00020660884911194444,0.3072848320007324,,
/kaggle/input/datasets/tawsifurrahman/covid19-radiography-database/COVID-19_Radiography_Dataset/COVID/images/COVID-3612.png,COVID,COVID,0.972022533416748,0.0009342519333586097,0.027043018490076065,1.1489318296753481e-07,0.21721583604812622,,
/kaggle/input/datasets/tawsifurrahman/covid19-radiography-database/COVID-19_Radiography_Dataset/COVID/images/COVID-3616.png,COVID,COVID,0.9982831478118896,0.0012350514298304915,0.00045537788537330925,2.6339948817621917e-05,0.20764978229999542,0.28266453742980957,0.28266429901123047
/kaggle/input/datasets/tawsifurrahman/covid19-radiography-database/COVID-19_Radiography_Dataset/COVID/images/COVID-364.png,COVID,Normal,0.0693797767162323,0.05832982063293457,0.8721232414245605,0.00016712113574612886,0.24358296394348145,,
/kaggle/input/datasets/tawsifurrahman/covid19-radiography-database/COVID-19_Radiography_Dataset/COVID/images/COVID-368.png,COVID,COVID,0.9903905391693115,0.008256332017481327,0.0013412543339654803,1.1877517863467801e-05,0.19017107784748077,,
/kaggle/input/datasets/tawsifurrahman/covid19-radiography-database/COVID-19_Radiography_Dataset/COVID/images/COVID-372.png,COVID,COVID,0.9999576807022095,2.321675992789096e-06,1.9495771539368434e-06,3.808325345744379e-05,0.35780611634254456,,
/kaggle/input/datasets/tawsifurrahman/covid19-radiography-database/COVID-19_Radiography_Dataset/COVID/images/COVID-382.png,COVID,COVID,0.9831485748291016,0.0025692726485431194,0.0029594111256301403,0.011322754435241222,0.26474931836128235,,
/kaggle/input/datasets/tawsifurrahman/covid19-radiography-database/COVID-19_Radiography_Dataset/COVID/images/COVID-383.png,COVID,COVID,0.9999674558639526,2.386654841757263e-06,3.576201024202419e-08,3.013686182384845e-05,0.3500300943851471,,
/kaggle/input/datasets/tawsifurrahman/covid19-radiography-database/COVID-19_Radiography_Dataset/COVID/images/COVID-394.png,COVID,COVID,0.9973794221878052,0.0025545170065015554,3.725192800629884e-05,2.8885004212497734e-05,0.288485050201416,0.3681943714618683,0.36819398403167725
/kaggle/input/datasets/tawsifurrahman/covid19-radiography-database/COVID-19_Radiography_Dataset/COVID/images/COVID-395.png,COVID,COVID,0.9712740182876587,0.0023211149964481592,0.026281945407390594,0.00012294713815208524,0.3003472089767456,,
/kaggle/input/datasets/tawsifurrahman/covid19-radiography-database/COVID-19_Radiography_Dataset/COVID/images/COVID-4.png,COVID,Viral Pneumonia,0.0034860516898334026,0.0003537199227139354,0.008384736254811287,0.987775444984436,0.30237677693367004,,
/kaggle/input/datasets/tawsifurrahman/covid19-radiography-database/COVID-19_Radiography_Dataset/COVID/images/COVID-407.png,COVID,COVID,0.906342625617981,0.09136410802602768,0.002205411670729518,8.783383236732334e-05,0.23622897267341614,,
/kaggle/input/datasets/tawsifurrahman/covid19-radiography-database/COVID-19_Radiography_Dataset/COVID/images/COVID-409.png,COVID,COVID,0.9868489503860474,0.013016346842050552,1.4831875887466595e-05,0.00011989275662926957,0.26184144616127014,0.277718186378479,0.27771642804145813
/kaggle/input/datasets/tawsifurrahman/covid19-radiography-database/COVID-19_Radiography_Dataset/COVID/images/COVID-414.png,COVID,COVID,0.9999876022338867,1.1828334208985325e-05,3.626180955507152e-08,6.262238230192452e-07,0.32937145233154297,,
/kaggle/input/datasets/tawsifurrahman/covid19-radiography-database/COVID-19_Radiography_Dataset/COVID/images/COVID-418.png,COVID,COVID,0.9860473871231079,0.0006492835818789899,0.013278743252158165,2.4599961761850864e-05,0.25960758328437805,,
/kaggle/input/datasets/tawsifurrahman/covid19-radiography-database/COVID-19_Radiography_Dataset/COVID/images/COVID-42.png,COVID,COVID,0.9999973773956299,2.6626159979059594e-06,1.4974331108419392e-08,1.8756134423369986e-08,0.26411113142967224,,
/kaggle/input/datasets/tawsifurrahman/covid19-radiography-database/COVID-19_Radiography_Dataset/COVID/images/COVID-421.png,COVID,COVID,0.9550604224205017,0.014233608730137348,0.030486494302749634,0.0002194380504079163,0.2586699426174164,0.2195674628019333,0.21956728398799896
/kaggle/input/datasets/tawsifurrahman/covid19-radiography-database/COVID-19_Radiography_Dataset/COVID/images/COVID-423.png,COVID,Normal,0.016004953533411026,0.00016977461928036064,0.9551937580108643,0.028631554916501045,0.33968567848205566,0.4198828935623169,0.4198826849460602
/kaggle/input/datasets/tawsifurrahman/covid19-radiography-database/COVID-19_Radiography_Dataset/COVID/images/COVID-427.png,COVID,Normal,0.009597466327250004,0.03193527087569237,0.9584661722183228,1.0957952554235817e-06,0.31054702401161194,,
/kaggle/input/datasets/tawsifurrahman/covid19-radiography-database/COVID-19_Radiography_Dataset/COVID/images/COVID-447.png,COVID,COVID,0.9992363452911377,0.0007245864253491163,1.368553512293147e-05,2.5407302018720657e-05,0.36256417632102966,,
/kaggle/input/datasets/tawsifurrahman/covid19-radiography-database/COVID-19_Radiography_Dataset/COVID/images/COVID-452.png,COVID,COVID,0.9974316954612732,0.002472098683938384,1.0413456948299427e-05,8.574257662985474e-05,0.4354880452156067,0.5091622471809387,0.5091620087623596
/kaggle/input/datasets/tawsifurrahman/covid19-radiography-database/COVID-19_Radiography_Dataset/COVID/images/COVID-460.png,COVID,COVID,0.9999994039535522,3.65078278719011e-07,2.0021070668008178e-07,2.034561852326533e-08,0.3126051425933838,0.4591589570045471,0.4591580629348755
/kaggle/input/datasets/tawsifurrahman/covid19-radiography-database/COVID-19_Radiography_Dataset/COVID/images/COVID-467.png,COVID,Normal,0.11249437928199768,0.27805742621421814,0.6091789603233337,0.00026925644488073885,0.1852283775806427,,
/kaggle/input/datasets/tawsifurrahman/covid19-radiography-database/COVID-19_Radiography_Dataset/COVID/images/COVID-47.png,COVID,COVID,0.9721924066543579,0.02773529291152954,7.234288932522759e-05,4.535260611504555e-09,0.2616991400718689,0.46748465299606323,0.46748432517051697
/kaggle/input/datasets/tawsifurrahman/covid19-radiography-database/COVID-19_Radiography_Dataset/COVID/images/COVID-470.png,COVID,COVID,0.9483454823493958,0.0334610678255558,0.01817723549902439,1.62428059411468e-05,0.17891143262386322,,
/kaggle/input/datasets/tawsifurrahman/covid19-radiography-database/COVID-19_Radiography_Dataset/COVID/images/COVID-476.png,COVID,COVID,0.9996869564056396,0.0003101843467447907,1.7486392778209847e-07,2.8158806344436016e-06,0.19682785868644714,,
/kaggle/input/datasets/tawsifurrahman/covid19-radiography-database/COVID-19_Radiography_Dataset/COVID/images/COVID-480.png,COVID,COVID,0.9638357162475586,0.03586631640791893,0.00029534322675317526,2.7486066755955108e-06,0.12424449622631073,,
/kaggle/input/datasets/tawsifurrahman/covid19-radiography-database/COVID-19_Radiography_Dataset/COVID/images/COVID-490.png,COVID,COVID,0.9999184608459473,5.448438514576992e-06,7.60327820898965e-05,1.8344085361832185e-08,0.13327142596244812,,
/kaggle/input/datasets/tawsifurrahman/covid19-radiography-database/COVID-19_Radiography_Dataset/COVID/images/COVID-497.png,COVID,COVID,0.9998754262924194,5.801012957817875e-05,6.0563896113308147e-05,6.043704161129426e-06,0.3457666337490082,,
/kaggle/input/datasets/tawsifurrahman/covid19-radiography-database/COVID-19_Radiography_Dataset/COVID/images/COVID-504.png,COVID,COVID,0.8605763912200928,0.003906599245965481,0.13551358878612518,3.411021225474542e-06,0.31582948565483093,0.4665481448173523,0.4665479063987732
/kaggle/input/datasets/tawsifurrahman/covid19-radiography-database/COVID-19_Radiography_Dataset/COVID/images/COVID-509.png,COVID,COVID,0.9996296167373657,0.0002440639364067465,8.083258580882102e-05,4.552668542601168e-05,0.3213300406932831,0.48524340987205505,0.4852427542209625
/kaggle/input/datasets/tawsifurrahman/covid19-radiography-database/COVID-19_Radiography_Dataset/COVID/images/COVID-51.png,COVID,COVID,0.9857583045959473,0.004046604502946138,2.1056086552562192e-05,0.010173997841775417,0.3538549840450287,,
/kaggle/input/datasets/tawsifurrahman/covid19-radiography-database/COVID-19_Radiography_Dataset/COVID/images/COVID-510.png,COVID,COVID,0.9973587393760681,0.002630549715831876,1.0569704500085209e-05,7.364030096823626e-08,0.2238938808441162,0.40568220615386963,0.40568241477012634
/kaggle/input/datasets/tawsifurrahman/covid19-radiography-database/COVID-19_Radiography_Dataset/COVID/images/COVID-524.png,COVID,COVID,0.999977707862854,2.1233043298707344e-05,8.094273766801052e-07,2.416184088360751e-07,0.22058512270450592,,
/kaggle/input/datasets/tawsifurrahman/covid19-radiography-database/COVID-19_Radiography_Dataset/COVID/images/COVID-526.png,COVID,COVID,0.9956592917442322,0.004213577602058649,0.00012110880925320089,6.044027941243257e-06,0.21914887428283691,,
/kaggle/input/datasets/tawsifurrahman/covid19-radiography-database/COVID-19_Radiography_Dataset/COVID/images/COVID-527.png,COVID,COVID,0.9983320832252502,1.5696299669798464e-05,4.499153874348849e-06,0.0016476932214573026,0.40292543172836304,,
/kaggle/input/datasets/tawsifurrahman/covid19-radiography-database/COVID-19_Radiography_Dataset/COVID/images/COVID-528.png,COVID,COVID,0.9691784977912903,0.03069085069000721,5.8785266446648166e-05,7.184869173215702e-05,0.11025194823741913,0.2020197957754135,0.20201978087425232
/kaggle/input/datasets/tawsifurrahman/covid19-radiography-database/COVID-19_Radiography_Dataset/COVID/images/COVID-531.png,COVID,COVID,0.9993637204170227,0.0006287727155722678,8.636843062959088e-07,6.684829713776708e-06,0.11513487249612808,,
/kaggle/input/datasets/tawsifurrahman/covid19-radiography-database/COVID-19_Radiography_Dataset/COVID/images/COVID-533.png,COVID,COVID,0.9999985694885254,7.280542604348739e-07,4.517624674349463e-08,6.428973620131728e-07,0.3087337911128998,,
/kaggle/input/datasets/tawsifurrahman/covid19-radiography-database/COVID-19_Radiography_Dataset/COVID/images/COVID-538.png,COVID,COVID,0.9998782873153687,0.00012028876517433673,1.3614042018161854e-06,6.741364444451392e-08,0.41546109318733215,0.5039786100387573,0.5039777755737305
/kaggle/input/datasets/tawsifurrahman/covid19-radiography-database/COVID-19_Radiography_Dataset/COVID/images/COVID-54.png,COVID,COVID,0.9999432563781738,1.810909088817425e-05,2.3503416741732508e-05,1.5099733900569845e-05,0.44493722915649414,,
/kaggle/input/datasets/tawsifurrahman/covid19-radiography-database/COVID-19_Radiography_Dataset/COVID/images/COVID-541.png,COVID,COVID,0.9997175335884094,5.120335117680952e-05,1.7344996194879059e-06,0.00022948581317905337,0.34410884976387024,,
/kaggle/input/datasets/tawsifurrahman/covid19-radiography-database/COVID-19_Radiography_Dataset/COVID/images/COVID-55.png,COVID,COVID,0.8960778713226318,0.05981723591685295,0.04409690946340561,7.964580618136097e-06,0.17753516137599945,,
/kaggle/input/datasets/tawsifurrahman/covid19-radiography-database/COVID-19_Radiography_Dataset/COVID/images/COVID-551.png,COVID,COVID,0.9112948179244995,0.08865124732255936,5.16673935635481e-05,2.2953397547098575e-06,0.23214296996593475,,
/kaggle/input/datasets/tawsifurrahman/covid19-radiography-database/COVID-19_Radiography_Dataset/COVID/images/COVID-555.png,COVID,COVID,0.9550720453262329,0.011092223227024078,0.033830754458904266,4.964338131685508e-06,0.2736375629901886,0.4251021444797516,0.4251016676425934
/kaggle/input/datasets/tawsifurrahman/covid19-radiography-database/COVID-19_Radiography_Dataset/COVID/images/COVID-556.png,COVID,Viral Pneumonia,0.3867853879928589,0.0039985752664506435,0.0010566309792920947,0.6081594228744507,0.11059363186359406,,
/kaggle/input/datasets/tawsifurrahman/covid19-radiography-database/COVID-19_Radiography_Dataset/COVID/images/COVID-565.png,COVID,COVID,0.9998880624771118,0.00011143435403937474,2.7862836304848315e-07,2.1742063438523473e-07,0.3402843177318573,,
/kaggle/input/datasets/tawsifurrahman/covid19-radiography-database/COVID-19_Radiography_Dataset/COVID/images/COVID-569.png,COVID,COVID,0.999974250793457,1.7598436897969805e-05,8.13995302451076e-06,9.910857023953668e-09,0.44970646500587463,0.5224337577819824,0.5224331021308899
/kaggle/input/datasets/tawsifurrahman/covid19-radiography-database/COVID-19_Radiography_Dataset/COVID/images/COVID-57.png,COVID,COVID,0.936474621295929,0.0011307625100016594,0.0012716251658275723,0.06112302839756012,0.3548520505428314,,
/kaggle/input/datasets/tawsifurrahman/covid19-radiography-database/COVID-19_Radiography_Dataset/COVID/images/COVID-576.png,COVID,COVID,0.9988552331924438,0.0011403971584513783,2.3020763819658896e-06,2.109811930495198e-06,0.3620695471763611,,
/kaggle/input/datasets/tawsifurrahman/covid19-radiography-database/COVID-19_Radiography_Dataset/COVID/images/COVID-579.png,COVID,COVID,0.9561944603919983,0.03722068667411804,0.0002964097657240927,0.00628844415768981,0.34070223569869995,,
/kaggle/input/datasets/tawsifurrahman/covid19-radiography-database/COVID-19_Radiography_Dataset/COVID/images/COVID-582.png,COVID,COVID,0.9999428987503052,4.794621781911701e-05,1.2597280552029133e-08,9.12362156668678e-06,0.3989396393299103,,
/kaggle/input/datasets/tawsifurrahman/covid19-radiography-database/COVID-19_Radiography_Dataset/COVID/images/COVID-586.png,COVID,COVID,0.9959501028060913,0.0005383782554417849,0.003503202460706234,8.380099643545691e-06,0.32436031103134155,,
/kaggle/input/datasets/tawsifurrahman/covid19-radiography-database/COVID-19_Radiography_Dataset/COVID/images/COVID-598.png,COVID,COVID,0.9996401071548462,5.166140908841044e-05,0.0003082004841417074,2.341443128273113e-08,0.16783080995082855,0.3460167646408081,0.34601664543151855
/kaggle/input/datasets/tawsifurrahman/covid19-radiography-database/COVID-19_Radiography_Dataset/COVID/images/COVID-599.png,COVID,COVID,0.9999603033065796,1.4059847671887837e-05,2.421141107333824e-05,1.3798949112242553e-06,0.25867345929145813,0.42967456579208374,0.42967355251312256
/kaggle/input/datasets/tawsifurrahman/covid19-radiography-database/COVID-19_Radiography_Dataset/COVID/images/COVID-600.png,COVID,COVID,0.9999653100967407,3.435594408074394e-05,9.46127443057776e-08,2.048058291848065e-07,0.41360729932785034,,
/kaggle/input/datasets/tawsifurrahman/covid19-radiography-database/COVID-19_Radiography_Dataset/COVID/images/COVID-601.png,COVID,COVID,0.9860045313835144,0.0007474437006749213,0.01318433042615652,6.37112752883695e-05,0.1819421648979187,0.4431949853897095,0.4431942403316498
/kaggle/input/datasets/tawsifurrahman/covid19-radiography-database/COVID-19_Radiography_Dataset/COVID/images/COVID-602.png,COVID,COVID,0.9999630451202393,7.590543646074366e-06,2.9301645554369316e-05,8.4134352817955e-09,0.2171163111925125,,
/kaggle/input/datasets/tawsifurrahman/covid19-radiography-database/COVID-19_Radiography_Dataset/COVID/images/COVID-609.png,COVID,COVID,0.9999425411224365,4.305155380279757e-05,1.1694552995322738e-05,2.781684315777966e-06,0.30975064635276794,0.4331667125225067,0.433165967464447
/kaggle/input/datasets/tawsifurrahman/covid19-radiography-database/COVID-19_Radiography_Dataset/COVID/images/COVID-616.png,COVID,COVID,0.975955069065094,0.00866735354065895,0.015375490300357342,2.0705858787550824e-06,0.23361791670322418,,
/kaggle/input/datasets/tawsifurrahman/covid19-radiography-database/COVID-19_Radiography_Dataset/COVID/images/COVID-640.png,COVID,COVID,0.9873765707015991,0.004364145919680595,0.008241873234510422,1.7377875337842852e-05,0.20655368268489838,0.3108365833759308,0.3108365535736084
/kaggle/input/datasets/tawsifurrahman/covid19-radiography-database/COVID-19_Radiography_Dataset/COVID/images/COVID-643.png,COVID,COVID,0.9981526732444763,5.720069384551607e-05,0.0017887367866933346,1.3500355180440238e-06,0.27943679690361023,,
/kaggle/input/datasets/tawsifurrahman/covid19-radiography-database/COVID-19_Radiography_Dataset/COVID/images/COVID-648.png,COVID,COVID,0.9936096668243408,0.0009895258117467165,0.00538388267159462,1.693454760243185e-05,0.18042553961277008,,
/kaggle/input/datasets/tawsifurrahman/covid19-radiography-database/COVID-19_Radiography_Dataset/COVID/images/COVID-66.png,COVID,COVID,0.919884979724884,0.07632212340831757,0.0005713406135328114,0.0032215008977800608,0.2563607394695282,,
/kaggle/input/datasets/tawsifurrahman/covid19-radiography-database/COVID-19_Radiography_Dataset/COVID/images/COVID-660.png,COVID,Normal,0.4850614666938782,0.02935434877872467,0.4855135977268219,7.06078571965918e-05,0.24198977649211884,0.3801550269126892,0.38015469908714294
/kaggle/input/datasets/tawsifurrahman/covid19-radiography-database/COVID-19_Radiography_Dataset/COVID/images/COVID-662.png,COVID,COVID,0.9998515844345093,0.0001441522763343528,4.029343926958973e-06,2.4742087134654867e-07,0.16509926319122314,,
/kaggle/input/datasets/tawsifurrahman/covid19-radiography-database/COVID-19_Radiography_Dataset/COVID/images/COVID-670.png,COVID,COVID,0.9973503351211548,0.0023449112195521593,0.00010675910743884742,0.00019802169117610902,0.27812331914901733,0.3866742253303528,0.38667258620262146
/kaggle/input/datasets/tawsifurrahman/covid19-radiography-database/COVID-19_Radiography_Dataset/COVID/images/COVID-677.png,COVID,COVID,0.9617804884910583,0.02098521962761879,0.017232445999979973,1.7722641132422723e-06,0.18829786777496338,0.25005096197128296,0.25005072355270386
/kaggle/input/datasets/tawsifurrahman/covid19-radiography-database/COVID-19_Radiography_Dataset/COVID/images/COVID-68.png,COVID,COVID,0.9998705387115479,3.5287106584291905e-05,9.401587885804474e-05,6.259824658627622e-08,0.21699687838554382,0.3638913333415985,0.36389127373695374
/kaggle/input/datasets/tawsifurrahman/covid19-radiography-database/COVID-19_Radiography_Dataset/COVID/images/COVID-684.png,COVID,COVID,0.9869974851608276,0.012298607267439365,0.0007026530220173299,1.252319975719729e-06,0.2614203989505768,0.47214818000793457,0.47214800119400024
/kaggle/input/datasets/tawsifurrahman/covid19-radiography-database/COVID-19_Radiography_Dataset/COVID/images/COVID-69.png,COVID,COVID,0.9999573230743408,2.972730726469308e-05,1.290123464059434e-06,1.1663506484183017e-05,0.3277476131916046,,
/kaggle/input/datasets/tawsifurrahman/covid19-radiography-database/COVID-19_Radiography_Dataset/COVID/images/COVID-714.png,COVID,COVID,0.9836872220039368,0.0006854857201687992,0.015606067143380642,2.1221727365627885e-05,0.30997177958488464,,
/kaggle/input/datasets/tawsifurrahman/covid19-radiography-database/COVID-19_Radiography_Dataset/COVID/images/COVID-723.png,COVID,COVID,0.9990082383155823,0.0007905318634584546,0.0002003951813094318,7.721782822045498e-07,0.20996122062206268,0.3751114308834076,0.3751111328601837
/kaggle/input/datasets/tawsifurrahman/covid19-radiography-database/COVID-19_Radiography_Dataset/COVID/images/COVID-725.png,COVID,COVID,0.9991815686225891,0.000271069526206702,0.0005447404691949487,2.6219815936201485e-06,0.1884375661611557,,
/kaggle/input/datasets/tawsifurrahman/covid19-radiography-database/COVID-19_Radiography_Dataset/COVID/images/COVID-731.png,COVID,COVID,0.9998387098312378,3.371191996848211e-05,0.00012693538155872375,5.74099317418586e-07,0.28100067377090454,,
/kaggle/input/datasets/tawsifurrahman/covid19-radiography-database/COVID-19_Radiography_Dataset/COVID/images/COVID-743.png,COVID,COVID,0.9999339580535889,5.999731729389168e-05,5.990214958728757e-06,7.654224987163616e-08,0.20246750116348267,,
/kaggle/input/datasets/tawsifurrahman/covid19-radiography-database/COVID-19_Radiography_Dataset/COVID/images/COVID-755.png,COVID,COVID,0.9999642372131348,1.1422185707488097e-05,5.872923793504015e-06,1.844617690949235e-05,0.34142059087753296,,
/kaggle/input/datasets/tawsifurrahman/covid19-radiography-database/COVID-19_Radiography_Dataset/COVID/images/COVID-756.png,COVID,COVID,0.9385534524917603,0.0006392573122866452,0.060795024037361145,1.2245801372046117e-05,0.2705485224723816,,
/kaggle/input/datasets/tawsifurrahman/covid19-radiography-database/COVID-19_Radiography_Dataset/COVID/images/COVID-759.png,COVID,COVID,0.998333752155304,0.0013711996143683791,0.00026657592388801277,2.8463795388233848e-05,0.2648693919181824,,
/kaggle/input/datasets/tawsifurrahman/covid19-radiography-database/COVID-19_Radiography_Dataset/COVID/images/COVID-765.png,COVID,COVID,0.9796826243400574,0.01969171315431595,0.000622722611296922,2.93549123853154e-06,0.21006081998348236,,
/kaggle/input/datasets/tawsifurrahman/covid19-radiography-database/COVID-19_Radiography_Dataset/COVID/images/COVID-78.png,COVID,COVID,0.9999728202819824,1.7011672753142193e-05,2.2594965685129864e-06,7.929963430797216e-06,0.33811163902282715,,
/kaggle/input/datasets/tawsifurrahman/covid19-radiography-database/COVID-19_Radiography_Dataset/COVID/images/COVID-781.png,COVID,COVID,0.9407093524932861,0.05717616155743599,0.0020732327830046415,4.120642915950157e-05,0.18720397353172302,0.31875482201576233,0.31875425577163696
/kaggle/input/datasets/tawsifurrahman/covid19-radiography-database/COVID-19_Radiography_Dataset/COVID/images/COVID-782.png,COVID,COVID,0.9989116191864014,4.760700176120736e-05,0.0006102727493271232,0.0004305372422095388,0.23415622115135193,0.2450162172317505,0.2450161576271057
/kaggle/input/datasets/tawsifurrahman/covid19-radiography-database/COVID-19_Radiography_Dataset/COVID/images/COVID-808.png,COVID,COVID,0.675423800945282,0.3237706422805786,0.0006662798696197569,0.00013935877359472215,0.24396368861198425,0.34132882952690125,0.34132736921310425
/kaggle/input/datasets/tawsifurrahman/covid19-radiography-database/COVID-19_Radiography_Dataset/COVID/images/COVID-81.png,COVID,COVID,0.9922090768814087,0.0009869571076706052,0.0003050051745958626,0.006498891860246658,0.3026151657104492,,
/kaggle/input/datasets/tawsifurrahman/covid19-radiography-database/COVID-19_Radiography_Dataset/COVID/images/COVID-811.png,COVID,COVID,0.9991334080696106,0.0008057124214246869,1.977281499421224e-05,4.116687341593206e-05,0.2223607897758484,,
/kaggle/input/datasets/tawsifurrahman/covid19-radiography-database/COVID-19_Radiography_Dataset/COVID/images/COVID-837.png,COVID,COVID,0.999974250793457,2.5092340365517884e-05,3.5652826113619085e-07,2.5819863935794274e-07,0.15551409125328064,0.3746553957462311,0.3746544420719147
/kaggle/input/datasets/tawsifurrahman/covid19-radiography-database/COVID-19_Radiography_Dataset/COVID/images/COVID-841.png,COVID,Normal,0.2708224356174469,0.277278333902359,0.4518907070159912,8.44456644699676e-06,0.18993258476257324,,
/kaggle/input/datasets/tawsifurrahman/covid19-radiography-database/COVID-19_Radiography_Dataset/COVID/images/COVID-844.png,COVID,COVID,0.9982441663742065,0.0016630294267088175,9.054613474290818e-05,2.261474946863018e-06,0.21378940343856812,0.40668895840644836,0.4066886901855469
/kaggle/input/datasets/tawsifurrahman/covid19-radiography-database/COVID-19_Radiography_Dataset/COVID/images/COVID-85.png,COVID,COVID,0.925621747970581,0.07432739436626434,4.224736130709061e-06,4.662430001189932e-05,0.1546761393547058,,
/kaggle/input/datasets/tawsifurrahman/covid19-radiography-database/COVID-19_Radiography_Dataset/COVID/images/COVID-851.png,COVID,COVID,0.998508870601654,0.00028877382283098996,0.001201723818667233,5.885653422410542e-07,0.18447090685367584,,
/kaggle/input/datasets/tawsifurrahman/covid19-radiography-database/COVID-19_Radiography_Dataset/COVID/images/COVID-854.png,COVID,COVID,0.8932459950447083,0.003668101504445076,0.10299600660800934,8.995599637273699e-05,0.22343406081199646,,
/kaggle/input/datasets/tawsifurrahman/covid19-radiography-database/COVID-19_Radiography_Dataset/COVID/images/COVID-855.png,COVID,COVID,0.9987179040908813,0.001276924042031169,4.022901975986315e-06,1.1056009725507465e-06,0.15571588277816772,0.3185971975326538,0.31859683990478516
/kaggle/input/datasets/tawsifurrahman/covid19-radiography-database/COVID-19_Radiography_Dataset/COVID/images/COVID-863.png,COVID,COVID,0.9611977338790894,0.002577943028882146,0.036219798028469086,4.587572220771108e-06,0.3122427463531494,,
/kaggle/input/datasets/tawsifurrahman/covid19-radiography-database/COVID-19_Radiography_Dataset/COVID/images/COVID-868.png,COVID,COVID,0.9998728036880493,9.480481821810827e-05,2.871324250008911e-05,3.6544290651363553e-06,0.21926920115947723,0.30492374300956726,0.30492332577705383
/kaggle/input/datasets/tawsifurrahman/covid19-radiography-database/COVID-19_Radiography_Dataset/COVID/images/COVID-869.png,COVID,Normal,0.020844772458076477,0.011766718700528145,0.9673874974250793,1.0897414313149056e-06,0.27220359444618225,,
/kaggle/input/datasets/tawsifurrahman/covid19-radiography-database/COVID-19_Radiography_Dataset/COVID/images/COVID-91.png,COVID,Normal,0.010489892214536667,0.025405442342162132,0.9641037583351135,8.883280315785669e-07,0.3029736876487732,0.5802055597305298,0.5802054405212402
/kaggle/input/datasets/tawsifurrahman/covid19-radiography-database/COVID-19_Radiography_Dataset/COVID/images/COVID-915.png,COVID,COVID,0.999576985836029,0.0001811731926864013,6.2088665799819864e-06,0.00023568181495647877,0.15320168435573578,0.22623854875564575,0.22623740136623383
/kaggle/input/datasets/tawsifurrahman/covid19-radiography-database/COVID-19_Radiography_Dataset/COVID/images/COVID-918.png,COVID,COVID,0.9999700784683228,2.5004064809763804e-05,4.753545454150299e-06,1.4090011291045812e-07,0.1997394859790802,0.3703862130641937,0.3703860938549042
/kaggle/input/datasets/tawsifurrahman/covid19-radiography-database/COVID-19_Radiography_Dataset/COVID/images/COVID-92.png,COVID,COVID,0.999998927116394,6.896080435581098e-07,9.074305751255451e-08,2.940688830221916e-07,0.1803857535123825,,
/kaggle/input/datasets/tawsifurrahman/covid19-radiography-database/COVID-19_Radiography_Dataset/COVID/images/COVID-920.png,COVID,COVID,0.999017596244812,0.0007280698628164828,0.00025114911841228604,3.1578008474753005e-06,0.16340646147727966,,
/kaggle/input/datasets/tawsifurrahman/covid19-radiography-database/COVID-19_Radiography_Dataset/COVID/images/COVID-926.png,COVID,COVID,0.9488431215286255,0.04992159828543663,0.0012216003378853202,1.3645387298311107e-05,0.3128804564476013,,
/kaggle/input/datasets/tawsifurrahman/covid19-radiography-database/COVID-19_Radiography_Dataset/COVID/images/COVID-929.png,COVID,COVID,0.9999791383743286,1.979695116460789e-05,9.374628575642419e-07,7.110770638973918e-08,0.28718969225883484,0.45574748516082764,0.4557473361492157
/kaggle/input/datasets/tawsifurrahman/covid19-radiography-database/COVID-19_Radiography_Dataset/COVID/images/COVID-932.png,COVID,COVID,0.9989018440246582,0.0010951163712888956,9.389587489749829e-07,2.0651073100452777e-06,0.17707721889019012,0.3175860345363617,0.31758564710617065
/kaggle/input/datasets/tawsifurrahman/covid19-radiography-database/COVID-19_Radiography_Dataset/COVID/images/COVID-935.png,COVID,COVID,0.9999641180038452,3.524799467413686e-05,5.609348363577737e-07,6.786748496523387e-09,0.22899401187896729,,
/kaggle/input/datasets/tawsifurrahman/covid19-radiography-database/COVID-19_Radiography_Dataset/COVID/images/COVID-943.png,COVID,COVID,0.6896694898605347,0.015917692333459854,0.29441037774086,2.458818698869436e-06,0.3613133728504181,0.41892239451408386,0.41892170906066895
/kaggle/input/datasets/tawsifurrahman/covid19-radiography-database/COVID-19_Radiography_Dataset/COVID/images/COVID-955.png,COVID,COVID,0.9998526573181152,0.0001417582097928971,4.510349754127674e-06,1.0026932386608678e-06,0.32792794704437256,0.36341366171836853,0.363413006067276
/kaggle/input/datasets/tawsifurrahman/covid19-radiography-database/COVID-19_Radiography_Dataset/COVID/images/COVID-970.png,COVID,COVID,0.9924468994140625,0.007147344760596752,0.00030174897983670235,0.00010395675781182945,0.2544463276863098,,
/kaggle/input/datasets/tawsifurrahman/covid19-radiography-database/COVID-19_Radiography_Dataset/COVID/images/COVID-972.png,COVID,COVID,0.9059937596321106,0.09304659068584442,0.000958942633587867,7.250997668961645e-07,0.26178017258644104,,
/kaggle/input/datasets/tawsifurrahman/covid19-radiography-database/COVID-19_Radiography_Dataset/COVID/images/COVID-986.png,COVID,COVID,0.9812883138656616,0.018696699291467667,1.3547569324146025e-05,1.4570941857527941e-06,0.17048294842243195,0.3609824776649475,0.36098146438598633
/kaggle/input/datasets/tawsifurrahman/covid19-radiography-database/COVID-19_Radiography_Dataset/Lung_Opacity/images/Lung_Opacity-1004.png,Lung_Opacity,Lung_Opacity,0.3763764500617981,0.5214031338691711,0.10213648527860641,8.391853771172464e-05,0.20452018082141876,,
/kaggle/input/datasets/tawsifurrahman/covid19-radiography-database/COVID-19_Radiography_Dataset/Lung_Opacity/images/Lung_Opacity-1036.png,Lung_Opacity,Lung_Opacity,1.1658060429908801e-05,0.9911999106407166,0.00878814049065113,3.1583175541527453e-07,0.16472038626670837,0.2507852613925934,0.2507851719856262
/kaggle/input/datasets/tawsifurrahman/covid19-radiography-database/COVID-19_Radiography_Dataset/Lung_Opacity/images/Lung_Opacity-1037.png,Lung_Opacity,Lung_Opacity,0.008229865692555904,0.7872257232666016,0.20453619956970215,8.130521564453375e-06,0.14281751215457916,,
/kaggle/input/datasets/tawsifurrahman/covid19-radiography-database/COVID-19_Radiography_Dataset/Lung_Opacity/images/Lung_Opacity-1042.png,Lung_Opacity,Normal,0.00021922968153376132,0.4751734435558319,0.5246071219444275,1.8968955828313483e-07,0.227240189909935,,
/kaggle/input/datasets/tawsifurrahman/covid19-radiography-database/COVID-19_Radiography_Dataset/Lung_Opacity/images/Lung_Opacity-1045.png,Lung_Opacity,Lung_Opacity,0.002211360726505518,0.9741854071617126,0.023464787751436234,0.0001384381321258843,0.2775631546974182,,
/kaggle/input/datasets/tawsifurrahman/covid19-radiography-database/COVID-19_Radiography_Dataset/Lung_Opacity/images/Lung_Opacity-1059.png,Lung_Opacity,Lung_Opacity,0.0044591608457267284,0.9010759592056274,0.07651332765817642,0.01795160584151745,0.19350868463516235,,
/kaggle/input/datasets/tawsifurrahman/covid19-radiography-database/COVID-19_Radiography_Dataset/Lung_Opacity/images/Lung_Opacity-1063.png,Lung_Opacity,Lung_Opacity,2.2468705083156237e-06,0.9979876279830933,0.00200997875072062,1.4913916857040022e-07,0.3008415699005127,,
/kaggle/input/datasets/tawsifurrahman/covid19-radiography-database/COVID-19_Radiography_Dataset/Lung_Opacity/images/Lung_Opacity-1066.png,Lung_Opacity,Lung_Opacity,0.0006422700826078653,0.9979273080825806,0.0011805553222075105,0.0002498733811080456,0.28515633940696716,,
/kaggle/input/datasets/tawsifurrahman/covid19-radiography-database/COVID-19_Radiography_Dataset/Lung_Opacity/images/Lung_Opacity-1079.png,Lung_Opacity,Lung_Opacity,3.2326213840860873e-05,0.9491369128227234,0.05082869157195091,1.9830913515761495e-06,0.21544335782527924,,
/kaggle/input/datasets/tawsifurrahman/covid19-radiography-database/COVID-19_Radiography_Dataset/Lung_Opacity/images/Lung_Opacity-1097.png,Lung_Opacity,Lung_Opacity,1.7641570593696088e-05,0.9998692274093628,0.0001131583412643522,2.670780929747707e-08,0.24270601570606232,,
/kaggle/input/datasets/tawsifurrahman/covid19-radiography-database/COVID-19_Radiography_Dataset/Lung_Opacity/images/Lung_Opacity-11.png,Lung_Opacity,Normal,0.055022530257701874,0.08294905722141266,0.8608002662658691,0.001228100387379527,0.3259735703468323,,
/kaggle/input/datasets/tawsifurrahman/covid19-radiography-database/COVID-19_Radiography_Dataset/Lung_Opacity/images/Lung_Opacity-110.png,Lung_Opacity,Lung_Opacity,0.00017944678256753832,0.9964105486869812,0.0033883091527968645,2.1708456188207492e-05,0.23688732087612152,,
/kaggle/input/datasets/tawsifurrahman/covid19-radiography-database/COVID-19_Radiography_Dataset/Lung_Opacity/images/Lung_Opacity-1112.png,Lung_Opacity,Lung_Opacity,0.00011862043174915016,0.6395664811134338,0.36031392216682434,1.0050234777736478e-06,0.33125463128089905,,
/kaggle/input/datasets/tawsifurrahman/covid19-radiography-database/COVID-19_Radiography_Dataset/Lung_Opacity/images/Lung_Opacity-1120.png,Lung_Opacity,COVID,0.4050942063331604,0.3058425784111023,0.288995623588562,6.763894634786993e-05,0.17333011329174042,,
/kaggle/input/datasets/tawsifurrahman/covid19-radiography-database/COVID-19_Radiography_Dataset/Lung_Opacity/images/Lung_Opacity-1126.png,Lung_Opacity,Lung_Opacity,0.0036995799746364355,0.9960566759109497,0.00024260087229777128,1.1959415360252024e-06,0.22357326745986938,,
/kaggle/input/datasets/tawsifurrahman/covid19-radiography-database/COVID-19_Radiography_Dataset/Lung_Opacity/images/Lung_Opacity-113.png,Lung_Opacity,Lung_Opacity,0.003935681656002998,0.7728852033615112,0.22294460237026215,0.0002344469539821148,0.15023212134838104,0.19558186829090118,0.19558140635490417
/kaggle/input/datasets/tawsifurrahman/covid19-radiography-database/COVID-19_Radiography_Dataset/Lung_Opacity/images/Lung_Opacity-1130.png,Lung_Opacity,Lung_Opacity,0.0005894965142942965,0.856877326965332,0.1424407958984375,9.236476762453094e-05,0.14325597882270813,0.07782815396785736,0.07782813906669617
/kaggle/input/datasets/tawsifurrahman/covid19-radiography-database/COVID-19_Radiography_Dataset/Lung_Opacity/images/Lung_Opacity-1138.png,Lung_Opacity,Lung_Opacity,0.00283819530159235,0.9970165491104126,0.00014318287139758468,2.1931839455646696e-06,0.2139471471309662,0.23172369599342346,0.23172369599342346
/kaggle/input/datasets/tawsifurrahman/covid19-radiography-database/COVID-19_Radiography_Dataset/Lung_Opacity/images/Lung_Opacity-1142.png,Lung_Opacity,Lung_Opacity,0.0022558742202818394,0.8138879537582397,0.1833730787038803,0.0004830862453673035,0.132254958152771,,
/kaggle/input/datasets/tawsifurrahman/covid19-radiography-database/COVID-19_Radiography_Dataset/Lung_Opacity/images/Lung_Opacity-1147.png,Lung_Opacity,Lung_Opacity,9.941434109350666e-05,0.9958022236824036,0.004097419325262308,8.938494033827737e-07,0.20920419692993164,,
/kaggle/input/datasets/tawsifurrahman/covid19-radiography-database/COVID-19_Radiography_Dataset/Lung_Opacity/images/Lung_Opacity-1155.png,Lung_Opacity,Lung_Opacity,0.01011336874216795,0.8790535926818848,0.11083120107650757,1.8569370467957924e-06,0.18449068069458008,0.35924839973449707,0.35924839973449707
/kaggle/input/datasets/tawsifurrahman/covid19-radiography-database/COVID-19_Radiography_Dataset/Lung_Opacity/images/Lung_Opacity-1163.png,Lung_Opacity,Lung_Opacity,3.804283915087581e-05,0.9872410297393799,0.012720063328742981,8.814874377094384e-07,0.14020682871341705,0.1852833330631256,0.18528327345848083
/kaggle/input/datasets/tawsifurrahman/covid19-radiography-database/COVID-19_Radiography_Dataset/Lung_Opacity/images/Lung_Opacity-1172.png,Lung_Opacity,Lung_Opacity,0.005417846608906984,0.977635383605957,0.016912655904889107,3.416305116843432e-05,0.19184526801109314,,
/kaggle/input/datasets/tawsifurrahman/covid19-radiography-database/COVID-19_Radiography_Dataset/Lung_Opacity/images/Lung_Opacity-118.png,Lung_Opacity,Lung_Opacity,0.0016510019777342677,0.9972155094146729,0.0011107801692560315,2.2658367015537806e-05,0.21623924374580383,0.22869457304477692,0.228694349527359
/kaggle/input/datasets/tawsifurrahman/covid19-radiography-database/COVID-19_Radiography_Dataset/Lung_Opacity/images/Lung_Opacity-1182.png,Lung_Opacity,Lung_Opacity,0.01568862609565258,0.9800254106521606,0.004143973812460899,0.0001419896725565195,0.29380595684051514,,
/kaggle/input/datasets/tawsifurrahman/covid19-radiography-database/COVID-19_Radiography_Dataset/Lung_Opacity/images/Lung_Opacity-1183.png,Lung_Opacity,Lung_Opacity,0.006865863688290119,0.6243935823440552,0.3686785101890564,6.202675285749137e-05,0.22381259500980377,,
/kaggle/input/datasets/tawsifurrahman/covid19-radiography-database/COVID-19_Radiography_Dataset/Lung_Opacity/images/Lung_Opacity-1184.png,Lung_Opacity,Lung_Opacity,4.966089181834832e-05,0.9947104454040527,0.005238769575953484,1.2218972642585868e-06,0.19019052386283875,0.18566332757472992,0.18566332757472992
/kaggle/input/datasets/tawsifurrahman/covid19-radiography-database/COVID-19_Radiography_Dataset/Lung_Opacity/images/Lung_Opacity-1207.png,Lung_Opacity,Lung_Opacity,0.002230339450761676,0.9573808312416077,0.040377113968133926,1.1759783774323296e-05,0.2216411679983139,,
/kaggle/input/datasets/tawsifurrahman/covid19-radiography-database/COVID-19_Radiography_Dataset/Lung_Opacity/images/Lung_Opacity-1212.png,Lung_Opacity,Normal,0.028228620067238808,0.2625235319137573,0.7092385292053223,9.329171007266268e-06,0.13859261572360992,,
/kaggle/input/datasets/tawsifurrahman/covid19-radiography-database/COVID-19_Radiography_Dataset/Lung_Opacity/images/Lung_Opacity-1214.png,Lung_Opacity,Normal,0.001778476987965405,0.2720645070075989,0.7261558175086975,1.236738967236306e-06,0.16693252325057983,0.2780824303627014,0.27808237075805664
/kaggle/input/datasets/tawsifurrahman/covid19-radiography-database/COVID-19_Radiography_Dataset/Lung_Opacity/images/Lung_Opacity-1218.png,Lung_Opacity,Lung_Opacity,0.007523534819483757,0.9333208799362183,0.059084080159664154,7.143016409827396e-05,0.2338179349899292,,
/kaggle/input/datasets/tawsifurrahman/covid19-radiography-database/COVID-19_Radiography_Dataset/Lung_Opacity/images/Lung_Opacity-1222.png,Lung_Opacity,Lung_Opacity,9.386533201904967e-05,0.9996621608734131,0.00024360258248634636,4.0302575143869035e-07,0.22433093190193176,0.3178742527961731,0.3178740441799164
/kaggle/input/datasets/tawsifurrahman/covid19-radiography-database/COVID-19_Radiography_Dataset/Lung_Opacity/images/Lung_Opacity-1223.png,Lung_Opacity,Lung_Opacity,2.313963523192797e-05,0.9890227317810059,0.010953446850180626,6.982874083405477e-07,0.2014111876487732,0.24429965019226074,0.2442995309829712
/kaggle/input/datasets/tawsifurrahman/covid19-radiography-database/COVID-19_Radiography_Dataset/Lung_Opacity/images/Lung_Opacity-1226.png,Lung_Opacity,Lung_Opacity,0.0007809773669578135,0.99346923828125,0.005749676376581192,6.946509500949105e-08,0.23762474954128265,,
/kaggle/input/datasets/tawsifurrahman/covid19-radiography-database/COVID-19_Radiography_Dataset/Lung_Opacity/images/Lung_Opacity-1240.png,Lung_Opacity,Lung_Opacity,0.00046602889779023826,0.6554251313209534,0.34408169984817505,2.712579589569941e-05,0.2637377977371216,,
/kaggle/input/datasets/tawsifurrahman/covid19-radiography-database/COVID-19_Radiography_Dataset/Lung_Opacity/images/Lung_Opacity-1241.png,Lung_Opacity,Lung_Opacity,0.00022912892745807767,0.9959302544593811,0.0038264147005975246,1.42972912726691e-05,0.16677309572696686,,
/kaggle/input/datasets/tawsifurrahman/covid19-radiography-database/COVID-19_Radiography_Dataset/Lung_Opacity/images/Lung_Opacity-1242.png,Lung_Opacity,Lung_Opacity,0.006000624969601631,0.9935566782951355,0.0004185505385976285,2.4143930204445496e-05,0.33554044365882874,,
/kaggle/input/datasets/tawsifurrahman/covid19-radiography-database/COVID-19_Radiography_Dataset/Lung_Opacity/images/Lung_Opacity-1247.png,Lung_Opacity,Lung_Opacity,5.942669668002054e-05,0.9987460374832153,0.0011945258593186736,4.450563295677057e-08,0.2143058180809021,,
/kaggle/input/datasets/tawsifurrahman/covid19-radiography-database/COVID-19_Radiography_Dataset/Lung_Opacity/images/Lung_Opacity-1249.png,Lung_Opacity,Lung_Opacity,0.00021969068620819598,0.852135956287384,0.14764371514320374,5.590169962488289e-07,0.19959750771522522,,
/kaggle/input/datasets/tawsifurrahman/covid19-radiography-database/COVID-19_Radiography_Dataset/Lung_Opacity/images/Lung_Opacity-1253.png,Lung_Opacity,Lung_Opacity,0.028321612626314163,0.9593592882156372,0.012318728491663933,3.8851135286677163e-07,0.15527352690696716,,
/kaggle/input/datasets/tawsifurrahman/covid19-radiography-database/COVID-19_Radiography_Dataset/Lung_Opacity/images/Lung_Opacity-1254.png,Lung_Opacity,Lung_Opacity,0.00289991800673306,0.8956961035728455,0.10127852857112885,0.0001254596863873303,0.1793689876794815,,
/kaggle/input/datasets/tawsifurrahman/covid19-radiography-database/COVID-19_Radiography_Dataset/Lung_Opacity/images/Lung_Opacity-1257.png,Lung_Opacity,Lung_Opacity,0.00924608577042818,0.9904795289039612,0.0002726416278164834,1.757593963702675e-06,0.2646500766277313,,
/kaggle/input/datasets/tawsifurrahman/covid19-radiography-database/COVID-19_Radiography_Dataset/Lung_Opacity/images/Lung_Opacity-1273.png,Lung_Opacity,Lung_Opacity,0.012893076054751873,0.9172253012657166,0.06985990703105927,2.1664223822881468e-05,0.2761683762073517,,
/kaggle/input/datasets/tawsifurrahman/covid19-radiography-database/COVID-19_Radiography_Dataset/Lung_Opacity/images/Lung_Opacity-1277.png,Lung_Opacity,Lung_Opacity,0.009779875166714191,0.9662167429924011,0.02399330586194992,9.990438229579013e-06,0.25107666850090027,0.2342103123664856,0.2342102974653244
/kaggle/input/datasets/tawsifurrahman/covid19-radiography-database/COVID-19_Radiography_Dataset/Lung_Opacity/images/Lung_Opacity-1281.png,Lung_Opacity,Lung_Opacity,0.0027879371773451567,0.9957970380783081,0.0013827005168423057,3.231677328585647e-05,0.2430649995803833,0.42260652780532837,0.4226064085960388
/kaggle/input/datasets/tawsifurrahman/covid19-radiography-database/COVID-19_Radiography_Dataset/Lung_Opacity/images/Lung_Opacity-1300.png,Lung_Opacity,Lung_Opacity,0.0019161709351465106,0.9954915642738342,0.002591152675449848,1.1498152616695734e-06,0.20737022161483765,,
/kaggle/input/datasets/tawsifurrahman/covid19-radiography-database/COVID-19_Radiography_Dataset/Lung_Opacity/images/Lung_Opacity-1305.png,Lung_Opacity,Lung_Opacity,0.052842605859041214,0.8688423037528992,0.07830050587654114,1.4587429177481681e-05,0.17438623309135437,,
/kaggle/input/datasets/tawsifurrahman/covid19-radiography-database/COVID-19_Radiography_Dataset/Lung_Opacity/images/Lung_Opacity-133.png,Lung_Opacity,Lung_Opacity,2.768385638773907e-05,0.9975903034210205,0.002379779703915119,2.221453087258851e-06,0.2655293345451355,,
/kaggle/input/datasets/tawsifurrahman/covid19-radiography-database/COVID-19_Radiography_Dataset/Lung_Opacity/images/Lung_Opacity-1331.png,Lung_Opacity,Lung_Opacity,0.18862900137901306,0.679965078830719,0.12703454494476318,0.004371402785181999,0.39642584323883057,0.4620685279369354,0.46206802129745483
/kaggle/input/datasets/tawsifurrahman/covid19-radiography-database/COVID-19_Radiography_Dataset/Lung_Opacity/images/Lung_Opacity-1346.png,Lung_Opacity,Lung_Opacity,0.0003617281618062407,0.9987269043922424,0.0009098920272663236,1.369346932733606e-06,0.16934403777122498,0.2607817053794861,0.26078173518180847
/kaggle/input/datasets/tawsifurrahman/covid19-radiography-database/COVID-19_Radiography_Dataset/Lung_Opacity/images/Lung_Opacity-1349.png,Lung_Opacity,Lung_Opacity,0.08117786794900894,0.7128795981407166,0.20304584503173828,0.002896649530157447,0.33326756954193115,,
/kaggle/input/datasets/tawsifurrahman/covid19-radiography-database/COVID-19_Radiography_Dataset/Lung_Opacity/images/Lung_Opacity-1355.png,Lung_Opacity,Lung_Opacity,0.0048915850929915905,0.8339584469795227,0.16109903156757355,5.094512380310334e-05,0.16300639510154724,0.20070567727088928,0.20070555806159973
/kaggle/input/datasets/tawsifurrahman/covid19-radiography-database/COVID-19_Radiography_Dataset/Lung_Opacity/images/Lung_Opacity-1364.png,Lung_Opacity,Lung_Opacity,0.0035019463393837214,0.983278214931488,0.010978647507727146,0.0022411663085222244,0.22333396971225739,,
/kaggle/input/datasets/tawsifurrahman/covid19-radiography-database/COVID-19_Radiography_Dataset/Lung_Opacity/images/Lung_Opacity-1379.png,Lung_Opacity,Lung_Opacity,0.0001697164843790233,0.9323629140853882,0.06745361536741257,1.3747539014730137e-05,0.16081416606903076,,
/kaggle/input/datasets/tawsifurrahman/covid19-radiography-database/COVID-19_Radiography_Dataset/Lung_Opacity/images/Lung_Opacity-1386.png,Lung_Opacity,Lung_Opacity,6.84485785313882e-05,0.9999257326126099,5.741342192777665e-06,7.363659904058295e-08,0.24647335708141327,,
/kaggle/input/datasets/tawsifurrahman/covid19-radiography-database/COVID-19_Radiography_Dataset/Lung_Opacity/images/Lung_Opacity-140.png,Lung_Opacity,Lung_Opacity,0.00020328795653767884,0.9551988840103149,0.0445978082716465,1.2613071476152982e-08,0.2147642970085144,,
/kaggle/input/datasets/tawsifurrahman/covid19-radiography-database/COVID-19_Radiography_Dataset/Lung_Opacity/images/Lung_Opacity-1401.png,Lung_Opacity,Lung_Opacity,7.860855112085119e-05,0.964611291885376,0.035296253859996796,1.3794671758660115e-05,0.19678740203380585,0.16746675968170166,0.16746675968170166
/kaggle/input/datasets/tawsifurrahman/covid19-radiography-database/COVID-19_Radiography_Dataset/Lung_Opacity/images/Lung_Opacity-1404.png,Lung_Opacity,Lung_Opacity,0.005066012032330036,0.9117483496665955,0.08304845541715622,0.00013715485692955554,0.2108381986618042,,
/kaggle/input/datasets/tawsifurrahman/covid19-radiography-database/COVID-19_Radiography_Dataset/Lung_Opacity/images/Lung_Opacity-1412.png,Lung_Opacity,Lung_Opacity,0.00023372862779069692,0.9994587302207947,0.00030374963534995914,3.830421064776601e-06,0.2083486020565033,0.2859976291656494,0.2859971523284912
/kaggle/input/datasets/tawsifurrahman/covid19-radiography-database/COVID-19_Radiography_Dataset/Lung_Opacity/images/Lung_Opacity-1434.png,Lung_Opacity,Lung_Opacity,0.0006627572583965957,0.9826237559318542,0.01671135053038597,2.1602745619020425e-06,0.13938955962657928,,
/kaggle/input/datasets/tawsifurrahman/covid19-radiography-database/COVID-19_Radiography_Dataset/Lung_Opacity/images/Lung_Opacity-1439.png,Lung_Opacity,Lung_Opacity,5.918408305660705e-07,0.9991017580032349,0.0008976021781563759,7.952040448344633e-08,0.20669299364089966,,
/kaggle/input/datasets/tawsifurrahman/covid19-radiography-database/COVID-19_Radiography_Dataset/Lung_Opacity/images/Lung_Opacity-144.png,Lung_Opacity,Lung_Opacity,0.04188133403658867,0.9558408260345459,0.0022426920477300882,3.523847772157751e-05,0.39331620931625366,,
/kaggle/input/datasets/tawsifurrahman/covid19-radiography-database/COVID-19_Radiography_Dataset/Lung_Opacity/images/Lung_Opacity-1441.png,Lung_Opacity,Lung_Opacity,3.5289667721372098e-06,0.9973636269569397,0.0026326405350118876,2.426370713237702e-07,0.14889641106128693,,
/kaggle/input/datasets/tawsifurrahman/covid19-radiography-database/COVID-19_Radiography_Dataset/Lung_Opacity/images/Lung_Opacity-1442.png,Lung_Opacity,Lung_Opacity,0.0002622462925501168,0.9980133771896362,0.0017233723774552345,9.36614583224582e-07,0.2043607532978058,0.25421378016471863,0.25421375036239624
/kaggle/input/datasets/tawsifurrahman/covid19-radiography-database/COVID-19_Radiography_Dataset/Lung_Opacity/images/Lung_Opacity-1446.png,Lung_Opacity,Lung_Opacity,9.437939297640696e-05,0.9997814297676086,0.00011480446846690029,9.420597962161992e-06,0.18684233725070953,,
/kaggle/input/datasets/tawsifurrahman/covid19-radiography-database/COVID-19_Radiography_Dataset/Lung_Opacity/images/Lung_Opacity-1447.png,Lung_Opacity,Lung_Opacity,0.03747757524251938,0.9574719667434692,0.005036472342908382,1.4021655260876287e-05,0.18738141655921936,0.20966608822345734,0.20966601371765137
/kaggle/input/datasets/tawsifurrahman/covid19-radiography-database/COVID-19_Radiography_Dataset/Lung_Opacity/images/Lung_Opacity-1461.png,Lung_Opacity,Lung_Opacity,0.0066276839934289455,0.5462927222251892,0.4470630884170532,1.647630415391177e-05,0.19210410118103027,,
/kaggle/input/datasets/tawsifurrahman/covid19-radiography-database/COVID-19_Radiography_Dataset/Lung_Opacity/images/Lung_Opacity-1464.png,Lung_Opacity,Lung_Opacity,0.08535628765821457,0.5380910038948059,0.3765439987182617,8.743431862967554e-06,0.25858983397483826,0.17040051519870758,0.17040053009986877
/kaggle/input/datasets/tawsifurrahman/covid19-radiography-database/COVID-19_Radiography_Dataset/Lung_Opacity/images/Lung_Opacity-1466.png,Lung_Opacity,Lung_Opacity,1.931799715748639e-06,0.9840461015701294,0.015946486964821815,5.497845450008754e-06,0.09737730771303177,,
/kaggle/input/datasets/tawsifurrahman/covid19-radiography-database/COVID-19_Radiography_Dataset/Lung_Opacity/images/Lung_Opacity-1467.png,Lung_Opacity,Lung_Opacity,0.0027465159073472023,0.9972065091133118,4.4502066884888336e-05,2.499807123967912e-06,0.22108200192451477,,
/kaggle/input/datasets/tawsifurrahman/covid19-radiography-database/COVID-19_Radiography_Dataset/Lung_Opacity/images/Lung_Opacity-1469.png,Lung_Opacity,Lung_Opacity,0.008770089596509933,0.7672703862190247,0.22377118468284607,0.0001882965734694153,0.19234345853328705,0.3428511321544647,0.3428506851196289
/kaggle/input/datasets/tawsifurrahman/covid19-radiography-database/COVID-19_Radiography_Dataset/Lung_Opacity/images/Lung_Opacity-1513.png,Lung_Opacity,Lung_Opacity,0.0002842919493559748,0.9973963499069214,0.0023169787600636482,2.378784529355471e-06,0.19700708985328674,,
/kaggle/input/datasets/tawsifurrahman/covid19-radiography-database/COVID-19_Radiography_Dataset/Lung_Opacity/images/Lung_Opacity-1520.png,Lung_Opacity,Lung_Opacity,0.00010577656212262809,0.7746621370315552,0.2252313494682312,7.282115461748617e-07,0.15160663425922394,,
/kaggle/input/datasets/tawsifurrahman/covid19-radiography-database/COVID-19_Radiography_Dataset/Lung_Opacity/images/Lung_Opacity-1523.png,Lung_Opacity,Lung_Opacity,0.002856604289263487,0.9911201596260071,0.0059985993430018425,2.4686838514753617e-05,0.28089138865470886,,
/kaggle/input/datasets/tawsifurrahman/covid19-radiography-database/COVID-19_Radiography_Dataset/Lung_Opacity/images/Lung_Opacity-1524.png,Lung_Opacity,Lung_Opacity,0.016813630238175392,0.9207686185836792,0.06238531693816185,3.246990672778338e-05,0.21807248890399933,,
/kaggle/input/datasets/tawsifurrahman/covid19-radiography-database/COVID-19_Radiography_Dataset/Lung_Opacity/images/Lung_Opacity-1529.png,Lung_Opacity,Lung_Opacity,0.0005748592666350305,0.9125487208366394,0.08687587827444077,5.452845357467595e-07,0.22453001141548157,,
/kaggle/input/datasets/tawsifurrahman/covid19-radiography-database/COVID-19_Radiography_Dataset/Lung_Opacity/images/Lung_Opacity-1535.png,Lung_Opacity,Lung_Opacity,0.02818993106484413,0.5692416429519653,0.3813268542289734,0.021241579204797745,0.2132897526025772,0.15393824875354767,0.1539381891489029
/kaggle/input/datasets/tawsifurrahman/covid19-radiography-database/COVID-19_Radiography_Dataset/Lung_Opacity/images/Lung_Opacity-1540.png,Lung_Opacity,Lung_Opacity,0.0003025986079592258,0.5965701937675476,0.4031040072441101,2.3161213903222233e-05,0.25643765926361084,,
/kaggle/input/datasets/tawsifurrahman/covid19-radiography-database/COVID-19_Radiography_Dataset/Lung_Opacity/images/Lung_Opacity-1552.png,Lung_Opacity,Lung_Opacity,0.0005732934805564582,0.9965708255767822,0.002855755388736725,1.6308972305978386e-07,0.19347898662090302,0.25509124994277954,0.25509119033813477
/kaggle/input/datasets/tawsifurrahman/covid19-radiography-database/COVID-19_Radiography_Dataset/Lung_Opacity/images/Lung_Opacity-1556.png,Lung_Opacity,Lung_Opacity,3.103297331108479e-06,0.9998750686645508,0.00012180511839687824,1.244919811682621e-08,0.21950747072696686,,
/kaggle/input/datasets/tawsifurrahman/covid19-radiography-database/COVID-19_Radiography_Dataset/Lung_Opacity/images/Lung_Opacity-157.png,Lung_Opacity,Lung_Opacity,0.020399725064635277,0.970485508441925,0.00911184772849083,2.9159814403101336e-06,0.1720557063817978,,
/kaggle/input/datasets/tawsifurrahman/covid19-radiography-database/COVID-19_Radiography_Dataset/Lung_Opacity/images/Lung_Opacity-1571.png,Lung_Opacity,Lung_Opacity,0.0002672084083314985,0.9994063377380371,0.0003263376129325479,7.781041233556607e-08,0.19483430683612823,0.2964309751987457,0.2964308261871338
/kaggle/input/datasets/tawsifurrahman/covid19-radiography-database/COVID-19_Radiography_Dataset/Lung_Opacity/images/Lung_Opacity-1579.png,Lung_Opacity,Viral Pneumonia,0.002436483046039939,0.05633658915758133,0.18350465595722198,0.7577223181724548,0.21927085518836975,,
/kaggle/input/datasets/tawsifurrahman/covid19-radiography-database/COVID-19_Radiography_Dataset/Lung_Opacity/images/Lung_Opacity-1583.png,Lung_Opacity,Lung_Opacity,0.00691252900287509,0.9796957969665527,0.01338531170040369,6.383211257343646e-06,0.22315482795238495,,
/kaggle/input/datasets/tawsifurrahman/covid19-radiography-database/COVID-19_Radiography_Dataset/Lung_Opacity/images/Lung_Opacity-1584.png,Lung_Opacity,Lung_Opacity,1.764868102327455e-05,0.7994238138198853,0.2004132717847824,0.00014533652574755251,0.2182319611310959,,
/kaggle/input/datasets/tawsifurrahman/covid19-radiography-database/COVID-19_Radiography_Dataset/Lung_Opacity/images/Lung_Opacity-159.png,Lung_Opacity,Normal,0.014449837617576122,0.022825121879577637,0.9627067446708679,1.8268603525939398e-05,0.23140685260295868,,
/kaggle/input/datasets/tawsifurrahman/covid19-radiography-database/COVID-19_Radiography_Dataset/Lung_Opacity/images/Lung_Opacity-1591.png,Lung_Opacity,Lung_Opacity,0.0007366602076217532,0.8111984729766846,0.18805979192256927,5.1066949708911125e-06,0.19770433008670807,0.15028055012226105,0.15028052031993866
/kaggle/input/datasets/tawsifurrahman/covid19-radiography-database/COVID-19_Radiography_Dataset/Lung_Opacity/images/Lung_Opacity-1599.png,Lung_Opacity,Lung_Opacity,1.906557008624077e-05,0.998945415019989,0.00103556620888412,2.213986993737649e-09,0.22112229466438293,0.227716326713562,0.22771596908569336
/kaggle/input/datasets/tawsifurrahman/covid19-radiography-database/COVID-19_Radiography_Dataset/Lung_Opacity/images/Lung_Opacity-16.png,Lung_Opacity,Lung_Opacity,0.0426202155649662,0.9183635115623474,0.03799962252378464,0.0010166025022044778,0.22941282391548157,,
/kaggle/input/datasets/tawsifurrahman/covid19-radiography-database/COVID-19_Radiography_Dataset/Lung_Opacity/images/Lung_Opacity-1605.png,Lung_Opacity,Lung_Opacity,0.001194168464280665,0.9793054461479187,0.00751588074490428,0.011984565295279026,0.2068321406841278,,
/kaggle/input/datasets/tawsifurrahman/covid19-radiography-database/COVID-19_Radiography_Dataset/Lung_Opacity/images/Lung_Opacity-161.png,Lung_Opacity,Lung_Opacity,8.064354187808931e-05,0.914140522480011,0.0857616662979126,1.7076428775908425e-05,0.26207831501960754,,
/kaggle/input/datasets/tawsifurrahman/covid19-radiography-database/COVID-19_Radiography_Dataset/Lung_Opacity/images/Lung_Opacity-1619.png,Lung_Opacity,Lung_Opacity,0.0756070539355278,0.478864848613739,0.4454779028892517,5.019163654651493e-05,0.14265799522399902,,
/kaggle/input/datasets/tawsifurrahman/covid19-radiography-database/COVID-19_Radiography_Dataset/Lung_Opacity/images/Lung_Opacity-1621.png,Lung_Opacity,Normal,0.001979851396754384,0.18151183426380157,0.8124902844429016,0.004018008708953857,0.28527671098709106,,
/kaggle/input/datasets/tawsifurrahman/covid19-radiography-database/COVID-19_Radiography_Dataset/Lung_Opacity/images/Lung_Opacity-1628.png,Lung_Opacity,Lung_Opacity,0.0017291258554905653,0.8374769687652588,0.15972363948822021,0.001070230733603239,0.23399682343006134,,
/kaggle/input/datasets/tawsifurrahman/covid19-radiography-database/COVID-19_Radiography_Dataset/Lung_Opacity/images/Lung_Opacity-1637.png,Lung_Opacity,COVID,0.5465121865272522,0.381489098072052,0.0719652846455574,3.341510455356911e-05,0.1366395652294159,,
/kaggle/input/datasets/tawsifurrahman/covid19-radiography-database/COVID-19_Radiography_Dataset/Lung_Opacity/images/Lung_Opacity-1647.png,Lung_Opacity,Lung_Opacity,5.577438173531846e-07,0.9903984069824219,0.00960096437484026,7.55994946644023e-08,0.15852206945419312,,
/kaggle/input/datasets/tawsifurrahman/covid19-radiography-database/COVID-19_Radiography_Dataset/Lung_Opacity/images/Lung_Opacity-1648.png,Lung_Opacity,Lung_Opacity,0.029226165264844894,0.9704537391662598,0.00031992385629564524,1.5702107702963986e-07,0.24087433516979218,,
/kaggle/input/datasets/tawsifurrahman/covid19-radiography-database/COVID-19_Radiography_Dataset/Lung_Opacity/images/Lung_Opacity-1651.png,Lung_Opacity,Lung_Opacity,1.8325188193557551e-06,0.999886155128479,0.00011204271140741184,4.296725641950161e-09,0.2031450867652893,,
/kaggle/input/datasets/tawsifurrahman/covid19-radiography-database/COVID-19_Radiography_Dataset/Lung_Opacity/images/Lung_Opacity-1664.png,Lung_Opacity,Lung_Opacity,3.9426265630027046e-07,0.99739009141922,0.002604896202683449,4.626937425200595e-06,0.21663764119148254,,
/kaggle/input/datasets/tawsifurrahman/covid19-radiography-database/COVID-19_Radiography_Dataset/Lung_Opacity/images/Lung_Opacity-1685.png,Lung_Opacity,Lung_Opacity,3.461012238403782e-05,0.9990247488021851,0.0008015237399376929,0.0001391182595398277,0.22201907634735107,0.33847475051879883,0.3384746015071869
/kaggle/input/datasets/tawsifurrahman/covid19-radiography-database/COVID-19_Radiography_Dataset/Lung_Opacity/images/Lung_Opacity-1698.png,Lung_Opacity,Lung_Opacity,0.0005716196610592306,0.9632983207702637,0.03609292581677437,3.7048812373541296e-05,0.257713258266449,,
/kaggle/input/datasets/tawsifurrahman/covid19-radiography-database/COVID-19_Radiography_Dataset/Lung_Opacity/images/Lung_Opacity-17.png,Lung_Opacity,Lung_Opacity,7.507290865760297e-05,0.9941714406013489,0.005751882679760456,1.574702764628455e-06,0.22391197085380554,0.22450175881385803,0.22450171411037445
/kaggle/input/datasets/tawsifurrahman/covid19-radiography-database/COVID-19_Radiography_Dataset/Lung_Opacity/images/Lung_Opacity-1720.png,Lung_Opacity,Lung_Opacity,2.585325091786217e-05,0.9997901320457458,0.0001840010954765603,9.4181953902428e-11,0.15682800114154816,,
/kaggle/input/datasets/tawsifurrahman/covid19-radiography-database/COVID-19_Radiography_Dataset/Lung_Opacity/images/Lung_Opacity-1721.png,Lung_Opacity,COVID,0.9035946130752563,0.09592260420322418,0.00047663768054917455,6.131984719104366e-06,0.24886655807495117,,
/kaggle/input/datasets/tawsifurrahman/covid19-radiography-database/COVID-19_Radiography_Dataset/Lung_Opacity/images/Lung_Opacity-1726.png,Lung_Opacity,Lung_Opacity,0.00023281532048713416,0.9621032476425171,0.037655334919691086,8.657367288833484e-06,0.25781509280204773,,
/kaggle/input/datasets/tawsifurrahman/covid19-radiography-database/COVID-19_Radiography_Dataset/Lung_Opacity/images/Lung_Opacity-1733.png,Lung_Opacity,Lung_Opacity,0.00047444895608350635,0.9267390966415405,0.07278013229370117,6.311592642305186e-06,0.23150531947612762,,
/kaggle/input/datasets/tawsifurrahman/covid19-radiography-database/COVID-19_Radiography_Dataset/Lung_Opacity/images/Lung_Opacity-1734.png,Lung_Opacity,Lung_Opacity,2.283224148413865e-06,0.9950802326202393,0.004917250480502844,2.923569013546512e-07,0.19740553200244904,,
/kaggle/input/datasets/tawsifurrahman/covid19-radiography-database/COVID-19_Radiography_Dataset/Lung_Opacity/images/Lung_Opacity-1739.png,Lung_Opacity,Lung_Opacity,0.03349025547504425,0.9656238555908203,0.0007916497997939587,9.431840589968488e-05,0.20424404740333557,0.3361867666244507,0.3361864387989044
/kaggle/input/datasets/tawsifurrahman/covid19-radiography-database/COVID-19_Radiography_Dataset/Lung_Opacity/images/Lung_Opacity-1742.png,Lung_Opacity,Lung_Opacity,2.254398714285344e-05,0.9973909258842468,0.002586438087746501,1.6362074006792682e-07,0.1429770290851593,,
/kaggle/input/datasets/tawsifurrahman/covid19-radiography-database/COVID-19_Radiography_Dataset/Lung_Opacity/images/Lung_Opacity-1745.png,Lung_Opacity,Lung_Opacity,1.9294930098112673e-06,0.9933581948280334,0.006576346233487129,6.343943095998839e-05,0.22203856706619263,,
/kaggle/input/datasets/tawsifurrahman/covid19-radiography-database/COVID-19_Radiography_Dataset/Lung_Opacity/images/Lung_Opacity-1755.png,Lung_Opacity,COVID,0.7343446016311646,0.26542168855667114,0.00022130728757474571,1.2383722605591174e-05,0.3473389446735382,,
/kaggle/input/datasets/tawsifurrahman/covid19-radiography-database/COVID-19_Radiography_Dataset/Lung_Opacity/images/Lung_Opacity-1781.png,Lung_Opacity,Lung_Opacity,0.0005333458539098501,0.7153730392456055,0.28401118516921997,8.246056677307934e-05,0.16559793055057526,0.1589534729719162,0.15895335376262665
/kaggle/input/datasets/tawsifurrahman/covid19-radiography-database/COVID-19_Radiography_Dataset/Lung_Opacity/images/Lung_Opacity-1782.png,Lung_Opacity,Lung_Opacity,0.012779525481164455,0.946775496006012,0.040444523096084595,4.466581060569297e-07,0.17342977225780487,,
/kaggle/input/datasets/tawsifurrahman/covid19-radiography-database/COVID-19_Radiography_Dataset/Lung_Opacity/images/Lung_Opacity-1785.png,Lung_Opacity,Lung_Opacity,0.00408260989934206,0.93204665184021,0.051425326615571976,0.012445375323295593,0.07238535583019257,0.05888734012842178,0.05888739600777626
/kaggle/input/datasets/tawsifurrahman/covid19-radiography-database/COVID-19_Radiography_Dataset/Lung_Opacity/images/Lung_Opacity-1795.png,Lung_Opacity,Normal,0.00031193927861750126,0.030888203531503677,0.9687973260879517,2.4997964374051662e-06,0.2199459969997406,,
/kaggle/input/datasets/tawsifurrahman/covid19-radiography-database/COVID-19_Radiography_Dataset/Lung_Opacity/images/Lung_Opacity-1798.png,Lung_Opacity,Lung_Opacity,3.695973282447085e-05,0.9999154806137085,4.725306644104421e-05,3.7180049616836186e-07,0.2190893292427063,0.3993695080280304,0.3993695080280304
/kaggle/input/datasets/tawsifurrahman/covid19-radiography-database/COVID-19_Radiography_Dataset/Lung_Opacity/images/Lung_Opacity-1799.png,Lung_Opacity,Lung_Opacity,2.0770517039636616e-07,0.9991647005081177,0.0008351079886779189,3.877104859384417e-08,0.17452578246593475,,
/kaggle/input/datasets/tawsifurrahman/covid19-radiography-database/COVID-19_Radiography_Dataset/Lung_Opacity/images/Lung_Opacity-180.png,Lung_Opacity,Normal,0.33560141921043396,0.09425416588783264,0.5701336860656738,1.0663954526535235e-05,0.2641122043132782,,
/kaggle/input/datasets/tawsifurrahman/covid19-radiography-database/COVID-19_Radiography_Dataset/Lung_Opacity/images/Lung_Opacity-1800.png,Lung_Opacity,Lung_Opacity,0.383441686630249,0.61653071641922,2.7134219635627232e-05,4.883227120444644e-07,0.3397845923900604,,
/kaggle/input/datasets/tawsifurrahman/covid19-radiography-database/COVID-19_Radiography_Dataset/Lung_Opacity/images/Lung_Opacity-1805.png,Lung_Opacity,Lung_Opacity,9.238569327862933e-05,0.9997166991233826,0.00017543917056173086,1.553372021589894e-05,0.2633730173110962,0.39054247736930847,0.3905424475669861
/kaggle/input/datasets/tawsifurrahman/covid19-radiography-database/COVID-19_Radiography_Dataset/Lung_Opacity/images/Lung_Opacity-1806.png,Lung_Opacity,Lung_Opacity,0.12472199648618698,0.8447585701942444,0.016821127384901047,0.01369834691286087,0.26299554109573364,,
/kaggle/input/datasets/tawsifurrahman/covid19-radiography-database/COVID-19_Radiography_Dataset/Lung_Opacity/images/Lung_Opacity-1811.png,Lung_Opacity,Lung_Opacity,0.00857008621096611,0.9906636476516724,0.0007168959127739072,4.933481977786869e-05,0.2206035852432251,,
/kaggle/input/datasets/tawsifurrahman/covid19-radiography-database/COVID-19_Radiography_Dataset/Lung_Opacity/images/Lung_Opacity-182.png,Lung_Opacity,Lung_Opacity,6.159489657875383e-06,0.9985628724098206,0.0014301876071840525,8.679924690113694e-07,0.14485019445419312,,
/kaggle/input/datasets/tawsifurrahman/covid19-radiography-database/COVID-19_Radiography_Dataset/Lung_Opacity/images/Lung_Opacity-1822.png,Lung_Opacity,Lung_Opacity,0.13560062646865845,0.8492607474327087,0.014909318648278713,0.00022935395827516913,0.3506857454776764,0.33131399750709534,0.33131375908851624
/kaggle/input/datasets/tawsifurrahman/covid19-radiography-database/COVID-19_Radiography_Dataset/Lung_Opacity/images/Lung_Opacity-1824.png,Lung_Opacity,Normal,0.0011157282860949636,0.0267794132232666,0.9721028804779053,1.988033318411908e-06,0.19306066632270813,,
/kaggle/input/datasets/tawsifurrahman/covid19-radiography-database/COVID-19_Radiography_Dataset/Lung_Opacity/images/Lung_Opacity-1826.png,Lung_Opacity,Lung_Opacity,0.00753940362483263,0.9251947999000549,0.06720438599586487,6.145834049675614e-05,0.3186805546283722,,
/kaggle/input/datasets/tawsifurrahman/covid19-radiography-database/COVID-19_Radiography_Dataset/Lung_Opacity/images/Lung_Opacity-1829.png,Lung_Opacity,Lung_Opacity,0.00036418429226614535,0.9873943328857422,0.012163935229182243,7.753531099297106e-05,0.3526822328567505,,
/kaggle/input/datasets/tawsifurrahman/covid19-radiography-database/COVID-19_Radiography_Dataset/Lung_Opacity/images/Lung_Opacity-1831.png,Lung_Opacity,Lung_Opacity,4.6740391553612426e-05,0.8225960731506348,0.1773519217967987,5.162095476407558e-06,0.351762980222702,0.3476082682609558,0.3476082384586334
/kaggle/input/datasets/tawsifurrahman/covid19-radiography-database/COVID-19_Radiography_Dataset/Lung_Opacity/images/Lung_Opacity-1834.png,Lung_Opacity,Lung_Opacity,0.00032912573078647256,0.9948936700820923,0.004768585320562124,8.702664672455285e-06,0.1548553854227066,0.18779104948043823,0.18779081106185913
/kaggle/input/datasets/tawsifurrahman/covid19-radiography-database/COVID-19_Radiography_Dataset/Lung_Opacity/images/Lung_Opacity-1835.png,Lung_Opacity,COVID,0.5210692882537842,0.22572246193885803,0.24260620772838593,0.01060205977410078,0.3227841556072235,,
/kaggle/input/datasets/tawsifurrahman/covid19-radiography-database/COVID-19_Radiography_Dataset/Lung_Opacity/images/Lung_Opacity-1848.png,Lung_Opacity,Lung_Opacity,0.016942773014307022,0.7717761397361755,0.21072807908058167,0.0005529850604943931,0.26142022013664246,0.3915676176548004,0.3915671706199646
/kaggle/input/datasets/tawsifurrahman/covid19-radiography-database/COVID-19_Radiography_Dataset/Lung_Opacity/images/Lung_Opacity-1853.png,Lung_Opacity,Lung_Opacity,0.002807789482176304,0.9633426666259766,0.033849086612463,4.5159524120208516e-07,0.28814682364463806,,
/kaggle/input/datasets/tawsifurrahman/covid19-radiography-database/COVID-19_Radiography_Dataset/Lung_Opacity/images/Lung_Opacity-1858.png,Lung_Opacity,Lung_Opacity,1.384523420711048e-05,0.9915304183959961,0.00845249742269516,3.345272261867649e-06,0.17418739199638367,,
/kaggle/input/datasets/tawsifurrahman/covid19-radiography-database/COVID-19_Radiography_Dataset/Lung_Opacity/images/Lung_Opacity-1864.png,Lung_Opacity,Lung_Opacity,3.389109451745753e-06,0.9933338761329651,0.006547096185386181,0.00011574151722015813,0.17932887375354767,,
/kaggle/input/datasets/tawsifurrahman/covid19-radiography-database/COVID-19_Radiography_Dataset/Lung_Opacity/images/Lung_Opacity-1871.png,Lung_Opacity,Lung_Opacity,1.316504040005384e-06,0.9999774694442749,2.1223462681518868e-05,8.567654918856249e-10,0.17103807628154755,0.2273539900779724,0.22735391557216644
/kaggle/input/datasets/tawsifurrahman/covid19-radiography-database/COVID-19_Radiography_Dataset/Lung_Opacity/images/Lung_Opacity-1878.png,Lung_Opacity,Lung_Opacity,0.0015042956219986081,0.9290896058082581,0.06940577924251556,3.575569849090243e-07,0.18744173645973206,,
/kaggle/input/datasets/tawsifurrahman/covid19-radiography-database/COVID-19_Radiography_Dataset/Lung_Opacity/images/Lung_Opacity-1879.png,Lung_Opacity,Lung_Opacity,1.233648731613357e-06,0.9996408224105835,0.0003560793702490628,1.9640317532321205e-06,0.22594527900218964,,
/kaggle/input/datasets/tawsifurrahman/covid19-radiography-database/COVID-19_Radiography_Dataset/Lung_Opacity/images/Lung_Opacity-188.png,Lung_Opacity,Lung_Opacity,0.01200935710221529,0.9861863851547241,0.0015857461839914322,0.00021857621322851628,0.18564675748348236,,
/kaggle/input/datasets/tawsifurrahman/covid19-radiography-database/COVID-19_Radiography_Dataset/Lung_Opacity/images/Lung_Opacity-1884.png,Lung_Opacity,Lung_Opacity,0.021919075399637222,0.9776161909103394,0.0004635287041310221,1.1779386568377959e-06,0.18961289525032043,,
/kaggle/input/datasets/tawsifurrahman/covid19-radiography-database/COVID-19_Radiography_Dataset/Lung_Opacity/images/Lung_Opacity-1886.png,Lung_Opacity,COVID,0.663469135761261,0.3356669843196869,0.000859530468005687,4.2885526454483625e-06,0.27057090401649475,,
/kaggle/input/datasets/tawsifurrahman/covid19-radiography-database/COVID-19_Radiography_Dataset/Lung_Opacity/images/Lung_Opacity-1890.png,Lung_Opacity,Lung_Opacity,0.00412330636754632,0.8590005040168762,0.13682003319263458,5.6073640735121444e-05,0.19080929458141327,,
/kaggle/input/datasets/tawsifurrahman/covid19-radiography-database/COVID-19_Radiography_Dataset/Lung_Opacity/images/Lung_Opacity-1891.png,Lung_Opacity,Lung_Opacity,0.00030709776910953224,0.9986163377761841,0.0010698590194806457,6.622729415539652e-06,0.2490043044090271,,
/kaggle/input/datasets/tawsifurrahman/covid19-radiography-database/COVID-19_Radiography_Dataset/Lung_Opacity/images/Lung_Opacity-1892.png,Lung_Opacity,Lung_Opacity,1.0924783055088483e-05,0.9927743673324585,0.007197526749223471,1.7152675354736857e-05,0.08396534621715546,,
/kaggle/input/datasets/tawsifurrahman/covid19-radiography-database/COVID-19_Radiography_Dataset/Lung_Opacity/images/Lung_Opacity-190.png,Lung_Opacity,Lung_Opacity,0.0042440323159098625,0.98340904712677,0.012346334755420685,6.176186957418395e-07,0.164839968085289,,
/kaggle/input/datasets/tawsifurrahman/covid19-radiography-database/COVID-19_Radiography_Dataset/Lung_Opacity/images/Lung_Opacity-1913.png,Lung_Opacity,Lung_Opacity,7.452966383425519e-05,0.93910151720047,0.06072091683745384,0.00010296036634827033,0.1417412906885147,,
/kaggle/input/datasets/tawsifurrahman/covid19-radiography-database/COVID-19_Radiography_Dataset/Lung_Opacity/images/Lung_Opacity-1924.png,Lung_Opacity,Lung_Opacity,0.005696565844118595,0.8525867462158203,0.14165575802326202,6.087789370212704e-05,0.2875080704689026,,
/kaggle/input/datasets/tawsifurrahman/covid19-radiography-database/COVID-19_Radiography_Dataset/Lung_Opacity/images/Lung_Opacity-1945.png,Lung_Opacity,Lung_Opacity,0.12067320942878723,0.4605332612991333,0.4187268912792206,6.670656148344278e-05,0.30470800399780273,0.13120900094509125,0.13120901584625244
/kaggle/input/datasets/tawsifurrahman/covid19-radiography-database/COVID-19_Radiography_Dataset/Lung_Opacity/images/Lung_Opacity-1957.png,Lung_Opacity,Lung_Opacity,0.00023852930462453514,0.9045991897583008,0.09515734016895294,4.914035798719851e-06,0.24892382323741913,,
/kaggle/input/datasets/tawsifurrahman/covid19-radiography-database/COVID-19_Radiography_Dataset/Lung_Opacity/images/Lung_Opacity-196.png,Lung_Opacity,Lung_Opacity,0.035641446709632874,0.8906462788581848,0.07349548488855362,0.00021675616153515875,0.13919015228748322,,
/kaggle/input/datasets/tawsifurrahman/covid19-radiography-database/COVID-19_Radiography_Dataset/Lung_Opacity/images/Lung_Opacity-1964.png,Lung_Opacity,Lung_Opacity,0.0005839603836648166,0.9947370886802673,0.00467608030885458,2.8069525797036476e-06,0.15039081871509552,0.2926218509674072,0.2926217019557953
/kaggle/input/datasets/tawsifurrahman/covid19-radiography-database/COVID-19_Radiography_Dataset/Lung_Opacity/images/Lung_Opacity-1974.png,Lung_Opacity,Lung_Opacity,0.12340155988931656,0.8222718238830566,0.05424728989601135,7.937009650049731e-05,0.14510923624038696,,
/kaggle/input/datasets/tawsifurrahman/covid19-radiography-database/COVID-19_Radiography_Dataset/Lung_Opacity/images/Lung_Opacity-1979.png,Lung_Opacity,Lung_Opacity,0.02751101180911064,0.9632825255393982,0.008622411638498306,0.0005839868681505322,0.21829214692115784,,
/kaggle/input/datasets/tawsifurrahman/covid19-radiography-database/COVID-19_Radiography_Dataset/Lung_Opacity/images/Lung_Opacity-1981.png,Lung_Opacity,Normal,9.758504165802151e-05,0.44504567980766296,0.5547056198120117,0.00015112348773982376,0.18096306920051575,,
/kaggle/input/datasets/tawsifurrahman/covid19-radiography-database/COVID-19_Radiography_Dataset/Lung_Opacity/images/Lung_Opacity-1986.png,Lung_Opacity,Lung_Opacity,1.4841534721199423e-06,0.9998317956924438,0.00016668971511535347,1.3414762634056387e-09,0.1707988679409027,,
/kaggle/input/datasets/tawsifurrahman/covid19-radiography-database/COVID-19_Radiography_Dataset/Lung_Opacity/images/Lung_Opacity-1989.png,Lung_Opacity,Lung_Opacity,9.983882773667574e-05,0.9996726512908936,0.0002274893777212128,5.788088230929134e-09,0.10634598881006241,0.22373518347740173,0.22373510897159576
/kaggle/input/datasets/tawsifurrahman/covid19-radiography-database/COVID-19_Radiography_Dataset/Lung_Opacity/images/Lung_Opacity-1991.png,Lung_Opacity,Lung_Opacity,0.023502936586737633,0.9701748490333557,0.006321867927908897,3.2090409263219044e-07,0.2315450757741928,0.2189113050699234,0.21891123056411743
/kaggle/input/datasets/tawsifurrahman/covid19-radiography-database/COVID-19_Radiography_Dataset/Lung_Opacity/images/Lung_Opacity-1994.png,Lung_Opacity,Lung_Opacity,0.1336095780134201,0.8538433313369751,0.012435579672455788,0.00011145809548906982,0.0712108314037323,,
/kaggle/input/datasets/tawsifurrahman/covid19-radiography-database/COVID-19_Radiography_Dataset/Lung_Opacity/images/Lung_Opacity-1995.png,Lung_Opacity,COVID,0.3992335796356201,0.20488126575946808,0.395361065864563,0.0005240708705969155,0.2844603657722473,0.45154210925102234,0.45154204964637756
/kaggle/input/datasets/tawsifurrahman/covid19-radiography-database/COVID-19_Radiography_Dataset/Lung_Opacity/images/Lung_Opacity-2000.png,Lung_Opacity,Lung_Opacity,0.0009094261331483722,0.9851489067077637,0.013941602781414986,1.0496744806687275e-07,0.15686814486980438,,
/kaggle/input/datasets/tawsifurrahman/covid19-radiography-database/COVID-19_Radiography_Dataset/Lung_Opacity/images/Lung_Opacity-2002.png,Lung_Opacity,Lung_Opacity,0.000460034585557878,0.903057336807251,0.0964682325720787,1.4413956705539022e-05,0.15511418879032135,0.21341529488563538,0.2134152203798294
/kaggle/input/datasets/tawsifurrahman/covid19-radiography-database/COVID-19_Radiography_Dataset/Lung_Opacity/images/Lung_Opacity-201.png,Lung_Opacity,Lung_Opacity,0.008718159049749374,0.9912660717964172,1.5570571122225374e-05,1.784209615607324e-07,0.2834838330745697,,
/kaggle/input/datasets/tawsifurrahman/covid19-radiography-database/COVID-19_Radiography_Dataset/Lung_Opacity/images/Lung_Opacity-2017.png,Lung_Opacity,Lung_Opacity,0.03470965474843979,0.964823305606842,0.00045278549077920616,1.4280562027124688e-05,0.24198850989341736,0.173991858959198,0.173991858959198
/kaggle/input/datasets/tawsifurrahman/covid19-radiography-database/COVID-19_Radiography_Dataset/Lung_Opacity/images/Lung_Opacity-2019.png,Lung_Opacity,Lung_Opacity,0.003719257889315486,0.9932792782783508,0.0030012058559805155,2.2344485728353902e-07,0.22490839660167694,,
/kaggle/input/datasets/tawsifurrahman/covid19-radiography-database/COVID-19_Radiography_Dataset/Lung_Opacity/images/Lung_Opacity-2025.png,Lung_Opacity,Lung_Opacity,0.00017230563389603049,0.9984161853790283,0.001411229488439858,2.2694474921536312e-07,0.21835212409496307,0.21278546750545502,0.21278546750545502
/kaggle/input/datasets/tawsifurrahman/covid19-radiography-database/COVID-19_Radiography_Dataset/Lung_Opacity/images/Lung_Opacity-2034.png,Lung_Opacity,Lung_Opacity,9.661070362199098e-05,0.9839562773704529,0.01594715379178524,2.959624367804281e-08,0.20037487149238586,,
/kaggle/input/datasets/tawsifurrahman/covid19-radiography-database/COVID-19_Radiography_Dataset/Lung_Opacity/images/Lung_Opacity-2079.png,Lung_Opacity,Lung_Opacity,0.00021663682127837092,0.9764904975891113,0.023207129910588264,8.577125845476985e-05,0.09311729669570923,,
/kaggle/input/datasets/tawsifurrahman/covid19-radiography-database/COVID-19_Radiography_Dataset/Lung_Opacity/images/Lung_Opacity-2093.png,Lung_Opacity,Lung_Opacity,2.9442551749525592e-05,0.9961950778961182,0.003772496012970805,2.957759534183424e-06,0.2169189453125,,
/kaggle/input/datasets/tawsifurrahman/covid19-radiography-database/COVID-19_Radiography_Dataset/Lung_Opacity/images/Lung_Opacity-2104.png,Lung_Opacity,Lung_Opacity,0.001288921688683331,0.9918678402900696,0.0068432935513556,6.165286059456321e-09,0.16601653397083282,,
/kaggle/input/datasets/tawsifurrahman/covid19-radiography-database/COVID-19_Radiography_Dataset/Lung_Opacity/images/Lung_Opacity-2105.png,Lung_Opacity,Lung_Opacity,0.022865012288093567,0.6862422227859497,0.2908674478530884,2.5288256438216195e-05,0.22395266592502594,0.38527873158454895,0.385278582572937
/kaggle/input/datasets/tawsifurrahman/covid19-radiography-database/COVID-19_Radiography_Dataset/Lung_Opacity/images/Lung_Opacity-2107.png,Lung_Opacity,Lung_Opacity,0.00028573774034157395,0.9975848197937012,0.002127280691638589,2.134583155566361e-06,0.1884966343641281,,
/kaggle/input/datasets/tawsifurrahman/covid19-radiography-database/COVID-19_Radiography_Dataset/Lung_Opacity/images/Lung_Opacity-2109.png,Lung_Opacity,Lung_Opacity,0.015578953549265862,0.9841930270195007,0.0002135907852789387,1.4421730156755075e-05,0.2441415935754776,,
/kaggle/input/datasets/tawsifurrahman/covid19-radiography-database/COVID-19_Radiography_Dataset/Lung_Opacity/images/Lung_Opacity-2130.png,Lung_Opacity,Lung_Opacity,5.1628514484036714e-05,0.9992865920066833,0.0006616332102566957,1.1774543651199565e-07,0.22084562480449677,,
/kaggle/input/datasets/tawsifurrahman/covid19-radiography-database/COVID-19_Radiography_Dataset/Lung_Opacity/images/Lung_Opacity-2132.png,Lung_Opacity,Lung_Opacity,0.0009345226571895182,0.9486197829246521,0.05043666437268257,8.990497917693574e-06,0.19427621364593506,,
/kaggle/input/datasets/tawsifurrahman/covid19-radiography-database/COVID-19_Radiography_Dataset/Lung_Opacity/images/Lung_Opacity-2134.png,Lung_Opacity,Lung_Opacity,4.4051336089978577e-07,0.9938528537750244,0.006145993247628212,7.653824241060647e-07,0.09373226761817932,,
/kaggle/input/datasets/tawsifurrahman/covid19-radiography-database/COVID-19_Radiography_Dataset/Lung_Opacity/images/Lung_Opacity-2136.png,Lung_Opacity,Lung_Opacity,7.594260750920512e-06,0.9960525035858154,0.003937726374715567,2.0829377262998605e-06,0.13414838910102844,0.10315834730863571,0.10315833240747452
/kaggle/input/datasets/tawsifurrahman/covid19-radiography-database/COVID-19_Radiography_Dataset/Lung_Opacity/images/Lung_Opacity-2140.png,Lung_Opacity,Lung_Opacity,0.0008131942013278604,0.9973165392875671,0.0017508406890556216,0.00011936860391870141,0.16854676604270935,0.23020236194133759,0.23020236194133759
/kaggle/input/datasets/tawsifurrahman/covid19-radiography-database/COVID-19_Radiography_Dataset/Lung_Opacity/images/Lung_Opacity-2144.png,Lung_Opacity,Lung_Opacity,0.00046581323840655386,0.9808804392814636,0.01862778514623642,2.590665280877147e-05,0.13012316823005676,,
/kaggle/input/datasets/tawsifurrahman/covid19-radiography-database/COVID-19_Radiography_Dataset/Lung_Opacity/images/Lung_Opacity-2146.png,Lung_Opacity,Normal,5.603323734248988e-05,0.1865551620721817,0.8131986260414124,0.00019015875295735896,0.18275690078735352,,
/kaggle/input/datasets/tawsifurrahman/covid19-radiography-database/COVID-19_Radiography_Dataset/Lung_Opacity/images/Lung_Opacity-215.png,Lung_Opacity,Normal,0.037194155156612396,0.06014859303832054,0.9026538729667664,3.4295048862986732e-06,0.2795570492744446,,
/kaggle/input/datasets/tawsifurrahman/covid19-radiography-database/COVID-19_Radiography_Dataset/Lung_Opacity/images/Lung_Opacity-2158.png,Lung_Opacity,Lung_Opacity,0.3916235566139221,0.6063635349273682,0.00024792476324364543,0.001764995395205915,0.3751413822174072,0.27087822556495667,0.27087804675102234
/kaggle/input/datasets/tawsifurrahman/covid19-radiography-database/COVID-19_Radiography_Dataset/Lung_Opacity/images/Lung_Opacity-2165.png,Lung_Opacity,Lung_Opacity,0.0006623751833103597,0.9540209770202637,0.045316096395254135,5.458990699480637e-07,0.2150433510541916,0.291766881942749,0.29176679253578186
/kaggle/input/datasets/tawsifurrahman/covid19-radiography-database/COVID-19_Radiography_Dataset/Lung_Opacity/images/Lung_Opacity-2173.png,Lung_Opacity,Lung_Opacity,3.29265276377555e-07,0.9990600943565369,0.0008955922094173729,4.390503454487771e-05,0.1745656132698059,,
/kaggle/input/datasets/tawsifurrahman/covid19-radiography-database/COVID-19_Radiography_Dataset/Lung_Opacity/images/Lung_Opacity-2174.png,Lung_Opacity,Lung_Opacity,0.0009327366133220494,0.9980760812759399,0.0009833128424361348,7.893002475611866e-06,0.27664780616760254,,
/kaggle/input/datasets/tawsifurrahman/covid19-radiography-database/COVID-19_Radiography_Dataset/Lung_Opacity/images/Lung_Opacity-2175.png,Lung_Opacity,Lung_Opacity,2.599655999802053e-05,0.9996970891952515,0.0002767075493466109,2.7207005359741743e-07,0.17079883813858032,,
/kaggle/input/datasets/tawsifurrahman/covid19-radiography-database/COVID-19_Radiography_Dataset/Lung_Opacity/images/Lung_Opacity-2179.png,Lung_Opacity,Lung_Opacity,6.22901861788705e-05,0.9971350431442261,0.00280198291875422,7.322587975977513e-07,0.19808346033096313,0.24988305568695068,0.24988295137882233
/kaggle/input/datasets/tawsifurrahman/covid19-radiography-database/COVID-19_Radiography_Dataset/Lung_Opacity/images/Lung_Opacity-2183.png,Lung_Opacity,Lung_Opacity,1.0787699466163758e-05,0.7648184895515442,0.23515905439853668,1.1626712876022793e-05,0.2664024233818054,,
/kaggle/input/datasets/tawsifurrahman/covid19-radiography-database/COVID-19_Radiography_Dataset/Lung_Opacity/images/Lung_Opacity-2186.png,Lung_Opacity,Lung_Opacity,1.1644151527434587e-05,0.7669063210487366,0.23308119177818298,8.415550496465585e-07,0.20900437235832214,0.35409265756607056,0.35409247875213623
/kaggle/input/datasets/tawsifurrahman/covid19-radiography-database/COVID-19_Radiography_Dataset/Lung_Opacity/images/Lung_Opacity-2191.png,Lung_Opacity,Lung_Opacity,0.009680649265646935,0.9526385068893433,0.03754381090402603,0.0001370739919366315,0.3293704688549042,0.17590415477752686,0.1759040355682373
/kaggle/input/datasets/tawsifurrahman/covid19-radiography-database/COVID-19_Radiography_Dataset/Lung_Opacity/images/Lung_Opacity-2193.png,Lung_Opacity,Lung_Opacity,0.06897986680269241,0.9268721342086792,0.004146296065300703,1.763232035045803e-06,0.11977864056825638,0.2152472883462906,0.2152472287416458
/kaggle/input/datasets/tawsifurrahman/covid19-radiography-database/COVID-19_Radiography_Dataset/Lung_Opacity/images/Lung_Opacity-2208.png,Lung_Opacity,Normal,0.1917293518781662,0.25310611724853516,0.5530275106430054,0.0021370919421315193,0.2746168076992035,,
/kaggle/input/datasets/tawsifurrahman/covid19-radiography-database/COVID-19_Radiography_Dataset/Lung_Opacity/images/Lung_Opacity-222.png,Lung_Opacity,Lung_Opacity,0.0015893782256171107,0.9980857372283936,0.00032466152333654463,2.1698402008496487e-07,0.16743066906929016,,
/kaggle/input/datasets/tawsifurrahman/covid19-radiography-database/COVID-19_Radiography_Dataset/Lung_Opacity/images/Lung_Opacity-2220.png,Lung_Opacity,Lung_Opacity,4.6683227992616594e-05,0.9950687885284424,0.0048845126293599606,4.806433917536879e-09,0.20222865045070648,,
/kaggle/input/datasets/tawsifurrahman/covid19-radiography-database/COVID-19_Radiography_Dataset/Lung_Opacity/images/Lung_Opacity-2223.png,Lung_Opacity,Lung_Opacity,0.017023418098688126,0.9820757508277893,0.0008980712154880166,2.808475301208091e-06,0.13374944031238556,0.31832170486450195,0.318321168422699
/kaggle/input/datasets/tawsifurrahman/covid19-radiography-database/COVID-19_Radiography_Dataset/Lung_Opacity/images/Lung_Opacity-2226.png,Lung_Opacity,Lung_Opacity,1.97637905330339e-06,0.9998538494110107,9.607542597223073e-05,4.802656258107163e-05,0.21637855470180511,,
/kaggle/input/datasets/tawsifurrahman/covid19-radiography-database/COVID-19_Radiography_Dataset/Lung_Opacity/images/Lung_Opacity-2239.png,Lung_Opacity,Lung_Opacity,0.03833145648241043,0.942444920539856,0.019091300666332245,0.00013233562640380114,0.19322074949741364,,
/kaggle/input/datasets/tawsifurrahman/covid19-radiography-database/COVID-19_Radiography_Dataset/Lung_Opacity/images/Lung_Opacity-2240.png,Lung_Opacity,Lung_Opacity,9.236266487278044e-05,0.9956127405166626,0.004294630605727434,2.5208655074493436e-07,0.18054479360580444,,
/kaggle/input/datasets/tawsifurrahman/covid19-radiography-database/COVID-19_Radiography_Dataset/Lung_Opacity/images/Lung_Opacity-2247.png,Lung_Opacity,Lung_Opacity,0.005336594767868519,0.9183853268623352,0.07626087963581085,1.7159780327347107e-05,0.2046605497598648,0.18241725862026215,0.18241703510284424
/kaggle/input/datasets/tawsifurrahman/covid19-radiography-database/COVID-19_Radiography_Dataset/Lung_Opacity/images/Lung_Opacity-2257.png,Lung_Opacity,Lung_Opacity,0.0007240967825055122,0.7632244825363159,0.2322758287191391,0.0037755193188786507,0.29962578415870667,,
/kaggle/input/datasets/tawsifurrahman/covid19-radiography-database/COVID-19_Radiography_Dataset/Lung_Opacity/images/Lung_Opacity-2269.png,Lung_Opacity,Lung_Opacity,0.001076087006367743,0.9709563851356506,0.027966488152742386,9.974658041755902e-07,0.17642053961753845,0.09178577363491058,0.09178575873374939
/kaggle/input/datasets/tawsifurrahman/covid19-radiography-database/COVID-19_Radiography_Dataset/Lung_Opacity/images/Lung_Opacity-2279.png,Lung_Opacity,Lung_Opacity,0.004725665785372257,0.8587151765823364,0.13655440509319305,4.787514171766816e-06,0.24940313398838043,,
/kaggle/input/datasets/tawsifurrahman/covid19-radiography-database/COVID-19_Radiography_Dataset/Lung_Opacity/images/Lung_Opacity-2301.png,Lung_Opacity,Lung_Opacity,0.0005182502209208906,0.9970209002494812,0.002460810588672757,4.8001844277223427e-08,0.21041978895664215,,
/kaggle/input/datasets/tawsifurrahman/covid19-radiography-database/COVID-19_Radiography_Dataset/Lung_Opacity/images/Lung_Opacity-2302.png,Lung_Opacity,Lung_Opacity,4.462267497729044e-06,0.996180534362793,0.0036375869531184435,0.0001774243137333542,0.21809284389019012,,
/kaggle/input/datasets/tawsifurrahman/covid19-radiography-database/COVID-19_Radiography_Dataset/Lung_Opacity/images/Lung_Opacity-2353.png,Lung_Opacity,Lung_Opacity,0.00744447810575366,0.9709347486495972,0.021606558933854103,1.4240143173083197e-05,0.14879637956619263,,
/kaggle/input/datasets/tawsifurrahman/covid19-radiography-database/COVID-19_Radiography_Dataset/Lung_Opacity/images/Lung_Opacity-2364.png,Lung_Opacity,Lung_Opacity,0.00024572882102802396,0.9927254915237427,0.007027550600469112,1.2016066648357082e-06,0.1802656352519989,0.23588962852954865,0.23588958382606506
/kaggle/input/datasets/tawsifurrahman/covid19-radiography-database/COVID-19_Radiography_Dataset/Lung_Opacity/images/Lung_Opacity-2365.png,Lung_Opacity,Lung_Opacity,0.0012874259846284986,0.9024903178215027,0.09619519114494324,2.7032265279558487e-05,0.15507425367832184,,
/kaggle/input/datasets/tawsifurrahman/covid19-radiography-database/COVID-19_Radiography_Dataset/Lung_Opacity/images/Lung_Opacity-2372.png,Lung_Opacity,Normal,0.000809716759249568,0.06791374087333679,0.9311672449111938,0.00010936853504972532,0.26247894763946533,0.42086976766586304,0.420869380235672
/kaggle/input/datasets/tawsifurrahman/covid19-radiography-database/COVID-19_Radiography_Dataset/Lung_Opacity/images/Lung_Opacity-2382.png,Lung_Opacity,Lung_Opacity,7.439744535986392e-07,0.9999431371688843,5.607995262835175e-05,1.192699133900632e-10,0.16442129015922546,,
/kaggle/input/datasets/tawsifurrahman/covid19-radiography-database/COVID-19_Radiography_Dataset/Lung_Opacity/images/Lung_Opacity-2392.png,Lung_Opacity,Lung_Opacity,8.242493095167447e-06,0.7844117879867554,0.2146996110677719,0.000880400009918958,0.10242262482643127,0.29691606760025024,0.29691487550735474
/kaggle/input/datasets/tawsifurrahman/covid19-radiography-database/COVID-19_Radiography_Dataset/Lung_Opacity/images/Lung_Opacity-2396.png,Lung_Opacity,Lung_Opacity,0.030776694416999817,0.5676466822624207,0.40147387981414795,0.000102700520073995,0.26935333013534546,0.2390812635421753,0.23908093571662903
/kaggle/input/datasets/tawsifurrahman/covid19-radiography-database/COVID-19_Radiography_Dataset/Lung_Opacity/images/Lung_Opacity-2412.png,Lung_Opacity,Lung_Opacity,0.0016738876001909375,0.6737750172615051,0.32455089688301086,2.7022196036341484e-07,0.2628749907016754,,
/kaggle/input/datasets/tawsifurrahman/covid19-radiography-database/COVID-19_Radiography_Dataset/Lung_Opacity/images/Lung_Opacity-2414.png,Lung_Opacity,Lung_Opacity,0.0005034376517869532,0.9993895292282104,0.00010700054554035887,3.563379635806996e-08,0.22678208351135254,0.42576104402542114,0.42576101422309875
/kaggle/input/datasets/tawsifurrahman/covid19-radiography-database/COVID-19_Radiography_Dataset/Lung_Opacity/images/Lung_Opacity-2415.png,Lung_Opacity,Normal,0.014947233721613884,0.05232888087630272,0.9327185750007629,5.3581925385515206e-06,0.2239137887954712,,
/kaggle/input/datasets/tawsifurrahman/covid19-radiography-database/COVID-19_Radiography_Dataset/Lung_Opacity/images/Lung_Opacity-2420.png,Lung_Opacity,Lung_Opacity,0.0044452594593167305,0.9770724773406982,0.015971723943948746,0.002510571852326393,0.22839629650115967,,
/kaggle/input/datasets/tawsifurrahman/covid19-radiography-database/COVID-19_Radiography_Dataset/Lung_Opacity/images/Lung_Opacity-2427.png,Lung_Opacity,Lung_Opacity,0.00013385886268224567,0.9998555183410645,1.058600264514098e-05,4.963738753360758e-09,0.27381643652915955,,
/kaggle/input/datasets/tawsifurrahman/covid19-radiography-database/COVID-19_Radiography_Dataset/Lung_Opacity/images/Lung_Opacity-2435.png,Lung_Opacity,Lung_Opacity,7.608958549099043e-05,0.9420350193977356,0.05788469314575195,4.100743808521656e-06,0.16848723590373993,,
/kaggle/input/datasets/tawsifurrahman/covid19-radiography-database/COVID-19_Radiography_Dataset/Lung_Opacity/images/Lung_Opacity-2443.png,Lung_Opacity,Lung_Opacity,0.16266803443431854,0.8333864808082581,0.0028339512646198273,0.0011115634115412831,0.27661755681037903,,
/kaggle/input/datasets/tawsifurrahman/covid19-radiography-database/COVID-19_Radiography_Dataset/Lung_Opacity/images/Lung_Opacity-2447.png,Lung_Opacity,Lung_Opacity,0.0001483852247474715,0.9530014991760254,0.046848345547914505,1.8180571714765392e-06,0.24352411925792694,,
/kaggle/input/datasets/tawsifurrahman/covid19-radiography-database/COVID-19_Radiography_Dataset/Lung_Opacity/images/Lung_Opacity-2457.png,Lung_Opacity,Lung_Opacity,6.431989277189132e-06,0.9996899366378784,0.0003036649140994996,8.020438535538688e-09,0.16177067160606384,,
/kaggle/input/datasets/tawsifurrahman/covid19-radiography-database/COVID-19_Radiography_Dataset/Lung_Opacity/images/Lung_Opacity-2461.png,Lung_Opacity,Lung_Opacity,2.3816297471057624e-05,0.9991298317909241,0.0008456040523014963,7.340099159591773e-07,0.239337757229805,0.22238560020923615,0.22238555550575256
/kaggle/input/datasets/tawsifurrahman/covid19-radiography-database/COVID-19_Radiography_Dataset/Lung_Opacity/images/Lung_Opacity-2481.png,Lung_Opacity,Lung_Opacity,0.0054567246697843075,0.9712721109390259,0.023224709555506706,4.639133476302959e-05,0.23913902044296265,,
/kaggle/input/datasets/tawsifurrahman/covid19-radiography-database/COVID-19_Radiography_Dataset/Lung_Opacity/images/Lung_Opacity-2494.png,Lung_Opacity,Lung_Opacity,0.0040285601280629635,0.9923801422119141,0.0035907295532524586,5.823117703585012e-07,0.2028263956308365,0.2639237344264984,0.2639235258102417
/kaggle/input/datasets/tawsifurrahman/covid19-radiography-database/COVID-19_Radiography_Dataset/Lung_Opacity/images/Lung_Opacity-2499.png,Lung_Opacity,Lung_Opacity,4.624849316314794e-05,0.995731770992279,0.004221868701279163,1.0301537400891903e-07,0.17364893853664398,0.16201253235340118,0.1620125025510788
/kaggle/input/datasets/tawsifurrahman/covid19-radiography-database/COVID-19_Radiography_Dataset/Lung_Opacity/images/Lung_Opacity-2506.png,Lung_Opacity,Normal,0.08975709229707718,0.006732297129929066,0.9035065174102783,4.04606089432491e-06,0.2780819535255432,,
/kaggle/input/datasets/tawsifurrahman/covid19-radiography-database/COVID-19_Radiography_Dataset/Lung_Opacity/images/Lung_Opacity-2507.png,Lung_Opacity,Lung_Opacity,0.0007660249248147011,0.9417740106582642,0.05743815004825592,2.18183431570651e-05,0.25731465220451355,,
/kaggle/input/datasets/tawsifurrahman/covid19-radiography-database/COVID-19_Radiography_Dataset/Lung_Opacity/images/Lung_Opacity-252.png,Lung_Opacity,Lung_Opacity,7.919663767097518e-05,0.9998094439506531,0.00011036968498956412,9.081368261831813e-07,0.21508313715457916,,
/kaggle/input/datasets/tawsifurrahman/covid19-radiography-database/COVID-19_Radiography_Dataset/Lung_Opacity/images/Lung_Opacity-2526.png,Lung_Opacity,Lung_Opacity,0.0016321617877110839,0.6887837648391724,0.30958253145217896,1.538123683531012e-06,0.30299413204193115,0.28608307242393494,0.28608301281929016
/kaggle/input/datasets/tawsifurrahman/covid19-radiography-database/COVID-19_Radiography_Dataset/Lung_Opacity/images/Lung_Opacity-2539.png,Lung_Opacity,Lung_Opacity,9.334664355264977e-05,0.9915153980255127,0.008386264555156231,4.9882414714375045e-06,0.1763000339269638,,
/kaggle/input/datasets/tawsifurrahman/covid19-radiography-database/COVID-19_Radiography_Dataset/Lung_Opacity/images/Lung_Opacity-2544.png,Lung_Opacity,Lung_Opacity,0.06954902410507202,0.7959187030792236,0.12494445592164993,0.009587791748344898,0.3129587173461914,,
/kaggle/input/datasets/tawsifurrahman/covid19-radiography-database/COVID-19_Radiography_Dataset/Lung_Opacity/images/Lung_Opacity-2546.png,Lung_Opacity,Lung_Opacity,0.003844620892778039,0.6287827491760254,0.365723192691803,0.001649498357437551,0.11431918293237686,,
/kaggle/input/datasets/tawsifurrahman/covid19-radiography-database/COVID-19_Radiography_Dataset/Lung_Opacity/images/Lung_Opacity-2550.png,Lung_Opacity,Lung_Opacity,0.0015744204865768552,0.9213554859161377,0.07696865499019623,0.00010154123447136953,0.1988600492477417,,
/kaggle/input/datasets/tawsifurrahman/covid19-radiography-database/COVID-19_Radiography_Dataset/Lung_Opacity/images/Lung_Opacity-2567.png,Lung_Opacity,Lung_Opacity,0.12814362347126007,0.7241527438163757,0.14769360423088074,1.0053840014734305e-05,0.24595493078231812,,
/kaggle/input/datasets/tawsifurrahman/covid19-radiography-database/COVID-19_Radiography_Dataset/Lung_Opacity/images/Lung_Opacity-2573.png,Lung_Opacity,Lung_Opacity,0.0014949230244383216,0.9937857389450073,0.004708073101937771,1.1264884960837662e-05,0.1764790117740631,0.11856628209352493,0.11856626719236374
/kaggle/input/datasets/tawsifurrahman/covid19-radiography-database/COVID-19_Radiography_Dataset/Lung_Opacity/images/Lung_Opacity-2575.png,Lung_Opacity,Lung_Opacity,5.49819390016637e-07,0.9996683597564697,0.0003301352262496948,9.10813469090499e-07,0.18471014499664307,,
/kaggle/input/datasets/tawsifurrahman/covid19-radiography-database/COVID-19_Radiography_Dataset/Lung_Opacity/images/Lung_Opacity-258.png,Lung_Opacity,Lung_Opacity,0.04471592605113983,0.9488614797592163,0.0060113524086773396,0.0004113329341635108,0.34809553623199463,0.5345901250839233,0.5345889329910278
/kaggle/input/datasets/tawsifurrahman/covid19-radiography-database/COVID-19_Radiography_Dataset/Lung_Opacity/images/Lung_Opacity-2587.png,Lung_Opacity,Lung_Opacity,0.006973593961447477,0.6721429824829102,0.3208598494529724,2.354731986997649e-05,0.2280973494052887,,
/kaggle/input/datasets/tawsifurrahman/covid19-radiography-database/COVID-19_Radiography_Dataset/Lung_Opacity/images/Lung_Opacity-2591.png,Lung_Opacity,Lung_Opacity,0.02793559618294239,0.7780610918998718,0.19399724900722504,6.127737833594438e-06,0.2574141025543213,,
/kaggle/input/datasets/tawsifurrahman/covid19-radiography-database/COVID-19_Radiography_Dataset/Lung_Opacity/images/Lung_Opacity-2594.png,Lung_Opacity,Lung_Opacity,0.000688266649376601,0.9979785084724426,0.001316786976531148,1.6407833754783496e-05,0.14943429827690125,,
/kaggle/input/datasets/tawsifurrahman/covid19-radiography-database/COVID-19_Radiography_Dataset/Lung_Opacity/images/Lung_Opacity-2598.png,Lung_Opacity,Lung_Opacity,0.007461225613951683,0.9919387698173523,0.0005981716676615179,1.7495027577751898e-06,0.2874889373779297,0.4858407974243164,0.4858401119709015
/kaggle/input/datasets/tawsifurrahman/covid19-radiography-database/COVID-19_Radiography_Dataset/Lung_Opacity/images/Lung_Opacity-260.png,Lung_Opacity,COVID,0.8251039385795593,0.13342918455600739,0.04143332690000534,3.3560725569259375e-05,0.17934882640838623,,
/kaggle/input/datasets/tawsifurrahman/covid19-radiography-database/COVID-19_Radiography_Dataset/Lung_Opacity/images/Lung_Opacity-2609.png,Lung_Opacity,Lung_Opacity,0.0011833090102300048,0.7611034512519836,0.23770922422409058,4.028409875900252e-06,0.16304638981819153,0.12194977700710297,0.12194975465536118
/kaggle/input/datasets/tawsifurrahman/covid19-radiography-database/COVID-19_Radiography_Dataset/Lung_Opacity/images/Lung_Opacity-262.png,Lung_Opacity,Lung_Opacity,0.05570797622203827,0.9429050087928772,0.0013865642249584198,4.2659107180043065e-07,0.16470061242580414,0.1943223774433136,0.19432219862937927
/kaggle/input/datasets/tawsifurrahman/covid19-radiography-database/COVID-19_Radiography_Dataset/Lung_Opacity/images/Lung_Opacity-2627.png,Lung_Opacity,Lung_Opacity,0.0022156466729938984,0.9954097867012024,0.0023731584660708904,1.4132776868791552e-06,0.24364256858825684,,
/kaggle/input/datasets/tawsifurrahman/covid19-radiography-database/COVID-19_Radiography_Dataset/Lung_Opacity/images/Lung_Opacity-2630.png,Lung_Opacity,Lung_Opacity,3.3436633657402126e-06,0.9860032200813293,0.01399256382137537,8.798325552561437e-07,0.2189498096704483,,
/kaggle/input/datasets/tawsifurrahman/covid19-radiography-database/COVID-19_Radiography_Dataset/Lung_Opacity/images/Lung_Opacity-2631.png,Lung_Opacity,COVID,0.7872765064239502,0.2060762643814087,0.006646695081144571,5.351087679628108e-07,0.2512367069721222,0.5135369300842285,0.513536810874939
/kaggle/input/datasets/tawsifurrahman/covid19-radiography-database/COVID-19_Radiography_Dataset/Lung_Opacity/images/Lung_Opacity-2639.png,Lung_Opacity,Lung_Opacity,0.00015544318011961877,0.9985758066177368,0.0012576095759868622,1.1178915883647278e-05,0.20521782338619232,0.19127492606639862,0.19127486646175385
/kaggle/input/datasets/tawsifurrahman/covid19-radiography-database/COVID-19_Radiography_Dataset/Lung_Opacity/images/Lung_Opacity-2640.png,Lung_Opacity,Lung_Opacity,3.95730348827783e-05,0.9987275004386902,0.0011663646437227726,6.650808791164309e-05,0.1736089289188385,0.18775367736816406,0.1877536177635193
/kaggle/input/datasets/tawsifurrahman/covid19-radiography-database/COVID-19_Radiography_Dataset/Lung_Opacity/images/Lung_Opacity-2644.png,Lung_Opacity,Lung_Opacity,0.0002617173013277352,0.9997115731239319,2.6382920623291284e-05,3.179441989686893e-07,0.2580317556858063,,
/kaggle/input/datasets/tawsifurrahman/covid19-radiography-database/COVID-19_Radiography_Dataset/Lung_Opacity/images/Lung_Opacity-2646.png,Lung_Opacity,Lung_Opacity,0.0025973517913371325,0.9973583817481995,4.39830037066713e-05,2.611924969642132e-07,0.2842995226383209,0.42718833684921265,0.4271882474422455
/kaggle/input/datasets/tawsifurrahman/covid19-radiography-database/COVID-19_Radiography_Dataset/Lung_Opacity/images/Lung_Opacity-2652.png,Lung_Opacity,Lung_Opacity,0.04514411836862564,0.8092222213745117,0.13919812440872192,0.00643546786159277,0.1601364016532898,,
/kaggle/input/datasets/tawsifurrahman/covid19-radiography-database/COVID-19_Radiography_Dataset/Lung_Opacity/images/Lung_Opacity-2663.png,Lung_Opacity,Lung_Opacity,0.0015743019757792354,0.8633924722671509,0.13502611219882965,7.083467153279344e-06,0.14401400089263916,,
/kaggle/input/datasets/tawsifurrahman/covid19-radiography-database/COVID-19_Radiography_Dataset/Lung_Opacity/images/Lung_Opacity-2667.png,Lung_Opacity,Lung_Opacity,4.728482508653542e-06,0.9172730445861816,0.08271780610084534,4.372630883153761e-06,0.15676845610141754,,
/kaggle/input/datasets/tawsifurrahman/covid19-radiography-database/COVID-19_Radiography_Dataset/Lung_Opacity/images/Lung_Opacity-2669.png,Lung_Opacity,Lung_Opacity,1.0939497769868467e-05,0.9999773502349854,1.1722562703653239e-05,3.4266514625791444e-10,0.18973219394683838,,
/kaggle/input/datasets/tawsifurrahman/covid19-radiography-database/COVID-19_Radiography_Dataset/Lung_Opacity/images/Lung_Opacity-2670.png,Lung_Opacity,Lung_Opacity,0.0005790721625089645,0.9984157085418701,0.0007232481730170548,0.0002820042718667537,0.23335950076580048,,
/kaggle/input/datasets/tawsifurrahman/covid19-radiography-database/COVID-19_Radiography_Dataset/Lung_Opacity/images/Lung_Opacity-2672.png,Lung_Opacity,Lung_Opacity,0.02257595583796501,0.8424469232559204,0.13497129082679749,5.827958375448361e-06,0.17713677883148193,,
/kaggle/input/datasets/tawsifurrahman/covid19-radiography-database/COVID-19_Radiography_Dataset/Lung_Opacity/images/Lung_Opacity-269.png,Lung_Opacity,Lung_Opacity,0.4401211738586426,0.5496447682380676,0.010221912525594234,1.2093868463125546e-05,0.195810928940773,0.4024183452129364,0.4024182856082916
/kaggle/input/datasets/tawsifurrahman/covid19-radiography-database/COVID-19_Radiography_Dataset/Lung_Opacity/images/Lung_Opacity-2692.png,Lung_Opacity,Lung_Opacity,0.2740953862667084,0.6900800466537476,0.035728998482227325,9.557622252032161e-05,0.29452434182167053,,
/kaggle/input/datasets/tawsifurrahman/covid19-radiography-database/COVID-19_Radiography_Dataset/Lung_Opacity/images/Lung_Opacity-2695.png,Lung_Opacity,Lung_Opacity,8.282178896479309e-05,0.9765822291374207,0.023312728852033615,2.2235088181332685e-05,0.22114162147045135,,
/kaggle/input/datasets/tawsifurrahman/covid19-radiography-database/COVID-19_Radiography_Dataset/Lung_Opacity/images/Lung_Opacity-270.png,Lung_Opacity,Lung_Opacity,3.4080727346008644e-05,0.9999035596847534,6.238966307137161e-05,1.8699573001157432e-09,0.255024254322052,0.3286430239677429,0.32864242792129517
/kaggle/input/datasets/tawsifurrahman/covid19-radiography-database/COVID-19_Radiography_Dataset/Lung_Opacity/images/Lung_Opacity-2710.png,Lung_Opacity,Lung_Opacity,1.0756960364233237e-05,0.9955079555511475,0.004480332601815462,9.307060508945142e-07,0.21988652646541595,,
/kaggle/input/datasets/tawsifurrahman/covid19-radiography-database/COVID-19_Radiography_Dataset/Lung_Opacity/images/Lung_Opacity-2711.png,Lung_Opacity,Normal,0.00143093999940902,0.03403394669294357,0.9645296335220337,5.421571131591918e-06,0.2668810784816742,0.4374435842037201,0.4374435245990753
/kaggle/input/datasets/tawsifurrahman/covid19-radiography-database/COVID-19_Radiography_Dataset/Lung_Opacity/images/Lung_Opacity-2717.png,Lung_Opacity,Lung_Opacity,0.0022040018811821938,0.9923292994499207,0.005464428104460239,2.2290746528597083e-06,0.18042512238025665,,
/kaggle/input/datasets/tawsifurrahman/covid19-radiography-database/COVID-19_Radiography_Dataset/Lung_Opacity/images/Lung_Opacity-2719.png,Lung_Opacity,Lung_Opacity,0.0002541323774494231,0.9994634985923767,0.0002814083709381521,9.833948979576235e-07,0.18182018399238586,0.20075170695781708,0.20075170695781708
/kaggle/input/datasets/tawsifurrahman/covid19-radiography-database/COVID-19_Radiography_Dataset/Lung_Opacity/images/Lung_Opacity-2730.png,Lung_Opacity,Lung_Opacity,5.167294602870243e-06,0.9510515928268433,0.04894326254725456,4.129742769976019e-09,0.1725725680589676,0.16846153140068054,0.16846150159835815
/kaggle/input/datasets/tawsifurrahman/covid19-radiography-database/COVID-19_Radiography_Dataset/Lung_Opacity/images/Lung_Opacity-2738.png,Lung_Opacity,Lung_Opacity,0.002240108558908105,0.9975550770759583,0.00020242732716724277,2.3261432033905294e-06,0.2260245382785797,0.20108354091644287,0.2010834962129593
/kaggle/input/datasets/tawsifurrahman/covid19-radiography-database/COVID-19_Radiography_Dataset/Lung_Opacity/images/Lung_Opacity-2743.png,Lung_Opacity,Lung_Opacity,0.0025733807124197483,0.9929407835006714,0.0029777116142213345,0.0015081625897437334,0.15108861029148102,,
/kaggle/input/datasets/tawsifurrahman/covid19-radiography-database/COVID-19_Radiography_Dataset/Lung_Opacity/images/Lung_Opacity-2744.png,Lung_Opacity,Lung_Opacity,0.007293615024536848,0.8403041958808899,0.1524016559123993,5.028323926126177e-07,0.17500416934490204,0.16153286397457123,0.16153280436992645
/kaggle/input/datasets/tawsifurrahman/covid19-radiography-database/COVID-19_Radiography_Dataset/Lung_Opacity/images/Lung_Opacity-2748.png,Lung_Opacity,Lung_Opacity,0.003849991597235203,0.9876933693885803,0.008455692790448666,9.869992254607496e-07,0.15519379079341888,,
/kaggle/input/datasets/tawsifurrahman/covid19-radiography-database/COVID-19_Radiography_Dataset/Lung_Opacity/images/Lung_Opacity-2759.png,Lung_Opacity,Lung_Opacity,0.0004963423707522452,0.966274619102478,0.03322219103574753,6.7833093453373294e-06,0.27905789017677307,,
/kaggle/input/datasets/tawsifurrahman/covid19-radiography-database/COVID-19_Radiography_Dataset/Lung_Opacity/images/Lung_Opacity-276.png,Lung_Opacity,Lung_Opacity,0.023023433983325958,0.7531328201293945,0.22381789982318878,2.5862927941489033e-05,0.13325119018554688,0.1287255585193634,0.12872546911239624
/kaggle/input/datasets/tawsifurrahman/covid19-radiography-database/COVID-19_Radiography_Dataset/Lung_Opacity/images/Lung_Opacity-2775.png,Lung_Opacity,Lung_Opacity,0.0009528538794256747,0.9907093048095703,0.008309065364301205,2.8833812393713742e-05,0.15298211574554443,,
/kaggle/input/datasets/tawsifurrahman/covid19-radiography-database/COVID-19_Radiography_Dataset/Lung_Opacity/images/Lung_Opacity-2777.png,Lung_Opacity,Normal,0.029563182964920998,0.0351950079202652,0.9352389574050903,2.8743522761942586e-06,0.29671671986579895,0.3440920412540436,0.3440917432308197
/kaggle/input/datasets/tawsifurrahman/covid19-radiography-database/COVID-19_Radiography_Dataset/Lung_Opacity/images/Lung_Opacity-2779.png,Lung_Opacity,Normal,0.0008489697938784957,0.4788905084133148,0.5202589631080627,1.5453590549441287e-06,0.24368257820606232,0.26497283577919006,0.2649727761745453
/kaggle/input/datasets/tawsifurrahman/covid19-radiography-database/COVID-19_Radiography_Dataset/Lung_Opacity/images/Lung_Opacity-2787.png,Lung_Opacity,Lung_Opacity,0.00012908049393445253,0.9952276945114136,0.004643112421035767,1.1713171232941022e-07,0.1587412804365158,,
/kaggle/input/datasets/tawsifurrahman/covid19-radiography-database/COVID-19_Radiography_Dataset/Lung_Opacity/images/Lung_Opacity-2788.png,Lung_Opacity,Lung_Opacity,0.010018243454396725,0.9768050312995911,0.013123729266226292,5.2983414207119495e-05,0.27268022298812866,,
/kaggle/input/datasets/tawsifurrahman/covid19-radiography-database/COVID-19_Radiography_Dataset/Lung_Opacity/images/Lung_Opacity-2796.png,Lung_Opacity,Lung_Opacity,0.010145226493477821,0.604088306427002,0.38574662804603577,1.98424077098025e-05,0.1699429452419281,,
/kaggle/input/datasets/tawsifurrahman/covid19-radiography-database/COVID-19_Radiography_Dataset/Lung_Opacity/images/Lung_Opacity-280.png,Lung_Opacity,Lung_Opacity,0.00020298770687077194,0.9994899034500122,0.00030646432423964143,5.62939476367319e-07,0.1987604945898056,0.3043549358844757,0.3043549060821533
/kaggle/input/datasets/tawsifurrahman/covid19-radiography-database/COVID-19_Radiography_Dataset/Lung_Opacity/images/Lung_Opacity-2801.png,Lung_Opacity,Lung_Opacity,1.1858103789563756e-05,0.9867295026779175,0.013253946788609028,4.704805633082287e-06,0.18801869451999664,,
/kaggle/input/datasets/tawsifurrahman/covid19-radiography-database/COVID-19_Radiography_Dataset/Lung_Opacity/images/Lung_Opacity-2808.png,Lung_Opacity,Lung_Opacity,0.00018957589054480195,0.9949787259101868,0.004831687547266483,2.455349168428711e-08,0.17909173667430878,0.2053147703409195,0.2053147256374359
/kaggle/input/datasets/tawsifurrahman/covid19-radiography-database/COVID-19_Radiography_Dataset/Lung_Opacity/images/Lung_Opacity-2814.png,Lung_Opacity,Lung_Opacity,0.01310693472623825,0.9777912497520447,0.009101713076233864,1.744515287782633e-07,0.14574742317199707,,
/kaggle/input/datasets/tawsifurrahman/covid19-radiography-database/COVID-19_Radiography_Dataset/Lung_Opacity/images/Lung_Opacity-2828.png,Lung_Opacity,Lung_Opacity,0.0030035150703042746,0.9842711091041565,0.012716949917376041,8.406595952692442e-06,0.23308059573173523,0.22068607807159424,0.22068540751934052
/kaggle/input/datasets/tawsifurrahman/covid19-radiography-database/COVID-19_Radiography_Dataset/Lung_Opacity/images/Lung_Opacity-2832.png,Lung_Opacity,Lung_Opacity,2.076174723697477e-06,0.9998515844345093,0.00013366279017645866,1.2594095096574165e-05,0.20786836743354797,,
/kaggle/input/datasets/tawsifurrahman/covid19-radiography-database/COVID-19_Radiography_Dataset/Lung_Opacity/images/Lung_Opacity-2833.png,Lung_Opacity,Lung_Opacity,0.00010752567322924733,0.9950856566429138,0.004767424892634153,3.936561188311316e-05,0.156510129570961,,
/kaggle/input/datasets/tawsifurrahman/covid19-radiography-database/COVID-19_Radiography_Dataset/Lung_Opacity/images/Lung_Opacity-2836.png,Lung_Opacity,Lung_Opacity,0.00586450332775712,0.6912736892700195,0.30253416299819946,0.0003276407951489091,0.2507973909378052,,
/kaggle/input/datasets/tawsifurrahman/covid19-radiography-database/COVID-19_Radiography_Dataset/Lung_Opacity/images/Lung_Opacity-2846.png,Lung_Opacity,Lung_Opacity,0.020227858796715736,0.9735246896743774,0.006220443639904261,2.7087222406407818e-05,0.22941374778747559,0.24332278966903687,0.24332264065742493
/kaggle/input/datasets/tawsifurrahman/covid19-radiography-database/COVID-19_Radiography_Dataset/Lung_Opacity/images/Lung_Opacity-2852.png,Lung_Opacity,Lung_Opacity,0.0034949826076626778,0.8535652756690979,0.14293907582759857,7.407844009321707e-07,0.24489837884902954,0.185439333319664,0.1854393184185028
/kaggle/input/datasets/tawsifurrahman/covid19-radiography-database/COVID-19_Radiography_Dataset/Lung_Opacity/images/Lung_Opacity-2860.png,Lung_Opacity,Lung_Opacity,1.005140529741766e-05,0.9984229803085327,0.001566411228850484,5.714419444302621e-07,0.20679230988025665,,
/kaggle/input/datasets/tawsifurrahman/covid19-radiography-database/COVID-19_Radiography_Dataset/Lung_Opacity/images/Lung_Opacity-2866.png,Lung_Opacity,Lung_Opacity,0.005273962859064341,0.9946252703666687,0.00010000036854762584,7.485089668080036e-07,0.31558987498283386,,
/kaggle/input/datasets/tawsifurrahman/covid19-radiography-database/COVID-19_Radiography_Dataset/Lung_Opacity/images/Lung_Opacity-287.png,Lung_Opacity,Lung_Opacity,0.00014446220302488655,0.9824774861335754,0.017369233071804047,8.735980372875929e-06,0.15609093010425568,,
/kaggle/input/datasets/tawsifurrahman/covid19-radiography-database/COVID-19_Radiography_Dataset/Lung_Opacity/images/Lung_Opacity-2872.png,Lung_Opacity,Lung_Opacity,0.004262283444404602,0.9947716593742371,0.0009319173404946923,3.42107996402774e-05,0.16790930926799774,,
/kaggle/input/datasets/tawsifurrahman/covid19-radiography-database/COVID-19_Radiography_Dataset/Lung_Opacity/images/Lung_Opacity-2883.png,Lung_Opacity,Lung_Opacity,0.00025872778496704996,0.9740991592407227,0.019696835428476334,0.005945276468992233,0.14158478379249573,0.26257142424583435,0.26257020235061646
/kaggle/input/datasets/tawsifurrahman/covid19-radiography-database/COVID-19_Radiography_Dataset/Lung_Opacity/images/Lung_Opacity-289.png,Lung_Opacity,Lung_Opacity,0.0019027742091566324,0.7985555529594421,0.19951054453849792,3.115364597761072e-05,0.2449987381696701,,
/kaggle/input/datasets/tawsifurrahman/covid19-radiography-database/COVID-19_Radiography_Dataset/Lung_Opacity/images/Lung_Opacity-2890.png,Lung_Opacity,Lung_Opacity,0.0012650138232856989,0.9986119270324707,0.00012184966908534989,1.204407453769818e-06,0.26779887080192566,,
/kaggle/input/datasets/tawsifurrahman/covid19-radiography-database/COVID-19_Radiography_Dataset/Lung_Opacity/images/Lung_Opacity-2904.png,Lung_Opacity,Lung_Opacity,0.0014412649907171726,0.9576137065887451,0.04020277038216591,0.0007422315538860857,0.1779143065214157,,
/kaggle/input/datasets/tawsifurrahman/covid19-radiography-database/COVID-19_Radiography_Dataset/Lung_Opacity/images/Lung_Opacity-2907.png,Lung_Opacity,Lung_Opacity,0.00048354564933106303,0.9987812638282776,0.0007346112979575992,5.651148740071221e-07,0.17580129206180573,,
/kaggle/input/datasets/tawsifurrahman/covid19-radiography-database/COVID-19_Radiography_Dataset/Lung_Opacity/images/Lung_Opacity-291.png,Lung_Opacity,Lung_Opacity,0.009984344244003296,0.7589929103851318,0.2306279093027115,0.0003948129597119987,0.2647300362586975,,
/kaggle/input/datasets/tawsifurrahman/covid19-radiography-database/COVID-19_Radiography_Dataset/Lung_Opacity/images/Lung_Opacity-2920.png,Lung_Opacity,Normal,6.16237593931146e-05,0.4329290986061096,0.5668072700500488,0.00020198563288431615,0.27345767617225647,,
/kaggle/input/datasets/tawsifurrahman/covid19-radiography-database/COVID-19_Radiography_Dataset/Lung_Opacity/images/Lung_Opacity-2928.png,Lung_Opacity,Normal,0.001620918046683073,0.11959932744503021,0.8787748217582703,4.880091637460282e-06,0.25233182311058044,,
/kaggle/input/datasets/tawsifurrahman/covid19-radiography-database/COVID-19_Radiography_Dataset/Lung_Opacity/images/Lung_Opacity-2932.png,Lung_Opacity,Lung_Opacity,1.8498618373996578e-05,0.9973526000976562,0.0026281627360731363,7.241555977088865e-07,0.3340246081352234,0.24903255701065063,0.24903248250484467
/kaggle/input/datasets/tawsifurrahman/covid19-radiography-database/COVID-19_Radiography_Dataset/Lung_Opacity/images/Lung_Opacity-2935.png,Lung_Opacity,Lung_Opacity,0.059468287974596024,0.9365023970603943,0.004022226668894291,7.064066267048474e-06,0.21388806402683258,,
/kaggle/input/datasets/tawsifurrahman/covid19-radiography-database/COVID-19_Radiography_Dataset/Lung_Opacity/images/Lung_Opacity-2937.png,Lung_Opacity,Lung_Opacity,0.015981733798980713,0.954755425453186,0.02548210695385933,0.003780769882723689,0.2178138792514801,,
/kaggle/input/datasets/tawsifurrahman/covid19-radiography-database/COVID-19_Radiography_Dataset/Lung_Opacity/images/Lung_Opacity-294.png,Lung_Opacity,Lung_Opacity,0.005328353960067034,0.6829779148101807,0.31169265508651733,1.0679256092771539e-06,0.18423272669315338,,
/kaggle/input/datasets/tawsifurrahman/covid19-radiography-database/COVID-19_Radiography_Dataset/Lung_Opacity/images/Lung_Opacity-2941.png,Lung_Opacity,Lung_Opacity,0.08223778754472733,0.7248263359069824,0.19256700575351715,0.00036887903115712106,0.15900054574012756,,
/kaggle/input/datasets/tawsifurrahman/covid19-radiography-database/COVID-19_Radiography_Dataset/Lung_Opacity/images/Lung_Opacity-2958.png,Lung_Opacity,COVID,0.48893073201179504,0.08552286028862,0.4131671190261841,0.012379261665046215,0.21496400237083435,,
/kaggle/input/datasets/tawsifurrahman/covid19-radiography-database/COVID-19_Radiography_Dataset/Lung_Opacity/images/Lung_Opacity-2960.png,Lung_Opacity,Lung_Opacity,0.027614692226052284,0.9688364267349243,0.0033365010749548674,0.00021242046204861253,0.17857232689857483,0.3735005259513855,0.37350016832351685
/kaggle/input/datasets/tawsifurrahman/covid19-radiography-database/COVID-19_Radiography_Dataset/Lung_Opacity/images/Lung_Opacity-2967.png,Lung_Opacity,Normal,0.10269797593355179,0.04910480976104736,0.8431992530822754,0.004997970070689917,0.2897016108036041,,
/kaggle/input/datasets/tawsifurrahman/covid19-radiography-database/COVID-19_Radiography_Dataset/Lung_Opacity/images/Lung_Opacity-2968.png,Lung_Opacity,Normal,0.1279955953359604,0.09184660762548447,0.7800713181495667,8.640919986646622e-05,0.35347679257392883,,
/kaggle/input/datasets/tawsifurrahman/covid19-radiography-database/COVID-19_Radiography_Dataset/Lung_Opacity/images/Lung_Opacity-2969.png,Lung_Opacity,Lung_Opacity,5.7822035159915686e-06,0.999941349029541,5.289645923767239e-05,1.913955571808401e-08,0.23345841467380524,0.3068845570087433,0.3068844676017761
/kaggle/input/datasets/tawsifurrahman/covid19-radiography-database/COVID-19_Radiography_Dataset/Lung_Opacity/images/Lung_Opacity-2977.png,Lung_Opacity,Lung_Opacity,0.12981028854846954,0.8657485246658325,0.004032227210700512,0.00040894185076467693,0.2628951966762543,,
/kaggle/input/datasets/tawsifurrahman/covid19-radiography-database/COVID-19_Radiography_Dataset/Lung_Opacity/images/Lung_Opacity-2985.png,Lung_Opacity,Lung_Opacity,0.0003111793485004455,0.9851921796798706,0.01449653785675764,9.402386069723434e-08,0.15541301667690277,,
/kaggle/input/datasets/tawsifurrahman/covid19-radiography-database/COVID-19_Radiography_Dataset/Lung_Opacity/images/Lung_Opacity-2986.png,Lung_Opacity,Lung_Opacity,6.511344690807164e-05,0.998661994934082,0.0012724059633910656,5.070924089523032e-07,0.3082951009273529,0.3634399175643921,0.3634399175643921
/kaggle/input/datasets/tawsifurrahman/covid19-radiography-database/COVID-19_Radiography_Dataset/Lung_Opacity/images/Lung_Opacity-2995.png,Lung_Opacity,Lung_Opacity,0.00018123164772987366,0.9922875165939331,0.00750538008287549,2.5930008632712997e-05,0.1810230314731598,,
/kaggle/input/datasets/tawsifurrahman/covid19-radiography-database/COVID-19_Radiography_Dataset/Lung_Opacity/images/Lung_Opacity-300.png,Lung_Opacity,Normal,0.27666595578193665,0.1119673028588295,0.6105044484138489,0.0008622388704679906,0.25386863946914673,,
/kaggle/input/datasets/tawsifurrahman/covid19-radiography-database/COVID-19_Radiography_Dataset/Lung_Opacity/images/Lung_Opacity-3005.png,Lung_Opacity,Lung_Opacity,0.01956331357359886,0.7314122319221497,0.2490139752626419,1.0457543794473168e-05,0.2631947100162506,0.33252716064453125,0.33252695202827454
/kaggle/input/datasets/tawsifurrahman/covid19-radiography-database/COVID-19_Radiography_Dataset/Lung_Opacity/images/Lung_Opacity-3016.png,Lung_Opacity,Lung_Opacity,5.042271027377865e-07,0.9983890056610107,0.001610455452464521,3.462774955664827e-08,0.2093435823917389,0.22692212462425232,0.22692205011844635
/kaggle/input/datasets/tawsifurrahman/covid19-radiography-database/COVID-19_Radiography_Dataset/Lung_Opacity/images/Lung_Opacity-303.png,Lung_Opacity,Normal,0.0047059799544513226,0.18352271616458893,0.8117696046829224,1.7027161902660737e-06,0.27668702602386475,,
/kaggle/input/datasets/tawsifurrahman/covid19-radiography-database/COVID-19_Radiography_Dataset/Lung_Opacity/images/Lung_Opacity-3030.png,Lung_Opacity,Lung_Opacity,0.005910768173635006,0.9627432227134705,0.029839791357517242,0.0015062364982441068,0.15369924902915955,,
/kaggle/input/datasets/tawsifurrahman/covid19-radiography-database/COVID-19_Radiography_Dataset/Lung_Opacity/images/Lung_Opacity-3031.png,Lung_Opacity,Normal,0.018722213804721832,0.2929460108280182,0.6881864666938782,0.0001453299482818693,0.21384836733341217,0.33561769127845764,0.33561694622039795
/kaggle/input/datasets/tawsifurrahman/covid19-radiography-database/COVID-19_Radiography_Dataset/Lung_Opacity/images/Lung_Opacity-3048.png,Lung_Opacity,Lung_Opacity,0.006909950636327267,0.9875895380973816,0.005299915559589863,0.00020059551752638072,0.21821317076683044,,
/kaggle/input/datasets/tawsifurrahman/covid19-radiography-database/COVID-19_Radiography_Dataset/Lung_Opacity/images/Lung_Opacity-3063.png,Lung_Opacity,Lung_Opacity,2.7175363356946036e-05,0.9976557493209839,0.002316427882760763,6.152964147077e-07,0.14825819432735443,,
/kaggle/input/datasets/tawsifurrahman/covid19-radiography-database/COVID-19_Radiography_Dataset/Lung_Opacity/images/Lung_Opacity-3073.png,Lung_Opacity,Lung_Opacity,0.003474636236205697,0.9939011335372925,0.0026166371535509825,7.58132728151395e-06,0.16926486790180206,,
/kaggle/input/datasets/tawsifurrahman/covid19-radiography-database/COVID-19_Radiography_Dataset/Lung_Opacity/images/Lung_Opacity-3076.png,Lung_Opacity,Lung_Opacity,3.080070746364072e-05,0.9987360835075378,0.0012330738827586174,1.595153698019658e-08,0.17600096762180328,,
/kaggle/input/datasets/tawsifurrahman/covid19-radiography-database/COVID-19_Radiography_Dataset/Lung_Opacity/images/Lung_Opacity-3095.png,Lung_Opacity,Normal,0.00038491329178214073,0.45206066966056824,0.5474016666412354,0.00015274273755494505,0.1988600790500641,,
/kaggle/input/datasets/tawsifurrahman/covid19-radiography-database/COVID-19_Radiography_Dataset/Lung_Opacity/images/Lung_Opacity-31.png,Lung_Opacity,Lung_Opacity,2.877580300264526e-05,0.9883314967155457,0.011634894646704197,4.816528871742776e-06,0.17942847311496735,0.14004285633563995,0.1400427520275116
/kaggle/input/datasets/tawsifurrahman/covid19-radiography-database/COVID-19_Radiography_Dataset/Lung_Opacity/images/Lung_Opacity-3103.png,Lung_Opacity,Lung_Opacity,0.00016895892622414976,0.9993002414703369,0.0005307630635797977,1.8461523865198615e-08,0.22488874197006226,,
/kaggle/input/datasets/tawsifurrahman/covid19-radiography-database/COVID-19_Radiography_Dataset/Lung_Opacity/images/Lung_Opacity-3109.png,Lung_Opacity,Lung_Opacity,6.422794103855267e-05,0.9596907496452332,0.04020870849490166,3.6258519685361534e-05,0.18965280055999756,0.0858699157834053,0.0858699157834053
/kaggle/input/datasets/tawsifurrahman/covid19-radiography-database/COVID-19_Radiography_Dataset/Lung_Opacity/images/Lung_Opacity-3110.png,Lung_Opacity,Lung_Opacity,1.0183506674366072e-05,0.9996684789657593,0.00029895518673583865,2.243237577204127e-05,0.1994384229183197,,
/kaggle/input/datasets/tawsifurrahman/covid19-radiography-database/COVID-19_Radiography_Dataset/Lung_Opacity/images/Lung_Opacity-3112.png,Lung_Opacity,COVID,0.522656261920929,0.4766083359718323,0.0005816342309117317,0.0001537854695925489,0.2268068492412567,,
/kaggle/input/datasets/tawsifurrahman/covid19-radiography-database/COVID-19_Radiography_Dataset/Lung_Opacity/images/Lung_Opacity-3121.png,Lung_Opacity,Lung_Opacity,0.008811772800981998,0.9783304333686829,0.012848105281591415,9.689304533821996e-06,0.21633926033973694,,
/kaggle/input/datasets/tawsifurrahman/covid19-radiography-database/COVID-19_Radiography_Dataset/Lung_Opacity/images/Lung_Opacity-3131.png,Lung_Opacity,Lung_Opacity,0.002455264562740922,0.9912113547325134,0.006314423400908709,1.892514046630822e-05,0.2901400029659271,,
/kaggle/input/datasets/tawsifurrahman/covid19-radiography-database/COVID-19_Radiography_Dataset/Lung_Opacity/images/Lung_Opacity-3139.png,Lung_Opacity,Lung_Opacity,8.823622192721814e-05,0.9997273087501526,0.0001786920620361343,5.761427019024268e-06,0.24892392754554749,,
/kaggle/input/datasets/tawsifurrahman/covid19-radiography-database/COVID-19_Radiography_Dataset/Lung_Opacity/images/Lung_Opacity-3142.png,Lung_Opacity,Lung_Opacity,4.933961008646293e-06,0.9830370545387268,0.016958028078079224,4.9465587181884985e-08,0.17133694887161255,,
/kaggle/input/datasets/tawsifurrahman/covid19-radiography-database/COVID-19_Radiography_Dataset/Lung_Opacity/images/Lung_Opacity-3146.png,Lung_Opacity,Lung_Opacity,0.026372617110610008,0.9394218921661377,0.02701231837272644,0.0071932002902030945,0.21653829514980316,,
/kaggle/input/datasets/tawsifurrahman/covid19-radiography-database/COVID-19_Radiography_Dataset/Lung_Opacity/images/Lung_Opacity-3156.png,Lung_Opacity,Lung_Opacity,1.720890031720046e-05,0.9982690811157227,0.0017110737971961498,2.6318673462810693e-06,0.17498411238193512,,
/kaggle/input/datasets/tawsifurrahman/covid19-radiography-database/COVID-19_Radiography_Dataset/Lung_Opacity/images/Lung_Opacity-3157.png,Lung_Opacity,Lung_Opacity,0.003542483551427722,0.9724478125572205,0.02398250438272953,2.7212990971747786e-05,0.24452026188373566,,
/kaggle/input/datasets/tawsifurrahman/covid19-radiography-database/COVID-19_Radiography_Dataset/Lung_Opacity/images/Lung_Opacity-3160.png,Lung_Opacity,Lung_Opacity,1.367936965834815e-05,0.9985499978065491,0.0012245934922248125,0.00021179619943723083,0.17861150205135345,,
/kaggle/input/datasets/tawsifurrahman/covid19-radiography-database/COVID-19_Radiography_Dataset/Lung_Opacity/images/Lung_Opacity-3169.png,Lung_Opacity,Lung_Opacity,0.009419913403689861,0.9901430606842041,0.0003871769004035741,4.975305637344718e-05,0.25081875920295715,0.33809876441955566,0.3380983769893646
/kaggle/input/datasets/tawsifurrahman/covid19-radiography-database/COVID-19_Radiography_Dataset/Lung_Opacity/images/Lung_Opacity-3172.png,Lung_Opacity,Lung_Opacity,0.0009863154264166951,0.9884733557701111,0.010192790068686008,0.000347491615684703,0.14004771411418915,,
/kaggle/input/datasets/tawsifurrahman/covid19-radiography-database/COVID-19_Radiography_Dataset/Lung_Opacity/images/Lung_Opacity-3187.png,Lung_Opacity,Lung_Opacity,0.0459035262465477,0.9504413604736328,0.0034938883036375046,0.0001612034538993612,0.0942283496260643,0.10431160777807236,0.10431161522865295
/kaggle/input/datasets/tawsifurrahman/covid19-radiography-database/COVID-19_Radiography_Dataset/Lung_Opacity/images/Lung_Opacity-3188.png,Lung_Opacity,Lung_Opacity,7.275278767338023e-05,0.9868832230567932,0.013043653219938278,2.9552413138844713e-07,0.24872487783432007,,
/kaggle/input/datasets/tawsifurrahman/covid19-radiography-database/COVID-19_Radiography_Dataset/Lung_Opacity/images/Lung_Opacity-3189.png,Lung_Opacity,Lung_Opacity,7.087023732310627e-06,0.9971596002578735,0.0028329987544566393,3.129291883396945e-07,0.14676350355148315,0.2498919665813446,0.2498919516801834
/kaggle/input/datasets/tawsifurrahman/covid19-radiography-database/COVID-19_Radiography_Dataset/Lung_Opacity/images/Lung_Opacity-319.png,Lung_Opacity,Lung_Opacity,0.0007285142783075571,0.7978606820106506,0.2014087438583374,2.0907007183268433e-06,0.19565308094024658,0.10771510004997253,0.10771501064300537
/kaggle/input/datasets/tawsifurrahman/covid19-radiography-database/COVID-19_Radiography_Dataset/Lung_Opacity/images/Lung_Opacity-3195.png,Lung_Opacity,Lung_Opacity,0.001366148004308343,0.9447728395462036,0.05384831130504608,1.2694678844127338e-05,0.23608925938606262,,
/kaggle/input/datasets/tawsifurrahman/covid19-radiography-database/COVID-19_Radiography_Dataset/Lung_Opacity/images/Lung_Opacity-32.png,Lung_Opacity,Lung_Opacity,0.005709078162908554,0.9865564703941345,0.007733201142400503,1.1610435421971488e-06,0.17223547399044037,0.26297926902770996,0.2629789710044861
/kaggle/input/datasets/tawsifurrahman/covid19-radiography-database/COVID-19_Radiography_Dataset/Lung_Opacity/images/Lung_Opacity-3201.png,Lung_Opacity,Lung_Opacity,0.00043958306196145713,0.9541675448417664,0.045288797467947006,0.00010412465053377673,0.17906981706619263,,
/kaggle/input/datasets/tawsifurrahman/covid19-radiography-database/COVID-19_Radiography_Dataset/Lung_Opacity/images/Lung_Opacity-3204.png,Lung_Opacity,COVID,0.9150190949440002,0.07573415338993073,0.008789914660155773,0.0004568062722682953,0.28523993492126465,0.24424007534980774,0.2442394345998764
/kaggle/input/datasets/tawsifurrahman/covid19-radiography-database/COVID-19_Radiography_Dataset/Lung_Opacity/images/Lung_Opacity-3218.png,Lung_Opacity,Lung_Opacity,0.2931188941001892,0.7067900896072388,7.73115607444197e-05,1.3771639714832418e-05,0.2771480977535248,,
/kaggle/input/datasets/tawsifurrahman/covid19-radiography-database/COVID-19_Radiography_Dataset/Lung_Opacity/images/Lung_Opacity-3219.png,Lung_Opacity,Lung_Opacity,0.000579020765144378,0.7261679172515869,0.273250937461853,2.1393163933680626e-06,0.25556159019470215,0.18942004442214966,0.18941985070705414
/kaggle/input/datasets/tawsifurrahman/covid19-radiography-database/COVID-19_Radiography_Dataset/Lung_Opacity/images/Lung_Opacity-3228.png,Lung_Opacity,Lung_Opacity,0.013427709229290485,0.6345336437225342,0.35203492641448975,3.781195346164168e-06,0.1965683251619339,,
/kaggle/input/datasets/tawsifurrahman/covid19-radiography-database/COVID-19_Radiography_Dataset/Lung_Opacity/images/Lung_Opacity-3249.png,Lung_Opacity,Lung_Opacity,0.481417179107666,0.5039666891098022,0.014573986642062664,4.209353573969565e-05,0.2531501352787018,,
/kaggle/input/datasets/tawsifurrahman/covid19-radiography-database/COVID-19_Radiography_Dataset/Lung_Opacity/images/Lung_Opacity-325.png,Lung_Opacity,Normal,0.0011039399541914463,0.46419042348861694,0.5347051024436951,5.118888566357782e-07,0.16472089290618896,,
/kaggle/input/datasets/tawsifurrahman/covid19-radiography-database/COVID-19_Radiography_Dataset/Lung_Opacity/images/Lung_Opacity-3253.png,Lung_Opacity,Lung_Opacity,0.2319514900445938,0.39038264751434326,0.37150225043296814,0.006163645535707474,0.18341463804244995,0.10290146619081497,0.10290154814720154
/kaggle/input/datasets/tawsifurrahman/covid19-radiography-database/COVID-19_Radiography_Dataset/Lung_Opacity/images/Lung_Opacity-3254.png,Lung_Opacity,Lung_Opacity,0.0003079433226957917,0.9350845813751221,0.06460274755954742,4.808059657079866e-06,0.21139785647392273,0.18361522257328033,0.18361487984657288
/kaggle/input/datasets/tawsifurrahman/covid19-radiography-database/COVID-19_Radiography_Dataset/Lung_Opacity/images/Lung_Opacity-3270.png,Lung_Opacity,Lung_Opacity,4.58931754110381e-05,0.9821021556854248,0.01785176247358322,2.657395441474364e-07,0.1972656399011612,,
/kaggle/input/datasets/tawsifurrahman/covid19-radiography-database/COVID-19_Radiography_Dataset/Lung_Opacity/images/Lung_Opacity-3271.png,Lung_Opacity,Lung_Opacity,3.463926987024024e-05,0.9994524121284485,0.0004576744686346501,5.52743804291822e-05,0.2105591595172882,0.32939672470092773,0.32939666509628296
/kaggle/input/datasets/tawsifurrahman/covid19-radiography-database/COVID-19_Radiography_Dataset/Lung_Opacity/images/Lung_Opacity-3286.png,Lung_Opacity,Lung_Opacity,0.02140611968934536,0.9766046404838562,0.001982669113203883,6.57891905575525e-06,0.15126779675483704,,
/kaggle/input/datasets/tawsifurrahman/covid19-radiography-database/COVID-19_Radiography_Dataset/Lung_Opacity/images/Lung_Opacity-3299.png,Lung_Opacity,Lung_Opacity,6.395301284101151e-07,0.9952648878097534,0.0047344062477350235,1.1971621916018194e-07,0.22239729762077332,,
/kaggle/input/datasets/tawsifurrahman/covid19-radiography-database/COVID-19_Radiography_Dataset/Lung_Opacity/images/Lung_Opacity-3301.png,Lung_Opacity,Lung_Opacity,0.19019751250743866,0.5056017637252808,0.3041967451572418,3.984909653809154e-06,0.38273298740386963,0.4639814496040344,0.4639814794063568
/kaggle/input/datasets/tawsifurrahman/covid19-radiography-database/COVID-19_Radiography_Dataset/Lung_Opacity/images/Lung_Opacity-3307.png,Lung_Opacity,Lung_Opacity,1.5251832337526139e-05,0.999933123588562,5.153619349584915e-05,7.539432544945157e-08,0.30713990330696106,,
/kaggle/input/datasets/tawsifurrahman/covid19-radiography-database/COVID-19_Radiography_Dataset/Lung_Opacity/images/Lung_Opacity-3308.png,Lung_Opacity,Lung_Opacity,2.557055267971009e-06,0.9999154806137085,8.012087346287444e-05,1.8455667714079027e-06,0.17847199738025665,,
/kaggle/input/datasets/tawsifurrahman/covid19-radiography-database/COVID-19_Radiography_Dataset/Lung_Opacity/images/Lung_Opacity-3324.png,Lung_Opacity,Normal,0.005527520086616278,0.1466141939163208,0.8461927175521851,0.0016655451618134975,0.12527933716773987,,
/kaggle/input/datasets/tawsifurrahman/covid19-radiography-database/COVID-19_Radiography_Dataset/Lung_Opacity/images/Lung_Opacity-3327.png,Lung_Opacity,Normal,0.16023361682891846,0.249182790517807,0.5270363688468933,0.06354723125696182,0.1272328943014145,,
/kaggle/input/datasets/tawsifurrahman/covid19-radiography-database/COVID-19_Radiography_Dataset/Lung_Opacity/images/Lung_Opacity-3339.png,Lung_Opacity,Lung_Opacity,0.005241671111434698,0.9810117483139038,0.013720898889005184,2.5721827114466578e-05,0.22857558727264404,,
/kaggle/input/datasets/tawsifurrahman/covid19-radiography-database/COVID-19_Radiography_Dataset/Lung_Opacity/images/Lung_Opacity-3345.png,Lung_Opacity,COVID,0.5395894050598145,0.3943730890750885,0.06586791574954987,0.00016959132335614413,0.17189519107341766,,
/kaggle/input/datasets/tawsifurrahman/covid19-radiography-database/COVID-19_Radiography_Dataset/Lung_Opacity/images/Lung_Opacity-3353.png,Lung_Opacity,Normal,5.0021455535897985e-05,0.4105193018913269,0.5894294381141663,1.230515294992074e-06,0.1948951929807663,,
/kaggle/input/datasets/tawsifurrahman/covid19-radiography-database/COVID-19_Radiography_Dataset/Lung_Opacity/images/Lung_Opacity-3358.png,Lung_Opacity,Lung_Opacity,0.00032209669006988406,0.9989668130874634,0.0007105365511961281,6.092732860452088e-07,0.1642819046974182,,
/kaggle/input/datasets/tawsifurrahman/covid19-radiography-database/COVID-19_Radiography_Dataset/Lung_Opacity/images/Lung_Opacity-3360.png,Lung_Opacity,Lung_Opacity,0.03401581943035126,0.7160772085189819,0.2499013990163803,5.61693923373241e-06,0.19626925885677338,0.13920512795448303,0.13920505344867706
/kaggle/input/datasets/tawsifurrahman/covid19-radiography-database/COVID-19_Radiography_Dataset/Lung_Opacity/images/Lung_Opacity-3369.png,Lung_Opacity,Lung_Opacity,9.742814654600807e-06,0.9850485920906067,0.01494133472442627,3.7269424524311034e-07,0.17360982298851013,,
/kaggle/input/datasets/tawsifurrahman/covid19-radiography-database/COVID-19_Radiography_Dataset/Lung_Opacity/images/Lung_Opacity-3370.png,Lung_Opacity,Lung_Opacity,3.058959191548638e-05,0.9998121857643127,0.00015710183652117848,1.6903295829706622e-07,0.16232873499393463,,
/kaggle/input/datasets/tawsifurrahman/covid19-radiography-database/COVID-19_Radiography_Dataset/Lung_Opacity/images/Lung_Opacity-338.png,Lung_Opacity,Lung_Opacity,5.822475031891372e-06,0.9980452060699463,0.0019474183209240437,1.5669306776544545e-06,0.15864160656929016,,
/kaggle/input/datasets/tawsifurrahman/covid19-radiography-database/COVID-19_Radiography_Dataset/Lung_Opacity/images/Lung_Opacity-3386.png,Lung_Opacity,Lung_Opacity,1.6025953300413676e-05,0.9963433146476746,0.0036405501887202263,8.128972694976255e-08,0.22377236187458038,0.2385958880186081,0.2385958582162857
/kaggle/input/datasets/tawsifurrahman/covid19-radiography-database/COVID-19_Radiography_Dataset/Lung_Opacity/images/Lung_Opacity-3389.png,Lung_Opacity,Lung_Opacity,5.683050039806403e-05,0.9740692973136902,0.025856928899884224,1.6943031369009987e-05,0.06383612751960754,,
/kaggle/input/datasets/tawsifurrahman/covid19-radiography-database/COVID-19_Radiography_Dataset/Lung_Opacity/images/Lung_Opacity-3393.png,Lung_Opacity,Lung_Opacity,0.0001982704270631075,0.9054734706878662,0.09432773292064667,5.260060333966976e-07,0.2930907905101776,,
/kaggle/input/datasets/tawsifurrahman/covid19-radiography-database/COVID-19_Radiography_Dataset/Lung_Opacity/images/Lung_Opacity-3394.png,Lung_Opacity,Normal,0.002062782645225525,0.4566600024700165,0.5412766933441162,4.536085782547161e-07,0.30345216393470764,,
/kaggle/input/datasets/tawsifurrahman/covid19-radiography-database/COVID-19_Radiography_Dataset/Lung_Opacity/images/Lung_Opacity-3395.png,Lung_Opacity,Normal,0.01499718613922596,0.3513506054878235,0.6336307525634766,2.1464957171701826e-05,0.1655573695898056,,
/kaggle/input/datasets/tawsifurrahman/covid19-radiography-database/COVID-19_Radiography_Dataset/Lung_Opacity/images/Lung_Opacity-3399.png,Lung_Opacity,Lung_Opacity,0.08314228057861328,0.7646728754043579,0.1521560549736023,2.8769731216016226e-05,0.19148632884025574,0.2782508134841919,0.2782506048679352
/kaggle/input/datasets/tawsifurrahman/covid19-radiography-database/COVID-19_Radiography_Dataset/Lung_Opacity/images/Lung_Opacity-3408.png,Lung_Opacity,Lung_Opacity,0.0015414808876812458,0.8716389536857605,0.12650926411151886,0.0003102603950537741,0.1871417611837387,,
/kaggle/input/datasets/tawsifurrahman/covid19-radiography-database/COVID-19_Radiography_Dataset/Lung_Opacity/images/Lung_Opacity-341.png,Lung_Opacity,Lung_Opacity,0.003337893867865205,0.9939351677894592,0.0027252708096057177,1.677787622611504e-06,0.20940296351909637,,
/kaggle/input/datasets/tawsifurrahman/covid19-radiography-database/COVID-19_Radiography_Dataset/Lung_Opacity/images/Lung_Opacity-342.png,Lung_Opacity,Lung_Opacity,0.010312757454812527,0.9883389472961426,0.0012896442785859108,5.8731522585731e-05,0.3442496955394745,0.27230677008628845,0.27230677008628845
/kaggle/input/datasets/tawsifurrahman/covid19-radiography-database/COVID-19_Radiography_Dataset/Lung_Opacity/images/Lung_Opacity-3425.png,Lung_Opacity,Lung_Opacity,0.33082836866378784,0.5150308012962341,0.038523104041814804,0.1156177669763565,0.29097652435302734,,
/kaggle/input/datasets/tawsifurrahman/covid19-radiography-database/COVID-19_Radiography_Dataset/Lung_Opacity/images/Lung_Opacity-3436.png,Lung_Opacity,Lung_Opacity,0.003072065068408847,0.9943079352378845,0.0025890287943184376,3.096414729952812e-05,0.17614036798477173,0.35483402013778687,0.3548339307308197
/kaggle/input/datasets/tawsifurrahman/covid19-radiography-database/COVID-19_Radiography_Dataset/Lung_Opacity/images/Lung_Opacity-3449.png,Lung_Opacity,Lung_Opacity,0.023939842358231544,0.9696755409240723,0.00614260695874691,0.00024195337027776986,0.1810230314731598,0.3291701674461365,0.3291701376438141
/kaggle/input/datasets/tawsifurrahman/covid19-radiography-database/COVID-19_Radiography_Dataset/Lung_Opacity/images/Lung_Opacity-3453.png,Lung_Opacity,Lung_Opacity,0.003619425930082798,0.9960947632789612,0.0002843509428203106,1.4652761137767811e-06,0.18114301562309265,,
/kaggle/input/datasets/tawsifurrahman/covid19-radiography-database/COVID-19_Radiography_Dataset/Lung_Opacity/images/Lung_Opacity-3456.png,Lung_Opacity,Lung_Opacity,0.0013067210093140602,0.9860060214996338,0.012654109857976437,3.315278445370495e-05,0.2869505286216736,0.20338702201843262,0.2033870667219162
/kaggle/input/datasets/tawsifurrahman/covid19-radiography-database/COVID-19_Radiography_Dataset/Lung_Opacity/images/Lung_Opacity-3468.png,Lung_Opacity,Lung_Opacity,0.0002519964473322034,0.8407604098320007,0.15881119668483734,0.00017636988195590675,0.2932280898094177,,
/kaggle/input/datasets/tawsifurrahman/covid19-radiography-database/COVID-19_Radiography_Dataset/Lung_Opacity/images/Lung_Opacity-3470.png,Lung_Opacity,Lung_Opacity,9.97518600343028e-06,0.8999055027961731,0.09997205436229706,0.00011245782661717385,0.1924029439687729,,
/kaggle/input/datasets/tawsifurrahman/covid19-radiography-database/COVID-19_Radiography_Dataset/Lung_Opacity/images/Lung_Opacity-3473.png,Lung_Opacity,Lung_Opacity,0.0001540255470899865,0.5039207339286804,0.4751227796077728,0.020802481099963188,0.13177624344825745,,
/kaggle/input/datasets/tawsifurrahman/covid19-radiography-database/COVID-19_Radiography_Dataset/Lung_Opacity/images/Lung_Opacity-3484.png,Lung_Opacity,Lung_Opacity,5.890528882446233e-06,0.9996892213821411,0.00030492182122543454,5.942304981410018e-11,0.1729712188243866,,
/kaggle/input/datasets/tawsifurrahman/covid19-radiography-database/COVID-19_Radiography_Dataset/Lung_Opacity/images/Lung_Opacity-3486.png,Lung_Opacity,Lung_Opacity,0.0005944988806731999,0.9987389445304871,0.0006663230014964938,2.9300036885615555e-07,0.2438226193189621,,
/kaggle/input/datasets/tawsifurrahman/covid19-radiography-database/COVID-19_Radiography_Dataset/Lung_Opacity/images/Lung_Opacity-3487.png,Lung_Opacity,Lung_Opacity,0.009390673600137234,0.9671908617019653,0.023417595773935318,8.435415566054871e-07,0.23716580867767334,,
/kaggle/input/datasets/tawsifurrahman/covid19-radiography-database/COVID-19_Radiography_Dataset/Lung_Opacity/images/Lung_Opacity-3488.png,Lung_Opacity,Normal,0.026603620499372482,0.3522842526435852,0.6206479072570801,0.0004641067062038928,0.3733457922935486,,
/kaggle/input/datasets/tawsifurrahman/covid19-radiography-database/COVID-19_Radiography_Dataset/Lung_Opacity/images/Lung_Opacity-3502.png,Lung_Opacity,Lung_Opacity,6.876925908727571e-05,0.9997493624687195,0.00018185086082667112,4.455618096699254e-09,0.19740547239780426,0.2834227979183197,0.2834227383136749
/kaggle/input/datasets/tawsifurrahman/covid19-radiography-database/COVID-19_Radiography_Dataset/Lung_Opacity/images/Lung_Opacity-3503.png,Lung_Opacity,Lung_Opacity,0.000246577023062855,0.9893788695335388,0.010369541123509407,5.0327807912253775e-06,0.21396709978580475,,
/kaggle/input/datasets/tawsifurrahman/covid19-radiography-database/COVID-19_Radiography_Dataset/Lung_Opacity/images/Lung_Opacity-3504.png,Lung_Opacity,Normal,0.006811590865254402,0.20035846531391144,0.7928274869918823,2.465360921632964e-06,0.2672998309135437,,
/kaggle/input/datasets/tawsifurrahman/covid19-radiography-database/COVID-19_Radiography_Dataset/Lung_Opacity/images/Lung_Opacity-3505.png,Lung_Opacity,Lung_Opacity,0.00025312212528660893,0.9995954632759094,0.0001512890448793769,1.3493504980033322e-07,0.20240846276283264,,
/kaggle/input/datasets/tawsifurrahman/covid19-radiography-database/COVID-19_Radiography_Dataset/Lung_Opacity/images/Lung_Opacity-3507.png,Lung_Opacity,Lung_Opacity,0.002248203381896019,0.996729850769043,0.0010217834496870637,1.7285566400460084e-07,0.21384738385677338,0.1518663465976715,0.15186630189418793
/kaggle/input/datasets/tawsifurrahman/covid19-radiography-database/COVID-19_Radiography_Dataset/Lung_Opacity/images/Lung_Opacity-3508.png,Lung_Opacity,Lung_Opacity,0.006981130689382553,0.9908552169799805,0.0021596895530819893,4.0565041672380175e-06,0.21051904559135437,,
/kaggle/input/datasets/tawsifurrahman/covid19-radiography-database/COVID-19_Radiography_Dataset/Lung_Opacity/images/Lung_Opacity-3509.png,Lung_Opacity,Lung_Opacity,5.223495827522129e-05,0.9998891353607178,5.122655056766234e-05,7.4413906077097636e-06,0.2156413495540619,,
/kaggle/input/datasets/tawsifurrahman/covid19-radiography-database/COVID-19_Radiography_Dataset/Lung_Opacity/images/Lung_Opacity-3517.png,Lung_Opacity,Lung_Opacity,0.00044289088691584766,0.9833853244781494,0.016171278432011604,5.986626661069749e-07,0.20380300283432007,,
/kaggle/input/datasets/tawsifurrahman/covid19-radiography-database/COVID-19_Radiography_Dataset/Lung_Opacity/images/Lung_Opacity-3518.png,Lung_Opacity,Lung_Opacity,4.0789439026411856e-07,0.9998472929000854,0.00015222342335619032,9.750030116606467e-09,0.19240295886993408,,
/kaggle/input/datasets/tawsifurrahman/covid19-radiography-database/COVID-19_Radiography_Dataset/Lung_Opacity/images/Lung_Opacity-352.png,Lung_Opacity,Normal,0.005891065578907728,0.0483710803091526,0.9457341432571411,3.7323509332054527e-06,0.2487647533416748,0.4552334249019623,0.4552333652973175
/kaggle/input/datasets/tawsifurrahman/covid19-radiography-database/COVID-19_Radiography_Dataset/Lung_Opacity/images/Lung_Opacity-3521.png,Lung_Opacity,Lung_Opacity,0.00023739997413940728,0.8586488962173462,0.14097093045711517,0.00014282215852290392,0.19495433568954468,,
/kaggle/input/datasets/tawsifurrahman/covid19-radiography-database/COVID-19_Radiography_Dataset/Lung_Opacity/images/Lung_Opacity-3522.png,Lung_Opacity,Lung_Opacity,0.00031120574567466974,0.999323844909668,0.0003528641536831856,1.2203908227093052e-05,0.2019292414188385,,
/kaggle/input/datasets/tawsifurrahman/covid19-radiography-database/COVID-19_Radiography_Dataset/Lung_Opacity/images/Lung_Opacity-3523.png,Lung_Opacity,Lung_Opacity,0.0008596585830673575,0.997751772403717,0.0013884365325793624,7.649505562312697e-08,0.1760803908109665,,
/kaggle/input/datasets/tawsifurrahman/covid19-radiography-database/COVID-19_Radiography_Dataset/Lung_Opacity/images/Lung_Opacity-3524.png,Lung_Opacity,Lung_Opacity,0.0005132231744937599,0.9922834038734436,0.007192536722868681,1.0912820471276063e-05,0.24609379470348358,0.2071804702281952,0.207180455327034
/kaggle/input/datasets/tawsifurrahman/covid19-radiography-database/COVID-19_Radiography_Dataset/Lung_Opacity/images/Lung_Opacity-3528.png,Lung_Opacity,Normal,0.0012306207790970802,0.4384196102619171,0.5603106617927551,3.909267616108991e-05,0.20133163034915924,,
/kaggle/input/datasets/tawsifurrahman/covid19-radiography-database/COVID-19_Radiography_Dataset/Lung_Opacity/images/Lung_Opacity-3534.png,Lung_Opacity,Lung_Opacity,2.874084202630911e-05,0.9979288578033447,0.0010234544752165675,0.0010188842425122857,0.16844716668128967,,
/kaggle/input/datasets/tawsifurrahman/covid19-radiography-database/COVID-19_Radiography_Dataset/Lung_Opacity/images/Lung_Opacity-3544.png,Lung_Opacity,Lung_Opacity,5.186481575947255e-05,0.9991201758384705,0.0008269180543720722,1.037185029417742e-06,0.12272803485393524,,
/kaggle/input/datasets/tawsifurrahman/covid19-radiography-database/COVID-19_Radiography_Dataset/Lung_Opacity/images/Lung_Opacity-3548.png,Lung_Opacity,Lung_Opacity,0.0012991629773750901,0.9961673617362976,0.0025332553777843714,2.4305731471940817e-07,0.23023010790348053,,
/kaggle/input/datasets/tawsifurrahman/covid19-radiography-database/COVID-19_Radiography_Dataset/Lung_Opacity/images/Lung_Opacity-3552.png,Lung_Opacity,Lung_Opacity,0.002301587490364909,0.9861688017845154,0.0055839125998318195,0.00594570254907012,0.2751525044441223,,
/kaggle/input/datasets/tawsifurrahman/covid19-radiography-database/COVID-19_Radiography_Dataset/Lung_Opacity/images/Lung_Opacity-3553.png,Lung_Opacity,Lung_Opacity,0.08912168443202972,0.909070611000061,0.0017945717554539442,1.3082296391075943e-05,0.18516838550567627,,
/kaggle/input/datasets/tawsifurrahman/covid19-radiography-database/COVID-19_Radiography_Dataset/Lung_Opacity/images/Lung_Opacity-3556.png,Lung_Opacity,Lung_Opacity,0.015455815941095352,0.9601064920425415,0.024435460567474365,2.1260400444589322e-06,0.26977092027664185,0.2576994299888611,0.2576994001865387
/kaggle/input/datasets/tawsifurrahman/covid19-radiography-database/COVID-19_Radiography_Dataset/Lung_Opacity/images/Lung_Opacity-3563.png,Lung_Opacity,Lung_Opacity,0.0003896812559105456,0.9691590070724487,0.030451321974396706,8.206590074166797e-09,0.2882460653781891,,
/kaggle/input/datasets/tawsifurrahman/covid19-radiography-database/COVID-19_Radiography_Dataset/Lung_Opacity/images/Lung_Opacity-3570.png,Lung_Opacity,Lung_Opacity,0.002710118656978011,0.9962809681892395,0.0009757507359609008,3.310003739898093e-05,0.1696828454732895,,
/kaggle/input/datasets/tawsifurrahman/covid19-radiography-database/COVID-19_Radiography_Dataset/Lung_Opacity/images/Lung_Opacity-3579.png,Lung_Opacity,Lung_Opacity,1.849645013862755e-05,0.9805892705917358,0.01928122155368328,0.00011092050408478826,0.14762094616889954,,
/kaggle/input/datasets/tawsifurrahman/covid19-radiography-database/COVID-19_Radiography_Dataset/Lung_Opacity/images/Lung_Opacity-3585.png,Lung_Opacity,Lung_Opacity,0.0011157102417200804,0.986958920955658,0.01191676501184702,8.562225048081018e-06,0.2800349295139313,,
/kaggle/input/datasets/tawsifurrahman/covid19-radiography-database/COVID-19_Radiography_Dataset/Lung_Opacity/images/Lung_Opacity-3587.png,Lung_Opacity,Lung_Opacity,0.0031244808342307806,0.9951222538948059,0.0017444547265768051,8.825156328384764e-06,0.2791823744773865,0.1940826028585434,0.19408240914344788
/kaggle/input/datasets/tawsifurrahman/covid19-radiography-database/COVID-19_Radiography_Dataset/Lung_Opacity/images/Lung_Opacity-360.png,Lung_Opacity,Lung_Opacity,8.917016202758532e-06,0.9486472606658936,0.051343515515327454,2.8677374075414264e-07,0.2362290769815445,0.27734819054603577,0.2773481011390686
/kaggle/input/datasets/tawsifurrahman/covid19-radiography-database/COVID-19_Radiography_Dataset/Lung_Opacity/images/Lung_Opacity-3604.png,Lung_Opacity,Lung_Opacity,0.00030976306879892945,0.9828110933303833,0.01566425897181034,0.0012149123940616846,0.2734990417957306,,
/kaggle/input/datasets/tawsifurrahman/covid19-radiography-database/COVID-19_Radiography_Dataset/Lung_Opacity/images/Lung_Opacity-3623.png,Lung_Opacity,Lung_Opacity,0.000297742459224537,0.9930416345596313,0.006523903924971819,0.00013671090709976852,0.17660227417945862,,
/kaggle/input/datasets/tawsifurrahman/covid19-radiography-database/COVID-19_Radiography_Dataset/Lung_Opacity/images/Lung_Opacity-363.png,Lung_Opacity,Lung_Opacity,1.9838371372316033e-05,0.9985417127609253,0.001438258565030992,2.3315290320624626e-07,0.16765016317367554,,
/kaggle/input/datasets/tawsifurrahman/covid19-radiography-database/COVID-19_Radiography_Dataset/Lung_Opacity/images/Lung_Opacity-3631.png,Lung_Opacity,Lung_Opacity,0.0006518620648421347,0.9991897940635681,0.00012721850362140685,3.104977440671064e-05,0.1561109721660614,0.1847427487373352,0.18474262952804565
/kaggle/input/datasets/tawsifurrahman/covid19-radiography-database/COVID-19_Radiography_Dataset/Lung_Opacity/images/Lung_Opacity-364.png,Lung_Opacity,Lung_Opacity,0.00015405869635287672,0.9991987347602844,0.0006471797823905945,1.7020880704876618e-08,0.16609589755535126,,
/kaggle/input/datasets/tawsifurrahman/covid19-radiography-database/COVID-19_Radiography_Dataset/Lung_Opacity/images/Lung_Opacity-3641.png,Lung_Opacity,Lung_Opacity,0.019134601578116417,0.9750771522521973,0.005786666180938482,1.6648359633109067e-06,0.29934820532798767,0.44559481739997864,0.44559338688850403
/kaggle/input/datasets/tawsifurrahman/covid19-radiography-database/COVID-19_Radiography_Dataset/Lung_Opacity/images/Lung_Opacity-3642.png,Lung_Opacity,Lung_Opacity,8.484556019539014e-05,0.956903874874115,0.042994506657123566,1.675896237429697e-05,0.25813212990760803,,
/kaggle/input/datasets/tawsifurrahman/covid19-radiography-database/COVID-19_Radiography_Dataset/Lung_Opacity/images/Lung_Opacity-3646.png,Lung_Opacity,Lung_Opacity,0.30570167303085327,0.6857315897941589,0.008560938760638237,5.790637260361109e-06,0.17454573512077332,,
/kaggle/input/datasets/tawsifurrahman/covid19-radiography-database/COVID-19_Radiography_Dataset/Lung_Opacity/images/Lung_Opacity-3650.png,Lung_Opacity,Lung_Opacity,4.408197582961293e-06,0.9995126724243164,0.000479452486615628,3.430197921261424e-06,0.1948940008878708,,
/kaggle/input/datasets/tawsifurrahman/covid19-radiography-database/COVID-19_Radiography_Dataset/Lung_Opacity/images/Lung_Opacity-3654.png,Lung_Opacity,Lung_Opacity,0.0005926820449531078,0.998788058757782,0.0006175561575219035,1.7092111193051096e-06,0.3093954026699066,0.45487871766090393,0.45487841963768005
/kaggle/input/datasets/tawsifurrahman/covid19-radiography-database/COVID-19_Radiography_Dataset/Lung_Opacity/images/Lung_Opacity-3657.png,Lung_Opacity,Lung_Opacity,0.00021044965251348913,0.9994876384735107,0.00021233418374322355,8.963391155702993e-05,0.292450875043869,0.4367261528968811,0.43672600388526917
/kaggle/input/datasets/tawsifurrahman/covid19-radiography-database/COVID-19_Radiography_Dataset/Lung_Opacity/images/Lung_Opacity-3667.png,Lung_Opacity,Lung_Opacity,0.0007376030553132296,0.9975692629814148,0.0016924334922805429,7.060822895255114e-07,0.20892465114593506,,
/kaggle/input/datasets/tawsifurrahman/covid19-radiography-database/COVID-19_Radiography_Dataset/Lung_Opacity/images/Lung_Opacity-3668.png,Lung_Opacity,Lung_Opacity,0.0012290041195228696,0.998731791973114,3.885489422827959e-05,3.083254682678671e-07,0.20629404485225677,,
/kaggle/input/datasets/tawsifurrahman/covid19-radiography-database/COVID-19_Radiography_Dataset/Lung_Opacity/images/Lung_Opacity-367.png,Lung_Opacity,Lung_Opacity,0.0009832815267145634,0.9829379916191101,0.016076257452368736,2.417412588329171e-06,0.3385292589664459,0.24523456394672394,0.2452346384525299
/kaggle/input/datasets/tawsifurrahman/covid19-radiography-database/COVID-19_Radiography_Dataset/Lung_Opacity/images/Lung_Opacity-3673.png,Lung_Opacity,Lung_Opacity,0.0009349637548439205,0.9949852228164673,0.004079781007021666,3.038791263065832e-08,0.24292509257793427,0.22912634909152985,0.22912630438804626
/kaggle/input/datasets/tawsifurrahman/covid19-radiography-database/COVID-19_Radiography_Dataset/Lung_Opacity/images/Lung_Opacity-3679.png,Lung_Opacity,Lung_Opacity,0.008940175175666809,0.986824095249176,0.004235589876770973,1.640206335196126e-07,0.17970742285251617,0.26329392194747925,0.26329392194747925
/kaggle/input/datasets/tawsifurrahman/covid19-radiography-database/COVID-19_Radiography_Dataset/Lung_Opacity/images/Lung_Opacity-3694.png,Lung_Opacity,Lung_Opacity,0.00028360498254187405,0.9986282587051392,0.0010868482058867812,1.2921050256409217e-06,0.22791798412799835,0.27896493673324585,0.2789648175239563
/kaggle/input/datasets/tawsifurrahman/covid19-radiography-database/COVID-19_Radiography_Dataset/Lung_Opacity/images/Lung_Opacity-3706.png,Lung_Opacity,Lung_Opacity,0.0026273266412317753,0.9947032332420349,0.0026394412852823734,3.00280826195376e-05,0.20591528713703156,,
/kaggle/input/datasets/tawsifurrahman/covid19-radiography-database/COVID-19_Radiography_Dataset/Lung_Opacity/images/Lung_Opacity-3717.png,Lung_Opacity,Lung_Opacity,0.0001076978660421446,0.9989144802093506,0.0009770814795047045,6.696557761642907e-07,0.20442084968090057,0.2089640200138092,0.20896390080451965
/kaggle/input/datasets/tawsifurrahman/covid19-radiography-database/COVID-19_Radiography_Dataset/Lung_Opacity/images/Lung_Opacity-3726.png,Lung_Opacity,Normal,0.03907627612352371,0.09051374346017838,0.8687476515769958,0.0016622624825686216,0.20159099996089935,,
/kaggle/input/datasets/tawsifurrahman/covid19-radiography-database/COVID-19_Radiography_Dataset/Lung_Opacity/images/Lung_Opacity-3743.png,Lung_Opacity,Lung_Opacity,0.0011099298717454076,0.9979343414306641,0.0009528900263831019,2.815327434291248e-06,0.316326767206192,,
/kaggle/input/datasets/tawsifurrahman/covid19-radiography-database/COVID-19_Radiography_Dataset/Lung_Opacity/images/Lung_Opacity-3755.png,Lung_Opacity,Lung_Opacity,0.017499735578894615,0.9111496806144714,0.07133208960294724,1.8488542991690338e-05,0.289143443107605,,
/kaggle/input/datasets/tawsifurrahman/covid19-radiography-database/COVID-19_Radiography_Dataset/Lung_Opacity/images/Lung_Opacity-3759.png,Lung_Opacity,Lung_Opacity,2.9150789487175643e-05,0.910004198551178,0.0899159386754036,5.062878335593268e-05,0.16476109623908997,0.1012902483344078,0.10129038244485855
/kaggle/input/datasets/tawsifurrahman/covid19-radiography-database/COVID-19_Radiography_Dataset/Lung_Opacity/images/Lung_Opacity-3764.png,Lung_Opacity,Lung_Opacity,0.00014624065079260617,0.9962025284767151,0.003651134902611375,1.731267218474386e-07,0.1682482659816742,,
/kaggle/input/datasets/tawsifurrahman/covid19-radiography-database/COVID-19_Radiography_Dataset/Lung_Opacity/images/Lung_Opacity-3765.png,Lung_Opacity,Normal,0.00043263708357699215,0.17179854214191437,0.8252441883087158,0.0025245833676308393,0.15274237096309662,0.23093906044960022,0.23093901574611664
/kaggle/input/datasets/tawsifurrahman/covid19-radiography-database/COVID-19_Radiography_Dataset/Lung_Opacity/images/Lung_Opacity-3767.png,Lung_Opacity,Lung_Opacity,0.008395915850996971,0.989270806312561,0.002186005935072899,0.00014734792057424784,0.3061622977256775,,
/kaggle/input/datasets/tawsifurrahman/covid19-radiography-database/COVID-19_Radiography_Dataset/Lung_Opacity/images/Lung_Opacity-3768.png,Lung_Opacity,Lung_Opacity,0.007125016767531633,0.929572582244873,0.0632915273308754,1.0838216439879034e-05,0.1897934526205063,0.2105492651462555,0.21054913103580475
/kaggle/input/datasets/tawsifurrahman/covid19-radiography-database/COVID-19_Radiography_Dataset/Lung_Opacity/images/Lung_Opacity-378.png,Lung_Opacity,Lung_Opacity,0.0010291290236636996,0.992341160774231,0.006612452678382397,1.7322114217677154e-05,0.24521736800670624,,
/kaggle/input/datasets/tawsifurrahman/covid19-radiography-database/COVID-19_Radiography_Dataset/Lung_Opacity/images/Lung_Opacity-3782.png,Lung_Opacity,Lung_Opacity,0.0005948478356003761,0.9502284526824951,0.049174271523952484,2.4413320716121234e-06,0.12725211679935455,,
/kaggle/input/datasets/tawsifurrahman/covid19-radiography-database/COVID-19_Radiography_Dataset/Lung_Opacity/images/Lung_Opacity-3786.png,Lung_Opacity,Lung_Opacity,0.13346095383167267,0.8341261148452759,0.0323963537812233,1.6536270777578466e-05,0.30957093834877014,,
/kaggle/input/datasets/tawsifurrahman/covid19-radiography-database/COVID-19_Radiography_Dataset/Lung_Opacity/images/Lung_Opacity-3792.png,Lung_Opacity,Lung_Opacity,3.724132511706557e-06,0.9877150654792786,0.012280987575650215,2.637003717609332e-07,0.17476485669612885,0.1573035717010498,0.1573035567998886
/kaggle/input/datasets/tawsifurrahman/covid19-radiography-database/COVID-19_Radiography_Dataset/Lung_Opacity/images/Lung_Opacity-3793.png,Lung_Opacity,Lung_Opacity,0.0002777675399556756,0.9926082491874695,0.007103311363607645,1.0629401003825478e-05,0.26474836468696594,,
/kaggle/input/datasets/tawsifurrahman/covid19-radiography-database/COVID-19_Radiography_Dataset/Lung_Opacity/images/Lung_Opacity-3808.png,Lung_Opacity,Lung_Opacity,0.19230914115905762,0.8053625226020813,0.002318284008651972,9.949751074600499e-06,0.24053367972373962,,
/kaggle/input/datasets/tawsifurrahman/covid19-radiography-database/COVID-19_Radiography_Dataset/Lung_Opacity/images/Lung_Opacity-3815.png,Lung_Opacity,Normal,0.0003169014526065439,0.33470240235328674,0.6649727821350098,7.931324034871068e-06,0.2982914447784424,,
/kaggle/input/datasets/tawsifurrahman/covid19-radiography-database/COVID-19_Radiography_Dataset/Lung_Opacity/images/Lung_Opacity-3821.png,Lung_Opacity,Lung_Opacity,6.80453231325373e-05,0.9970198273658752,0.00282263639383018,8.944150613388047e-05,0.10297777503728867,0.23031046986579895,0.23031023144721985
/kaggle/input/datasets/tawsifurrahman/covid19-radiography-database/COVID-19_Radiography_Dataset/Lung_Opacity/images/Lung_Opacity-3829.png,Lung_Opacity,Lung_Opacity,0.00014580701827071607,0.9984158277511597,0.001430978998541832,7.396193723252509e-06,0.156748428940773,0.21640214323997498,0.21640212833881378
/kaggle/input/datasets/tawsifurrahman/covid19-radiography-database/COVID-19_Radiography_Dataset/Lung_Opacity/images/Lung_Opacity-384.png,Lung_Opacity,Lung_Opacity,0.0020860505755990744,0.9975423812866211,0.0003622351214289665,9.357284397992771e-06,0.41723328828811646,0.4306112229824066,0.43061068654060364
/kaggle/input/datasets/tawsifurrahman/covid19-radiography-database/COVID-19_Radiography_Dataset/Lung_Opacity/images/Lung_Opacity-3845.png,Lung_Opacity,Lung_Opacity,0.0012483185855671763,0.989012598991394,0.009717029519379139,2.20695546886418e-05,0.18449090421199799,,
/kaggle/input/datasets/tawsifurrahman/covid19-radiography-database/COVID-19_Radiography_Dataset/Lung_Opacity/images/Lung_Opacity-3853.png,Lung_Opacity,Lung_Opacity,0.00033688684925436974,0.8648106455802917,0.13485105335712433,1.44980378991022e-06,0.25225239992141724,,
/kaggle/input/datasets/tawsifurrahman/covid19-radiography-database/COVID-19_Radiography_Dataset/Lung_Opacity/images/Lung_Opacity-3855.png,Lung_Opacity,Normal,0.046815142035484314,0.09796237200498581,0.8552052974700928,1.7195694454130717e-05,0.27730420231819153,,
/kaggle/input/datasets/tawsifurrahman/covid19-radiography-database/COVID-19_Radiography_Dataset/Lung_Opacity/images/Lung_Opacity-3870.png,Lung_Opacity,Lung_Opacity,0.09104727953672409,0.9027933478355408,0.00615754583850503,1.8380800383965834e-06,0.1988021284341812,,
/kaggle/input/datasets/tawsifurrahman/covid19-radiography-database/COVID-19_Radiography_Dataset/Lung_Opacity/images/Lung_Opacity-3873.png,Lung_Opacity,Lung_Opacity,0.04449798911809921,0.9436631798744202,0.00871883425861597,0.0031200218945741653,0.28964152932167053,0.31583577394485474,0.3158351480960846
/kaggle/input/datasets/tawsifurrahman/covid19-radiography-database/COVID-19_Radiography_Dataset/Lung_Opacity/images/Lung_Opacity-3877.png,Lung_Opacity,Lung_Opacity,0.019446199759840965,0.9376439452171326,0.04288077726960182,2.903865242842585e-05,0.19549232721328735,0.18292641639709473,0.18292607367038727
/kaggle/input/datasets/tawsifurrahman/covid19-radiography-database/COVID-19_Radiography_Dataset/Lung_Opacity/images/Lung_Opacity-3879.png,Lung_Opacity,COVID,0.5097125172615051,0.3609899878501892,0.1292724907398224,2.4940558432717808e-05,0.19866123795509338,,
/kaggle/input/datasets/tawsifurrahman/covid19-radiography-database/COVID-19_Radiography_Dataset/Lung_Opacity/images/Lung_Opacity-3890.png,Lung_Opacity,Normal,0.004785729572176933,0.2516123354434967,0.7433875203132629,0.00021432120411191136,0.2307688146829605,,
/kaggle/input/datasets/tawsifurrahman/covid19-radiography-database/COVID-19_Radiography_Dataset/Lung_Opacity/images/Lung_Opacity-3892.png,Lung_Opacity,Lung_Opacity,0.14821569621562958,0.4774168133735657,0.37019363045692444,0.004173824097961187,0.17805713415145874,0.31279879808425903,0.3127969205379486
/kaggle/input/datasets/tawsifurrahman/covid19-radiography-database/COVID-19_Radiography_Dataset/Lung_Opacity/images/Lung_Opacity-3894.png,Lung_Opacity,Lung_Opacity,0.0012089665979146957,0.9977638721466064,0.001024030614644289,3.0862577204970876e-06,0.162308931350708,0.2619624733924866,0.26196232438087463
/kaggle/input/datasets/tawsifurrahman/covid19-radiography-database/COVID-19_Radiography_Dataset/Lung_Opacity/images/Lung_Opacity-3895.png,Lung_Opacity,Lung_Opacity,0.0006801848066970706,0.868995726108551,0.13031195104122162,1.2091481039533392e-05,0.3355192244052887,0.2079414427280426,0.20794139802455902
/kaggle/input/datasets/tawsifurrahman/covid19-radiography-database/COVID-19_Radiography_Dataset/Lung_Opacity/images/Lung_Opacity-3896.png,Lung_Opacity,Lung_Opacity,0.01018265075981617,0.9850013256072998,0.004811581689864397,4.405031631904421e-06,0.13640029728412628,,
/kaggle/input/datasets/tawsifurrahman/covid19-radiography-database/COVID-19_Radiography_Dataset/Lung_Opacity/images/Lung_Opacity-3898.png,Lung_Opacity,Lung_Opacity,0.3283204436302185,0.5195316672325134,0.15211139619350433,3.650828875834122e-05,0.298593133687973,0.26002082228660583,0.26002001762390137
/kaggle/input/datasets/tawsifurrahman/covid19-radiography-database/COVID-19_Radiography_Dataset/Lung_Opacity/images/Lung_Opacity-3899.png,Lung_Opacity,Lung_Opacity,0.015256020240485668,0.8269343376159668,0.1577949821949005,1.4706205547554418e-05,0.149713397026062,,
/kaggle/input/datasets/tawsifurrahman/covid19-radiography-database/COVID-19_Radiography_Dataset/Lung_Opacity/images/Lung_Opacity-39.png,Lung_Opacity,Lung_Opacity,0.0035373885184526443,0.9575232267379761,0.03893490135669708,4.4396169869287405e-06,0.2710663676261902,,
/kaggle/input/datasets/tawsifurrahman/covid19-radiography-database/COVID-19_Radiography_Dataset/Lung_Opacity/images/Lung_Opacity-3902.png,Lung_Opacity,Lung_Opacity,0.0027741247322410345,0.9899548292160034,0.007270917296409607,9.135040102137282e-08,0.20446071028709412,,
/kaggle/input/datasets/tawsifurrahman/covid19-radiography-database/COVID-19_Radiography_Dataset/Lung_Opacity/images/Lung_Opacity-3903.png,Lung_Opacity,Lung_Opacity,0.11653309315443039,0.8354661464691162,0.046722009778022766,0.0012788494350388646,0.3252992033958435,,
/kaggle/input/datasets/tawsifurrahman/covid19-radiography-database/COVID-19_Radiography_Dataset/Lung_Opacity/images/Lung_Opacity-3908.png,Lung_Opacity,Lung_Opacity,0.20465080440044403,0.7948989272117615,0.0003284592821728438,0.00012184420484118164,0.29323384165763855,0.3639155328273773,0.3639145791530609
/kaggle/input/datasets/tawsifurrahman/covid19-radiography-database/COVID-19_Radiography_Dataset/Lung_Opacity/images/Lung_Opacity-3912.png,Lung_Opacity,Lung_Opacity,0.00016693436191417277,0.9392029643058777,0.060600750148296356,2.937047611339949e-05,0.20049451291561127,,
/kaggle/input/datasets/tawsifurrahman/covid19-radiography-database/COVID-19_Radiography_Dataset/Lung_Opacity/images/Lung_Opacity-3920.png,Lung_Opacity,Lung_Opacity,0.0008313949219882488,0.9983116388320923,0.0008546763565391302,2.277694648000761e-06,0.15505461394786835,,
/kaggle/input/datasets/tawsifurrahman/covid19-radiography-database/COVID-19_Radiography_Dataset/Lung_Opacity/images/Lung_Opacity-3923.png,Lung_Opacity,Lung_Opacity,0.049466054886579514,0.9325260519981384,0.017995594069361687,1.2331766811257694e-05,0.14267799258232117,,
/kaggle/input/datasets/tawsifurrahman/covid19-radiography-database/COVID-19_Radiography_Dataset/Lung_Opacity/images/Lung_Opacity-3924.png,Lung_Opacity,Lung_Opacity,0.0020196475088596344,0.9726914763450623,0.025235958397388458,5.290888293529861e-05,0.22347469627857208,,
/kaggle/input/datasets/tawsifurrahman/covid19-radiography-database/COVID-19_Radiography_Dataset/Lung_Opacity/images/Lung_Opacity-3927.png,Lung_Opacity,Lung_Opacity,0.0011943647405132651,0.6302043795585632,0.36860090494155884,3.665887220449804e-07,0.1607545018196106,0.15327778458595276,0.15327776968479156
/kaggle/input/datasets/tawsifurrahman/covid19-radiography-database/COVID-19_Radiography_Dataset/Lung_Opacity/images/Lung_Opacity-3929.png,Lung_Opacity,Lung_Opacity,1.9976079784100875e-05,0.9703571796417236,0.029619252309203148,3.605612846513395e-06,0.1956518143415451,,
/kaggle/input/datasets/tawsifurrahman/covid19-radiography-database/COVID-19_Radiography_Dataset/Lung_Opacity/images/Lung_Opacity-3931.png,Lung_Opacity,Lung_Opacity,7.441359775839373e-05,0.9924865961074829,0.007437950931489468,1.0669680250430247e-06,0.37866729497909546,0.2724400758743286,0.2724401354789734
/kaggle/input/datasets/tawsifurrahman/covid19-radiography-database/COVID-19_Radiography_Dataset/Lung_Opacity/images/Lung_Opacity-3935.png,Lung_Opacity,Lung_Opacity,3.232499011573964e-06,0.9674423933029175,0.032554127275943756,1.777201390495975e-07,0.14082440733909607,0.19829408824443817,0.19829405844211578
/kaggle/input/datasets/tawsifurrahman/covid19-radiography-database/COVID-19_Radiography_Dataset/Lung_Opacity/images/Lung_Opacity-3940.png,Lung_Opacity,Lung_Opacity,4.3344221921870485e-05,0.9567781686782837,0.042522866278886795,0.0006556524313054979,0.1939382702112198,,
/kaggle/input/datasets/tawsifurrahman/covid19-radiography-database/COVID-19_Radiography_Dataset/Lung_Opacity/images/Lung_Opacity-3942.png,Lung_Opacity,Lung_Opacity,0.10063664615154266,0.8721521496772766,0.023671166971325874,0.0035400516353547573,0.2376440465450287,0.22066494822502136,0.22066457569599152
/kaggle/input/datasets/tawsifurrahman/covid19-radiography-database/COVID-19_Radiography_Dataset/Lung_Opacity/images/Lung_Opacity-3945.png,Lung_Opacity,Lung_Opacity,1.8644117517396808e-05,0.9943137168884277,0.005664677359163761,2.934803205789649e-06,0.16802941262722015,,
/kaggle/input/datasets/tawsifurrahman/covid19-radiography-database/COVID-19_Radiography_Dataset/Lung_Opacity/images/Lung_Opacity-3947.png,Lung_Opacity,Lung_Opacity,1.815374162106309e-07,0.9395068883895874,0.06049186363816261,1.14210718038521e-06,0.16605781018733978,,
/kaggle/input/datasets/tawsifurrahman/covid19-radiography-database/COVID-19_Radiography_Dataset/Lung_Opacity/images/Lung_Opacity-3956.png,Lung_Opacity,Lung_Opacity,0.0002215708518633619,0.6460310220718384,0.3537445366382599,2.8486529117799364e-06,0.25378724932670593,,
/kaggle/input/datasets/tawsifurrahman/covid19-radiography-database/COVID-19_Radiography_Dataset/Lung_Opacity/images/Lung_Opacity-396.png,Lung_Opacity,Lung_Opacity,0.001021851785480976,0.9912372827529907,0.0068251038901507854,0.0009157527820207179,0.1809634268283844,0.34275954961776733,0.3427594006061554
/kaggle/input/datasets/tawsifurrahman/covid19-radiography-database/COVID-19_Radiography_Dataset/Lung_Opacity/images/Lung_Opacity-3963.png,Lung_Opacity,Lung_Opacity,2.8042925350746373e-06,0.9988987445831299,0.001082034083083272,1.6423027773271315e-05,0.23319920897483826,,
/kaggle/input/datasets/tawsifurrahman/covid19-radiography-database/COVID-19_Radiography_Dataset/Lung_Opacity/images/Lung_Opacity-3970.png,Lung_Opacity,Lung_Opacity,0.39593473076820374,0.5945867896080017,0.009116088040173054,0.0003623802331276238,0.23057088255882263,,
/kaggle/input/datasets/tawsifurrahman/covid19-radiography-database/COVID-19_Radiography_Dataset/Lung_Opacity/images/Lung_Opacity-3972.png,Lung_Opacity,Lung_Opacity,0.00032799120526760817,0.9994242191314697,0.00024669570848345757,1.1114294693470583e-06,0.27142515778541565,,
/kaggle/input/datasets/tawsifurrahman/covid19-radiography-database/COVID-19_Radiography_Dataset/Lung_Opacity/images/Lung_Opacity-3977.png,Lung_Opacity,Lung_Opacity,8.754341979511082e-05,0.9955501556396484,0.004358782432973385,3.5448426842776826e-06,0.13907074928283691,0.1390978842973709,0.13909773528575897
/kaggle/input/datasets/tawsifurrahman/covid19-radiography-database/COVID-19_Radiography_Dataset/Lung_Opacity/images/Lung_Opacity-3981.png,Lung_Opacity,Lung_Opacity,0.013288125395774841,0.6416547894477844,0.34504950046539307,7.549051588284783e-06,0.1913672536611557,0.11007074266672134,0.11007069051265717
/kaggle/input/datasets/tawsifurrahman/covid19-radiography-database/COVID-19_Radiography_Dataset/Lung_Opacity/images/Lung_Opacity-3986.png,Lung_Opacity,Lung_Opacity,0.0006756827351637185,0.8741020560264587,0.12522047758102417,1.757872837515606e-06,0.22504922747612,,
/kaggle/input/datasets/tawsifurrahman/covid19-radiography-database/COVID-19_Radiography_Dataset/Lung_Opacity/images/Lung_Opacity-3993.png,Lung_Opacity,Lung_Opacity,0.09182031452655792,0.8849200010299683,0.023259159177541733,5.395069138103281e-07,0.2565576136112213,,
/kaggle/input/datasets/tawsifurrahman/covid19-radiography-database/COVID-19_Radiography_Dataset/Lung_Opacity/images/Lung_Opacity-4004.png,Lung_Opacity,Lung_Opacity,8.521883864887059e-05,0.9989885687828064,0.0009254685137420893,6.602671192013077e-07,0.3061424195766449,,
/kaggle/input/datasets/tawsifurrahman/covid19-radiography-database/COVID-19_Radiography_Dataset/Lung_Opacity/images/Lung_Opacity-4005.png,Lung_Opacity,Normal,0.007363273296505213,0.1074773296713829,0.8851590156555176,3.907539962710871e-07,0.22074350714683533,0.3608114719390869,0.36081138253211975
/kaggle/input/datasets/tawsifurrahman/covid19-radiography-database/COVID-19_Radiography_Dataset/Lung_Opacity/images/Lung_Opacity-4006.png,Lung_Opacity,Lung_Opacity,7.192108751041815e-05,0.9843675494194031,0.015514776110649109,4.573152182274498e-05,0.0780455693602562,,
/kaggle/input/datasets/tawsifurrahman/covid19-radiography-database/COVID-19_Radiography_Dataset/Lung_Opacity/images/Lung_Opacity-4007.png,Lung_Opacity,Lung_Opacity,0.0023908019065856934,0.7671322226524353,0.23047688603401184,6.712087952109869e-08,0.2380426526069641,,
/kaggle/input/datasets/tawsifurrahman/covid19-radiography-database/COVID-19_Radiography_Dataset/Lung_Opacity/images/Lung_Opacity-402.png,Lung_Opacity,Lung_Opacity,2.327535185031593e-05,0.9464938044548035,0.053447697311639786,3.518930316204205e-05,0.12621693313121796,0.20091041922569275,0.20091037452220917
/kaggle/input/datasets/tawsifurrahman/covid19-radiography-database/COVID-19_Radiography_Dataset/Lung_Opacity/images/Lung_Opacity-4020.png,Lung_Opacity,Lung_Opacity,0.001374245504848659,0.9980906844139099,0.0005334103479981422,1.6433258451797883e-06,0.17394773662090302,,
/kaggle/input/datasets/tawsifurrahman/covid19-radiography-database/COVID-19_Radiography_Dataset/Lung_Opacity/images/Lung_Opacity-4026.png,Lung_Opacity,Normal,0.000996905378997326,0.4629131555557251,0.5342527031898499,0.0018372233025729656,0.26636338233947754,,
/kaggle/input/datasets/tawsifurrahman/covid19-radiography-database/COVID-19_Radiography_Dataset/Lung_Opacity/images/Lung_Opacity-4028.png,Lung_Opacity,Lung_Opacity,9.08785659703426e-05,0.8228930830955505,0.17700479924678802,1.1282436389592476e-05,0.17057961225509644,,
/kaggle/input/datasets/tawsifurrahman/covid19-radiography-database/COVID-19_Radiography_Dataset/Lung_Opacity/images/Lung_Opacity-4034.png,Lung_Opacity,Lung_Opacity,3.095171632594429e-05,0.9548923373222351,0.04507635533809662,3.152671297357301e-07,0.27991485595703125,,
/kaggle/input/datasets/tawsifurrahman/covid19-radiography-database/COVID-19_Radiography_Dataset/Lung_Opacity/images/Lung_Opacity-4044.png,Lung_Opacity,Normal,5.758780753239989e-05,0.3314671218395233,0.6684725880622864,2.6659433842723956e-06,0.24794761836528778,,
/kaggle/input/datasets/tawsifurrahman/covid19-radiography-database/COVID-19_Radiography_Dataset/Lung_Opacity/images/Lung_Opacity-4045.png,Lung_Opacity,Lung_Opacity,0.009775073267519474,0.8828626871109009,0.10734950006008148,1.2689605682680849e-05,0.2636328935623169,0.15927667915821075,0.1592763066291809
/kaggle/input/datasets/tawsifurrahman/covid19-radiography-database/COVID-19_Radiography_Dataset/Lung_Opacity/images/Lung_Opacity-405.png,Lung_Opacity,Lung_Opacity,0.01042265072464943,0.9627934098243713,0.026709921658039093,7.405981159536168e-05,0.3054456412792206,,
/kaggle/input/datasets/tawsifurrahman/covid19-radiography-database/COVID-19_Radiography_Dataset/Lung_Opacity/images/Lung_Opacity-4057.png,Lung_Opacity,Lung_Opacity,8.930063631851226e-05,0.9533976316452026,0.04651303216814995,1.3094403072955174e-07,0.14877642691135406,,
/kaggle/input/datasets/tawsifurrahman/covid19-radiography-database/COVID-19_Radiography_Dataset/Lung_Opacity/images/Lung_Opacity-4066.png,Lung_Opacity,Lung_Opacity,0.02396545559167862,0.9278146624565125,0.04820806533098221,1.1791271390393376e-05,0.2764686048030853,0.3297232687473297,0.3297227621078491
/kaggle/input/datasets/tawsifurrahman/covid19-radiography-database/COVID-19_Radiography_Dataset/Lung_Opacity/images/Lung_Opacity-4067.png,Lung_Opacity,Lung_Opacity,4.004750735475682e-06,0.9989008903503418,0.0010920356726273894,3.036941734535503e-06,0.15086936950683594,,
/kaggle/input/datasets/tawsifurrahman/covid19-radiography-database/COVID-19_Radiography_Dataset/Lung_Opacity/images/Lung_Opacity-4071.png,Lung_Opacity,Lung_Opacity,0.004312326665967703,0.9772128462791443,0.018452618271112442,2.219824273197446e-05,0.07974011451005936,0.14301156997680664,0.14301079511642456
/kaggle/input/datasets/tawsifurrahman/covid19-radiography-database/COVID-19_Radiography_Dataset/Lung_Opacity/images/Lung_Opacity-4073.png,Lung_Opacity,Lung_Opacity,7.063165685394779e-05,0.9981933236122131,0.0017358053009957075,2.56755527061614e-07,0.23774370551109314,,
/kaggle/input/datasets/tawsifurrahman/covid19-radiography-database/COVID-19_Radiography_Dataset/Lung_Opacity/images/Lung_Opacity-408.png,Lung_Opacity,Lung_Opacity,0.006338367238640785,0.9907209873199463,0.00293821282684803,2.48011247094837e-06,0.18582762777805328,,
/kaggle/input/datasets/tawsifurrahman/covid19-radiography-database/COVID-19_Radiography_Dataset/Lung_Opacity/images/Lung_Opacity-4081.png,Lung_Opacity,Lung_Opacity,0.007411737460643053,0.6273198127746582,0.3652610182762146,7.425677267747233e-06,0.2264830321073532,0.08146602660417557,0.08146596699953079
/kaggle/input/datasets/tawsifurrahman/covid19-radiography-database/COVID-19_Radiography_Dataset/Lung_Opacity/images/Lung_Opacity-4082.png,Lung_Opacity,Lung_Opacity,0.0022587343119084835,0.9584468603134155,0.039293430745601654,8.684174872541917e-07,0.1882774382829666,,
/kaggle/input/datasets/tawsifurrahman/covid19-radiography-database/COVID-19_Radiography_Dataset/Lung_Opacity/images/Lung_Opacity-4086.png,Lung_Opacity,Normal,4.938336132909171e-05,0.06172170117497444,0.9382190704345703,9.828431757341605e-06,0.32005566358566284,0.46538710594177246,0.46538686752319336
/kaggle/input/datasets/tawsifurrahman/covid19-radiography-database/COVID-19_Radiography_Dataset/Lung_Opacity/images/Lung_Opacity-4094.png,Lung_Opacity,Normal,0.03671713545918465,0.24510596692562103,0.7181036472320557,7.334760448429734e-05,0.22177951037883759,0.34073367714881897,0.34073349833488464
/kaggle/input/datasets/tawsifurrahman/covid19-radiography-database/COVID-19_Radiography_Dataset/Lung_Opacity/images/Lung_Opacity-4103.png,Lung_Opacity,Lung_Opacity,0.005364194978028536,0.9240886569023132,0.07049808651208878,4.901062493445352e-05,0.12245465070009232,0.35289180278778076,0.3528793752193451
/kaggle/input/datasets/tawsifurrahman/covid19-radiography-database/COVID-19_Radiography_Dataset/Lung_Opacity/images/Lung_Opacity-4114.png,Lung_Opacity,Lung_Opacity,0.0001698929409030825,0.8058683276176453,0.19396032392978668,1.4830653753961087e-06,0.17526480555534363,,
/kaggle/input/datasets/tawsifurrahman/covid19-radiography-database/COVID-19_Radiography_Dataset/Lung_Opacity/images/Lung_Opacity-4128.png,Lung_Opacity,Lung_Opacity,4.1117629734799266e-05,0.999068558216095,0.000890222261659801,8.60435136473825e-08,0.1978239119052887,,
/kaggle/input/datasets/tawsifurrahman/covid19-radiography-database/COVID-19_Radiography_Dataset/Lung_Opacity/images/Lung_Opacity-4129.png,Lung_Opacity,COVID,0.5897221565246582,0.4089527130126953,0.0012384080328047276,8.675258141011e-05,0.16675619781017303,,
/kaggle/input/datasets/tawsifurrahman/covid19-radiography-database/COVID-19_Radiography_Dataset/Lung_Opacity/images/Lung_Opacity-4134.png,Lung_Opacity,Lung_Opacity,0.0012325211428105831,0.9406589269638062,0.05810697749257088,1.5489034694837756e-06,0.21159528195858002,,
/kaggle/input/datasets/tawsifurrahman/covid19-radiography-database/COVID-19_Radiography_Dataset/Lung_Opacity/images/Lung_Opacity-4160.png,Lung_Opacity,Lung_Opacity,0.0341610424220562,0.9265314340591431,0.039149295538663864,0.00015822559362277389,0.3273083567619324,,
/kaggle/input/datasets/tawsifurrahman/covid19-radiography-database/COVID-19_Radiography_Dataset/Lung_Opacity/images/Lung_Opacity-4163.png,Lung_Opacity,Normal,0.0002314624289283529,0.13317905366420746,0.8665608763694763,2.862130531866569e-05,0.1581045538187027,,
/kaggle/input/datasets/tawsifurrahman/covid19-radiography-database/COVID-19_Radiography_Dataset/Lung_Opacity/images/Lung_Opacity-419.png,Lung_Opacity,Lung_Opacity,0.0007842699997127056,0.9749333262443542,0.024243313819169998,3.910661689587869e-05,0.3155105412006378,0.270420640707016,0.2704206109046936
/kaggle/input/datasets/tawsifurrahman/covid19-radiography-database/COVID-19_Radiography_Dataset/Lung_Opacity/images/Lung_Opacity-4195.png,Lung_Opacity,Lung_Opacity,0.06724974513053894,0.9170383214950562,0.01563582941889763,7.611451292177662e-05,0.22199894487857819,,
/kaggle/input/datasets/tawsifurrahman/covid19-radiography-database/COVID-19_Radiography_Dataset/Lung_Opacity/images/Lung_Opacity-4198.png,Lung_Opacity,Normal,0.0011721702758222818,0.19805730879306793,0.8007534742355347,1.693265039648395e-05,0.20615535974502563,,
/kaggle/input/datasets/tawsifurrahman/covid19-radiography-database/COVID-19_Radiography_Dataset/Lung_Opacity/images/Lung_Opacity-4202.png,Lung_Opacity,Normal,0.0013280002167448401,0.059540461748838425,0.9390597939491272,7.179964450187981e-05,0.24191345274448395,,
/kaggle/input/datasets/tawsifurrahman/covid19-radiography-database/COVID-19_Radiography_Dataset/Lung_Opacity/images/Lung_Opacity-4205.png,Lung_Opacity,Lung_Opacity,0.009098513051867485,0.960773766040802,0.027418769896030426,0.002708937507122755,0.2719052731990814,,
/kaggle/input/datasets/tawsifurrahman/covid19-radiography-database/COVID-19_Radiography_Dataset/Lung_Opacity/images/Lung_Opacity-4220.png,Lung_Opacity,Lung_Opacity,0.001232634880580008,0.9171112775802612,0.08157724142074585,7.882766658440232e-05,0.22899462282657623,,
/kaggle/input/datasets/tawsifurrahman/covid19-radiography-database/COVID-19_Radiography_Dataset/Lung_Opacity/images/Lung_Opacity-4223.png,Lung_Opacity,Lung_Opacity,3.289437881903723e-05,0.9985301494598389,0.0014368086121976376,1.0185432586240495e-07,0.1594390720129013,,
/kaggle/input/datasets/tawsifurrahman/covid19-radiography-database/COVID-19_Radiography_Dataset/Lung_Opacity/images/Lung_Opacity-4227.png,Lung_Opacity,Lung_Opacity,0.0035724134650081396,0.9735413789749146,0.022880690172314644,5.512473308044719e-06,0.23784323036670685,,
/kaggle/input/datasets/tawsifurrahman/covid19-radiography-database/COVID-19_Radiography_Dataset/Lung_Opacity/images/Lung_Opacity-4230.png,Lung_Opacity,Lung_Opacity,1.5393743524327874e-06,0.9249764680862427,0.0748717188835144,0.00015030322538223118,0.18630433082580566,,
/kaggle/input/datasets/tawsifurrahman/covid19-radiography-database/COVID-19_Radiography_Dataset/Lung_Opacity/images/Lung_Opacity-4238.png,Lung_Opacity,Lung_Opacity,0.001990916673094034,0.9964262843132019,0.0007180349784903228,0.0008647785289213061,0.15589159727096558,,
/kaggle/input/datasets/tawsifurrahman/covid19-radiography-database/COVID-19_Radiography_Dataset/Lung_Opacity/images/Lung_Opacity-4241.png,Lung_Opacity,Lung_Opacity,0.0010665367590263486,0.9395044445991516,0.05942671373486519,2.2784049633628456e-06,0.2193281352519989,0.10165105015039444,0.10165107250213623
/kaggle/input/datasets/tawsifurrahman/covid19-radiography-database/COVID-19_Radiography_Dataset/Lung_Opacity/images/Lung_Opacity-4256.png,Lung_Opacity,Lung_Opacity,0.007509487681090832,0.9130861163139343,0.07937908917665482,2.5404086045455188e-05,0.2450413852930069,,
/kaggle/input/datasets/tawsifurrahman/covid19-radiography-database/COVID-19_Radiography_Dataset/Lung_Opacity/images/Lung_Opacity-4259.png,Lung_Opacity,Lung_Opacity,0.0012058435240760446,0.9982770681381226,0.000517078791745007,9.950223756050036e-09,0.17522381246089935,0.3422200381755829,0.3422200083732605
/kaggle/input/datasets/tawsifurrahman/covid19-radiography-database/COVID-19_Radiography_Dataset/Lung_Opacity/images/Lung_Opacity-426.png,Lung_Opacity,Lung_Opacity,0.007959483191370964,0.5487452149391174,0.4432564377784729,3.885434489347972e-05,0.23519298434257507,0.10046788305044174,0.10046781599521637
/kaggle/input/datasets/tawsifurrahman/covid19-radiography-database/COVID-19_Radiography_Dataset/Lung_Opacity/images/Lung_Opacity-4262.png,Lung_Opacity,Lung_Opacity,0.022881340235471725,0.9172219038009644,0.050657350569963455,0.00923933181911707,0.2229553908109665,,
/kaggle/input/datasets/tawsifurrahman/covid19-radiography-database/COVID-19_Radiography_Dataset/Lung_Opacity/images/Lung_Opacity-4265.png,Lung_Opacity,Lung_Opacity,0.0389946773648262,0.6204063892364502,0.3404267430305481,0.000172187908901833,0.31736359000205994,,
/kaggle/input/datasets/tawsifurrahman/covid19-radiography-database/COVID-19_Radiography_Dataset/Lung_Opacity/images/Lung_Opacity-427.png,Lung_Opacity,Lung_Opacity,0.0013557738857343793,0.7994282245635986,0.1992146372795105,1.3790147477266146e-06,0.22542673349380493,,
/kaggle/input/datasets/tawsifurrahman/covid19-radiography-database/COVID-19_Radiography_Dataset/Lung_Opacity/images/Lung_Opacity-4273.png,Lung_Opacity,Lung_Opacity,0.007730740588158369,0.8441019058227539,0.148162379860878,4.979039658792317e-06,0.15459610521793365,,
/kaggle/input/datasets/tawsifurrahman/covid19-radiography-database/COVID-19_Radiography_Dataset/Lung_Opacity/images/Lung_Opacity-4288.png,Lung_Opacity,Lung_Opacity,0.00014138517144601792,0.9960544109344482,0.003804225707426667,5.5954338051833474e-08,0.26149967312812805,0.3171793818473816,0.3171793222427368
/kaggle/input/datasets/tawsifurrahman/covid19-radiography-database/COVID-19_Radiography_Dataset/Lung_Opacity/images/Lung_Opacity-4290.png,Lung_Opacity,Lung_Opacity,4.941141014569439e-05,0.9981513619422913,0.0017991696950048208,4.660119401478369e-08,0.20121173560619354,,
/kaggle/input/datasets/tawsifurrahman/covid19-radiography-database/COVID-19_Radiography_Dataset/Lung_Opacity/images/Lung_Opacity-4296.png,Lung_Opacity,Lung_Opacity,0.16814662516117096,0.7761638164520264,0.05566747859120369,2.1999107048031874e-05,0.29111602902412415,,
/kaggle/input/datasets/tawsifurrahman/covid19-radiography-database/COVID-19_Radiography_Dataset/Lung_Opacity/images/Lung_Opacity-4297.png,Lung_Opacity,Lung_Opacity,0.00035751782706938684,0.7724562883377075,0.2271701991558075,1.6029989637900144e-05,0.19118790328502655,,
/kaggle/input/datasets/tawsifurrahman/covid19-radiography-database/COVID-19_Radiography_Dataset/Lung_Opacity/images/Lung_Opacity-43.png,Lung_Opacity,Normal,0.0010288479970768094,0.10875790566205978,0.8901768922805786,3.6359517253004014e-05,0.18235914409160614,,
/kaggle/input/datasets/tawsifurrahman/covid19-radiography-database/COVID-19_Radiography_Dataset/Lung_Opacity/images/Lung_Opacity-4302.png,Lung_Opacity,Lung_Opacity,0.00031822427990846336,0.9419216513633728,0.05769301950931549,6.715450581395999e-05,0.17257319390773773,,
/kaggle/input/datasets/tawsifurrahman/covid19-radiography-database/COVID-19_Radiography_Dataset/Lung_Opacity/images/Lung_Opacity-4311.png,Lung_Opacity,Lung_Opacity,0.00014119513798505068,0.9539466500282288,0.045911092311143875,1.0276357897964772e-06,0.13444706797599792,,
/kaggle/input/datasets/tawsifurrahman/covid19-radiography-database/COVID-19_Radiography_Dataset/Lung_Opacity/images/Lung_Opacity-4312.png,Lung_Opacity,Lung_Opacity,2.9795486625516787e-05,0.9988890290260315,0.001081006950698793,2.3467308096769557e-07,0.15989752113819122,,
/kaggle/input/datasets/tawsifurrahman/covid19-radiography-database/COVID-19_Radiography_Dataset/Lung_Opacity/images/Lung_Opacity-4317.png,Lung_Opacity,Normal,0.00021528099023271352,0.1794656366109848,0.8199450969696045,0.0003740835527423769,0.3092317581176758,0.36750346422195435,0.36750340461730957
/kaggle/input/datasets/tawsifurrahman/covid19-radiography-database/COVID-19_Radiography_Dataset/Lung_Opacity/images/Lung_Opacity-4328.png,Lung_Opacity,Lung_Opacity,0.0006451817462220788,0.9780992865562439,0.021232308819890022,2.3239803340402432e-05,0.2637326717376709,,
/kaggle/input/datasets/tawsifurrahman/covid19-radiography-database/COVID-19_Radiography_Dataset/Lung_Opacity/images/Lung_Opacity-4329.png,Lung_Opacity,Lung_Opacity,6.344445864669979e-05,0.9932541251182556,0.006682362407445908,7.369929022615906e-08,0.21896980702877045,,
/kaggle/input/datasets/tawsifurrahman/covid19-radiography-database/COVID-19_Radiography_Dataset/Lung_Opacity/images/Lung_Opacity-4343.png,Lung_Opacity,Normal,0.0019120655488222837,0.03259945660829544,0.9654710292816162,1.7433829270885326e-05,0.2426692545413971,0.36685919761657715,0.36685889959335327
/kaggle/input/datasets/tawsifurrahman/covid19-radiography-database/COVID-19_Radiography_Dataset/Lung_Opacity/images/Lung_Opacity-4345.png,Lung_Opacity,Lung_Opacity,4.576571654979489e-08,0.9921499490737915,0.00784999504685402,1.1751680517591012e-08,0.18913444876670837,,
/kaggle/input/datasets/tawsifurrahman/covid19-radiography-database/COVID-19_Radiography_Dataset/Lung_Opacity/images/Lung_Opacity-4372.png,Lung_Opacity,Lung_Opacity,0.16264784336090088,0.756745457649231,0.08028616011142731,0.000320625287713483,0.29203224182128906,,
/kaggle/input/datasets/tawsifurrahman/covid19-radiography-database/COVID-19_Radiography_Dataset/Lung_Opacity/images/Lung_Opacity-4382.png,Lung_Opacity,Lung_Opacity,0.00032154517248272896,0.9906873106956482,0.008990676142275333,4.684742407334852e-07,0.19712641835212708,0.19481366872787476,0.19481350481510162
/kaggle/input/datasets/tawsifurrahman/covid19-radiography-database/COVID-19_Radiography_Dataset/Lung_Opacity/images/Lung_Opacity-4388.png,Lung_Opacity,Lung_Opacity,0.013681252487003803,0.915177047252655,0.07113227248191833,9.348933417641092e-06,0.20469996333122253,,
/kaggle/input/datasets/tawsifurrahman/covid19-radiography-database/COVID-19_Radiography_Dataset/Lung_Opacity/images/Lung_Opacity-4391.png,Lung_Opacity,Lung_Opacity,0.022137681022286415,0.9646474719047546,0.013213369064033031,1.4572908639820525e-06,0.17311100661754608,0.30223745107650757,0.3022373616695404
/kaggle/input/datasets/tawsifurrahman/covid19-radiography-database/COVID-19_Radiography_Dataset/Lung_Opacity/images/Lung_Opacity-4392.png,Lung_Opacity,Lung_Opacity,1.877218664958491e-06,0.9112793207168579,0.08846943080425262,0.0002492868807166815,0.1724138706922531,,
/kaggle/input/datasets/tawsifurrahman/covid19-radiography-database/COVID-19_Radiography_Dataset/Lung_Opacity/images/Lung_Opacity-4403.png,Lung_Opacity,Lung_Opacity,0.004978238604962826,0.9945881366729736,0.0004161455435678363,1.7477126675657928e-05,0.22156020998954773,0.2205871194601059,0.22058705985546112
/kaggle/input/datasets/tawsifurrahman/covid19-radiography-database/COVID-19_Radiography_Dataset/Lung_Opacity/images/Lung_Opacity-4406.png,Lung_Opacity,Lung_Opacity,0.020760931074619293,0.555985152721405,0.42322438955307007,2.9490123779396527e-05,0.2847188413143158,,
/kaggle/input/datasets/tawsifurrahman/covid19-radiography-database/COVID-19_Radiography_Dataset/Lung_Opacity/images/Lung_Opacity-4415.png,Lung_Opacity,Normal,0.02538173645734787,0.12276940047740936,0.8518444299697876,4.3505187932169065e-06,0.21851342916488647,,
/kaggle/input/datasets/tawsifurrahman/covid19-radiography-database/COVID-19_Radiography_Dataset/Lung_Opacity/images/Lung_Opacity-4416.png,Lung_Opacity,Lung_Opacity,4.3033000451941916e-07,0.9995784163475037,0.00042110096546821296,6.542129060704838e-09,0.17675812542438507,,
/kaggle/input/datasets/tawsifurrahman/covid19-radiography-database/COVID-19_Radiography_Dataset/Lung_Opacity/images/Lung_Opacity-442.png,Lung_Opacity,Lung_Opacity,0.0008435050258412957,0.9778584837913513,0.02129514329135418,2.9647137580468552e-06,0.29579925537109375,,
/kaggle/input/datasets/tawsifurrahman/covid19-radiography-database/COVID-19_Radiography_Dataset/Lung_Opacity/images/Lung_Opacity-4420.png,Lung_Opacity,Lung_Opacity,0.0023901823442429304,0.7758132219314575,0.22179411351680756,2.5383940283063566e-06,0.14618565142154694,,
/kaggle/input/datasets/tawsifurrahman/covid19-radiography-database/COVID-19_Radiography_Dataset/Lung_Opacity/images/Lung_Opacity-4423.png,Lung_Opacity,Lung_Opacity,1.2266785915926448e-06,0.9922367930412292,0.007761980872601271,3.957293870371359e-08,0.17994661629199982,,
/kaggle/input/datasets/tawsifurrahman/covid19-radiography-database/COVID-19_Radiography_Dataset/Lung_Opacity/images/Lung_Opacity-4424.png,Lung_Opacity,Lung_Opacity,0.0015970822423696518,0.977920651435852,0.020478200167417526,4.077113771927543e-06,0.2405337244272232,,
/kaggle/input/datasets/tawsifurrahman/covid19-radiography-database/COVID-19_Radiography_Dataset/Lung_Opacity/images/Lung_Opacity-4425.png,Lung_Opacity,Lung_Opacity,0.006953962612897158,0.6740214228630066,0.3190029561519623,2.1731641027145088e-05,0.2841010093688965,,
/kaggle/input/datasets/tawsifurrahman/covid19-radiography-database/COVID-19_Radiography_Dataset/Lung_Opacity/images/Lung_Opacity-4429.png,Lung_Opacity,Lung_Opacity,5.277073796605691e-05,0.9748298525810242,0.02508418634533882,3.3109427022282034e-05,0.16310612857341766,0.22000475227832794,0.22000469267368317
/kaggle/input/datasets/tawsifurrahman/covid19-radiography-database/COVID-19_Radiography_Dataset/Lung_Opacity/images/Lung_Opacity-4433.png,Lung_Opacity,Normal,0.0011657916475087404,0.39746958017349243,0.6013628244400024,1.7957312365979305e-06,0.27861952781677246,,
/kaggle/input/datasets/tawsifurrahman/covid19-radiography-database/COVID-19_Radiography_Dataset/Lung_Opacity/images/Lung_Opacity-4438.png,Lung_Opacity,Lung_Opacity,0.0001801872276701033,0.9908300638198853,0.008949875831604004,3.995682345703244e-05,0.2599681615829468,,
/kaggle/input/datasets/tawsifurrahman/covid19-radiography-database/COVID-19_Radiography_Dataset/Lung_Opacity/images/Lung_Opacity-4440.png,Lung_Opacity,Lung_Opacity,0.00023112879716791213,0.9840912222862244,0.01564459688961506,3.306114740553312e-05,0.22662299871444702,,
/kaggle/input/datasets/tawsifurrahman/covid19-radiography-database/COVID-19_Radiography_Dataset/Lung_Opacity/images/Lung_Opacity-4448.png,Lung_Opacity,Lung_Opacity,0.33896222710609436,0.6573027968406677,0.0037256586365401745,9.339932148577645e-06,0.15308180451393127,0.24606378376483917,0.24606285989284515
/kaggle/input/datasets/tawsifurrahman/covid19-radiography-database/COVID-19_Radiography_Dataset/Lung_Opacity/images/Lung_Opacity-4461.png,Lung_Opacity,Lung_Opacity,6.197986658662558e-05,0.9904865622520447,0.00945135485380888,9.843790138575059e-08,0.08547917753458023,,
/kaggle/input/datasets/tawsifurrahman/covid19-radiography-database/COVID-19_Radiography_Dataset/Lung_Opacity/images/Lung_Opacity-4465.png,Lung_Opacity,Lung_Opacity,0.0008107758476398885,0.8540031909942627,0.1451602578163147,2.575772668933496e-05,0.14620542526245117,0.11088702082633972,0.11088714003562927
/kaggle/input/datasets/tawsifurrahman/covid19-radiography-database/COVID-19_Radiography_Dataset/Lung_Opacity/images/Lung_Opacity-447.png,Lung_Opacity,Lung_Opacity,0.01045182254165411,0.9498540759086609,0.03955848142504692,0.00013568231952376664,0.18377326428890228,0.2227054387331009,0.22270536422729492
/kaggle/input/datasets/tawsifurrahman/covid19-radiography-database/COVID-19_Radiography_Dataset/Lung_Opacity/images/Lung_Opacity-4478.png,Lung_Opacity,Lung_Opacity,0.00013131462037563324,0.9773125648498535,0.022556083276867867,2.392807196827107e-08,0.20218877494335175,,
/kaggle/input/datasets/tawsifurrahman/covid19-radiography-database/COVID-19_Radiography_Dataset/Lung_Opacity/images/Lung_Opacity-4487.png,Lung_Opacity,Lung_Opacity,0.001644328935071826,0.8031700849533081,0.19510087370872498,8.476219227304682e-05,0.22839631140232086,,
/kaggle/input/datasets/tawsifurrahman/covid19-radiography-database/COVID-19_Radiography_Dataset/Lung_Opacity/images/Lung_Opacity-4489.png,Lung_Opacity,Lung_Opacity,1.5604805412294809e-06,0.7899011969566345,0.2100970298051834,1.624060388394355e-07,0.27806156873703003,,
/kaggle/input/datasets/tawsifurrahman/covid19-radiography-database/COVID-19_Radiography_Dataset/Lung_Opacity/images/Lung_Opacity-4502.png,Lung_Opacity,Lung_Opacity,0.030651260167360306,0.530364453792572,0.4389789402484894,5.295736627886072e-06,0.2583713233470917,,
/kaggle/input/datasets/tawsifurrahman/covid19-radiography-database/COVID-19_Radiography_Dataset/Lung_Opacity/images/Lung_Opacity-4505.png,Lung_Opacity,Lung_Opacity,0.0016339088324457407,0.9959644079208374,0.0023980787955224514,3.607134885896812e-06,0.19168569147586823,0.26134204864501953,0.2613416612148285
/kaggle/input/datasets/tawsifurrahman/covid19-radiography-database/COVID-19_Radiography_Dataset/Lung_Opacity/images/Lung_Opacity-4514.png,Lung_Opacity,Lung_Opacity,0.0067102666944265366,0.7548103928565979,0.23845385015010834,2.5490267944405787e-05,0.2533494830131531,,
/kaggle/input/datasets/tawsifurrahman/covid19-radiography-database/COVID-19_Radiography_Dataset/Lung_Opacity/images/Lung_Opacity-4522.png,Lung_Opacity,Lung_Opacity,0.003740763757377863,0.9680464267730713,0.02820933237671852,3.4576301004562993e-06,0.27312251925468445,0.2556318938732147,0.25563132762908936
/kaggle/input/datasets/tawsifurrahman/covid19-radiography-database/COVID-19_Radiography_Dataset/Lung_Opacity/images/Lung_Opacity-453.png,Lung_Opacity,Lung_Opacity,0.026859141886234283,0.5543491840362549,0.4187907874584198,8.644655622447317e-07,0.1596979945898056,0.26550301909446716,0.2655029296875
/kaggle/input/datasets/tawsifurrahman/covid19-radiography-database/COVID-19_Radiography_Dataset/Lung_Opacity/images/Lung_Opacity-4540.png,Lung_Opacity,COVID,0.5185002684593201,0.1496586799621582,0.3318406343460083,4.551445158540446e-07,0.18393266201019287,,
/kaggle/input/datasets/tawsifurrahman/covid19-radiography-database/COVID-19_Radiography_Dataset/Lung_Opacity/images/Lung_Opacity-4545.png,Lung_Opacity,Lung_Opacity,0.00015247460396494716,0.6986324787139893,0.3011884093284607,2.6612755391397513e-05,0.15080924332141876,,
/kaggle/input/datasets/tawsifurrahman/covid19-radiography-database/COVID-19_Radiography_Dataset/Lung_Opacity/images/Lung_Opacity-4551.png,Lung_Opacity,Lung_Opacity,0.010055042803287506,0.9872822165489197,0.002652876079082489,9.935447451425716e-06,0.23893989622592926,0.41314852237701416,0.4131474792957306
/kaggle/input/datasets/tawsifurrahman/covid19-radiography-database/COVID-19_Radiography_Dataset/Lung_Opacity/images/Lung_Opacity-4555.png,Lung_Opacity,Normal,0.0018263825913891196,0.04743023216724396,0.9507418274879456,1.4664594800706254e-06,0.2634337544441223,0.4888666272163391,0.48886650800704956
/kaggle/input/datasets/tawsifurrahman/covid19-radiography-database/COVID-19_Radiography_Dataset/Lung_Opacity/images/Lung_Opacity-4558.png,Lung_Opacity,Lung_Opacity,0.0010826302459463477,0.9988445043563843,6.078495061956346e-05,1.204020190925803e-05,0.23431532084941864,,
/kaggle/input/datasets/tawsifurrahman/covid19-radiography-database/COVID-19_Radiography_Dataset/Lung_Opacity/images/Lung_Opacity-4564.png,Lung_Opacity,Lung_Opacity,0.0023959665559232235,0.7473007440567017,0.2502976059913635,5.621381205855869e-06,0.20208889245986938,,
/kaggle/input/datasets/tawsifurrahman/covid19-radiography-database/COVID-19_Radiography_Dataset/Lung_Opacity/images/Lung_Opacity-4565.png,Lung_Opacity,Lung_Opacity,0.0004994830233044922,0.988788902759552,0.010706636123359203,4.971280759491492e-06,0.1721743941307068,,
/kaggle/input/datasets/tawsifurrahman/covid19-radiography-database/COVID-19_Radiography_Dataset/Lung_Opacity/images/Lung_Opacity-4569.png,Lung_Opacity,Lung_Opacity,0.005108257755637169,0.9931992888450623,0.0016834455309435725,9.034297363541555e-06,0.21857090294361115,0.23398315906524658,0.23398293554782867
/kaggle/input/datasets/tawsifurrahman/covid19-radiography-database/COVID-19_Radiography_Dataset/Lung_Opacity/images/Lung_Opacity-4570.png,Lung_Opacity,Normal,0.007719519082456827,0.09005370736122131,0.9022163152694702,1.047521254804451e-05,0.22915363311767578,,
/kaggle/input/datasets/tawsifurrahman/covid19-radiography-database/COVID-19_Radiography_Dataset/Lung_Opacity/images/Lung_Opacity-4571.png,Lung_Opacity,Lung_Opacity,0.000993343535810709,0.5999487638473511,0.3990563750267029,1.486194719291234e-06,0.18431150913238525,,
/kaggle/input/datasets/tawsifurrahman/covid19-radiography-database/COVID-19_Radiography_Dataset/Lung_Opacity/images/Lung_Opacity-4578.png,Lung_Opacity,Lung_Opacity,8.856437489157543e-05,0.9991273283958435,0.0007813017582520843,2.8141830625827424e-06,0.26630306243896484,,
/kaggle/input/datasets/tawsifurrahman/covid19-radiography-database/COVID-19_Radiography_Dataset/Lung_Opacity/images/Lung_Opacity-4589.png,Lung_Opacity,Normal,0.00029309457750059664,0.01486963964998722,0.984835684299469,1.4516873534375918e-06,0.2753918468952179,0.49876174330711365,0.4987614154815674
/kaggle/input/datasets/tawsifurrahman/covid19-radiography-database/COVID-19_Radiography_Dataset/Lung_Opacity/images/Lung_Opacity-4607.png,Lung_Opacity,Lung_Opacity,0.0002310731797479093,0.9551243782043457,0.04410364851355553,0.0005409098812378943,0.17659839987754822,,
/kaggle/input/datasets/tawsifurrahman/covid19-radiography-database/COVID-19_Radiography_Dataset/Lung_Opacity/images/Lung_Opacity-4610.png,Lung_Opacity,Lung_Opacity,4.611578697222285e-05,0.9989808201789856,0.0009219724452123046,5.1077517127851024e-05,0.18311554193496704,0.30918556451797485,0.3091855049133301
/kaggle/input/datasets/tawsifurrahman/covid19-radiography-database/COVID-19_Radiography_Dataset/Lung_Opacity/images/Lung_Opacity-4612.png,Lung_Opacity,Lung_Opacity,0.00015859933046158403,0.9802682399749756,0.019564663991332054,8.5489291450358e-06,0.14309647679328918,0.14922422170639038,0.1492241472005844
/kaggle/input/datasets/tawsifurrahman/covid19-radiography-database/COVID-19_Radiography_Dataset/Lung_Opacity/images/Lung_Opacity-4623.png,Lung_Opacity,COVID,0.8211334347724915,0.06616022437810898,0.11269965022802353,6.678673344140407e-06,0.2782411277294159,0.42017197608947754,0.42017191648483276
/kaggle/input/datasets/tawsifurrahman/covid19-radiography-database/COVID-19_Radiography_Dataset/Lung_Opacity/images/Lung_Opacity-4632.png,Lung_Opacity,Normal,0.013027988374233246,0.19603599607944489,0.7908580899238586,7.795955025358126e-05,0.19246365129947662,,
/kaggle/input/datasets/tawsifurrahman/covid19-radiography-database/COVID-19_Radiography_Dataset/Lung_Opacity/images/Lung_Opacity-4652.png,Lung_Opacity,Lung_Opacity,0.02450292743742466,0.6513733267784119,0.32374438643455505,0.0003793131036218256,0.264289915561676,0.22564327716827393,0.22564320266246796
/kaggle/input/datasets/tawsifurrahman/covid19-radiography-database/COVID-19_Radiography_Dataset/Lung_Opacity/images/Lung_Opacity-4654.png,Lung_Opacity,Lung_Opacity,0.0013133867178112268,0.9845799207687378,0.014051532372832298,5.518516627489589e-05,0.16786932945251465,0.17731185257434845,0.17731182277202606
/kaggle/input/datasets/tawsifurrahman/covid19-radiography-database/COVID-19_Radiography_Dataset/Lung_Opacity/images/Lung_Opacity-4659.png,Lung_Opacity,Lung_Opacity,3.174456287524663e-05,0.9945530891418457,0.005410884041339159,4.216778506815899e-06,0.23307977616786957,0.2593204975128174,0.2593204379081726
/kaggle/input/datasets/tawsifurrahman/covid19-radiography-database/COVID-19_Radiography_Dataset/Lung_Opacity/images/Lung_Opacity-4660.png,Lung_Opacity,Lung_Opacity,0.0008352107251994312,0.9991117119789124,4.734909816761501e-05,5.7740571719477884e-06,0.23272216320037842,0.31788668036460876,0.3178858458995819
/kaggle/input/datasets/tawsifurrahman/covid19-radiography-database/COVID-19_Radiography_Dataset/Lung_Opacity/images/Lung_Opacity-4661.png,Lung_Opacity,Lung_Opacity,7.388051017187536e-06,0.9984739422798157,0.0015025206375867128,1.6163650798262097e-05,0.1260366588830948,,
/kaggle/input/datasets/tawsifurrahman/covid19-radiography-database/COVID-19_Radiography_Dataset/Lung_Opacity/images/Lung_Opacity-4664.png,Lung_Opacity,Normal,0.0004465392848942429,0.1732640415430069,0.8262889981269836,4.627803491530358e-07,0.21205545961856842,0.3099771738052368,0.30997681617736816
/kaggle/input/datasets/tawsifurrahman/covid19-radiography-database/COVID-19_Radiography_Dataset/Lung_Opacity/images/Lung_Opacity-4673.png,Lung_Opacity,Lung_Opacity,0.0008286696393042803,0.9959696531295776,0.0029557370580732822,0.0002459909883327782,0.1827770620584488,,
/kaggle/input/datasets/tawsifurrahman/covid19-radiography-database/COVID-19_Radiography_Dataset/Lung_Opacity/images/Lung_Opacity-4694.png,Lung_Opacity,Lung_Opacity,4.515755790635012e-05,0.9838226437568665,0.013455021195113659,0.0026771763805299997,0.17592091858386993,0.15556597709655762,0.1555659919977188
/kaggle/input/datasets/tawsifurrahman/covid19-radiography-database/COVID-19_Radiography_Dataset/Lung_Opacity/images/Lung_Opacity-4695.png,Lung_Opacity,Lung_Opacity,1.1418309441069141e-05,0.9994532465934753,0.0005341281066648662,1.2380464795569424e-06,0.22472967207431793,,
/kaggle/input/datasets/tawsifurrahman/covid19-radiography-database/COVID-19_Radiography_Dataset/Lung_Opacity/images/Lung_Opacity-4697.png,Lung_Opacity,Normal,0.0008296172018162906,0.3544420599937439,0.6447268128395081,1.5208253216769663e-06,0.26257580518722534,,
/kaggle/input/datasets/tawsifurrahman/covid19-radiography-database/COVID-19_Radiography_Dataset/Lung_Opacity/images/Lung_Opacity-4701.png,Lung_Opacity,Lung_Opacity,0.002983458572998643,0.968467652797699,0.02842816710472107,0.00012075496488250792,0.2070915251970291,0.20289158821105957,0.20289133489131927
/kaggle/input/datasets/tawsifurrahman/covid19-radiography-database/COVID-19_Radiography_Dataset/Lung_Opacity/images/Lung_Opacity-4705.png,Lung_Opacity,Lung_Opacity,0.00028323178412392735,0.6262581944465637,0.3734583258628845,2.546477446685458e-07,0.22506800293922424,,
/kaggle/input/datasets/tawsifurrahman/covid19-radiography-database/COVID-19_Radiography_Dataset/Lung_Opacity/images/Lung_Opacity-4707.png,Lung_Opacity,Lung_Opacity,0.0010267833713442087,0.9864559173583984,0.012140605598688126,0.00037660353700630367,0.23306044936180115,,
/kaggle/input/datasets/tawsifurrahman/covid19-radiography-database/COVID-19_Radiography_Dataset/Lung_Opacity/images/Lung_Opacity-4711.png,Lung_Opacity,Normal,0.00027827860321849585,0.26164186000823975,0.7380791902542114,6.32008209322521e-07,0.21454580128192902,,
/kaggle/input/datasets/tawsifurrahman/covid19-radiography-database/COVID-19_Radiography_Dataset/Lung_Opacity/images/Lung_Opacity-4717.png,Lung_Opacity,Lung_Opacity,0.0008354536257684231,0.7750805616378784,0.22405171394348145,3.225686668884009e-05,0.06370039284229279,,
/kaggle/input/datasets/tawsifurrahman/covid19-radiography-database/COVID-19_Radiography_Dataset/Lung_Opacity/images/Lung_Opacity-472.png,Lung_Opacity,Lung_Opacity,0.0021938937716186047,0.7876715064048767,0.21013286709785461,1.6692902136128396e-06,0.13498494029045105,,
/kaggle/input/datasets/tawsifurrahman/covid19-radiography-database/COVID-19_Radiography_Dataset/Lung_Opacity/images/Lung_Opacity-4720.png,Lung_Opacity,Lung_Opacity,0.06424199044704437,0.9271248579025269,0.008585422299802303,4.779288428835571e-05,0.1078803688287735,,
/kaggle/input/datasets/tawsifurrahman/covid19-radiography-database/COVID-19_Radiography_Dataset/Lung_Opacity/images/Lung_Opacity-4723.png,Lung_Opacity,Normal,0.013913319446146488,0.3112378418445587,0.6748427152633667,6.121096248534741e-06,0.3155495822429657,,
/kaggle/input/datasets/tawsifurrahman/covid19-radiography-database/COVID-19_Radiography_Dataset/Lung_Opacity/images/Lung_Opacity-4742.png,Lung_Opacity,Normal,0.000759329937864095,0.07550480961799622,0.9237309694290161,4.840399924432859e-06,0.19896051287651062,,
/kaggle/input/datasets/tawsifurrahman/covid19-radiography-database/COVID-19_Radiography_Dataset/Lung_Opacity/images/Lung_Opacity-4743.png,Lung_Opacity,Lung_Opacity,0.0008609695360064507,0.7249818444252014,0.27409282326698303,6.439984281314537e-05,0.2185925394296646,,
/kaggle/input/datasets/tawsifurrahman/covid19-radiography-database/COVID-19_Radiography_Dataset/Lung_Opacity/images/Lung_Opacity-4750.png,Lung_Opacity,Lung_Opacity,0.00013175280764698982,0.9965494871139526,0.0031780770514160395,0.00014059965906199068,0.09789543598890305,0.1013786792755127,0.1013786792755127
/kaggle/input/datasets/tawsifurrahman/covid19-radiography-database/COVID-19_Radiography_Dataset/Lung_Opacity/images/Lung_Opacity-4753.png,Lung_Opacity,Lung_Opacity,0.00047935827751643956,0.9850437641143799,0.01447614748030901,6.595570880563173e-07,0.2616989016532898,,
/kaggle/input/datasets/tawsifurrahman/covid19-radiography-database/COVID-19_Radiography_Dataset/Lung_Opacity/images/Lung_Opacity-4754.png,Lung_Opacity,Lung_Opacity,0.00834351871162653,0.9912785887718201,0.00037635545595549047,1.5167175888564088e-06,0.17881247401237488,,
/kaggle/input/datasets/tawsifurrahman/covid19-radiography-database/COVID-19_Radiography_Dataset/Lung_Opacity/images/Lung_Opacity-4769.png,Lung_Opacity,Normal,0.0019333616364747286,0.29558008909225464,0.7019171714782715,0.000569329597055912,0.26231732964515686,,
/kaggle/input/datasets/tawsifurrahman/covid19-radiography-database/COVID-19_Radiography_Dataset/Lung_Opacity/images/Lung_Opacity-4778.png,Lung_Opacity,Lung_Opacity,0.0015741012757644057,0.9842694997787476,0.014156168326735497,1.958481021802072e-07,0.22757913172245026,,
/kaggle/input/datasets/tawsifurrahman/covid19-radiography-database/COVID-19_Radiography_Dataset/Lung_Opacity/images/Lung_Opacity-4779.png,Lung_Opacity,Lung_Opacity,0.03523939475417137,0.601347029209137,0.36341241002082825,1.1329515245961375e-06,0.2279980182647705,,
/kaggle/input/datasets/tawsifurrahman/covid19-radiography-database/COVID-19_Radiography_Dataset/Lung_Opacity/images/Lung_Opacity-4786.png,Lung_Opacity,Lung_Opacity,4.4349821109790355e-05,0.9908112287521362,0.009143618866801262,8.579949053455493e-07,0.18913432955741882,0.1744638830423355,0.17446386814117432
/kaggle/input/datasets/tawsifurrahman/covid19-radiography-database/COVID-19_Radiography_Dataset/Lung_Opacity/images/Lung_Opacity-4792.png,Lung_Opacity,Lung_Opacity,0.014675426296889782,0.9848030805587769,0.0005202522734180093,1.1396958825571346e-06,0.2377832680940628,,
/kaggle/input/datasets/tawsifurrahman/covid19-radiography-database/COVID-19_Radiography_Dataset/Lung_Opacity/images/Lung_Opacity-481.png,Lung_Opacity,Lung_Opacity,0.00041693932143971324,0.9376373291015625,0.06194517761468887,6.028496954968432e-07,0.2281573861837387,0.1663830578327179,0.16638299822807312
/kaggle/input/datasets/tawsifurrahman/covid19-radiography-database/COVID-19_Radiography_Dataset/Lung_Opacity/images/Lung_Opacity-4815.png,Lung_Opacity,Lung_Opacity,0.00022750695643480867,0.9749305844306946,0.024832556024193764,9.272094757761806e-06,0.1816009134054184,,
/kaggle/input/datasets/tawsifurrahman/covid19-radiography-database/COVID-19_Radiography_Dataset/Lung_Opacity/images/Lung_Opacity-4821.png,Lung_Opacity,Lung_Opacity,0.0007527100970037282,0.9940934777259827,0.005086981691420078,6.678203499177471e-05,0.20181110501289368,,
/kaggle/input/datasets/tawsifurrahman/covid19-radiography-database/COVID-19_Radiography_Dataset/Lung_Opacity/images/Lung_Opacity-4825.png,Lung_Opacity,Lung_Opacity,0.013394028879702091,0.7651283740997314,0.22126144170761108,0.0002161914308089763,0.26576751470565796,,
/kaggle/input/datasets/tawsifurrahman/covid19-radiography-database/COVID-19_Radiography_Dataset/Lung_Opacity/images/Lung_Opacity-4831.png,Lung_Opacity,Lung_Opacity,0.0006142238853499293,0.8820615410804749,0.11716977506875992,0.00015446034376509488,0.22937268018722534,0.2527322471141815,0.2527322471141815
/kaggle/input/datasets/tawsifurrahman/covid19-radiography-database/COVID-19_Radiography_Dataset/Lung_Opacity/images/Lung_Opacity-4852.png,Lung_Opacity,Lung_Opacity,0.0494658499956131,0.7674056887626648,0.18311628699302673,1.2160394362581428e-05,0.22821703553199768,,
/kaggle/input/datasets/tawsifurrahman/covid19-radiography-database/COVID-19_Radiography_Dataset/Lung_Opacity/images/Lung_Opacity-4853.png,Lung_Opacity,Normal,0.010856947861611843,0.1943947970867157,0.7947450876235962,3.192371423210716e-06,0.2822873294353485,0.5492913722991943,0.5492911338806152
/kaggle/input/datasets/tawsifurrahman/covid19-radiography-database/COVID-19_Radiography_Dataset/Lung_Opacity/images/Lung_Opacity-4868.png,Lung_Opacity,Normal,8.998849807539955e-05,0.34197893738746643,0.6579306721687317,3.892629933943681e-07,0.18955309689044952,0.28683924674987793,0.28683915734291077
/kaggle/input/datasets/tawsifurrahman/covid19-radiography-database/COVID-19_Radiography_Dataset/Lung_Opacity/images/Lung_Opacity-4874.png,Lung_Opacity,Normal,0.004283370450139046,0.02704797312617302,0.9686683416366577,2.831910990153119e-07,0.19551219046115875,,
/kaggle/input/datasets/tawsifurrahman/covid19-radiography-database/COVID-19_Radiography_Dataset/Lung_Opacity/images/Lung_Opacity-4882.png,Lung_Opacity,Lung_Opacity,0.000399384560296312,0.9791262149810791,0.020472729578614235,1.592086391610792e-06,0.1900317221879959,,
/kaggle/input/datasets/tawsifurrahman/covid19-radiography-database/COVID-19_Radiography_Dataset/Lung_Opacity/images/Lung_Opacity-4888.png,Lung_Opacity,Lung_Opacity,0.008527519181370735,0.9597967267036438,0.03145581856369972,0.00021986689534969628,0.23005104064941406,0.30470648407936096,0.3047061264514923
/kaggle/input/datasets/tawsifurrahman/covid19-radiography-database/COVID-19_Radiography_Dataset/Lung_Opacity/images/Lung_Opacity-489.png,Lung_Opacity,Lung_Opacity,0.00045986284385435283,0.9994045495986938,0.00013560372462961823,3.227717115805717e-08,0.1547154188156128,,
/kaggle/input/datasets/tawsifurrahman/covid19-radiography-database/COVID-19_Radiography_Dataset/Lung_Opacity/images/Lung_Opacity-490.png,Lung_Opacity,Lung_Opacity,0.010648239403963089,0.9788466095924377,0.010484963655471802,2.0192879674141295e-05,0.2760685086250305,0.35399699211120605,0.3539965748786926
/kaggle/input/datasets/tawsifurrahman/covid19-radiography-database/COVID-19_Radiography_Dataset/Lung_Opacity/images/Lung_Opacity-4905.png,Lung_Opacity,Lung_Opacity,8.142281149048358e-05,0.9414878487586975,0.05838088318705559,4.978401921107434e-05,0.23429550230503082,,
/kaggle/input/datasets/tawsifurrahman/covid19-radiography-database/COVID-19_Radiography_Dataset/Lung_Opacity/images/Lung_Opacity-4915.png,Lung_Opacity,Lung_Opacity,0.04488523304462433,0.949059009552002,0.006054428871721029,1.3910804455008474e-06,0.23836445808410645,0.3755649924278259,0.37556418776512146
/kaggle/input/datasets/tawsifurrahman/covid19-radiography-database/COVID-19_Radiography_Dataset/Lung_Opacity/images/Lung_Opacity-4941.png,Lung_Opacity,Lung_Opacity,0.01354838628321886,0.5575289726257324,0.42889946699142456,2.3185386453405954e-05,0.24069298803806305,,
/kaggle/input/datasets/tawsifurrahman/covid19-radiography-database/COVID-19_Radiography_Dataset/Lung_Opacity/images/Lung_Opacity-4944.png,Lung_Opacity,Normal,0.000433474313467741,0.018158476799726486,0.9814077019691467,3.597998272653058e-07,0.2503787875175476,,
/kaggle/input/datasets/tawsifurrahman/covid19-radiography-database/COVID-19_Radiography_Dataset/Lung_Opacity/images/Lung_Opacity-4945.png,Lung_Opacity,Lung_Opacity,0.032380759716033936,0.6559883952140808,0.31092074513435364,0.0007100813090801239,0.21536298096179962,,
/kaggle/input/datasets/tawsifurrahman/covid19-radiography-database/COVID-19_Radiography_Dataset/Lung_Opacity/images/Lung_Opacity-4949.png,Lung_Opacity,Lung_Opacity,8.373446326004341e-05,0.9997696280479431,0.0001461686915718019,4.5132122750146664e-07,0.23234225809574127,0.2647275924682617,0.2647276222705841
/kaggle/input/datasets/tawsifurrahman/covid19-radiography-database/COVID-19_Radiography_Dataset/Lung_Opacity/images/Lung_Opacity-4956.png,Lung_Opacity,Normal,0.015426848083734512,0.42646870017051697,0.5580966472625732,7.802664185874164e-06,0.25219300389289856,,
/kaggle/input/datasets/tawsifurrahman/covid19-radiography-database/COVID-19_Radiography_Dataset/Lung_Opacity/images/Lung_Opacity-4961.png,Lung_Opacity,Lung_Opacity,3.189777271472849e-05,0.9155620336532593,0.08440591394901276,2.4408518584095873e-07,0.11242429912090302,,
/kaggle/input/datasets/tawsifurrahman/covid19-radiography-database/COVID-19_Radiography_Dataset/Lung_Opacity/images/Lung_Opacity-4964.png,Lung_Opacity,Normal,0.003735528327524662,0.3613007664680481,0.6348654627799988,9.826097084442154e-05,0.09725785255432129,,
/kaggle/input/datasets/tawsifurrahman/covid19-radiography-database/COVID-19_Radiography_Dataset/Lung_Opacity/images/Lung_Opacity-4968.png,Lung_Opacity,Lung_Opacity,9.701445691234767e-08,0.9999401569366455,5.976645843475126e-05,1.2231626378422789e-08,0.1893535703420639,0.26625964045524597,0.26625967025756836
/kaggle/input/datasets/tawsifurrahman/covid19-radiography-database/COVID-19_Radiography_Dataset/Lung_Opacity/images/Lung_Opacity-4969.png,Lung_Opacity,Lung_Opacity,0.00012029303616145626,0.9722592234611511,0.027442004531621933,0.00017850242147687823,0.12237032502889633,0.3776727616786957,0.3776698112487793
/kaggle/input/datasets/tawsifurrahman/covid19-radiography-database/COVID-19_Radiography_Dataset/Lung_Opacity/images/Lung_Opacity-498.png,Lung_Opacity,Lung_Opacity,8.08122604212258e-06,0.9649800062179565,0.035009898245334625,1.9133476598653942e-06,0.13552308082580566,,
/kaggle/input/datasets/tawsifurrahman/covid19-radiography-database/COVID-19_Radiography_Dataset/Lung_Opacity/images/Lung_Opacity-4981.png,Lung_Opacity,Lung_Opacity,0.002647449728101492,0.9715105891227722,0.025838889181613922,3.1381621283799177e-06,0.2003750503063202,,
/kaggle/input/datasets/tawsifurrahman/covid19-radiography-database/COVID-19_Radiography_Dataset/Lung_Opacity/images/Lung_Opacity-4999.png,Lung_Opacity,Lung_Opacity,0.00010538272908888757,0.9036827683448792,0.09619791805744171,1.3885846783523448e-05,0.22229813039302826,0.21472012996673584,0.21472002565860748
/kaggle/input/datasets/tawsifurrahman/covid19-radiography-database/COVID-19_Radiography_Dataset/Lung_Opacity/images/Lung_Opacity-5008.png,Lung_Opacity,Normal,3.6458473914535716e-05,0.16654857993125916,0.8334103226661682,4.623347194865346e-06,0.17629997432231903,,
/kaggle/input/datasets/tawsifurrahman/covid19-radiography-database/COVID-19_Radiography_Dataset/Lung_Opacity/images/Lung_Opacity-5012.png,Lung_Opacity,Lung_Opacity,0.1028466746211052,0.847069501876831,0.05005795136094093,2.5847193683148362e-05,0.25916817784309387,,
/kaggle/input/datasets/tawsifurrahman/covid19-radiography-database/COVID-19_Radiography_Dataset/Lung_Opacity/images/Lung_Opacity-5029.png,Lung_Opacity,Lung_Opacity,0.00016941502690315247,0.9660198092460632,0.033810120075941086,7.442366154464253e-07,0.226981058716774,,
/kaggle/input/datasets/tawsifurrahman/covid19-radiography-database/COVID-19_Radiography_Dataset/Lung_Opacity/images/Lung_Opacity-504.png,Lung_Opacity,Lung_Opacity,0.06907504051923752,0.6000270843505859,0.330796480178833,0.00010140817175852135,0.3532988727092743,,
/kaggle/input/datasets/tawsifurrahman/covid19-radiography-database/COVID-19_Radiography_Dataset/Lung_Opacity/images/Lung_Opacity-5042.png,Lung_Opacity,Lung_Opacity,0.0012540541356429458,0.9418767690658569,0.05660645663738251,0.000262695481069386,0.13657943904399872,,
/kaggle/input/datasets/tawsifurrahman/covid19-radiography-database/COVID-19_Radiography_Dataset/Lung_Opacity/images/Lung_Opacity-5049.png,Lung_Opacity,Lung_Opacity,9.19863623494166e-07,0.9999425411224365,5.6493030569981784e-05,3.6567491257244455e-09,0.19296081364154816,,
/kaggle/input/datasets/tawsifurrahman/covid19-radiography-database/COVID-19_Radiography_Dataset/Lung_Opacity/images/Lung_Opacity-5062.png,Lung_Opacity,Lung_Opacity,0.0013599040685221553,0.8224784135818481,0.17615801095962524,3.654774218375678e-06,0.21089766919612885,,
/kaggle/input/datasets/tawsifurrahman/covid19-radiography-database/COVID-19_Radiography_Dataset/Lung_Opacity/images/Lung_Opacity-5065.png,Lung_Opacity,Lung_Opacity,0.010224464349448681,0.7490451335906982,0.24072612822055817,4.289795924705686e-06,0.22112248837947845,,
/kaggle/input/datasets/tawsifurrahman/covid19-radiography-database/COVID-19_Radiography_Dataset/Lung_Opacity/images/Lung_Opacity-507.png,Lung_Opacity,Lung_Opacity,0.005557865370064974,0.8988895416259766,0.0955522358417511,3.028512480796053e-07,0.2900395691394806,,
/kaggle/input/datasets/tawsifurrahman/covid19-radiography-database/COVID-19_Radiography_Dataset/Lung_Opacity/images/Lung_Opacity-5090.png,Lung_Opacity,Lung_Opacity,7.019037002464756e-05,0.9904718399047852,0.009455646388232708,2.3801887891750084e-06,0.21693675220012665,,
/kaggle/input/datasets/tawsifurrahman/covid19-radiography-database/COVID-19_Radiography_Dataset/Lung_Opacity/images/Lung_Opacity-5094.png,Lung_Opacity,Lung_Opacity,4.218226604280062e-05,0.7072816491127014,0.29188230633735657,0.0007938715862110257,0.18696236610412598,0.1734713315963745,0.1734713315963745
/kaggle/input/datasets/tawsifurrahman/covid19-radiography-database/COVID-19_Radiography_Dataset/Lung_Opacity/images/Lung_Opacity-5096.png,Lung_Opacity,Lung_Opacity,0.005023402627557516,0.6885324716567993,0.3063594400882721,8.473989873891696e-05,0.19084922969341278,,
/kaggle/input/datasets/tawsifurrahman/covid19-radiography-database/COVID-19_Radiography_Dataset/Lung_Opacity/images/Lung_Opacity-510.png,Lung_Opacity,Lung_Opacity,1.0827422556758393e-05,0.9981194138526917,0.0016317456029355526,0.00023801664065103978,0.16334520280361176,,
/kaggle/input/datasets/tawsifurrahman/covid19-radiography-database/COVID-19_Radiography_Dataset/Lung_Opacity/images/Lung_Opacity-5104.png,Lung_Opacity,Lung_Opacity,0.04501611739397049,0.9512066841125488,0.0037753628566861153,1.7641244767219177e-06,0.18500924110412598,,
/kaggle/input/datasets/tawsifurrahman/covid19-radiography-database/COVID-19_Radiography_Dataset/Lung_Opacity/images/Lung_Opacity-5117.png,Lung_Opacity,Lung_Opacity,4.570220426103333e-06,0.9987121820449829,0.0012827832251787186,5.204759077059862e-07,0.16573697328567505,,
/kaggle/input/datasets/tawsifurrahman/covid19-radiography-database/COVID-19_Radiography_Dataset/Lung_Opacity/images/Lung_Opacity-512.png,Lung_Opacity,Lung_Opacity,0.0019358539720997214,0.96924889087677,0.02881365269422531,1.568938500895456e-06,0.2419692724943161,,
/kaggle/input/datasets/tawsifurrahman/covid19-radiography-database/COVID-19_Radiography_Dataset/Lung_Opacity/images/Lung_Opacity-513.png,Lung_Opacity,Lung_Opacity,0.0035381894558668137,0.9933570027351379,0.0031021542381495237,2.6170641831413377e-06,0.163544699549675,,
/kaggle/input/datasets/tawsifurrahman/covid19-radiography-database/COVID-19_Radiography_Dataset/Lung_Opacity/images/Lung_Opacity-5130.png,Lung_Opacity,Lung_Opacity,0.00046108945389278233,0.996044933795929,0.0034931849222630262,7.209350201264897e-07,0.21600045263767242,0.32625019550323486,0.3262501060962677
/kaggle/input/datasets/tawsifurrahman/covid19-radiography-database/COVID-19_Radiography_Dataset/Lung_Opacity/images/Lung_Opacity-5133.png,Lung_Opacity,Lung_Opacity,0.0048147100023925304,0.6053562760353088,0.3898187279701233,1.0328983080398757e-05,0.22036463022232056,,
/kaggle/input/datasets/tawsifurrahman/covid19-radiography-database/COVID-19_Radiography_Dataset/Lung_Opacity/images/Lung_Opacity-5136.png,Lung_Opacity,Lung_Opacity,0.0001444062654627487,0.9902803301811218,0.009574556723237038,6.610044351873512e-07,0.11328137665987015,,
/kaggle/input/datasets/tawsifurrahman/covid19-radiography-database/COVID-19_Radiography_Dataset/Lung_Opacity/images/Lung_Opacity-5141.png,Lung_Opacity,Lung_Opacity,0.09607121348381042,0.9036388993263245,0.0002879154053516686,1.9931317183363717e-06,0.24139052629470825,,
/kaggle/input/datasets/tawsifurrahman/covid19-radiography-database/COVID-19_Radiography_Dataset/Lung_Opacity/images/Lung_Opacity-5157.png,Lung_Opacity,Lung_Opacity,0.006289140321314335,0.9935916066169739,0.0001075769032468088,1.1577790246519726e-05,0.23493333160877228,,
/kaggle/input/datasets/tawsifurrahman/covid19-radiography-database/COVID-19_Radiography_Dataset/Lung_Opacity/images/Lung_Opacity-5160.png,Lung_Opacity,Lung_Opacity,3.6181859286443796e-08,0.9998231530189514,0.00017681422468740493,8.780192572999113e-09,0.16597582399845123,,
/kaggle/input/datasets/tawsifurrahman/covid19-radiography-database/COVID-19_Radiography_Dataset/Lung_Opacity/images/Lung_Opacity-5163.png,Lung_Opacity,Lung_Opacity,3.532745540724136e-05,0.9944882988929749,0.005411121994256973,6.528771336888894e-05,0.186922088265419,0.13424019515514374,0.13424018025398254
/kaggle/input/datasets/tawsifurrahman/covid19-radiography-database/COVID-19_Radiography_Dataset/Lung_Opacity/images/Lung_Opacity-5164.png,Lung_Opacity,Normal,0.002154839923605323,0.46823054552078247,0.5290035605430603,0.0006110339309088886,0.23403652012348175,0.4877929389476776,0.4877929389476776
/kaggle/input/datasets/tawsifurrahman/covid19-radiography-database/COVID-19_Radiography_Dataset/Lung_Opacity/images/Lung_Opacity-5171.png,Lung_Opacity,Lung_Opacity,0.0001253595983143896,0.9988545179367065,0.0010172654874622822,2.912155196099775e-06,0.2826862335205078,0.31888964772224426,0.3188893795013428
/kaggle/input/datasets/tawsifurrahman/covid19-radiography-database/COVID-19_Radiography_Dataset/Lung_Opacity/images/Lung_Opacity-5172.png,Lung_Opacity,Lung_Opacity,6.928681159479311e-06,0.9946848750114441,0.0053080422803759575,2.5390147584403167e-07,0.18188001215457916,,
/kaggle/input/datasets/tawsifurrahman/covid19-radiography-database/COVID-19_Radiography_Dataset/Lung_Opacity/images/Lung_Opacity-5189.png,Lung_Opacity,Lung_Opacity,0.0027897164691239595,0.9968236684799194,0.0003865972685161978,1.1521568588079845e-08,0.18461056053638458,0.307966023683548,0.3079659044742584
/kaggle/input/datasets/tawsifurrahman/covid19-radiography-database/COVID-19_Radiography_Dataset/Lung_Opacity/images/Lung_Opacity-5192.png,Lung_Opacity,Lung_Opacity,0.00034124209196306765,0.9973088502883911,0.002348024630919099,1.9469287053652806e-06,0.18939442932605743,,
/kaggle/input/datasets/tawsifurrahman/covid19-radiography-database/COVID-19_Radiography_Dataset/Lung_Opacity/images/Lung_Opacity-5204.png,Lung_Opacity,Lung_Opacity,0.0020416309125721455,0.996950626373291,0.001006685197353363,1.0246269539493369e-06,0.17942841351032257,,
/kaggle/input/datasets/tawsifurrahman/covid19-radiography-database/COVID-19_Radiography_Dataset/Lung_Opacity/images/Lung_Opacity-5206.png,Lung_Opacity,Lung_Opacity,5.551096933231747e-07,0.9814088940620422,0.018590623512864113,9.729358652066367e-09,0.1433156579732895,0.18854425847530365,0.18854425847530365
/kaggle/input/datasets/tawsifurrahman/covid19-radiography-database/COVID-19_Radiography_Dataset/Lung_Opacity/images/Lung_Opacity-5208.png,Lung_Opacity,Lung_Opacity,2.3909715309855528e-05,0.9923146367073059,0.007622065022587776,3.939978705602698e-05,0.2340569943189621,,
/kaggle/input/datasets/tawsifurrahman/covid19-radiography-database/COVID-19_Radiography_Dataset/Lung_Opacity/images/Lung_Opacity-522.png,Lung_Opacity,Lung_Opacity,0.3703685998916626,0.6271874904632568,0.0023631101939827204,8.08236000011675e-05,0.24625587463378906,0.46702709794044495,0.46702462434768677
/kaggle/input/datasets/tawsifurrahman/covid19-radiography-database/COVID-19_Radiography_Dataset/Lung_Opacity/images/Lung_Opacity-5222.png,Lung_Opacity,Lung_Opacity,0.0017647950444370508,0.9319368004798889,0.06565779447555542,0.0006406786851584911,0.17217402160167694,,
/kaggle/input/datasets/tawsifurrahman/covid19-radiography-database/COVID-19_Radiography_Dataset/Lung_Opacity/images/Lung_Opacity-5239.png,Lung_Opacity,Lung_Opacity,4.912842541671125e-06,0.9982302784919739,0.0017635705880820751,1.2593995961651672e-06,0.1518855094909668,0.18971455097198486,0.18971458077430725
/kaggle/input/datasets/tawsifurrahman/covid19-radiography-database/COVID-19_Radiography_Dataset/Lung_Opacity/images/Lung_Opacity-5240.png,Lung_Opacity,Lung_Opacity,0.003981574904173613,0.9956183433532715,0.00024760703672654927,0.00015249040734488517,0.16575686633586884,,
/kaggle/input/datasets/tawsifurrahman/covid19-radiography-database/COVID-19_Radiography_Dataset/Lung_Opacity/images/Lung_Opacity-525.png,Lung_Opacity,Lung_Opacity,0.007304032798856497,0.7120306491851807,0.2804657518863678,0.00019964705279562622,0.2936277389526367,0.28252002596855164,0.2825198471546173
/kaggle/input/datasets/tawsifurrahman/covid19-radiography-database/COVID-19_Radiography_Dataset/Lung_Opacity/images/Lung_Opacity-5252.png,Lung_Opacity,Lung_Opacity,1.4374046259035822e-05,0.9946500658988953,0.005284415557980537,5.108352343086153e-05,0.28613290190696716,,
/kaggle/input/datasets/tawsifurrahman/covid19-radiography-database/COVID-19_Radiography_Dataset/Lung_Opacity/images/Lung_Opacity-5264.png,Lung_Opacity,Lung_Opacity,0.0003295520436950028,0.9253121614456177,0.06989779323339462,0.004460499621927738,0.160814106464386,0.04270389676094055,0.04270390048623085
/kaggle/input/datasets/tawsifurrahman/covid19-radiography-database/COVID-19_Radiography_Dataset/Lung_Opacity/images/Lung_Opacity-5266.png,Lung_Opacity,Lung_Opacity,0.008791388012468815,0.9862602353096008,0.004907695110887289,4.063476444571279e-05,0.142538383603096,,
/kaggle/input/datasets/tawsifurrahman/covid19-radiography-database/COVID-19_Radiography_Dataset/Lung_Opacity/images/Lung_Opacity-5269.png,Lung_Opacity,Lung_Opacity,0.005592197645455599,0.9861971735954285,0.008207007311284542,3.6187122987030307e-06,0.25348779559135437,,
/kaggle/input/datasets/tawsifurrahman/covid19-radiography-database/COVID-19_Radiography_Dataset/Lung_Opacity/images/Lung_Opacity-5277.png,Lung_Opacity,Lung_Opacity,0.00029071475728414953,0.9966036081314087,0.0031025949865579605,3.0403953132918105e-06,0.1768176555633545,,
/kaggle/input/datasets/tawsifurrahman/covid19-radiography-database/COVID-19_Radiography_Dataset/Lung_Opacity/images/Lung_Opacity-5293.png,Lung_Opacity,Lung_Opacity,0.002682632301002741,0.9934514760971069,0.003865481587126851,3.1096053021428816e-07,0.2099810242652893,,
/kaggle/input/datasets/tawsifurrahman/covid19-radiography-database/COVID-19_Radiography_Dataset/Lung_Opacity/images/Lung_Opacity-5298.png,Lung_Opacity,Lung_Opacity,1.6612231092949514e-06,0.993312656879425,0.006684786640107632,8.823135431157425e-07,0.16063496470451355,,
/kaggle/input/datasets/tawsifurrahman/covid19-radiography-database/COVID-19_Radiography_Dataset/Lung_Opacity/images/Lung_Opacity-5301.png,Lung_Opacity,Lung_Opacity,2.1222072064119857e-06,0.9962508082389832,0.0037470641545951366,2.951417110708121e-09,0.18789926171302795,,
/kaggle/input/datasets/tawsifurrahman/covid19-radiography-database/COVID-19_Radiography_Dataset/Lung_Opacity/images/Lung_Opacity-5305.png,Lung_Opacity,Lung_Opacity,0.0004526910779532045,0.9939818978309631,0.0025313175283372402,0.003034100867807865,0.23872053623199463,,
/kaggle/input/datasets/tawsifurrahman/covid19-radiography-database/COVID-19_Radiography_Dataset/Lung_Opacity/images/Lung_Opacity-531.png,Lung_Opacity,Normal,0.027000345289707184,0.050969332456588745,0.9214329123497009,0.0005973629304207861,0.37436240911483765,0.4032242000102997,0.4032239317893982
/kaggle/input/datasets/tawsifurrahman/covid19-radiography-database/COVID-19_Radiography_Dataset/Lung_Opacity/images/Lung_Opacity-5310.png,Lung_Opacity,Normal,0.0006072802352719009,0.3505645990371704,0.6488191485404968,8.915261787478812e-06,0.2938459515571594,0.2509656846523285,0.25096556544303894
/kaggle/input/datasets/tawsifurrahman/covid19-radiography-database/COVID-19_Radiography_Dataset/Lung_Opacity/images/Lung_Opacity-5322.png,Lung_Opacity,Lung_Opacity,0.06951873749494553,0.9286300539970398,0.0013339658034965396,0.0005171858356334269,0.2975538671016693,,
/kaggle/input/datasets/tawsifurrahman/covid19-radiography-database/COVID-19_Radiography_Dataset/Lung_Opacity/images/Lung_Opacity-5324.png,Lung_Opacity,Normal,0.004765276797115803,0.28988948464393616,0.7052496075630188,9.559067257214338e-05,0.26813775300979614,0.31033042073249817,0.31033027172088623
/kaggle/input/datasets/tawsifurrahman/covid19-radiography-database/COVID-19_Radiography_Dataset/Lung_Opacity/images/Lung_Opacity-5335.png,Lung_Opacity,Lung_Opacity,3.313983324915171e-05,0.9996604919433594,0.00030635413713753223,3.061215991806421e-08,0.11983824521303177,,
/kaggle/input/datasets/tawsifurrahman/covid19-radiography-database/COVID-19_Radiography_Dataset/Lung_Opacity/images/Lung_Opacity-5338.png,Lung_Opacity,Lung_Opacity,0.0025602078530937433,0.9912832975387573,0.0061549474485218525,1.5425046058226144e-06,0.31915682554244995,,
/kaggle/input/datasets/tawsifurrahman/covid19-radiography-database/COVID-19_Radiography_Dataset/Lung_Opacity/images/Lung_Opacity-5355.png,Lung_Opacity,Lung_Opacity,7.347083737840876e-06,0.9990353584289551,0.0009434311650693417,1.3961275726614986e-05,0.1364000141620636,,
/kaggle/input/datasets/tawsifurrahman/covid19-radiography-database/COVID-19_Radiography_Dataset/Lung_Opacity/images/Lung_Opacity-5367.png,Lung_Opacity,Lung_Opacity,2.6366012662037974e-06,0.9998910427093506,0.00010608861339278519,2.2142532429825224e-07,0.19959750771522522,0.2839536666870117,0.2839536666870117
/kaggle/input/datasets/tawsifurrahman/covid19-radiography-database/COVID-19_Radiography_Dataset/Lung_Opacity/images/Lung_Opacity-5368.png,Lung_Opacity,Normal,0.007018553093075752,0.026544377207756042,0.9664198160171509,1.7229007426067255e-05,0.3195558488368988,,
/kaggle/input/datasets/tawsifurrahman/covid19-radiography-database/COVID-19_Radiography_Dataset/Lung_Opacity/images/Lung_Opacity-5371.png,Lung_Opacity,Lung_Opacity,6.454373306041816e-06,0.9971399307250977,0.0028536294121295214,1.2609066679658554e-08,0.2004944235086441,,
/kaggle/input/datasets/tawsifurrahman/covid19-radiography-database/COVID-19_Radiography_Dataset/Lung_Opacity/images/Lung_Opacity-5374.png,Lung_Opacity,Lung_Opacity,1.1675319910864346e-05,0.905005156993866,0.0949801504611969,2.987954076161259e-06,0.10010829567909241,,
/kaggle/input/datasets/tawsifurrahman/covid19-radiography-database/COVID-19_Radiography_Dataset/Lung_Opacity/images/Lung_Opacity-5382.png,Lung_Opacity,Lung_Opacity,0.006315011065453291,0.8847943544387817,0.10268054902553558,0.00621014041826129,0.15493501722812653,0.1250336915254593,0.12503361701965332
/kaggle/input/datasets/tawsifurrahman/covid19-radiography-database/COVID-19_Radiography_Dataset/Lung_Opacity/images/Lung_Opacity-5385.png,Lung_Opacity,Lung_Opacity,4.2066440641974623e-07,0.9992777705192566,0.0007218255195766687,5.389379498232927e-10,0.10805971175432205,,
/kaggle/input/datasets/tawsifurrahman/covid19-radiography-database/COVID-19_Radiography_Dataset/Lung_Opacity/images/Lung_Opacity-539.png,Lung_Opacity,Lung_Opacity,3.0529568903148174e-05,0.7785909175872803,0.22136114537715912,1.7393831512890756e-05,0.2205648273229599,,
/kaggle/input/datasets/tawsifurrahman/covid19-radiography-database/COVID-19_Radiography_Dataset/Lung_Opacity/images/Lung_Opacity-5404.png,Lung_Opacity,Normal,0.015688905492424965,0.39323729276657104,0.5894368886947632,0.0016368842916563153,0.23407645523548126,,
/kaggle/input/datasets/tawsifurrahman/covid19-radiography-database/COVID-19_Radiography_Dataset/Lung_Opacity/images/Lung_Opacity-5406.png,Lung_Opacity,Lung_Opacity,0.18261365592479706,0.8078553676605225,0.009528158232569695,2.790649887174368e-06,0.24643349647521973,,
/kaggle/input/datasets/tawsifurrahman/covid19-radiography-database/COVID-19_Radiography_Dataset/Lung_Opacity/images/Lung_Opacity-5421.png,Lung_Opacity,Lung_Opacity,0.0017408659914508462,0.9674822688102722,0.030774326995015144,2.5105371150857536e-06,0.23788844048976898,,
/kaggle/input/datasets/tawsifurrahman/covid19-radiography-database/COVID-19_Radiography_Dataset/Lung_Opacity/images/Lung_Opacity-5425.png,Lung_Opacity,Lung_Opacity,1.3369938933749381e-08,0.9988806843757629,0.0011191045632585883,1.7865305323994107e-07,0.13781490921974182,,
/kaggle/input/datasets/tawsifurrahman/covid19-radiography-database/COVID-19_Radiography_Dataset/Lung_Opacity/images/Lung_Opacity-5432.png,Lung_Opacity,Lung_Opacity,0.00011136008106404915,0.995358407497406,0.004506558179855347,2.3630020223208703e-05,0.15226419270038605,,
/kaggle/input/datasets/tawsifurrahman/covid19-radiography-database/COVID-19_Radiography_Dataset/Lung_Opacity/images/Lung_Opacity-5436.png,Lung_Opacity,Lung_Opacity,0.0009635663009248674,0.9909406900405884,0.006909492891281843,0.0011862698011100292,0.12996265292167664,0.18200147151947021,0.18200139701366425
/kaggle/input/datasets/tawsifurrahman/covid19-radiography-database/COVID-19_Radiography_Dataset/Lung_Opacity/images/Lung_Opacity-5439.png,Lung_Opacity,Lung_Opacity,8.704301762918476e-06,0.9999066591262817,8.460077515337616e-05,1.1963479984444803e-08,0.2106984257698059,,
/kaggle/input/datasets/tawsifurrahman/covid19-radiography-database/COVID-19_Radiography_Dataset/Lung_Opacity/images/Lung_Opacity-5443.png,Lung_Opacity,Lung_Opacity,3.947179720853455e-06,0.9998134970664978,0.00018184796499554068,7.000313075877784e-07,0.21498334407806396,,
/kaggle/input/datasets/tawsifurrahman/covid19-radiography-database/COVID-19_Radiography_Dataset/Lung_Opacity/images/Lung_Opacity-5447.png,Lung_Opacity,Lung_Opacity,0.0015770751051604748,0.9909630417823792,0.007455869577825069,4.0434347283735406e-06,0.2172553986310959,,
/kaggle/input/datasets/tawsifurrahman/covid19-radiography-database/COVID-19_Radiography_Dataset/Lung_Opacity/images/Lung_Opacity-5449.png,Lung_Opacity,Lung_Opacity,2.766726174741052e-05,0.998306155204773,0.0016660925466567278,1.6182615070192696e-07,0.17948831617832184,0.1421850323677063,0.1421850323677063
/kaggle/input/datasets/tawsifurrahman/covid19-radiography-database/COVID-19_Radiography_Dataset/Lung_Opacity/images/Lung_Opacity-545.png,Lung_Opacity,Lung_Opacity,0.11217954754829407,0.6241998076438904,0.26305559277534485,0.0005650490638799965,0.2643781900405884,0.3268379867076874,0.32683661580085754
/kaggle/input/datasets/tawsifurrahman/covid19-radiography-database/COVID-19_Radiography_Dataset/Lung_Opacity/images/Lung_Opacity-546.png,Lung_Opacity,COVID,0.6117822527885437,0.3033824861049652,0.08466626703739166,0.00016897663590498269,0.22914500534534454,,
/kaggle/input/datasets/tawsifurrahman/covid19-radiography-database/COVID-19_Radiography_Dataset/Lung_Opacity/images/Lung_Opacity-5475.png,Lung_Opacity,Lung_Opacity,0.00028142088558524847,0.970621645450592,0.029091717675328255,5.26465873917914e-06,0.29858916997909546,,
/kaggle/input/datasets/tawsifurrahman/covid19-radiography-database/COVID-19_Radiography_Dataset/Lung_Opacity/images/Lung_Opacity-5487.png,Lung_Opacity,Lung_Opacity,1.1658317816909403e-05,0.8810535669326782,0.11792242527008057,0.0010123389074578881,0.11073076725006104,,
/kaggle/input/datasets/tawsifurrahman/covid19-radiography-database/COVID-19_Radiography_Dataset/Lung_Opacity/images/Lung_Opacity-549.png,Lung_Opacity,Normal,0.024597572162747383,0.161256805062294,0.8125277757644653,0.0016178602818399668,0.07113011181354523,,
/kaggle/input/datasets/tawsifurrahman/covid19-radiography-database/COVID-19_Radiography_Dataset/Lung_Opacity/images/Lung_Opacity-5490.png,Lung_Opacity,Lung_Opacity,0.000569727853871882,0.9741023182868958,0.025326957926154137,9.626002110962872e-07,0.14762182533740997,,
/kaggle/input/datasets/tawsifurrahman/covid19-radiography-database/COVID-19_Radiography_Dataset/Lung_Opacity/images/Lung_Opacity-5494.png,Lung_Opacity,Lung_Opacity,0.0015735257184132934,0.9593240022659302,0.03867249935865402,0.0004300078144297004,0.18477091193199158,,
/kaggle/input/datasets/tawsifurrahman/covid19-radiography-database/COVID-19_Radiography_Dataset/Lung_Opacity/images/Lung_Opacity-5498.png,Lung_Opacity,Lung_Opacity,4.687674845627043e-06,0.9712177515029907,0.028775695711374283,1.8637823586686864e-06,0.14941467344760895,,
/kaggle/input/datasets/tawsifurrahman/covid19-radiography-database/COVID-19_Radiography_Dataset/Lung_Opacity/images/Lung_Opacity-550.png,Lung_Opacity,Lung_Opacity,6.594241131097078e-05,0.9236336350440979,0.076299749314785,6.31821592378401e-07,0.1966877579689026,,
/kaggle/input/datasets/tawsifurrahman/covid19-radiography-database/COVID-19_Radiography_Dataset/Lung_Opacity/images/Lung_Opacity-5503.png,Lung_Opacity,Lung_Opacity,4.885107045993209e-05,0.9997794032096863,0.00017157933325506747,1.11568368765802e-07,0.22941257059574127,,
/kaggle/input/datasets/tawsifurrahman/covid19-radiography-database/COVID-19_Radiography_Dataset/Lung_Opacity/images/Lung_Opacity-5506.png,Lung_Opacity,COVID,0.6426023244857788,0.019517986103892326,0.33773183822631836,0.00014785949315410107,0.25582027435302734,,
/kaggle/input/datasets/tawsifurrahman/covid19-radiography-database/COVID-19_Radiography_Dataset/Lung_Opacity/images/Lung_Opacity-5520.png,Lung_Opacity,Lung_Opacity,4.832278864341788e-05,0.9354405403137207,0.0644872859120369,2.383025457675103e-05,0.2349729835987091,,
/kaggle/input/datasets/tawsifurrahman/covid19-radiography-database/COVID-19_Radiography_Dataset/Lung_Opacity/images/Lung_Opacity-5524.png,Lung_Opacity,Normal,0.10322093963623047,0.4039623737335205,0.49095767736434937,0.001858975156210363,0.3120421767234802,0.5731974840164185,0.5731974244117737
/kaggle/input/datasets/tawsifurrahman/covid19-radiography-database/COVID-19_Radiography_Dataset/Lung_Opacity/images/Lung_Opacity-5534.png,Lung_Opacity,Lung_Opacity,0.0005305224913172424,0.9789499044418335,0.02051880955696106,8.666606277074607e-07,0.2866116464138031,,
/kaggle/input/datasets/tawsifurrahman/covid19-radiography-database/COVID-19_Radiography_Dataset/Lung_Opacity/images/Lung_Opacity-5535.png,Lung_Opacity,Lung_Opacity,0.029653457924723625,0.9702202677726746,0.00012027372576994821,5.957715529802954e-06,0.29309266805648804,0.3512018918991089,0.3512011766433716
/kaggle/input/datasets/tawsifurrahman/covid19-radiography-database/COVID-19_Radiography_Dataset/Lung_Opacity/images/Lung_Opacity-5536.png,Lung_Opacity,Lung_Opacity,3.6213832572684623e-06,0.9388664364814758,0.06112994626164436,1.4681933890869914e-08,0.1514270007610321,,
/kaggle/input/datasets/tawsifurrahman/covid19-radiography-database/COVID-19_Radiography_Dataset/Lung_Opacity/images/Lung_Opacity-5537.png,Lung_Opacity,Lung_Opacity,0.0016966640250757337,0.9980529546737671,0.00021976404241286218,3.0560589948436245e-05,0.22630369663238525,0.3050922751426697,0.3050922155380249
/kaggle/input/datasets/tawsifurrahman/covid19-radiography-database/COVID-19_Radiography_Dataset/Lung_Opacity/images/Lung_Opacity-5541.png,Lung_Opacity,Lung_Opacity,1.0794762417276615e-08,0.9997817873954773,0.00021803694835398346,7.558822545661315e-08,0.11914075165987015,,
/kaggle/input/datasets/tawsifurrahman/covid19-radiography-database/COVID-19_Radiography_Dataset/Lung_Opacity/images/Lung_Opacity-5543.png,Lung_Opacity,Lung_Opacity,0.0002740856143645942,0.8828380703926086,0.11688712984323502,7.514968274335843e-07,0.25932782888412476,,
/kaggle/input/datasets/tawsifurrahman/covid19-radiography-database/COVID-19_Radiography_Dataset/Lung_Opacity/images/Lung_Opacity-5550.png,Lung_Opacity,Lung_Opacity,2.024218520091381e-05,0.9983870983123779,0.0015924619510769844,2.1502715696897212e-07,0.14875657856464386,,
/kaggle/input/datasets/tawsifurrahman/covid19-radiography-database/COVID-19_Radiography_Dataset/Lung_Opacity/images/Lung_Opacity-5552.png,Lung_Opacity,Lung_Opacity,0.0017327254172414541,0.9971080422401428,0.001157833612523973,1.3761374475507182e-06,0.21723590791225433,,
/kaggle/input/datasets/tawsifurrahman/covid19-radiography-database/COVID-19_Radiography_Dataset/Lung_Opacity/images/Lung_Opacity-5553.png,Lung_Opacity,Lung_Opacity,0.0009725764975883067,0.8059053421020508,0.19072917103767395,0.002392957918345928,0.17785567045211792,0.3668473958969116,0.3668464124202728
/kaggle/input/datasets/tawsifurrahman/covid19-radiography-database/COVID-19_Radiography_Dataset/Lung_Opacity/images/Lung_Opacity-5554.png,Lung_Opacity,Lung_Opacity,4.0513414205634035e-06,0.9997486472129822,0.00024715616018511355,1.5345740678185393e-07,0.17283211648464203,,
/kaggle/input/datasets/tawsifurrahman/covid19-radiography-database/COVID-19_Radiography_Dataset/Lung_Opacity/images/Lung_Opacity-5571.png,Lung_Opacity,Normal,0.0005382206290960312,0.02509922906756401,0.9743622541427612,2.5702976813590794e-07,0.29390594363212585,,
/kaggle/input/datasets/tawsifurrahman/covid19-radiography-database/COVID-19_Radiography_Dataset/Lung_Opacity/images/Lung_Opacity-5574.png,Lung_Opacity,Lung_Opacity,0.0004036601458210498,0.999306321144104,0.00028990188729949296,6.136853158977829e-08,0.1456872671842575,,
/kaggle/input/datasets/tawsifurrahman/covid19-radiography-database/COVID-19_Radiography_Dataset/Lung_Opacity/images/Lung_Opacity-5576.png,Lung_Opacity,Lung_Opacity,0.004048685077577829,0.9838460683822632,0.011554934084415436,0.0005503378924913704,0.09558361768722534,,
/kaggle/input/datasets/tawsifurrahman/covid19-radiography-database/COVID-19_Radiography_Dataset/Lung_Opacity/images/Lung_Opacity-5578.png,Lung_Opacity,Lung_Opacity,9.509755909675732e-05,0.7405104637145996,0.24431243538856506,0.015081962570548058,0.19184496998786926,0.15687288343906403,0.15687288343906403
/kaggle/input/datasets/tawsifurrahman/covid19-radiography-database/COVID-19_Radiography_Dataset/Lung_Opacity/images/Lung_Opacity-5582.png,Lung_Opacity,Normal,0.0678839161992073,0.2834005355834961,0.6487154364585876,1.2963113249497837e-07,0.27772560715675354,0.4230339229106903,0.42303362488746643
/kaggle/input/datasets/tawsifurrahman/covid19-radiography-database/COVID-19_Radiography_Dataset/Lung_Opacity/images/Lung_Opacity-5589.png,Lung_Opacity,Normal,0.0066826180554926395,0.08132258802652359,0.9119824767112732,1.2392275493766647e-05,0.18389452993869781,,
/kaggle/input/datasets/tawsifurrahman/covid19-radiography-database/COVID-19_Radiography_Dataset/Lung_Opacity/images/Lung_Opacity-5591.png,Lung_Opacity,Lung_Opacity,0.02227567695081234,0.9583514332771301,0.009755481034517288,0.009617440402507782,0.2533682882785797,,
/kaggle/input/datasets/tawsifurrahman/covid19-radiography-database/COVID-19_Radiography_Dataset/Lung_Opacity/images/Lung_Opacity-5594.png,Lung_Opacity,Lung_Opacity,0.002827154705300927,0.990344226360321,0.006814726162701845,1.385565337841399e-05,0.3003854751586914,0.3470538556575775,0.34705349802970886
/kaggle/input/datasets/tawsifurrahman/covid19-radiography-database/COVID-19_Radiography_Dataset/Lung_Opacity/images/Lung_Opacity-5596.png,Lung_Opacity,COVID,0.7875058054924011,0.1760181486606598,0.03647240623831749,3.625394128903281e-06,0.24089238047599792,,
/kaggle/input/datasets/tawsifurrahman/covid19-radiography-database/COVID-19_Radiography_Dataset/Lung_Opacity/images/Lung_Opacity-5604.png,Lung_Opacity,Lung_Opacity,0.02227506972849369,0.9759189486503601,0.0018029302591457963,3.03265915135853e-06,0.23598957061767578,,
/kaggle/input/datasets/tawsifurrahman/covid19-radiography-database/COVID-19_Radiography_Dataset/Lung_Opacity/images/Lung_Opacity-5606.png,Lung_Opacity,Lung_Opacity,2.3871010057519015e-07,0.9997133612632751,0.00028635995113290846,5.3144209033462175e-09,0.2008533775806427,0.339773565530777,0.33977338671684265
/kaggle/input/datasets/tawsifurrahman/covid19-radiography-database/COVID-19_Radiography_Dataset/Lung_Opacity/images/Lung_Opacity-5613.png,Lung_Opacity,Lung_Opacity,0.027115851640701294,0.8309990763664246,0.14175087213516235,0.00013422717165667564,0.2692731022834778,,
/kaggle/input/datasets/tawsifurrahman/covid19-radiography-database/COVID-19_Radiography_Dataset/Lung_Opacity/images/Lung_Opacity-5617.png,Lung_Opacity,Lung_Opacity,0.004570635035634041,0.935824990272522,0.059602171182632446,2.180097226300859e-06,0.2553420066833496,,
/kaggle/input/datasets/tawsifurrahman/covid19-radiography-database/COVID-19_Radiography_Dataset/Lung_Opacity/images/Lung_Opacity-5633.png,Lung_Opacity,Lung_Opacity,0.0007312544621527195,0.9617224931716919,0.03754246234893799,3.7499751215364086e-06,0.20344406366348267,,
/kaggle/input/datasets/tawsifurrahman/covid19-radiography-database/COVID-19_Radiography_Dataset/Lung_Opacity/images/Lung_Opacity-5642.png,Lung_Opacity,Lung_Opacity,0.0006032936507835984,0.9862852096557617,0.013111328706145287,2.267276784095884e-07,0.25219348073005676,,
/kaggle/input/datasets/tawsifurrahman/covid19-radiography-database/COVID-19_Radiography_Dataset/Lung_Opacity/images/Lung_Opacity-5649.png,Lung_Opacity,Lung_Opacity,0.026399049907922745,0.9529065489768982,0.02049230970442295,0.00020206185581628233,0.1724538505077362,,
/kaggle/input/datasets/tawsifurrahman/covid19-radiography-database/COVID-19_Radiography_Dataset/Lung_Opacity/images/Lung_Opacity-5650.png,Lung_Opacity,Lung_Opacity,1.4747844545581756e-07,0.995964527130127,0.004035044927150011,2.457562970903382e-07,0.24344316124916077,,
/kaggle/input/datasets/tawsifurrahman/covid19-radiography-database/COVID-19_Radiography_Dataset/Lung_Opacity/images/Lung_Opacity-5654.png,Lung_Opacity,Lung_Opacity,0.0475652739405632,0.9172049760818481,0.03522839397192001,1.3495545090336236e-06,0.18672296404838562,,
/kaggle/input/datasets/tawsifurrahman/covid19-radiography-database/COVID-19_Radiography_Dataset/Lung_Opacity/images/Lung_Opacity-566.png,Lung_Opacity,Lung_Opacity,3.6104263472225284e-06,0.9757998585700989,0.024185506626963615,1.1007088687620126e-05,0.13249368965625763,,
/kaggle/input/datasets/tawsifurrahman/covid19-radiography-database/COVID-19_Radiography_Dataset/Lung_Opacity/images/Lung_Opacity-5665.png,Lung_Opacity,Lung_Opacity,1.8190579567090026e-06,0.9993763566017151,0.0006218440248630941,8.637669246525093e-09,0.14989283680915833,,
/kaggle/input/datasets/tawsifurrahman/covid19-radiography-database/COVID-19_Radiography_Dataset/Lung_Opacity/images/Lung_Opacity-5679.png,Lung_Opacity,Lung_Opacity,1.5779225577716716e-05,0.9999445676803589,3.454272518865764e-05,5.157992291060509e-06,0.24153092503547668,,
/kaggle/input/datasets/tawsifurrahman/covid19-radiography-database/COVID-19_Radiography_Dataset/Lung_Opacity/images/Lung_Opacity-5685.png,Lung_Opacity,Lung_Opacity,0.000816298765130341,0.9891831874847412,0.009897436946630478,0.00010303470480721444,0.2700701355934143,,
/kaggle/input/datasets/tawsifurrahman/covid19-radiography-database/COVID-19_Radiography_Dataset/Lung_Opacity/images/Lung_Opacity-5686.png,Lung_Opacity,COVID,0.8507623076438904,0.061106640845537186,0.08812762796878815,3.404032213438768e-06,0.16075435280799866,,
/kaggle/input/datasets/tawsifurrahman/covid19-radiography-database/COVID-19_Radiography_Dataset/Lung_Opacity/images/Lung_Opacity-5688.png,Lung_Opacity,Lung_Opacity,0.002068884903565049,0.9773610830307007,0.0205684807151556,1.5426999198098201e-06,0.22024501860141754,,
/kaggle/input/datasets/tawsifurrahman/covid19-radiography-database/COVID-19_Radiography_Dataset/Lung_Opacity/images/Lung_Opacity-5697.png,Lung_Opacity,Lung_Opacity,9.505447087576613e-05,0.975293755531311,0.024283140897750854,0.00032802330679260194,0.1265754997730255,0.24416306614875793,0.24416273832321167
/kaggle/input/datasets/tawsifurrahman/covid19-radiography-database/COVID-19_Radiography_Dataset/Lung_Opacity/images/Lung_Opacity-5698.png,Lung_Opacity,Lung_Opacity,9.720848174765706e-05,0.9983920454978943,0.001510371919721365,3.4760219591589703e-07,0.1745859980583191,,
/kaggle/input/datasets/tawsifurrahman/covid19-radiography-database/COVID-19_Radiography_Dataset/Lung_Opacity/images/Lung_Opacity-570.png,Lung_Opacity,Lung_Opacity,4.780059043696383e-06,0.9868963360786438,0.013098619878292084,2.0470220363222325e-07,0.14783960580825806,0.15936052799224854,0.15936051309108734
/kaggle/input/datasets/tawsifurrahman/covid19-radiography-database/COVID-19_Radiography_Dataset/Lung_Opacity/images/Lung_Opacity-5705.png,Lung_Opacity,Lung_Opacity,0.11719894409179688,0.8671912550926208,0.013890303671360016,0.0017194923711940646,0.21392807364463806,,
/kaggle/input/datasets/tawsifurrahman/covid19-radiography-database/COVID-19_Radiography_Dataset/Lung_Opacity/images/Lung_Opacity-5706.png,Lung_Opacity,Lung_Opacity,0.045482560992240906,0.6330564618110657,0.3210286796092987,0.0004322791937738657,0.23794251680374146,,
/kaggle/input/datasets/tawsifurrahman/covid19-radiography-database/COVID-19_Radiography_Dataset/Lung_Opacity/images/Lung_Opacity-5707.png,Lung_Opacity,Lung_Opacity,0.006498012226074934,0.9891363382339478,0.004353480413556099,1.2174445146229118e-05,0.16185033321380615,0.3261086344718933,0.3261086046695709
/kaggle/input/datasets/tawsifurrahman/covid19-radiography-database/COVID-19_Radiography_Dataset/Lung_Opacity/images/Lung_Opacity-5714.png,Lung_Opacity,Lung_Opacity,1.2641757507481088e-07,0.9824407696723938,0.017559105530381203,1.7529796503268358e-09,0.18172045052051544,0.23294205963611603,0.23294205963611603
/kaggle/input/datasets/tawsifurrahman/covid19-radiography-database/COVID-19_Radiography_Dataset/Lung_Opacity/images/Lung_Opacity-5716.png,Lung_Opacity,Lung_Opacity,1.9609900846262462e-05,0.9223487377166748,0.0775260254740715,0.00010552827006904408,0.08322885632514954,,
/kaggle/input/datasets/tawsifurrahman/covid19-radiography-database/COVID-19_Radiography_Dataset/Lung_Opacity/images/Lung_Opacity-5725.png,Lung_Opacity,Lung_Opacity,0.0020590312778949738,0.9966307282447815,0.0013088543200865388,1.4005011053086491e-06,0.1774754524230957,0.28685232996940613,0.28685224056243896
/kaggle/input/datasets/tawsifurrahman/covid19-radiography-database/COVID-19_Radiography_Dataset/Lung_Opacity/images/Lung_Opacity-5727.png,Lung_Opacity,Lung_Opacity,0.0003625599783845246,0.9950140118598938,0.0046225739642977715,8.336731980307377e-07,0.20856796205043793,,
/kaggle/input/datasets/tawsifurrahman/covid19-radiography-database/COVID-19_Radiography_Dataset/Lung_Opacity/images/Lung_Opacity-5730.png,Lung_Opacity,Lung_Opacity,4.1845105442916974e-05,0.9997689127922058,0.00018925077165476978,4.184081348057589e-08,0.23584996163845062,,
/kaggle/input/datasets/tawsifurrahman/covid19-radiography-database/COVID-19_Radiography_Dataset/Lung_Opacity/images/Lung_Opacity-5731.png,Lung_Opacity,Lung_Opacity,0.004373930860310793,0.9925448298454285,0.003072992665693164,8.207320206565782e-06,0.1995602399110794,,
/kaggle/input/datasets/tawsifurrahman/covid19-radiography-database/COVID-19_Radiography_Dataset/Lung_Opacity/images/Lung_Opacity-5748.png,Lung_Opacity,Lung_Opacity,0.0037967453245073557,0.9825025796890259,0.013683563098311424,1.7116142771556042e-05,0.20737028121948242,0.3375656008720398,0.33756548166275024
/kaggle/input/datasets/tawsifurrahman/covid19-radiography-database/COVID-19_Radiography_Dataset/Lung_Opacity/images/Lung_Opacity-5757.png,Lung_Opacity,Lung_Opacity,0.005558494012802839,0.9016786813735962,0.09276261925697327,1.6629232391096593e-07,0.3016985058784485,0.2399848848581314,0.23998476564884186
/kaggle/input/datasets/tawsifurrahman/covid19-radiography-database/COVID-19_Radiography_Dataset/Lung_Opacity/images/Lung_Opacity-5758.png,Lung_Opacity,Lung_Opacity,0.28392210602760315,0.7136946320533752,0.002126138424500823,0.0002571474469732493,0.2332039475440979,,
/kaggle/input/datasets/tawsifurrahman/covid19-radiography-database/COVID-19_Radiography_Dataset/Lung_Opacity/images/Lung_Opacity-5760.png,Lung_Opacity,Lung_Opacity,7.904984522610903e-05,0.9514540433883667,0.048433881253004074,3.296633076388389e-05,0.2644096910953522,0.30568403005599976,0.3056839108467102
/kaggle/input/datasets/tawsifurrahman/covid19-radiography-database/COVID-19_Radiography_Dataset/Lung_Opacity/images/Lung_Opacity-5766.png,Lung_Opacity,Lung_Opacity,2.012340246437816e-06,0.9988940358161926,0.0011039951350539923,2.552399891442292e-08,0.14532850682735443,,
/kaggle/input/datasets/tawsifurrahman/covid19-radiography-database/COVID-19_Radiography_Dataset/Lung_Opacity/images/Lung_Opacity-5782.png,Lung_Opacity,Lung_Opacity,0.0002500309783499688,0.9990645051002502,0.0006846404867246747,8.593781899435271e-07,0.2592284381389618,0.21487946808338165,0.21487945318222046
/kaggle/input/datasets/tawsifurrahman/covid19-radiography-database/COVID-19_Radiography_Dataset/Lung_Opacity/images/Lung_Opacity-5795.png,Lung_Opacity,Normal,0.0010991350281983614,0.24615751206874847,0.7496426105499268,0.0031007893849164248,0.11156751215457916,,
/kaggle/input/datasets/tawsifurrahman/covid19-radiography-database/COVID-19_Radiography_Dataset/Lung_Opacity/images/Lung_Opacity-5796.png,Lung_Opacity,Lung_Opacity,2.0571762433974072e-05,0.999811589717865,0.0001679211127338931,4.030106470764849e-09,0.1765786111354828,0.15737807750701904,0.15737807750701904
/kaggle/input/datasets/tawsifurrahman/covid19-radiography-database/COVID-19_Radiography_Dataset/Lung_Opacity/images/Lung_Opacity-5797.png,Lung_Opacity,Lung_Opacity,0.030877774581313133,0.9248530864715576,0.044254153966903687,1.4957334315113258e-05,0.25400644540786743,0.468224436044693,0.46822410821914673
/kaggle/input/datasets/tawsifurrahman/covid19-radiography-database/COVID-19_Radiography_Dataset/Lung_Opacity/images/Lung_Opacity-5799.png,Lung_Opacity,Lung_Opacity,0.0017705864738672972,0.9880055785179138,0.010219179093837738,4.694914423453156e-06,0.3238001763820648,0.3124234080314636,0.31242331862449646
/kaggle/input/datasets/tawsifurrahman/covid19-radiography-database/COVID-19_Radiography_Dataset/Lung_Opacity/images/Lung_Opacity-5806.png,Lung_Opacity,Lung_Opacity,0.021173717454075813,0.9778240919113159,0.0009969096863642335,5.252828486845829e-06,0.18720154464244843,,
/kaggle/input/datasets/tawsifurrahman/covid19-radiography-database/COVID-19_Radiography_Dataset/Lung_Opacity/images/Lung_Opacity-5825.png,Lung_Opacity,Lung_Opacity,4.3241823732387275e-05,0.9964584708213806,0.003495130455121398,3.1130696243053535e-06,0.17542286217212677,,
/kaggle/input/datasets/tawsifurrahman/covid19-radiography-database/COVID-19_Radiography_Dataset/Lung_Opacity/images/Lung_Opacity-5829.png,Lung_Opacity,Lung_Opacity,1.6972998082565027e-06,0.9999459981918335,5.224534834269434e-05,1.3238995677511411e-08,0.210738405585289,,
/kaggle/input/datasets/tawsifurrahman/covid19-radiography-database/COVID-19_Radiography_Dataset/Lung_Opacity/images/Lung_Opacity-5864.png,Lung_Opacity,Lung_Opacity,0.004860145505517721,0.9907644987106323,0.004366930574178696,8.368919225176796e-06,0.2171756774187088,,
/kaggle/input/datasets/tawsifurrahman/covid19-radiography-database/COVID-19_Radiography_Dataset/Lung_Opacity/images/Lung_Opacity-5877.png,Lung_Opacity,Lung_Opacity,0.02955259568989277,0.7976179718971252,0.1723332703113556,0.0004961742670275271,0.19405816495418549,,
/kaggle/input/datasets/tawsifurrahman/covid19-radiography-database/COVID-19_Radiography_Dataset/Lung_Opacity/images/Lung_Opacity-5880.png,Lung_Opacity,Lung_Opacity,0.0012673812452703714,0.9613124132156372,0.037419602274894714,5.555467055273766e-07,0.23126602172851562,,
/kaggle/input/datasets/tawsifurrahman/covid19-radiography-database/COVID-19_Radiography_Dataset/Lung_Opacity/images/Lung_Opacity-5893.png,Lung_Opacity,Lung_Opacity,0.0002614644472487271,0.9913609623908997,0.007342878263443708,0.0010347007773816586,0.24007512629032135,,
/kaggle/input/datasets/tawsifurrahman/covid19-radiography-database/COVID-19_Radiography_Dataset/Lung_Opacity/images/Lung_Opacity-590.png,Lung_Opacity,Lung_Opacity,8.381000952795148e-06,0.9272416830062866,0.07274986058473587,7.911524591008856e-08,0.21072007715702057,,
/kaggle/input/datasets/tawsifurrahman/covid19-radiography-database/COVID-19_Radiography_Dataset/Lung_Opacity/images/Lung_Opacity-5909.png,Lung_Opacity,Lung_Opacity,0.06985471397638321,0.8679040670394897,0.06188780814409256,0.0003534007119014859,0.20595556497573853,,
/kaggle/input/datasets/tawsifurrahman/covid19-radiography-database/COVID-19_Radiography_Dataset/Lung_Opacity/images/Lung_Opacity-5913.png,Lung_Opacity,Lung_Opacity,0.001236833049915731,0.9966508746147156,0.0021123166661709547,4.9201243079721735e-09,0.14584702253341675,0.20541240274906158,0.20541229844093323
/kaggle/input/datasets/tawsifurrahman/covid19-radiography-database/COVID-19_Radiography_Dataset/Lung_Opacity/images/Lung_Opacity-5918.png,Lung_Opacity,Lung_Opacity,0.0004368819354567677,0.9962964653968811,0.0031875905115157366,7.912501314422116e-05,0.11680933088064194,,
/kaggle/input/datasets/tawsifurrahman/covid19-radiography-database/COVID-19_Radiography_Dataset/Lung_Opacity/images/Lung_Opacity-5919.png,Lung_Opacity,Lung_Opacity,0.12464176118373871,0.8752610683441162,9.000141290016472e-05,7.151827958296053e-06,0.25536179542541504,0.36901652812957764,0.3690163493156433
/kaggle/input/datasets/tawsifurrahman/covid19-radiography-database/COVID-19_Radiography_Dataset/Lung_Opacity/images/Lung_Opacity-592.png,Lung_Opacity,Lung_Opacity,0.0021910162176936865,0.9965464472770691,0.0012599611654877663,2.6071304546348983e-06,0.17524373531341553,0.2161441445350647,0.21614408493041992
/kaggle/input/datasets/tawsifurrahman/covid19-radiography-database/COVID-19_Radiography_Dataset/Lung_Opacity/images/Lung_Opacity-5921.png,Lung_Opacity,Lung_Opacity,0.0035496107302606106,0.9910277724266052,0.005419547203928232,3.087007826252375e-06,0.1460064947605133,,
/kaggle/input/datasets/tawsifurrahman/covid19-radiography-database/COVID-19_Radiography_Dataset/Lung_Opacity/images/Lung_Opacity-5925.png,Lung_Opacity,Lung_Opacity,0.03658723458647728,0.9568374156951904,0.006397857330739498,0.00017747179663274437,0.20135149359703064,,
/kaggle/input/datasets/tawsifurrahman/covid19-radiography-database/COVID-19_Radiography_Dataset/Lung_Opacity/images/Lung_Opacity-5927.png,Lung_Opacity,Lung_Opacity,0.00022042797354515642,0.996131181716919,0.0036480077542364597,3.9362649317808973e-07,0.24673165380954742,0.0995587632060051,0.0995587483048439
/kaggle/input/datasets/tawsifurrahman/covid19-radiography-database/COVID-19_Radiography_Dataset/Lung_Opacity/images/Lung_Opacity-5958.png,Lung_Opacity,Lung_Opacity,0.0021741322707384825,0.6807304620742798,0.31641048192977905,0.0006848959601484239,0.2930692732334137,0.5344847440719604,0.534483790397644
/kaggle/input/datasets/tawsifurrahman/covid19-radiography-database/COVID-19_Radiography_Dataset/Lung_Opacity/images/Lung_Opacity-5962.png,Lung_Opacity,Lung_Opacity,0.00027879959088750184,0.9275120496749878,0.07217755168676376,3.160603591823019e-05,0.30100181698799133,0.18519249558448792,0.18519264459609985
/kaggle/input/datasets/tawsifurrahman/covid19-radiography-database/COVID-19_Radiography_Dataset/Lung_Opacity/images/Lung_Opacity-5964.png,Lung_Opacity,Lung_Opacity,8.871648606145754e-05,0.9996547698974609,0.00025637325597926974,9.23866991797695e-08,0.2605235278606415,,
/kaggle/input/datasets/tawsifurrahman/covid19-radiography-database/COVID-19_Radiography_Dataset/Lung_Opacity/images/Lung_Opacity-5968.png,Lung_Opacity,Lung_Opacity,1.8935361367766745e-06,0.9999794960021973,1.799941310309805e-05,5.891960768167337e-07,0.1676100641489029,0.21889501810073853,0.21889492869377136
/kaggle/input/datasets/tawsifurrahman/covid19-radiography-database/COVID-19_Radiography_Dataset/Lung_Opacity/images/Lung_Opacity-5970.png,Lung_Opacity,Lung_Opacity,0.0003532016125973314,0.8717477321624756,0.12780871987342834,9.02683605090715e-05,0.2471303641796112,0.2764766216278076,0.27647656202316284
/kaggle/input/datasets/tawsifurrahman/covid19-radiography-database/COVID-19_Radiography_Dataset/Lung_Opacity/images/Lung_Opacity-5977.png,Lung_Opacity,Lung_Opacity,0.00021543240291066468,0.9993556141853333,0.00042685630614869297,2.0850593500654213e-06,0.2537868022918701,0.291984885931015,0.291984885931015
/kaggle/input/datasets/tawsifurrahman/covid19-radiography-database/COVID-19_Radiography_Dataset/Lung_Opacity/images/Lung_Opacity-5986.png,Lung_Opacity,Lung_Opacity,0.00022597657516598701,0.9989376664161682,0.0007263746811076999,0.00011001608800143003,0.24443991482257843,0.2502228915691376,0.25022274255752563
/kaggle/input/datasets/tawsifurrahman/covid19-radiography-database/COVID-19_Radiography_Dataset/Lung_Opacity/images/Lung_Opacity-599.png,Lung_Opacity,Lung_Opacity,0.37517812848091125,0.5614755153656006,0.06330113112926483,4.526972770690918e-05,0.1894734650850296,,
/kaggle/input/datasets/tawsifurrahman/covid19-radiography-database/COVID-19_Radiography_Dataset/Lung_Opacity/images/Lung_Opacity-5997.png,Lung_Opacity,Lung_Opacity,6.774748180760071e-05,0.992279052734375,0.007631916552782059,2.1253097656881437e-05,0.2060747742652893,,
/kaggle/input/datasets/tawsifurrahman/covid19-radiography-database/COVID-19_Radiography_Dataset/Lung_Opacity/images/Lung_Opacity-5998.png,Lung_Opacity,Lung_Opacity,0.0009659530478529632,0.9800246357917786,0.019009359180927277,6.476975755731473e-08,0.1830558180809021,0.1761208474636078,0.1761208176612854
/kaggle/input/datasets/tawsifurrahman/covid19-radiography-database/COVID-19_Radiography_Dataset/Lung_Opacity/images/Lung_Opacity-6000.png,Lung_Opacity,Lung_Opacity,0.03452526032924652,0.9140392541885376,0.05116065964102745,0.0002747616090346128,0.1810237616300583,,
/kaggle/input/datasets/tawsifurrahman/covid19-radiography-database/COVID-19_Radiography_Dataset/Lung_Opacity/images/Lung_Opacity-6001.png,Lung_Opacity,Lung_Opacity,0.0032984500285238028,0.9966025352478027,9.146873344434425e-05,7.478225597878918e-06,0.2719639539718628,0.31173595786094666,0.31173577904701233
/kaggle/input/datasets/tawsifurrahman/covid19-radiography-database/COVID-19_Radiography_Dataset/Lung_Opacity/images/Lung_Opacity-6003.png,Lung_Opacity,Lung_Opacity,8.510140469297767e-05,0.9976270794868469,0.0022747323382645845,1.3098978342895862e-05,0.20725072920322418,0.332346647977829,0.3323465585708618
/kaggle/input/datasets/tawsifurrahman/covid19-radiography-database/COVID-19_Radiography_Dataset/Lung_Opacity/images/Lung_Opacity-6012.png,Lung_Opacity,Lung_Opacity,0.0034585262183099985,0.9471326470375061,0.04916367307305336,0.0002451081818435341,0.3003428876399994,,
/kaggle/input/datasets/tawsifurrahman/covid19-radiography-database/COVID-19_Radiography_Dataset/Lung_Opacity/images/Lung_Opacity-604.png,Lung_Opacity,Normal,0.00031432349351234734,0.04212199151515961,0.9575635194778442,7.351312802938992e-08,0.2501011788845062,,
/kaggle/input/datasets/tawsifurrahman/covid19-radiography-database/COVID-19_Radiography_Dataset/Lung_Opacity/images/Lung_Opacity-61.png,Lung_Opacity,Lung_Opacity,0.0006021855515427887,0.6360335350036621,0.3633461594581604,1.817638985812664e-05,0.2091440111398697,,
/kaggle/input/datasets/tawsifurrahman/covid19-radiography-database/COVID-19_Radiography_Dataset/Lung_Opacity/images/Lung_Opacity-619.png,Lung_Opacity,Lung_Opacity,0.00165354716591537,0.9501569867134094,0.04818624630570412,3.273334641562542e-06,0.2455364465713501,,
/kaggle/input/datasets/tawsifurrahman/covid19-radiography-database/COVID-19_Radiography_Dataset/Lung_Opacity/images/Lung_Opacity-627.png,Lung_Opacity,Lung_Opacity,0.002057099947705865,0.8376012444496155,0.16029998660087585,4.170406828052364e-05,0.2733783423900604,0.19941768050193787,0.19941768050193787
/kaggle/input/datasets/tawsifurrahman/covid19-radiography-database/COVID-19_Radiography_Dataset/Lung_Opacity/images/Lung_Opacity-628.png,Lung_Opacity,Lung_Opacity,1.4451289644057397e-05,0.9997395873069763,0.00024593720445409417,1.3633412176972115e-09,0.22789807617664337,,
/kaggle/input/datasets/tawsifurrahman/covid19-radiography-database/COVID-19_Radiography_Dataset/Lung_Opacity/images/Lung_Opacity-629.png,Lung_Opacity,COVID,0.5000563263893127,0.05490348860621452,0.44473809003829956,0.00030209150281734765,0.22610464692115784,,
/kaggle/input/datasets/tawsifurrahman/covid19-radiography-database/COVID-19_Radiography_Dataset/Lung_Opacity/images/Lung_Opacity-630.png,Lung_Opacity,Lung_Opacity,0.010751117020845413,0.8242856860160828,0.16495612263679504,7.047164217510726e-06,0.22634351253509521,,
/kaggle/input/datasets/tawsifurrahman/covid19-radiography-database/COVID-19_Radiography_Dataset/Lung_Opacity/images/Lung_Opacity-633.png,Lung_Opacity,Normal,0.14325308799743652,0.02234351821243763,0.833967387676239,0.00043604575330391526,0.23116697371006012,,
/kaggle/input/datasets/tawsifurrahman/covid19-radiography-database/COVID-19_Radiography_Dataset/Lung_Opacity/images/Lung_Opacity-644.png,Lung_Opacity,Lung_Opacity,0.02618023194372654,0.8625580072402954,0.11118878424167633,7.287299376912415e-05,0.2727801203727722,0.23804636299610138,0.2380463182926178
/kaggle/input/datasets/tawsifurrahman/covid19-radiography-database/COVID-19_Radiography_Dataset/Lung_Opacity/images/Lung_Opacity-647.png,Lung_Opacity,Lung_Opacity,0.001874637440778315,0.8434787392616272,0.1546446830034256,1.9186952613381436e-06,0.24328374862670898,0.17656947672367096,0.17656944692134857
/kaggle/input/datasets/tawsifurrahman/covid19-radiography-database/COVID-19_Radiography_Dataset/Lung_Opacity/images/Lung_Opacity-653.png,Lung_Opacity,Lung_Opacity,0.0030704340897500515,0.901114284992218,0.09580837935209274,6.8894578362233005e-06,0.20091281831264496,0.09708226472139359,0.09708226472139359
/kaggle/input/datasets/tawsifurrahman/covid19-radiography-database/COVID-19_Radiography_Dataset/Lung_Opacity/images/Lung_Opacity-658.png,Lung_Opacity,Normal,0.00020551033958327025,0.30964571237564087,0.6901429891586304,5.743843303207541e-06,0.2296728491783142,,
/kaggle/input/datasets/tawsifurrahman/covid19-radiography-database/COVID-19_Radiography_Dataset/Lung_Opacity/images/Lung_Opacity-659.png,Lung_Opacity,Lung_Opacity,0.0037121439818292856,0.7248702645301819,0.27126339077949524,0.00015425894525833428,0.27928316593170166,,
/kaggle/input/datasets/tawsifurrahman/covid19-radiography-database/COVID-19_Radiography_Dataset/Lung_Opacity/images/Lung_Opacity-66.png,Lung_Opacity,Normal,0.0737956315279007,0.37302836775779724,0.5531731843948364,2.8470878987718606e-06,0.22443042695522308,,
/kaggle/input/datasets/tawsifurrahman/covid19-radiography-database/COVID-19_Radiography_Dataset/Lung_Opacity/images/Lung_Opacity-661.png,Lung_Opacity,Lung_Opacity,4.309665655455319e-07,0.9997871518135071,0.0002112280490109697,1.1465599527582526e-06,0.15409760177135468,,
/kaggle/input/datasets/tawsifurrahman/covid19-radiography-database/COVID-19_Radiography_Dataset/Lung_Opacity/images/Lung_Opacity-667.png,Lung_Opacity,Lung_Opacity,7.557588901363488e-07,0.9995933175086975,0.0004051608557347208,8.708734071660729e-07,0.1570473164319992,,
/kaggle/input/datasets/tawsifurrahman/covid19-radiography-database/COVID-19_Radiography_Dataset/Lung_Opacity/images/Lung_Opacity-674.png,Lung_Opacity,Lung_Opacity,0.000145361089380458,0.9998043179512024,5.033750494476408e-05,4.2016317536308634e-08,0.2740556299686432,,
/kaggle/input/datasets/tawsifurrahman/covid19-radiography-database/COVID-19_Radiography_Dataset/Lung_Opacity/images/Lung_Opacity-685.png,Lung_Opacity,Lung_Opacity,1.1986477375103277e-06,0.9999054670333862,9.328599844593555e-05,2.19283862179509e-08,0.15874159336090088,,
/kaggle/input/datasets/tawsifurrahman/covid19-radiography-database/COVID-19_Radiography_Dataset/Lung_Opacity/images/Lung_Opacity-693.png,Lung_Opacity,Lung_Opacity,8.14245140645653e-07,0.9999955892562866,3.2492587251908844e-06,3.084195725477912e-07,0.16858668625354767,,
/kaggle/input/datasets/tawsifurrahman/covid19-radiography-database/COVID-19_Radiography_Dataset/Lung_Opacity/images/Lung_Opacity-698.png,Lung_Opacity,COVID,0.86344975233078,0.06365834921598434,0.07287483662366867,1.7055161151802167e-05,0.20846672356128693,0.3263951539993286,0.32639506459236145
/kaggle/input/datasets/tawsifurrahman/covid19-radiography-database/COVID-19_Radiography_Dataset/Lung_Opacity/images/Lung_Opacity-702.png,Lung_Opacity,Lung_Opacity,0.0003514332347549498,0.999446451663971,0.0001969138829736039,5.194029199628858e-06,0.16061468422412872,,
/kaggle/input/datasets/tawsifurrahman/covid19-radiography-database/COVID-19_Radiography_Dataset/Lung_Opacity/images/Lung_Opacity-707.png,Lung_Opacity,Lung_Opacity,0.0018651712452992797,0.8475682735443115,0.15056467056274414,1.8563169987828587e-06,0.28344669938087463,,
/kaggle/input/datasets/tawsifurrahman/covid19-radiography-database/COVID-19_Radiography_Dataset/Lung_Opacity/images/Lung_Opacity-711.png,Lung_Opacity,Lung_Opacity,0.00038328810478560627,0.8850274682044983,0.11457523703575134,1.40802458190592e-05,0.1822618991136551,0.39645665884017944,0.39645591378211975
/kaggle/input/datasets/tawsifurrahman/covid19-radiography-database/COVID-19_Radiography_Dataset/Lung_Opacity/images/Lung_Opacity-714.png,Lung_Opacity,Lung_Opacity,0.0015605926746502519,0.9171513319015503,0.08128152787685394,6.58879389447975e-06,0.23654887080192566,,
/kaggle/input/datasets/tawsifurrahman/covid19-radiography-database/COVID-19_Radiography_Dataset/Lung_Opacity/images/Lung_Opacity-729.png,Lung_Opacity,Lung_Opacity,7.251757324411301e-06,0.9872944951057434,0.012698291800916195,5.616934117824712e-08,0.11226490139961243,0.15221917629241943,0.15221914649009705
/kaggle/input/datasets/tawsifurrahman/covid19-radiography-database/COVID-19_Radiography_Dataset/Lung_Opacity/images/Lung_Opacity-737.png,Lung_Opacity,Lung_Opacity,9.284434781875461e-05,0.9955332279205322,0.004366908688098192,7.003024165896932e-06,0.1751038283109665,0.2887933850288391,0.2887932062149048
/kaggle/input/datasets/tawsifurrahman/covid19-radiography-database/COVID-19_Radiography_Dataset/Lung_Opacity/images/Lung_Opacity-742.png,Lung_Opacity,Lung_Opacity,0.012787099927663803,0.9644268751144409,0.022152822464704514,0.0006332122720777988,0.18239837884902954,,
/kaggle/input/datasets/tawsifurrahman/covid19-radiography-database/COVID-19_Radiography_Dataset/Lung_Opacity/images/Lung_Opacity-745.png,Lung_Opacity,Lung_Opacity,0.010143943130970001,0.987944483757019,0.0019114112947136164,1.56198950662656e-07,0.1824978142976761,,
/kaggle/input/datasets/tawsifurrahman/covid19-radiography-database/COVID-19_Radiography_Dataset/Lung_Opacity/images/Lung_Opacity-753.png,Lung_Opacity,Lung_Opacity,0.005862315185368061,0.9880056977272034,0.005436267703771591,0.0006957732839509845,0.14678344130516052,,
/kaggle/input/datasets/tawsifurrahman/covid19-radiography-database/COVID-19_Radiography_Dataset/Lung_Opacity/images/Lung_Opacity-760.png,Lung_Opacity,Lung_Opacity,0.00010354590631322935,0.9490089416503906,0.050873517990112305,1.4068476048123557e-05,0.19258229434490204,,
/kaggle/input/datasets/tawsifurrahman/covid19-radiography-database/COVID-19_Radiography_Dataset/Lung_Opacity/images/Lung_Opacity-764.png,Lung_Opacity,Lung_Opacity,7.556868513347581e-05,0.9908623695373535,0.008923996239900589,0.00013804399350192398,0.16218920052051544,,
/kaggle/input/datasets/tawsifurrahman/covid19-radiography-database/COVID-19_Radiography_Dataset/Lung_Opacity/images/Lung_Opacity-766.png,Lung_Opacity,Lung_Opacity,0.002777370624244213,0.9927701354026794,0.004415232688188553,3.726617796928622e-05,0.2617190480232239,,
/kaggle/input/datasets/tawsifurrahman/covid19-radiography-database/COVID-19_Radiography_Dataset/Lung_Opacity/images/Lung_Opacity-767.png,Lung_Opacity,Lung_Opacity,9.084688645089045e-05,0.9947091341018677,0.005151290446519852,4.868051837547682e-05,0.11389916390180588,0.14085213840007782,0.14085210859775543
/kaggle/input/datasets/tawsifurrahman/covid19-radiography-database/COVID-19_Radiography_Dataset/Lung_Opacity/images/Lung_Opacity-768.png,Lung_Opacity,Lung_Opacity,0.0015451394720003009,0.9947199821472168,0.0037064943462610245,2.8384194592945278e-05,0.1644020825624466,,
/kaggle/input/datasets/tawsifurrahman/covid19-radiography-database/COVID-19_Radiography_Dataset/Lung_Opacity/images/Lung_Opacity-770.png,Lung_Opacity,Lung_Opacity,0.0001769334776327014,0.9920735955238342,0.007747541647404432,2.0142540506640216e-06,0.19949845969676971,0.17053169012069702,0.17053155601024628
/kaggle/input/datasets/tawsifurrahman/covid19-radiography-database/COVID-19_Radiography_Dataset/Lung_Opacity/images/Lung_Opacity-771.png,Lung_Opacity,Lung_Opacity,0.0022846884094178677,0.6053513288497925,0.39219793677330017,0.00016604548727627844,0.23915965855121613,,
/kaggle/input/datasets/tawsifurrahman/covid19-radiography-database/COVID-19_Radiography_Dataset/Lung_Opacity/images/Lung_Opacity-774.png,Lung_Opacity,Lung_Opacity,2.331161113033886e-06,0.9991942048072815,0.0008032437763176858,1.8328518081034417e-07,0.2034446746110916,,
/kaggle/input/datasets/tawsifurrahman/covid19-radiography-database/COVID-19_Radiography_Dataset/Lung_Opacity/images/Lung_Opacity-782.png,Lung_Opacity,Lung_Opacity,0.00014663921319879591,0.9997046589851379,0.00014861983072478324,4.8169077615511924e-08,0.19595105946063995,,
/kaggle/input/datasets/tawsifurrahman/covid19-radiography-database/COVID-19_Radiography_Dataset/Lung_Opacity/images/Lung_Opacity-801.png,Lung_Opacity,Lung_Opacity,1.826518746383954e-05,0.9990585446357727,0.0008967380854301155,2.6487034119782038e-05,0.17002160847187042,0.2664889693260193,0.2664888799190521
/kaggle/input/datasets/tawsifurrahman/covid19-radiography-database/COVID-19_Radiography_Dataset/Lung_Opacity/images/Lung_Opacity-802.png,Lung_Opacity,Normal,0.017141923308372498,0.17173369228839874,0.8110947608947754,2.962626786029432e-05,0.3954889476299286,,
/kaggle/input/datasets/tawsifurrahman/covid19-radiography-database/COVID-19_Radiography_Dataset/Lung_Opacity/images/Lung_Opacity-808.png,Lung_Opacity,Normal,0.008578666485846043,0.04054495319724083,0.9508758783340454,4.57743084325557e-07,0.20233000814914703,,
/kaggle/input/datasets/tawsifurrahman/covid19-radiography-database/COVID-19_Radiography_Dataset/Lung_Opacity/images/Lung_Opacity-809.png,Lung_Opacity,Normal,0.02112489752471447,0.47915491461753845,0.4996664226055145,5.369243444874883e-05,0.23563234508037567,,
/kaggle/input/datasets/tawsifurrahman/covid19-radiography-database/COVID-19_Radiography_Dataset/Lung_Opacity/images/Lung_Opacity-810.png,Lung_Opacity,Lung_Opacity,5.048055754741654e-06,0.6926025152206421,0.30738264322280884,9.75111652223859e-06,0.2595067620277405,,
/kaggle/input/datasets/tawsifurrahman/covid19-radiography-database/COVID-19_Radiography_Dataset/Lung_Opacity/images/Lung_Opacity-818.png,Lung_Opacity,Lung_Opacity,4.882535336037108e-07,0.9985654950141907,0.001433296361938119,6.578716238436755e-07,0.13088037073612213,,
/kaggle/input/datasets/tawsifurrahman/covid19-radiography-database/COVID-19_Radiography_Dataset/Lung_Opacity/images/Lung_Opacity-824.png,Lung_Opacity,Lung_Opacity,0.00031347793992608786,0.8075125813484192,0.19179187715053558,0.0003820460697170347,0.2890828251838684,,
/kaggle/input/datasets/tawsifurrahman/covid19-radiography-database/COVID-19_Radiography_Dataset/Lung_Opacity/images/Lung_Opacity-833.png,Lung_Opacity,Lung_Opacity,0.013601734302937984,0.9454978108406067,0.040262386202812195,0.0006381038692779839,0.2150033563375473,0.307901531457901,0.3079014718532562
/kaggle/input/datasets/tawsifurrahman/covid19-radiography-database/COVID-19_Radiography_Dataset/Lung_Opacity/images/Lung_Opacity-837.png,Lung_Opacity,Lung_Opacity,0.1336388736963272,0.6851616501808167,0.1811133772134781,8.616879495093599e-05,0.25405073165893555,,
/kaggle/input/datasets/tawsifurrahman/covid19-radiography-database/COVID-19_Radiography_Dataset/Lung_Opacity/images/Lung_Opacity-841.png,Lung_Opacity,Lung_Opacity,0.0856046974658966,0.9143376350402832,5.709121251129545e-05,5.113203087603324e-07,0.3221668004989624,0.42144474387168884,0.42144453525543213
/kaggle/input/datasets/tawsifurrahman/covid19-radiography-database/COVID-19_Radiography_Dataset/Lung_Opacity/images/Lung_Opacity-843.png,Lung_Opacity,Lung_Opacity,0.002333107404410839,0.991758406162262,0.00590844452381134,5.485751941591843e-08,0.13777518272399902,,
/kaggle/input/datasets/tawsifurrahman/covid19-radiography-database/COVID-19_Radiography_Dataset/Lung_Opacity/images/Lung_Opacity-846.png,Lung_Opacity,Lung_Opacity,0.013035519979894161,0.9728178977966309,0.01414431631565094,2.2412725684262114e-06,0.15198563039302826,0.17953427135944366,0.1795341968536377
/kaggle/input/datasets/tawsifurrahman/covid19-radiography-database/COVID-19_Radiography_Dataset/Lung_Opacity/images/Lung_Opacity-859.png,Lung_Opacity,Lung_Opacity,2.503599716874305e-05,0.9901325702667236,0.009840311482548714,2.095668378387927e-06,0.2046000063419342,0.2687208652496338,0.2687208950519562
/kaggle/input/datasets/tawsifurrahman/covid19-radiography-database/COVID-19_Radiography_Dataset/Lung_Opacity/images/Lung_Opacity-865.png,Lung_Opacity,Lung_Opacity,0.11293181777000427,0.8864963054656982,0.0005532109062187374,1.8649076082510874e-05,0.15654921531677246,,
/kaggle/input/datasets/tawsifurrahman/covid19-radiography-database/COVID-19_Radiography_Dataset/Lung_Opacity/images/Lung_Opacity-888.png,Lung_Opacity,Lung_Opacity,0.00023922113177832216,0.9968722462654114,0.0028843358159065247,4.161932793067535e-06,0.26365193724632263,,
/kaggle/input/datasets/tawsifurrahman/covid19-radiography-database/COVID-19_Radiography_Dataset/Lung_Opacity/images/Lung_Opacity-894.png,Lung_Opacity,Lung_Opacity,9.23972693271935e-05,0.9973773956298828,0.0025117620825767517,1.842667734308634e-05,0.20589563250541687,,
/kaggle/input/datasets/tawsifurrahman/covid19-radiography-database/COVID-19_Radiography_Dataset/Lung_Opacity/images/Lung_Opacity-905.png,Lung_Opacity,Lung_Opacity,4.152729161432944e-05,0.9995949864387512,0.0003633885062299669,1.6466997010411433e-07,0.2022484987974167,,
/kaggle/input/datasets/tawsifurrahman/covid19-radiography-database/COVID-19_Radiography_Dataset/Lung_Opacity/images/Lung_Opacity-910.png,Lung_Opacity,Lung_Opacity,0.0010643124114722013,0.8465502858161926,0.15221348404884338,0.00017197930719703436,0.21115721762180328,0.23756131529808044,0.2375612109899521
/kaggle/input/datasets/tawsifurrahman/covid19-radiography-database/COVID-19_Radiography_Dataset/Lung_Opacity/images/Lung_Opacity-911.png,Lung_Opacity,Lung_Opacity,0.011985617689788342,0.7473582625389099,0.24065573513507843,3.43793431056838e-07,0.29524096846580505,,
/kaggle/input/datasets/tawsifurrahman/covid19-radiography-database/COVID-19_Radiography_Dataset/Lung_Opacity/images/Lung_Opacity-912.png,Lung_Opacity,Lung_Opacity,1.5208716831693891e-05,0.9989357590675354,0.0010489413980394602,1.3517937702545169e-07,0.26269543170928955,,
/kaggle/input/datasets/tawsifurrahman/covid19-radiography-database/COVID-19_Radiography_Dataset/Lung_Opacity/images/Lung_Opacity-913.png,Lung_Opacity,Lung_Opacity,0.004552256315946579,0.8340950608253479,0.16115982830524445,0.00019293634977657348,0.29334795475006104,,
/kaggle/input/datasets/tawsifurrahman/covid19-radiography-database/COVID-19_Radiography_Dataset/Lung_Opacity/images/Lung_Opacity-914.png,Lung_Opacity,Lung_Opacity,0.013995703309774399,0.9856044054031372,0.00036017331876792014,3.9669448597123846e-05,0.3293231725692749,,
/kaggle/input/datasets/tawsifurrahman/covid19-radiography-database/COVID-19_Radiography_Dataset/Lung_Opacity/images/Lung_Opacity-918.png,Lung_Opacity,Lung_Opacity,0.018357424065470695,0.6262780427932739,0.3551567494869232,0.00020777399186044931,0.2908180058002472,,
/kaggle/input/datasets/tawsifurrahman/covid19-radiography-database/COVID-19_Radiography_Dataset/Lung_Opacity/images/Lung_Opacity-927.png,Lung_Opacity,Lung_Opacity,0.10309546440839767,0.8930562734603882,0.003829322988167405,1.896163848869037e-05,0.17610183358192444,,
/kaggle/input/datasets/tawsifurrahman/covid19-radiography-database/COVID-19_Radiography_Dataset/Lung_Opacity/images/Lung_Opacity-932.png,Lung_Opacity,Lung_Opacity,0.0002793041930999607,0.9300907254219055,0.06795994937419891,0.0016699708066880703,0.2318325936794281,,
/kaggle/input/datasets/tawsifurrahman/covid19-radiography-database/COVID-19_Radiography_Dataset/Lung_Opacity/images/Lung_Opacity-945.png,Lung_Opacity,Lung_Opacity,2.89700928988168e-05,0.9631360769271851,0.03683166205883026,3.3300566428806633e-06,0.1567096710205078,,
/kaggle/input/datasets/tawsifurrahman/covid19-radiography-database/COVID-19_Radiography_Dataset/Lung_Opacity/images/Lung_Opacity-946.png,Lung_Opacity,Lung_Opacity,0.00837911106646061,0.9658822417259216,0.02563677728176117,0.000101927034847904,0.26456934213638306,,
/kaggle/input/datasets/tawsifurrahman/covid19-radiography-database/COVID-19_Radiography_Dataset/Lung_Opacity/images/Lung_Opacity-949.png,Lung_Opacity,Lung_Opacity,0.00029233720852062106,0.997655987739563,0.001948195626027882,0.00010345369082642719,0.2002364546060562,0.384285569190979,0.38428497314453125
/kaggle/input/datasets/tawsifurrahman/covid19-radiography-database/COVID-19_Radiography_Dataset/Lung_Opacity/images/Lung_Opacity-952.png,Lung_Opacity,Lung_Opacity,0.0005856319330632687,0.9991655349731445,0.00021072801609989256,3.8160436815815046e-05,0.1582033485174179,,
/kaggle/input/datasets/tawsifurrahman/covid19-radiography-database/COVID-19_Radiography_Dataset/Lung_Opacity/images/Lung_Opacity-954.png,Lung_Opacity,Lung_Opacity,0.005621663760393858,0.9917188882827759,0.0016241200501099229,0.0010352768003940582,0.2177146077156067,,
/kaggle/input/datasets/tawsifurrahman/covid19-radiography-database/COVID-19_Radiography_Dataset/Lung_Opacity/images/Lung_Opacity-957.png,Lung_Opacity,Lung_Opacity,0.32273226976394653,0.665306568145752,0.0119365518912673,2.454992318234872e-05,0.2432049959897995,0.2396336942911148,0.23963338136672974
/kaggle/input/datasets/tawsifurrahman/covid19-radiography-database/COVID-19_Radiography_Dataset/Lung_Opacity/images/Lung_Opacity-958.png,Lung_Opacity,Lung_Opacity,0.0006913065444678068,0.9952722191810608,0.0033241137862205505,0.0007123937248252332,0.1853678673505783,,
/kaggle/input/datasets/tawsifurrahman/covid19-radiography-database/COVID-19_Radiography_Dataset/Lung_Opacity/images/Lung_Opacity-960.png,Lung_Opacity,Lung_Opacity,0.00010911173012573272,0.999775230884552,5.409938967204653e-05,6.167111860122532e-05,0.1863042712211609,,
/kaggle/input/datasets/tawsifurrahman/covid19-radiography-database/COVID-19_Radiography_Dataset/Lung_Opacity/images/Lung_Opacity-966.png,Lung_Opacity,Lung_Opacity,0.0007698425324633718,0.9547175765037537,0.04302983731031418,0.001482678228057921,0.2857545018196106,,
/kaggle/input/datasets/tawsifurrahman/covid19-radiography-database/COVID-19_Radiography_Dataset/Lung_Opacity/images/Lung_Opacity-977.png,Lung_Opacity,Lung_Opacity,1.637195236980915e-05,0.9985756874084473,0.0014079654356464744,8.49165981975375e-09,0.23818348348140717,0.26825663447380066,0.2682565748691559
/kaggle/input/datasets/tawsifurrahman/covid19-radiography-database/COVID-19_Radiography_Dataset/Lung_Opacity/images/Lung_Opacity-983.png,Lung_Opacity,Lung_Opacity,0.08250398188829422,0.9148659706115723,0.0010236562229692936,0.0016064399387687445,0.2693125307559967,0.4849492609500885,0.4849492311477661
/kaggle/input/datasets/tawsifurrahman/covid19-radiography-database/COVID-19_Radiography_Dataset/Lung_Opacity/images/Lung_Opacity-987.png,Lung_Opacity,Normal,0.10653168708086014,0.13168184459209442,0.7617469429969788,3.953579653170891e-05,0.29560112953186035,0.24162250757217407,0.2416222244501114
/kaggle/input/datasets/tawsifurrahman/covid19-radiography-database/COVID-19_Radiography_Dataset/Lung_Opacity/images/Lung_Opacity-989.png,Lung_Opacity,Lung_Opacity,1.9124079244647874e-06,0.9990555644035339,0.0009425252792425454,1.1109939357378806e-10,0.14776001870632172,,
/kaggle/input/datasets/tawsifurrahman/covid19-radiography-database/COVID-19_Radiography_Dataset/Lung_Opacity/images/Lung_Opacity-99.png,Lung_Opacity,Lung_Opacity,3.682142050820403e-05,0.9644588232040405,0.03550403192639351,2.898382547300571e-07,0.0905228853225708,,
/kaggle/input/datasets/tawsifurrahman/covid19-radiography-database/COVID-19_Radiography_Dataset/Lung_Opacity/images/Lung_Opacity-992.png,Lung_Opacity,Lung_Opacity,0.02270727977156639,0.4903831481933594,0.4856375455856323,0.0012719720834866166,0.21426595747470856,0.08781115710735321,0.08781105279922485
/kaggle/input/datasets/tawsifurrahman/covid19-radiography-database/COVID-19_Radiography_Dataset/Normal/images/Normal-100.png,Normal,Normal,0.00015784820425324142,0.00028574548196047544,0.9458395838737488,0.05371682718396187,0.2483460158109665,,
/kaggle/input/datasets/tawsifurrahman/covid19-radiography-database/COVID-19_Radiography_Dataset/Normal/images/Normal-10006.png,Normal,Normal,0.00035111201577819884,0.23261021077632904,0.7670385241508484,1.4916815871401923e-07,0.13590183854103088,,
/kaggle/input/datasets/tawsifurrahman/covid19-radiography-database/COVID-19_Radiography_Dataset/Normal/images/Normal-10007.png,Normal,Normal,0.0867902934551239,0.07000803202390671,0.843063235282898,0.00013841057079844177,0.34422847628593445,,
/kaggle/input/datasets/tawsifurrahman/covid19-radiography-database/COVID-19_Radiography_Dataset/Normal/images/Normal-10030.png,Normal,Normal,0.06611443310976028,0.021232835948467255,0.9125713109970093,8.142944716382772e-05,0.2665625512599945,0.5278754830360413,0.5278754830360413
/kaggle/input/datasets/tawsifurrahman/covid19-radiography-database/COVID-19_Radiography_Dataset/Normal/images/Normal-10032.png,Normal,Normal,3.167670001857914e-05,0.001709416857920587,0.9982572197914124,1.6644974039081717e-06,0.2828074097633362,0.5767506957054138,0.5767505168914795
/kaggle/input/datasets/tawsifurrahman/covid19-radiography-database/COVID-19_Radiography_Dataset/Normal/images/Normal-10059.png,Normal,Normal,0.0006583957583643496,0.006685067433863878,0.992656409740448,9.972795567136927e-08,0.2130107879638672,0.4038151800632477,0.40381523966789246
/kaggle/input/datasets/tawsifurrahman/covid19-radiography-database/COVID-19_Radiography_Dataset/Normal/images/Normal-10061.png,Normal,Normal,0.0005843337858095765,0.021883688867092133,0.9774883985519409,4.352209361968562e-05,0.3096705675125122,,
/kaggle/input/datasets/tawsifurrahman/covid19-radiography-database/COVID-19_Radiography_Dataset/Normal/images/Normal-10063.png,Normal,Normal,0.0006139618926681578,0.2426694631576538,0.7567155361175537,1.0011942777055083e-06,0.21590104699134827,,
/kaggle/input/datasets/tawsifurrahman/covid19-radiography-database/COVID-19_Radiography_Dataset/Normal/images/Normal-10066.png,Normal,Normal,0.009552905336022377,0.016896819695830345,0.9735502004623413,2.654552666569998e-08,0.22046461701393127,,
/kaggle/input/datasets/tawsifurrahman/covid19-radiography-database/COVID-19_Radiography_Dataset/Normal/images/Normal-10067.png,Normal,Normal,0.0007654770161025226,0.0030216143932193518,0.9962003827095032,1.254802100447705e-05,0.27292102575302124,,
/kaggle/input/datasets/tawsifurrahman/covid19-radiography-database/COVID-19_Radiography_Dataset/Normal/images/Normal-1007.png,Normal,Normal,0.0006171848508529365,0.0005036929505877197,0.9902708530426025,0.008608352392911911,0.2234145849943161,,
/kaggle/input/datasets/tawsifurrahman/covid19-radiography-database/COVID-19_Radiography_Dataset/Normal/images/Normal-10083.png,Normal,Normal,0.002618652069941163,0.08458273857831955,0.9126859307289124,0.00011270240793237463,0.3244189918041229,,
/kaggle/input/datasets/tawsifurrahman/covid19-radiography-database/COVID-19_Radiography_Dataset/Normal/images/Normal-10088.png,Normal,Normal,0.0014166278997436166,0.12149865180253983,0.8764086961746216,0.0006761025870218873,0.2169766128063202,,
/kaggle/input/datasets/tawsifurrahman/covid19-radiography-database/COVID-19_Radiography_Dataset/Normal/images/Normal-10094.png,Normal,Normal,0.0012910317163914442,0.42596328258514404,0.5726830363273621,6.262953684199601e-05,0.35391485691070557,,
/kaggle/input/datasets/tawsifurrahman/covid19-radiography-database/COVID-19_Radiography_Dataset/Normal/images/Normal-10097.png,Normal,Normal,0.010095608420670033,0.11998407542705536,0.8678657412528992,0.0020545385777950287,0.29023879766464233,0.7348782420158386,0.73487788438797
/kaggle/input/datasets/tawsifurrahman/covid19-radiography-database/COVID-19_Radiography_Dataset/Normal/images/Normal-10098.png,Normal,Normal,0.004606590140610933,0.005556131713092327,0.9898077845573425,2.950875750684645e-05,0.3174029588699341,,
/kaggle/input/datasets/tawsifurrahman/covid19-radiography-database/COVID-19_Radiography_Dataset/Normal/images/Normal-10105.png,Normal,Normal,0.002091584261506796,0.19474495947360992,0.8007752299308777,0.0023882107343524694,0.253847599029541,,
/kaggle/input/datasets/tawsifurrahman/covid19-radiography-database/COVID-19_Radiography_Dataset/Normal/images/Normal-10117.png,Normal,Normal,0.003380216658115387,0.0020283011253923178,0.9945403933525085,5.1070535846520215e-05,0.2701103389263153,0.43504220247268677,0.4350421726703644
/kaggle/input/datasets/tawsifurrahman/covid19-radiography-database/COVID-19_Radiography_Dataset/Normal/images/Normal-10125.png,Normal,Normal,0.018851380795240402,0.006725122220814228,0.9744217991828918,1.7587980210009846e-06,0.39766237139701843,,
/kaggle/input/datasets/tawsifurrahman/covid19-radiography-database/COVID-19_Radiography_Dataset/Normal/images/Normal-10127.png,Normal,Normal,0.0009839312406256795,0.12186149507761002,0.8770628571510315,9.170665725832805e-05,0.20458023250102997,0.21936431527137756,0.21936431527137756
/kaggle/input/datasets/tawsifurrahman/covid19-radiography-database/COVID-19_Radiography_Dataset/Normal/images/Normal-10130.png,Normal,Normal,0.039129532873630524,0.030441930517554283,0.9304084181785583,2.0098284949199297e-05,0.22614453732967377,,
/kaggle/input/datasets/tawsifurrahman/covid19-radiography-database/COVID-19_Radiography_Dataset/Normal/images/Normal-10135.png,Normal,Normal,0.00043495389400050044,0.05655470862984657,0.9429999589920044,1.0435403964947909e-05,0.345843106508255,,
/kaggle/input/datasets/tawsifurrahman/covid19-radiography-database/COVID-19_Radiography_Dataset/Normal/images/Normal-10136.png,Normal,Normal,0.00019015227735508233,0.0066934083588421345,0.9931161999702454,3.133348513983947e-07,0.23521244525909424,0.42168059945106506,0.4216805398464203
/kaggle/input/datasets/tawsifurrahman/covid19-radiography-database/COVID-19_Radiography_Dataset/Normal/images/Normal-10138.png,Normal,Normal,0.00018339681264478713,0.0628303736448288,0.9369834661483765,2.7148241770191817e-06,0.28055599331855774,,
/kaggle/input/datasets/tawsifurrahman/covid19-radiography-database/COVID-19_Radiography_Dataset/Normal/images/Normal-10154.png,Normal,Normal,0.010868442244827747,0.20321021974086761,0.7857887744903564,0.0001325103803537786,0.18516932427883148,,
/kaggle/input/datasets/tawsifurrahman/covid19-radiography-database/COVID-19_Radiography_Dataset/Normal/images/Normal-10163.png,Normal,Normal,0.00048331907601095736,0.004579216707497835,0.9949371814727783,3.032775168776425e-07,0.27026912569999695,,
/kaggle/input/datasets/tawsifurrahman/covid19-radiography-database/COVID-19_Radiography_Dataset/Normal/images/Normal-10164.png,Normal,Normal,0.001311048399657011,0.004793096799403429,0.9938955903053284,2.7765216259467707e-07,0.3739053010940552,0.524050235748291,0.5240497589111328
/kaggle/input/datasets/tawsifurrahman/covid19-radiography-database/COVID-19_Radiography_Dataset/Normal/images/Normal-10184.png,Normal,Normal,0.11790782958269119,0.3847086429595947,0.4973137080669403,6.984246283536777e-05,0.2647683024406433,,
/kaggle/input/datasets/tawsifurrahman/covid19-radiography-database/COVID-19_Radiography_Dataset/Normal/images/Normal-10185.png,Normal,Normal,0.00013023297651670873,0.006483186036348343,0.9933858513832092,7.432603865709098e-07,0.2475292831659317,,
/kaggle/input/datasets/tawsifurrahman/covid19-radiography-database/COVID-19_Radiography_Dataset/Normal/images/Normal-10192.png,Normal,Normal,0.0008775152382440865,0.12429491430521011,0.8748072385787964,2.0256742573110387e-05,0.26267680525779724,0.37359869480133057,0.3735983967781067
/kaggle/input/datasets/tawsifurrahman/covid19-radiography-database/COVID-19_Radiography_Dataset/Normal/images/Normal-1035.png,Normal,Normal,2.7473706722958013e-05,0.00021315495541784912,0.9984353184700012,0.0013240301050245762,0.2546843886375427,0.3417520225048065,0.34175190329551697
/kaggle/input/datasets/tawsifurrahman/covid19-radiography-database/COVID-19_Radiography_Dataset/Normal/images/Normal-1042.png,Normal,Normal,0.031714215874671936,0.00021242533694021404,0.9456815719604492,0.022391710430383682,0.3486739695072174,0.3813777267932892,0.3813776671886444
/kaggle/input/datasets/tawsifurrahman/covid19-radiography-database/COVID-19_Radiography_Dataset/Normal/images/Normal-1043.png,Normal,Normal,0.0007084978278726339,0.0027751419693231583,0.6545292735099792,0.34198707342147827,0.1594591587781906,0.23660904169082642,0.23660908639431
/kaggle/input/datasets/tawsifurrahman/covid19-radiography-database/COVID-19_Radiography_Dataset/Normal/images/Normal-1044.png,Normal,Normal,0.0006485744379460812,0.0006023929454386234,0.9831029176712036,0.01564609445631504,0.236847922205925,0.3091559112071991,0.30915573239326477
/kaggle/input/datasets/tawsifurrahman/covid19-radiography-database/COVID-19_Radiography_Dataset/Normal/images/Normal-1054.png,Normal,Normal,2.048716851277277e-05,3.01860836771084e-06,0.999951958656311,2.4547396606067196e-05,0.20579613745212555,,
/kaggle/input/datasets/tawsifurrahman/covid19-radiography-database/COVID-19_Radiography_Dataset/Normal/images/Normal-1057.png,Normal,Normal,0.0019033252028748393,0.0012165580410510302,0.9852720499038696,0.011608123779296875,0.2558794915676117,,
/kaggle/input/datasets/tawsifurrahman/covid19-radiography-database/COVID-19_Radiography_Dataset/Normal/images/Normal-1062.png,Normal,Normal,3.7514648283831775e-05,0.0005404461990110576,0.9951325058937073,0.0042895060032606125,0.17630009353160858,,
/kaggle/input/datasets/tawsifurrahman/covid19-radiography-database/COVID-19_Radiography_Dataset/Normal/images/Normal-1065.png,Normal,Normal,0.010297915898263454,0.0034701747354120016,0.9441904425621033,0.04204146936535835,0.16244976222515106,,
/kaggle/input/datasets/tawsifurrahman/covid19-radiography-database/COVID-19_Radiography_Dataset/Normal/images/Normal-1068.png,Normal,Normal,4.4300948502495885e-05,0.0003489597875159234,0.9995892643928528,1.7404943719157018e-05,0.16452127695083618,,
/kaggle/input/datasets/tawsifurrahman/covid19-radiography-database/COVID-19_Radiography_Dataset/Normal/images/Normal-1074.png,Normal,Normal,0.001031477120704949,0.0006651725852862,0.9973446726799011,0.0009587189415469766,0.23543211817741394,,
/kaggle/input/datasets/tawsifurrahman/covid19-radiography-database/COVID-19_Radiography_Dataset/Normal/images/Normal-1113.png,Normal,Normal,0.0012603683862835169,7.481987995561212e-05,0.9970197081565857,0.0016451397677883506,0.15762533247470856,0.17650461196899414,0.17650458216667175
/kaggle/input/datasets/tawsifurrahman/covid19-radiography-database/COVID-19_Radiography_Dataset/Normal/images/Normal-1116.png,Normal,Normal,0.00048189121298491955,0.0011389304418116808,0.9918825030326843,0.006496715359389782,0.24687127768993378,,
/kaggle/input/datasets/tawsifurrahman/covid19-radiography-database/COVID-19_Radiography_Dataset/Normal/images/Normal-1120.png,Normal,Normal,0.0006392411305569112,0.00022521136270370334,0.9950442314147949,0.004091361537575722,0.14212052524089813,,
/kaggle/input/datasets/tawsifurrahman/covid19-radiography-database/COVID-19_Radiography_Dataset/Normal/images/Normal-1121.png,Normal,Normal,0.0003901677264366299,4.260872447048314e-05,0.9993815422058105,0.00018568940868135542,0.244599387049675,0.3946649730205536,0.3946649134159088
/kaggle/input/datasets/tawsifurrahman/covid19-radiography-database/COVID-19_Radiography_Dataset/Normal/images/Normal-1122.png,Normal,Normal,3.01919317280408e-05,8.352668373845518e-05,0.9991242289543152,0.0007621462573297322,0.19252261519432068,0.23158779740333557,0.2315877228975296
/kaggle/input/datasets/tawsifurrahman/covid19-radiography-database/COVID-19_Radiography_Dataset/Normal/images/Normal-1130.png,Normal,Normal,0.003937761299312115,0.0011445143027231097,0.9316362142562866,0.06328151375055313,0.15346163511276245,0.2286454141139984,0.2286451756954193
/kaggle/input/datasets/tawsifurrahman/covid19-radiography-database/COVID-19_Radiography_Dataset/Normal/images/Normal-1132.png,Normal,Normal,1.3072716683382168e-05,0.0006540658650919795,0.9990091323852539,0.00032372988061979413,0.2253471314907074,0.36229950189590454,0.3622994124889374
/kaggle/input/datasets/tawsifurrahman/covid19-radiography-database/COVID-19_Radiography_Dataset/Normal/images/Normal-1137.png,Normal,Viral Pneumonia,5.799331484013237e-05,0.00010004792420659214,0.2308831363916397,0.7689589262008667,0.2660438120365143,0.5013949275016785,0.5013948082923889
/kaggle/input/datasets/tawsifurrahman/covid19-radiography-database/COVID-19_Radiography_Dataset/Normal/images/Normal-1147.png,Normal,Normal,0.006219280883669853,7.718573033344e-05,0.9936776757240295,2.5869197997963056e-05,0.22696176171302795,,
/kaggle/input/datasets/tawsifurrahman/covid19-radiography-database/COVID-19_Radiography_Dataset/Normal/images/Normal-1152.png,Normal,Normal,0.0009806585730984807,0.0003448882489465177,0.993748664855957,0.004925846122205257,0.16661369800567627,,
/kaggle/input/datasets/tawsifurrahman/covid19-radiography-database/COVID-19_Radiography_Dataset/Normal/images/Normal-116.png,Normal,Normal,0.0021405278239399195,0.0015160415787249804,0.9285393357276917,0.06780415773391724,0.2057972103357315,,
/kaggle/input/datasets/tawsifurrahman/covid19-radiography-database/COVID-19_Radiography_Dataset/Normal/images/Normal-1163.png,Normal,Normal,9.280874655814841e-05,2.205198825322441e-06,0.9995571970939636,0.0003477476420812309,0.19632910192012787,0.27528586983680725,0.27528586983680725
/kaggle/input/datasets/tawsifurrahman/covid19-radiography-database/COVID-19_Radiography_Dataset/Normal/images/Normal-1172.png,Normal,Normal,0.0012242078082635999,0.0009167095995508134,0.9944926500320435,0.003366496181115508,0.2148047387599945,,
/kaggle/input/datasets/tawsifurrahman/covid19-radiography-database/COVID-19_Radiography_Dataset/Normal/images/Normal-1176.png,Normal,Normal,4.251262737398065e-07,7.947553967824206e-06,0.9999902248382568,1.3973107115816674e-06,0.22781825065612793,,
/kaggle/input/datasets/tawsifurrahman/covid19-radiography-database/COVID-19_Radiography_Dataset/Normal/images/Normal-1185.png,Normal,Normal,0.0006139278411865234,8.413523028139025e-05,0.9966373443603516,0.002664598636329174,0.2957593500614166,,
/kaggle/input/datasets/tawsifurrahman/covid19-radiography-database/COVID-19_Radiography_Dataset/Normal/images/Normal-1189.png,Normal,Normal,2.3718086595181376e-05,0.0001672034413786605,0.9964009523391724,0.003408071119338274,0.1900513470172882,,
/kaggle/input/datasets/tawsifurrahman/covid19-radiography-database/COVID-19_Radiography_Dataset/Normal/images/Normal-1199.png,Normal,Normal,0.0001512594026280567,0.00013713871885556728,0.9978871941566467,0.001824354869313538,0.19192534685134888,0.2957412302494049,0.29574093222618103
/kaggle/input/datasets/tawsifurrahman/covid19-radiography-database/COVID-19_Radiography_Dataset/Normal/images/Normal-120.png,Normal,Normal,0.00043669738806784153,0.00010928831761702895,0.9989209175109863,0.0005331999273039401,0.2346961349248886,,
/kaggle/input/datasets/tawsifurrahman/covid19-radiography-database/COVID-19_Radiography_Dataset/Normal/images/Normal-1210.png,Normal,Normal,0.0008866192074492574,0.00022348840138874948,0.9961647987365723,0.0027251632418483496,0.15633076429367065,0.31071895360946655,0.3107187747955322
/kaggle/input/datasets/tawsifurrahman/covid19-radiography-database/COVID-19_Radiography_Dataset/Normal/images/Normal-1211.png,Normal,Normal,0.005991653073579073,0.0023087887093424797,0.9590449333190918,0.03265457600355148,0.2714070677757263,,
/kaggle/input/datasets/tawsifurrahman/covid19-radiography-database/COVID-19_Radiography_Dataset/Normal/images/Normal-1214.png,Normal,Normal,0.0005420967936515808,0.009695925749838352,0.969141960144043,0.020619995892047882,0.24101269245147705,,
/kaggle/input/datasets/tawsifurrahman/covid19-radiography-database/COVID-19_Radiography_Dataset/Normal/images/Normal-1218.png,Normal,Normal,0.0011756111634895205,0.0006866274052299559,0.9856846332550049,0.01245311088860035,0.13576233386993408,,
/kaggle/input/datasets/tawsifurrahman/covid19-radiography-database/COVID-19_Radiography_Dataset/Normal/images/Normal-1223.png,Normal,Normal,0.0003316922811791301,0.00036510618519969285,0.9967722296714783,0.0025309459306299686,0.1921842098236084,,
/kaggle/input/datasets/tawsifurrahman/covid19-radiography-database/COVID-19_Radiography_Dataset/Normal/images/Normal-1224.png,Normal,Normal,0.0003627802652772516,0.0002539769047871232,0.9972967505455017,0.002086513675749302,0.1883971244096756,0.29211390018463135,0.29211390018463135
/kaggle/input/datasets/tawsifurrahman/covid19-radiography-database/COVID-19_Radiography_Dataset/Normal/images/Normal-1226.png,Normal,Normal,2.2106865799287334e-05,0.00018478809215594083,0.9997475743293762,4.5541917643276975e-05,0.22289660573005676,,
/kaggle/input/datasets/tawsifurrahman/covid19-radiography-database/COVID-19_Radiography_Dataset/Normal/images/Normal-1235.png,Normal,Normal,4.3797099351650104e-05,1.142728069680743e-05,0.9987772107124329,0.001167571172118187,0.26407161355018616,,
/kaggle/input/datasets/tawsifurrahman/covid19-radiography-database/COVID-19_Radiography_Dataset/Normal/images/Normal-124.png,Normal,Normal,8.561559661757201e-05,9.759423846844584e-05,0.9990472197532654,0.0007695159874856472,0.17498473823070526,,
/kaggle/input/datasets/tawsifurrahman/covid19-radiography-database/COVID-19_Radiography_Dataset/Normal/images/Normal-1243.png,Normal,Normal,0.0005889997119084001,0.00026409488054923713,0.9976760745048523,0.0014708832604810596,0.24364306032657623,0.35898056626319885,0.35898032784461975
/kaggle/input/datasets/tawsifurrahman/covid19-radiography-database/COVID-19_Radiography_Dataset/Normal/images/Normal-1252.png,Normal,Normal,7.678476686123759e-05,0.0005638328730128706,0.9981241822242737,0.001235211151652038,0.2020290195941925,,
/kaggle/input/datasets/tawsifurrahman/covid19-radiography-database/COVID-19_Radiography_Dataset/Normal/images/Normal-1256.png,Normal,Normal,0.0012942905304953456,0.00825229100883007,0.9651200175285339,0.025333410128951073,0.18255779147148132,,
/kaggle/input/datasets/tawsifurrahman/covid19-radiography-database/COVID-19_Radiography_Dataset/Normal/images/Normal-1259.png,Normal,Normal,9.451624646317214e-05,9.938979928847402e-05,0.9995691180229187,0.0002369437861489132,0.25115644931793213,0.3449263274669647,0.34492629766464233
/kaggle/input/datasets/tawsifurrahman/covid19-radiography-database/COVID-19_Radiography_Dataset/Normal/images/Normal-1271.png,Normal,Normal,0.0001856664166552946,3.9649210521019995e-05,0.9996504783630371,0.00012425743625499308,0.2641110420227051,,
/kaggle/input/datasets/tawsifurrahman/covid19-radiography-database/COVID-19_Radiography_Dataset/Normal/images/Normal-1292.png,Normal,Normal,0.0058992961421608925,0.00043039798038080335,0.6475140452384949,0.3461562395095825,0.16432172060012817,,
/kaggle/input/datasets/tawsifurrahman/covid19-radiography-database/COVID-19_Radiography_Dataset/Normal/images/Normal-13.png,Normal,Normal,0.015699835494160652,0.42873144149780273,0.5555408000946045,2.7915380997001193e-05,0.23730513453483582,0.2726852595806122,0.2726849615573883
/kaggle/input/datasets/tawsifurrahman/covid19-radiography-database/COVID-19_Radiography_Dataset/Normal/images/Normal-130.png,Normal,Normal,1.785635504347738e-05,0.00019904831424355507,0.9990774393081665,0.0007056767935864627,0.09763636440038681,0.23087574541568756,0.23087579011917114
/kaggle/input/datasets/tawsifurrahman/covid19-radiography-database/COVID-19_Radiography_Dataset/Normal/images/Normal-1301.png,Normal,Normal,8.868492841429543e-06,3.1228770239977166e-05,0.9996199607849121,0.00033992857788689435,0.21105793118476868,,
/kaggle/input/datasets/tawsifurrahman/covid19-radiography-database/COVID-19_Radiography_Dataset/Normal/images/Normal-1303.png,Normal,Normal,0.00017282097542192787,8.720635378267616e-05,0.9966233968734741,0.0031165308319032192,0.15642984211444855,,
/kaggle/input/datasets/tawsifurrahman/covid19-radiography-database/COVID-19_Radiography_Dataset/Normal/images/Normal-1310.png,Normal,Normal,7.737134728813544e-05,0.0005669515230692923,0.9969074130058289,0.0024482486769557,0.2610415816307068,0.380232036113739,0.38023191690444946
/kaggle/input/datasets/tawsifurrahman/covid19-radiography-database/COVID-19_Radiography_Dataset/Normal/images/Normal-1314.png,Normal,Normal,0.0009888577042147517,5.553582013817504e-05,0.9960971474647522,0.0028584774117916822,0.2441815733909607,,
/kaggle/input/datasets/tawsifurrahman/covid19-radiography-database/COVID-19_Radiography_Dataset/Normal/images/Normal-1328.png,Normal,Normal,2.5497956812614575e-05,6.595460035896394e-06,0.9998108744621277,0.00015710611478425562,0.2846982479095459,,
/kaggle/input/datasets/tawsifurrahman/covid19-radiography-database/COVID-19_Radiography_Dataset/Normal/images/Normal-1329.png,Normal,Normal,0.029735738411545753,0.003044198965653777,0.9527055025100708,0.014514663256704807,0.2569757401943207,0.5625542998313904,0.5625542402267456
/kaggle/input/datasets/tawsifurrahman/covid19-radiography-database/COVID-19_Radiography_Dataset/Normal/images/Normal-1348.png,Normal,Normal,6.392058276105672e-05,0.0006770194740965962,0.9869303703308105,0.01232874859124422,0.1590203195810318,,
/kaggle/input/datasets/tawsifurrahman/covid19-radiography-database/COVID-19_Radiography_Dataset/Normal/images/Normal-1358.png,Normal,Normal,0.0007218170794658363,0.0004968679277226329,0.9985734224319458,0.00020787733956240118,0.14829841256141663,,
/kaggle/input/datasets/tawsifurrahman/covid19-radiography-database/COVID-19_Radiography_Dataset/Normal/images/Normal-136.png,Normal,Normal,7.039420597720891e-05,7.6170930697117e-05,0.9280638694763184,0.07178962230682373,0.19164571166038513,,
/kaggle/input/datasets/tawsifurrahman/covid19-radiography-database/COVID-19_Radiography_Dataset/Normal/images/Normal-1362.png,Normal,Normal,1.6726506146369502e-05,5.03496230521705e-05,0.9848469495773315,0.015086008235812187,0.16800884902477264,,
/kaggle/input/datasets/tawsifurrahman/covid19-radiography-database/COVID-19_Radiography_Dataset/Normal/images/Normal-1363.png,Normal,Normal,0.0006608530529774725,0.0002066605957224965,0.9967441558837891,0.002388249384239316,0.24735060334205627,,
/kaggle/input/datasets/tawsifurrahman/covid19-radiography-database/COVID-19_Radiography_Dataset/Normal/images/Normal-1365.png,Normal,Normal,0.04008626192808151,0.003615966299548745,0.9542743563652039,0.002023406093940139,0.19082942605018616,,
/kaggle/input/datasets/tawsifurrahman/covid19-radiography-database/COVID-19_Radiography_Dataset/Normal/images/Normal-1368.png,Normal,Normal,0.009378226473927498,0.009548086673021317,0.9809420108795166,0.0001316834386670962,0.2020290642976761,0.34093859791755676,0.3409384787082672
/kaggle/input/datasets/tawsifurrahman/covid19-radiography-database/COVID-19_Radiography_Dataset/Normal/images/Normal-1370.png,Normal,Normal,4.663277286454104e-05,0.00013311568181961775,0.9996410608291626,0.0001791974646039307,0.15599125623703003,,
/kaggle/input/datasets/tawsifurrahman/covid19-radiography-database/COVID-19_Radiography_Dataset/Normal/images/Normal-1371.png,Normal,Normal,0.000420770316850394,0.0003486703790258616,0.8814558386802673,0.11777472496032715,0.22387319803237915,,
/kaggle/input/datasets/tawsifurrahman/covid19-radiography-database/COVID-19_Radiography_Dataset/Normal/images/Normal-1377.png,Normal,Normal,0.0001134867052314803,0.00013810362725052983,0.9982109069824219,0.001537530217319727,0.19533291459083557,0.21477165818214417,0.21477161347866058
/kaggle/input/datasets/tawsifurrahman/covid19-radiography-database/COVID-19_Radiography_Dataset/Normal/images/Normal-1382.png,Normal,Normal,0.001862842938862741,0.006100860890001059,0.988050639629364,0.00398560706526041,0.23216329514980316,,
/kaggle/input/datasets/tawsifurrahman/covid19-radiography-database/COVID-19_Radiography_Dataset/Normal/images/Normal-1383.png,Normal,Normal,1.620542570890393e-05,0.00017450843006372452,0.9541631937026978,0.045646101236343384,0.19844166934490204,,
/kaggle/input/datasets/tawsifurrahman/covid19-radiography-database/COVID-19_Radiography_Dataset/Normal/images/Normal-1388.png,Normal,Viral Pneumonia,3.3447206078562886e-05,0.0016419661697000265,0.13845348358154297,0.8598711490631104,0.22191891074180603,0.29074323177337646,0.2907432019710541
/kaggle/input/datasets/tawsifurrahman/covid19-radiography-database/COVID-19_Radiography_Dataset/Normal/images/Normal-1394.png,Normal,Normal,0.0008285446674562991,0.00035784882493317127,0.6474737524986267,0.35133981704711914,0.2695519030094147,,
/kaggle/input/datasets/tawsifurrahman/covid19-radiography-database/COVID-19_Radiography_Dataset/Normal/images/Normal-1396.png,Normal,Viral Pneumonia,3.148422547383234e-05,0.0014413155149668455,0.023132162168622017,0.9753950238227844,0.19575108587741852,0.18795333802700043,0.18795330822467804
/kaggle/input/datasets/tawsifurrahman/covid19-radiography-database/COVID-19_Radiography_Dataset/Normal/images/Normal-1398.png,Normal,Viral Pneumonia,2.541336289141327e-05,0.00027671537827700377,0.04686341434717178,0.9528344869613647,0.1886759251356125,,
/kaggle/input/datasets/tawsifurrahman/covid19-radiography-database/COVID-19_Radiography_Dataset/Normal/images/Normal-1406.png,Normal,Normal,0.007978254929184914,0.020812317728996277,0.9712092280387878,1.9511402626903873e-07,0.2514953315258026,0.4060574769973755,0.4060571491718292
/kaggle/input/datasets/tawsifurrahman/covid19-radiography-database/COVID-19_Radiography_Dataset/Normal/images/Normal-1417.png,Normal,Normal,0.0008887929725460708,0.0013901755446568131,0.9977208971977234,3.968130712905804e-08,0.3064824342727661,,
/kaggle/input/datasets/tawsifurrahman/covid19-radiography-database/COVID-19_Radiography_Dataset/Normal/images/Normal-1419.png,Normal,Normal,0.4521825909614563,0.003046100726351142,0.544694721698761,7.655209628865123e-05,0.2723816931247711,,
/kaggle/input/datasets/tawsifurrahman/covid19-radiography-database/COVID-19_Radiography_Dataset/Normal/images/Normal-1423.png,Normal,Normal,0.004143982660025358,0.002391065703704953,0.9934638142585754,1.1361205451976275e-06,0.24043390154838562,,
/kaggle/input/datasets/tawsifurrahman/covid19-radiography-database/COVID-19_Radiography_Dataset/Normal/images/Normal-1424.png,Normal,Normal,0.09757237881422043,0.04518742486834526,0.8571967482566833,4.3467174691613764e-05,0.35427361726760864,,
/kaggle/input/datasets/tawsifurrahman/covid19-radiography-database/COVID-19_Radiography_Dataset/Normal/images/Normal-1425.png,Normal,Normal,0.0022140254732221365,0.008884923532605171,0.9888773560523987,2.379969009780325e-05,0.3643976151943207,0.5407086610794067,0.540708601474762
/kaggle/input/datasets/tawsifurrahman/covid19-radiography-database/COVID-19_Radiography_Dataset/Normal/images/Normal-1437.png,Normal,Normal,0.00044246282777749,0.02123577892780304,0.9783158898353577,5.784602308267495e-06,0.40084999799728394,,
/kaggle/input/datasets/tawsifurrahman/covid19-radiography-database/COVID-19_Radiography_Dataset/Normal/images/Normal-1446.png,Normal,Normal,0.010553671047091484,0.011216617189347744,0.9782295823097229,1.2738180998894677e-07,0.23431555926799774,,
/kaggle/input/datasets/tawsifurrahman/covid19-radiography-database/COVID-19_Radiography_Dataset/Normal/images/Normal-145.png,Normal,Normal,0.0018528407672420144,0.001262795296497643,0.898430585861206,0.09845376759767532,0.17185662686824799,,
/kaggle/input/datasets/tawsifurrahman/covid19-radiography-database/COVID-19_Radiography_Dataset/Normal/images/Normal-1453.png,Normal,Lung_Opacity,0.0014296416193246841,0.8822424411773682,0.1162627711892128,6.52102316962555e-05,0.19425688683986664,0.3145137429237366,0.3145134150981903
/kaggle/input/datasets/tawsifurrahman/covid19-radiography-database/COVID-19_Radiography_Dataset/Normal/images/Normal-1458.png,Normal,Normal,0.0034275336656719446,0.046693552285432816,0.949872612953186,6.208364084159257e-06,0.2569791376590729,,
/kaggle/input/datasets/tawsifurrahman/covid19-radiography-database/COVID-19_Radiography_Dataset/Normal/images/Normal-1459.png,Normal,Normal,0.0005546424654312432,0.014467611908912659,0.9849776029586792,1.542686902666901e-07,0.24820706248283386,,
/kaggle/input/datasets/tawsifurrahman/covid19-radiography-database/COVID-19_Radiography_Dataset/Normal/images/Normal-1468.png,Normal,Normal,0.0002807316486723721,0.006775935646146536,0.9929210543632507,2.2249134417506866e-05,0.2756301164627075,,
/kaggle/input/datasets/tawsifurrahman/covid19-radiography-database/COVID-19_Radiography_Dataset/Normal/images/Normal-1470.png,Normal,Normal,0.021956047043204308,0.042674437165260315,0.935033917427063,0.00033555590198375285,0.23373882472515106,,
/kaggle/input/datasets/tawsifurrahman/covid19-radiography-database/COVID-19_Radiography_Dataset/Normal/images/Normal-1479.png,Normal,COVID,0.8573869466781616,0.029432624578475952,0.11316736042499542,1.3048794244241435e-05,0.22411195933818817,0.34044259786605835,0.3404422402381897
/kaggle/input/datasets/tawsifurrahman/covid19-radiography-database/COVID-19_Radiography_Dataset/Normal/images/Normal-1483.png,Normal,Normal,0.001399755710735917,0.09883446991443634,0.8997620940208435,3.723535428434843e-06,0.18078452348709106,0.45207178592681885,0.4520717263221741
/kaggle/input/datasets/tawsifurrahman/covid19-radiography-database/COVID-19_Radiography_Dataset/Normal/images/Normal-1491.png,Normal,Lung_Opacity,0.18324153125286102,0.48281192779541016,0.33394306898117065,3.4642780519789085e-06,0.24625414609909058,,
/kaggle/input/datasets/tawsifurrahman/covid19-radiography-database/COVID-19_Radiography_Dataset/Normal/images/Normal-1496.png,Normal,Normal,0.00014076933439355344,0.0995204895734787,0.9003345370292664,4.1114130908681545e-06,0.17578160762786865,,
/kaggle/input/datasets/tawsifurrahman/covid19-radiography-database/COVID-19_Radiography_Dataset/Normal/images/Normal-1502.png,Normal,Normal,0.001507215085439384,0.024843435734510422,0.9736399054527283,9.425727512279991e-06,0.34030646085739136,,
/kaggle/input/datasets/tawsifurrahman/covid19-radiography-database/COVID-19_Radiography_Dataset/Normal/images/Normal-1504.png,Normal,Normal,0.00022301905846688896,0.009448062628507614,0.9903284907341003,4.5766273615299724e-07,0.20763082802295685,,
/kaggle/input/datasets/tawsifurrahman/covid19-radiography-database/COVID-19_Radiography_Dataset/Normal/images/Normal-1510.png,Normal,Normal,0.004248724784702063,0.4604071080684662,0.5345714688301086,0.000772699888329953,0.2220805138349533,,
/kaggle/input/datasets/tawsifurrahman/covid19-radiography-database/COVID-19_Radiography_Dataset/Normal/images/Normal-1511.png,Normal,Normal,0.0028920318000018597,0.007804774213582277,0.9893031120300293,9.956353608231439e-08,0.21709612011909485,,
/kaggle/input/datasets/tawsifurrahman/covid19-radiography-database/COVID-19_Radiography_Dataset/Normal/images/Normal-1516.png,Normal,COVID,0.5819998383522034,0.002915208460763097,0.41503608226776123,4.884872760158032e-05,0.23744523525238037,,
/kaggle/input/datasets/tawsifurrahman/covid19-radiography-database/COVID-19_Radiography_Dataset/Normal/images/Normal-1517.png,Normal,Normal,0.0003496185236144811,0.0023448558058589697,0.9973053932189941,4.1327925970335855e-08,0.2919532358646393,0.5320256948471069,0.5320255756378174
/kaggle/input/datasets/tawsifurrahman/covid19-radiography-database/COVID-19_Radiography_Dataset/Normal/images/Normal-1519.png,Normal,Normal,0.01557921338826418,0.029079526662826538,0.9553354978561401,5.709207471227273e-06,0.21334907412528992,,
/kaggle/input/datasets/tawsifurrahman/covid19-radiography-database/COVID-19_Radiography_Dataset/Normal/images/Normal-1535.png,Normal,Normal,0.036003079265356064,0.00587801355868578,0.9576383233070374,0.000480521033750847,0.3174028992652893,0.48582300543785095,0.48582252860069275
/kaggle/input/datasets/tawsifurrahman/covid19-radiography-database/COVID-19_Radiography_Dataset/Normal/images/Normal-1543.png,Normal,Normal,1.607843478268478e-05,0.020240774378180504,0.9797430634498596,2.7484590603421566e-08,0.23877982795238495,,
/kaggle/input/datasets/tawsifurrahman/covid19-radiography-database/COVID-19_Radiography_Dataset/Normal/images/Normal-1544.png,Normal,Normal,0.0038344012573361397,0.006534287706017494,0.9896250367164612,6.198371011123527e-06,0.27264073491096497,0.5895099639892578,0.5895099639892578
/kaggle/input/datasets/tawsifurrahman/covid19-radiography-database/COVID-19_Radiography_Dataset/Normal/images/Normal-1547.png,Normal,Normal,0.06404642760753632,0.22157496213912964,0.7142982482910156,8.038264786591753e-05,0.1868835985660553,,
/kaggle/input/datasets/tawsifurrahman/covid19-radiography-database/COVID-19_Radiography_Dataset/Normal/images/Normal-1561.png,Normal,Normal,0.0001029948762152344,0.0014095234218984842,0.9984872341156006,2.824135094670055e-07,0.2741953432559967,0.4507625997066498,0.4507623016834259
/kaggle/input/datasets/tawsifurrahman/covid19-radiography-database/COVID-19_Radiography_Dataset/Normal/images/Normal-1562.png,Normal,Normal,0.0006672326126135886,0.015645552426576614,0.9836868643760681,3.0913221849004913e-07,0.30325400829315186,,
/kaggle/input/datasets/tawsifurrahman/covid19-radiography-database/COVID-19_Radiography_Dataset/Normal/images/Normal-1568.png,Normal,Normal,0.00016347721975762397,0.08710692822933197,0.9120597839355469,0.0006697616772726178,0.24501757323741913,,
/kaggle/input/datasets/tawsifurrahman/covid19-radiography-database/COVID-19_Radiography_Dataset/Normal/images/Normal-1575.png,Normal,Normal,0.03374537453055382,0.003637966001406312,0.9626160860061646,5.944712029304355e-07,0.29414477944374084,,
/kaggle/input/datasets/tawsifurrahman/covid19-radiography-database/COVID-19_Radiography_Dataset/Normal/images/Normal-1580.png,Normal,Normal,0.01912672258913517,0.021245134994387627,0.9596191644668579,8.955527846410405e-06,0.28342369198799133,,
/kaggle/input/datasets/tawsifurrahman/covid19-radiography-database/COVID-19_Radiography_Dataset/Normal/images/Normal-1581.png,Normal,Normal,0.00010745199688244611,0.012999776750802994,0.9868855476379395,7.328074843826471e-06,0.23592978715896606,0.4690035283565521,0.46900343894958496
/kaggle/input/datasets/tawsifurrahman/covid19-radiography-database/COVID-19_Radiography_Dataset/Normal/images/Normal-1586.png,Normal,Normal,0.00041712893289513886,0.0006980430916883051,0.9988846182823181,2.072101494832168e-07,0.22180019319057465,,
/kaggle/input/datasets/tawsifurrahman/covid19-radiography-database/COVID-19_Radiography_Dataset/Normal/images/Normal-159.png,Normal,Normal,0.00010113175812875852,4.7312518290709704e-05,0.9997814297676086,7.003334758337587e-05,0.2514350712299347,,
/kaggle/input/datasets/tawsifurrahman/covid19-radiography-database/COVID-19_Radiography_Dataset/Normal/images/Normal-1603.png,Normal,Normal,0.002157533308491111,0.01646585576236248,0.9813677668571472,8.837448149279226e-06,0.25705575942993164,0.46141478419303894,0.461414635181427
/kaggle/input/datasets/tawsifurrahman/covid19-radiography-database/COVID-19_Radiography_Dataset/Normal/images/Normal-1604.png,Normal,Normal,0.0011453836923465133,0.041738152503967285,0.9571094512939453,6.987655069679022e-06,0.2651089131832123,0.5075891613960266,0.5075886249542236
/kaggle/input/datasets/tawsifurrahman/covid19-radiography-database/COVID-19_Radiography_Dataset/Normal/images/Normal-161.png,Normal,COVID,0.7669816613197327,0.003563858103007078,0.21547064185142517,0.013983800075948238,0.22803917527198792,0.18355987966060638,0.18355955183506012
/kaggle/input/datasets/tawsifurrahman/covid19-radiography-database/COVID-19_Radiography_Dataset/Normal/images/Normal-1618.png,Normal,Normal,0.13935880362987518,0.004472650587558746,0.8561669588088989,1.5530716837020009e-06,0.22441063821315765,0.4386843144893646,0.43868446350097656
/kaggle/input/datasets/tawsifurrahman/covid19-radiography-database/COVID-19_Radiography_Dataset/Normal/images/Normal-1625.png,Normal,Normal,0.0005387085257098079,0.11211726069450378,0.887338399887085,5.590011369349668e-06,0.150610089302063,0.24457693099975586,0.24457693099975586
/kaggle/input/datasets/tawsifurrahman/covid19-radiography-database/COVID-19_Radiography_Dataset/Normal/images/Normal-1632.png,Normal,Normal,1.2661507753364276e-05,0.015212188474833965,0.976374089717865,0.008400967344641685,0.33482152223587036,0.2549245059490204,0.2549245059490204
/kaggle/input/datasets/tawsifurrahman/covid19-radiography-database/COVID-19_Radiography_Dataset/Normal/images/Normal-1642.png,Normal,Normal,4.497798363445327e-05,0.07356385141611099,0.9263467192649841,4.4446554966270924e-05,0.21617932617664337,,
/kaggle/input/datasets/tawsifurrahman/covid19-radiography-database/COVID-19_Radiography_Dataset/Normal/images/Normal-1643.png,Normal,Normal,0.0009372495114803314,0.003873705631121993,0.9933937191963196,0.0017952045891433954,0.3561667799949646,0.43102705478668213,0.4310270845890045
/kaggle/input/datasets/tawsifurrahman/covid19-radiography-database/COVID-19_Radiography_Dataset/Normal/images/Normal-1655.png,Normal,Normal,0.0122798727825284,0.035607125610113144,0.9521113038063049,1.7326017314189812e-06,0.2012721449136734,,
/kaggle/input/datasets/tawsifurrahman/covid19-radiography-database/COVID-19_Radiography_Dataset/Normal/images/Normal-167.png,Normal,Normal,0.0005083705764263868,7.712507067481056e-05,0.9993127584457397,0.00010179674427490681,0.1983029842376709,,
/kaggle/input/datasets/tawsifurrahman/covid19-radiography-database/COVID-19_Radiography_Dataset/Normal/images/Normal-1675.png,Normal,Normal,0.0044128019362688065,0.0964038074016571,0.8991823792457581,9.94490847006091e-07,0.22179961204528809,,
/kaggle/input/datasets/tawsifurrahman/covid19-radiography-database/COVID-19_Radiography_Dataset/Normal/images/Normal-1679.png,Normal,Normal,0.0016985025722533464,0.00011120694398414344,0.9981902241706848,3.1134902656049235e-08,0.2187703400850296,,
/kaggle/input/datasets/tawsifurrahman/covid19-radiography-database/COVID-19_Radiography_Dataset/Normal/images/Normal-168.png,Normal,Normal,8.26219329610467e-05,0.00669276574626565,0.6598449945449829,0.33337971568107605,0.1785728484392166,,
/kaggle/input/datasets/tawsifurrahman/covid19-radiography-database/COVID-19_Radiography_Dataset/Normal/images/Normal-1681.png,Normal,COVID,0.7011386156082153,0.00205603358335793,0.2968041002750397,1.2522565384642803e-06,0.23726597428321838,,
/kaggle/input/datasets/tawsifurrahman/covid19-radiography-database/COVID-19_Radiography_Dataset/Normal/images/Normal-1682.png,Normal,Normal,0.024802688509225845,0.0061559234745800495,0.969041109085083,3.3087761153183237e-07,0.3206124007701874,,
/kaggle/input/datasets/tawsifurrahman/covid19-radiography-database/COVID-19_Radiography_Dataset/Normal/images/Normal-1688.png,Normal,Normal,0.0027863543946295977,0.06251908838748932,0.9346769452095032,1.7649264918873087e-05,0.2400561273097992,0.3679671287536621,0.367966890335083
/kaggle/input/datasets/tawsifurrahman/covid19-radiography-database/COVID-19_Radiography_Dataset/Normal/images/Normal-1702.png,Normal,Normal,0.010298014618456364,0.001346010249108076,0.988353967666626,1.946142447195598e-06,0.271166056394577,,
/kaggle/input/datasets/tawsifurrahman/covid19-radiography-database/COVID-19_Radiography_Dataset/Normal/images/Normal-1703.png,Normal,Normal,0.0052512455731630325,0.00481162266805768,0.9899340271949768,3.0052915462874807e-06,0.2445017397403717,,
/kaggle/input/datasets/tawsifurrahman/covid19-radiography-database/COVID-19_Radiography_Dataset/Normal/images/Normal-1712.png,Normal,Normal,0.0010650568874552846,0.004299373831599951,0.994635283946991,2.2782855069181096e-07,0.26022520661354065,0.353076308965683,0.353076308965683
/kaggle/input/datasets/tawsifurrahman/covid19-radiography-database/COVID-19_Radiography_Dataset/Normal/images/Normal-1716.png,Normal,Normal,8.767441613599658e-05,0.00373337441124022,0.9961739182472229,5.036760740040336e-06,0.23877975344657898,,
/kaggle/input/datasets/tawsifurrahman/covid19-radiography-database/COVID-19_Radiography_Dataset/Normal/images/Normal-1750.png,Normal,Normal,0.007142703514546156,0.007671664003282785,0.9795803427696228,0.005605343263596296,0.4131856858730316,,
/kaggle/input/datasets/tawsifurrahman/covid19-radiography-database/COVID-19_Radiography_Dataset/Normal/images/Normal-1758.png,Normal,COVID,0.4582165479660034,0.11096661537885666,0.43067222833633423,0.00014461354294326156,0.19577161967754364,,
/kaggle/input/datasets/tawsifurrahman/covid19-radiography-database/COVID-19_Radiography_Dataset/Normal/images/Normal-1774.png,Normal,Normal,0.0035406046081334352,0.012079006060957909,0.9843801259994507,2.396228637735476e-07,0.1650392711162567,,
/kaggle/input/datasets/tawsifurrahman/covid19-radiography-database/COVID-19_Radiography_Dataset/Normal/images/Normal-1775.png,Normal,Normal,0.026823027059435844,0.003609161591157317,0.9693766832351685,0.00019108019478153437,0.3252953290939331,,
/kaggle/input/datasets/tawsifurrahman/covid19-radiography-database/COVID-19_Radiography_Dataset/Normal/images/Normal-1792.png,Normal,Normal,0.0009362223790958524,0.0013136612251400948,0.9977499842643738,1.66705575566084e-07,0.29000189900398254,,
/kaggle/input/datasets/tawsifurrahman/covid19-radiography-database/COVID-19_Radiography_Dataset/Normal/images/Normal-1804.png,Normal,Normal,0.015233170241117477,0.0022849733941257,0.9824817776679993,2.4335673032283012e-08,0.29819297790527344,,
/kaggle/input/datasets/tawsifurrahman/covid19-radiography-database/COVID-19_Radiography_Dataset/Normal/images/Normal-1809.png,Normal,Normal,0.000511614722199738,0.12039844691753387,0.8790448307991028,4.51490814157296e-05,0.27240434288978577,,
/kaggle/input/datasets/tawsifurrahman/covid19-radiography-database/COVID-19_Radiography_Dataset/Normal/images/Normal-1810.png,Normal,Normal,0.38407954573631287,0.006000517401844263,0.6099129319190979,6.985216259636218e-06,0.2443610578775406,0.5246660113334656,0.5246658325195312
/kaggle/input/datasets/tawsifurrahman/covid19-radiography-database/COVID-19_Radiography_Dataset/Normal/images/Normal-1815.png,Normal,Normal,2.050897592198453e-06,0.018304836004972458,0.9816930294036865,4.270155429253464e-08,0.21594060957431793,0.43283212184906006,0.4328320026397705
/kaggle/input/datasets/tawsifurrahman/covid19-radiography-database/COVID-19_Radiography_Dataset/Normal/images/Normal-1819.png,Normal,Normal,0.001159588573500514,0.0011264426866546273,0.997713565826416,3.9429536968782486e-07,0.2788392901420593,,
/kaggle/input/datasets/tawsifurrahman/covid19-radiography-database/COVID-19_Radiography_Dataset/Normal/images/Normal-1823.png,Normal,Lung_Opacity,0.01561114750802517,0.8967703580856323,0.0875631645321846,5.5270811571972445e-05,0.14788001775741577,,
/kaggle/input/datasets/tawsifurrahman/covid19-radiography-database/COVID-19_Radiography_Dataset/Normal/images/Normal-1829.png,Normal,Normal,0.01294178981333971,0.007786107715219259,0.9792551398277283,1.703778252704069e-05,0.24914388358592987,,
/kaggle/input/datasets/tawsifurrahman/covid19-radiography-database/COVID-19_Radiography_Dataset/Normal/images/Normal-1849.png,Normal,Normal,0.00030464836163446307,0.04541724547743797,0.9542641639709473,1.3979878531245049e-05,0.2694915235042572,,
/kaggle/input/datasets/tawsifurrahman/covid19-radiography-database/COVID-19_Radiography_Dataset/Normal/images/Normal-1852.png,Normal,Normal,0.0006374756922014058,0.011110074818134308,0.9882112145423889,4.1239854908781126e-05,0.26391124725341797,0.2851386070251465,0.2851385176181793
/kaggle/input/datasets/tawsifurrahman/covid19-radiography-database/COVID-19_Radiography_Dataset/Normal/images/Normal-1853.png,Normal,COVID,0.7277626991271973,0.18169328570365906,0.08683791756629944,0.0037061211187392473,0.20332500338554382,0.2753625214099884,0.2753615975379944
/kaggle/input/datasets/tawsifurrahman/covid19-radiography-database/COVID-19_Radiography_Dataset/Normal/images/Normal-1856.png,Normal,Normal,0.02918167971074581,0.01613800972700119,0.9546689391136169,1.14597896754276e-05,0.30843499302864075,,
/kaggle/input/datasets/tawsifurrahman/covid19-radiography-database/COVID-19_Radiography_Dataset/Normal/images/Normal-1857.png,Normal,Normal,0.001606253907084465,0.006252182647585869,0.9921401143074036,1.4181015330905211e-06,0.18345437943935394,0.40438932180404663,0.40438929200172424
/kaggle/input/datasets/tawsifurrahman/covid19-radiography-database/COVID-19_Radiography_Dataset/Normal/images/Normal-1869.png,Normal,Normal,0.00018046751210931689,0.008661371655762196,0.991154134273529,4.126859494135715e-06,0.22793874144554138,,
/kaggle/input/datasets/tawsifurrahman/covid19-radiography-database/COVID-19_Radiography_Dataset/Normal/images/Normal-187.png,Normal,Normal,0.00012278641224838793,0.0012679563369601965,0.9909949898719788,0.007614285219460726,0.16864655911922455,,
/kaggle/input/datasets/tawsifurrahman/covid19-radiography-database/COVID-19_Radiography_Dataset/Normal/images/Normal-1889.png,Normal,Normal,0.022684291005134583,0.005463100504130125,0.9715291261672974,0.00032354818540625274,0.30355170369148254,0.4722004532814026,0.47220033407211304
/kaggle/input/datasets/tawsifurrahman/covid19-radiography-database/COVID-19_Radiography_Dataset/Normal/images/Normal-1891.png,Normal,Normal,0.028762226924300194,0.1570930778980255,0.814121425151825,2.3276857973542064e-05,0.22817838191986084,,
/kaggle/input/datasets/tawsifurrahman/covid19-radiography-database/COVID-19_Radiography_Dataset/Normal/images/Normal-1893.png,Normal,Normal,0.11209269613027573,0.0007943026721477509,0.8871009945869446,1.2031267942802515e-05,0.3167862296104431,0.5853970050811768,0.5853966474533081
/kaggle/input/datasets/tawsifurrahman/covid19-radiography-database/COVID-19_Radiography_Dataset/Normal/images/Normal-1895.png,Normal,Normal,0.00711640203371644,0.0060249073430895805,0.9868413209915161,1.7342930732411332e-05,0.25141534209251404,0.4679393768310547,0.46793925762176514
/kaggle/input/datasets/tawsifurrahman/covid19-radiography-database/COVID-19_Radiography_Dataset/Normal/images/Normal-19.png,Normal,Normal,0.0197551641613245,0.0038864961825311184,0.9762510657310486,0.00010730652138590813,0.28103289008140564,,
/kaggle/input/datasets/tawsifurrahman/covid19-radiography-database/COVID-19_Radiography_Dataset/Normal/images/Normal-1903.png,Normal,Lung_Opacity,0.0035769499372690916,0.5960026383399963,0.4003860056400299,3.444582034717314e-05,0.19537241756916046,0.16701234877109528,0.16701218485832214
/kaggle/input/datasets/tawsifurrahman/covid19-radiography-database/COVID-19_Radiography_Dataset/Normal/images/Normal-1909.png,Normal,Normal,0.004123443737626076,0.04017939046025276,0.9556969404220581,2.9985818628119887e-07,0.22461023926734924,,
/kaggle/input/datasets/tawsifurrahman/covid19-radiography-database/COVID-19_Radiography_Dataset/Normal/images/Normal-1916.png,Normal,Normal,0.002280270215123892,0.09958498179912567,0.8979454040527344,0.00018930985243059695,0.28437915444374084,0.3761991858482361,0.3761991262435913
/kaggle/input/datasets/tawsifurrahman/covid19-radiography-database/COVID-19_Radiography_Dataset/Normal/images/Normal-1926.png,Normal,Normal,0.4449923634529114,0.007197155151516199,0.546638548374176,0.0011718941386789083,0.3302178978919983,0.6971471309661865,0.6971470713615417
/kaggle/input/datasets/tawsifurrahman/covid19-radiography-database/COVID-19_Radiography_Dataset/Normal/images/Normal-1934.png,Normal,Normal,5.347772457753308e-05,0.004512396175414324,0.9954310655593872,3.029915660590632e-06,0.25006118416786194,,
/kaggle/input/datasets/tawsifurrahman/covid19-radiography-database/COVID-19_Radiography_Dataset/Normal/images/Normal-1936.png,Normal,Normal,0.0006221523508429527,0.11726260185241699,0.8821150660514832,2.1468616751008085e-07,0.26084235310554504,,
/kaggle/input/datasets/tawsifurrahman/covid19-radiography-database/COVID-19_Radiography_Dataset/Normal/images/Normal-1939.png,Normal,Normal,0.0172203928232193,0.014094289392232895,0.9686300158500671,5.531411443371326e-05,0.24252760410308838,,
/kaggle/input/datasets/tawsifurrahman/covid19-radiography-database/COVID-19_Radiography_Dataset/Normal/images/Normal-195.png,Normal,Normal,0.00016281442367471755,0.0007921369979158044,0.9751958250999451,0.02384922094643116,0.15375939011573792,,
/kaggle/input/datasets/tawsifurrahman/covid19-radiography-database/COVID-19_Radiography_Dataset/Normal/images/Normal-1952.png,Normal,Normal,0.012354171834886074,0.019446654245257378,0.968165934085846,3.317906885058619e-05,0.1377554088830948,,
/kaggle/input/datasets/tawsifurrahman/covid19-radiography-database/COVID-19_Radiography_Dataset/Normal/images/Normal-1957.png,Normal,Normal,0.004526908043771982,0.0029372787103056908,0.9925349950790405,7.971628974701161e-07,0.3491317927837372,,
/kaggle/input/datasets/tawsifurrahman/covid19-radiography-database/COVID-19_Radiography_Dataset/Normal/images/Normal-1964.png,Normal,Normal,0.03427606821060181,0.1455991119146347,0.819863498210907,0.0002612935786601156,0.35395547747612,0.4179817736148834,0.41798147559165955
/kaggle/input/datasets/tawsifurrahman/covid19-radiography-database/COVID-19_Radiography_Dataset/Normal/images/Normal-1984.png,Normal,Normal,0.011130809783935547,0.0054906075820326805,0.9833694100379944,9.228684575646184e-06,0.32461753487586975,,
/kaggle/input/datasets/tawsifurrahman/covid19-radiography-database/COVID-19_Radiography_Dataset/Normal/images/Normal-1989.png,Normal,Normal,0.02061268500983715,0.07080152630805969,0.9085816144943237,4.096752945770277e-06,0.3319324254989624,,
/kaggle/input/datasets/tawsifurrahman/covid19-radiography-database/COVID-19_Radiography_Dataset/Normal/images/Normal-1991.png,Normal,Normal,0.0011436979984864593,0.3216235339641571,0.6772190928459167,1.3630719877255615e-05,0.20418140292167664,,
/kaggle/input/datasets/tawsifurrahman/covid19-radiography-database/COVID-19_Radiography_Dataset/Normal/images/Normal-1992.png,Normal,Normal,0.005140571389347315,0.006152634508907795,0.9887020587921143,4.769075530930422e-06,0.3019771873950958,,
/kaggle/input/datasets/tawsifurrahman/covid19-radiography-database/COVID-19_Radiography_Dataset/Normal/images/Normal-1994.png,Normal,Normal,0.019953157752752304,0.3759864270687103,0.5991392135620117,0.004921259358525276,0.20244744420051575,,
/kaggle/input/datasets/tawsifurrahman/covid19-radiography-database/COVID-19_Radiography_Dataset/Normal/images/Normal-2001.png,Normal,Lung_Opacity,0.013536863029003143,0.5353741645812988,0.4507952332496643,0.00029368989635258913,0.04308876022696495,0.017499560490250587,0.017499441280961037
/kaggle/input/datasets/tawsifurrahman/covid19-radiography-database/COVID-19_Radiography_Dataset/Normal/images/Normal-2009.png,Normal,Normal,0.018092909827828407,0.023316610604524612,0.9585652947425842,2.5155110051855445e-05,0.2497817426919937,,
/kaggle/input/datasets/tawsifurrahman/covid19-radiography-database/COVID-19_Radiography_Dataset/Normal/images/Normal-2025.png,Normal,Normal,4.144858394283801e-06,0.0036469001788645983,0.9963488578796387,5.482939258172337e-08,0.3104287087917328,0.4223082661628723,0.42230817675590515
/kaggle/input/datasets/tawsifurrahman/covid19-radiography-database/COVID-19_Radiography_Dataset/Normal/images/Normal-2030.png,Normal,Normal,0.009189325384795666,0.012290112674236298,0.978496789932251,2.3695796699030325e-05,0.2696911096572876,,
/kaggle/input/datasets/tawsifurrahman/covid19-radiography-database/COVID-19_Radiography_Dataset/Normal/images/Normal-2034.png,Normal,Normal,0.011730820871889591,0.08581648021936417,0.9023165702819824,0.0001361577888019383,0.21470467746257782,,
/kaggle/input/datasets/tawsifurrahman/covid19-radiography-database/COVID-19_Radiography_Dataset/Normal/images/Normal-2038.png,Normal,Normal,0.006485654041171074,0.13883115351200104,0.8546168804168701,6.628271512454376e-05,0.22871558368206024,,
/kaggle/input/datasets/tawsifurrahman/covid19-radiography-database/COVID-19_Radiography_Dataset/Normal/images/Normal-2040.png,Normal,Normal,0.013002553954720497,0.0030454513616859913,0.9839518666267395,1.607458273156226e-07,0.21633906662464142,0.4883797764778137,0.48837968707084656
/kaggle/input/datasets/tawsifurrahman/covid19-radiography-database/COVID-19_Radiography_Dataset/Normal/images/Normal-2048.png,Normal,Normal,0.0002193993714172393,0.001515694777481258,0.9982648491859436,3.336869269787712e-08,0.2804330587387085,,
/kaggle/input/datasets/tawsifurrahman/covid19-radiography-database/COVID-19_Radiography_Dataset/Normal/images/Normal-2049.png,Normal,Normal,0.018049370497465134,0.001869360450655222,0.9800803661346436,9.537014875604655e-07,0.3276877701282501,0.6127070188522339,0.6127068996429443
/kaggle/input/datasets/tawsifurrahman/covid19-radiography-database/COVID-19_Radiography_Dataset/Normal/images/Normal-2057.png,Normal,Normal,0.43921634554862976,0.001896736561320722,0.5588845610618591,2.2934088974579936e-06,0.2819684147834778,0.5019440650939941,0.5019439458847046
/kaggle/input/datasets/tawsifurrahman/covid19-radiography-database/COVID-19_Radiography_Dataset/Normal/images/Normal-2061.png,Normal,Normal,0.0009983167983591557,0.02190936729311943,0.9770793318748474,1.3039157238381449e-05,0.19222396612167358,0.34904927015304565,0.34904927015304565
/kaggle/input/datasets/tawsifurrahman/covid19-radiography-database/COVID-19_Radiography_Dataset/Normal/images/Normal-2073.png,Normal,Normal,0.008114437572658062,0.0064185066148638725,0.9854637980461121,3.2080624805530533e-06,0.24368390440940857,,
/kaggle/input/datasets/tawsifurrahman/covid19-radiography-database/COVID-19_Radiography_Dataset/Normal/images/Normal-2074.png,Normal,Normal,0.0335998609662056,0.004198511131107807,0.9621891975402832,1.2436776160029694e-05,0.3050863444805145,0.6165737509727478,0.6165735721588135
/kaggle/input/datasets/tawsifurrahman/covid19-radiography-database/COVID-19_Radiography_Dataset/Normal/images/Normal-2078.png,Normal,Normal,0.00022563144739251584,0.002718756441026926,0.9970552921295166,3.6949879245185e-07,0.31285902857780457,,
/kaggle/input/datasets/tawsifurrahman/covid19-radiography-database/COVID-19_Radiography_Dataset/Normal/images/Normal-2088.png,Normal,Normal,0.00014309945981949568,0.013213368132710457,0.9866431951522827,2.6453398049852694e-07,0.2512560486793518,,
/kaggle/input/datasets/tawsifurrahman/covid19-radiography-database/COVID-19_Radiography_Dataset/Normal/images/Normal-2089.png,Normal,Normal,0.00019528440316207707,0.005490096285939217,0.9943134784698486,1.1619391671047197e-06,0.25350943207740784,,
/kaggle/input/datasets/tawsifurrahman/covid19-radiography-database/COVID-19_Radiography_Dataset/Normal/images/Normal-2092.png,Normal,Normal,0.007726774550974369,0.006741980090737343,0.9855259656906128,5.199478891881881e-06,0.2896208167076111,0.46617400646209717,0.4661739766597748
/kaggle/input/datasets/tawsifurrahman/covid19-radiography-database/COVID-19_Radiography_Dataset/Normal/images/Normal-2094.png,Normal,Normal,0.0007351958192884922,0.003408282296732068,0.9958561062812805,4.376126128136093e-07,0.19915977120399475,0.4045664370059967,0.4045657217502594
/kaggle/input/datasets/tawsifurrahman/covid19-radiography-database/COVID-19_Radiography_Dataset/Normal/images/Normal-2102.png,Normal,Normal,0.0007682755822315812,0.004510986153036356,0.9947096109390259,1.115890518121887e-05,0.2521926760673523,,
/kaggle/input/datasets/tawsifurrahman/covid19-radiography-database/COVID-19_Radiography_Dataset/Normal/images/Normal-2103.png,Normal,Normal,2.7430945920059457e-05,0.11940234154462814,0.8803791999816895,0.0001910883147502318,0.2533285319805145,,
/kaggle/input/datasets/tawsifurrahman/covid19-radiography-database/COVID-19_Radiography_Dataset/Normal/images/Normal-2108.png,Normal,Normal,0.0005549110355786979,0.020639823749661446,0.9788048267364502,3.5068742931798624e-07,0.26014500856399536,0.4185982048511505,0.41859811544418335
/kaggle/input/datasets/tawsifurrahman/covid19-radiography-database/COVID-19_Radiography_Dataset/Normal/images/Normal-2120.png,Normal,Normal,0.0031456088181585073,0.0663517490029335,0.9296301603317261,0.00087247125338763,0.26271572709083557,,
/kaggle/input/datasets/tawsifurrahman/covid19-radiography-database/COVID-19_Radiography_Dataset/Normal/images/Normal-2126.png,Normal,Normal,0.00025798784918151796,0.010845154523849487,0.9888964891433716,3.875070717640483e-07,0.2592090666294098,,
/kaggle/input/datasets/tawsifurrahman/covid19-radiography-database/COVID-19_Radiography_Dataset/Normal/images/Normal-2141.png,Normal,Normal,0.0001302537420997396,0.0016729761846363544,0.9981960654258728,6.831172640886507e-07,0.17428714036941528,,
/kaggle/input/datasets/tawsifurrahman/covid19-radiography-database/COVID-19_Radiography_Dataset/Normal/images/Normal-2149.png,Normal,Normal,0.38161784410476685,0.018741482868790627,0.5996077060699463,3.302813274785876e-05,0.2569168508052826,0.4402727782726288,0.44027239084243774
/kaggle/input/datasets/tawsifurrahman/covid19-radiography-database/COVID-19_Radiography_Dataset/Normal/images/Normal-215.png,Normal,Normal,8.864444680511951e-05,0.0003429943753872067,0.9990621209144592,0.0005063238786533475,0.1634453684091568,,
/kaggle/input/datasets/tawsifurrahman/covid19-radiography-database/COVID-19_Radiography_Dataset/Normal/images/Normal-2150.png,Normal,Normal,0.020770104601979256,0.013981571421027184,0.9652460813522339,2.207869101766846e-06,0.1288665533065796,,
/kaggle/input/datasets/tawsifurrahman/covid19-radiography-database/COVID-19_Radiography_Dataset/Normal/images/Normal-2154.png,Normal,Normal,5.768689516116865e-05,0.0013122267555445433,0.9986299276351929,1.3778507934603113e-07,0.3084949851036072,0.4339146912097931,0.4339144825935364
/kaggle/input/datasets/tawsifurrahman/covid19-radiography-database/COVID-19_Radiography_Dataset/Normal/images/Normal-2157.png,Normal,Normal,0.013737741857767105,0.01573774963617325,0.9705238342285156,5.925053301325534e-07,0.23778344690799713,,
/kaggle/input/datasets/tawsifurrahman/covid19-radiography-database/COVID-19_Radiography_Dataset/Normal/images/Normal-2163.png,Normal,Normal,0.0012065167538821697,0.08316423743963242,0.9155440926551819,8.504681318299845e-05,0.21530260145664215,,
/kaggle/input/datasets/tawsifurrahman/covid19-radiography-database/COVID-19_Radiography_Dataset/Normal/images/Normal-2174.png,Normal,Normal,0.0028768060728907585,0.04312008619308472,0.9539042115211487,9.881267760647461e-05,0.25129833817481995,,
/kaggle/input/datasets/tawsifurrahman/covid19-radiography-database/COVID-19_Radiography_Dataset/Normal/images/Normal-2189.png,Normal,Normal,9.38140947255306e-05,0.013269959017634392,0.9866358637809753,2.743841207575315e-07,0.304309219121933,,
/kaggle/input/datasets/tawsifurrahman/covid19-radiography-database/COVID-19_Radiography_Dataset/Normal/images/Normal-2209.png,Normal,Normal,4.8784062528284267e-05,0.006089374888688326,0.9938613176345825,4.585155011227471e-07,0.27204471826553345,,
/kaggle/input/datasets/tawsifurrahman/covid19-radiography-database/COVID-19_Radiography_Dataset/Normal/images/Normal-2210.png,Normal,Normal,6.996302545303479e-05,0.007938884198665619,0.9919873476028442,3.756337491722661e-06,0.19383838772773743,0.2758643925189972,0.2758643925189972
/kaggle/input/datasets/tawsifurrahman/covid19-radiography-database/COVID-19_Radiography_Dataset/Normal/images/Normal-2225.png,Normal,Normal,1.6244082871708088e-05,0.0538659393787384,0.9461171627044678,6.048159661986574e-07,0.29404518008232117,0.4791230261325836,0.47912317514419556
/kaggle/input/datasets/tawsifurrahman/covid19-radiography-database/COVID-19_Radiography_Dataset/Normal/images/Normal-2228.png,Normal,Normal,4.169920430285856e-05,0.006615214981138706,0.9933381080627441,5.076287834526738e-06,0.3117668926715851,,
/kaggle/input/datasets/tawsifurrahman/covid19-radiography-database/COVID-19_Radiography_Dataset/Normal/images/Normal-2231.png,Normal,Normal,0.009403050877153873,0.01083302590996027,0.9797526597976685,1.1167498996655922e-05,0.236149400472641,,
/kaggle/input/datasets/tawsifurrahman/covid19-radiography-database/COVID-19_Radiography_Dataset/Normal/images/Normal-2240.png,Normal,Normal,2.587625931482762e-05,0.04670112952589989,0.9532722234725952,7.576960001642874e-07,0.2013314962387085,,
/kaggle/input/datasets/tawsifurrahman/covid19-radiography-database/COVID-19_Radiography_Dataset/Normal/images/Normal-2254.png,Normal,Normal,0.040144409984350204,0.005572130903601646,0.9542802572250366,3.1664237667428097e-06,0.2448388785123825,0.42153072357177734,0.42153048515319824
/kaggle/input/datasets/tawsifurrahman/covid19-radiography-database/COVID-19_Radiography_Dataset/Normal/images/Normal-2268.png,Normal,Normal,0.00014723803906235844,0.020444370806217194,0.9793989658355713,9.415261047251988e-06,0.22024540603160858,0.36407071352005005,0.3640706241130829
/kaggle/input/datasets/tawsifurrahman/covid19-radiography-database/COVID-19_Radiography_Dataset/Normal/images/Normal-227.png,Normal,Normal,0.00020155575475655496,0.0022778650745749474,0.8153443932533264,0.18217618763446808,0.2160797268152237,0.3215055465698242,0.3215055465698242
/kaggle/input/datasets/tawsifurrahman/covid19-radiography-database/COVID-19_Radiography_Dataset/Normal/images/Normal-2273.png,Normal,Normal,0.006786059588193893,0.015899421647191048,0.9773138165473938,6.661357474513352e-07,0.2317470759153366,0.4161199629306793,0.41611984372138977
/kaggle/input/datasets/tawsifurrahman/covid19-radiography-database/COVID-19_Radiography_Dataset/Normal/images/Normal-2277.png,Normal,Normal,0.00011945092410314828,0.01391841471195221,0.9859615564346313,5.853718221260351e-07,0.2039232701063156,,
/kaggle/input/datasets/tawsifurrahman/covid19-radiography-database/COVID-19_Radiography_Dataset/Normal/images/Normal-2278.png,Normal,Normal,0.17009024322032928,0.012816964648663998,0.817089319229126,3.4914387470053043e-06,0.16187085211277008,,
/kaggle/input/datasets/tawsifurrahman/covid19-radiography-database/COVID-19_Radiography_Dataset/Normal/images/Normal-2281.png,Normal,Normal,0.00023876570048741996,0.03085434064269066,0.9688994884490967,7.3516116572136525e-06,0.20850680768489838,,
/kaggle/input/datasets/tawsifurrahman/covid19-radiography-database/COVID-19_Radiography_Dataset/Normal/images/Normal-2283.png,Normal,Normal,0.03456588089466095,0.033992454409599304,0.9314306378364563,1.0945337635348551e-05,0.32653138041496277,0.5983499884605408,0.5983496904373169
/kaggle/input/datasets/tawsifurrahman/covid19-radiography-database/COVID-19_Radiography_Dataset/Normal/images/Normal-2293.png,Normal,Normal,0.0037274633068591356,0.13192956149578094,0.863747239112854,0.0005957311950623989,0.29263004660606384,,
/kaggle/input/datasets/tawsifurrahman/covid19-radiography-database/COVID-19_Radiography_Dataset/Normal/images/Normal-2297.png,Normal,Normal,0.0013753888197243214,0.0025291990023106337,0.9960928559303284,2.5243441541533684e-06,0.2806156873703003,,
/kaggle/input/datasets/tawsifurrahman/covid19-radiography-database/COVID-19_Radiography_Dataset/Normal/images/Normal-2302.png,Normal,Normal,0.010033849626779556,0.002585513051599264,0.9873736500740051,6.985156687733252e-06,0.2483063042163849,0.47866350412368774,0.47866344451904297
/kaggle/input/datasets/tawsifurrahman/covid19-radiography-database/COVID-19_Radiography_Dataset/Normal/images/Normal-2306.png,Normal,Normal,0.0025934174191206694,0.011626310646533966,0.9857773184776306,3.0203352707758313e-06,0.241410493850708,,
/kaggle/input/datasets/tawsifurrahman/covid19-radiography-database/COVID-19_Radiography_Dataset/Normal/images/Normal-2307.png,Normal,Normal,0.006907197181135416,0.05189882218837738,0.9411852359771729,8.652863471070305e-06,0.21432717144489288,,
/kaggle/input/datasets/tawsifurrahman/covid19-radiography-database/COVID-19_Radiography_Dataset/Normal/images/Normal-2311.png,Normal,Lung_Opacity,7.71431514294818e-05,0.9431481957435608,0.056772563606500626,2.1216542336333077e-06,0.23585009574890137,,
/kaggle/input/datasets/tawsifurrahman/covid19-radiography-database/COVID-19_Radiography_Dataset/Normal/images/Normal-2313.png,Normal,Normal,0.10007727891206741,0.2917671203613281,0.6080054044723511,0.0001502249506302178,0.1710778921842575,0.11709624528884888,0.11709624528884888
/kaggle/input/datasets/tawsifurrahman/covid19-radiography-database/COVID-19_Radiography_Dataset/Normal/images/Normal-2315.png,Normal,Normal,1.4316131455416325e-05,0.01199523638933897,0.9879903197288513,1.3880719684777887e-08,0.2655055820941925,,
/kaggle/input/datasets/tawsifurrahman/covid19-radiography-database/COVID-19_Radiography_Dataset/Normal/images/Normal-2321.png,Normal,Normal,0.0012829027837142348,0.053258784115314484,0.9454568028450012,1.5195167861747905e-06,0.2876492142677307,0.514873206615448,0.5148731470108032
/kaggle/input/datasets/tawsifurrahman/covid19-radiography-database/COVID-19_Radiography_Dataset/Normal/images/Normal-2323.png,Normal,Normal,0.0012575665023177862,0.0062352451495826244,0.992506206035614,9.82327605925093e-07,0.2811709940433502,0.5469832420349121,0.5469830632209778
/kaggle/input/datasets/tawsifurrahman/covid19-radiography-database/COVID-19_Radiography_Dataset/Normal/images/Normal-2327.png,Normal,Normal,0.0025114649906754494,0.0020629726350307465,0.9954255223274231,1.2244103508862736e-08,0.26696041226387024,,
/kaggle/input/datasets/tawsifurrahman/covid19-radiography-database/COVID-19_Radiography_Dataset/Normal/images/Normal-2330.png,Normal,Normal,0.02719620242714882,0.04743201658129692,0.9251947999000549,0.00017698507872410119,0.2931686043739319,0.42745882272720337,0.4274587631225586
/kaggle/input/datasets/tawsifurrahman/covid19-radiography-database/COVID-19_Radiography_Dataset/Normal/images/Normal-2339.png,Normal,Normal,0.012756756506860256,0.018623704090714455,0.968552827835083,6.670319999102503e-05,0.2202455997467041,,
/kaggle/input/datasets/tawsifurrahman/covid19-radiography-database/COVID-19_Radiography_Dataset/Normal/images/Normal-2342.png,Normal,Normal,0.021631507202982903,0.3642098605632782,0.6141572594642639,1.398147674080974e-06,0.1914864182472229,,
/kaggle/input/datasets/tawsifurrahman/covid19-radiography-database/COVID-19_Radiography_Dataset/Normal/images/Normal-2346.png,Normal,Normal,0.003042967524379492,0.007589556276798248,0.9893664717674255,8.764939707361918e-07,0.25621819496154785,0.44728732109069824,0.44728726148605347
/kaggle/input/datasets/tawsifurrahman/covid19-radiography-database/COVID-19_Radiography_Dataset/Normal/images/Normal-2356.png,Normal,Normal,0.0001412678393535316,0.005413777194917202,0.9944431185722351,1.7565579355505179e-06,0.26166194677352905,0.4057033061981201,0.40570303797721863
/kaggle/input/datasets/tawsifurrahman/covid19-radiography-database/COVID-19_Radiography_Dataset/Normal/images/Normal-2369.png,Normal,Normal,4.545751289697364e-05,0.004839305765926838,0.9951149225234985,3.763700533454539e-07,0.2107023000717163,0.46124276518821716,0.4612426161766052
/kaggle/input/datasets/tawsifurrahman/covid19-radiography-database/COVID-19_Radiography_Dataset/Normal/images/Normal-2371.png,Normal,Normal,0.0002825524425134063,0.031837303191423416,0.9668594598770142,0.001020728494040668,0.26921314001083374,0.45126721262931824,0.4512670338153839
/kaggle/input/datasets/tawsifurrahman/covid19-radiography-database/COVID-19_Radiography_Dataset/Normal/images/Normal-2374.png,Normal,Normal,0.008526177145540714,0.0013791401870548725,0.9900944828987122,3.0503696279993164e-07,0.280174195766449,,
/kaggle/input/datasets/tawsifurrahman/covid19-radiography-database/COVID-19_Radiography_Dataset/Normal/images/Normal-2380.png,Normal,Normal,0.0019031570991501212,0.32192471623420715,0.6760891675949097,8.291986887343228e-05,0.18923552334308624,,
/kaggle/input/datasets/tawsifurrahman/covid19-radiography-database/COVID-19_Radiography_Dataset/Normal/images/Normal-2392.png,Normal,Lung_Opacity,0.0007712110527791083,0.979996919631958,0.01922222599387169,9.67989853961626e-06,0.18991205096244812,,
/kaggle/input/datasets/tawsifurrahman/covid19-radiography-database/COVID-19_Radiography_Dataset/Normal/images/Normal-24.png,Normal,Normal,0.004028683993965387,0.015755511820316315,0.9802109599113464,4.9083273552241735e-06,0.28842705488204956,,
/kaggle/input/datasets/tawsifurrahman/covid19-radiography-database/COVID-19_Radiography_Dataset/Normal/images/Normal-240.png,Normal,Normal,4.9370999477105215e-05,2.5100400307564996e-05,0.9996947050094604,0.00023082403640728444,0.1930007040500641,,
/kaggle/input/datasets/tawsifurrahman/covid19-radiography-database/COVID-19_Radiography_Dataset/Normal/images/Normal-2404.png,Normal,Normal,0.025913327932357788,0.046861015260219574,0.9271774291992188,4.823725612368435e-05,0.22859565913677216,,
/kaggle/input/datasets/tawsifurrahman/covid19-radiography-database/COVID-19_Radiography_Dataset/Normal/images/Normal-2413.png,Normal,Normal,9.494301775703207e-05,0.004997874144464731,0.9949063062667847,8.845114507494145e-07,0.2675790786743164,0.3802654445171356,0.3802652657032013
/kaggle/input/datasets/tawsifurrahman/covid19-radiography-database/COVID-19_Radiography_Dataset/Normal/images/Normal-2426.png,Normal,Normal,0.15789420902729034,0.008114316500723362,0.8337428569793701,0.00024859976838342845,0.21897001564502716,,
/kaggle/input/datasets/tawsifurrahman/covid19-radiography-database/COVID-19_Radiography_Dataset/Normal/images/Normal-2429.png,Normal,Normal,0.0001249688648385927,0.12189888954162598,0.8779754638671875,6.473222242675547e-07,0.2784799337387085,,
/kaggle/input/datasets/tawsifurrahman/covid19-radiography-database/COVID-19_Radiography_Dataset/Normal/images/Normal-2431.png,Normal,Normal,2.6269659429090098e-05,0.003258437616750598,0.9967145919799805,7.351098361141339e-07,0.22877506911754608,0.4560455083847046,0.4560454785823822
/kaggle/input/datasets/tawsifurrahman/covid19-radiography-database/COVID-19_Radiography_Dataset/Normal/images/Normal-2433.png,Normal,Normal,0.0014386133989319205,0.003710684133693576,0.9944460391998291,0.0004046663816552609,0.29049772024154663,0.3348425626754761,0.3348424732685089
/kaggle/input/datasets/tawsifurrahman/covid19-radiography-database/COVID-19_Radiography_Dataset/Normal/images/Normal-2439.png,Normal,Normal,0.0004769857332576066,0.008276676759123802,0.9912448525428772,1.3809451502311276e-06,0.24465914070606232,,
/kaggle/input/datasets/tawsifurrahman/covid19-radiography-database/COVID-19_Radiography_Dataset/Normal/images/Normal-2445.png,Normal,Normal,0.007265843916684389,0.006952371448278427,0.9857757687568665,5.940668870607624e-06,0.29920026659965515,0.5897179841995239,0.5897167921066284
/kaggle/input/datasets/tawsifurrahman/covid19-radiography-database/COVID-19_Radiography_Dataset/Normal/images/Normal-2453.png,Normal,Normal,1.0365133675804827e-05,0.02573106251657009,0.9742358326911926,2.2727946998202242e-05,0.27150461077690125,,
/kaggle/input/datasets/tawsifurrahman/covid19-radiography-database/COVID-19_Radiography_Dataset/Normal/images/Normal-246.png,Normal,Normal,0.00015994676505215466,0.00014098838437348604,0.9995935559272766,0.00010550836304901168,0.20081351697444916,0.33925479650497437,0.3392546474933624
/kaggle/input/datasets/tawsifurrahman/covid19-radiography-database/COVID-19_Radiography_Dataset/Normal/images/Normal-2482.png,Normal,Normal,0.07944855093955994,0.00266962219029665,0.9142532348632812,0.003628499573096633,0.3281662166118622,,
/kaggle/input/datasets/tawsifurrahman/covid19-radiography-database/COVID-19_Radiography_Dataset/Normal/images/Normal-2487.png,Normal,Normal,0.01669047400355339,0.17703871428966522,0.8061912655830383,7.957712659845129e-05,0.1967080533504486,0.3332178294658661,0.3332175612449646
/kaggle/input/datasets/tawsifurrahman/covid19-radiography-database/COVID-19_Radiography_Dataset/Normal/images/Normal-2494.png,Normal,Normal,0.0024700413923710585,0.1470692902803421,0.8504447937011719,1.587132464919705e-05,0.2526315748691559,,
/kaggle/input/datasets/tawsifurrahman/covid19-radiography-database/COVID-19_Radiography_Dataset/Normal/images/Normal-2496.png,Normal,Normal,0.00010154594201594591,0.24474062025547028,0.7551553249359131,2.4650107661727816e-06,0.2508372962474823,,
/kaggle/input/datasets/tawsifurrahman/covid19-radiography-database/COVID-19_Radiography_Dataset/Normal/images/Normal-2498.png,Normal,COVID,0.5252916216850281,0.04781484976410866,0.4265943169593811,0.0002992234949488193,0.3112846612930298,,
/kaggle/input/datasets/tawsifurrahman/covid19-radiography-database/COVID-19_Radiography_Dataset/Normal/images/Normal-25.png,Normal,Normal,0.002535127568989992,0.0023032594472169876,0.9951476454734802,1.3976949048810638e-05,0.2082478106021881,,
/kaggle/input/datasets/tawsifurrahman/covid19-radiography-database/COVID-19_Radiography_Dataset/Normal/images/Normal-2506.png,Normal,Normal,0.0002995647373609245,0.09779268503189087,0.9018847942352295,2.302501889062114e-05,0.3174232840538025,,
/kaggle/input/datasets/tawsifurrahman/covid19-radiography-database/COVID-19_Radiography_Dataset/Normal/images/Normal-2515.png,Normal,Normal,0.04544144496321678,0.011329039931297302,0.9430577158927917,0.00017180605209432542,0.26502740383148193,0.4406355917453766,0.4406355619430542
/kaggle/input/datasets/tawsifurrahman/covid19-radiography-database/COVID-19_Radiography_Dataset/Normal/images/Normal-2519.png,Normal,Normal,0.0011496718507260084,0.018888914957642555,0.97995924949646,2.2428043848776724e-06,0.28906330466270447,,
/kaggle/input/datasets/tawsifurrahman/covid19-radiography-database/COVID-19_Radiography_Dataset/Normal/images/Normal-252.png,Normal,Normal,0.0019175467314198613,0.0007950082654133439,0.9946176409721375,0.0026698200963437557,0.15830379724502563,0.2701420187950134,0.27014192938804626
/kaggle/input/datasets/tawsifurrahman/covid19-radiography-database/COVID-19_Radiography_Dataset/Normal/images/Normal-2521.png,Normal,Normal,0.047846801578998566,0.04899221658706665,0.9031007289886475,6.0331829445203766e-05,0.2643304169178009,,
/kaggle/input/datasets/tawsifurrahman/covid19-radiography-database/COVID-19_Radiography_Dataset/Normal/images/Normal-2527.png,Normal,Normal,0.004827286582440138,0.008140373975038528,0.9870310425758362,1.2903509514217149e-06,0.22399269044399261,,
/kaggle/input/datasets/tawsifurrahman/covid19-radiography-database/COVID-19_Radiography_Dataset/Normal/images/Normal-2528.png,Normal,Normal,0.04111491143703461,0.08067186921834946,0.8775609135627747,0.000652289658319205,0.2141077071428299,,
/kaggle/input/datasets/tawsifurrahman/covid19-radiography-database/COVID-19_Radiography_Dataset/Normal/images/Normal-253.png,Normal,Normal,0.002740291878581047,0.006197144743055105,0.9358798265457153,0.05518273264169693,0.17839330434799194,,
/kaggle/input/datasets/tawsifurrahman/covid19-radiography-database/COVID-19_Radiography_Dataset/Normal/images/Normal-2532.png,Normal,Normal,8.22160072857514e-05,0.031901825219392776,0.9679685235023499,4.741152952192351e-05,0.27377715706825256,,
/kaggle/input/datasets/tawsifurrahman/covid19-radiography-database/COVID-19_Radiography_Dataset/Normal/images/Normal-2535.png,Normal,Normal,0.18294286727905273,0.04497074335813522,0.7720831036567688,3.3782071113819256e-06,0.18734067678451538,,
/kaggle/input/datasets/tawsifurrahman/covid19-radiography-database/COVID-19_Radiography_Dataset/Normal/images/Normal-2537.png,Normal,Normal,0.05458376929163933,0.005789320450276136,0.9396134614944458,1.3410107385425363e-05,0.27840450406074524,0.5925168395042419,0.5925167202949524
/kaggle/input/datasets/tawsifurrahman/covid19-radiography-database/COVID-19_Radiography_Dataset/Normal/images/Normal-2538.png,Normal,Normal,3.666844713734463e-05,0.002311770338565111,0.997649610042572,1.964999000847456e-06,0.27661019563674927,,
/kaggle/input/datasets/tawsifurrahman/covid19-radiography-database/COVID-19_Radiography_Dataset/Normal/images/Normal-2540.png,Normal,Normal,0.20668093860149384,0.0015107346698641777,0.7917873859405518,2.0918781956424937e-05,0.2746138870716095,0.6694270968437195,0.669427216053009
/kaggle/input/datasets/tawsifurrahman/covid19-radiography-database/COVID-19_Radiography_Dataset/Normal/images/Normal-2541.png,Normal,Normal,0.022301416844129562,0.0029707395005971193,0.9747278094291687,9.488037022720164e-08,0.35427385568618774,,
/kaggle/input/datasets/tawsifurrahman/covid19-radiography-database/COVID-19_Radiography_Dataset/Normal/images/Normal-2543.png,Normal,Normal,0.0004393746785353869,0.008724228478968143,0.9908362627029419,1.4318631258447567e-07,0.2484455555677414,,
/kaggle/input/datasets/tawsifurrahman/covid19-radiography-database/COVID-19_Radiography_Dataset/Normal/images/Normal-2546.png,Normal,Normal,0.019219107925891876,0.05226314440369606,0.9285136461257935,4.173648903815774e-06,0.23282071948051453,,
/kaggle/input/datasets/tawsifurrahman/covid19-radiography-database/COVID-19_Radiography_Dataset/Normal/images/Normal-2548.png,Normal,Normal,2.6651445296010934e-05,0.003861557925119996,0.9961108565330505,1.010248638522171e-06,0.26128143072128296,0.3601331114768982,0.3601331114768982
/kaggle/input/datasets/tawsifurrahman/covid19-radiography-database/COVID-19_Radiography_Dataset/Normal/images/Normal-2552.png,Normal,Normal,0.22377824783325195,0.08983004093170166,0.6862367987632751,0.00015483383322134614,0.21562230587005615,0.494900107383728,0.4949001371860504
/kaggle/input/datasets/tawsifurrahman/covid19-radiography-database/COVID-19_Radiography_Dataset/Normal/images/Normal-2557.png,Normal,Normal,0.01665591634809971,0.14573250710964203,0.8375160694122314,9.547280933475122e-05,0.22369280457496643,,
/kaggle/input/datasets/tawsifurrahman/covid19-radiography-database/COVID-19_Radiography_Dataset/Normal/images/Normal-2566.png,Normal,Normal,0.003138625295832753,0.037417490035295486,0.959218442440033,0.00022542847727891058,0.26439154148101807,0.5395075082778931,0.5395069122314453
/kaggle/input/datasets/tawsifurrahman/covid19-radiography-database/COVID-19_Radiography_Dataset/Normal/images/Normal-2580.png,Normal,Lung_Opacity,0.025284307077527046,0.5743049383163452,0.39957451820373535,0.0008362588123418391,0.20693175494670868,,
/kaggle/input/datasets/tawsifurrahman/covid19-radiography-database/COVID-19_Radiography_Dataset/Normal/images/Normal-259.png,Normal,Normal,0.0008834794862195849,0.005098187830299139,0.9174655675888062,0.07655269652605057,0.13203543424606323,,
/kaggle/input/datasets/tawsifurrahman/covid19-radiography-database/COVID-19_Radiography_Dataset/Normal/images/Normal-2592.png,Normal,Normal,0.00032383890356868505,0.011150590144097805,0.9885255694389343,7.646869448763027e-08,0.29900768399238586,,
/kaggle/input/datasets/tawsifurrahman/covid19-radiography-database/COVID-19_Radiography_Dataset/Normal/images/Normal-26.png,Normal,Normal,0.00011374062887625769,0.0019641893450170755,0.9979162812232971,5.749422143708216e-06,0.21241270005702972,,
/kaggle/input/datasets/tawsifurrahman/covid19-radiography-database/COVID-19_Radiography_Dataset/Normal/images/Normal-2600.png,Normal,Normal,1.0834434078788036e-06,0.012182743288576603,0.9878149032592773,1.3396742133409134e-06,0.29262998700141907,,
/kaggle/input/datasets/tawsifurrahman/covid19-radiography-database/COVID-19_Radiography_Dataset/Normal/images/Normal-2604.png,Normal,Normal,0.006762605160474777,0.017360065132379532,0.9757851362228394,9.222226071869954e-05,0.3577013313770294,,
/kaggle/input/datasets/tawsifurrahman/covid19-radiography-database/COVID-19_Radiography_Dataset/Normal/images/Normal-2620.png,Normal,Normal,0.0001082223971025087,0.002993959467858076,0.9968974590301514,3.0350577162607806e-07,0.27421635389328003,,
/kaggle/input/datasets/tawsifurrahman/covid19-radiography-database/COVID-19_Radiography_Dataset/Normal/images/Normal-2623.png,Normal,Normal,9.156020678346977e-05,0.014529836364090443,0.9853535890579224,2.5076873498619534e-05,0.23820334672927856,,
/kaggle/input/datasets/tawsifurrahman/covid19-radiography-database/COVID-19_Radiography_Dataset/Normal/images/Normal-2624.png,Normal,Normal,0.05393904447555542,0.09887722134590149,0.8470089435577393,0.00017479473899584264,0.33125412464141846,,
/kaggle/input/datasets/tawsifurrahman/covid19-radiography-database/COVID-19_Radiography_Dataset/Normal/images/Normal-2639.png,Normal,Normal,0.003470952855423093,0.1944008469581604,0.7957727909088135,0.00635541183874011,0.2724412977695465,,
/kaggle/input/datasets/tawsifurrahman/covid19-radiography-database/COVID-19_Radiography_Dataset/Normal/images/Normal-2642.png,Normal,Normal,3.28915411955677e-05,0.020649181678891182,0.9792537689208984,6.413234223145992e-05,0.17259374260902405,0.3880196213722229,0.38801923394203186
/kaggle/input/datasets/tawsifurrahman/covid19-radiography-database/COVID-19_Radiography_Dataset/Normal/images/Normal-2645.png,Normal,Normal,0.001393078826367855,0.023100417107343674,0.9755001664161682,6.419924829970114e-06,0.24551695585250854,,
/kaggle/input/datasets/tawsifurrahman/covid19-radiography-database/COVID-19_Radiography_Dataset/Normal/images/Normal-2655.png,Normal,Normal,0.07743861526250839,0.007699583191424608,0.9148584604263306,3.3309477203147253e-06,0.312440425157547,,
/kaggle/input/datasets/tawsifurrahman/covid19-radiography-database/COVID-19_Radiography_Dataset/Normal/images/Normal-2678.png,Normal,Normal,3.1097966711968184e-05,0.013171092607080936,0.9867977499961853,1.0795438498689691e-07,0.3723520040512085,,
/kaggle/input/datasets/tawsifurrahman/covid19-radiography-database/COVID-19_Radiography_Dataset/Normal/images/Normal-268.png,Normal,Normal,2.421270437480416e-05,0.00023934076307341456,0.9997162222862244,2.023846172960475e-05,0.19042977690696716,,
/kaggle/input/datasets/tawsifurrahman/covid19-radiography-database/COVID-19_Radiography_Dataset/Normal/images/Normal-2682.png,Normal,Normal,0.0004327119095250964,0.007093084044754505,0.9924736022949219,7.243605750772986e-07,0.24069306254386902,0.4692319929599762,0.46923190355300903
/kaggle/input/datasets/tawsifurrahman/covid19-radiography-database/COVID-19_Radiography_Dataset/Normal/images/Normal-2687.png,Normal,Normal,0.015569577924907207,0.05330093204975128,0.9311146140098572,1.4803239537286572e-05,0.29251179099082947,,
/kaggle/input/datasets/tawsifurrahman/covid19-radiography-database/COVID-19_Radiography_Dataset/Normal/images/Normal-2690.png,Normal,Normal,0.020273471251130104,0.12707090377807617,0.8526303768157959,2.5196181013598107e-05,0.20986151695251465,,
/kaggle/input/datasets/tawsifurrahman/covid19-radiography-database/COVID-19_Radiography_Dataset/Normal/images/Normal-270.png,Normal,Normal,0.0001438748586224392,8.836922643240541e-05,0.9995532631874084,0.00021455719252116978,0.203385591506958,,
/kaggle/input/datasets/tawsifurrahman/covid19-radiography-database/COVID-19_Radiography_Dataset/Normal/images/Normal-2705.png,Normal,Normal,0.006653741933405399,0.021474109962582588,0.9718713164329529,8.080426141532371e-07,0.2432052493095398,0.4096079170703888,0.40960752964019775
/kaggle/input/datasets/tawsifurrahman/covid19-radiography-database/COVID-19_Radiography_Dataset/Normal/images/Normal-2709.png,Normal,Normal,0.0001249439810635522,0.01614639349281788,0.9830254316329956,0.0007032561115920544,0.4323582947254181,,
/kaggle/input/datasets/tawsifurrahman/covid19-radiography-database/COVID-19_Radiography_Dataset/Normal/images/Normal-2722.png,Normal,Normal,0.00010419584577903152,0.006876854225993156,0.9930185675621033,3.7995795310052927e-07,0.29490360617637634,,
/kaggle/input/datasets/tawsifurrahman/covid19-radiography-database/COVID-19_Radiography_Dataset/Normal/images/Normal-2778.png,Normal,Normal,5.169850555830635e-05,0.05705931782722473,0.9428877234458923,1.315222561970586e-06,0.29019927978515625,0.603472113609314,0.6034719347953796
/kaggle/input/datasets/tawsifurrahman/covid19-radiography-database/COVID-19_Radiography_Dataset/Normal/images/Normal-278.png,Normal,Normal,4.333554102231574e-07,5.754522135248408e-05,0.9993259906768799,0.0006159543409012258,0.21081843972206116,0.3059360384941101,0.3059360086917877
/kaggle/input/datasets/tawsifurrahman/covid19-radiography-database/COVID-19_Radiography_Dataset/Normal/images/Normal-2784.png,Normal,Normal,0.000174792468897067,0.021237356588244438,0.9785577654838562,3.0163479095790535e-05,0.2579720616340637,,
/kaggle/input/datasets/tawsifurrahman/covid19-radiography-database/COVID-19_Radiography_Dataset/Normal/images/Normal-2787.png,Normal,Normal,0.00020341534400358796,0.03649083897471428,0.963304877281189,9.208579285768792e-07,0.3122815191745758,0.3906348943710327,0.39063483476638794
/kaggle/input/datasets/tawsifurrahman/covid19-radiography-database/COVID-19_Radiography_Dataset/Normal/images/Normal-2789.png,Normal,Normal,0.00011619742872426286,0.014223168604075909,0.9856603145599365,3.205978202913684e-07,0.359495609998703,,
/kaggle/input/datasets/tawsifurrahman/covid19-radiography-database/COVID-19_Radiography_Dataset/Normal/images/Normal-2793.png,Normal,Normal,0.0004700085846707225,0.0009756783256307244,0.9985535740852356,7.271534059327678e-07,0.3026970624923706,0.530116081237793,0.5301159620285034
/kaggle/input/datasets/tawsifurrahman/covid19-radiography-database/COVID-19_Radiography_Dataset/Normal/images/Normal-2794.png,Normal,Normal,0.005551233887672424,0.053504716604948044,0.9409436583518982,3.3255966513934254e-07,0.2052188217639923,,
/kaggle/input/datasets/tawsifurrahman/covid19-radiography-database/COVID-19_Radiography_Dataset/Normal/images/Normal-2803.png,Normal,Normal,0.0026528139133006334,0.010961069725453854,0.9863852858543396,7.55041696720582e-07,0.32487809658050537,,
/kaggle/input/datasets/tawsifurrahman/covid19-radiography-database/COVID-19_Radiography_Dataset/Normal/images/Normal-2813.png,Normal,Normal,0.002176818670704961,0.44157570600509644,0.5562230348587036,2.4421109628747217e-05,0.24749048054218292,0.3816736042499542,0.3816736042499542
/kaggle/input/datasets/tawsifurrahman/covid19-radiography-database/COVID-19_Radiography_Dataset/Normal/images/Normal-2814.png,Normal,Normal,0.008023347705602646,0.030508587136864662,0.9614650011062622,3.1300742193707265e-06,0.2577134668827057,,
/kaggle/input/datasets/tawsifurrahman/covid19-radiography-database/COVID-19_Radiography_Dataset/Normal/images/Normal-2819.png,Normal,Normal,0.004740248434245586,0.03787366673350334,0.9573858380317688,2.468795514687372e-07,0.22207853198051453,0.39786118268966675,0.39786091446876526
/kaggle/input/datasets/tawsifurrahman/covid19-radiography-database/COVID-19_Radiography_Dataset/Normal/images/Normal-2835.png,Normal,Normal,0.0007531993323937058,0.0032698833383619785,0.995974600315094,2.2937106223253068e-06,0.2113991677761078,,
/kaggle/input/datasets/tawsifurrahman/covid19-radiography-database/COVID-19_Radiography_Dataset/Normal/images/Normal-2858.png,Normal,Normal,0.006230430211871862,0.002799257170408964,0.9909659624099731,4.329768671595957e-06,0.342972993850708,,
/kaggle/input/datasets/tawsifurrahman/covid19-radiography-database/COVID-19_Radiography_Dataset/Normal/images/Normal-2863.png,Normal,Normal,0.0037655062042176723,0.28616440296173096,0.7100637555122375,6.420119916583644e-06,0.23975740373134613,,
/kaggle/input/datasets/tawsifurrahman/covid19-radiography-database/COVID-19_Radiography_Dataset/Normal/images/Normal-2880.png,Normal,Normal,0.003981828689575195,0.07018934935331345,0.9257888793945312,3.993991049355827e-05,0.3368751108646393,,
/kaggle/input/datasets/tawsifurrahman/covid19-radiography-database/COVID-19_Radiography_Dataset/Normal/images/Normal-2881.png,Normal,Normal,0.03682803735136986,0.12964367866516113,0.8126385807991028,0.020889747887849808,0.05085203796625137,0.10704640299081802,0.10704372078180313
/kaggle/input/datasets/tawsifurrahman/covid19-radiography-database/COVID-19_Radiography_Dataset/Normal/images/Normal-2883.png,Normal,Normal,0.17968128621578217,0.02012004144489765,0.799705445766449,0.0004931561998091638,0.3402237892150879,,
/kaggle/input/datasets/tawsifurrahman/covid19-radiography-database/COVID-19_Radiography_Dataset/Normal/images/Normal-2884.png,Normal,Normal,1.122597859648522e-05,0.01722598448395729,0.9827626943588257,4.345623239032648e-08,0.3362564444541931,0.49256810545921326,0.4925680458545685
/kaggle/input/datasets/tawsifurrahman/covid19-radiography-database/COVID-19_Radiography_Dataset/Normal/images/Normal-2886.png,Normal,Normal,0.0007648215396329761,0.07097622007131577,0.9282587170600891,2.50452160344139e-07,0.25149568915367126,,
/kaggle/input/datasets/tawsifurrahman/covid19-radiography-database/COVID-19_Radiography_Dataset/Normal/images/Normal-289.png,Normal,Normal,7.066486432449892e-06,0.0003638490743469447,0.9774755239486694,0.02215350978076458,0.21671748161315918,,
/kaggle/input/datasets/tawsifurrahman/covid19-radiography-database/COVID-19_Radiography_Dataset/Normal/images/Normal-2893.png,Normal,Normal,1.3452919120027218e-05,0.34793877601623535,0.6520466804504395,1.0627201163515565e-06,0.23120632767677307,,
/kaggle/input/datasets/tawsifurrahman/covid19-radiography-database/COVID-19_Radiography_Dataset/Normal/images/Normal-2899.png,Normal,Normal,0.001128286006860435,0.0036286148242652416,0.995069146156311,0.0001739494182402268,0.28759095072746277,,
/kaggle/input/datasets/tawsifurrahman/covid19-radiography-database/COVID-19_Radiography_Dataset/Normal/images/Normal-2900.png,Normal,Normal,0.002878067782148719,0.009981115348637104,0.9865843653678894,0.0005564497550949454,0.2936471998691559,,
/kaggle/input/datasets/tawsifurrahman/covid19-radiography-database/COVID-19_Radiography_Dataset/Normal/images/Normal-2908.png,Normal,Normal,0.0007637835224159062,0.00013098087219987065,0.9990972280502319,8.06387652119156e-06,0.2777828574180603,,
/kaggle/input/datasets/tawsifurrahman/covid19-radiography-database/COVID-19_Radiography_Dataset/Normal/images/Normal-2913.png,Normal,Normal,0.01117094699293375,0.036006614565849304,0.9528047442436218,1.780918137228582e-05,0.17265233397483826,0.46633532643318176,0.4663352966308594
/kaggle/input/datasets/tawsifurrahman/covid19-radiography-database/COVID-19_Radiography_Dataset/Normal/images/Normal-2915.png,Normal,Normal,0.0004109397705178708,0.39665985107421875,0.6009523272514343,0.0019768704660236835,0.2746342718601227,0.3217942416667938,0.3217940926551819
/kaggle/input/datasets/tawsifurrahman/covid19-radiography-database/COVID-19_Radiography_Dataset/Normal/images/Normal-2920.png,Normal,Normal,0.0009130736580118537,0.002062791958451271,0.9970241189002991,4.355876725981034e-08,0.32469722628593445,,
/kaggle/input/datasets/tawsifurrahman/covid19-radiography-database/COVID-19_Radiography_Dataset/Normal/images/Normal-2929.png,Normal,Normal,0.006019023712724447,0.015169904567301273,0.9787974953651428,1.3514933925762307e-05,0.2409130334854126,,
/kaggle/input/datasets/tawsifurrahman/covid19-radiography-database/COVID-19_Radiography_Dataset/Normal/images/Normal-2931.png,Normal,Normal,0.11199875175952911,0.021990878507494926,0.8660029768943787,7.380888746411074e-06,0.2093033492565155,,
/kaggle/input/datasets/tawsifurrahman/covid19-radiography-database/COVID-19_Radiography_Dataset/Normal/images/Normal-2938.png,Normal,Normal,0.005826771724969149,0.00325188715942204,0.9909197092056274,1.7296421219725744e-06,0.21161577105522156,,
/kaggle/input/datasets/tawsifurrahman/covid19-radiography-database/COVID-19_Radiography_Dataset/Normal/images/Normal-2940.png,Normal,Normal,0.010138442739844322,0.00934662763029337,0.9805112481117249,3.641335297288606e-06,0.2435680776834488,,
/kaggle/input/datasets/tawsifurrahman/covid19-radiography-database/COVID-19_Radiography_Dataset/Normal/images/Normal-2945.png,Normal,Normal,0.0006783597636967897,0.020314007997512817,0.976898193359375,0.0021094942931085825,0.3281653821468353,,
/kaggle/input/datasets/tawsifurrahman/covid19-radiography-database/COVID-19_Radiography_Dataset/Normal/images/Normal-2956.png,Normal,Normal,0.3008612096309662,0.0071500553749501705,0.6919885277748108,2.6254949148096784e-07,0.2449980229139328,,
/kaggle/input/datasets/tawsifurrahman/covid19-radiography-database/COVID-19_Radiography_Dataset/Normal/images/Normal-2957.png,Normal,Normal,0.021930990740656853,0.01721460372209549,0.9607658386230469,8.860481466399506e-05,0.18307770788669586,0.35252654552459717,0.35252657532691956
/kaggle/input/datasets/tawsifurrahman/covid19-radiography-database/COVID-19_Radiography_Dataset/Normal/images/Normal-2965.png,Normal,Normal,0.0010525485267862678,0.0005222248146310449,0.9984251260757446,2.068753985895455e-07,0.3424358367919922,,
/kaggle/input/datasets/tawsifurrahman/covid19-radiography-database/COVID-19_Radiography_Dataset/Normal/images/Normal-2976.png,Normal,Normal,0.034367769956588745,0.006865264382213354,0.9587557911872864,1.1165752766828518e-05,0.2679171860218048,0.5407817363739014,0.5407817363739014
/kaggle/input/datasets/tawsifurrahman/covid19-radiography-database/COVID-19_Radiography_Dataset/Normal/images/Normal-2977.png,Normal,Normal,0.024587199091911316,0.008747471496462822,0.9666652679443359,5.853501505725944e-08,0.29984474182128906,,
/kaggle/input/datasets/tawsifurrahman/covid19-radiography-database/COVID-19_Radiography_Dataset/Normal/images/Normal-2984.png,Normal,Normal,7.731099321972579e-05,0.018809670582413673,0.9810677766799927,4.529448415269144e-05,0.33793124556541443,,
/kaggle/input/datasets/tawsifurrahman/covid19-radiography-database/COVID-19_Radiography_Dataset/Normal/images/Normal-2988.png,Normal,Normal,0.0024299784563481808,0.01050478219985962,0.9870645999908447,6.529307370328752e-07,0.31415483355522156,,
/kaggle/input/datasets/tawsifurrahman/covid19-radiography-database/COVID-19_Radiography_Dataset/Normal/images/Normal-2992.png,Normal,Normal,0.00032409330015070736,0.004310761112719774,0.9953626394271851,2.4623925583000528e-06,0.2795364260673523,,
/kaggle/input/datasets/tawsifurrahman/covid19-radiography-database/COVID-19_Radiography_Dataset/Normal/images/Normal-3.png,Normal,Normal,0.011203664354979992,0.11943506449460983,0.868471086025238,0.0008901584660634398,0.2069719135761261,,
/kaggle/input/datasets/tawsifurrahman/covid19-radiography-database/COVID-19_Radiography_Dataset/Normal/images/Normal-30.png,Normal,Normal,0.06338106095790863,0.009328811429440975,0.9272462129592896,4.3863496102858335e-05,0.26247698068618774,,
/kaggle/input/datasets/tawsifurrahman/covid19-radiography-database/COVID-19_Radiography_Dataset/Normal/images/Normal-3004.png,Normal,Normal,0.0007291840738616884,0.011927006766200066,0.9873320460319519,1.1817564882221632e-05,0.29314833879470825,,
/kaggle/input/datasets/tawsifurrahman/covid19-radiography-database/COVID-19_Radiography_Dataset/Normal/images/Normal-301.png,Normal,Normal,3.782043859246187e-05,2.057367964880541e-05,0.9998427629470825,9.884184692054987e-05,0.2522324323654175,,
/kaggle/input/datasets/tawsifurrahman/covid19-radiography-database/COVID-19_Radiography_Dataset/Normal/images/Normal-3010.png,Normal,Normal,0.0014284871285781264,0.32307401299476624,0.6754878759384155,9.660034265834838e-06,0.31232109665870667,0.4241214096546173,0.42412132024765015
/kaggle/input/datasets/tawsifurrahman/covid19-radiography-database/COVID-19_Radiography_Dataset/Normal/images/Normal-3012.png,Normal,Normal,0.003997861873358488,0.00505405105650425,0.9909479022026062,1.5992230828487664e-07,0.18558694422245026,0.38812094926834106,0.3881208896636963
/kaggle/input/datasets/tawsifurrahman/covid19-radiography-database/COVID-19_Radiography_Dataset/Normal/images/Normal-3029.png,Normal,Normal,0.0011622352758422494,0.09939262270927429,0.899250864982605,0.00019420648459345102,0.2849995493888855,0.39072316884994507,0.3907226026058197
/kaggle/input/datasets/tawsifurrahman/covid19-radiography-database/COVID-19_Radiography_Dataset/Normal/images/Normal-3035.png,Normal,Normal,0.0019516065949574113,0.05036992207169533,0.9476224780082703,5.607375715044327e-05,0.17560337483882904,0.34913671016693115,0.349136620759964
/kaggle/input/datasets/tawsifurrahman/covid19-radiography-database/COVID-19_Radiography_Dataset/Normal/images/Normal-3042.png,Normal,Normal,0.00045123317977413535,0.02441033348441124,0.9751207828521729,1.7649786968831904e-05,0.33189189434051514,0.5053107142448425,0.5053106546401978
/kaggle/input/datasets/tawsifurrahman/covid19-radiography-database/COVID-19_Radiography_Dataset/Normal/images/Normal-3048.png,Normal,Normal,0.021374322474002838,0.032436542212963104,0.9461873173713684,1.8343032479606336e-06,0.3099113702774048,0.4832572340965271,0.4832565486431122
/kaggle/input/datasets/tawsifurrahman/covid19-radiography-database/COVID-19_Radiography_Dataset/Normal/images/Normal-3051.png,Normal,Normal,0.026748832315206528,0.08063104003667831,0.8926165699958801,3.5673956517712213e-06,0.2880876362323761,,
/kaggle/input/datasets/tawsifurrahman/covid19-radiography-database/COVID-19_Radiography_Dataset/Normal/images/Normal-3054.png,Normal,Normal,0.09066345542669296,0.004959194455295801,0.9043763279914856,9.96239919004438e-07,0.26662227511405945,,
/kaggle/input/datasets/tawsifurrahman/covid19-radiography-database/COVID-19_Radiography_Dataset/Normal/images/Normal-3060.png,Normal,Normal,0.0009156314772553742,0.4277431070804596,0.5713380575180054,3.16008072331897e-06,0.2445400059223175,,
/kaggle/input/datasets/tawsifurrahman/covid19-radiography-database/COVID-19_Radiography_Dataset/Normal/images/Normal-3065.png,Normal,Normal,0.00935019925236702,0.008205919526517391,0.9786457419395447,0.003798080375418067,0.21609996259212494,,
/kaggle/input/datasets/tawsifurrahman/covid19-radiography-database/COVID-19_Radiography_Dataset/Normal/images/Normal-3066.png,Normal,Normal,0.3827669024467468,0.011024621315300465,0.6060830354690552,0.00012550261453725398,0.2709674537181854,,
/kaggle/input/datasets/tawsifurrahman/covid19-radiography-database/COVID-19_Radiography_Dataset/Normal/images/Normal-3071.png,Normal,Normal,0.0037702033296227455,0.003605501027777791,0.9926232099533081,1.0534049579291604e-06,0.27365773916244507,,
/kaggle/input/datasets/tawsifurrahman/covid19-radiography-database/COVID-19_Radiography_Dataset/Normal/images/Normal-3077.png,Normal,Normal,0.359088659286499,0.03961143642663956,0.6011818051338196,0.00011816601181635633,0.2988486588001251,,
/kaggle/input/datasets/tawsifurrahman/covid19-radiography-database/COVID-19_Radiography_Dataset/Normal/images/Normal-3079.png,Normal,Normal,0.10670636594295502,0.027698883786797523,0.8655647039413452,3.0043966035009362e-05,0.33279678225517273,0.6239928603172302,0.6239921450614929
/kaggle/input/datasets/tawsifurrahman/covid19-radiography-database/COVID-19_Radiography_Dataset/Normal/images/Normal-3080.png,Normal,Normal,0.006870150566101074,0.012380225583910942,0.9807495474815369,6.885895942332354e-08,0.23256149888038635,,
/kaggle/input/datasets/tawsifurrahman/covid19-radiography-database/COVID-19_Radiography_Dataset/Normal/images/Normal-3085.png,Normal,Normal,1.398738959323964e-06,0.0009718214860185981,0.9990267753601074,1.4095761891042002e-08,0.29573923349380493,,
/kaggle/input/datasets/tawsifurrahman/covid19-radiography-database/COVID-19_Radiography_Dataset/Normal/images/Normal-3087.png,Normal,Normal,0.004933668300509453,0.2218814343214035,0.7731733918190002,1.1507647286634892e-05,0.21845193207263947,,
/kaggle/input/datasets/tawsifurrahman/covid19-radiography-database/COVID-19_Radiography_Dataset/Normal/images/Normal-3089.png,Normal,Normal,0.23433159291744232,0.007374096661806107,0.7582505941390991,4.369736780063249e-05,0.3597773015499115,,
/kaggle/input/datasets/tawsifurrahman/covid19-radiography-database/COVID-19_Radiography_Dataset/Normal/images/Normal-3099.png,Normal,Normal,0.003187946742400527,0.010253587737679482,0.9865477681159973,1.072816758096451e-05,0.2944658696651459,,
/kaggle/input/datasets/tawsifurrahman/covid19-radiography-database/COVID-19_Radiography_Dataset/Normal/images/Normal-3100.png,Normal,Normal,0.00335891405120492,0.046930909156799316,0.9497094750404358,6.423205718419922e-07,0.18307560682296753,,
/kaggle/input/datasets/tawsifurrahman/covid19-radiography-database/COVID-19_Radiography_Dataset/Normal/images/Normal-3103.png,Normal,Normal,0.010096989572048187,0.01355863269418478,0.9763420820236206,2.321072088307119e-06,0.30769771337509155,,
/kaggle/input/datasets/tawsifurrahman/covid19-radiography-database/COVID-19_Radiography_Dataset/Normal/images/Normal-3114.png,Normal,Normal,6.326505535980687e-05,0.002641798462718725,0.9972943663597107,5.914574217058544e-07,0.2956198751926422,,
/kaggle/input/datasets/tawsifurrahman/covid19-radiography-database/COVID-19_Radiography_Dataset/Normal/images/Normal-312.png,Normal,Normal,0.0009361351258121431,0.0013049087719991803,0.9936111569404602,0.004147813655436039,0.1717558205127716,0.3254866302013397,0.3254863917827606
/kaggle/input/datasets/tawsifurrahman/covid19-radiography-database/COVID-19_Radiography_Dataset/Normal/images/Normal-3138.png,Normal,Normal,0.00027251223218627274,0.04592500254511833,0.9537968635559082,5.636910373141291e-06,0.2254469245672226,,
/kaggle/input/datasets/tawsifurrahman/covid19-radiography-database/COVID-19_Radiography_Dataset/Normal/images/Normal-3142.png,Normal,Normal,0.006309616845101118,0.013550751842558384,0.9801301956176758,9.404533557244577e-06,0.33386531472206116,,
/kaggle/input/datasets/tawsifurrahman/covid19-radiography-database/COVID-19_Radiography_Dataset/Normal/images/Normal-3144.png,Normal,Normal,0.04050639644265175,0.009936673566699028,0.9495481252670288,8.876267202140298e-06,0.3057652711868286,0.6294298768043518,0.6294293403625488
/kaggle/input/datasets/tawsifurrahman/covid19-radiography-database/COVID-19_Radiography_Dataset/Normal/images/Normal-3154.png,Normal,Normal,0.0036508790217339993,0.07718652486801147,0.9191465973854065,1.6002102711354382e-05,0.1684880256652832,,
/kaggle/input/datasets/tawsifurrahman/covid19-radiography-database/COVID-19_Radiography_Dataset/Normal/images/Normal-3162.png,Normal,Normal,0.007074832450598478,0.04134844243526459,0.951560378074646,1.632563908060547e-05,0.20473989844322205,,
/kaggle/input/datasets/tawsifurrahman/covid19-radiography-database/COVID-19_Radiography_Dataset/Normal/images/Normal-3168.png,Normal,Normal,0.00161465082783252,0.007316905539482832,0.9910650849342346,3.361876679264242e-06,0.35353609919548035,0.4740644097328186,0.47406435012817383
/kaggle/input/datasets/tawsifurrahman/covid19-radiography-database/COVID-19_Radiography_Dataset/Normal/images/Normal-3175.png,Normal,Normal,0.0004976352793164551,0.1884801983833313,0.8110212087631226,9.394398148288019e-07,0.2523929178714752,,
/kaggle/input/datasets/tawsifurrahman/covid19-radiography-database/COVID-19_Radiography_Dataset/Normal/images/Normal-319.png,Normal,Normal,2.858388143067714e-06,0.0002689682296477258,0.9922372698783875,0.007490871008485556,0.254963219165802,0.3309158682823181,0.33091580867767334
/kaggle/input/datasets/tawsifurrahman/covid19-radiography-database/COVID-19_Radiography_Dataset/Normal/images/Normal-3193.png,Normal,Normal,0.0008310738485306501,0.011094716377556324,0.9880741238594055,1.69734235555552e-08,0.16360421478748322,,
/kaggle/input/datasets/tawsifurrahman/covid19-radiography-database/COVID-19_Radiography_Dataset/Normal/images/Normal-3196.png,Normal,Normal,0.0006376395467668772,0.06411445140838623,0.9352449178695679,3.0003388928889763e-06,0.2132297307252884,0.29894837737083435,0.29894837737083435
/kaggle/input/datasets/tawsifurrahman/covid19-radiography-database/COVID-19_Radiography_Dataset/Normal/images/Normal-3206.png,Normal,Normal,0.0005781145300716162,0.0007018772303126752,0.9987176656723022,2.3046520709613105e-06,0.19632983207702637,,
/kaggle/input/datasets/tawsifurrahman/covid19-radiography-database/COVID-19_Radiography_Dataset/Normal/images/Normal-3208.png,Normal,Normal,0.16301879286766052,0.029661042615771294,0.7733989953994751,0.033921122550964355,0.2955002188682556,,
/kaggle/input/datasets/tawsifurrahman/covid19-radiography-database/COVID-19_Radiography_Dataset/Normal/images/Normal-3212.png,Normal,Normal,0.0014801542274653912,0.04309171065688133,0.9554256796836853,2.422496436338406e-06,0.2855152189731598,,
/kaggle/input/datasets/tawsifurrahman/covid19-radiography-database/COVID-19_Radiography_Dataset/Normal/images/Normal-3214.png,Normal,Normal,7.583331898786128e-05,0.3694606125354767,0.6304623484611511,1.2259815775905736e-06,0.2596275806427002,,
/kaggle/input/datasets/tawsifurrahman/covid19-radiography-database/COVID-19_Radiography_Dataset/Normal/images/Normal-3225.png,Normal,Normal,0.00036741895019076765,0.23348559439182281,0.7661435008049011,3.4935103485622676e-06,0.2532098889350891,0.5210850238800049,0.5210849046707153
/kaggle/input/datasets/tawsifurrahman/covid19-radiography-database/COVID-19_Radiography_Dataset/Normal/images/Normal-3241.png,Normal,Normal,0.00040101981721818447,0.020117130130529404,0.9794797301292419,2.2197393718670355e-06,0.23419591784477234,,
/kaggle/input/datasets/tawsifurrahman/covid19-radiography-database/COVID-19_Radiography_Dataset/Normal/images/Normal-3242.png,Normal,Normal,0.011585919186472893,0.022891009226441383,0.9655209183692932,2.236012278444832e-06,0.24707148969173431,,
/kaggle/input/datasets/tawsifurrahman/covid19-radiography-database/COVID-19_Radiography_Dataset/Normal/images/Normal-3257.png,Normal,Normal,0.004280706401914358,0.16568811237812042,0.8300099968910217,2.114936251018662e-05,0.2302713394165039,,
/kaggle/input/datasets/tawsifurrahman/covid19-radiography-database/COVID-19_Radiography_Dataset/Normal/images/Normal-326.png,Normal,Normal,0.004424752201884985,0.0011816596379503608,0.9013170003890991,0.09307665377855301,0.21014279127120972,,
/kaggle/input/datasets/tawsifurrahman/covid19-radiography-database/COVID-19_Radiography_Dataset/Normal/images/Normal-3262.png,Normal,COVID,0.8768710494041443,0.013198130764067173,0.1098652333021164,6.564811337739229e-05,0.36732718348503113,,
/kaggle/input/datasets/tawsifurrahman/covid19-radiography-database/COVID-19_Radiography_Dataset/Normal/images/Normal-3273.png,Normal,Normal,0.058270566165447235,0.012822783552110195,0.9259655475616455,0.0029410638380795717,0.2128310650587082,0.3147067725658417,0.3147066533565521
/kaggle/input/datasets/tawsifurrahman/covid19-radiography-database/COVID-19_Radiography_Dataset/Normal/images/Normal-3276.png,Normal,Normal,0.004007453098893166,0.03155691921710968,0.9644345045089722,1.083836082216294e-06,0.22233767807483673,,
/kaggle/input/datasets/tawsifurrahman/covid19-radiography-database/COVID-19_Radiography_Dataset/Normal/images/Normal-3281.png,Normal,Normal,8.93000396899879e-05,0.005526989698410034,0.9943650960922241,1.870474443421699e-05,0.40375980734825134,0.4344577491283417,0.43445760011672974
/kaggle/input/datasets/tawsifurrahman/covid19-radiography-database/COVID-19_Radiography_Dataset/Normal/images/Normal-3284.png,Normal,Normal,0.0009713710751384497,0.0008975869277492166,0.9981309771537781,6.8690271248783574e-09,0.3240794539451599,0.4182990789413452,0.4182990491390228
/kaggle/input/datasets/tawsifurrahman/covid19-radiography-database/COVID-19_Radiography_Dataset/Normal/images/Normal-3287.png,Normal,Normal,0.015095760114490986,0.0410684309899807,0.9434513449668884,0.0003844161401502788,0.24792805314064026,0.48416709899902344,0.48416683077812195
/kaggle/input/datasets/tawsifurrahman/covid19-radiography-database/COVID-19_Radiography_Dataset/Normal/images/Normal-3312.png,Normal,Normal,0.0007843726198188961,0.0016856701113283634,0.9975252747535706,4.73976206194493e-06,0.18604642152786255,,
/kaggle/input/datasets/tawsifurrahman/covid19-radiography-database/COVID-19_Radiography_Dataset/Normal/images/Normal-3318.png,Normal,Normal,7.83199502620846e-05,0.001343037118203938,0.9985780715942383,6.220264481271442e-07,0.30127960443496704,0.495290070772171,0.495290070772171
/kaggle/input/datasets/tawsifurrahman/covid19-radiography-database/COVID-19_Radiography_Dataset/Normal/images/Normal-3323.png,Normal,Normal,3.7445835914695635e-05,0.004381195176392794,0.9955215454101562,5.9786249039461836e-05,0.15953902900218964,,
/kaggle/input/datasets/tawsifurrahman/covid19-radiography-database/COVID-19_Radiography_Dataset/Normal/images/Normal-3345.png,Normal,Normal,0.00012643635272979736,0.0077484906651079655,0.9921247363090515,3.520771372222953e-07,0.26365232467651367,,
/kaggle/input/datasets/tawsifurrahman/covid19-radiography-database/COVID-19_Radiography_Dataset/Normal/images/Normal-3346.png,Normal,Normal,0.07451179623603821,0.0024400644470006227,0.9230478405952454,3.136249517865508e-07,0.2696343660354614,0.4869104027748108,0.486909419298172
/kaggle/input/datasets/tawsifurrahman/covid19-radiography-database/COVID-19_Radiography_Dataset/Normal/images/Normal-3349.png,Normal,Normal,3.353782813064754e-05,0.016900885850191116,0.9830654859542847,1.0829492680386466e-07,0.238002747297287,,
/kaggle/input/datasets/tawsifurrahman/covid19-radiography-database/COVID-19_Radiography_Dataset/Normal/images/Normal-3352.png,Normal,Normal,0.0005564054590649903,0.0058224438689649105,0.9936193823814392,1.8338778318138793e-06,0.26578494906425476,,
/kaggle/input/datasets/tawsifurrahman/covid19-radiography-database/COVID-19_Radiography_Dataset/Normal/images/Normal-3353.png,Normal,Normal,0.00015462459123227745,0.08899278938770294,0.9108517169952393,8.687171657584258e-07,0.23226311802864075,0.3462525010108948,0.3462524116039276
/kaggle/input/datasets/tawsifurrahman/covid19-radiography-database/COVID-19_Radiography_Dataset/Normal/images/Normal-3359.png,Normal,Normal,0.0026265231426805258,0.013911610469222069,0.983460009098053,1.894070919661317e-06,0.2806932330131531,,
/kaggle/input/datasets/tawsifurrahman/covid19-radiography-database/COVID-19_Radiography_Dataset/Normal/images/Normal-3362.png,Normal,Lung_Opacity,2.9708642614423297e-05,0.8093008995056152,0.19065144658088684,1.79389571712818e-05,0.158183291554451,,
/kaggle/input/datasets/tawsifurrahman/covid19-radiography-database/COVID-19_Radiography_Dataset/Normal/images/Normal-3366.png,Normal,Normal,0.0008213577675633132,0.03471232205629349,0.9644647836685181,1.5011280538601568e-06,0.3088134229183197,0.3989727199077606,0.39897269010543823
/kaggle/input/datasets/tawsifurrahman/covid19-radiography-database/COVID-19_Radiography_Dataset/Normal/images/Normal-3368.png,Normal,Normal,7.791496318532154e-05,0.040769174695014954,0.9590927362442017,6.016071711201221e-05,0.22983156144618988,,
/kaggle/input/datasets/tawsifurrahman/covid19-radiography-database/COVID-19_Radiography_Dataset/Normal/images/Normal-337.png,Normal,Normal,1.0408493835711852e-05,0.00019094235904049128,0.9996429681777954,0.0001556581410113722,0.18869633972644806,,
/kaggle/input/datasets/tawsifurrahman/covid19-radiography-database/COVID-19_Radiography_Dataset/Normal/images/Normal-3388.png,Normal,Lung_Opacity,0.0013421655166894197,0.7385897040367126,0.26006296277046204,5.204758053878322e-06,0.19527298212051392,,
/kaggle/input/datasets/tawsifurrahman/covid19-radiography-database/COVID-19_Radiography_Dataset/Normal/images/Normal-3391.png,Normal,Normal,0.021825067698955536,0.032123442739248276,0.9455391764640808,0.0005123631563037634,0.2627573609352112,,
/kaggle/input/datasets/tawsifurrahman/covid19-radiography-database/COVID-19_Radiography_Dataset/Normal/images/Normal-3405.png,Normal,COVID,0.9070898294448853,0.024390608072280884,0.06851600855588913,3.5560494779929286e-06,0.19543221592903137,,
/kaggle/input/datasets/tawsifurrahman/covid19-radiography-database/COVID-19_Radiography_Dataset/Normal/images/Normal-3406.png,Normal,Normal,0.01196338888257742,0.4840244650840759,0.5035449862480164,0.0004671530332416296,0.19634924829006195,,
/kaggle/input/datasets/tawsifurrahman/covid19-radiography-database/COVID-19_Radiography_Dataset/Normal/images/Normal-3413.png,Normal,Normal,0.0053236340172588825,0.008106250315904617,0.9865386486053467,3.151651253574528e-05,0.29065778851509094,0.5990598797798157,0.5990595817565918
/kaggle/input/datasets/tawsifurrahman/covid19-radiography-database/COVID-19_Radiography_Dataset/Normal/images/Normal-3414.png,Normal,Normal,4.281627116142772e-05,0.00374893588013947,0.9962081909179688,3.4153217143284564e-08,0.33462443947792053,,
/kaggle/input/datasets/tawsifurrahman/covid19-radiography-database/COVID-19_Radiography_Dataset/Normal/images/Normal-3418.png,Normal,Normal,0.01643390953540802,0.0013993355678394437,0.9821656346321106,1.0631647455738857e-06,0.4080638587474823,,
/kaggle/input/datasets/tawsifurrahman/covid19-radiography-database/COVID-19_Radiography_Dataset/Normal/images/Normal-3427.png,Normal,Normal,0.10140000283718109,0.10824563354253769,0.7903468012809753,7.548524081357755e-06,0.28182822465896606,0.36415812373161316,0.3641580641269684
/kaggle/input/datasets/tawsifurrahman/covid19-radiography-database/COVID-19_Radiography_Dataset/Normal/images/Normal-3429.png,Normal,Normal,0.008495423942804337,0.14639300107955933,0.8451017141342163,9.80905861069914e-06,0.29298996925354004,,
/kaggle/input/datasets/tawsifurrahman/covid19-radiography-database/COVID-19_Radiography_Dataset/Normal/images/Normal-3437.png,Normal,Normal,5.203355249250308e-05,0.017488855868577957,0.9824581742286682,1.0237315564154414e-06,0.33665525913238525,,
/kaggle/input/datasets/tawsifurrahman/covid19-radiography-database/COVID-19_Radiography_Dataset/Normal/images/Normal-3438.png,Normal,Normal,0.00037900943425484,0.006974326446652412,0.9926465749740601,1.0119276794284815e-07,0.27551037073135376,0.497732549905777,0.4977324903011322
/kaggle/input/datasets/tawsifurrahman/covid19-radiography-database/COVID-19_Radiography_Dataset/Normal/images/Normal-3445.png,Normal,Normal,8.282044291263446e-05,0.03634101524949074,0.9635749459266663,1.2322205975578981e-06,0.21424657106399536,0.4741049110889435,0.4741048812866211
/kaggle/input/datasets/tawsifurrahman/covid19-radiography-database/COVID-19_Radiography_Dataset/Normal/images/Normal-3447.png,Normal,Normal,0.001637202687561512,0.006826034281402826,0.9915327429771423,4.078657184436452e-06,0.22626368701457977,,
/kaggle/input/datasets/tawsifurrahman/covid19-radiography-database/COVID-19_Radiography_Dataset/Normal/images/Normal-3454.png,Normal,Normal,0.006654380355030298,0.006149575114250183,0.9864835143089294,0.0007124749245122075,0.2470117211341858,0.5361703634262085,0.5361703038215637
/kaggle/input/datasets/tawsifurrahman/covid19-radiography-database/COVID-19_Radiography_Dataset/Normal/images/Normal-3457.png,Normal,Normal,0.04991009086370468,0.26016339659690857,0.6899162530899048,1.024045832309639e-05,0.20194970071315765,,
/kaggle/input/datasets/tawsifurrahman/covid19-radiography-database/COVID-19_Radiography_Dataset/Normal/images/Normal-3465.png,Normal,Normal,0.008689368143677711,0.007156990002840757,0.984098494052887,5.506179149961099e-05,0.3403823971748352,,
/kaggle/input/datasets/tawsifurrahman/covid19-radiography-database/COVID-19_Radiography_Dataset/Normal/images/Normal-3476.png,Normal,Normal,0.00033368420554324985,0.0030577934812754393,0.9966081380844116,3.597196496230026e-07,0.3047676384449005,0.4060385823249817,0.4060384929180145
/kaggle/input/datasets/tawsifurrahman/covid19-radiography-database/COVID-19_Radiography_Dataset/Normal/images/Normal-348.png,Normal,Normal,0.000561767490580678,0.0007224287837743759,0.9524195194244385,0.04629630595445633,0.21466468274593353,,
/kaggle/input/datasets/tawsifurrahman/covid19-radiography-database/COVID-19_Radiography_Dataset/Normal/images/Normal-3482.png,Normal,Normal,0.00032593702781014144,0.0009410309139639139,0.998731791973114,1.2213432682983694e-06,0.31116509437561035,,
/kaggle/input/datasets/tawsifurrahman/covid19-radiography-database/COVID-19_Radiography_Dataset/Normal/images/Normal-3486.png,Normal,Normal,0.0005116803222335875,0.00447467714548111,0.9950116872787476,2.0049892555107363e-06,0.29779213666915894,,
/kaggle/input/datasets/tawsifurrahman/covid19-radiography-database/COVID-19_Radiography_Dataset/Normal/images/Normal-3487.png,Normal,Normal,0.016308845952153206,0.06269745528697968,0.9209931492805481,5.449672357826785e-07,0.19545310735702515,,
/kaggle/input/datasets/tawsifurrahman/covid19-radiography-database/COVID-19_Radiography_Dataset/Normal/images/Normal-3491.png,Normal,Normal,0.0008741999627090991,0.024901123717427254,0.9742246270179749,1.276070236144733e-07,0.14913515746593475,,
/kaggle/input/datasets/tawsifurrahman/covid19-radiography-database/COVID-19_Radiography_Dataset/Normal/images/Normal-3505.png,Normal,Normal,0.0013604051200672984,0.0225666631013155,0.9760564565658569,1.64263547048904e-05,0.25372716784477234,,
/kaggle/input/datasets/tawsifurrahman/covid19-radiography-database/COVID-19_Radiography_Dataset/Normal/images/Normal-3507.png,Normal,Normal,0.02530764974653721,0.24567291140556335,0.7290154099464417,4.010074007965159e-06,0.24400493502616882,,
/kaggle/input/datasets/tawsifurrahman/covid19-radiography-database/COVID-19_Radiography_Dataset/Normal/images/Normal-3509.png,Normal,Normal,0.0049608382396399975,0.03589542582631111,0.9590230584144592,0.00012071753735654056,0.22967182099819183,0.2924117147922516,0.2924117147922516
/kaggle/input/datasets/tawsifurrahman/covid19-radiography-database/COVID-19_Radiography_Dataset/Normal/images/Normal-3511.png,Normal,Normal,0.021708108484745026,0.0012168723624199629,0.9770727157592773,2.2501328658108832e-06,0.2684357762336731,,
/kaggle/input/datasets/tawsifurrahman/covid19-radiography-database/COVID-19_Radiography_Dataset/Normal/images/Normal-3516.png,Normal,Normal,0.0006043788162060082,0.03705904632806778,0.9623364806175232,1.7763426285455353e-07,0.24071310460567474,,
/kaggle/input/datasets/tawsifurrahman/covid19-radiography-database/COVID-19_Radiography_Dataset/Normal/images/Normal-3532.png,Normal,Normal,0.0017004000255838037,0.0019773838575929403,0.9963125586509705,9.633848094381392e-06,0.22845663130283356,,
/kaggle/input/datasets/tawsifurrahman/covid19-radiography-database/COVID-19_Radiography_Dataset/Normal/images/Normal-3534.png,Normal,Normal,0.005696182604879141,0.027642544358968735,0.9666436314582825,1.762354077072814e-05,0.21313074231147766,,
/kaggle/input/datasets/tawsifurrahman/covid19-radiography-database/COVID-19_Radiography_Dataset/Normal/images/Normal-3540.png,Normal,Normal,0.00010530865984037519,0.026271851733326912,0.9736024141311646,2.0422492525540292e-05,0.22289562225341797,,
/kaggle/input/datasets/tawsifurrahman/covid19-radiography-database/COVID-19_Radiography_Dataset/Normal/images/Normal-3545.png,Normal,Normal,4.3828622438013554e-05,0.15219362080097198,0.8477615118026733,9.532064950690256e-07,0.17055989801883698,,
/kaggle/input/datasets/tawsifurrahman/covid19-radiography-database/COVID-19_Radiography_Dataset/Normal/images/Normal-3549.png,Normal,Normal,0.0008719545439817011,0.01719452254474163,0.9819298386573792,3.67039820048376e-06,0.2741564214229584,0.580413281917572,0.5804132223129272
/kaggle/input/datasets/tawsifurrahman/covid19-radiography-database/COVID-19_Radiography_Dataset/Normal/images/Normal-3559.png,Normal,Lung_Opacity,0.005873042158782482,0.5946447253227234,0.3988783061504364,0.0006038632127456367,0.15077081322669983,,
/kaggle/input/datasets/tawsifurrahman/covid19-radiography-database/COVID-19_Radiography_Dataset/Normal/images/Normal-356.png,Normal,Normal,3.647282574092969e-05,0.0005181466694921255,0.9892922639846802,0.010153157636523247,0.18213924765586853,,
/kaggle/input/datasets/tawsifurrahman/covid19-radiography-database/COVID-19_Radiography_Dataset/Normal/images/Normal-3562.png,Normal,Normal,8.662848267704248e-05,0.08559916168451309,0.9140024781227112,0.0003117412270512432,0.2621374726295471,0.3578782081604004,0.3578781485557556
/kaggle/input/datasets/tawsifurrahman/covid19-radiography-database/COVID-19_Radiography_Dataset/Normal/images/Normal-3566.png,Normal,Normal,0.004259064327925444,0.0031972730066627264,0.9925427436828613,9.049976483765931e-07,0.32802584767341614,,
/kaggle/input/datasets/tawsifurrahman/covid19-radiography-database/COVID-19_Radiography_Dataset/Normal/images/Normal-3567.png,Normal,Normal,0.00991323497146368,0.026256240904331207,0.9638293981552124,1.1629393839029945e-06,0.23876020312309265,,
/kaggle/input/datasets/tawsifurrahman/covid19-radiography-database/COVID-19_Radiography_Dataset/Normal/images/Normal-3586.png,Normal,Normal,0.026530910283327103,0.026468131691217422,0.9466750621795654,0.00032590870978310704,0.37675511837005615,0.47657790780067444,0.47657716274261475
/kaggle/input/datasets/tawsifurrahman/covid19-radiography-database/COVID-19_Radiography_Dataset/Normal/images/Normal-3598.png,Normal,Normal,0.003287847386673093,0.003246948355808854,0.9934572577476501,8.00066572992364e-06,0.31479257345199585,,
/kaggle/input/datasets/tawsifurrahman/covid19-radiography-database/COVID-19_Radiography_Dataset/Normal/images/Normal-36.png,Normal,Normal,1.4685951100545935e-05,0.006680444348603487,0.9933047890663147,7.521134648413863e-08,0.24750949442386627,,
/kaggle/input/datasets/tawsifurrahman/covid19-radiography-database/COVID-19_Radiography_Dataset/Normal/images/Normal-3602.png,Normal,Normal,0.022466663271188736,0.005747566930949688,0.9717773795127869,8.3977001850144e-06,0.2592478096485138,,
/kaggle/input/datasets/tawsifurrahman/covid19-radiography-database/COVID-19_Radiography_Dataset/Normal/images/Normal-3604.png,Normal,Normal,9.57686934270896e-05,0.009144175797700882,0.9907557368278503,4.351254574430641e-06,0.28960490226745605,0.47701817750930786,0.4770178198814392
/kaggle/input/datasets/tawsifurrahman/covid19-radiography-database/COVID-19_Radiography_Dataset/Normal/images/Normal-3609.png,Normal,Normal,0.0017715530702844262,0.0010887441458180547,0.9955493211746216,0.001590440864674747,0.15965814888477325,0.27797937393188477,0.27797937393188477
/kaggle/input/datasets/tawsifurrahman/covid19-radiography-database/COVID-19_Radiography_Dataset/Normal/images/Normal-361.png,Normal,Normal,2.7871612473973073e-05,8.687501394888386e-05,0.9994049072265625,0.0004803579649887979,0.25920820236206055,,
/kaggle/input/datasets/tawsifurrahman/covid19-radiography-database/COVID-19_Radiography_Dataset/Normal/images/Normal-3610.png,Normal,Normal,0.013499883934855461,0.0030845673754811287,0.9834098815917969,5.7127117543132044e-06,0.2616799473762512,,
/kaggle/input/datasets/tawsifurrahman/covid19-radiography-database/COVID-19_Radiography_Dataset/Normal/images/Normal-3628.png,Normal,Normal,0.13418622314929962,0.007599195931106806,0.8581545948982239,6.0023157857358456e-05,0.27905914187431335,0.47773104906082153,0.47773081064224243
/kaggle/input/datasets/tawsifurrahman/covid19-radiography-database/COVID-19_Radiography_Dataset/Normal/images/Normal-3643.png,Normal,Normal,0.00011427321442170069,0.004967765882611275,0.9949177503585815,3.3822419709395035e-07,0.279695987701416,,
/kaggle/input/datasets/tawsifurrahman/covid19-radiography-database/COVID-19_Radiography_Dataset/Normal/images/Normal-365.png,Normal,Normal,0.00012033220991725102,4.668414476327598e-05,0.9930216670036316,0.006811301689594984,0.2020496279001236,,
/kaggle/input/datasets/tawsifurrahman/covid19-radiography-database/COVID-19_Radiography_Dataset/Normal/images/Normal-3657.png,Normal,Normal,0.00014805176761001348,0.1074499860405922,0.8923817276954651,2.0218425561324693e-05,0.27088668942451477,0.28041914105415344,0.28041908144950867
/kaggle/input/datasets/tawsifurrahman/covid19-radiography-database/COVID-19_Radiography_Dataset/Normal/images/Normal-3659.png,Normal,Normal,0.0004900247440673411,0.008464587852358818,0.9910377264022827,7.639816431037616e-06,0.2558394968509674,0.4304264485836029,0.4304264485836029
/kaggle/input/datasets/tawsifurrahman/covid19-radiography-database/COVID-19_Radiography_Dataset/Normal/images/Normal-367.png,Normal,Normal,0.0018838783726096153,0.0007759305881336331,0.9962077140808105,0.0011325109517201781,0.24198848009109497,,
/kaggle/input/datasets/tawsifurrahman/covid19-radiography-database/COVID-19_Radiography_Dataset/Normal/images/Normal-3671.png,Normal,Normal,0.0057128556072711945,0.0645560696721077,0.9296655058860779,6.551195110660046e-05,0.27012959122657776,,
/kaggle/input/datasets/tawsifurrahman/covid19-radiography-database/COVID-19_Radiography_Dataset/Normal/images/Normal-3673.png,Normal,Normal,0.192388117313385,0.03424442186951637,0.7733656764030457,1.7416713262718986e-06,0.15724681317806244,0.2342929244041443,0.23429284989833832
/kaggle/input/datasets/tawsifurrahman/covid19-radiography-database/COVID-19_Radiography_Dataset/Normal/images/Normal-3683.png,Normal,Normal,0.07358640432357788,0.022401032969355583,0.9039966464042664,1.585080462973565e-05,0.23636943101882935,0.328840434551239,0.3288402259349823
/kaggle/input/datasets/tawsifurrahman/covid19-radiography-database/COVID-19_Radiography_Dataset/Normal/images/Normal-3684.png,Normal,Normal,0.0048086391761898994,0.010279788635671139,0.9848909974098206,2.0572362700477242e-05,0.32736778259277344,,
/kaggle/input/datasets/tawsifurrahman/covid19-radiography-database/COVID-19_Radiography_Dataset/Normal/images/Normal-369.png,Normal,Normal,3.215178367099725e-05,0.001512461923994124,0.9856186509132385,0.012836746871471405,0.1412833333015442,,
/kaggle/input/datasets/tawsifurrahman/covid19-radiography-database/COVID-19_Radiography_Dataset/Normal/images/Normal-3701.png,Normal,Normal,7.712375804658222e-07,0.001669771852903068,0.9983270764350891,2.472313326506992e-06,0.27178463339805603,,
/kaggle/input/datasets/tawsifurrahman/covid19-radiography-database/COVID-19_Radiography_Dataset/Normal/images/Normal-3707.png,Normal,Normal,0.09060844779014587,0.11118542402982712,0.7981642484664917,4.18530689785257e-05,0.18867813050746918,,
/kaggle/input/datasets/tawsifurrahman/covid19-radiography-database/COVID-19_Radiography_Dataset/Normal/images/Normal-3710.png,Normal,Normal,4.032037395518273e-05,0.0039692409336566925,0.9959813356399536,9.096814210352022e-06,0.3077380955219269,,
/kaggle/input/datasets/tawsifurrahman/covid19-radiography-database/COVID-19_Radiography_Dataset/Normal/images/Normal-3719.png,Normal,Normal,0.45110049843788147,0.004656647332012653,0.5436660051345825,0.0005768180126324296,0.33599817752838135,0.5975141525268555,0.5975138545036316
/kaggle/input/datasets/tawsifurrahman/covid19-radiography-database/COVID-19_Radiography_Dataset/Normal/images/Normal-3721.png,Normal,Normal,0.01071942038834095,0.0017237504944205284,0.9875561594963074,6.564183081536612e-07,0.310388445854187,0.5559094548225403,0.5559088587760925
/kaggle/input/datasets/tawsifurrahman/covid19-radiography-database/COVID-19_Radiography_Dataset/Normal/images/Normal-373.png,Normal,Normal,0.00041769107338041067,0.0007812145631760359,0.9983419179916382,0.00045910500921308994,0.20705191791057587,0.29775798320770264,0.29775798320770264
/kaggle/input/datasets/tawsifurrahman/covid19-radiography-database/COVID-19_Radiography_Dataset/Normal/images/Normal-3733.png,Normal,Lung_Opacity,0.00045600146404467523,0.6644575595855713,0.3350796401500702,6.739065156580182e-06,0.15274301171302795,,
/kaggle/input/datasets/tawsifurrahman/covid19-radiography-database/COVID-19_Radiography_Dataset/Normal/images/Normal-3737.png,Normal,Lung_Opacity,0.14592403173446655,0.7485015988349915,0.10373178869485855,0.001842594239860773,0.23172429203987122,,
/kaggle/input/datasets/tawsifurrahman/covid19-radiography-database/COVID-19_Radiography_Dataset/Normal/images/Normal-3739.png,Normal,Normal,0.0017998440889641643,0.010948562994599342,0.9872515201568604,4.123130281641352e-08,0.24990087747573853,0.4224606156349182,0.42246052622795105
/kaggle/input/datasets/tawsifurrahman/covid19-radiography-database/COVID-19_Radiography_Dataset/Normal/images/Normal-3740.png,Normal,Normal,0.0029631187207996845,0.3911733329296112,0.6058070063591003,5.6549706641817465e-05,0.2755725085735321,,
/kaggle/input/datasets/tawsifurrahman/covid19-radiography-database/COVID-19_Radiography_Dataset/Normal/images/Normal-3741.png,Normal,Normal,0.0012161142658442259,0.04236648231744766,0.9563391208648682,7.832315895939246e-05,0.3144543468952179,,
/kaggle/input/datasets/tawsifurrahman/covid19-radiography-database/COVID-19_Radiography_Dataset/Normal/images/Normal-3769.png,Normal,Normal,0.002950896043330431,0.09092070162296295,0.9050337672233582,0.0010946987895295024,0.35754168033599854,,
/kaggle/input/datasets/tawsifurrahman/covid19-radiography-database/COVID-19_Radiography_Dataset/Normal/images/Normal-377.png,Normal,Normal,0.00037355400854721665,8.453660120721906e-05,0.9372595548629761,0.062282390892505646,0.22474950551986694,,
/kaggle/input/datasets/tawsifurrahman/covid19-radiography-database/COVID-19_Radiography_Dataset/Normal/images/Normal-3777.png,Normal,Normal,0.0007145671406760812,0.004700985737144947,0.9945843815803528,5.7168904277205e-08,0.16302640736103058,0.30373233556747437,0.3037322759628296
/kaggle/input/datasets/tawsifurrahman/covid19-radiography-database/COVID-19_Radiography_Dataset/Normal/images/Normal-3779.png,Normal,Normal,0.00020399152708705515,0.011878987774252892,0.9879111051559448,5.8829136833082885e-06,0.2514556348323822,,
/kaggle/input/datasets/tawsifurrahman/covid19-radiography-database/COVID-19_Radiography_Dataset/Normal/images/Normal-3780.png,Normal,Normal,0.02953789196908474,0.07281586527824402,0.8976461291313171,8.754904712304779e-08,0.18658322095870972,,
/kaggle/input/datasets/tawsifurrahman/covid19-radiography-database/COVID-19_Radiography_Dataset/Normal/images/Normal-3806.png,Normal,Normal,0.036739230155944824,0.0076628178358078,0.9555740356445312,2.3933245756779797e-05,0.33165448904037476,0.6437374353408813,0.6437374949455261
/kaggle/input/datasets/tawsifurrahman/covid19-radiography-database/COVID-19_Radiography_Dataset/Normal/images/Normal-382.png,Normal,Normal,0.0027385808061808348,0.01938658393919468,0.8597840070724487,0.1180909052491188,0.15328073501586914,,
/kaggle/input/datasets/tawsifurrahman/covid19-radiography-database/COVID-19_Radiography_Dataset/Normal/images/Normal-3820.png,Normal,Normal,0.00222200364805758,0.008399808779358864,0.9893770217895508,1.1092832892245497e-06,0.25530141592025757,,
/kaggle/input/datasets/tawsifurrahman/covid19-radiography-database/COVID-19_Radiography_Dataset/Normal/images/Normal-3839.png,Normal,Normal,0.00026471709134057164,0.026912005618214607,0.9725304245948792,0.00029289108351804316,0.2674408257007599,0.49446871876716614,0.49446818232536316
/kaggle/input/datasets/tawsifurrahman/covid19-radiography-database/COVID-19_Radiography_Dataset/Normal/images/Normal-385.png,Normal,Normal,1.844713551690802e-05,0.00041778708691708744,0.9965631365776062,0.003000726457685232,0.23407670855522156,0.425887793302536,0.42588767409324646
/kaggle/input/datasets/tawsifurrahman/covid19-radiography-database/COVID-19_Radiography_Dataset/Normal/images/Normal-3866.png,Normal,Normal,6.51821173960343e-05,0.008753746747970581,0.9911807179450989,3.5943912735092454e-07,0.21751485764980316,,
/kaggle/input/datasets/tawsifurrahman/covid19-radiography-database/COVID-19_Radiography_Dataset/Normal/images/Normal-3868.png,Normal,Normal,0.010404110886156559,0.06241762265563011,0.9271535277366638,2.47556727117626e-05,0.2946055829524994,0.5531094670295715,0.5531089305877686
/kaggle/input/datasets/tawsifurrahman/covid19-radiography-database/COVID-19_Radiography_Dataset/Normal/images/Normal-3881.png,Normal,Normal,0.1322052776813507,0.007185246795415878,0.8605990409851074,1.0512964763620403e-05,0.22084318101406097,,
/kaggle/input/datasets/tawsifurrahman/covid19-radiography-database/COVID-19_Radiography_Dataset/Normal/images/Normal-389.png,Normal,Viral Pneumonia,1.528137545392383e-05,0.0012651465367525816,0.3060542941093445,0.6926652193069458,0.1945957988500595,0.4026224911212921,0.4026225209236145
/kaggle/input/datasets/tawsifurrahman/covid19-radiography-database/COVID-19_Radiography_Dataset/Normal/images/Normal-3892.png,Normal,Normal,0.0007750444929115474,0.03786901757121086,0.9613451957702637,1.0758973985502962e-05,0.2820877134799957,0.5005165338516235,0.5005161166191101
/kaggle/input/datasets/tawsifurrahman/covid19-radiography-database/COVID-19_Radiography_Dataset/Normal/images/Normal-3894.png,Normal,Normal,0.01332014985382557,0.053350310772657394,0.933324933052063,4.5967817641212605e-06,0.2934877574443817,,
/kaggle/input/datasets/tawsifurrahman/covid19-radiography-database/COVID-19_Radiography_Dataset/Normal/images/Normal-3898.png,Normal,Normal,0.01572718471288681,0.03592744469642639,0.9482495188713074,9.583078644936904e-05,0.26576489210128784,,
/kaggle/input/datasets/tawsifurrahman/covid19-radiography-database/COVID-19_Radiography_Dataset/Normal/images/Normal-3907.png,Normal,Normal,0.0013480091001838446,0.03771654888987541,0.9604174494743347,0.0005180047592148185,0.13257341086864471,,
/kaggle/input/datasets/tawsifurrahman/covid19-radiography-database/COVID-19_Radiography_Dataset/Normal/images/Normal-3910.png,Normal,COVID,0.9957864880561829,0.00023542417329736054,0.00012759109085891396,0.003850446781143546,0.3523115813732147,0.2200566828250885,0.22005772590637207
/kaggle/input/datasets/tawsifurrahman/covid19-radiography-database/COVID-19_Radiography_Dataset/Normal/images/Normal-3917.png,Normal,Normal,0.0021908022463321686,0.056270673871040344,0.9415370225906372,1.5534781141468557e-06,0.21769453585147858,,
/kaggle/input/datasets/tawsifurrahman/covid19-radiography-database/COVID-19_Radiography_Dataset/Normal/images/Normal-3943.png,Normal,Normal,0.03641033172607422,0.006187333259731531,0.9573994874954224,2.75052479992155e-06,0.2819477617740631,0.501696765422821,0.5016967058181763
/kaggle/input/datasets/tawsifurrahman/covid19-radiography-database/COVID-19_Radiography_Dataset/Normal/images/Normal-3944.png,Normal,Normal,0.10048431903123856,0.008830346167087555,0.8906761407852173,9.237655831384473e-06,0.31252047419548035,,
/kaggle/input/datasets/tawsifurrahman/covid19-radiography-database/COVID-19_Radiography_Dataset/Normal/images/Normal-3945.png,Normal,COVID,0.6484935283660889,0.025037335231900215,0.32634568214416504,0.00012352287012618035,0.20304544270038605,,
/kaggle/input/datasets/tawsifurrahman/covid19-radiography-database/COVID-19_Radiography_Dataset/Normal/images/Normal-3946.png,Normal,Normal,0.012774646282196045,0.0688665360212326,0.9183008074760437,5.802336090710014e-05,0.2668638229370117,,
/kaggle/input/datasets/tawsifurrahman/covid19-radiography-database/COVID-19_Radiography_Dataset/Normal/images/Normal-3949.png,Normal,Normal,4.594913843902759e-05,0.010293091647326946,0.9896405339241028,2.047154339379631e-05,0.35042688250541687,0.5651706457138062,0.5651707053184509
/kaggle/input/datasets/tawsifurrahman/covid19-radiography-database/COVID-19_Radiography_Dataset/Normal/images/Normal-3951.png,Normal,Normal,0.028015008196234703,0.008018383756279945,0.9639281630516052,3.8487887650262564e-05,0.3244803845882416,,
/kaggle/input/datasets/tawsifurrahman/covid19-radiography-database/COVID-19_Radiography_Dataset/Normal/images/Normal-3971.png,Normal,Normal,0.00015230022836476564,0.013592138886451721,0.9862555265426636,1.478217370731727e-07,0.3364568054676056,,
/kaggle/input/datasets/tawsifurrahman/covid19-radiography-database/COVID-19_Radiography_Dataset/Normal/images/Normal-3975.png,Normal,Normal,0.028449611738324165,0.1379983276128769,0.8305233716964722,0.0030287487898021936,0.2674389183521271,,
/kaggle/input/datasets/tawsifurrahman/covid19-radiography-database/COVID-19_Radiography_Dataset/Normal/images/Normal-3981.png,Normal,Normal,0.0007479930645786226,0.022949082776904106,0.976300835609436,2.13929706660565e-06,0.2564578354358673,0.45987769961357117,0.459877610206604
/kaggle/input/datasets/tawsifurrahman/covid19-radiography-database/COVID-19_Radiography_Dataset/Normal/images/Normal-3994.png,Normal,Normal,9.399667760590091e-06,0.011647566221654415,0.9883427023887634,3.0834465292173263e-07,0.24286647140979767,,
/kaggle/input/datasets/tawsifurrahman/covid19-radiography-database/COVID-19_Radiography_Dataset/Normal/images/Normal-3997.png,Normal,Normal,0.00040420552249997854,0.0029479260556399822,0.9966155886650085,3.2357096642954275e-05,0.25183555483818054,,
/kaggle/input/datasets/tawsifurrahman/covid19-radiography-database/COVID-19_Radiography_Dataset/Normal/images/Normal-40.png,Normal,Normal,0.08814779669046402,0.0012589781545102596,0.9105925559997559,6.439190087803581e-07,0.25031906366348267,,
/kaggle/input/datasets/tawsifurrahman/covid19-radiography-database/COVID-19_Radiography_Dataset/Normal/images/Normal-4004.png,Normal,Normal,0.0006195663008838892,0.03992350026965141,0.9594563245773315,6.038739002178772e-07,0.21366937458515167,,
/kaggle/input/datasets/tawsifurrahman/covid19-radiography-database/COVID-19_Radiography_Dataset/Normal/images/Normal-4006.png,Normal,Normal,0.019022220745682716,0.025731725618243217,0.955200731754303,4.535176049103029e-05,0.26399362087249756,,
/kaggle/input/datasets/tawsifurrahman/covid19-radiography-database/COVID-19_Radiography_Dataset/Normal/images/Normal-4007.png,Normal,Normal,3.0519811843987554e-05,0.007922014221549034,0.9920269846916199,2.0472802134463564e-05,0.40814346075057983,0.6276674270629883,0.6276674866676331
/kaggle/input/datasets/tawsifurrahman/covid19-radiography-database/COVID-19_Radiography_Dataset/Normal/images/Normal-403.png,Normal,Normal,3.54028343281243e-05,0.00021609301620628685,0.9977952241897583,0.001953278901055455,0.20107249915599823,0.26361414790153503,0.26361408829689026
/kaggle/input/datasets/tawsifurrahman/covid19-radiography-database/COVID-19_Radiography_Dataset/Normal/images/Normal-4047.png,Normal,Normal,0.0021498962305486202,0.009027517400681973,0.9887500405311584,7.247369649121538e-05,0.322385311126709,,
/kaggle/input/datasets/tawsifurrahman/covid19-radiography-database/COVID-19_Radiography_Dataset/Normal/images/Normal-4059.png,Normal,Normal,0.00047483868547715247,0.005082166288048029,0.9944403767585754,2.555160790507216e-06,0.22857581079006195,,
/kaggle/input/datasets/tawsifurrahman/covid19-radiography-database/COVID-19_Radiography_Dataset/Normal/images/Normal-4069.png,Normal,Normal,0.028550725430250168,0.03563734143972397,0.9358075857162476,4.376754532131599e-06,0.28019437193870544,,
/kaggle/input/datasets/tawsifurrahman/covid19-radiography-database/COVID-19_Radiography_Dataset/Normal/images/Normal-4076.png,Normal,Normal,0.0067871008068323135,0.0006940373568795621,0.9925175905227661,1.1504238273118972e-06,0.3625243604183197,0.5439137816429138,0.543913722038269
/kaggle/input/datasets/tawsifurrahman/covid19-radiography-database/COVID-19_Radiography_Dataset/Normal/images/Normal-4077.png,Normal,Normal,0.04428870230913162,0.05131573602557182,0.9037488698959351,0.0006466924678534269,0.2937467694282532,0.5358725786209106,0.5358725786209106
/kaggle/input/datasets/tawsifurrahman/covid19-radiography-database/COVID-19_Radiography_Dataset/Normal/images/Normal-4078.png,Normal,Normal,0.00041985951247625053,0.01686236448585987,0.982703447341919,1.4305006516224239e-05,0.287272185087204,,
/kaggle/input/datasets/tawsifurrahman/covid19-radiography-database/COVID-19_Radiography_Dataset/Normal/images/Normal-4084.png,Normal,Normal,0.0003964496427215636,0.0006103766500018537,0.9989929795265198,2.253835162946416e-07,0.19511356949806213,0.4497888684272766,0.4497888386249542
/kaggle/input/datasets/tawsifurrahman/covid19-radiography-database/COVID-19_Radiography_Dataset/Normal/images/Normal-4093.png,Normal,Normal,0.01522187888622284,0.0565154068171978,0.9282604455947876,2.1959572222840507e-06,0.20958253741264343,,
/kaggle/input/datasets/tawsifurrahman/covid19-radiography-database/COVID-19_Radiography_Dataset/Normal/images/Normal-4101.png,Normal,Normal,0.006656797137111425,0.031043028458952904,0.9622976183891296,2.577216719146236e-06,0.172194704413414,,
/kaggle/input/datasets/tawsifurrahman/covid19-radiography-database/COVID-19_Radiography_Dataset/Normal/images/Normal-4104.png,Normal,Normal,3.402392758289352e-05,0.001309555140323937,0.998656153678894,1.690300450718496e-07,0.1841520220041275,,
/kaggle/input/datasets/tawsifurrahman/covid19-radiography-database/COVID-19_Radiography_Dataset/Normal/images/Normal-411.png,Normal,Normal,0.00013060294440947473,5.079467155155726e-05,0.9995624423027039,0.0002561323344707489,0.21789318323135376,,
/kaggle/input/datasets/tawsifurrahman/covid19-radiography-database/COVID-19_Radiography_Dataset/Normal/images/Normal-4112.png,Normal,Normal,0.05778302252292633,0.12242559343576431,0.8197764158248901,1.5011556570243556e-05,0.29538050293922424,0.3938184082508087,0.39381587505340576
/kaggle/input/datasets/tawsifurrahman/covid19-radiography-database/COVID-19_Radiography_Dataset/Normal/images/Normal-4118.png,Normal,Normal,0.012552115134894848,0.022743700072169304,0.9647009372711182,3.173008735757321e-06,0.1665939837694168,,
/kaggle/input/datasets/tawsifurrahman/covid19-radiography-database/COVID-19_Radiography_Dataset/Normal/images/Normal-4119.png,Normal,Normal,0.18045340478420258,0.0201475378125906,0.7993574142456055,4.164711572229862e-05,0.34417033195495605,,
/kaggle/input/datasets/tawsifurrahman/covid19-radiography-database/COVID-19_Radiography_Dataset/Normal/images/Normal-4121.png,Normal,Normal,0.05527421459555626,0.02425294741988182,0.9202403426170349,0.0002324301894987002,0.291813462972641,,
/kaggle/input/datasets/tawsifurrahman/covid19-radiography-database/COVID-19_Radiography_Dataset/Normal/images/Normal-4124.png,Normal,Normal,0.0011942194541916251,0.21674507856369019,0.7820571660995483,3.5369159832043806e-06,0.32545536756515503,,
/kaggle/input/datasets/tawsifurrahman/covid19-radiography-database/COVID-19_Radiography_Dataset/Normal/images/Normal-4128.png,Normal,Normal,0.004108328837901354,0.22480830550193787,0.7710819840431213,1.3528482440960943e-06,0.26187893748283386,,
/kaggle/input/datasets/tawsifurrahman/covid19-radiography-database/COVID-19_Radiography_Dataset/Normal/images/Normal-4133.png,Normal,Normal,0.0008546891040168703,0.013854233548045158,0.9850963950157166,0.00019467368838377297,0.2504394054412842,0.44395455718040466,0.4439544975757599
/kaggle/input/datasets/tawsifurrahman/covid19-radiography-database/COVID-19_Radiography_Dataset/Normal/images/Normal-4134.png,Normal,Normal,0.0015159206232056022,0.0044160932302474976,0.9940670728683472,9.672111218606005e-07,0.23268167674541473,,
/kaggle/input/datasets/tawsifurrahman/covid19-radiography-database/COVID-19_Radiography_Dataset/Normal/images/Normal-4136.png,Normal,COVID,0.5838553309440613,0.004109758883714676,0.41203397512435913,9.286792419516132e-07,0.2271009236574173,,
/kaggle/input/datasets/tawsifurrahman/covid19-radiography-database/COVID-19_Radiography_Dataset/Normal/images/Normal-4137.png,Normal,Normal,0.034381214529275894,0.11756563186645508,0.848042368888855,1.075668023986509e-05,0.17954829335212708,,
/kaggle/input/datasets/tawsifurrahman/covid19-radiography-database/COVID-19_Radiography_Dataset/Normal/images/Normal-4144.png,Normal,Normal,0.3855101764202118,0.0004724592436105013,0.6140170097351074,3.216683239770646e-07,0.2455359846353531,0.49191123247146606,0.49191126227378845
/kaggle/input/datasets/tawsifurrahman/covid19-radiography-database/COVID-19_Radiography_Dataset/Normal/images/Normal-415.png,Normal,Normal,0.00024480512365698814,0.017912479117512703,0.9798721671104431,0.001970501383766532,0.17008158564567566,,
/kaggle/input/datasets/tawsifurrahman/covid19-radiography-database/COVID-19_Radiography_Dataset/Normal/images/Normal-4163.png,Normal,Normal,0.023349495604634285,0.09154373407363892,0.8850963115692139,1.0435423973831348e-05,0.20505857467651367,,
/kaggle/input/datasets/tawsifurrahman/covid19-radiography-database/COVID-19_Radiography_Dataset/Normal/images/Normal-4165.png,Normal,Normal,0.017353851348161697,0.00833660364151001,0.974309504032135,1.0369930691922491e-07,0.32278573513031006,,
/kaggle/input/datasets/tawsifurrahman/covid19-radiography-database/COVID-19_Radiography_Dataset/Normal/images/Normal-4171.png,Normal,Normal,0.0033901510760188103,0.005198424682021141,0.991407573223114,3.807715984294191e-06,0.30333295464515686,0.39281991124153137,0.3928197920322418
/kaggle/input/datasets/tawsifurrahman/covid19-radiography-database/COVID-19_Radiography_Dataset/Normal/images/Normal-4176.png,Normal,Normal,0.2527053654193878,0.0188584141433239,0.7280183434486389,0.00041795807192102075,0.43568694591522217,0.6175478100776672,0.6175471544265747
/kaggle/input/datasets/tawsifurrahman/covid19-radiography-database/COVID-19_Radiography_Dataset/Normal/images/Normal-4180.png,Normal,Normal,2.013881749007851e-05,0.007479646243155003,0.9925000071525574,2.876905682569486e-07,0.25249430537223816,,
/kaggle/input/datasets/tawsifurrahman/covid19-radiography-database/COVID-19_Radiography_Dataset/Normal/images/Normal-4192.png,Normal,Normal,0.0011732731945812702,0.004857503809034824,0.9939689636230469,2.7018936066269816e-07,0.2400764375925064,0.4698875844478607,0.46988749504089355
/kaggle/input/datasets/tawsifurrahman/covid19-radiography-database/COVID-19_Radiography_Dataset/Normal/images/Normal-4198.png,Normal,Normal,0.0008870676974765956,0.031054947525262833,0.9680532217025757,4.773270120494999e-06,0.2311304211616516,,
/kaggle/input/datasets/tawsifurrahman/covid19-radiography-database/COVID-19_Radiography_Dataset/Normal/images/Normal-420.png,Normal,Normal,1.468804612159147e-06,1.4156015822663903e-05,0.9986791014671326,0.0013052400900050998,0.21727564930915833,,
/kaggle/input/datasets/tawsifurrahman/covid19-radiography-database/COVID-19_Radiography_Dataset/Normal/images/Normal-4208.png,Normal,Normal,0.11447679251432419,0.004435941111296415,0.8809807300567627,0.0001065800606738776,0.2613804340362549,,
/kaggle/input/datasets/tawsifurrahman/covid19-radiography-database/COVID-19_Radiography_Dataset/Normal/images/Normal-4213.png,Normal,Lung_Opacity,0.16949671506881714,0.46742963790893555,0.279870867729187,0.08320285379886627,0.033106591552495956,,
/kaggle/input/datasets/tawsifurrahman/covid19-radiography-database/COVID-19_Radiography_Dataset/Normal/images/Normal-4214.png,Normal,Lung_Opacity,0.10914472490549088,0.5564287900924683,0.3252499997615814,0.009176497347652912,0.19920098781585693,0.018176795914769173,0.01817673072218895
/kaggle/input/datasets/tawsifurrahman/covid19-radiography-database/COVID-19_Radiography_Dataset/Normal/images/Normal-4218.png,Normal,Normal,0.00145217205863446,0.0802815705537796,0.9182466268539429,1.9643573978100903e-05,0.18000726401805878,,
/kaggle/input/datasets/tawsifurrahman/covid19-radiography-database/COVID-19_Radiography_Dataset/Normal/images/Normal-422.png,Normal,Normal,7.070505671435967e-05,2.040516301349271e-05,0.9958535432815552,0.004055290948599577,0.18646381795406342,0.23952649533748627,0.23952646553516388
/kaggle/input/datasets/tawsifurrahman/covid19-radiography-database/COVID-19_Radiography_Dataset/Normal/images/Normal-4220.png,Normal,Normal,0.0002279754844494164,0.0017754934960976243,0.9979963898658752,8.154085406886225e-08,0.22050397098064423,0.5149938464164734,0.5149937868118286
/kaggle/input/datasets/tawsifurrahman/covid19-radiography-database/COVID-19_Radiography_Dataset/Normal/images/Normal-4231.png,Normal,Normal,0.001043878379277885,0.035552728921175,0.9633949398994446,8.561557478969917e-06,0.2212613970041275,0.3810880780220032,0.38108792901039124
/kaggle/input/datasets/tawsifurrahman/covid19-radiography-database/COVID-19_Radiography_Dataset/Normal/images/Normal-4251.png,Normal,Normal,0.00685915956273675,0.0086476756259799,0.9843900799751282,0.00010305982868885621,0.30592435598373413,0.6060056686401367,0.6060045957565308
/kaggle/input/datasets/tawsifurrahman/covid19-radiography-database/COVID-19_Radiography_Dataset/Normal/images/Normal-4254.png,Normal,Normal,0.06619898229837418,0.0018084070179611444,0.9319830536842346,9.55786799750058e-06,0.2513960003852844,0.5345410108566284,0.5345408320426941
/kaggle/input/datasets/tawsifurrahman/covid19-radiography-database/COVID-19_Radiography_Dataset/Normal/images/Normal-4259.png,Normal,Normal,0.0018767977599054575,0.06641130894422531,0.9317011833190918,1.068358869815711e-05,0.26247739791870117,,
/kaggle/input/datasets/tawsifurrahman/covid19-radiography-database/COVID-19_Radiography_Dataset/Normal/images/Normal-426.png,Normal,Normal,0.002478580456227064,0.00013042386854067445,0.9947100877761841,0.0026809892151504755,0.21480432152748108,,
/kaggle/input/datasets/tawsifurrahman/covid19-radiography-database/COVID-19_Radiography_Dataset/Normal/images/Normal-4262.png,Normal,Normal,0.0024472547229379416,0.06058848649263382,0.9369457364082336,1.854898437159136e-05,0.22040428221225739,,
/kaggle/input/datasets/tawsifurrahman/covid19-radiography-database/COVID-19_Radiography_Dataset/Normal/images/Normal-4265.png,Normal,Normal,0.0009281915845349431,0.002120332093909383,0.9969335794448853,1.7905904314829968e-05,0.2657669186592102,0.3928830921649933,0.3928832709789276
/kaggle/input/datasets/tawsifurrahman/covid19-radiography-database/COVID-19_Radiography_Dataset/Normal/images/Normal-4266.png,Normal,Normal,0.06167500466108322,0.01268559880554676,0.9256356358528137,3.809185272984905e-06,0.307698518037796,0.44712337851524353,0.447123259305954
/kaggle/input/datasets/tawsifurrahman/covid19-radiography-database/COVID-19_Radiography_Dataset/Normal/images/Normal-4282.png,Normal,Normal,0.012849247083067894,0.004794622305780649,0.9823540449142456,2.134842361556366e-06,0.355807900428772,,
/kaggle/input/datasets/tawsifurrahman/covid19-radiography-database/COVID-19_Radiography_Dataset/Normal/images/Normal-4286.png,Normal,Lung_Opacity,0.027128929272294044,0.5476051568984985,0.42525458335876465,1.129078464146005e-05,0.2243507355451584,,
/kaggle/input/datasets/tawsifurrahman/covid19-radiography-database/COVID-19_Radiography_Dataset/Normal/images/Normal-429.png,Normal,Normal,0.00021617187303490937,1.6079940905910917e-05,0.9995692372322083,0.00019846718350891024,0.2202451229095459,,
/kaggle/input/datasets/tawsifurrahman/covid19-radiography-database/COVID-19_Radiography_Dataset/Normal/images/Normal-4290.png,Normal,Normal,4.982110112905502e-06,0.00203694892115891,0.9979580640792847,2.89730706093394e-09,0.29388633370399475,,
/kaggle/input/datasets/tawsifurrahman/covid19-radiography-database/COVID-19_Radiography_Dataset/Normal/images/Normal-4293.png,Normal,Normal,0.002830417826771736,0.002074719639495015,0.9950291514396667,6.57690325169824e-05,0.32121050357818604,0.6623038053512573,0.6623040437698364
/kaggle/input/datasets/tawsifurrahman/covid19-radiography-database/COVID-19_Radiography_Dataset/Normal/images/Normal-4298.png,Normal,Normal,0.012170686386525631,0.4124135971069336,0.5753495693206787,6.611549179069698e-05,0.24131116271018982,,
/kaggle/input/datasets/tawsifurrahman/covid19-radiography-database/COVID-19_Radiography_Dataset/Normal/images/Normal-4300.png,Normal,Normal,0.006033263634890318,0.014446157962083817,0.9795200824737549,4.6991695512588194e-07,0.2711750864982605,,
/kaggle/input/datasets/tawsifurrahman/covid19-radiography-database/COVID-19_Radiography_Dataset/Normal/images/Normal-431.png,Normal,Normal,0.007935771718621254,0.0014357655309140682,0.8982996940612793,0.09232871234416962,0.301003098487854,0.28241482377052307,0.2824144661426544
/kaggle/input/datasets/tawsifurrahman/covid19-radiography-database/COVID-19_Radiography_Dataset/Normal/images/Normal-4316.png,Normal,Normal,0.00022050926054362208,0.030557051301002502,0.9692064523696899,1.5928655557218008e-05,0.28732967376708984,,
/kaggle/input/datasets/tawsifurrahman/covid19-radiography-database/COVID-19_Radiography_Dataset/Normal/images/Normal-4321.png,Normal,Lung_Opacity,0.005907546263188124,0.6340357065200806,0.3600345849990845,2.213013249274809e-05,0.2528916597366333,,
/kaggle/input/datasets/tawsifurrahman/covid19-radiography-database/COVID-19_Radiography_Dataset/Normal/images/Normal-4324.png,Normal,Normal,0.10157119482755661,0.2618372440338135,0.6364699602127075,0.00012158093159087002,0.2534087598323822,,
/kaggle/input/datasets/tawsifurrahman/covid19-radiography-database/COVID-19_Radiography_Dataset/Normal/images/Normal-4334.png,Normal,Normal,0.0006089599919505417,0.12763133645057678,0.8717465400695801,1.313436860073125e-05,0.2657865881919861,,
/kaggle/input/datasets/tawsifurrahman/covid19-radiography-database/COVID-19_Radiography_Dataset/Normal/images/Normal-4335.png,Normal,Normal,0.024456987157464027,0.01971874199807644,0.9557895064353943,3.4724816941889e-05,0.33801040053367615,0.5186021327972412,0.5186020731925964
/kaggle/input/datasets/tawsifurrahman/covid19-radiography-database/COVID-19_Radiography_Dataset/Normal/images/Normal-4343.png,Normal,Normal,0.03057175688445568,0.029352160170674324,0.9400752186775208,8.532862239007954e-07,0.17534522712230682,,
/kaggle/input/datasets/tawsifurrahman/covid19-radiography-database/COVID-19_Radiography_Dataset/Normal/images/Normal-4356.png,Normal,Normal,0.0001655974774621427,0.010980108752846718,0.9888513684272766,2.9319517125259154e-06,0.3336060047149658,,
/kaggle/input/datasets/tawsifurrahman/covid19-radiography-database/COVID-19_Radiography_Dataset/Normal/images/Normal-4360.png,Normal,Normal,0.004351234994828701,0.033751968294382095,0.9618129134178162,8.38568084873259e-05,0.38225486874580383,,
/kaggle/input/datasets/tawsifurrahman/covid19-radiography-database/COVID-19_Radiography_Dataset/Normal/images/Normal-4369.png,Normal,Normal,0.006370184477418661,0.018038591369986534,0.9755891561508179,2.053596517725964e-06,0.2511962354183197,,
/kaggle/input/datasets/tawsifurrahman/covid19-radiography-database/COVID-19_Radiography_Dataset/Normal/images/Normal-4370.png,Normal,Lung_Opacity,0.0005919362884014845,0.7169075608253479,0.2824915051460266,8.982669896795414e-06,0.20876538753509521,,
/kaggle/input/datasets/tawsifurrahman/covid19-radiography-database/COVID-19_Radiography_Dataset/Normal/images/Normal-4386.png,Normal,Normal,0.14394067227840424,0.31364724040031433,0.5420053601264954,0.00040674442425370216,0.13861243426799774,,
/kaggle/input/datasets/tawsifurrahman/covid19-radiography-database/COVID-19_Radiography_Dataset/Normal/images/Normal-439.png,Normal,Normal,0.00069504912244156,6.151591514935717e-05,0.9948103427886963,0.0044330633245408535,0.20460037887096405,,
/kaggle/input/datasets/tawsifurrahman/covid19-radiography-database/COVID-19_Radiography_Dataset/Normal/images/Normal-4396.png,Normal,Normal,0.0030068776104599237,0.007117040921002626,0.9898680448532104,8.053539204411209e-06,0.2360895872116089,0.5612272620201111,0.5612272024154663
/kaggle/input/datasets/tawsifurrahman/covid19-radiography-database/COVID-19_Radiography_Dataset/Normal/images/Normal-4414.png,Normal,Normal,0.01045307982712984,0.006013470236212015,0.9835327863693237,6.772806386834418e-07,0.2824459373950958,,
/kaggle/input/datasets/tawsifurrahman/covid19-radiography-database/COVID-19_Radiography_Dataset/Normal/images/Normal-4425.png,Normal,Normal,1.3786338968202472e-05,0.016846179962158203,0.9831399321556091,2.442207502895144e-08,0.2652265727519989,,
/kaggle/input/datasets/tawsifurrahman/covid19-radiography-database/COVID-19_Radiography_Dataset/Normal/images/Normal-4426.png,Normal,Normal,9.729076737130526e-06,0.055434826761484146,0.9445555210113525,1.3589875003106044e-08,0.2232542783021927,0.33604151010513306,0.33604151010513306
/kaggle/input/datasets/tawsifurrahman/covid19-radiography-database/COVID-19_Radiography_Dataset/Normal/images/Normal-4428.png,Normal,Normal,0.011017104610800743,0.03277112543582916,0.9562114477157593,3.691486938350863e-07,0.1822788268327713,0.33022305369377136,0.3302227258682251
/kaggle/input/datasets/tawsifurrahman/covid19-radiography-database/COVID-19_Radiography_Dataset/Normal/images/Normal-4436.png,Normal,Normal,7.903060031821951e-05,0.0006745877326466143,0.99924635887146,1.185422107141676e-07,0.2597059905529022,0.44916772842407227,0.4491676092147827
/kaggle/input/datasets/tawsifurrahman/covid19-radiography-database/COVID-19_Radiography_Dataset/Normal/images/Normal-444.png,Normal,Normal,2.403934922767803e-05,2.6024978069472127e-05,0.9979687333106995,0.001981179229915142,0.23768392205238342,,
/kaggle/input/datasets/tawsifurrahman/covid19-radiography-database/COVID-19_Radiography_Dataset/Normal/images/Normal-4446.png,Normal,Normal,0.0007990529993548989,0.004660163540393114,0.994521975517273,1.874770168797113e-05,0.26128074526786804,,
/kaggle/input/datasets/tawsifurrahman/covid19-radiography-database/COVID-19_Radiography_Dataset/Normal/images/Normal-445.png,Normal,Normal,0.00032689361250959337,0.002503366908058524,0.9956751465797424,0.0014945492148399353,0.23814205825328827,0.23904158174991608,0.23904156684875488
/kaggle/input/datasets/tawsifurrahman/covid19-radiography-database/COVID-19_Radiography_Dataset/Normal/images/Normal-4452.png,Normal,Normal,8.19327324279584e-05,0.0014983810251578689,0.9984197616577148,1.2438809982029397e-08,0.3058434724807739,,
/kaggle/input/datasets/tawsifurrahman/covid19-radiography-database/COVID-19_Radiography_Dataset/Normal/images/Normal-4473.png,Normal,Lung_Opacity,0.0055923680774867535,0.8187943696975708,0.17560358345508575,9.6469848358538e-06,0.1422594040632248,,
/kaggle/input/datasets/tawsifurrahman/covid19-radiography-database/COVID-19_Radiography_Dataset/Normal/images/Normal-448.png,Normal,Normal,5.779703315056395e-06,0.00044663494918495417,0.9766449928283691,0.022902503609657288,0.17376860976219177,,
/kaggle/input/datasets/tawsifurrahman/covid19-radiography-database/COVID-19_Radiography_Dataset/Normal/images/Normal-4493.png,Normal,Normal,0.0008695698925293982,0.05595672130584717,0.9431736469268799,9.575663995065042e-08,0.20169024169445038,,
/kaggle/input/datasets/tawsifurrahman/covid19-radiography-database/COVID-19_Radiography_Dataset/Normal/images/Normal-4495.png,Normal,Normal,6.276541171246208e-07,0.0007532420568168163,0.9992460012435913,1.5200315317542845e-07,0.23985634744167328,,
/kaggle/input/datasets/tawsifurrahman/covid19-radiography-database/COVID-19_Radiography_Dataset/Normal/images/Normal-4498.png,Normal,Normal,0.03656889870762825,0.0034785959869623184,0.9599483013153076,4.224335953040281e-06,0.2237132042646408,0.4644247591495514,0.4644247591495514
/kaggle/input/datasets/tawsifurrahman/covid19-radiography-database/COVID-19_Radiography_Dataset/Normal/images/Normal-4504.png,Normal,Normal,0.009555981494486332,0.015478837303817272,0.9748495817184448,0.00011561508290469646,0.4250653088092804,,
/kaggle/input/datasets/tawsifurrahman/covid19-radiography-database/COVID-19_Radiography_Dataset/Normal/images/Normal-4508.png,Normal,Normal,0.020585250109434128,0.12614823877811432,0.853265643119812,9.487117154094449e-07,0.28152960538864136,0.49102434515953064,0.49102431535720825
/kaggle/input/datasets/tawsifurrahman/covid19-radiography-database/COVID-19_Radiography_Dataset/Normal/images/Normal-4528.png,Normal,Normal,0.0006572414422407746,0.004261758644133806,0.9950809478759766,2.708911139848169e-08,0.27855968475341797,,
/kaggle/input/datasets/tawsifurrahman/covid19-radiography-database/COVID-19_Radiography_Dataset/Normal/images/Normal-4531.png,Normal,Normal,0.011550177820026875,0.005922853481024504,0.9825248122215271,2.1558053049375303e-06,0.26973074674606323,,
/kaggle/input/datasets/tawsifurrahman/covid19-radiography-database/COVID-19_Radiography_Dataset/Normal/images/Normal-4533.png,Normal,Normal,0.00040480855386704206,0.008557829074561596,0.9910309314727783,6.3634356592956465e-06,0.2164393663406372,,
/kaggle/input/datasets/tawsifurrahman/covid19-radiography-database/COVID-19_Radiography_Dataset/Normal/images/Normal-4534.png,Normal,Normal,0.0006111919647082686,0.003061368130147457,0.9963273406028748,2.9206034923845436e-08,0.2649475932121277,,
/kaggle/input/datasets/tawsifurrahman/covid19-radiography-database/COVID-19_Radiography_Dataset/Normal/images/Normal-4535.png,Normal,Normal,0.040344834327697754,0.05634450167417526,0.903196394443512,0.00011435418127803132,0.2786809802055359,0.5367982387542725,0.5367968082427979
/kaggle/input/datasets/tawsifurrahman/covid19-radiography-database/COVID-19_Radiography_Dataset/Normal/images/Normal-4547.png,Normal,Normal,6.0731283156201243e-05,0.004868874326348305,0.9950621724128723,8.163395250448957e-06,0.2819080948829651,0.5087212920188904,0.5087212324142456
/kaggle/input/datasets/tawsifurrahman/covid19-radiography-database/COVID-19_Radiography_Dataset/Normal/images/Normal-4560.png,Normal,Normal,0.006401006132364273,0.46352577209472656,0.5299540162086487,0.00011919462122023106,0.2269628942012787,,
/kaggle/input/datasets/tawsifurrahman/covid19-radiography-database/COVID-19_Radiography_Dataset/Normal/images/Normal-4565.png,Normal,Normal,0.011926241219043732,0.03059232607483864,0.9574801325798035,1.328615780948894e-06,0.29580068588256836,,
/kaggle/input/datasets/tawsifurrahman/covid19-radiography-database/COVID-19_Radiography_Dataset/Normal/images/Normal-4571.png,Normal,Normal,0.016036905348300934,0.3761866092681885,0.6077366471290588,3.9820544770918787e-05,0.2282368540763855,,
/kaggle/input/datasets/tawsifurrahman/covid19-radiography-database/COVID-19_Radiography_Dataset/Normal/images/Normal-4587.png,Normal,Normal,0.01562807522714138,0.3443194627761841,0.6398463845252991,0.0002061303093796596,0.23840168118476868,,
/kaggle/input/datasets/tawsifurrahman/covid19-radiography-database/COVID-19_Radiography_Dataset/Normal/images/Normal-4588.png,Normal,Normal,0.19885319471359253,0.030866634100675583,0.770085334777832,0.00019482383504509926,0.39967477321624756,,
/kaggle/input/datasets/tawsifurrahman/covid19-radiography-database/COVID-19_Radiography_Dataset/Normal/images/Normal-4589.png,Normal,Normal,0.12106658518314362,0.032654836773872375,0.8462685346603394,1.0048041986010503e-05,0.22742098569869995,0.40540334582328796,0.40540292859077454
/kaggle/input/datasets/tawsifurrahman/covid19-radiography-database/COVID-19_Radiography_Dataset/Normal/images/Normal-459.png,Normal,Normal,0.00041394474101252854,0.00010760327859316021,0.9933888912200928,0.006089449860155582,0.19788381457328796,0.3169872760772705,0.31698721647262573
/kaggle/input/datasets/tawsifurrahman/covid19-radiography-database/COVID-19_Radiography_Dataset/Normal/images/Normal-4590.png,Normal,Normal,6.919165116414661e-06,0.019606254994869232,0.9803857803344727,1.0600828090900904e-06,0.2336384356021881,0.41473230719566345,0.41473227739334106
/kaggle/input/datasets/tawsifurrahman/covid19-radiography-database/COVID-19_Radiography_Dataset/Normal/images/Normal-4591.png,Normal,Normal,1.4362704860104714e-05,0.004061101470142603,0.9959222078323364,2.358792244194774e-06,0.22259649634361267,,
/kaggle/input/datasets/tawsifurrahman/covid19-radiography-database/COVID-19_Radiography_Dataset/Normal/images/Normal-4597.png,Normal,COVID,0.4051060080528259,0.20116682350635529,0.3919227421283722,0.0018043533200398088,0.21835242211818695,,
/kaggle/input/datasets/tawsifurrahman/covid19-radiography-database/COVID-19_Radiography_Dataset/Normal/images/Normal-4604.png,Normal,Normal,0.01519804634153843,0.1773822009563446,0.806933581829071,0.0004861396737396717,0.11433783173561096,,
/kaggle/input/datasets/tawsifurrahman/covid19-radiography-database/COVID-19_Radiography_Dataset/Normal/images/Normal-4613.png,Normal,Normal,0.009019753895699978,0.04556954279541969,0.9416918754577637,0.003718823194503784,0.32075196504592896,,
/kaggle/input/datasets/tawsifurrahman/covid19-radiography-database/COVID-19_Radiography_Dataset/Normal/images/Normal-4618.png,Normal,Normal,0.00032032030867412686,0.015451114624738693,0.9842272400856018,1.3104398703944753e-06,0.29420775175094604,,
/kaggle/input/datasets/tawsifurrahman/covid19-radiography-database/COVID-19_Radiography_Dataset/Normal/images/Normal-4621.png,Normal,Normal,7.578585609735455e-06,0.022542143240571022,0.9774482846260071,2.0301017684687395e-06,0.1792893260717392,,
/kaggle/input/datasets/tawsifurrahman/covid19-radiography-database/COVID-19_Radiography_Dataset/Normal/images/Normal-463.png,Normal,Normal,0.00018599748727865517,0.00029681867454200983,0.9949465394020081,0.004570675548166037,0.1637042909860611,0.2857815623283386,0.28578150272369385
/kaggle/input/datasets/tawsifurrahman/covid19-radiography-database/COVID-19_Radiography_Dataset/Normal/images/Normal-4633.png,Normal,Normal,5.617695569526404e-05,0.00046301877591758966,0.9994809031486511,1.2967612761372038e-08,0.18590675294399261,,
/kaggle/input/datasets/tawsifurrahman/covid19-radiography-database/COVID-19_Radiography_Dataset/Normal/images/Normal-4640.png,Normal,Normal,0.0024342441465705633,0.02351500280201435,0.9740191102027893,3.164439112879336e-05,0.21580132842063904,0.5004945993423462,0.5004941821098328
/kaggle/input/datasets/tawsifurrahman/covid19-radiography-database/COVID-19_Radiography_Dataset/Normal/images/Normal-4643.png,Normal,Normal,0.0022115432657301426,0.010660700500011444,0.987127423286438,3.2703005103940086e-07,0.2632352411746979,,
/kaggle/input/datasets/tawsifurrahman/covid19-radiography-database/COVID-19_Radiography_Dataset/Normal/images/Normal-4660.png,Normal,Normal,0.009827747009694576,0.013460258021950722,0.9767117500305176,1.6780580835984438e-07,0.22209879755973816,0.43098679184913635,0.4309866726398468
/kaggle/input/datasets/tawsifurrahman/covid19-radiography-database/COVID-19_Radiography_Dataset/Normal/images/Normal-4662.png,Normal,Normal,0.29315677285194397,0.009647486731410027,0.6971947550773621,1.027624421112705e-06,0.25769391655921936,,
/kaggle/input/datasets/tawsifurrahman/covid19-radiography-database/COVID-19_Radiography_Dataset/Normal/images/Normal-4667.png,Normal,Lung_Opacity,4.674030788009986e-05,0.8305372595787048,0.16934047639369965,7.551338785560802e-05,0.21464648842811584,,
/kaggle/input/datasets/tawsifurrahman/covid19-radiography-database/COVID-19_Radiography_Dataset/Normal/images/Normal-4672.png,Normal,Normal,2.9487871870514937e-05,0.00508141191676259,0.9948884844779968,5.737410333495063e-07,0.28713148832321167,,
/kaggle/input/datasets/tawsifurrahman/covid19-radiography-database/COVID-19_Radiography_Dataset/Normal/images/Normal-4681.png,Normal,Normal,0.0032833616714924574,0.007181191351264715,0.9895345568656921,9.658635917730862e-07,0.32122957706451416,0.5188724398612976,0.5188723802566528
/kaggle/input/datasets/tawsifurrahman/covid19-radiography-database/COVID-19_Radiography_Dataset/Normal/images/Normal-4691.png,Normal,Normal,0.0004143625556025654,0.013809715397655964,0.9857755899429321,4.220479752348183e-07,0.2687344253063202,,
/kaggle/input/datasets/tawsifurrahman/covid19-radiography-database/COVID-19_Radiography_Dataset/Normal/images/Normal-4694.png,Normal,Normal,0.0008254542481154203,0.0015257300110533834,0.9976487755775452,4.2338950123621544e-08,0.3168890178203583,,
/kaggle/input/datasets/tawsifurrahman/covid19-radiography-database/COVID-19_Radiography_Dataset/Normal/images/Normal-4695.png,Normal,Normal,0.3140818476676941,0.05249611660838127,0.6331498026847839,0.00027221409254707396,0.2561191916465759,,
/kaggle/input/datasets/tawsifurrahman/covid19-radiography-database/COVID-19_Radiography_Dataset/Normal/images/Normal-4696.png,Normal,Normal,0.002003931440412998,0.12932296097278595,0.8677131533622742,0.0009599322802387178,0.24770857393741608,,
/kaggle/input/datasets/tawsifurrahman/covid19-radiography-database/COVID-19_Radiography_Dataset/Normal/images/Normal-4697.png,Normal,Normal,0.011514168232679367,0.006744270212948322,0.9817302227020264,1.1377092050679494e-05,0.2764315903186798,0.4010486602783203,0.4010481834411621
/kaggle/input/datasets/tawsifurrahman/covid19-radiography-database/COVID-19_Radiography_Dataset/Normal/images/Normal-4704.png,Normal,Normal,1.942911694641225e-06,0.004959696438163519,0.9950384497642517,8.177127419628505e-09,0.18879561126232147,,
/kaggle/input/datasets/tawsifurrahman/covid19-radiography-database/COVID-19_Radiography_Dataset/Normal/images/Normal-4707.png,Normal,Normal,0.00014865485718473792,0.03590647503733635,0.9639443159103394,4.802590183317079e-07,0.20075340569019318,0.34780049324035645,0.34780046343803406
/kaggle/input/datasets/tawsifurrahman/covid19-radiography-database/COVID-19_Radiography_Dataset/Normal/images/Normal-4713.png,Normal,Normal,2.3905569833004847e-05,0.18880613148212433,0.8111682534217834,1.776410158527142e-06,0.3068801760673523,,
/kaggle/input/datasets/tawsifurrahman/covid19-radiography-database/COVID-19_Radiography_Dataset/Normal/images/Normal-472.png,Normal,Normal,0.0012613384751603007,0.00020313684944994748,0.996600329875946,0.0019351989030838013,0.19643090665340424,0.3387913703918457,0.3387911915779114
/kaggle/input/datasets/tawsifurrahman/covid19-radiography-database/COVID-19_Radiography_Dataset/Normal/images/Normal-4721.png,Normal,Normal,0.011279026046395302,0.02652869187295437,0.9621648192405701,2.742529977695085e-05,0.23242220282554626,,
/kaggle/input/datasets/tawsifurrahman/covid19-radiography-database/COVID-19_Radiography_Dataset/Normal/images/Normal-4727.png,Normal,Normal,0.014657379128038883,0.030529184266924858,0.9548119306564331,1.5368075310107088e-06,0.19031040370464325,0.27510619163513184,0.27510619163513184
/kaggle/input/datasets/tawsifurrahman/covid19-radiography-database/COVID-19_Radiography_Dataset/Normal/images/Normal-4734.png,Normal,Normal,0.1638525128364563,0.23350505530834198,0.6026418805122375,4.974463081452996e-07,0.20246803760528564,0.19081516563892365,0.19081512093544006
/kaggle/input/datasets/tawsifurrahman/covid19-radiography-database/COVID-19_Radiography_Dataset/Normal/images/Normal-4739.png,Normal,Normal,0.011595628224313259,0.0056352633982896805,0.9827281832695007,4.0923478081822395e-05,0.2771853804588318,0.4188932776451111,0.41889309883117676
/kaggle/input/datasets/tawsifurrahman/covid19-radiography-database/COVID-19_Radiography_Dataset/Normal/images/Normal-474.png,Normal,Normal,3.4197382774436846e-05,0.00017849534924607724,0.9994699358940125,0.00031734592630527914,0.27240169048309326,,
/kaggle/input/datasets/tawsifurrahman/covid19-radiography-database/COVID-19_Radiography_Dataset/Normal/images/Normal-4740.png,Normal,Lung_Opacity,0.08785133063793182,0.8023864030838013,0.10955479741096497,0.00020743459754157811,0.1938379555940628,,
/kaggle/input/datasets/tawsifurrahman/covid19-radiography-database/COVID-19_Radiography_Dataset/Normal/images/Normal-4744.png,Normal,Normal,0.04304709658026695,0.3610697090625763,0.5958698391914368,1.33186094899429e-05,0.3118826746940613,,
/kaggle/input/datasets/tawsifurrahman/covid19-radiography-database/COVID-19_Radiography_Dataset/Normal/images/Normal-4745.png,Normal,Normal,0.07950234413146973,0.02944406494498253,0.8739588856697083,0.017094729468226433,0.24648478627204895,,
/kaggle/input/datasets/tawsifurrahman/covid19-radiography-database/COVID-19_Radiography_Dataset/Normal/images/Normal-4754.png,Normal,Normal,0.0383584201335907,0.08741948753595352,0.8741387724876404,8.326259558089077e-05,0.2207041233778,,
/kaggle/input/datasets/tawsifurrahman/covid19-radiography-database/COVID-19_Radiography_Dataset/Normal/images/Normal-4757.png,Normal,Normal,9.568418317940086e-05,0.07604025304317474,0.9238631129264832,8.506366953042743e-07,0.24394144117832184,0.5779865384101868,0.5779865980148315
/kaggle/input/datasets/tawsifurrahman/covid19-radiography-database/COVID-19_Radiography_Dataset/Normal/images/Normal-477.png,Normal,Normal,0.004602767061442137,0.0239949319511652,0.9628934264183044,0.008508848026394844,0.15328066051006317,0.30206432938575745,0.30206432938575745
/kaggle/input/datasets/tawsifurrahman/covid19-radiography-database/COVID-19_Radiography_Dataset/Normal/images/Normal-4780.png,Normal,Normal,0.006965963169932365,0.020617768168449402,0.9723957180976868,2.0444133042474277e-05,0.24316608905792236,,
/kaggle/input/datasets/tawsifurrahman/covid19-radiography-database/COVID-19_Radiography_Dataset/Normal/images/Normal-4789.png,Normal,Normal,0.00894121639430523,0.008479367941617966,0.9825785160064697,8.70732890234649e-07,0.20458006858825684,,
/kaggle/input/datasets/tawsifurrahman/covid19-radiography-database/COVID-19_Radiography_Dataset/Normal/images/Normal-4797.png,Normal,Normal,0.00048569118371233344,0.039661385118961334,0.9598522782325745,5.991914235892182e-07,0.2422885298728943,0.3671324551105499,0.3671325147151947
/kaggle/input/datasets/tawsifurrahman/covid19-radiography-database/COVID-19_Radiography_Dataset/Normal/images/Normal-4802.png,Normal,Normal,0.007818169891834259,0.01280630100518465,0.9787313938140869,0.0006441258010454476,0.16735152900218964,,
/kaggle/input/datasets/tawsifurrahman/covid19-radiography-database/COVID-19_Radiography_Dataset/Normal/images/Normal-4811.png,Normal,Normal,3.90532204619376e-06,0.0033620567992329597,0.9966339468955994,8.032764498011602e-08,0.3200136125087738,,
/kaggle/input/datasets/tawsifurrahman/covid19-radiography-database/COVID-19_Radiography_Dataset/Normal/images/Normal-4813.png,Normal,Normal,0.029663627967238426,0.07146696746349335,0.8988429307937622,2.647045039338991e-05,0.16491958498954773,,
/kaggle/input/datasets/tawsifurrahman/covid19-radiography-database/COVID-19_Radiography_Dataset/Normal/images/Normal-4824.png,Normal,Normal,0.0022084678057581186,0.01805613376200199,0.9797335267066956,1.822217882363475e-06,0.19218389689922333,0.3739025592803955,0.3739023506641388
/kaggle/input/datasets/tawsifurrahman/covid19-radiography-database/COVID-19_Radiography_Dataset/Normal/images/Normal-4837.png,Normal,Normal,0.024085577577352524,0.15762649476528168,0.818281888961792,6.054015102563426e-06,0.17618012428283691,0.21590520441532135,0.21590514481067657
/kaggle/input/datasets/tawsifurrahman/covid19-radiography-database/COVID-19_Radiography_Dataset/Normal/images/Normal-4855.png,Normal,Normal,5.5678633543720935e-06,0.016438033431768417,0.9835562705993652,1.0957601404015804e-07,0.22741980850696564,,
/kaggle/input/datasets/tawsifurrahman/covid19-radiography-database/COVID-19_Radiography_Dataset/Normal/images/Normal-4860.png,Normal,Normal,5.011251414543949e-05,0.005646323785185814,0.9943033456802368,1.7075095115615113e-07,0.30992910265922546,,
/kaggle/input/datasets/tawsifurrahman/covid19-radiography-database/COVID-19_Radiography_Dataset/Normal/images/Normal-4862.png,Normal,Normal,0.07548510283231735,0.03539824113249779,0.88843834400177,0.0006783491116948426,0.326253205537796,,
/kaggle/input/datasets/tawsifurrahman/covid19-radiography-database/COVID-19_Radiography_Dataset/Normal/images/Normal-4863.png,Normal,Normal,0.0006607953691855073,0.01581427827477455,0.9835222959518433,2.6495270049053943e-06,0.2486257255077362,,
/kaggle/input/datasets/tawsifurrahman/covid19-radiography-database/COVID-19_Radiography_Dataset/Normal/images/Normal-4882.png,Normal,Normal,0.003146127564832568,0.040234751999378204,0.9560273885726929,0.0005916144582442939,0.3854834735393524,,
/kaggle/input/datasets/tawsifurrahman/covid19-radiography-database/COVID-19_Radiography_Dataset/Normal/images/Normal-4887.png,Normal,Normal,9.080263407668099e-05,0.1323913037776947,0.8675097823143005,8.145928404701408e-06,0.24206875264644623,0.32340332865715027,0.32340335845947266
/kaggle/input/datasets/tawsifurrahman/covid19-radiography-database/COVID-19_Radiography_Dataset/Normal/images/Normal-4888.png,Normal,Normal,0.00035132397897541523,0.01361009106040001,0.98593670129776,0.00010188588930759579,0.2203047275543213,,
/kaggle/input/datasets/tawsifurrahman/covid19-radiography-database/COVID-19_Radiography_Dataset/Normal/images/Normal-4896.png,Normal,Normal,0.00016223253624048084,0.008657749742269516,0.9911773204803467,2.674808001756901e-06,0.2560395896434784,,
/kaggle/input/datasets/tawsifurrahman/covid19-radiography-database/COVID-19_Radiography_Dataset/Normal/images/Normal-4901.png,Normal,Normal,0.0002943035215139389,0.0010105252731591463,0.9986929297447205,2.3132267870096257e-06,0.18949384987354279,0.3539220988750458,0.3539218604564667
/kaggle/input/datasets/tawsifurrahman/covid19-radiography-database/COVID-19_Radiography_Dataset/Normal/images/Normal-4908.png,Normal,Normal,0.007508757058531046,0.012412173673510551,0.9800702929496765,8.687434274179395e-06,0.22758005559444427,0.4920198321342468,0.4920196235179901
/kaggle/input/datasets/tawsifurrahman/covid19-radiography-database/COVID-19_Radiography_Dataset/Normal/images/Normal-4912.png,Normal,Normal,0.007919760420918465,0.15621547400951385,0.8358527421951294,1.19765245472081e-05,0.3104279935359955,,
/kaggle/input/datasets/tawsifurrahman/covid19-radiography-database/COVID-19_Radiography_Dataset/Normal/images/Normal-4914.png,Normal,Normal,0.00012057039566570893,0.00038181021227501333,0.9994970560073853,5.979817387924413e-07,0.29285261034965515,0.5806224942207336,0.580622136592865
/kaggle/input/datasets/tawsifurrahman/covid19-radiography-database/COVID-19_Radiography_Dataset/Normal/images/Normal-4928.png,Normal,Normal,0.00038271647645160556,0.03087598644196987,0.9687406420707703,7.035514499875717e-07,0.22010546922683716,,
/kaggle/input/datasets/tawsifurrahman/covid19-radiography-database/COVID-19_Radiography_Dataset/Normal/images/Normal-4929.png,Normal,COVID,0.7151031494140625,0.2641304135322571,0.02075703628361225,9.443515409657266e-06,0.13687841594219208,,
/kaggle/input/datasets/tawsifurrahman/covid19-radiography-database/COVID-19_Radiography_Dataset/Normal/images/Normal-4937.png,Normal,Normal,0.0015099064912647009,0.014470896683633327,0.9840129613876343,6.222457159310579e-06,0.29876846075057983,0.5423519611358643,0.5423519611358643
/kaggle/input/datasets/tawsifurrahman/covid19-radiography-database/COVID-19_Radiography_Dataset/Normal/images/Normal-4939.png,Normal,Lung_Opacity,0.005438696127384901,0.7028785347938538,0.28877103328704834,0.002911725314334035,0.20143122971057892,0.049046628177165985,0.049046631902456284
/kaggle/input/datasets/tawsifurrahman/covid19-radiography-database/COVID-19_Radiography_Dataset/Normal/images/Normal-4946.png,Normal,Normal,3.5952173220721306e-06,0.0003379835106898099,0.9996583461761475,5.1690363989109755e-08,0.3315132260322571,,
/kaggle/input/datasets/tawsifurrahman/covid19-radiography-database/COVID-19_Radiography_Dataset/Normal/images/Normal-4947.png,Normal,Normal,0.0034584940876811743,0.04234332963824272,0.9541926383972168,5.4677502703270875e-06,0.34661999344825745,0.459354966878891,0.459354966878891
/kaggle/input/datasets/tawsifurrahman/covid19-radiography-database/COVID-19_Radiography_Dataset/Normal/images/Normal-495.png,Normal,Normal,7.08342922735028e-05,0.00011575292592169717,0.9877333641052246,0.012079983949661255,0.21542201936244965,,
/kaggle/input/datasets/tawsifurrahman/covid19-radiography-database/COVID-19_Radiography_Dataset/Normal/images/Normal-4951.png,Normal,Lung_Opacity,0.00022846732463221997,0.6478960514068604,0.35184016823768616,3.534428105922416e-05,0.22799864411354065,,
/kaggle/input/datasets/tawsifurrahman/covid19-radiography-database/COVID-19_Radiography_Dataset/Normal/images/Normal-496.png,Normal,Normal,0.005532356910407543,0.000788319855928421,0.8511784672737122,0.1425008922815323,0.12234974652528763,,
/kaggle/input/datasets/tawsifurrahman/covid19-radiography-database/COVID-19_Radiography_Dataset/Normal/images/Normal-4963.png,Normal,Normal,0.003246482228860259,0.13940894603729248,0.8573244214057922,2.010953721764963e-05,0.2888743579387665,,
/kaggle/input/datasets/tawsifurrahman/covid19-radiography-database/COVID-19_Radiography_Dataset/Normal/images/Normal-4971.png,Normal,Normal,0.1260499805212021,0.05849028006196022,0.8152923583984375,0.00016747225890867412,0.27911877632141113,,
/kaggle/input/datasets/tawsifurrahman/covid19-radiography-database/COVID-19_Radiography_Dataset/Normal/images/Normal-498.png,Normal,Normal,1.5962930774549022e-05,0.00019803810573648661,0.9997586607933044,2.735649650276173e-05,0.14084479212760925,,
/kaggle/input/datasets/tawsifurrahman/covid19-radiography-database/COVID-19_Radiography_Dataset/Normal/images/Normal-4981.png,Normal,Normal,0.0005876414943486452,0.01685888133943081,0.9825534224510193,5.551931181457803e-08,0.3080361783504486,,
/kaggle/input/datasets/tawsifurrahman/covid19-radiography-database/COVID-19_Radiography_Dataset/Normal/images/Normal-4985.png,Normal,Normal,0.0034088734537363052,0.00020162880537100136,0.9963471293449402,4.2321771616116166e-05,0.29047784209251404,,
/kaggle/input/datasets/tawsifurrahman/covid19-radiography-database/COVID-19_Radiography_Dataset/Normal/images/Normal-4998.png,Normal,Normal,0.001579690258949995,0.010576610453426838,0.9878348708152771,8.718538083485328e-06,0.2622372806072235,,
/kaggle/input/datasets/tawsifurrahman/covid19-radiography-database/COVID-19_Radiography_Dataset/Normal/images/Normal-5004.png,Normal,Normal,0.00968237966299057,0.004310934338718653,0.9859958291053772,1.0863275747396983e-05,0.2782009541988373,0.5031408667564392,0.5031407475471497
/kaggle/input/datasets/tawsifurrahman/covid19-radiography-database/COVID-19_Radiography_Dataset/Normal/images/Normal-5006.png,Normal,Normal,0.0075842286460101604,0.003677252447232604,0.9887385368347168,1.5403958997239897e-08,0.24406440556049347,,
/kaggle/input/datasets/tawsifurrahman/covid19-radiography-database/COVID-19_Radiography_Dataset/Normal/images/Normal-501.png,Normal,Normal,0.00014985199959482998,3.212593219359405e-05,0.9997168183326721,0.0001011896674754098,0.16998206079006195,,
/kaggle/input/datasets/tawsifurrahman/covid19-radiography-database/COVID-19_Radiography_Dataset/Normal/images/Normal-5015.png,Normal,Normal,0.00016197642253246158,0.014080548658967018,0.9855851531028748,0.00017225847113877535,0.31648632884025574,,
/kaggle/input/datasets/tawsifurrahman/covid19-radiography-database/COVID-19_Radiography_Dataset/Normal/images/Normal-5018.png,Normal,Normal,0.0031752835493534803,0.008477114140987396,0.9883468747138977,8.064104690674867e-07,0.18506856262683868,,
/kaggle/input/datasets/tawsifurrahman/covid19-radiography-database/COVID-19_Radiography_Dataset/Normal/images/Normal-502.png,Normal,Normal,0.0061126332730054855,0.00011812075535999611,0.9936271905899048,0.00014208204811438918,0.24938279390335083,,
/kaggle/input/datasets/tawsifurrahman/covid19-radiography-database/COVID-19_Radiography_Dataset/Normal/images/Normal-5024.png,Normal,Normal,0.008588364347815514,0.11890865117311478,0.8724997043609619,3.3345711472065886e-06,0.3176826536655426,0.4437389075756073,0.443738728761673
/kaggle/input/datasets/tawsifurrahman/covid19-radiography-database/COVID-19_Radiography_Dataset/Normal/images/Normal-5030.png,Normal,Normal,0.004988827742636204,0.035528961569070816,0.9594727754592896,9.409771337232087e-06,0.32553568482398987,0.4543866515159607,0.4543862044811249
/kaggle/input/datasets/tawsifurrahman/covid19-radiography-database/COVID-19_Radiography_Dataset/Normal/images/Normal-5032.png,Normal,Normal,0.0008321315399371088,0.11503612250089645,0.8840875625610352,4.4126471038907766e-05,0.35261937975883484,,
/kaggle/input/datasets/tawsifurrahman/covid19-radiography-database/COVID-19_Radiography_Dataset/Normal/images/Normal-5033.png,Normal,Normal,0.012938805855810642,0.048057470470666885,0.9388965964317322,0.00010723352170316502,0.2859542965888977,,
/kaggle/input/datasets/tawsifurrahman/covid19-radiography-database/COVID-19_Radiography_Dataset/Normal/images/Normal-5034.png,Normal,Normal,0.016302328556776047,0.12433915585279465,0.8592638373374939,9.466840128879994e-05,0.26596421003341675,0.32687169313430786,0.32687148451805115
/kaggle/input/datasets/tawsifurrahman/covid19-radiography-database/COVID-19_Radiography_Dataset/Normal/images/Normal-5043.png,Normal,Normal,0.004884121939539909,0.03405303135514259,0.961057186126709,5.648429578286596e-06,0.18676427006721497,0.40444278717041016,0.4044422507286072
/kaggle/input/datasets/tawsifurrahman/covid19-radiography-database/COVID-19_Radiography_Dataset/Normal/images/Normal-5051.png,Normal,Normal,0.002247204538434744,0.016634074971079826,0.9811180233955383,7.229770631056454e-07,0.17456595599651337,,
/kaggle/input/datasets/tawsifurrahman/covid19-radiography-database/COVID-19_Radiography_Dataset/Normal/images/Normal-5061.png,Normal,Normal,0.004485171288251877,0.008298961445689201,0.9869961738586426,0.00021971474052406847,0.32043665647506714,,
/kaggle/input/datasets/tawsifurrahman/covid19-radiography-database/COVID-19_Radiography_Dataset/Normal/images/Normal-5064.png,Normal,Normal,0.037118393927812576,0.008146903477609158,0.954596996307373,0.00013778349966742098,0.265266478061676,,
/kaggle/input/datasets/tawsifurrahman/covid19-radiography-database/COVID-19_Radiography_Dataset/Normal/images/Normal-5065.png,Normal,Normal,0.013361874967813492,0.039873331785202026,0.9467626810073853,2.1039006696810247e-06,0.2595479488372803,,
/kaggle/input/datasets/tawsifurrahman/covid19-radiography-database/COVID-19_Radiography_Dataset/Normal/images/Normal-507.png,Normal,Normal,0.0007534591131843626,1.4657081919722259e-05,0.9974566102027893,0.0017752399435266852,0.32244575023651123,,
/kaggle/input/datasets/tawsifurrahman/covid19-radiography-database/COVID-19_Radiography_Dataset/Normal/images/Normal-5070.png,Normal,Normal,0.004192943684756756,0.038121338933706284,0.9565601944923401,0.0011255784193053842,0.318798691034317,0.5726714730262756,0.5726713538169861
/kaggle/input/datasets/tawsifurrahman/covid19-radiography-database/COVID-19_Radiography_Dataset/Normal/images/Normal-508.png,Normal,Normal,0.0089813731610775,0.0001338755537290126,0.9253324866294861,0.06555229425430298,0.27150511741638184,,
/kaggle/input/datasets/tawsifurrahman/covid19-radiography-database/COVID-19_Radiography_Dataset/Normal/images/Normal-5081.png,Normal,Normal,0.004068700131028891,0.012801207602024078,0.9831289649009705,1.1287041843388579e-06,0.25623977184295654,,
/kaggle/input/datasets/tawsifurrahman/covid19-radiography-database/COVID-19_Radiography_Dataset/Normal/images/Normal-5097.png,Normal,Normal,0.011500303633511066,0.08721140027046204,0.9012800455093384,8.35058199299965e-06,0.1645810306072235,,
/kaggle/input/datasets/tawsifurrahman/covid19-radiography-database/COVID-19_Radiography_Dataset/Normal/images/Normal-5098.png,Normal,Normal,2.7907790354220197e-05,0.09214401990175247,0.9078260064125061,2.1015489437559154e-06,0.31234216690063477,0.5048299431800842,0.5048297643661499
/kaggle/input/datasets/tawsifurrahman/covid19-radiography-database/COVID-19_Radiography_Dataset/Normal/images/Normal-51.png,Normal,Normal,0.35423722863197327,0.006079039070755243,0.6396775245666504,6.259212113945978e-06,0.17647895216941833,,
/kaggle/input/datasets/tawsifurrahman/covid19-radiography-database/COVID-19_Radiography_Dataset/Normal/images/Normal-5109.png,Normal,Normal,0.00015877925034146756,0.001998872496187687,0.9978410005569458,1.2571653087434242e-06,0.3606306314468384,,
/kaggle/input/datasets/tawsifurrahman/covid19-radiography-database/COVID-19_Radiography_Dataset/Normal/images/Normal-5113.png,Normal,Normal,7.988691504579037e-05,0.004578515887260437,0.9953415393829346,4.795116126388166e-08,0.27425503730773926,,
/kaggle/input/datasets/tawsifurrahman/covid19-radiography-database/COVID-19_Radiography_Dataset/Normal/images/Normal-5122.png,Normal,Normal,9.025921826832928e-06,0.012416675686836243,0.9875675439834595,6.75989667797694e-06,0.23325972259044647,,
/kaggle/input/datasets/tawsifurrahman/covid19-radiography-database/COVID-19_Radiography_Dataset/Normal/images/Normal-5129.png,Normal,Normal,0.0010717748664319515,0.0017604273743927479,0.9971080422401428,5.9757730923593044e-05,0.39869773387908936,,
/kaggle/input/datasets/tawsifurrahman/covid19-radiography-database/COVID-19_Radiography_Dataset/Normal/images/Normal-5130.png,Normal,Lung_Opacity,0.007061627693474293,0.6952568888664246,0.29764994978904724,3.14906174025964e-05,0.18528784811496735,,
/kaggle/input/datasets/tawsifurrahman/covid19-radiography-database/COVID-19_Radiography_Dataset/Normal/images/Normal-5132.png,Normal,Normal,0.0006621441571041942,0.006151351612061262,0.9931140542030334,7.243644358823076e-05,0.28531768918037415,0.5372530221939087,0.5372530221939087
/kaggle/input/datasets/tawsifurrahman/covid19-radiography-database/COVID-19_Radiography_Dataset/Normal/images/Normal-5137.png,Normal,Normal,0.0005111494683660567,0.03130638971924782,0.9681813716888428,1.0665920626706793e-06,0.27712762355804443,,
/kaggle/input/datasets/tawsifurrahman/covid19-radiography-database/COVID-19_Radiography_Dataset/Normal/images/Normal-5144.png,Normal,Normal,0.0008361832005903125,0.005081889685243368,0.9940817952156067,8.653289995663727e-08,0.1894734799861908,,
/kaggle/input/datasets/tawsifurrahman/covid19-radiography-database/COVID-19_Radiography_Dataset/Normal/images/Normal-5146.png,Normal,Normal,0.0033661408815532923,0.006183232646435499,0.9904316067695618,1.9019857063540258e-05,0.2480079084634781,,
/kaggle/input/datasets/tawsifurrahman/covid19-radiography-database/COVID-19_Radiography_Dataset/Normal/images/Normal-5148.png,Normal,Lung_Opacity,0.015937840566039085,0.7994434237480164,0.18459388613700867,2.4758655854384415e-05,0.25926750898361206,0.16400493681430817,0.16400490701198578
/kaggle/input/datasets/tawsifurrahman/covid19-radiography-database/COVID-19_Radiography_Dataset/Normal/images/Normal-5150.png,Normal,Normal,0.004705226048827171,0.04961494356393814,0.9456492066383362,3.066549834329635e-05,0.24272598326206207,,
/kaggle/input/datasets/tawsifurrahman/covid19-radiography-database/COVID-19_Radiography_Dataset/Normal/images/Normal-5160.png,Normal,Normal,2.3211154257296585e-05,0.0015018240083009005,0.9984741806983948,7.641021397830627e-07,0.24210861325263977,0.4781312048435211,0.47813114523887634
/kaggle/input/datasets/tawsifurrahman/covid19-radiography-database/COVID-19_Radiography_Dataset/Normal/images/Normal-5168.png,Normal,Normal,9.682325617177412e-05,0.019180813804268837,0.980715274810791,7.083061063895002e-06,0.258371502161026,,
/kaggle/input/datasets/tawsifurrahman/covid19-radiography-database/COVID-19_Radiography_Dataset/Normal/images/Normal-5175.png,Normal,Normal,3.961586480727419e-05,0.00047800622996874154,0.9994823932647705,1.1409373001924905e-08,0.2503806948661804,,
/kaggle/input/datasets/tawsifurrahman/covid19-radiography-database/COVID-19_Radiography_Dataset/Normal/images/Normal-5180.png,Normal,Lung_Opacity,0.0009877524571493268,0.8649854063987732,0.13401804864406586,8.773337867751252e-06,0.3131583034992218,0.2181905210018158,0.21819067001342773
/kaggle/input/datasets/tawsifurrahman/covid19-radiography-database/COVID-19_Radiography_Dataset/Normal/images/Normal-5181.png,Normal,Normal,0.0009454741375520825,0.014820880256593227,0.9842103719711304,2.3304655769607052e-05,0.2185734659433365,,
/kaggle/input/datasets/tawsifurrahman/covid19-radiography-database/COVID-19_Radiography_Dataset/Normal/images/Normal-5185.png,Normal,Normal,0.022290507331490517,0.20901834964752197,0.7675588130950928,0.001132324105128646,0.11459874361753464,,
/kaggle/input/datasets/tawsifurrahman/covid19-radiography-database/COVID-19_Radiography_Dataset/Normal/images/Normal-5193.png,Normal,Normal,3.917737558367662e-06,0.0005292679998092353,0.9994668364524841,5.941325764702299e-10,0.2274400293827057,,
/kaggle/input/datasets/tawsifurrahman/covid19-radiography-database/COVID-19_Radiography_Dataset/Normal/images/Normal-520.png,Normal,Normal,0.0001367060176562518,0.0004557875799946487,0.9981617331504822,0.0012457704870030284,0.16697442531585693,,
/kaggle/input/datasets/tawsifurrahman/covid19-radiography-database/COVID-19_Radiography_Dataset/Normal/images/Normal-5202.png,Normal,Normal,0.10904198884963989,0.017004869878292084,0.8738365173339844,0.00011657992581604049,0.26927295327186584,,
/kaggle/input/datasets/tawsifurrahman/covid19-radiography-database/COVID-19_Radiography_Dataset/Normal/images/Normal-5203.png,Normal,Normal,0.0032439823262393475,0.008710697293281555,0.9880430698394775,2.2449148673331365e-06,0.3376140594482422,,
/kaggle/input/datasets/tawsifurrahman/covid19-radiography-database/COVID-19_Radiography_Dataset/Normal/images/Normal-5216.png,Normal,Normal,0.003985811956226826,0.0034436529967933893,0.9925578832626343,1.2621290807146579e-05,0.259905606508255,,
/kaggle/input/datasets/tawsifurrahman/covid19-radiography-database/COVID-19_Radiography_Dataset/Normal/images/Normal-522.png,Normal,Normal,0.0010665913578122854,0.0003764659049920738,0.997859537601471,0.0006974038551561534,0.20420140027999878,0.3286663591861725,0.3286662697792053
/kaggle/input/datasets/tawsifurrahman/covid19-radiography-database/COVID-19_Radiography_Dataset/Normal/images/Normal-5224.png,Normal,Normal,0.01845841482281685,0.01651584357023239,0.9650235176086426,2.2846666070108768e-06,0.2310672402381897,,
/kaggle/input/datasets/tawsifurrahman/covid19-radiography-database/COVID-19_Radiography_Dataset/Normal/images/Normal-5225.png,Normal,Normal,3.4323526051593944e-05,0.0002508064790163189,0.9997127652168274,2.090113639496849e-06,0.332589328289032,0.5164288282394409,0.5164288878440857
/kaggle/input/datasets/tawsifurrahman/covid19-radiography-database/COVID-19_Radiography_Dataset/Normal/images/Normal-5235.png,Normal,Normal,0.01260147150605917,0.033911678940057755,0.953485906124115,9.049600180333073e-07,0.2249884307384491,,
/kaggle/input/datasets/tawsifurrahman/covid19-radiography-database/COVID-19_Radiography_Dataset/Normal/images/Normal-524.png,Normal,Normal,3.864030077238567e-06,7.021035708021373e-05,0.9969983100891113,0.0029275710694491863,0.22921432554721832,,
/kaggle/input/datasets/tawsifurrahman/covid19-radiography-database/COVID-19_Radiography_Dataset/Normal/images/Normal-5252.png,Normal,Normal,0.014061504043638706,0.12884166836738586,0.8570680022239685,2.875508835131768e-05,0.36372140049934387,,
/kaggle/input/datasets/tawsifurrahman/covid19-radiography-database/COVID-19_Radiography_Dataset/Normal/images/Normal-526.png,Normal,Normal,0.1083703562617302,0.0016787645872682333,0.4821925759315491,0.40775832533836365,0.11138803511857986,0.2950214743614197,0.2950214743614197
/kaggle/input/datasets/tawsifurrahman/covid19-radiography-database/COVID-19_Radiography_Dataset/Normal/images/Normal-5280.png,Normal,Normal,0.04673978313803673,0.03785022720694542,0.9148127436637878,0.0005972725339233875,0.17095860838890076,,
/kaggle/input/datasets/tawsifurrahman/covid19-radiography-database/COVID-19_Radiography_Dataset/Normal/images/Normal-5282.png,Normal,Normal,0.004020447377115488,0.04252146556973457,0.9532371759414673,0.0002210174861829728,0.19518303871154785,0.5279823541641235,0.5279786586761475
/kaggle/input/datasets/tawsifurrahman/covid19-radiography-database/COVID-19_Radiography_Dataset/Normal/images/Normal-5289.png,Normal,Normal,0.009210336022078991,0.007413364015519619,0.983371376991272,4.99767293149489e-06,0.3203727602958679,,
/kaggle/input/datasets/tawsifurrahman/covid19-radiography-database/COVID-19_Radiography_Dataset/Normal/images/Normal-529.png,Normal,Normal,0.0028411459643393755,0.00012666483235079795,0.9858517050743103,0.011180562898516655,0.2756148874759674,,
/kaggle/input/datasets/tawsifurrahman/covid19-radiography-database/COVID-19_Radiography_Dataset/Normal/images/Normal-5293.png,Normal,Normal,0.02893330715596676,0.028087928891181946,0.9429701566696167,8.54081372381188e-06,0.261042058467865,,
/kaggle/input/datasets/tawsifurrahman/covid19-radiography-database/COVID-19_Radiography_Dataset/Normal/images/Normal-5306.png,Normal,Normal,0.00027011174825020134,0.004425291437655687,0.9953018426895142,2.6536847599345492e-06,0.23188520967960358,,
/kaggle/input/datasets/tawsifurrahman/covid19-radiography-database/COVID-19_Radiography_Dataset/Normal/images/Normal-532.png,Normal,Normal,7.910311978776008e-06,0.0003458083374425769,0.9994267225265503,0.00021962309256196022,0.1774158626794815,,
/kaggle/input/datasets/tawsifurrahman/covid19-radiography-database/COVID-19_Radiography_Dataset/Normal/images/Normal-5330.png,Normal,Normal,0.037631191313266754,0.0051617748104035854,0.957206130027771,8.747126116759318e-07,0.29781287908554077,,
/kaggle/input/datasets/tawsifurrahman/covid19-radiography-database/COVID-19_Radiography_Dataset/Normal/images/Normal-5332.png,Normal,Normal,0.0017551521304994822,0.022552257403731346,0.9756920337677002,5.670730161000392e-07,0.30827558040618896,0.48753607273101807,0.4875359833240509
/kaggle/input/datasets/tawsifurrahman/covid19-radiography-database/COVID-19_Radiography_Dataset/Normal/images/Normal-5354.png,Normal,Normal,1.5531066310359165e-05,0.005176118575036526,0.9948081374168396,1.8402710111331544e-07,0.18397314846515656,,
/kaggle/input/datasets/tawsifurrahman/covid19-radiography-database/COVID-19_Radiography_Dataset/Normal/images/Normal-5361.png,Normal,Normal,0.001378101878799498,0.08354518562555313,0.915076494216919,1.890752798772155e-07,0.26979097723960876,0.4774942994117737,0.47749394178390503
/kaggle/input/datasets/tawsifurrahman/covid19-radiography-database/COVID-19_Radiography_Dataset/Normal/images/Normal-5365.png,Normal,Normal,3.0287797926575877e-05,0.003288882551714778,0.9966615438461304,1.927985795191489e-05,0.2390594482421875,,
/kaggle/input/datasets/tawsifurrahman/covid19-radiography-database/COVID-19_Radiography_Dataset/Normal/images/Normal-5370.png,Normal,Normal,0.013889468275010586,0.007888556458055973,0.9782201051712036,1.959856263056281e-06,0.1969279795885086,0.3913998305797577,0.3913997411727905
/kaggle/input/datasets/tawsifurrahman/covid19-radiography-database/COVID-19_Radiography_Dataset/Normal/images/Normal-5372.png,Normal,Normal,9.36642027227208e-06,0.21911902725696564,0.7808713316917419,2.48019432547153e-07,0.20533737540245056,,
/kaggle/input/datasets/tawsifurrahman/covid19-radiography-database/COVID-19_Radiography_Dataset/Normal/images/Normal-5383.png,Normal,Normal,3.6803048715228215e-05,0.0019301117863506079,0.9979389309883118,9.419612615602091e-05,0.2763477861881256,0.3553955554962158,0.35539543628692627
/kaggle/input/datasets/tawsifurrahman/covid19-radiography-database/COVID-19_Radiography_Dataset/Normal/images/Normal-5386.png,Normal,Normal,8.232282561948523e-05,0.01718481071293354,0.9827314019203186,1.4906867136232904e-06,0.252392053604126,,
/kaggle/input/datasets/tawsifurrahman/covid19-radiography-database/COVID-19_Radiography_Dataset/Normal/images/Normal-5400.png,Normal,Normal,0.013092368841171265,0.03697942569851875,0.9499192833900452,8.900558896129951e-06,0.23824183642864227,0.3449234068393707,0.34492307901382446
/kaggle/input/datasets/tawsifurrahman/covid19-radiography-database/COVID-19_Radiography_Dataset/Normal/images/Normal-5402.png,Normal,Lung_Opacity,0.00832308828830719,0.5511988997459412,0.44047731161117554,7.370433081632655e-07,0.19429819285869598,0.2700822651386261,0.27008166909217834
/kaggle/input/datasets/tawsifurrahman/covid19-radiography-database/COVID-19_Radiography_Dataset/Normal/images/Normal-5404.png,Normal,COVID,0.5919903516769409,0.04571301117539406,0.3619113266468048,0.0003852791851386428,0.2706108093261719,,
/kaggle/input/datasets/tawsifurrahman/covid19-radiography-database/COVID-19_Radiography_Dataset/Normal/images/Normal-5412.png,Normal,Normal,2.9756656658719294e-05,0.22321850061416626,0.7767424583435059,9.31335125642363e-06,0.31467321515083313,,
/kaggle/input/datasets/tawsifurrahman/covid19-radiography-database/COVID-19_Radiography_Dataset/Normal/images/Normal-542.png,Normal,Normal,5.8977169828722253e-05,5.325496385921724e-05,0.9998371601104736,5.0595783250173554e-05,0.244978129863739,,
/kaggle/input/datasets/tawsifurrahman/covid19-radiography-database/COVID-19_Radiography_Dataset/Normal/images/Normal-5427.png,Normal,Normal,0.3128396272659302,0.017726344987750053,0.66874098777771,0.0006930229719728231,0.3477371037006378,0.5598294138908386,0.5598289370536804
/kaggle/input/datasets/tawsifurrahman/covid19-radiography-database/COVID-19_Radiography_Dataset/Normal/images/Normal-5433.png,Normal,Lung_Opacity,0.018079929053783417,0.8765727281570435,0.10512732714414597,0.00022008888481650501,0.09642085433006287,0.08730807900428772,0.08730806410312653
/kaggle/input/datasets/tawsifurrahman/covid19-radiography-database/COVID-19_Radiography_Dataset/Normal/images/Normal-5434.png,Normal,Normal,0.00033857111702673137,0.0018010612111538649,0.9978600144386292,3.9334102552857075e-07,0.23772376775741577,,
/kaggle/input/datasets/tawsifurrahman/covid19-radiography-database/COVID-19_Radiography_Dataset/Normal/images/Normal-5436.png,Normal,Normal,0.19551272690296173,0.01928042434155941,0.7852030396461487,3.828643912129337e-06,0.4090437889099121,,
/kaggle/input/datasets/tawsifurrahman/covid19-radiography-database/COVID-19_Radiography_Dataset/Normal/images/Normal-5442.png,Normal,Normal,2.5120816644630395e-05,0.061719611287117004,0.9382548332214355,3.5204925552534405e-07,0.2331593930721283,,
/kaggle/input/datasets/tawsifurrahman/covid19-radiography-database/COVID-19_Radiography_Dataset/Normal/images/Normal-545.png,Normal,Normal,0.0004011887067463249,0.0006546544609591365,0.9956883788108826,0.003255739575251937,0.21791307628154755,,
/kaggle/input/datasets/tawsifurrahman/covid19-radiography-database/COVID-19_Radiography_Dataset/Normal/images/Normal-5456.png,Normal,Lung_Opacity,0.0005322760553099215,0.9566830992698669,0.042777515947818756,7.118497705960181e-06,0.24282555282115936,,
/kaggle/input/datasets/tawsifurrahman/covid19-radiography-database/COVID-19_Radiography_Dataset/Normal/images/Normal-5460.png,Normal,Normal,0.0012858066475018859,0.002166588557884097,0.996518611907959,2.90265725197969e-05,0.36128872632980347,,
/kaggle/input/datasets/tawsifurrahman/covid19-radiography-database/COVID-19_Radiography_Dataset/Normal/images/Normal-5463.png,Normal,Normal,0.0014429695438593626,0.019098959863185883,0.9794560074806213,2.1132450456207152e-06,0.3342841565608978,,
/kaggle/input/datasets/tawsifurrahman/covid19-radiography-database/COVID-19_Radiography_Dataset/Normal/images/Normal-5464.png,Normal,Normal,4.996654752176255e-05,0.05865420773625374,0.9412863254547119,9.505193702352699e-06,0.21918869018554688,,
/kaggle/input/datasets/tawsifurrahman/covid19-radiography-database/COVID-19_Radiography_Dataset/Normal/images/Normal-5466.png,Normal,Normal,0.0001653750950936228,0.03599289804697037,0.9638336896896362,8.097809768514708e-06,0.2993473708629608,,
/kaggle/input/datasets/tawsifurrahman/covid19-radiography-database/COVID-19_Radiography_Dataset/Normal/images/Normal-5470.png,Normal,Normal,0.0008193858084268868,0.007287897169589996,0.9918915033340454,1.2020029771520058e-06,0.26175880432128906,0.5235859751701355,0.5235859751701355
/kaggle/input/datasets/tawsifurrahman/covid19-radiography-database/COVID-19_Radiography_Dataset/Normal/images/Normal-5474.png,Normal,Normal,0.0004952222225256264,0.006867579650133848,0.9926364421844482,7.243226605169184e-07,0.23824146389961243,,
/kaggle/input/datasets/tawsifurrahman/covid19-radiography-database/COVID-19_Radiography_Dataset/Normal/images/Normal-5478.png,Normal,Normal,0.0003176804166287184,0.00695903692394495,0.9927230477333069,2.338130826728957e-07,0.2395179569721222,0.4336096942424774,0.43360966444015503
/kaggle/input/datasets/tawsifurrahman/covid19-radiography-database/COVID-19_Radiography_Dataset/Normal/images/Normal-5499.png,Normal,Normal,0.0034111489076167345,0.12055163085460663,0.8758617639541626,0.00017550549819134176,0.2829839587211609,,
/kaggle/input/datasets/tawsifurrahman/covid19-radiography-database/COVID-19_Radiography_Dataset/Normal/images/Normal-551.png,Normal,Normal,0.0076924641616642475,0.0008806938421912491,0.9780566692352295,0.013370228931307793,0.25853049755096436,0.3229287564754486,0.32292866706848145
/kaggle/input/datasets/tawsifurrahman/covid19-radiography-database/COVID-19_Radiography_Dataset/Normal/images/Normal-5530.png,Normal,Normal,0.008746212348341942,0.30347344279289246,0.6875917315483093,0.00018863481818698347,0.23830296099185944,0.4230349659919739,0.4230341911315918
/kaggle/input/datasets/tawsifurrahman/covid19-radiography-database/COVID-19_Radiography_Dataset/Normal/images/Normal-5540.png,Normal,Normal,0.02621256187558174,0.0063773165456950665,0.9674099683761597,2.2545275157881406e-07,0.297635555267334,,
/kaggle/input/datasets/tawsifurrahman/covid19-radiography-database/COVID-19_Radiography_Dataset/Normal/images/Normal-5542.png,Normal,Normal,3.8121038414828945e-06,0.2335294932126999,0.766461193561554,5.428099939308595e-06,0.3170250356197357,,
/kaggle/input/datasets/tawsifurrahman/covid19-radiography-database/COVID-19_Radiography_Dataset/Normal/images/Normal-5544.png,Normal,Normal,7.650106454093475e-06,0.030934350565075874,0.9690579175949097,1.736326424861545e-07,0.29689595103263855,,
/kaggle/input/datasets/tawsifurrahman/covid19-radiography-database/COVID-19_Radiography_Dataset/Normal/images/Normal-5548.png,Normal,Normal,0.0282930675894022,0.4334249496459961,0.5379863977432251,0.00029560382245108485,0.2786000370979309,,
/kaggle/input/datasets/tawsifurrahman/covid19-radiography-database/COVID-19_Radiography_Dataset/Normal/images/Normal-555.png,Normal,Normal,0.00025393973919562995,3.068449950660579e-05,0.9995692372322083,0.00014620520232710987,0.20866617560386658,,
/kaggle/input/datasets/tawsifurrahman/covid19-radiography-database/COVID-19_Radiography_Dataset/Normal/images/Normal-5560.png,Normal,Normal,0.005973018240183592,0.061862435191869736,0.9321323037147522,3.232462768210098e-05,0.2370661199092865,0.3580380082130432,0.3580378592014313
/kaggle/input/datasets/tawsifurrahman/covid19-radiography-database/COVID-19_Radiography_Dataset/Normal/images/Normal-5562.png,Normal,Normal,0.22375191748142242,0.025076942518353462,0.7511612176895142,9.931315616995562e-06,0.34628206491470337,,
/kaggle/input/datasets/tawsifurrahman/covid19-radiography-database/COVID-19_Radiography_Dataset/Normal/images/Normal-5565.png,Normal,Normal,4.2415391362737864e-05,0.040551889687776566,0.9594001173973083,5.518538728210842e-06,0.16039608418941498,,
/kaggle/input/datasets/tawsifurrahman/covid19-radiography-database/COVID-19_Radiography_Dataset/Normal/images/Normal-5580.png,Normal,Normal,0.0036156298592686653,0.035837676376104355,0.95989590883255,0.0006507811485789716,0.2431843876838684,,
/kaggle/input/datasets/tawsifurrahman/covid19-radiography-database/COVID-19_Radiography_Dataset/Normal/images/Normal-5583.png,Normal,Normal,0.0014703088672831655,0.07031853497028351,0.9282071590423584,3.996196937805507e-06,0.23162607848644257,0.5179203748703003,0.517920196056366
/kaggle/input/datasets/tawsifurrahman/covid19-radiography-database/COVID-19_Radiography_Dataset/Normal/images/Normal-5586.png,Normal,Normal,0.013310783542692661,0.005765921901911497,0.980748176574707,0.00017505313735455275,0.3222464323043823,,
/kaggle/input/datasets/tawsifurrahman/covid19-radiography-database/COVID-19_Radiography_Dataset/Normal/images/Normal-5589.png,Normal,Normal,0.1666949987411499,0.002950989408418536,0.8303530216217041,9.973389296646928e-07,0.2632143795490265,,
/kaggle/input/datasets/tawsifurrahman/covid19-radiography-database/COVID-19_Radiography_Dataset/Normal/images/Normal-559.png,Normal,Normal,2.851419367289054e-06,0.00010467692482052371,0.9997262358665466,0.00016626885917503387,0.1684073656797409,0.34923142194747925,0.3492313325405121
/kaggle/input/datasets/tawsifurrahman/covid19-radiography-database/COVID-19_Radiography_Dataset/Normal/images/Normal-5598.png,Normal,Normal,0.002158429240807891,0.004625839181244373,0.9932122230529785,3.477653990557883e-06,0.245575949549675,0.3630257844924927,0.3630257248878479
/kaggle/input/datasets/tawsifurrahman/covid19-radiography-database/COVID-19_Radiography_Dataset/Normal/images/Normal-5602.png,Normal,Normal,0.018966175615787506,0.4436517059803009,0.5373803377151489,1.7283388160649338e-06,0.21045954525470734,,
/kaggle/input/datasets/tawsifurrahman/covid19-radiography-database/COVID-19_Radiography_Dataset/Normal/images/Normal-5605.png,Normal,Normal,0.010951457545161247,0.12151657789945602,0.8675193190574646,1.2692480595433153e-05,0.18989184498786926,,
/kaggle/input/datasets/tawsifurrahman/covid19-radiography-database/COVID-19_Radiography_Dataset/Normal/images/Normal-5609.png,Normal,Normal,0.0001992269535548985,0.05719664320349693,0.9423695206642151,0.00023466705169994384,0.23403894901275635,,
/kaggle/input/datasets/tawsifurrahman/covid19-radiography-database/COVID-19_Radiography_Dataset/Normal/images/Normal-5612.png,Normal,Normal,0.003240070305764675,0.023912338539958,0.9728474617004395,1.5232527061925794e-07,0.28238728642463684,,
/kaggle/input/datasets/tawsifurrahman/covid19-radiography-database/COVID-19_Radiography_Dataset/Normal/images/Normal-5616.png,Normal,COVID,0.6047959923744202,0.00835698377341032,0.3864592909812927,0.0003877434355672449,0.3926461935043335,,
/kaggle/input/datasets/tawsifurrahman/covid19-radiography-database/COVID-19_Radiography_Dataset/Normal/images/Normal-5621.png,Normal,Normal,0.0012690509902313352,0.38677966594696045,0.6119509935379028,3.6495251265478146e-07,0.2640117108821869,,
/kaggle/input/datasets/tawsifurrahman/covid19-radiography-database/COVID-19_Radiography_Dataset/Normal/images/Normal-5631.png,Normal,COVID,0.8237665891647339,0.024259749799966812,0.151580348610878,0.00039336318150162697,0.22273699939250946,0.304877907037735,0.3048771917819977
/kaggle/input/datasets/tawsifurrahman/covid19-radiography-database/COVID-19_Radiography_Dataset/Normal/images/Normal-5635.png,Normal,Normal,0.002731561893597245,0.18622376024723053,0.7992090582847595,0.011835562065243721,0.08623985946178436,,
/kaggle/input/datasets/tawsifurrahman/covid19-radiography-database/COVID-19_Radiography_Dataset/Normal/images/Normal-5645.png,Normal,Normal,0.0892360731959343,0.016697419807314873,0.8940578103065491,8.74281431606505e-06,0.31367671489715576,,
/kaggle/input/datasets/tawsifurrahman/covid19-radiography-database/COVID-19_Radiography_Dataset/Normal/images/Normal-5646.png,Normal,Normal,0.010225480422377586,0.011557217687368393,0.9780247211456299,0.00019262458954472095,0.30034339427948,,
/kaggle/input/datasets/tawsifurrahman/covid19-radiography-database/COVID-19_Radiography_Dataset/Normal/images/Normal-5659.png,Normal,Normal,0.0023135696537792683,0.006261184345930815,0.9914251565933228,1.554440274276203e-07,0.22781819105148315,0.38378581404685974,0.38378581404685974
/kaggle/input/datasets/tawsifurrahman/covid19-radiography-database/COVID-19_Radiography_Dataset/Normal/images/Normal-5662.png,Normal,Normal,0.06786922365427017,0.25507238507270813,0.6770572066307068,1.1921757732125116e-06,0.2163190245628357,,
/kaggle/input/datasets/tawsifurrahman/covid19-radiography-database/COVID-19_Radiography_Dataset/Normal/images/Normal-5679.png,Normal,Normal,0.00015716941561549902,0.002436582464724779,0.9974057078361511,5.61618776373507e-07,0.27383702993392944,0.5044211149215698,0.504421055316925
/kaggle/input/datasets/tawsifurrahman/covid19-radiography-database/COVID-19_Radiography_Dataset/Normal/images/Normal-568.png,Normal,Normal,3.0773182515986264e-05,0.00024342442338820547,0.999671459197998,5.43371970707085e-05,0.2573542892932892,,
/kaggle/input/datasets/tawsifurrahman/covid19-radiography-database/COVID-19_Radiography_Dataset/Normal/images/Normal-5682.png,Normal,Normal,0.0006354810320772231,0.03240279108285904,0.9669568538665771,4.806482593266992e-06,0.19188806414604187,,
/kaggle/input/datasets/tawsifurrahman/covid19-radiography-database/COVID-19_Radiography_Dataset/Normal/images/Normal-5683.png,Normal,Normal,0.031349364668130875,0.006518423557281494,0.9621317386627197,5.318743774296308e-07,0.2443609982728958,,
/kaggle/input/datasets/tawsifurrahman/covid19-radiography-database/COVID-19_Radiography_Dataset/Normal/images/Normal-5689.png,Normal,Normal,0.0001581560354679823,0.007858552038669586,0.9919832348823547,1.0830186170096567e-07,0.21332992613315582,,
/kaggle/input/datasets/tawsifurrahman/covid19-radiography-database/COVID-19_Radiography_Dataset/Normal/images/Normal-5695.png,Normal,Normal,0.00016424035129602998,0.0016457840101793408,0.9981899857521057,1.3030176049255715e-08,0.3214894235134125,,
/kaggle/input/datasets/tawsifurrahman/covid19-radiography-database/COVID-19_Radiography_Dataset/Normal/images/Normal-5696.png,Normal,Normal,0.0005975586827844381,0.033788714557886124,0.9655539393424988,5.9698249970097095e-05,0.15830637514591217,0.3627789318561554,0.3627784550189972
/kaggle/input/datasets/tawsifurrahman/covid19-radiography-database/COVID-19_Radiography_Dataset/Normal/images/Normal-5708.png,Normal,Normal,0.0043553817085921764,0.044536396861076355,0.9511051774024963,3.0541925752913812e-06,0.1793898642063141,0.3543758690357208,0.35437554121017456
/kaggle/input/datasets/tawsifurrahman/covid19-radiography-database/COVID-19_Radiography_Dataset/Normal/images/Normal-5712.png,Normal,Normal,0.0003541251935530454,0.008656890131533146,0.9909865260124207,2.3625079847988673e-06,0.2444596141576767,,
/kaggle/input/datasets/tawsifurrahman/covid19-radiography-database/COVID-19_Radiography_Dataset/Normal/images/Normal-5717.png,Normal,Normal,0.00038506489363498986,0.0011254415148869157,0.9984557628631592,3.379382906132378e-05,0.247051402926445,,
/kaggle/input/datasets/tawsifurrahman/covid19-radiography-database/COVID-19_Radiography_Dataset/Normal/images/Normal-5719.png,Normal,Normal,0.002955050440505147,0.07497075200080872,0.9220704436302185,3.698333557622391e-06,0.17157725989818573,,
/kaggle/input/datasets/tawsifurrahman/covid19-radiography-database/COVID-19_Radiography_Dataset/Normal/images/Normal-5720.png,Normal,Normal,0.3153780996799469,0.0037250907626003027,0.6807942390441895,0.00010254696826450527,0.307280957698822,0.4847267270088196,0.48472657799720764
/kaggle/input/datasets/tawsifurrahman/covid19-radiography-database/COVID-19_Radiography_Dataset/Normal/images/Normal-5724.png,Normal,Normal,0.0032693245448172092,0.008724207989871502,0.988003134727478,3.3519152111693984e-06,0.26283523440361023,0.4189814329147339,0.41898131370544434
/kaggle/input/datasets/tawsifurrahman/covid19-radiography-database/COVID-19_Radiography_Dataset/Normal/images/Normal-5725.png,Normal,Normal,0.010221777483820915,0.028546199202537537,0.9612147808074951,1.7312715499429032e-05,0.3279075026512146,,
/kaggle/input/datasets/tawsifurrahman/covid19-radiography-database/COVID-19_Radiography_Dataset/Normal/images/Normal-5729.png,Normal,Normal,0.003967583645135164,0.2682420611381531,0.7276980876922607,9.220676292898133e-05,0.25729432702064514,,
/kaggle/input/datasets/tawsifurrahman/covid19-radiography-database/COVID-19_Radiography_Dataset/Normal/images/Normal-5740.png,Normal,Normal,0.0016204740386456251,0.0008782912045717239,0.9974939823150635,7.247146186273312e-06,0.32806727290153503,0.5615710020065308,0.5615704655647278
/kaggle/input/datasets/tawsifurrahman/covid19-radiography-database/COVID-19_Radiography_Dataset/Normal/images/Normal-5755.png,Normal,Normal,9.03447944438085e-05,0.0031557108741253614,0.9967523813247681,1.6720259736757725e-06,0.31552979350090027,,
/kaggle/input/datasets/tawsifurrahman/covid19-radiography-database/COVID-19_Radiography_Dataset/Normal/images/Normal-5757.png,Normal,Normal,0.003349980805069208,0.018030278384685516,0.9785043001174927,0.0001154689525719732,0.2897803485393524,0.46949949860572815,0.46949952840805054
/kaggle/input/datasets/tawsifurrahman/covid19-radiography-database/COVID-19_Radiography_Dataset/Normal/images/Normal-5769.png,Normal,Normal,6.417267286451533e-05,0.002851473167538643,0.9970836043357849,6.806382089052931e-07,0.24988150596618652,,
/kaggle/input/datasets/tawsifurrahman/covid19-radiography-database/COVID-19_Radiography_Dataset/Normal/images/Normal-5773.png,Normal,Normal,0.00782780908048153,0.0043907747603952885,0.987781286239624,9.03837573673627e-08,0.2578325867652893,0.38237741589546204,0.38237735629081726
/kaggle/input/datasets/tawsifurrahman/covid19-radiography-database/COVID-19_Radiography_Dataset/Normal/images/Normal-5783.png,Normal,Normal,2.2761334548704326e-05,0.012814845889806747,0.9871622920036316,1.221250869321011e-07,0.2758311331272125,,
/kaggle/input/datasets/tawsifurrahman/covid19-radiography-database/COVID-19_Radiography_Dataset/Normal/images/Normal-58.png,Normal,Normal,0.0002999277494382113,0.4194459915161133,0.5801706314086914,8.348004485014826e-05,0.23565170168876648,,
/kaggle/input/datasets/tawsifurrahman/covid19-radiography-database/COVID-19_Radiography_Dataset/Normal/images/Normal-5817.png,Normal,Normal,0.00046602802467532456,0.002081093844026327,0.9974514842033386,1.3869981785319396e-06,0.2721024453639984,0.5094249248504639,0.5094248056411743
/kaggle/input/datasets/tawsifurrahman/covid19-radiography-database/COVID-19_Radiography_Dataset/Normal/images/Normal-5826.png,Normal,Normal,4.461926073417999e-05,0.00202952791005373,0.9979255199432373,2.858943162209471e-07,0.20500105619430542,,
/kaggle/input/datasets/tawsifurrahman/covid19-radiography-database/COVID-19_Radiography_Dataset/Normal/images/Normal-5828.png,Normal,Normal,0.12424498051404953,0.10259276628494263,0.7722001075744629,0.000962211168371141,0.3038904070854187,0.49710214138031006,0.4971020221710205
/kaggle/input/datasets/tawsifurrahman/covid19-radiography-database/COVID-19_Radiography_Dataset/Normal/images/Normal-5831.png,Normal,Normal,0.008738437667489052,0.003874370129778981,0.987385630607605,1.5862774489505682e-06,0.3183594346046448,,
/kaggle/input/datasets/tawsifurrahman/covid19-radiography-database/COVID-19_Radiography_Dataset/Normal/images/Normal-5834.png,Normal,Normal,0.00672170240432024,0.010535353794693947,0.9825772643089294,0.00016561134543735534,0.25938740372657776,,
/kaggle/input/datasets/tawsifurrahman/covid19-radiography-database/COVID-19_Radiography_Dataset/Normal/images/Normal-5855.png,Normal,Normal,0.002600818406790495,0.006654254160821438,0.9907447695732117,2.0627896901714848e-07,0.3304969072341919,0.5192998051643372,0.5192998647689819
/kaggle/input/datasets/tawsifurrahman/covid19-radiography-database/COVID-19_Radiography_Dataset/Normal/images/Normal-5858.png,Normal,Normal,0.0012833669316023588,0.09260337799787521,0.9061105251312256,2.8150050184194697e-06,0.254347562789917,,
/kaggle/input/datasets/tawsifurrahman/covid19-radiography-database/COVID-19_Radiography_Dataset/Normal/images/Normal-5859.png,Normal,Normal,0.00015621911734342575,0.00514740776270628,0.9946944117546082,2.0692393718491076e-06,0.23973697423934937,,
/kaggle/input/datasets/tawsifurrahman/covid19-radiography-database/COVID-19_Radiography_Dataset/Normal/images/Normal-5865.png,Normal,Normal,0.018740016967058182,0.0056651863269507885,0.9755945801734924,2.749285386016709e-07,0.29002097249031067,,
/kaggle/input/datasets/tawsifurrahman/covid19-radiography-database/COVID-19_Radiography_Dataset/Normal/images/Normal-5866.png,Normal,Normal,0.08174887299537659,0.0019389180233702064,0.9162789583206177,3.322820339235477e-05,0.27784308791160583,0.6360617280006409,0.6360615491867065
/kaggle/input/datasets/tawsifurrahman/covid19-radiography-database/COVID-19_Radiography_Dataset/Normal/images/Normal-5872.png,Normal,Normal,0.003728345036506653,0.027322718873620033,0.9689327478408813,1.6189864254556596e-05,0.20603562891483307,,
/kaggle/input/datasets/tawsifurrahman/covid19-radiography-database/COVID-19_Radiography_Dataset/Normal/images/Normal-5876.png,Normal,Normal,0.08066579699516296,0.12029078602790833,0.7778781056404114,0.02116530016064644,0.3917423486709595,,
/kaggle/input/datasets/tawsifurrahman/covid19-radiography-database/COVID-19_Radiography_Dataset/Normal/images/Normal-5880.png,Normal,Normal,0.00017793217557482421,0.004804611671715975,0.9950166344642639,8.970170028987923e-07,0.19112737476825714,0.3979218006134033,0.39792177081108093
/kaggle/input/datasets/tawsifurrahman/covid19-radiography-database/COVID-19_Radiography_Dataset/Normal/images/Normal-5885.png,Normal,Normal,0.0007339749718084931,0.0048639532178640366,0.9944016337394714,3.754423119062267e-07,0.3040101230144501,,
/kaggle/input/datasets/tawsifurrahman/covid19-radiography-database/COVID-19_Radiography_Dataset/Normal/images/Normal-5886.png,Normal,Normal,0.002158875111490488,0.04732520505785942,0.9503400325775146,0.00017594423843547702,0.24029764533042908,,
/kaggle/input/datasets/tawsifurrahman/covid19-radiography-database/COVID-19_Radiography_Dataset/Normal/images/Normal-5890.png,Normal,Normal,0.20488597452640533,0.01992812007665634,0.7750900387763977,9.591486013960093e-05,0.3332478702068329,,
/kaggle/input/datasets/tawsifurrahman/covid19-radiography-database/COVID-19_Radiography_Dataset/Normal/images/Normal-5891.png,Normal,Normal,7.67417877796106e-05,0.0030208921525627375,0.9969016313552856,7.536706334576593e-07,0.2221982479095459,,
/kaggle/input/datasets/tawsifurrahman/covid19-radiography-database/COVID-19_Radiography_Dataset/Normal/images/Normal-59.png,Normal,Normal,0.10203193128108978,0.01094683539122343,0.886993944644928,2.7297854103380814e-05,0.28371143341064453,,
/kaggle/input/datasets/tawsifurrahman/covid19-radiography-database/COVID-19_Radiography_Dataset/Normal/images/Normal-5901.png,Normal,Normal,0.0007742341258563101,0.049964435398578644,0.9492608904838562,3.8770929222664563e-07,0.19355876743793488,,
/kaggle/input/datasets/tawsifurrahman/covid19-radiography-database/COVID-19_Radiography_Dataset/Normal/images/Normal-5906.png,Normal,Normal,4.9845868488773704e-05,0.02794518508017063,0.9719798564910889,2.516044696676545e-05,0.17645922303199768,0.4556027054786682,0.45560258626937866
/kaggle/input/datasets/tawsifurrahman/covid19-radiography-database/COVID-19_Radiography_Dataset/Normal/images/Normal-5911.png,Normal,Normal,0.4320802092552185,0.007031899876892567,0.5607843995094299,0.00010357566497987136,0.31413859128952026,0.5773280262947083,0.5773265957832336
/kaggle/input/datasets/tawsifurrahman/covid19-radiography-database/COVID-19_Radiography_Dataset/Normal/images/Normal-5923.png,Normal,Normal,0.2088886946439743,0.012953565455973148,0.778157651424408,1.742583037867007e-07,0.22154104709625244,0.400960773229599,0.40096044540405273
/kaggle/input/datasets/tawsifurrahman/covid19-radiography-database/COVID-19_Radiography_Dataset/Normal/images/Normal-5932.png,Normal,Normal,0.001081131398677826,0.00601324625313282,0.9928995370864868,6.060278792574536e-06,0.27576956152915955,,
/kaggle/input/datasets/tawsifurrahman/covid19-radiography-database/COVID-19_Radiography_Dataset/Normal/images/Normal-5937.png,Normal,Normal,0.00884287804365158,0.05456070974469185,0.9365478157997131,4.863000867771916e-05,0.2858738601207733,0.4113515615463257,0.4113515019416809
/kaggle/input/datasets/tawsifurrahman/covid19-radiography-database/COVID-19_Radiography_Dataset/Normal/images/Normal-5945.png,Normal,Normal,0.001810809480957687,0.018712658435106277,0.9794747829437256,1.7594783230379107e-06,0.21117685735225677,,
/kaggle/input/datasets/tawsifurrahman/covid19-radiography-database/COVID-19_Radiography_Dataset/Normal/images/Normal-5951.png,Normal,Normal,0.013604405336081982,0.0008223976474255323,0.9855474233627319,2.567915180406999e-05,0.31076639890670776,,
/kaggle/input/datasets/tawsifurrahman/covid19-radiography-database/COVID-19_Radiography_Dataset/Normal/images/Normal-5956.png,Normal,Normal,0.056629084050655365,0.00850177276879549,0.9342412352561951,0.0006278814398683608,0.32701045274734497,0.6477504968643188,0.6477499604225159
/kaggle/input/datasets/tawsifurrahman/covid19-radiography-database/COVID-19_Radiography_Dataset/Normal/images/Normal-596.png,Normal,Normal,0.003983661532402039,0.0020436241757124662,0.8173697590827942,0.17660290002822876,0.30227789282798767,,
/kaggle/input/datasets/tawsifurrahman/covid19-radiography-database/COVID-19_Radiography_Dataset/Normal/images/Normal-5967.png,Normal,Normal,6.045440386515111e-05,0.39131882786750793,0.6085956692695618,2.505563315935433e-05,0.24045409262180328,,
/kaggle/input/datasets/tawsifurrahman/covid19-radiography-database/COVID-19_Radiography_Dataset/Normal/images/Normal-5972.png,Normal,Normal,1.2207852705614641e-05,0.0080973319709301,0.9918901920318604,2.798453522245836e-07,0.18592576682567596,,
/kaggle/input/datasets/tawsifurrahman/covid19-radiography-database/COVID-19_Radiography_Dataset/Normal/images/Normal-5983.png,Normal,Normal,0.0022209682501852512,0.007577637210488319,0.9901986122131348,2.7725575364456745e-06,0.3185592293739319,,
/kaggle/input/datasets/tawsifurrahman/covid19-radiography-database/COVID-19_Radiography_Dataset/Normal/images/Normal-5986.png,Normal,Normal,0.002076830016449094,0.08204244822263718,0.9158546924591064,2.6087967853527516e-05,0.1982625126838684,0.25403109192848206,0.25403109192848206
/kaggle/input/datasets/tawsifurrahman/covid19-radiography-database/COVID-19_Radiography_Dataset/Normal/images/Normal-5990.png,Normal,Normal,0.16359908878803253,0.011591313406825066,0.8241077065467834,0.0007018967880867422,0.36812645196914673,,
/kaggle/input/datasets/tawsifurrahman/covid19-radiography-database/COVID-19_Radiography_Dataset/Normal/images/Normal-5992.png,Normal,Normal,0.030041059479117393,0.0006396142416633666,0.9693084955215454,1.083962524717208e-05,0.2752332091331482,,
/kaggle/input/datasets/tawsifurrahman/covid19-radiography-database/COVID-19_Radiography_Dataset/Normal/images/Normal-5999.png,Normal,Normal,0.0010141024831682444,0.03716770187020302,0.9593555927276611,0.0024627128150314093,0.33057668805122375,,
/kaggle/input/datasets/tawsifurrahman/covid19-radiography-database/COVID-19_Radiography_Dataset/Normal/images/Normal-600.png,Normal,Normal,0.01956530660390854,0.00337515352293849,0.9759446382522583,0.0011148980120196939,0.21063919365406036,,
/kaggle/input/datasets/tawsifurrahman/covid19-radiography-database/COVID-19_Radiography_Dataset/Normal/images/Normal-6013.png,Normal,Normal,0.0003516268916428089,0.00379343144595623,0.995854914188385,1.919728553900768e-08,0.34167781472206116,,
/kaggle/input/datasets/tawsifurrahman/covid19-radiography-database/COVID-19_Radiography_Dataset/Normal/images/Normal-6015.png,Normal,Normal,0.00061286601703614,0.023289930075407028,0.9760895371437073,7.742373782093637e-06,0.2299114614725113,,
/kaggle/input/datasets/tawsifurrahman/covid19-radiography-database/COVID-19_Radiography_Dataset/Normal/images/Normal-602.png,Normal,Viral Pneumonia,1.0302003829565365e-05,0.000890809518750757,0.16579002141952515,0.8333089351654053,0.23236219584941864,,
/kaggle/input/datasets/tawsifurrahman/covid19-radiography-database/COVID-19_Radiography_Dataset/Normal/images/Normal-6024.png,Normal,Normal,0.0003316058428026736,0.04273172467947006,0.9569344520568848,2.161139718737104e-06,0.24750931560993195,,
/kaggle/input/datasets/tawsifurrahman/covid19-radiography-database/COVID-19_Radiography_Dataset/Normal/images/Normal-6025.png,Normal,Normal,0.003829770954325795,0.0010023412760347128,0.9951677322387695,2.5729377739480697e-07,0.33492234349250793,,
/kaggle/input/datasets/tawsifurrahman/covid19-radiography-database/COVID-19_Radiography_Dataset/Normal/images/Normal-6029.png,Normal,Normal,0.02338540554046631,0.05137871205806732,0.9251989722251892,3.696134081110358e-05,0.18160098791122437,,
/kaggle/input/datasets/tawsifurrahman/covid19-radiography-database/COVID-19_Radiography_Dataset/Normal/images/Normal-6036.png,Normal,Normal,8.92783427843824e-05,0.018801668658852577,0.9811089634895325,2.0202463701934903e-07,0.1432759314775467,0.3299727737903595,0.3299727737903595
/kaggle/input/datasets/tawsifurrahman/covid19-radiography-database/COVID-19_Radiography_Dataset/Normal/images/Normal-6047.png,Normal,COVID,0.7748829126358032,0.04460965469479561,0.18049845099449158,8.991176400741097e-06,0.2672998607158661,0.43997377157211304,0.43997353315353394
/kaggle/input/datasets/tawsifurrahman/covid19-radiography-database/COVID-19_Radiography_Dataset/Normal/images/Normal-6050.png,Normal,Normal,0.005863260943442583,0.002067189896479249,0.9920681715011597,1.3302989145813626e-06,0.2353716343641281,0.36345335841178894,0.36345332860946655
/kaggle/input/datasets/tawsifurrahman/covid19-radiography-database/COVID-19_Radiography_Dataset/Normal/images/Normal-6051.png,Normal,Normal,0.005012838635593653,0.10960153490304947,0.862217128276825,0.023168573155999184,0.32583317160606384,,
/kaggle/input/datasets/tawsifurrahman/covid19-radiography-database/COVID-19_Radiography_Dataset/Normal/images/Normal-6057.png,Normal,Normal,0.002112737623974681,0.01624480076134205,0.9816368222236633,5.652868367178598e-06,0.19527386128902435,,
/kaggle/input/datasets/tawsifurrahman/covid19-radiography-database/COVID-19_Radiography_Dataset/Normal/images/Normal-6062.png,Normal,Normal,0.0807804986834526,0.053903158754110336,0.8652973771095276,1.9005865397048183e-05,0.3161674439907074,,
/kaggle/input/datasets/tawsifurrahman/covid19-radiography-database/COVID-19_Radiography_Dataset/Normal/images/Normal-6067.png,Normal,Normal,0.005744732450693846,0.07845635712146759,0.9157946705818176,4.2506899262662046e-06,0.2821076512336731,0.5084302425384521,0.5084301829338074
/kaggle/input/datasets/tawsifurrahman/covid19-radiography-database/COVID-19_Radiography_Dataset/Normal/images/Normal-6068.png,Normal,Normal,0.0158437080681324,0.027826974168419838,0.9563083648681641,2.092209251713939e-05,0.3174433410167694,0.5504555702209473,0.5504555106163025
/kaggle/input/datasets/tawsifurrahman/covid19-radiography-database/COVID-19_Radiography_Dataset/Normal/images/Normal-6072.png,Normal,Lung_Opacity,8.61018543218961e-06,0.5165697932243347,0.48342037200927734,1.1833772077807225e-06,0.32352206110954285,,
/kaggle/input/datasets/tawsifurrahman/covid19-radiography-database/COVID-19_Radiography_Dataset/Normal/images/Normal-6079.png,Normal,Normal,0.00010581812239252031,0.018671492114663124,0.9812222123146057,4.5494059008888144e-07,0.26253682374954224,,
/kaggle/input/datasets/tawsifurrahman/covid19-radiography-database/COVID-19_Radiography_Dataset/Normal/images/Normal-608.png,Normal,Normal,1.992044417420402e-05,7.670109334867448e-05,0.9990723133087158,0.0008310367120429873,0.24182911217212677,,
/kaggle/input/datasets/tawsifurrahman/covid19-radiography-database/COVID-19_Radiography_Dataset/Normal/images/Normal-6091.png,Normal,Normal,0.04402650520205498,0.07605135440826416,0.8798871040344238,3.4964788937941194e-05,0.2324024885892868,,
/kaggle/input/datasets/tawsifurrahman/covid19-radiography-database/COVID-19_Radiography_Dataset/Normal/images/Normal-6093.png,Normal,Normal,0.14999665319919586,0.003244946012273431,0.8467463850975037,1.2017825611110311e-05,0.2624763250350952,0.5319976210594177,0.5319976210594177
/kaggle/input/datasets/tawsifurrahman/covid19-radiography-database/COVID-19_Radiography_Dataset/Normal/images/Normal-6095.png,Normal,Normal,0.000996008631773293,0.0011727995006367564,0.9978213310241699,9.869380846794229e-06,0.2603251338005066,,
/kaggle/input/datasets/tawsifurrahman/covid19-radiography-database/COVID-19_Radiography_Dataset/Normal/images/Normal-61.png,Normal,Normal,1.0061738066724502e-05,0.006151776760816574,0.9938369393348694,1.1779985698012752e-06,0.2642509639263153,,
/kaggle/input/datasets/tawsifurrahman/covid19-radiography-database/COVID-19_Radiography_Dataset/Normal/images/Normal-611.png,Normal,Normal,0.0007045696256682277,3.38702266162727e-05,0.9982965588569641,0.000965046463534236,0.2840803861618042,,
/kaggle/input/datasets/tawsifurrahman/covid19-radiography-database/COVID-19_Radiography_Dataset/Normal/images/Normal-6110.png,Normal,Normal,0.04558144509792328,0.024595292285084724,0.9275617599487305,0.002261487301439047,0.3991781175136566,,
/kaggle/input/datasets/tawsifurrahman/covid19-radiography-database/COVID-19_Radiography_Dataset/Normal/images/Normal-6113.png,Normal,Normal,3.4234967642987613e-06,0.000728469924069941,0.999268114566803,1.0415404538832718e-08,0.22714103758335114,,
/kaggle/input/datasets/tawsifurrahman/covid19-radiography-database/COVID-19_Radiography_Dataset/Normal/images/Normal-6116.png,Normal,Normal,0.0002343493833905086,0.07441951334476471,0.9250237941741943,0.0003223097010049969,0.2978723347187042,,
/kaggle/input/datasets/tawsifurrahman/covid19-radiography-database/COVID-19_Radiography_Dataset/Normal/images/Normal-6117.png,Normal,Normal,0.00031000180752016604,0.02838434837758541,0.9713044762611389,1.2368261650408385e-06,0.2091042846441269,,
/kaggle/input/datasets/tawsifurrahman/covid19-radiography-database/COVID-19_Radiography_Dataset/Normal/images/Normal-6131.png,Normal,Normal,6.133828719612211e-05,0.002454229863360524,0.9974843263626099,1.1660175402994355e-07,0.24844613671302795,0.5807725191116333,0.5807725787162781
/kaggle/input/datasets/tawsifurrahman/covid19-radiography-database/COVID-19_Radiography_Dataset/Normal/images/Normal-6132.png,Normal,Normal,0.00022927702229935676,0.11108865588903427,0.8886802196502686,1.8880290326706017e-06,0.2145073115825653,0.4697807729244232,0.4697796702384949
/kaggle/input/datasets/tawsifurrahman/covid19-radiography-database/COVID-19_Radiography_Dataset/Normal/images/Normal-6134.png,Normal,Normal,0.00053381611360237,0.002597599755972624,0.9968572854995728,1.1290750080661383e-05,0.29233187437057495,0.5902134776115417,0.5902129411697388
/kaggle/input/datasets/tawsifurrahman/covid19-radiography-database/COVID-19_Radiography_Dataset/Normal/images/Normal-6136.png,Normal,Normal,0.07174688577651978,0.06103760749101639,0.8672091960906982,6.339903848129325e-06,0.27716442942619324,,
/kaggle/input/datasets/tawsifurrahman/covid19-radiography-database/COVID-19_Radiography_Dataset/Normal/images/Normal-6145.png,Normal,Normal,0.00511896051466465,0.003534379182383418,0.991346538066864,1.2150185568771121e-07,0.3261522352695465,,
/kaggle/input/datasets/tawsifurrahman/covid19-radiography-database/COVID-19_Radiography_Dataset/Normal/images/Normal-6148.png,Normal,Normal,0.0011550058843567967,0.01509771402925253,0.9836757779121399,7.145849667722359e-05,0.3388884663581848,,
/kaggle/input/datasets/tawsifurrahman/covid19-radiography-database/COVID-19_Radiography_Dataset/Normal/images/Normal-6163.png,Normal,Normal,0.004496804438531399,0.003190763760358095,0.992308497428894,3.966561507695587e-06,0.3042100965976715,,
/kaggle/input/datasets/tawsifurrahman/covid19-radiography-database/COVID-19_Radiography_Dataset/Normal/images/Normal-6167.png,Normal,Normal,0.0007941254880279303,0.0016406752401962876,0.9975647926330566,4.132379558541288e-07,0.28826671838760376,,
/kaggle/input/datasets/tawsifurrahman/covid19-radiography-database/COVID-19_Radiography_Dataset/Normal/images/Normal-6168.png,Normal,Normal,2.589660834928509e-05,0.02004227042198181,0.9799317717552185,6.481651126932775e-08,0.3389669954776764,,
/kaggle/input/datasets/tawsifurrahman/covid19-radiography-database/COVID-19_Radiography_Dataset/Normal/images/Normal-617.png,Normal,Normal,8.42594999994617e-06,2.5636878490331583e-05,0.9998704195022583,9.54649003688246e-05,0.21129676699638367,,
/kaggle/input/datasets/tawsifurrahman/covid19-radiography-database/COVID-19_Radiography_Dataset/Normal/images/Normal-6175.png,Normal,Normal,0.0007017354946583509,0.16873259842395782,0.8279397487640381,0.002625884022563696,0.29697540402412415,,
/kaggle/input/datasets/tawsifurrahman/covid19-radiography-database/COVID-19_Radiography_Dataset/Normal/images/Normal-6185.png,Normal,Normal,0.03842596337199211,0.023143799975514412,0.9383327960968018,9.736583160702139e-05,0.24613437056541443,,
/kaggle/input/datasets/tawsifurrahman/covid19-radiography-database/COVID-19_Radiography_Dataset/Normal/images/Normal-6187.png,Normal,Normal,0.00015699787763878703,0.026987411081790924,0.9728319048881531,2.3672706447541714e-05,0.24037432670593262,0.373592346906662,0.3735922873020172
/kaggle/input/datasets/tawsifurrahman/covid19-radiography-database/COVID-19_Radiography_Dataset/Normal/images/Normal-6193.png,Normal,Normal,0.04873908683657646,0.007410962134599686,0.9438479542732239,1.984418759093387e-06,0.3233643174171448,,
/kaggle/input/datasets/tawsifurrahman/covid19-radiography-database/COVID-19_Radiography_Dataset/Normal/images/Normal-6196.png,Normal,Normal,0.0067320349626243114,0.005540389101952314,0.987716019153595,1.1549038390512578e-05,0.26144102215766907,0.4874786138534546,0.4874785840511322
/kaggle/input/datasets/tawsifurrahman/covid19-radiography-database/COVID-19_Radiography_Dataset/Normal/images/Normal-620.png,Normal,Normal,0.0007074142922647297,0.0005333260050974786,0.9984740614891052,0.0002851829631254077,0.20536185801029205,,
/kaggle/input/datasets/tawsifurrahman/covid19-radiography-database/COVID-19_Radiography_Dataset/Normal/images/Normal-6200.png,Normal,Normal,0.004483165685087442,0.19020137190818787,0.8029500842094421,0.00236537866294384,0.26166367530822754,0.22771356999874115,0.22771309316158295
/kaggle/input/datasets/tawsifurrahman/covid19-radiography-database/COVID-19_Radiography_Dataset/Normal/images/Normal-6203.png,Normal,Normal,0.004277770407497883,0.02475886233150959,0.9708521366119385,0.0001112615063902922,0.2573550343513489,,
/kaggle/input/datasets/tawsifurrahman/covid19-radiography-database/COVID-19_Radiography_Dataset/Normal/images/Normal-6204.png,Normal,Normal,0.009250839240849018,0.039962638169527054,0.950786292552948,2.6753909310173185e-07,0.16491973400115967,,
/kaggle/input/datasets/tawsifurrahman/covid19-radiography-database/COVID-19_Radiography_Dataset/Normal/images/Normal-6214.png,Normal,Normal,0.03132474794983864,0.06697936356067657,0.9016863107681274,9.54493043536786e-06,0.28388163447380066,0.5153144598007202,0.5153143405914307
/kaggle/input/datasets/tawsifurrahman/covid19-radiography-database/COVID-19_Radiography_Dataset/Normal/images/Normal-6225.png,Normal,Normal,0.007919958792626858,0.060390930622816086,0.9301136136054993,0.0015756015200167894,0.36463701725006104,,
/kaggle/input/datasets/tawsifurrahman/covid19-radiography-database/COVID-19_Radiography_Dataset/Normal/images/Normal-623.png,Normal,Normal,0.000691708002705127,0.00014557204849552363,0.9982081651687622,0.0009545997017994523,0.1973469853401184,,
/kaggle/input/datasets/tawsifurrahman/covid19-radiography-database/COVID-19_Radiography_Dataset/Normal/images/Normal-6234.png,Normal,Normal,0.0006637379410676658,0.019770478829741478,0.9795571565628052,8.665587301948108e-06,0.2951611876487732,,
/kaggle/input/datasets/tawsifurrahman/covid19-radiography-database/COVID-19_Radiography_Dataset/Normal/images/Normal-6244.png,Normal,Normal,0.0002747469116002321,0.008681031875312328,0.9910406470298767,3.4867027807194972e-06,0.3148719370365143,,
/kaggle/input/datasets/tawsifurrahman/covid19-radiography-database/COVID-19_Radiography_Dataset/Normal/images/Normal-6248.png,Normal,Normal,0.00012246903497725725,0.045676425099372864,0.9541885256767273,1.254724156751763e-05,0.2566768229007721,,
/kaggle/input/datasets/tawsifurrahman/covid19-radiography-database/COVID-19_Radiography_Dataset/Normal/images/Normal-6249.png,Normal,Normal,0.0021269835997372866,0.001185147208161652,0.9966877102851868,8.637832138447266e-08,0.31004953384399414,,
/kaggle/input/datasets/tawsifurrahman/covid19-radiography-database/COVID-19_Radiography_Dataset/Normal/images/Normal-6255.png,Normal,Normal,0.0010874818544834852,0.008697536773979664,0.9902104139328003,4.564224582281895e-06,0.19634972512722015,,
/kaggle/input/datasets/tawsifurrahman/covid19-radiography-database/COVID-19_Radiography_Dataset/Normal/images/Normal-6256.png,Normal,Normal,0.0027927784249186516,0.03148644044995308,0.9657155275344849,5.210177732806187e-06,0.3990756869316101,0.5527588725090027,0.5527586936950684
/kaggle/input/datasets/tawsifurrahman/covid19-radiography-database/COVID-19_Radiography_Dataset/Normal/images/Normal-6259.png,Normal,Normal,0.007109638303518295,0.02250160090625286,0.9703693389892578,1.9389735825825483e-05,0.33107689023017883,,
/kaggle/input/datasets/tawsifurrahman/covid19-radiography-database/COVID-19_Radiography_Dataset/Normal/images/Normal-6263.png,Normal,Normal,1.6505307939951308e-05,0.0031518072355538607,0.996724545955658,0.00010717365512391552,0.2256467640399933,0.4061562418937683,0.4061560034751892
/kaggle/input/datasets/tawsifurrahman/covid19-radiography-database/COVID-19_Radiography_Dataset/Normal/images/Normal-6264.png,Normal,Normal,0.0026392049621790648,0.03423609212040901,0.9630830883979797,4.1525825508870184e-05,0.24449986219406128,,
/kaggle/input/datasets/tawsifurrahman/covid19-radiography-database/COVID-19_Radiography_Dataset/Normal/images/Normal-6265.png,Normal,Normal,0.005546003580093384,0.1988750696182251,0.7955765724182129,2.397619482508162e-06,0.25994688272476196,,
/kaggle/input/datasets/tawsifurrahman/covid19-radiography-database/COVID-19_Radiography_Dataset/Normal/images/Normal-6269.png,Normal,Normal,0.005140367895364761,0.3730098009109497,0.6218475699424744,2.2569997781829443e-06,0.2821072041988373,,
/kaggle/input/datasets/tawsifurrahman/covid19-radiography-database/COVID-19_Radiography_Dataset/Normal/images/Normal-6270.png,Normal,Normal,0.0010596910724416375,0.05618002265691757,0.9427518844604492,8.472499757772312e-06,0.2623017430305481,,
/kaggle/input/datasets/tawsifurrahman/covid19-radiography-database/COVID-19_Radiography_Dataset/Normal/images/Normal-628.png,Normal,Normal,1.3754588508163579e-05,1.037307629303541e-05,0.9999613761901855,1.4591319995815866e-05,0.2698909342288971,,
/kaggle/input/datasets/tawsifurrahman/covid19-radiography-database/COVID-19_Radiography_Dataset/Normal/images/Normal-6295.png,Normal,Normal,0.15007548034191132,0.17897607386112213,0.6708060503005981,0.00014241623284760863,0.29876914620399475,,
/kaggle/input/datasets/tawsifurrahman/covid19-radiography-database/COVID-19_Radiography_Dataset/Normal/images/Normal-63.png,Normal,Normal,5.914508437854238e-05,0.0016807918436825275,0.9962062835693359,0.002053704811260104,0.18441173434257507,,
/kaggle/input/datasets/tawsifurrahman/covid19-radiography-database/COVID-19_Radiography_Dataset/Normal/images/Normal-6311.png,Normal,Normal,0.006547656375914812,0.017745869234204292,0.9754245281219482,0.000281847344012931,0.37448424100875854,,
/kaggle/input/datasets/tawsifurrahman/covid19-radiography-database/COVID-19_Radiography_Dataset/Normal/images/Normal-6316.png,Normal,Normal,0.00426626717671752,0.015196532011032104,0.9805324673652649,4.695862116932403e-06,0.25831082463264465,,
/kaggle/input/datasets/tawsifurrahman/covid19-radiography-database/COVID-19_Radiography_Dataset/Normal/images/Normal-6318.png,Normal,Normal,0.00031680482788942754,0.011216913349926472,0.9884661436080933,8.838038922931446e-08,0.25928738713264465,,
/kaggle/input/datasets/tawsifurrahman/covid19-radiography-database/COVID-19_Radiography_Dataset/Normal/images/Normal-6323.png,Normal,Normal,0.0016402233159169555,0.0262915026396513,0.9720630049705505,5.241683084022952e-06,0.2725807726383209,,
/kaggle/input/datasets/tawsifurrahman/covid19-radiography-database/COVID-19_Radiography_Dataset/Normal/images/Normal-634.png,Normal,Normal,1.8292357708560303e-05,2.029692223004531e-05,0.9978803396224976,0.0020810177084058523,0.1363999992609024,,
/kaggle/input/datasets/tawsifurrahman/covid19-radiography-database/COVID-19_Radiography_Dataset/Normal/images/Normal-6341.png,Normal,Normal,0.00016139826038852334,0.1572658270597458,0.8416432738304138,0.0009294464834965765,0.08695516735315323,0.20951734483242035,0.20951713621616364
/kaggle/input/datasets/tawsifurrahman/covid19-radiography-database/COVID-19_Radiography_Dataset/Normal/images/Normal-6343.png,Normal,Normal,0.0024116341955959797,0.06825269758701324,0.9293321371078491,3.5331624985701637e-06,0.24890443682670593,,
/kaggle/input/datasets/tawsifurrahman/covid19-radiography-database/COVID-19_Radiography_Dataset/Normal/images/Normal-6355.png,Normal,Normal,3.086889773840085e-05,0.0017354619922116399,0.9982333183288574,3.5756747251980414e-07,0.29649683833122253,,
/kaggle/input/datasets/tawsifurrahman/covid19-radiography-database/COVID-19_Radiography_Dataset/Normal/images/Normal-6366.png,Normal,Normal,2.838210821209941e-05,0.0026157712563872337,0.9973425269126892,1.3317760021891445e-05,0.21484461426734924,,
/kaggle/input/datasets/tawsifurrahman/covid19-radiography-database/COVID-19_Radiography_Dataset/Normal/images/Normal-6367.png,Normal,Normal,0.0009110352257266641,0.0010221332777291536,0.9980667233467102,1.6431130234195734e-07,0.22480912506580353,,
/kaggle/input/datasets/tawsifurrahman/covid19-radiography-database/COVID-19_Radiography_Dataset/Normal/images/Normal-6368.png,Normal,Normal,0.0017236117273569107,0.2601723372936249,0.7381025552749634,1.4493025446427055e-06,0.1657768338918686,,
/kaggle/input/datasets/tawsifurrahman/covid19-radiography-database/COVID-19_Radiography_Dataset/Normal/images/Normal-6369.png,Normal,Normal,0.3087582588195801,0.017572792246937752,0.6736648678779602,4.066296241944656e-06,0.2700105607509613,0.47525644302368164,0.4752551317214966
/kaggle/input/datasets/tawsifurrahman/covid19-radiography-database/COVID-19_Radiography_Dataset/Normal/images/Normal-6372.png,Normal,Normal,0.0002025560097536072,0.2074509710073471,0.7914556860923767,0.0008907485171221197,0.262318879365921,,
/kaggle/input/datasets/tawsifurrahman/covid19-radiography-database/COVID-19_Radiography_Dataset/Normal/images/Normal-6378.png,Normal,Normal,0.0002465326397214085,0.009298726916313171,0.990454375743866,2.8990066880396625e-07,0.3081989586353302,,
/kaggle/input/datasets/tawsifurrahman/covid19-radiography-database/COVID-19_Radiography_Dataset/Normal/images/Normal-6379.png,Normal,Normal,0.0008974158554337919,0.1801683008670807,0.8188663721084595,6.790556653868407e-05,0.15230485796928406,,
/kaggle/input/datasets/tawsifurrahman/covid19-radiography-database/COVID-19_Radiography_Dataset/Normal/images/Normal-6380.png,Normal,Normal,0.00013296905672177672,0.03158881887793541,0.9682742357254028,3.994616690761177e-06,0.2210034430027008,,
/kaggle/input/datasets/tawsifurrahman/covid19-radiography-database/COVID-19_Radiography_Dataset/Normal/images/Normal-6384.png,Normal,Normal,0.004713637288659811,0.03586694598197937,0.9594120979309082,7.237826594064245e-06,0.293310284614563,,
/kaggle/input/datasets/tawsifurrahman/covid19-radiography-database/COVID-19_Radiography_Dataset/Normal/images/Normal-6394.png,Normal,Normal,0.13322237133979797,0.10127557814121246,0.7655003070831299,1.7422877363060252e-06,0.2930297255516052,,
/kaggle/input/datasets/tawsifurrahman/covid19-radiography-database/COVID-19_Radiography_Dataset/Normal/images/Normal-6395.png,Normal,Normal,0.02175001986324787,0.00923820398747921,0.9689881801605225,2.356572986172978e-05,0.22291693091392517,0.5078670978546143,0.5078661441802979
/kaggle/input/datasets/tawsifurrahman/covid19-radiography-database/COVID-19_Radiography_Dataset/Normal/images/Normal-640.png,Normal,Viral Pneumonia,9.490949014434591e-05,0.014309232123196125,0.38244667649269104,0.6031491756439209,0.18445123732089996,,
/kaggle/input/datasets/tawsifurrahman/covid19-radiography-database/COVID-19_Radiography_Dataset/Normal/images/Normal-6409.png,Normal,Normal,0.00955524668097496,0.029465144500136375,0.9609794616699219,1.3953825828139088e-07,0.23830215632915497,,
/kaggle/input/datasets/tawsifurrahman/covid19-radiography-database/COVID-19_Radiography_Dataset/Normal/images/Normal-6411.png,Normal,Normal,0.3371908664703369,0.07360108196735382,0.5887564420700073,0.00045154051622375846,0.3733271360397339,0.34706681966781616,0.34706664085388184
/kaggle/input/datasets/tawsifurrahman/covid19-radiography-database/COVID-19_Radiography_Dataset/Normal/images/Normal-6412.png,Normal,Normal,0.004044344648718834,0.02035881020128727,0.9753105640411377,0.00028636050410568714,0.27949896454811096,,
/kaggle/input/datasets/tawsifurrahman/covid19-radiography-database/COVID-19_Radiography_Dataset/Normal/images/Normal-6433.png,Normal,Normal,0.056195877492427826,0.04501870274543762,0.8987505435943604,3.479100632830523e-05,0.2660239338874817,,
/kaggle/input/datasets/tawsifurrahman/covid19-radiography-database/COVID-19_Radiography_Dataset/Normal/images/Normal-645.png,Normal,Normal,0.0010278383269906044,0.003355256048962474,0.987308919429779,0.008307998068630695,0.17508810758590698,,
/kaggle/input/datasets/tawsifurrahman/covid19-radiography-database/COVID-19_Radiography_Dataset/Normal/images/Normal-6450.png,Normal,Normal,1.6948206393863074e-05,0.0194769985973835,0.9805059432983398,3.6741852227351046e-08,0.29623743891716003,,
/kaggle/input/datasets/tawsifurrahman/covid19-radiography-database/COVID-19_Radiography_Dataset/Normal/images/Normal-6455.png,Normal,Normal,1.0849422324099578e-05,0.0009073883993551135,0.9990777969360352,4.001977686129976e-06,0.2738373875617981,,
/kaggle/input/datasets/tawsifurrahman/covid19-radiography-database/COVID-19_Radiography_Dataset/Normal/images/Normal-6462.png,Normal,Normal,0.019509708508849144,0.012603512965142727,0.9678653478622437,2.1459118215716444e-05,0.20569635927677155,,
/kaggle/input/datasets/tawsifurrahman/covid19-radiography-database/COVID-19_Radiography_Dataset/Normal/images/Normal-6463.png,Normal,Normal,1.545988561701961e-05,0.009278515353798866,0.9907060265541077,2.2368778829218172e-08,0.3175228238105774,0.566007137298584,0.5660071969032288
/kaggle/input/datasets/tawsifurrahman/covid19-radiography-database/COVID-19_Radiography_Dataset/Normal/images/Normal-6472.png,Normal,Normal,0.003641327377408743,0.083428755402565,0.9129297137260437,2.244292716113705e-07,0.26787808537483215,0.2516374886035919,0.2516373097896576
/kaggle/input/datasets/tawsifurrahman/covid19-radiography-database/COVID-19_Radiography_Dataset/Normal/images/Normal-6475.png,Normal,Normal,0.013154578395187855,0.11513157188892365,0.8716788291931152,3.5111519537167624e-05,0.28697100281715393,,
/kaggle/input/datasets/tawsifurrahman/covid19-radiography-database/COVID-19_Radiography_Dataset/Normal/images/Normal-6480.png,Normal,Normal,0.007295605260878801,0.001188308815471828,0.9915156364440918,4.066684482495475e-07,0.25910988450050354,,
/kaggle/input/datasets/tawsifurrahman/covid19-radiography-database/COVID-19_Radiography_Dataset/Normal/images/Normal-6484.png,Normal,Lung_Opacity,0.02188728004693985,0.5541335940361023,0.42354828119277954,0.00043082007323391736,0.22520814836025238,,
/kaggle/input/datasets/tawsifurrahman/covid19-radiography-database/COVID-19_Radiography_Dataset/Normal/images/Normal-649.png,Normal,Normal,0.00037800619611516595,0.0001535621122457087,0.9991849064826965,0.00028350588399916887,0.1929014027118683,,
/kaggle/input/datasets/tawsifurrahman/covid19-radiography-database/COVID-19_Radiography_Dataset/Normal/images/Normal-6495.png,Normal,Normal,0.0003929461818188429,0.0030159580055624247,0.9965907335281372,2.8334676471786224e-07,0.32053178548812866,0.49433645606040955,0.49433642625808716
/kaggle/input/datasets/tawsifurrahman/covid19-radiography-database/COVID-19_Radiography_Dataset/Normal/images/Normal-650.png,Normal,Normal,0.023251764476299286,0.030609313398599625,0.945736825466156,0.0004021689237561077,0.14184366166591644,,
/kaggle/input/datasets/tawsifurrahman/covid19-radiography-database/COVID-19_Radiography_Dataset/Normal/images/Normal-6504.png,Normal,Normal,9.064913319889456e-05,0.09686348587274551,0.9030451774597168,7.099718004610622e-07,0.27718526124954224,,
/kaggle/input/datasets/tawsifurrahman/covid19-radiography-database/COVID-19_Radiography_Dataset/Normal/images/Normal-6529.png,Normal,Normal,0.03149399533867836,0.007821773178875446,0.9606798887252808,4.345269644545624e-06,0.3631654977798462,,
/kaggle/input/datasets/tawsifurrahman/covid19-radiography-database/COVID-19_Radiography_Dataset/Normal/images/Normal-6534.png,Normal,Normal,0.1760309934616089,0.08710237592458725,0.7367748022079468,9.174663136946037e-05,0.2590697109699249,,
/kaggle/input/datasets/tawsifurrahman/covid19-radiography-database/COVID-19_Radiography_Dataset/Normal/images/Normal-6535.png,Normal,Normal,0.000544381735380739,0.004296607803553343,0.9951587319374084,3.0526825867127627e-07,0.23704703152179718,,
/kaggle/input/datasets/tawsifurrahman/covid19-radiography-database/COVID-19_Radiography_Dataset/Normal/images/Normal-6541.png,Normal,Normal,0.024674179032444954,0.18841339647769928,0.7847506999969482,0.0021617987658828497,0.3394075334072113,,
/kaggle/input/datasets/tawsifurrahman/covid19-radiography-database/COVID-19_Radiography_Dataset/Normal/images/Normal-6549.png,Normal,Normal,0.05487583950161934,0.13574273884296417,0.8092712759971619,0.00011017092037945986,0.3933567404747009,,
/kaggle/input/datasets/tawsifurrahman/covid19-radiography-database/COVID-19_Radiography_Dataset/Normal/images/Normal-6550.png,Normal,Normal,2.0184702407277655e-06,0.006361315958201885,0.9936363697052002,3.0354547675415233e-07,0.2714068591594696,,
/kaggle/input/datasets/tawsifurrahman/covid19-radiography-database/COVID-19_Radiography_Dataset/Normal/images/Normal-6567.png,Normal,Normal,0.0008656410500407219,0.006960156373679638,0.9921581745147705,1.605989018571563e-05,0.2349557876586914,,
/kaggle/input/datasets/tawsifurrahman/covid19-radiography-database/COVID-19_Radiography_Dataset/Normal/images/Normal-658.png,Normal,Normal,0.0026823191437870264,0.0007391892140731215,0.9955690503120422,0.0010094637982547283,0.3100694715976715,,
/kaggle/input/datasets/tawsifurrahman/covid19-radiography-database/COVID-19_Radiography_Dataset/Normal/images/Normal-6581.png,Normal,Normal,0.0017883260734379292,0.004135035444051027,0.994076132774353,4.364889605312783e-07,0.3033340275287628,,
/kaggle/input/datasets/tawsifurrahman/covid19-radiography-database/COVID-19_Radiography_Dataset/Normal/images/Normal-6584.png,Normal,Normal,0.0017514800420030951,0.1396578848361969,0.8584994673728943,9.111544932238758e-05,0.27800440788269043,0.5303533673286438,0.5303529500961304
/kaggle/input/datasets/tawsifurrahman/covid19-radiography-database/COVID-19_Radiography_Dataset/Normal/images/Normal-6589.png,Normal,Normal,0.0010710404021665454,0.006685192231088877,0.9922433495521545,3.382985767075297e-07,0.29008474946022034,,
/kaggle/input/datasets/tawsifurrahman/covid19-radiography-database/COVID-19_Radiography_Dataset/Normal/images/Normal-6591.png,Normal,Normal,0.0745415911078453,0.05981079861521721,0.865570068359375,7.758371066302061e-05,0.2659256160259247,0.4066143035888672,0.40661412477493286
/kaggle/input/datasets/tawsifurrahman/covid19-radiography-database/COVID-19_Radiography_Dataset/Normal/images/Normal-6596.png,Normal,Normal,0.0014486981090158224,0.028908060863614082,0.9695751667022705,6.813880463596433e-05,0.22672271728515625,,
/kaggle/input/datasets/tawsifurrahman/covid19-radiography-database/COVID-19_Radiography_Dataset/Normal/images/Normal-6608.png,Normal,Normal,0.0013233536155894399,0.0038054564502090216,0.9948712587356567,2.1794981819311943e-08,0.2622969150543213,,
/kaggle/input/datasets/tawsifurrahman/covid19-radiography-database/COVID-19_Radiography_Dataset/Normal/images/Normal-6611.png,Normal,Normal,0.0005867998115718365,0.0020710276439785957,0.9973376393318176,4.447683295438765e-06,0.33844953775405884,,
/kaggle/input/datasets/tawsifurrahman/covid19-radiography-database/COVID-19_Radiography_Dataset/Normal/images/Normal-6613.png,Normal,Normal,3.721074608620256e-05,0.0061970786191523075,0.9937648773193359,7.794615726197662e-07,0.2743552029132843,,
/kaggle/input/datasets/tawsifurrahman/covid19-radiography-database/COVID-19_Radiography_Dataset/Normal/images/Normal-6619.png,Normal,Normal,0.00020969874458387494,0.11110997200012207,0.8886802792549133,6.328114210418789e-08,0.1734103560447693,,
/kaggle/input/datasets/tawsifurrahman/covid19-radiography-database/COVID-19_Radiography_Dataset/Normal/images/Normal-6627.png,Normal,Normal,0.00997465755790472,0.14546598494052887,0.8444913029670715,6.803899304941297e-05,0.28782761096954346,0.5251270532608032,0.5251269340515137
/kaggle/input/datasets/tawsifurrahman/covid19-radiography-database/COVID-19_Radiography_Dataset/Normal/images/Normal-663.png,Normal,Normal,0.0006347816670313478,0.00044907195842824876,0.9958381652832031,0.0030779887456446886,0.2686752676963806,,
/kaggle/input/datasets/tawsifurrahman/covid19-radiography-database/COVID-19_Radiography_Dataset/Normal/images/Normal-6630.png,Normal,Normal,2.070500522677321e-05,0.023897403851151466,0.9760642051696777,1.769824666553177e-05,0.25741422176361084,,
/kaggle/input/datasets/tawsifurrahman/covid19-radiography-database/COVID-19_Radiography_Dataset/Normal/images/Normal-6632.png,Normal,Normal,0.00022215377248357981,0.0027135428972542286,0.9970641732215881,1.299539462706889e-07,0.19830209016799927,,
/kaggle/input/datasets/tawsifurrahman/covid19-radiography-database/COVID-19_Radiography_Dataset/Normal/images/Normal-6634.png,Normal,Normal,0.036479514092206955,0.007148071192204952,0.9563717246055603,7.60405384880869e-07,0.2646285891532898,,
/kaggle/input/datasets/tawsifurrahman/covid19-radiography-database/COVID-19_Radiography_Dataset/Normal/images/Normal-6637.png,Normal,Normal,0.0030079693533480167,0.0016825230559334159,0.9940382242202759,0.001271284418180585,0.34614303708076477,,
/kaggle/input/datasets/tawsifurrahman/covid19-radiography-database/COVID-19_Radiography_Dataset/Normal/images/Normal-6640.png,Normal,Normal,0.0003528628731146455,0.02754145860671997,0.9720921516418457,1.3481579117069487e-05,0.2830876410007477,,
/kaggle/input/datasets/tawsifurrahman/covid19-radiography-database/COVID-19_Radiography_Dataset/Normal/images/Normal-6653.png,Normal,Normal,0.0008655219571664929,0.17752701044082642,0.8216050267219543,2.442057166263112e-06,0.24159200489521027,,
/kaggle/input/datasets/tawsifurrahman/covid19-radiography-database/COVID-19_Radiography_Dataset/Normal/images/Normal-6662.png,Normal,Normal,0.00020745037181768566,0.09485141187906265,0.9049260020256042,1.519073612143984e-05,0.33207204937934875,,
/kaggle/input/datasets/tawsifurrahman/covid19-radiography-database/COVID-19_Radiography_Dataset/Normal/images/Normal-6680.png,Normal,Normal,0.22308148443698883,0.01584230735898018,0.7610688209533691,7.374304459517589e-06,0.1694834679365158,0.38530591130256653,0.385305792093277
/kaggle/input/datasets/tawsifurrahman/covid19-radiography-database/COVID-19_Radiography_Dataset/Normal/images/Normal-6682.png,Normal,Normal,0.16785211861133575,0.004024425055831671,0.8280845284461975,3.8886897527845576e-05,0.2838011384010315,,
/kaggle/input/datasets/tawsifurrahman/covid19-radiography-database/COVID-19_Radiography_Dataset/Normal/images/Normal-6688.png,Normal,Normal,0.01282481849193573,0.01025437656790018,0.9769195318222046,1.215096858686593e-06,0.18399332463741302,,
/kaggle/input/datasets/tawsifurrahman/covid19-radiography-database/COVID-19_Radiography_Dataset/Normal/images/Normal-6689.png,Normal,Normal,6.0820508224423975e-05,0.005195206962525845,0.994743824005127,1.0736972200220407e-07,0.32992061972618103,,
/kaggle/input/datasets/tawsifurrahman/covid19-radiography-database/COVID-19_Radiography_Dataset/Normal/images/Normal-6696.png,Normal,Normal,0.0005671423277817667,0.01124544721096754,0.9876213669776917,0.0005660986644215882,0.19393856823444366,0.3577914535999298,0.357791006565094
/kaggle/input/datasets/tawsifurrahman/covid19-radiography-database/COVID-19_Radiography_Dataset/Normal/images/Normal-6703.png,Normal,Normal,0.0017295341240242124,0.03036319836974144,0.9679064154624939,8.897200132196303e-07,0.23056861758232117,0.35539132356643677,0.3553912937641144
/kaggle/input/datasets/tawsifurrahman/covid19-radiography-database/COVID-19_Radiography_Dataset/Normal/images/Normal-671.png,Normal,Normal,0.0004358181613497436,0.0008403463289141655,0.996840238571167,0.001883618882857263,0.15278230607509613,0.2077382653951645,0.2077382653951645
/kaggle/input/datasets/tawsifurrahman/covid19-radiography-database/COVID-19_Radiography_Dataset/Normal/images/Normal-6720.png,Normal,Normal,0.00027540139853954315,0.0027799124363809824,0.9969301819801331,1.4628153621742968e-05,0.30283504724502563,0.5748223066329956,0.5748221278190613
/kaggle/input/datasets/tawsifurrahman/covid19-radiography-database/COVID-19_Radiography_Dataset/Normal/images/Normal-673.png,Normal,Normal,2.493541433068458e-05,0.0005199798033572733,0.9983959794044495,0.0010590484598651528,0.14855726063251495,,
/kaggle/input/datasets/tawsifurrahman/covid19-radiography-database/COVID-19_Radiography_Dataset/Normal/images/Normal-6743.png,Normal,Normal,0.3365272283554077,0.0004548936558421701,0.6630153059959412,2.557152129156748e-06,0.23529236018657684,,
/kaggle/input/datasets/tawsifurrahman/covid19-radiography-database/COVID-19_Radiography_Dataset/Normal/images/Normal-6745.png,Normal,Normal,0.00044900120701640844,0.0066328807733953,0.9929141998291016,3.936226221412653e-06,0.35206106305122375,,
/kaggle/input/datasets/tawsifurrahman/covid19-radiography-database/COVID-19_Radiography_Dataset/Normal/images/Normal-6746.png,Normal,Normal,0.0006934724515303969,0.01188424788415432,0.9874210357666016,1.3182716429582797e-06,0.25685766339302063,,
/kaggle/input/datasets/tawsifurrahman/covid19-radiography-database/COVID-19_Radiography_Dataset/Normal/images/Normal-6747.png,Normal,Normal,3.601363641791977e-05,0.004697668831795454,0.9952660799026489,1.6529349977645325e-07,0.3225456476211548,,
/kaggle/input/datasets/tawsifurrahman/covid19-radiography-database/COVID-19_Radiography_Dataset/Normal/images/Normal-6760.png,Normal,Normal,5.9397945733508095e-05,0.0030182665213942528,0.9969223141670227,2.986729086273954e-08,0.26181846857070923,,
/kaggle/input/datasets/tawsifurrahman/covid19-radiography-database/COVID-19_Radiography_Dataset/Normal/images/Normal-6761.png,Normal,Normal,0.0035054136533290148,0.01384647935628891,0.9824755191802979,0.00017260503955185413,0.32392001152038574,,
/kaggle/input/datasets/tawsifurrahman/covid19-radiography-database/COVID-19_Radiography_Dataset/Normal/images/Normal-6775.png,Normal,Normal,0.00010028506221715361,0.003209218615666032,0.9966440200805664,4.656578312278725e-05,0.23313967883586884,0.5302793979644775,0.5302793383598328
/kaggle/input/datasets/tawsifurrahman/covid19-radiography-database/COVID-19_Radiography_Dataset/Normal/images/Normal-678.png,Normal,Normal,0.00016898907779250294,0.00010270047641824931,0.9990602135658264,0.0006681124214082956,0.20517805218696594,0.2970816195011139,0.2970815598964691
/kaggle/input/datasets/tawsifurrahman/covid19-radiography-database/COVID-19_Radiography_Dataset/Normal/images/Normal-6780.png,Normal,Normal,5.628326834994368e-05,0.00038325105560943484,0.999560534954071,1.2807658933411403e-08,0.2469118982553482,,
/kaggle/input/datasets/tawsifurrahman/covid19-radiography-database/COVID-19_Radiography_Dataset/Normal/images/Normal-6782.png,Normal,Normal,0.021937953308224678,0.06948107481002808,0.9085790514945984,1.8660207388165873e-06,0.2946432828903198,,
/kaggle/input/datasets/tawsifurrahman/covid19-radiography-database/COVID-19_Radiography_Dataset/Normal/images/Normal-6798.png,Normal,Normal,0.004649614915251732,0.008414885960519314,0.9869319796562195,3.602002834668383e-06,0.2629747688770294,,
/kaggle/input/datasets/tawsifurrahman/covid19-radiography-database/COVID-19_Radiography_Dataset/Normal/images/Normal-6800.png,Normal,Normal,0.00030007376335561275,0.0006108779343776405,0.9990890026092529,1.4311621043816558e-07,0.2579977214336395,0.4193672239780426,0.4193669557571411
/kaggle/input/datasets/tawsifurrahman/covid19-radiography-database/COVID-19_Radiography_Dataset/Normal/images/Normal-6807.png,Normal,Normal,0.00018171226838603616,0.14413990080356598,0.8556755185127258,2.9378281851677457e-06,0.22634387016296387,,
/kaggle/input/datasets/tawsifurrahman/covid19-radiography-database/COVID-19_Radiography_Dataset/Normal/images/Normal-6815.png,Normal,Normal,0.007641914300620556,0.018167035654187202,0.9740909337997437,0.00010009045217884704,0.26554611325263977,0.554623007774353,0.554622232913971
/kaggle/input/datasets/tawsifurrahman/covid19-radiography-database/COVID-19_Radiography_Dataset/Normal/images/Normal-6816.png,Normal,Normal,0.0026021429803222418,0.08525261282920837,0.9121190309524536,2.6318546588299796e-05,0.2447786033153534,0.3819865882396698,0.3819865882396698
/kaggle/input/datasets/tawsifurrahman/covid19-radiography-database/COVID-19_Radiography_Dataset/Normal/images/Normal-6818.png,Normal,Normal,0.13774852454662323,0.0008569314377382398,0.8612680435180664,0.00012649668497033417,0.2430645227432251,0.3802489638328552,0.38024893403053284
/kaggle/input/datasets/tawsifurrahman/covid19-radiography-database/COVID-19_Radiography_Dataset/Normal/images/Normal-6831.png,Normal,Normal,6.409415800590068e-05,0.0012504293117672205,0.9986854195594788,1.0986275356117403e-07,0.2356509566307068,0.49685022234916687,0.4968501329421997
/kaggle/input/datasets/tawsifurrahman/covid19-radiography-database/COVID-19_Radiography_Dataset/Normal/images/Normal-6832.png,Normal,Normal,0.00067954754922539,0.038291484117507935,0.9595530033111572,0.0014759197365492582,0.3075178563594818,,
/kaggle/input/datasets/tawsifurrahman/covid19-radiography-database/COVID-19_Radiography_Dataset/Normal/images/Normal-6834.png,Normal,Normal,0.15595753490924835,0.03570267930626869,0.8083243370056152,1.5477078704861924e-05,0.3274299204349518,,
/kaggle/input/datasets/tawsifurrahman/covid19-radiography-database/COVID-19_Radiography_Dataset/Normal/images/Normal-6838.png,Normal,Normal,0.006148560903966427,0.004408373963087797,0.9891910552978516,0.00025214627385139465,0.34466710686683655,0.5893256068229675,0.5893256068229675
/kaggle/input/datasets/tawsifurrahman/covid19-radiography-database/COVID-19_Radiography_Dataset/Normal/images/Normal-6840.png,Normal,Normal,0.002322464482858777,0.012715672142803669,0.9849613904953003,4.182792565643467e-07,0.2796573042869568,,
/kaggle/input/datasets/tawsifurrahman/covid19-radiography-database/COVID-19_Radiography_Dataset/Normal/images/Normal-6841.png,Normal,Normal,0.0004709437780547887,0.2395620346069336,0.7598980665206909,6.896301783854142e-05,0.2914944589138031,,
/kaggle/input/datasets/tawsifurrahman/covid19-radiography-database/COVID-19_Radiography_Dataset/Normal/images/Normal-6846.png,Normal,Normal,0.07268915325403214,0.1273210346698761,0.7999736070632935,1.6251564375124872e-05,0.160376638174057,0.42890918254852295,0.4289090037345886
/kaggle/input/datasets/tawsifurrahman/covid19-radiography-database/COVID-19_Radiography_Dataset/Normal/images/Normal-686.png,Normal,Normal,0.013791685923933983,0.001336730900220573,0.9787313938140869,0.006140224635601044,0.3171042799949646,,
/kaggle/input/datasets/tawsifurrahman/covid19-radiography-database/COVID-19_Radiography_Dataset/Normal/images/Normal-6866.png,Normal,Normal,0.0018048376077786088,0.031073354184627533,0.9671210646629333,7.565001851617126e-07,0.23828162252902985,0.42136016488075256,0.42136019468307495
/kaggle/input/datasets/tawsifurrahman/covid19-radiography-database/COVID-19_Radiography_Dataset/Normal/images/Normal-6872.png,Normal,Normal,3.3060384794225683e-06,0.006209664978086948,0.9937866926193237,3.8486331277454155e-07,0.25137534737586975,,
/kaggle/input/datasets/tawsifurrahman/covid19-radiography-database/COVID-19_Radiography_Dataset/Normal/images/Normal-6884.png,Normal,Normal,7.224892760859802e-05,0.0005948648904450238,0.9993323683738708,5.550331820813881e-07,0.21701832115650177,,
/kaggle/input/datasets/tawsifurrahman/covid19-radiography-database/COVID-19_Radiography_Dataset/Normal/images/Normal-6892.png,Normal,Normal,2.9979193641338497e-05,0.0010891169076785445,0.9988806843757629,1.3350745575735345e-07,0.33358728885650635,,
/kaggle/input/datasets/tawsifurrahman/covid19-radiography-database/COVID-19_Radiography_Dataset/Normal/images/Normal-6894.png,Normal,Normal,5.7661704886413645e-06,0.0008006315329112113,0.9991934895515442,1.1420829082453565e-07,0.28760918974876404,0.46689972281455994,0.466899573802948
/kaggle/input/datasets/tawsifurrahman/covid19-radiography-database/COVID-19_Radiography_Dataset/Normal/images/Normal-6896.png,Normal,Normal,0.0004964686813764274,0.1326300948858261,0.8668717741966248,1.7218457060153014e-06,0.25440454483032227,,
/kaggle/input/datasets/tawsifurrahman/covid19-radiography-database/COVID-19_Radiography_Dataset/Normal/images/Normal-6899.png,Normal,Normal,5.241176768322475e-05,0.0017493638442829251,0.9981983304023743,2.681393063141968e-08,0.270408570766449,0.48537755012512207,0.4853774607181549
/kaggle/input/datasets/tawsifurrahman/covid19-radiography-database/COVID-19_Radiography_Dataset/Normal/images/Normal-6908.png,Normal,Normal,0.0011214939877390862,0.2358952909708023,0.7624490261077881,0.0005341823562048376,0.3799228370189667,,
/kaggle/input/datasets/tawsifurrahman/covid19-radiography-database/COVID-19_Radiography_Dataset/Normal/images/Normal-6913.png,Normal,Normal,0.0004946869448758662,0.043359823524951935,0.9561452865600586,2.319438721087863e-07,0.27650946378707886,0.5697730779647827,0.5697724223136902
/kaggle/input/datasets/tawsifurrahman/covid19-radiography-database/COVID-19_Radiography_Dataset/Normal/images/Normal-6914.png,Normal,Normal,0.32935550808906555,0.009268345311284065,0.6613669395446777,9.241780389857013e-06,0.24944281578063965,,
/kaggle/input/datasets/tawsifurrahman/covid19-radiography-database/COVID-19_Radiography_Dataset/Normal/images/Normal-6915.png,Normal,Normal,0.030684707686305046,0.0011798050254583359,0.9681351184844971,3.35688497443698e-07,0.26751983165740967,,
/kaggle/input/datasets/tawsifurrahman/covid19-radiography-database/COVID-19_Radiography_Dataset/Normal/images/Normal-6933.png,Normal,Normal,0.0004683547595050186,0.03792203590273857,0.9616071581840515,2.3712709662504494e-06,0.2340363711118698,0.38496875762939453,0.38496872782707214
/kaggle/input/datasets/tawsifurrahman/covid19-radiography-database/COVID-19_Radiography_Dataset/Normal/images/Normal-6934.png,Normal,Normal,0.061807144433259964,0.0389067642390728,0.8987916111946106,0.0004944940446875989,0.32880324125289917,,
/kaggle/input/datasets/tawsifurrahman/covid19-radiography-database/COVID-19_Radiography_Dataset/Normal/images/Normal-6947.png,Normal,Normal,0.001056782202795148,0.07360413670539856,0.9253389835357666,5.522060675389184e-08,0.22574572265148163,,
/kaggle/input/datasets/tawsifurrahman/covid19-radiography-database/COVID-19_Radiography_Dataset/Normal/images/Normal-6950.png,Normal,Normal,2.5916018785210326e-05,0.01067967526614666,0.9892838001251221,1.0578303772490472e-05,0.22267694771289825,0.4430505335330963,0.44305044412612915
/kaggle/input/datasets/tawsifurrahman/covid19-radiography-database/COVID-19_Radiography_Dataset/Normal/images/Normal-6951.png,Normal,Normal,7.414225547108799e-05,0.32850074768066406,0.6704676151275635,0.0009575000149197876,0.100110724568367,,
/kaggle/input/datasets/tawsifurrahman/covid19-radiography-database/COVID-19_Radiography_Dataset/Normal/images/Normal-6956.png,Normal,Normal,0.003236207412555814,0.03671690821647644,0.9600352048873901,1.1721056580427103e-05,0.1793089061975479,,
/kaggle/input/datasets/tawsifurrahman/covid19-radiography-database/COVID-19_Radiography_Dataset/Normal/images/Normal-6967.png,Normal,COVID,0.993190586566925,0.0002936998207587749,0.00651451526209712,1.2238466524649994e-06,0.2754521369934082,,
/kaggle/input/datasets/tawsifurrahman/covid19-radiography-database/COVID-19_Radiography_Dataset/Normal/images/Normal-6976.png,Normal,Normal,8.43349153001327e-06,0.0011556204408407211,0.9988356232643127,3.212795718354755e-07,0.29607802629470825,0.524709165096283,0.5247090458869934
/kaggle/input/datasets/tawsifurrahman/covid19-radiography-database/COVID-19_Radiography_Dataset/Normal/images/Normal-6981.png,Normal,Normal,0.3131932318210602,0.056176766753196716,0.6306213736534119,8.694837561051827e-06,0.2754705250263214,,
/kaggle/input/datasets/tawsifurrahman/covid19-radiography-database/COVID-19_Radiography_Dataset/Normal/images/Normal-6987.png,Normal,Normal,0.0005350760766305029,0.0013770062942057848,0.9980877041816711,2.096553117780786e-07,0.22923773527145386,0.48217058181762695,0.4821701645851135
/kaggle/input/datasets/tawsifurrahman/covid19-radiography-database/COVID-19_Radiography_Dataset/Normal/images/Normal-6990.png,Normal,Normal,0.3062126934528351,0.007914249785244465,0.6856643557548523,0.00020877114729955792,0.3525601625442505,,
/kaggle/input/datasets/tawsifurrahman/covid19-radiography-database/COVID-19_Radiography_Dataset/Normal/images/Normal-6991.png,Normal,Normal,0.00033248908584937453,0.002491474151611328,0.9971753358840942,6.913814445397293e-07,0.26600468158721924,,
/kaggle/input/datasets/tawsifurrahman/covid19-radiography-database/COVID-19_Radiography_Dataset/Normal/images/Normal-6993.png,Normal,Normal,0.00015511151286773384,0.016432596370577812,0.983246386051178,0.0001658706896705553,0.2956993877887726,0.5399312973022461,0.5399312973022461
/kaggle/input/datasets/tawsifurrahman/covid19-radiography-database/COVID-19_Radiography_Dataset/Normal/images/Normal-6995.png,Normal,Normal,0.00019205923308618367,0.02929379791021347,0.9704986810684204,1.545562918181531e-05,0.22108206152915955,,
/kaggle/input/datasets/tawsifurrahman/covid19-radiography-database/COVID-19_Radiography_Dataset/Normal/images/Normal-6998.png,Normal,Normal,0.00010416666918899864,0.007659358903765678,0.9922360777854919,3.178276415383152e-07,0.29472506046295166,0.5512009859085083,0.5512005090713501
/kaggle/input/datasets/tawsifurrahman/covid19-radiography-database/COVID-19_Radiography_Dataset/Normal/images/Normal-70.png,Normal,Normal,4.19675689045107e-06,4.241877832100727e-05,0.9998687505722046,8.463871927233413e-05,0.2155018001794815,,
/kaggle/input/datasets/tawsifurrahman/covid19-radiography-database/COVID-19_Radiography_Dataset/Normal/images/Normal-7007.png,Normal,Normal,0.03826010972261429,0.017563508823513985,0.9441397190093994,3.6622983316192403e-05,0.2830260396003723,,
/kaggle/input/datasets/tawsifurrahman/covid19-radiography-database/COVID-19_Radiography_Dataset/Normal/images/Normal-7014.png,Normal,Normal,0.02202196978032589,0.05491814762353897,0.9230183959007263,4.1432882426306605e-05,0.2927716076374054,,
/kaggle/input/datasets/tawsifurrahman/covid19-radiography-database/COVID-19_Radiography_Dataset/Normal/images/Normal-7019.png,Normal,Normal,0.00011440694652264938,0.007518591359257698,0.9923661351203918,9.166855079456582e-07,0.27826374769210815,,
/kaggle/input/datasets/tawsifurrahman/covid19-radiography-database/COVID-19_Radiography_Dataset/Normal/images/Normal-702.png,Normal,Normal,0.02486121840775013,0.016213396564126015,0.6193367838859558,0.33958861231803894,0.24625372886657715,0.40871721506118774,0.40871748328208923
/kaggle/input/datasets/tawsifurrahman/covid19-radiography-database/COVID-19_Radiography_Dataset/Normal/images/Normal-7026.png,Normal,Normal,0.0002272439596708864,0.003298877738416195,0.9964737296104431,1.6876749953098624e-07,0.2631542384624481,,
/kaggle/input/datasets/tawsifurrahman/covid19-radiography-database/COVID-19_Radiography_Dataset/Normal/images/Normal-7035.png,Normal,Normal,0.0014473425690084696,0.040881916880607605,0.9572730660438538,0.00039762695087119937,0.2694524824619293,0.3752003312110901,0.3752002418041229
/kaggle/input/datasets/tawsifurrahman/covid19-radiography-database/COVID-19_Radiography_Dataset/Normal/images/Normal-704.png,Normal,Viral Pneumonia,0.0022556877229362726,0.0026671963278204203,0.20984366536140442,0.7852334380149841,0.27921751141548157,0.3917708992958069,0.39177075028419495
/kaggle/input/datasets/tawsifurrahman/covid19-radiography-database/COVID-19_Radiography_Dataset/Normal/images/Normal-7041.png,Normal,Normal,0.009006316773593426,0.003731165314093232,0.9872556924819946,6.742768619005801e-06,0.34683912992477417,,
/kaggle/input/datasets/tawsifurrahman/covid19-radiography-database/COVID-19_Radiography_Dataset/Normal/images/Normal-7042.png,Normal,Normal,0.005816946271806955,0.006825272459536791,0.9873576164245605,1.168429832887341e-07,0.28769055008888245,,
/kaggle/input/datasets/tawsifurrahman/covid19-radiography-database/COVID-19_Radiography_Dataset/Normal/images/Normal-7052.png,Normal,Normal,0.002867713337764144,0.02649972215294838,0.9706323742866516,1.5554540766515856e-07,0.18488995730876923,,
/kaggle/input/datasets/tawsifurrahman/covid19-radiography-database/COVID-19_Radiography_Dataset/Normal/images/Normal-7055.png,Normal,Normal,0.0007200912805274129,0.037283848971128464,0.9619222283363342,7.385947537841275e-05,0.2485697716474533,,
/kaggle/input/datasets/tawsifurrahman/covid19-radiography-database/COVID-19_Radiography_Dataset/Normal/images/Normal-706.png,Normal,Normal,0.02683628723025322,0.0011890815803781152,0.9007034301757812,0.0712711289525032,0.33916789293289185,,
/kaggle/input/datasets/tawsifurrahman/covid19-radiography-database/COVID-19_Radiography_Dataset/Normal/images/Normal-7063.png,Normal,Normal,0.01542490255087614,0.12342311441898346,0.8611405491828918,1.1406336852815002e-05,0.2387203723192215,0.3314206004142761,0.33142051100730896
/kaggle/input/datasets/tawsifurrahman/covid19-radiography-database/COVID-19_Radiography_Dataset/Normal/images/Normal-7070.png,Normal,Normal,0.008091473951935768,0.04137490317225456,0.9505316615104675,1.9802164388238452e-06,0.2190900593996048,0.3374457061290741,0.3374452292919159
/kaggle/input/datasets/tawsifurrahman/covid19-radiography-database/COVID-19_Radiography_Dataset/Normal/images/Normal-7074.png,Normal,Normal,0.00022267832537181675,0.0009845580207183957,0.9987925291061401,2.2011626299445197e-07,0.3383316695690155,,
/kaggle/input/datasets/tawsifurrahman/covid19-radiography-database/COVID-19_Radiography_Dataset/Normal/images/Normal-708.png,Normal,COVID,0.8596084713935852,0.0019233321072533727,0.13792692124843597,0.0005412815953604877,0.3628244698047638,,
/kaggle/input/datasets/tawsifurrahman/covid19-radiography-database/COVID-19_Radiography_Dataset/Normal/images/Normal-7087.png,Normal,Normal,0.0005987465265206993,0.050449494272470474,0.9489461183547974,5.654444976244122e-06,0.22648394107818604,,
/kaggle/input/datasets/tawsifurrahman/covid19-radiography-database/COVID-19_Radiography_Dataset/Normal/images/Normal-7094.png,Normal,Normal,0.004225222859531641,0.15487167239189148,0.8404325842857361,0.00047054915921762586,0.2735186815261841,0.29413992166519165,0.2941395938396454
/kaggle/input/datasets/tawsifurrahman/covid19-radiography-database/COVID-19_Radiography_Dataset/Normal/images/Normal-7117.png,Normal,Normal,0.00010312467202311382,0.007104035001248121,0.9927927255630493,1.7668683938154572e-07,0.227419912815094,,
/kaggle/input/datasets/tawsifurrahman/covid19-radiography-database/COVID-19_Radiography_Dataset/Normal/images/Normal-7119.png,Normal,Normal,1.9801000235020183e-05,0.0012468979693949223,0.9987329840660095,3.052741703868378e-07,0.30540674924850464,,
/kaggle/input/datasets/tawsifurrahman/covid19-radiography-database/COVID-19_Radiography_Dataset/Normal/images/Normal-7124.png,Normal,Normal,0.074916772544384,0.18327194452285767,0.7417615652084351,4.974795592715964e-05,0.21639837324619293,,
/kaggle/input/datasets/tawsifurrahman/covid19-radiography-database/COVID-19_Radiography_Dataset/Normal/images/Normal-7129.png,Normal,Normal,0.0013033822178840637,0.00849881861358881,0.9901977777481079,4.708493595018126e-09,0.18923404812812805,,
/kaggle/input/datasets/tawsifurrahman/covid19-radiography-database/COVID-19_Radiography_Dataset/Normal/images/Normal-7137.png,Normal,Normal,0.0009049168438650668,0.07855018973350525,0.9204405546188354,0.00010438185563543811,0.24886462092399597,,
/kaggle/input/datasets/tawsifurrahman/covid19-radiography-database/COVID-19_Radiography_Dataset/Normal/images/Normal-7141.png,Normal,Normal,0.0006891127559356391,0.06114418804645538,0.9381653070449829,1.3847488844476175e-06,0.2552429735660553,,
/kaggle/input/datasets/tawsifurrahman/covid19-radiography-database/COVID-19_Radiography_Dataset/Normal/images/Normal-7148.png,Normal,Normal,0.007414126303046942,0.05014437809586525,0.942440927028656,5.928009159106296e-07,0.19899964332580566,0.2698534429073334,0.269853413105011
/kaggle/input/datasets/tawsifurrahman/covid19-radiography-database/COVID-19_Radiography_Dataset/Normal/images/Normal-7154.png,Normal,Normal,1.1811914191639517e-05,0.002913844771683216,0.9970738887786865,5.05318894283846e-07,0.26269567012786865,0.36457890272140503,0.36457881331443787
/kaggle/input/datasets/tawsifurrahman/covid19-radiography-database/COVID-19_Radiography_Dataset/Normal/images/Normal-7156.png,Normal,Normal,0.0013614670606330037,0.06674839556217194,0.931869387626648,2.068178764602635e-05,0.19770607352256775,0.41121184825897217,0.41121160984039307
/kaggle/input/datasets/tawsifurrahman/covid19-radiography-database/COVID-19_Radiography_Dataset/Normal/images/Normal-7157.png,Normal,Normal,0.00010990130977006629,0.0016709307674318552,0.9982190728187561,5.1476728657462445e-08,0.27646705508232117,,
/kaggle/input/datasets/tawsifurrahman/covid19-radiography-database/COVID-19_Radiography_Dataset/Normal/images/Normal-7160.png,Normal,Normal,0.0002877474471461028,0.010476978495717049,0.9892348647117615,3.9751333247295406e-07,0.26355278491973877,,
/kaggle/input/datasets/tawsifurrahman/covid19-radiography-database/COVID-19_Radiography_Dataset/Normal/images/Normal-7162.png,Normal,Normal,0.0013394305715337396,0.0046369233168661594,0.9940152764320374,8.294909093820024e-06,0.32410115003585815,,
/kaggle/input/datasets/tawsifurrahman/covid19-radiography-database/COVID-19_Radiography_Dataset/Normal/images/Normal-7163.png,Normal,Normal,0.03316700458526611,0.12423443049192429,0.8423773646354675,0.0002211838000221178,0.30831536650657654,,
/kaggle/input/datasets/tawsifurrahman/covid19-radiography-database/COVID-19_Radiography_Dataset/Normal/images/Normal-7164.png,Normal,Normal,0.07176157832145691,0.00355081120505929,0.9246874451637268,1.4979319473695796e-07,0.2394586056470871,,
/kaggle/input/datasets/tawsifurrahman/covid19-radiography-database/COVID-19_Radiography_Dataset/Normal/images/Normal-7181.png,Normal,Normal,0.0034103288780897856,0.007240890059620142,0.9893468022346497,2.045072733380948e-06,0.28280559182167053,,
/kaggle/input/datasets/tawsifurrahman/covid19-radiography-database/COVID-19_Radiography_Dataset/Normal/images/Normal-7182.png,Normal,Viral Pneumonia,0.10255517065525055,0.11647799611091614,0.35125431418418884,0.42971256375312805,0.11822400242090225,,
/kaggle/input/datasets/tawsifurrahman/covid19-radiography-database/COVID-19_Radiography_Dataset/Normal/images/Normal-7188.png,Normal,Normal,0.000261655863141641,0.005413249600678682,0.9943239688873291,1.1682859621942043e-06,0.18134255707263947,0.3445489704608917,0.34454864263534546
/kaggle/input/datasets/tawsifurrahman/covid19-radiography-database/COVID-19_Radiography_Dataset/Normal/images/Normal-7192.png,Normal,Normal,0.0197991244494915,0.1409967541694641,0.8350120782852173,0.004191994201391935,0.1888757348060608,,
/kaggle/input/datasets/tawsifurrahman/covid19-radiography-database/COVID-19_Radiography_Dataset/Normal/images/Normal-7193.png,Normal,Normal,3.240957812522538e-05,0.04957953840494156,0.9503692388534546,1.8776087017613463e-05,0.3195173740386963,0.5502218008041382,0.5502212643623352
/kaggle/input/datasets/tawsifurrahman/covid19-radiography-database/COVID-19_Radiography_Dataset/Normal/images/Normal-72.png,Normal,Normal,0.002061301376670599,0.003745974972844124,0.9564304947853088,0.03776222839951515,0.16723167896270752,0.20564261078834534,0.20564261078834534
/kaggle/input/datasets/tawsifurrahman/covid19-radiography-database/COVID-19_Radiography_Dataset/Normal/images/Normal-720.png,Normal,Normal,0.003610544139519334,0.00028524204390123487,0.9946298599243164,0.0014742965577170253,0.1849091500043869,0.3283650577068329,0.3283650577068329
/kaggle/input/datasets/tawsifurrahman/covid19-radiography-database/COVID-19_Radiography_Dataset/Normal/images/Normal-7207.png,Normal,Normal,4.068281123181805e-05,0.009902672842144966,0.9900553226470947,1.2800015838365653e-06,0.2369660586118698,,
/kaggle/input/datasets/tawsifurrahman/covid19-radiography-database/COVID-19_Radiography_Dataset/Normal/images/Normal-7239.png,Normal,Normal,0.0007575362105853856,0.014172947034239769,0.9850682616233826,1.2243982610016246e-06,0.2057378590106964,,
/kaggle/input/datasets/tawsifurrahman/covid19-radiography-database/COVID-19_Radiography_Dataset/Normal/images/Normal-7242.png,Normal,Lung_Opacity,0.00010739863500930369,0.6339669823646545,0.3648982346057892,0.0010274398373439908,0.08671482652425766,,
/kaggle/input/datasets/tawsifurrahman/covid19-radiography-database/COVID-19_Radiography_Dataset/Normal/images/Normal-7248.png,Normal,Normal,0.008699641562998295,0.014205608516931534,0.9770278930664062,6.686812412226573e-05,0.23617084324359894,0.4226462244987488,0.4226455092430115
/kaggle/input/datasets/tawsifurrahman/covid19-radiography-database/COVID-19_Radiography_Dataset/Normal/images/Normal-7253.png,Normal,Normal,0.001180813880637288,0.005838783923536539,0.992900013923645,8.03978182375431e-05,0.2245112657546997,,
/kaggle/input/datasets/tawsifurrahman/covid19-radiography-database/COVID-19_Radiography_Dataset/Normal/images/Normal-7266.png,Normal,Lung_Opacity,0.16735970973968506,0.5639316439628601,0.25496968626976013,0.01373894140124321,0.13775521516799927,,
/kaggle/input/datasets/tawsifurrahman/covid19-radiography-database/COVID-19_Radiography_Dataset/Normal/images/Normal-7279.png,Normal,Normal,0.06064427271485329,0.19883517920970917,0.7405145168304443,5.982242782920366e-06,0.2772443890571594,,
/kaggle/input/datasets/tawsifurrahman/covid19-radiography-database/COVID-19_Radiography_Dataset/Normal/images/Normal-7287.png,Normal,Normal,0.002726037288084626,0.040305525064468384,0.956963837146759,4.572555553750135e-06,0.29213380813598633,,
/kaggle/input/datasets/tawsifurrahman/covid19-radiography-database/COVID-19_Radiography_Dataset/Normal/images/Normal-7295.png,Normal,Normal,0.01270261313766241,0.006126800552010536,0.9811635613441467,7.0566597969445866e-06,0.30492815375328064,0.5958254933357239,0.5958253741264343
/kaggle/input/datasets/tawsifurrahman/covid19-radiography-database/COVID-19_Radiography_Dataset/Normal/images/Normal-7311.png,Normal,Normal,3.452397504588589e-05,0.0027462837751954794,0.9972102046012878,9.038615644385573e-06,0.23202382028102875,0.4417673647403717,0.44176730513572693
/kaggle/input/datasets/tawsifurrahman/covid19-radiography-database/COVID-19_Radiography_Dataset/Normal/images/Normal-7313.png,Normal,Normal,0.00992589071393013,0.0017550246557220817,0.9883069396018982,1.2109005183447152e-05,0.253111869096756,0.5106902122497559,0.5106897354125977
/kaggle/input/datasets/tawsifurrahman/covid19-radiography-database/COVID-19_Radiography_Dataset/Normal/images/Normal-7315.png,Normal,Normal,0.0012944141635671258,0.19702602922916412,0.8015164136886597,0.00016316879191435874,0.19228410720825195,0.3622969090938568,0.36229658126831055
/kaggle/input/datasets/tawsifurrahman/covid19-radiography-database/COVID-19_Radiography_Dataset/Normal/images/Normal-7321.png,Normal,Normal,0.17088451981544495,0.04278598725795746,0.7863274216651917,2.0356815184641164e-06,0.2595076858997345,0.40651097893714905,0.40651094913482666
/kaggle/input/datasets/tawsifurrahman/covid19-radiography-database/COVID-19_Radiography_Dataset/Normal/images/Normal-7327.png,Normal,Normal,0.0017794533632695675,0.0014496021904051304,0.9967708587646484,1.914661140745011e-07,0.2832629978656769,,
/kaggle/input/datasets/tawsifurrahman/covid19-radiography-database/COVID-19_Radiography_Dataset/Normal/images/Normal-7329.png,Normal,Lung_Opacity,0.0002900653053075075,0.9225270748138428,0.07714322954416275,3.964267307310365e-05,0.2541055977344513,,
/kaggle/input/datasets/tawsifurrahman/covid19-radiography-database/COVID-19_Radiography_Dataset/Normal/images/Normal-733.png,Normal,Normal,3.9947211917024106e-05,0.0001003466677502729,0.9990686774253845,0.0007910956046544015,0.23180459439754486,,
/kaggle/input/datasets/tawsifurrahman/covid19-radiography-database/COVID-19_Radiography_Dataset/Normal/images/Normal-7334.png,Normal,Normal,0.009131270460784435,0.020916907116770744,0.9699491262435913,2.7200608201383147e-06,0.2655254304409027,0.4717393219470978,0.4717393219470978
/kaggle/input/datasets/tawsifurrahman/covid19-radiography-database/COVID-19_Radiography_Dataset/Normal/images/Normal-7336.png,Normal,Normal,0.0010340462904423475,0.028598615899682045,0.951324999332428,0.01904233731329441,0.3666102886199951,,
/kaggle/input/datasets/tawsifurrahman/covid19-radiography-database/COVID-19_Radiography_Dataset/Normal/images/Normal-7337.png,Normal,Normal,0.00016339754802174866,0.14641273021697998,0.8528152704238892,0.0006086016073822975,0.20577757060527802,,
/kaggle/input/datasets/tawsifurrahman/covid19-radiography-database/COVID-19_Radiography_Dataset/Normal/images/Normal-735.png,Normal,Normal,0.0006990354740992188,0.000454697321401909,0.9986909031867981,0.0001552782632643357,0.16786974668502808,,
/kaggle/input/datasets/tawsifurrahman/covid19-radiography-database/COVID-19_Radiography_Dataset/Normal/images/Normal-7355.png,Normal,Normal,0.00043048671795986593,0.10166611522436142,0.8973753452301025,0.00052812130888924,0.1302420198917389,0.2659536302089691,0.2659534215927124
/kaggle/input/datasets/tawsifurrahman/covid19-radiography-database/COVID-19_Radiography_Dataset/Normal/images/Normal-7356.png,Normal,Normal,0.0005416716448962688,0.008532442152500153,0.9909257888793945,2.0192615579617268e-07,0.21049968898296356,,
/kaggle/input/datasets/tawsifurrahman/covid19-radiography-database/COVID-19_Radiography_Dataset/Normal/images/Normal-7371.png,Normal,Normal,0.00017578982806298882,0.0019456315785646439,0.9978772401809692,1.2668984936681227e-06,0.3570250868797302,0.5863701105117798,0.586370050907135
/kaggle/input/datasets/tawsifurrahman/covid19-radiography-database/COVID-19_Radiography_Dataset/Normal/images/Normal-7380.png,Normal,Normal,0.4084870219230652,0.023551935330033302,0.5679590106010437,1.998885636567138e-06,0.2705487012863159,0.3227950632572174,0.32279494404792786
/kaggle/input/datasets/tawsifurrahman/covid19-radiography-database/COVID-19_Radiography_Dataset/Normal/images/Normal-7402.png,Normal,Normal,0.0012718630023300648,0.0020838421769440174,0.9966440200805664,3.131855805804662e-07,0.21568147838115692,,
/kaggle/input/datasets/tawsifurrahman/covid19-radiography-database/COVID-19_Radiography_Dataset/Normal/images/Normal-7403.png,Normal,Normal,1.1504666872497182e-06,0.0012797327945008874,0.9987188577651978,2.25115044827362e-07,0.20880579948425293,,
/kaggle/input/datasets/tawsifurrahman/covid19-radiography-database/COVID-19_Radiography_Dataset/Normal/images/Normal-7407.png,Normal,Normal,6.493471300927922e-05,0.02041524276137352,0.9795196056365967,2.723108138980024e-07,0.24418291449546814,0.44395947456359863,0.4439593255519867
/kaggle/input/datasets/tawsifurrahman/covid19-radiography-database/COVID-19_Radiography_Dataset/Normal/images/Normal-7428.png,Normal,Normal,0.02058757096529007,0.02080322615802288,0.9585980176925659,1.1187169548065867e-05,0.18722118437290192,,
/kaggle/input/datasets/tawsifurrahman/covid19-radiography-database/COVID-19_Radiography_Dataset/Normal/images/Normal-7436.png,Normal,Normal,0.0019525118404999375,0.004721755161881447,0.9933254718780518,1.8674587920486374e-07,0.26098161935806274,,
/kaggle/input/datasets/tawsifurrahman/covid19-radiography-database/COVID-19_Radiography_Dataset/Normal/images/Normal-7438.png,Normal,Normal,0.0032001223880797625,0.022990446537733078,0.9738081097602844,1.2241609965712996e-06,0.2667625844478607,0.618688702583313,0.6186883449554443
/kaggle/input/datasets/tawsifurrahman/covid19-radiography-database/COVID-19_Radiography_Dataset/Normal/images/Normal-7453.png,Normal,Normal,0.0002073487121379003,0.01909548044204712,0.9806938171386719,3.2319048841600306e-06,0.2515397369861603,,
/kaggle/input/datasets/tawsifurrahman/covid19-radiography-database/COVID-19_Radiography_Dataset/Normal/images/Normal-7457.png,Normal,Normal,1.7595164081285475e-06,0.05550267919898033,0.944494366645813,1.167820528280572e-06,0.247051402926445,0.26816990971565247,0.26816993951797485
/kaggle/input/datasets/tawsifurrahman/covid19-radiography-database/COVID-19_Radiography_Dataset/Normal/images/Normal-7458.png,Normal,Normal,0.00033482813159935176,0.05216401815414429,0.9473797678947449,0.00012144332868047059,0.1744667887687683,,
/kaggle/input/datasets/tawsifurrahman/covid19-radiography-database/COVID-19_Radiography_Dataset/Normal/images/Normal-7460.png,Normal,Normal,0.008732135407626629,0.008443438448011875,0.9827195405960083,0.00010488335101399571,0.3419171869754791,,
/kaggle/input/datasets/tawsifurrahman/covid19-radiography-database/COVID-19_Radiography_Dataset/Normal/images/Normal-7466.png,Normal,Normal,0.00156705966219306,0.00056509452406317,0.9978622794151306,5.49758715351345e-06,0.24599440395832062,0.40289977192878723,0.4028995633125305
/kaggle/input/datasets/tawsifurrahman/covid19-radiography-database/COVID-19_Radiography_Dataset/Normal/images/Normal-7468.png,Normal,Normal,0.00035560119431465864,0.004285511560738087,0.9953523874282837,6.471061169577297e-06,0.1562109738588333,0.36781802773475647,0.3678179681301117
/kaggle/input/datasets/tawsifurrahman/covid19-radiography-database/COVID-19_Radiography_Dataset/Normal/images/Normal-7472.png,Normal,Normal,0.13867706060409546,0.04234777390956879,0.8189743757247925,8.60532338720077e-07,0.17936889827251434,,
/kaggle/input/datasets/tawsifurrahman/covid19-radiography-database/COVID-19_Radiography_Dataset/Normal/images/Normal-7475.png,Normal,Normal,0.0008677689475007355,0.009458732791244984,0.9896712899208069,2.2744522993889404e-06,0.2987288534641266,,
/kaggle/input/datasets/tawsifurrahman/covid19-radiography-database/COVID-19_Radiography_Dataset/Normal/images/Normal-7478.png,Normal,Normal,0.00025881643523462117,0.0015272564487531781,0.9982136487960815,3.575300411284843e-07,0.2452375441789627,0.4236135184764862,0.4236135184764862
/kaggle/input/datasets/tawsifurrahman/covid19-radiography-database/COVID-19_Radiography_Dataset/Normal/images/Normal-7482.png,Normal,Normal,0.01870649866759777,0.0012782218400388956,0.980014979839325,2.339987474897498e-07,0.2784211039543152,0.522024929523468,0.522024929523468
/kaggle/input/datasets/tawsifurrahman/covid19-radiography-database/COVID-19_Radiography_Dataset/Normal/images/Normal-7487.png,Normal,Normal,0.000201796370674856,0.1510349065065384,0.8487591743469238,4.152994733885862e-06,0.2678777873516083,,
/kaggle/input/datasets/tawsifurrahman/covid19-radiography-database/COVID-19_Radiography_Dataset/Normal/images/Normal-7492.png,Normal,Viral Pneumonia,0.005743865855038166,0.037607282400131226,0.2271350771188736,0.7295138239860535,0.08998565375804901,,
/kaggle/input/datasets/tawsifurrahman/covid19-radiography-database/COVID-19_Radiography_Dataset/Normal/images/Normal-7497.png,Normal,Normal,0.0026506499852985144,0.008316337130963802,0.9889801740646362,5.279733522911556e-05,0.2665626108646393,,
/kaggle/input/datasets/tawsifurrahman/covid19-radiography-database/COVID-19_Radiography_Dataset/Normal/images/Normal-750.png,Normal,Normal,2.3790853447280824e-05,0.000214082989259623,0.9976504445075989,0.0021116442512720823,0.1542772650718689,,
/kaggle/input/datasets/tawsifurrahman/covid19-radiography-database/COVID-19_Radiography_Dataset/Normal/images/Normal-7503.png,Normal,Normal,0.28174540400505066,0.014587953686714172,0.7036629319190979,3.6727694805449573e-06,0.24988116323947906,,
/kaggle/input/datasets/tawsifurrahman/covid19-radiography-database/COVID-19_Radiography_Dataset/Normal/images/Normal-751.png,Normal,Normal,9.530049283057451e-05,6.0548263718374074e-05,0.9998119473457336,3.213419404346496e-05,0.2383611500263214,,
/kaggle/input/datasets/tawsifurrahman/covid19-radiography-database/COVID-19_Radiography_Dataset/Normal/images/Normal-7518.png,Normal,Normal,0.013340802863240242,0.025195874273777008,0.9613469839096069,0.00011643119069049135,0.19878306984901428,0.41849592328071594,0.418495774269104
/kaggle/input/datasets/tawsifurrahman/covid19-radiography-database/COVID-19_Radiography_Dataset/Normal/images/Normal-7525.png,Normal,Normal,0.0012955241836607456,0.0046075028367340565,0.9940866231918335,1.0351726814405993e-05,0.3001846373081207,0.6085795760154724,0.6085794568061829
/kaggle/input/datasets/tawsifurrahman/covid19-radiography-database/COVID-19_Radiography_Dataset/Normal/images/Normal-7547.png,Normal,Normal,0.051944851875305176,0.018085503950715065,0.9299650192260742,4.598607119987719e-06,0.24191027879714966,0.4897327423095703,0.48973193764686584
/kaggle/input/datasets/tawsifurrahman/covid19-radiography-database/COVID-19_Radiography_Dataset/Normal/images/Normal-7556.png,Normal,Normal,0.020943094044923782,0.12986469268798828,0.849189817905426,2.3232289549923735e-06,0.22120186686515808,,
/kaggle/input/datasets/tawsifurrahman/covid19-radiography-database/COVID-19_Radiography_Dataset/Normal/images/Normal-756.png,Normal,Normal,0.00021174948778934777,0.0020055314525961876,0.9875555634498596,0.010227152146399021,0.19525428116321564,,
/kaggle/input/datasets/tawsifurrahman/covid19-radiography-database/COVID-19_Radiography_Dataset/Normal/images/Normal-7572.png,Normal,Normal,0.0016031643608585,0.005772613454610109,0.9924633502960205,0.00016089568089228123,0.3101488947868347,,
/kaggle/input/datasets/tawsifurrahman/covid19-radiography-database/COVID-19_Radiography_Dataset/Normal/images/Normal-7574.png,Normal,Normal,0.0009909046348184347,0.010457274504005909,0.9885507225990295,1.0204062164120842e-06,0.24992135167121887,,
/kaggle/input/datasets/tawsifurrahman/covid19-radiography-database/COVID-19_Radiography_Dataset/Normal/images/Normal-7582.png,Normal,Normal,0.005177412647753954,0.018377013504505157,0.9762844443321228,0.0001611794432392344,0.26357272267341614,,
/kaggle/input/datasets/tawsifurrahman/covid19-radiography-database/COVID-19_Radiography_Dataset/Normal/images/Normal-7592.png,Normal,Normal,0.0011325543746352196,0.13513299822807312,0.8637244701385498,9.887403393804561e-06,0.21099761128425598,0.38534078001976013,0.38534069061279297
/kaggle/input/datasets/tawsifurrahman/covid19-radiography-database/COVID-19_Radiography_Dataset/Normal/images/Normal-7594.png,Normal,Normal,0.05233513191342354,0.12226908653974533,0.8253927230834961,3.1199995191855123e-06,0.19565260410308838,,
/kaggle/input/datasets/tawsifurrahman/covid19-radiography-database/COVID-19_Radiography_Dataset/Normal/images/Normal-760.png,Normal,Normal,0.000692704867105931,0.0009597999742254615,0.9978233575820923,0.0005241401959210634,0.21079832315444946,0.3493805229663849,0.3493804931640625
/kaggle/input/datasets/tawsifurrahman/covid19-radiography-database/COVID-19_Radiography_Dataset/Normal/images/Normal-7611.png,Normal,Normal,0.004188172984868288,0.38018059730529785,0.6151776313781738,0.0004536435008049011,0.2506181299686432,,
/kaggle/input/datasets/tawsifurrahman/covid19-radiography-database/COVID-19_Radiography_Dataset/Normal/images/Normal-7616.png,Normal,Normal,0.00029372694552876055,0.0022248062305152416,0.9974799752235413,1.5309698255805415e-06,0.2437831461429596,0.5581209659576416,0.5581207275390625
/kaggle/input/datasets/tawsifurrahman/covid19-radiography-database/COVID-19_Radiography_Dataset/Normal/images/Normal-7639.png,Normal,Normal,0.04652256891131401,0.0020186284091323614,0.9514555931091309,3.2141399515239755e-06,0.2887651026248932,,
/kaggle/input/datasets/tawsifurrahman/covid19-radiography-database/COVID-19_Radiography_Dataset/Normal/images/Normal-7641.png,Normal,Normal,0.0023002063389867544,0.004013855941593647,0.993685781955719,1.4716823670823942e-07,0.22403158247470856,,
/kaggle/input/datasets/tawsifurrahman/covid19-radiography-database/COVID-19_Radiography_Dataset/Normal/images/Normal-7652.png,Normal,Normal,0.00024646450765430927,0.006698706187307835,0.9930527806282043,2.0202708128636004e-06,0.2982327342033386,,
/kaggle/input/datasets/tawsifurrahman/covid19-radiography-database/COVID-19_Radiography_Dataset/Normal/images/Normal-7666.png,Normal,Normal,0.004712465684860945,0.017892993986606598,0.9773502349853516,4.4354284909786656e-05,0.342972993850708,,
/kaggle/input/datasets/tawsifurrahman/covid19-radiography-database/COVID-19_Radiography_Dataset/Normal/images/Normal-7679.png,Normal,Normal,0.0015021894359961152,0.020053716376423836,0.9784438610076904,2.30988788985087e-07,0.29958564043045044,0.3856838643550873,0.3856837749481201
/kaggle/input/datasets/tawsifurrahman/covid19-radiography-database/COVID-19_Radiography_Dataset/Normal/images/Normal-7680.png,Normal,Normal,0.003814444877207279,0.037479937076568604,0.9586670398712158,3.8664740714011714e-05,0.28406235575675964,0.5593254566192627,0.5593249797821045
/kaggle/input/datasets/tawsifurrahman/covid19-radiography-database/COVID-19_Radiography_Dataset/Normal/images/Normal-7687.png,Normal,Normal,0.00014712083793710917,0.010030630975961685,0.9894384741783142,0.00038382000639103353,0.2673196494579315,0.5519267916679382,0.5519267916679382
/kaggle/input/datasets/tawsifurrahman/covid19-radiography-database/COVID-19_Radiography_Dataset/Normal/images/Normal-7692.png,Normal,Normal,0.0005777129554189742,0.002952390117570758,0.9964679479598999,1.93924893210351e-06,0.26815658807754517,,
/kaggle/input/datasets/tawsifurrahman/covid19-radiography-database/COVID-19_Radiography_Dataset/Normal/images/Normal-7693.png,Normal,Normal,0.016043471172451973,0.015979202464222908,0.9679762721061707,1.0479300271981629e-06,0.31078633666038513,,
/kaggle/input/datasets/tawsifurrahman/covid19-radiography-database/COVID-19_Radiography_Dataset/Normal/images/Normal-7697.png,Normal,Lung_Opacity,0.059394627809524536,0.5729425549507141,0.3676562011241913,6.535577540489612e-06,0.3212133049964905,,
/kaggle/input/datasets/tawsifurrahman/covid19-radiography-database/COVID-19_Radiography_Dataset/Normal/images/Normal-77.png,Normal,Normal,6.051119726180332e-06,0.0001463890657760203,0.9942622184753418,0.005585348233580589,0.23983626067638397,,
/kaggle/input/datasets/tawsifurrahman/covid19-radiography-database/COVID-19_Radiography_Dataset/Normal/images/Normal-7700.png,Normal,Normal,0.0005751724820584059,0.24915368854999542,0.7502404451370239,3.0681228963658214e-05,0.23459430038928986,,
/kaggle/input/datasets/tawsifurrahman/covid19-radiography-database/COVID-19_Radiography_Dataset/Normal/images/Normal-7702.png,Normal,Normal,0.018749333918094635,0.05592219531536102,0.9253259301185608,2.543201389926253e-06,0.39036595821380615,,
/kaggle/input/datasets/tawsifurrahman/covid19-radiography-database/COVID-19_Radiography_Dataset/Normal/images/Normal-7729.png,Normal,Normal,0.0028803956229239702,0.03487267345190048,0.9622237682342529,2.3205451725516468e-05,0.36710795760154724,,
/kaggle/input/datasets/tawsifurrahman/covid19-radiography-database/COVID-19_Radiography_Dataset/Normal/images/Normal-7736.png,Normal,Normal,0.00018019987328443676,0.015103498473763466,0.9847140908241272,2.16314083445468e-06,0.20743051171302795,,
/kaggle/input/datasets/tawsifurrahman/covid19-radiography-database/COVID-19_Radiography_Dataset/Normal/images/Normal-7743.png,Normal,Normal,0.011134185828268528,0.002898740814998746,0.985934317111969,3.277131327195093e-05,0.3002035319805145,,
/kaggle/input/datasets/tawsifurrahman/covid19-radiography-database/COVID-19_Radiography_Dataset/Normal/images/Normal-7750.png,Normal,Normal,0.002003967994824052,0.005469045601785183,0.9925268888473511,5.753704002131599e-08,0.36798593401908875,0.5244011282920837,0.5244008302688599
/kaggle/input/datasets/tawsifurrahman/covid19-radiography-database/COVID-19_Radiography_Dataset/Normal/images/Normal-7755.png,Normal,Normal,5.054675057181157e-05,0.027047378942370415,0.9728602170944214,4.177564551355317e-05,0.29870864748954773,,
/kaggle/input/datasets/tawsifurrahman/covid19-radiography-database/COVID-19_Radiography_Dataset/Normal/images/Normal-7757.png,Normal,Normal,0.0004105710540898144,0.005398175213485956,0.9941892623901367,2.0037027752550784e-06,0.29388681054115295,,
/kaggle/input/datasets/tawsifurrahman/covid19-radiography-database/COVID-19_Radiography_Dataset/Normal/images/Normal-7762.png,Normal,Normal,0.014101087115705013,0.21266791224479675,0.7723734974861145,0.0008575671818107367,0.2668212354183197,,
/kaggle/input/datasets/tawsifurrahman/covid19-radiography-database/COVID-19_Radiography_Dataset/Normal/images/Normal-7769.png,Normal,Normal,0.0863945409655571,0.004861133638769388,0.908744215965271,1.2060904452937393e-07,0.21434633433818817,,
/kaggle/input/datasets/tawsifurrahman/covid19-radiography-database/COVID-19_Radiography_Dataset/Normal/images/Normal-7780.png,Normal,Normal,5.291525667416863e-05,0.22877250611782074,0.7710962891578674,7.822403858881444e-05,0.17319060862064362,0.41950035095214844,0.41950029134750366
/kaggle/input/datasets/tawsifurrahman/covid19-radiography-database/COVID-19_Radiography_Dataset/Normal/images/Normal-7782.png,Normal,Normal,0.0019116312032565475,0.04226416349411011,0.9558143615722656,9.918550858856179e-06,0.21099749207496643,,
/kaggle/input/datasets/tawsifurrahman/covid19-radiography-database/COVID-19_Radiography_Dataset/Normal/images/Normal-7793.png,Normal,Normal,2.331876748939976e-05,0.0008858997607603669,0.9990906715393066,8.126906436700665e-08,0.2243107408285141,,
/kaggle/input/datasets/tawsifurrahman/covid19-radiography-database/COVID-19_Radiography_Dataset/Normal/images/Normal-7795.png,Normal,Normal,6.933022814337164e-05,0.017232365906238556,0.9826982617378235,6.777041505756642e-08,0.2938661575317383,,
/kaggle/input/datasets/tawsifurrahman/covid19-radiography-database/COVID-19_Radiography_Dataset/Normal/images/Normal-7797.png,Normal,Normal,0.029451197013258934,0.04119722172617912,0.9293498396873474,1.734514285089972e-06,0.14965331554412842,,
/kaggle/input/datasets/tawsifurrahman/covid19-radiography-database/COVID-19_Radiography_Dataset/Normal/images/Normal-7808.png,Normal,Normal,0.09602083265781403,0.01708427257835865,0.8868926763534546,2.1958546767564258e-06,0.2901194095611572,,
/kaggle/input/datasets/tawsifurrahman/covid19-radiography-database/COVID-19_Radiography_Dataset/Normal/images/Normal-7816.png,Normal,Normal,0.0011209462536498904,0.0720815509557724,0.9267972707748413,2.3582228436680452e-07,0.24166984856128693,,
/kaggle/input/datasets/tawsifurrahman/covid19-radiography-database/COVID-19_Radiography_Dataset/Normal/images/Normal-7817.png,Normal,Normal,1.1728661775123328e-06,0.0027784949634224176,0.9972202777862549,6.738901703329248e-08,0.2741762697696686,,
/kaggle/input/datasets/tawsifurrahman/covid19-radiography-database/COVID-19_Radiography_Dataset/Normal/images/Normal-7833.png,Normal,Normal,6.3076213336898945e-06,0.003126195166260004,0.9968673586845398,9.178583582070132e-08,0.28200864791870117,,
/kaggle/input/datasets/tawsifurrahman/covid19-radiography-database/COVID-19_Radiography_Dataset/Normal/images/Normal-7837.png,Normal,Normal,0.006296680774539709,0.017291903495788574,0.9764114022254944,6.539008268191537e-08,0.26425057649612427,,
/kaggle/input/datasets/tawsifurrahman/covid19-radiography-database/COVID-19_Radiography_Dataset/Normal/images/Normal-7841.png,Normal,Normal,0.00018458152771927416,0.001042646006681025,0.9987727999687195,1.9598182632307726e-08,0.17879077792167664,,
/kaggle/input/datasets/tawsifurrahman/covid19-radiography-database/COVID-19_Radiography_Dataset/Normal/images/Normal-7858.png,Normal,Normal,0.028911268338561058,0.006383377127349377,0.9647045731544495,7.500854621866893e-07,0.31451404094696045,,
/kaggle/input/datasets/tawsifurrahman/covid19-radiography-database/COVID-19_Radiography_Dataset/Normal/images/Normal-7863.png,Normal,Normal,0.00011491354962345213,0.0018156139412894845,0.9980693459510803,1.5302383360449312e-07,0.22951334714889526,,
/kaggle/input/datasets/tawsifurrahman/covid19-radiography-database/COVID-19_Radiography_Dataset/Normal/images/Normal-7864.png,Normal,Normal,0.08332420885562897,0.0012077908031642437,0.915467381477356,6.829853305134748e-07,0.29043951630592346,,
/kaggle/input/datasets/tawsifurrahman/covid19-radiography-database/COVID-19_Radiography_Dataset/Normal/images/Normal-7869.png,Normal,Normal,0.009822403080761433,0.006077968515455723,0.9840705394744873,2.912831951107364e-05,0.31355994939804077,0.4152880012989044,0.4152873456478119
/kaggle/input/datasets/tawsifurrahman/covid19-radiography-database/COVID-19_Radiography_Dataset/Normal/images/Normal-7880.png,Normal,Normal,0.008984941057860851,0.05267643555998802,0.9383381605148315,4.2239588537995587e-07,0.16894592344760895,0.38398775458335876,0.3839876353740692
/kaggle/input/datasets/tawsifurrahman/covid19-radiography-database/COVID-19_Radiography_Dataset/Normal/images/Normal-7885.png,Normal,Normal,0.0015603696228936315,0.01697387360036373,0.9814655780792236,8.464009226827329e-08,0.23577019572257996,,
/kaggle/input/datasets/tawsifurrahman/covid19-radiography-database/COVID-19_Radiography_Dataset/Normal/images/Normal-7887.png,Normal,Normal,0.01202887762337923,0.1952928900718689,0.7926188111305237,5.94496050325688e-05,0.2034849226474762,,
/kaggle/input/datasets/tawsifurrahman/covid19-radiography-database/COVID-19_Radiography_Dataset/Normal/images/Normal-7896.png,Normal,Lung_Opacity,0.02378569357097149,0.9294903874397278,0.04642194136977196,0.0003019929281435907,0.15854212641716003,,
/kaggle/input/datasets/tawsifurrahman/covid19-radiography-database/COVID-19_Radiography_Dataset/Normal/images/Normal-7897.png,Normal,Normal,0.0063200234435498714,0.009382542222738266,0.9842807054519653,1.6698248145985417e-05,0.2635534405708313,,
/kaggle/input/datasets/tawsifurrahman/covid19-radiography-database/COVID-19_Radiography_Dataset/Normal/images/Normal-7901.png,Normal,Normal,7.050370186334476e-05,0.044756948947906494,0.9551314115524292,4.109489236725494e-05,0.13456641137599945,,
/kaggle/input/datasets/tawsifurrahman/covid19-radiography-database/COVID-19_Radiography_Dataset/Normal/images/Normal-7907.png,Normal,Normal,0.12461363524198532,0.018099786713719368,0.8572858572006226,7.396208161480899e-07,0.30401018261909485,0.3901955187320709,0.39019545912742615
/kaggle/input/datasets/tawsifurrahman/covid19-radiography-database/COVID-19_Radiography_Dataset/Normal/images/Normal-791.png,Normal,Normal,7.8610610216856e-06,0.0005149297649040818,0.9945529103279114,0.004924398381263018,0.14690326154232025,,
/kaggle/input/datasets/tawsifurrahman/covid19-radiography-database/COVID-19_Radiography_Dataset/Normal/images/Normal-7914.png,Normal,Normal,0.05861176922917366,0.015101193450391293,0.9262797236442566,7.247368557727896e-06,0.21283116936683655,0.4074719250202179,0.40747198462486267
/kaggle/input/datasets/tawsifurrahman/covid19-radiography-database/COVID-19_Radiography_Dataset/Normal/images/Normal-7915.png,Normal,Normal,1.259408236364834e-05,0.0016951191937550902,0.9982898831367493,2.3633674572920427e-06,0.22341389954090118,0.36839303374290466,0.36839303374290466
/kaggle/input/datasets/tawsifurrahman/covid19-radiography-database/COVID-19_Radiography_Dataset/Normal/images/Normal-7920.png,Normal,Normal,0.0003605272504501045,0.006253459490835667,0.9933846592903137,1.4138579444988864e-06,0.24631576240062714,,
/kaggle/input/datasets/tawsifurrahman/covid19-radiography-database/COVID-19_Radiography_Dataset/Normal/images/Normal-7921.png,Normal,Normal,0.3339449465274811,0.009691034443676472,0.6563301086425781,3.387944525456987e-05,0.402028888463974,0.5288304686546326,0.5288299322128296
/kaggle/input/datasets/tawsifurrahman/covid19-radiography-database/COVID-19_Radiography_Dataset/Normal/images/Normal-7924.png,Normal,Normal,0.003506581299006939,0.015538383275270462,0.980951189994812,3.7469633298314875e-06,0.26708003878593445,,
/kaggle/input/datasets/tawsifurrahman/covid19-radiography-database/COVID-19_Radiography_Dataset/Normal/images/Normal-7926.png,Normal,Normal,0.007276602555066347,0.00539661617949605,0.9873192310333252,7.454761998815229e-06,0.331794798374176,,
/kaggle/input/datasets/tawsifurrahman/covid19-radiography-database/COVID-19_Radiography_Dataset/Normal/images/Normal-7930.png,Normal,Normal,0.0012031224323436618,0.28678098320961,0.7120034098625183,1.2459271601983346e-05,0.2825463116168976,,
/kaggle/input/datasets/tawsifurrahman/covid19-radiography-database/COVID-19_Radiography_Dataset/Normal/images/Normal-7953.png,Normal,Normal,0.0010219167452305555,0.22081175446510315,0.7781546711921692,1.1691251529555302e-05,0.22313539683818817,,
/kaggle/input/datasets/tawsifurrahman/covid19-radiography-database/COVID-19_Radiography_Dataset/Normal/images/Normal-796.png,Normal,Normal,0.43290483951568604,0.06610811501741409,0.45242777466773987,0.04855933040380478,0.26674190163612366,0.3592303693294525,0.359230101108551
/kaggle/input/datasets/tawsifurrahman/covid19-radiography-database/COVID-19_Radiography_Dataset/Normal/images/Normal-7965.png,Normal,Normal,0.0011540811974555254,0.1281585693359375,0.8706803321838379,7.025359536783071e-06,0.18002666532993317,,
/kaggle/input/datasets/tawsifurrahman/covid19-radiography-database/COVID-19_Radiography_Dataset/Normal/images/Normal-7966.png,Normal,Normal,0.015546821057796478,0.0672631561756134,0.9171832799911499,6.741020570188994e-06,0.33516767621040344,,
/kaggle/input/datasets/tawsifurrahman/covid19-radiography-database/COVID-19_Radiography_Dataset/Normal/images/Normal-7970.png,Normal,Normal,0.11384318023920059,0.34291595220565796,0.5432385802268982,2.2730723685526755e-06,0.2780626714229584,,
/kaggle/input/datasets/tawsifurrahman/covid19-radiography-database/COVID-19_Radiography_Dataset/Normal/images/Normal-7974.png,Normal,Normal,0.25396496057510376,0.3652048408985138,0.3807905614376068,3.958171510021202e-05,0.2795163691043854,0.3844708204269409,0.38447055220603943
/kaggle/input/datasets/tawsifurrahman/covid19-radiography-database/COVID-19_Radiography_Dataset/Normal/images/Normal-7984.png,Normal,Normal,0.035138871520757675,0.014410189352929592,0.9504455924034119,5.284920007397886e-06,0.2702089548110962,,
/kaggle/input/datasets/tawsifurrahman/covid19-radiography-database/COVID-19_Radiography_Dataset/Normal/images/Normal-7990.png,Normal,Normal,0.0343172550201416,0.0992751196026802,0.8664039373397827,3.6405579066922655e-06,0.24958205223083496,,
/kaggle/input/datasets/tawsifurrahman/covid19-radiography-database/COVID-19_Radiography_Dataset/Normal/images/Normal-7991.png,Normal,Normal,0.34277889132499695,0.001871859421953559,0.6553488373756409,4.53138795819541e-07,0.33326879143714905,,
/kaggle/input/datasets/tawsifurrahman/covid19-radiography-database/COVID-19_Radiography_Dataset/Normal/images/Normal-7992.png,Normal,Normal,0.2523289620876312,0.2667669951915741,0.48090070486068726,3.340952844155254e-06,0.171237513422966,,
/kaggle/input/datasets/tawsifurrahman/covid19-radiography-database/COVID-19_Radiography_Dataset/Normal/images/Normal-800.png,Normal,Normal,5.583204711001599e-06,1.864427758846432e-05,0.999745786190033,0.00023000675719231367,0.21109716594219208,,
/kaggle/input/datasets/tawsifurrahman/covid19-radiography-database/COVID-19_Radiography_Dataset/Normal/images/Normal-8000.png,Normal,Normal,0.05472230911254883,0.2646765410900116,0.6801316738128662,0.00046948777162469923,0.23035041987895966,0.45293816924095154,0.45293787121772766
/kaggle/input/datasets/tawsifurrahman/covid19-radiography-database/COVID-19_Radiography_Dataset/Normal/images/Normal-8007.png,Normal,Normal,0.02811354584991932,0.011011465452611446,0.9590399265289307,0.001835037604905665,0.2383211851119995,,
/kaggle/input/datasets/tawsifurrahman/covid19-radiography-database/COVID-19_Radiography_Dataset/Normal/images/Normal-8012.png,Normal,Normal,0.0013239632826298475,0.003320822725072503,0.9953551292419434,1.29337351495451e-07,0.16767027974128723,,
/kaggle/input/datasets/tawsifurrahman/covid19-radiography-database/COVID-19_Radiography_Dataset/Normal/images/Normal-8017.png,Normal,Normal,0.001517451019026339,0.0014922128757461905,0.9969883561134338,2.0270879304007394e-06,0.2328612357378006,,
/kaggle/input/datasets/tawsifurrahman/covid19-radiography-database/COVID-19_Radiography_Dataset/Normal/images/Normal-8025.png,Normal,Normal,3.371217826497741e-05,0.034061312675476074,0.965898334980011,6.561890131706605e-06,0.29727405309677124,,
/kaggle/input/datasets/tawsifurrahman/covid19-radiography-database/COVID-19_Radiography_Dataset/Normal/images/Normal-8031.png,Normal,Normal,0.0008952061762101948,0.021107837557792664,0.9779968857765198,1.271603764507745e-07,0.2668014466762543,,
/kaggle/input/datasets/tawsifurrahman/covid19-radiography-database/COVID-19_Radiography_Dataset/Normal/images/Normal-8033.png,Normal,Normal,0.0007717419648543,0.007653554901480675,0.9915655851364136,9.106126526603475e-06,0.24707084894180298,0.3727104365825653,0.3727104067802429
/kaggle/input/datasets/tawsifurrahman/covid19-radiography-database/COVID-19_Radiography_Dataset/Normal/images/Normal-8057.png,Normal,Normal,0.0005424849805422127,0.014942536130547523,0.9845066666603088,8.331507160619367e-06,0.31724342703819275,0.4098013937473297,0.40980133414268494
/kaggle/input/datasets/tawsifurrahman/covid19-radiography-database/COVID-19_Radiography_Dataset/Normal/images/Normal-8061.png,Normal,Normal,7.143603579606861e-05,0.00981377623975277,0.9901099801063538,4.820651611225912e-06,0.21474461257457733,0.4676150977611542,0.46761512756347656
/kaggle/input/datasets/tawsifurrahman/covid19-radiography-database/COVID-19_Radiography_Dataset/Normal/images/Normal-8063.png,Normal,Normal,0.0051220478489995,0.014352444559335709,0.9804773330688477,4.827695738640614e-05,0.20457994937896729,0.4312587380409241,0.4312587380409241
/kaggle/input/datasets/tawsifurrahman/covid19-radiography-database/COVID-19_Radiography_Dataset/Normal/images/Normal-807.png,Normal,Normal,6.0572703660000116e-05,0.00047417476889677346,0.9546079635620117,0.044857271015644073,0.24936267733573914,0.38247519731521606,0.3824751079082489
/kaggle/input/datasets/tawsifurrahman/covid19-radiography-database/COVID-19_Radiography_Dataset/Normal/images/Normal-8071.png,Normal,COVID,0.8858069777488708,0.0023240598384290934,0.11186199635267258,7.0193382271099836e-06,0.3377313017845154,0.4325786232948303,0.43257859349250793
/kaggle/input/datasets/tawsifurrahman/covid19-radiography-database/COVID-19_Radiography_Dataset/Normal/images/Normal-808.png,Normal,Normal,7.050549174891785e-05,0.0001564850244903937,0.9952772855758667,0.004495708737522364,0.22173982858657837,0.2571508288383484,0.2571507692337036
/kaggle/input/datasets/tawsifurrahman/covid19-radiography-database/COVID-19_Radiography_Dataset/Normal/images/Normal-8081.png,Normal,Normal,0.0010267348261550069,0.006412700284272432,0.9925481677055359,1.2330537174420897e-05,0.2940855026245117,0.4090084731578827,0.40900835394859314
/kaggle/input/datasets/tawsifurrahman/covid19-radiography-database/COVID-19_Radiography_Dataset/Normal/images/Normal-8084.png,Normal,Normal,1.2084361515007913e-05,0.23266321420669556,0.7673231363296509,1.6310401633745641e-06,0.23234274983406067,,
/kaggle/input/datasets/tawsifurrahman/covid19-radiography-database/COVID-19_Radiography_Dataset/Normal/images/Normal-81.png,Normal,Normal,0.00037914569838903844,0.00019652568153105676,0.998860239982605,0.000564158777706325,0.1732109934091568,,
/kaggle/input/datasets/tawsifurrahman/covid19-radiography-database/COVID-19_Radiography_Dataset/Normal/images/Normal-8100.png,Normal,Normal,0.00035322652547620237,0.017632970586419106,0.9819567203521729,5.7058397942455485e-05,0.2978523373603821,0.5556589961051941,0.555658757686615
/kaggle/input/datasets/tawsifurrahman/covid19-radiography-database/COVID-19_Radiography_Dataset/Normal/images/Normal-8102.png,Normal,Normal,0.05313565954566002,0.01988801918923855,0.9269762635231018,6.42858779542621e-08,0.25909292697906494,,
/kaggle/input/datasets/tawsifurrahman/covid19-radiography-database/COVID-19_Radiography_Dataset/Normal/images/Normal-8115.png,Normal,Normal,0.0008389314170926809,0.044696882367134094,0.9544587135314941,5.4453962547995616e-06,0.1823185235261917,,
/kaggle/input/datasets/tawsifurrahman/covid19-radiography-database/COVID-19_Radiography_Dataset/Normal/images/Normal-8119.png,Normal,Normal,0.003343145130202174,0.05188414826989174,0.9447669982910156,5.7065913097176235e-06,0.25360798835754395,,
/kaggle/input/datasets/tawsifurrahman/covid19-radiography-database/COVID-19_Radiography_Dataset/Normal/images/Normal-8138.png,Normal,Normal,0.07851917296648026,0.24480539560317993,0.6762056946754456,0.0004697863187175244,0.13127802312374115,,
/kaggle/input/datasets/tawsifurrahman/covid19-radiography-database/COVID-19_Radiography_Dataset/Normal/images/Normal-814.png,Normal,Normal,0.0011093307984992862,0.0001256395917152986,0.9957733750343323,0.002991689369082451,0.30026325583457947,,
/kaggle/input/datasets/tawsifurrahman/covid19-radiography-database/COVID-19_Radiography_Dataset/Normal/images/Normal-8148.png,Normal,Normal,0.005839949939399958,0.10265824943780899,0.891495943069458,5.798620804853272e-06,0.11037402600049973,,
/kaggle/input/datasets/tawsifurrahman/covid19-radiography-database/COVID-19_Radiography_Dataset/Normal/images/Normal-8157.png,Normal,Normal,7.248151086969301e-05,0.006117495242506266,0.9938088059425354,1.139547521233908e-06,0.19623050093650818,,
/kaggle/input/datasets/tawsifurrahman/covid19-radiography-database/COVID-19_Radiography_Dataset/Normal/images/Normal-8159.png,Normal,Normal,9.369618055643514e-06,0.000423572986619547,0.9995661377906799,8.727761269256007e-07,0.2045208215713501,,
/kaggle/input/datasets/tawsifurrahman/covid19-radiography-database/COVID-19_Radiography_Dataset/Normal/images/Normal-817.png,Normal,Normal,0.17205804586410522,0.015726441517472267,0.8118874430656433,0.00032810927950777113,0.3087344765663147,0.4503243863582611,0.45032384991645813
/kaggle/input/datasets/tawsifurrahman/covid19-radiography-database/COVID-19_Radiography_Dataset/Normal/images/Normal-8175.png,Normal,Normal,0.001112970057874918,0.012730095535516739,0.9861558079719543,1.182814685307676e-06,0.24218828976154327,,
/kaggle/input/datasets/tawsifurrahman/covid19-radiography-database/COVID-19_Radiography_Dataset/Normal/images/Normal-8177.png,Normal,Lung_Opacity,0.0008027664152905345,0.5503024458885193,0.4478074312210083,0.0010873761493712664,0.07308277487754822,,
/kaggle/input/datasets/tawsifurrahman/covid19-radiography-database/COVID-19_Radiography_Dataset/Normal/images/Normal-8185.png,Normal,Normal,0.11478564888238907,0.022748375311493874,0.8624337911605835,3.2181644201045856e-05,0.3258160650730133,,
/kaggle/input/datasets/tawsifurrahman/covid19-radiography-database/COVID-19_Radiography_Dataset/Normal/images/Normal-8221.png,Normal,Normal,0.015780337154865265,0.01512482762336731,0.9690663814544678,2.842709727701731e-05,0.1840324103832245,0.43935656547546387,0.4393565356731415
/kaggle/input/datasets/tawsifurrahman/covid19-radiography-database/COVID-19_Radiography_Dataset/Normal/images/Normal-8231.png,Normal,Normal,5.4826530686113983e-05,0.0030338959768414497,0.9969112277030945,1.0628718882799149e-07,0.21908925473690033,,
/kaggle/input/datasets/tawsifurrahman/covid19-radiography-database/COVID-19_Radiography_Dataset/Normal/images/Normal-8232.png,Normal,Normal,0.007195495534688234,0.02712608501315117,0.9656602144241333,1.8153388737118803e-05,0.21079817414283752,,
/kaggle/input/datasets/tawsifurrahman/covid19-radiography-database/COVID-19_Radiography_Dataset/Normal/images/Normal-8237.png,Normal,Normal,0.004752482287585735,0.0013357034185901284,0.9939087629318237,3.042735443159472e-06,0.253587931394577,,
/kaggle/input/datasets/tawsifurrahman/covid19-radiography-database/COVID-19_Radiography_Dataset/Normal/images/Normal-8244.png,Normal,Normal,0.005036471411585808,0.012115622870624065,0.9828405380249023,7.346178790612612e-06,0.2969152629375458,,
/kaggle/input/datasets/tawsifurrahman/covid19-radiography-database/COVID-19_Radiography_Dataset/Normal/images/Normal-8249.png,Normal,Normal,0.0016939954366534948,0.004345875233411789,0.9939600229263306,3.35149650254607e-08,0.2897031009197235,,
/kaggle/input/datasets/tawsifurrahman/covid19-radiography-database/COVID-19_Radiography_Dataset/Normal/images/Normal-8250.png,Normal,Normal,0.004030101466923952,0.010956916958093643,0.9850130081176758,3.319909680499222e-08,0.2714451253414154,,
/kaggle/input/datasets/tawsifurrahman/covid19-radiography-database/COVID-19_Radiography_Dataset/Normal/images/Normal-8252.png,Normal,Normal,0.00013698916882276535,0.001387323602102697,0.9984745383262634,1.1909932027265313e-06,0.24488139152526855,0.5039296746253967,0.5039291977882385
/kaggle/input/datasets/tawsifurrahman/covid19-radiography-database/COVID-19_Radiography_Dataset/Normal/images/Normal-8260.png,Normal,Normal,2.4629509425722063e-05,0.10179092735052109,0.8981821537017822,2.2537694803759223e-06,0.21882982552051544,0.21339765191078186,0.21339759230613708
/kaggle/input/datasets/tawsifurrahman/covid19-radiography-database/COVID-19_Radiography_Dataset/Normal/images/Normal-8275.png,Normal,Normal,0.00497227068990469,0.0949835553765297,0.8999919295310974,5.2223316743038595e-05,0.28517696261405945,,
/kaggle/input/datasets/tawsifurrahman/covid19-radiography-database/COVID-19_Radiography_Dataset/Normal/images/Normal-828.png,Normal,COVID,0.9100499153137207,0.006775549612939358,0.08243349194526672,0.0007410332327708602,0.2692330479621887,,
/kaggle/input/datasets/tawsifurrahman/covid19-radiography-database/COVID-19_Radiography_Dataset/Normal/images/Normal-8286.png,Normal,Normal,0.005075627006590366,0.0020768484100699425,0.9928464293479919,1.094677372748265e-06,0.20336441695690155,,
/kaggle/input/datasets/tawsifurrahman/covid19-radiography-database/COVID-19_Radiography_Dataset/Normal/images/Normal-8294.png,Normal,Normal,0.0029203351587057114,0.01922552101314068,0.9778283834457397,2.5715300580486655e-05,0.14646469056606293,,
/kaggle/input/datasets/tawsifurrahman/covid19-radiography-database/COVID-19_Radiography_Dataset/Normal/images/Normal-8317.png,Normal,Normal,0.009356151334941387,0.0024097415152937174,0.9882338047027588,2.0643308573653485e-07,0.2920953929424286,0.4904170036315918,0.4904169738292694
/kaggle/input/datasets/tawsifurrahman/covid19-radiography-database/COVID-19_Radiography_Dataset/Normal/images/Normal-8320.png,Normal,Normal,0.1302841752767563,0.33806464076042175,0.531001627445221,0.0006495882989838719,0.3104279935359955,,
/kaggle/input/datasets/tawsifurrahman/covid19-radiography-database/COVID-19_Radiography_Dataset/Normal/images/Normal-8322.png,Normal,Normal,0.008288747631013393,0.008829277008771896,0.9828793406486511,2.657970753716654e-06,0.3547714352607727,0.46725723147392273,0.46725720167160034
/kaggle/input/datasets/tawsifurrahman/covid19-radiography-database/COVID-19_Radiography_Dataset/Normal/images/Normal-833.png,Normal,Normal,0.00045686904923059046,0.0010300278663635254,0.9923283457756042,0.0061847250908613205,0.22674214839935303,,
/kaggle/input/datasets/tawsifurrahman/covid19-radiography-database/COVID-19_Radiography_Dataset/Normal/images/Normal-8354.png,Normal,Normal,0.014514467678964138,0.14945288002490997,0.802630603313446,0.03340209648013115,0.21633945405483246,,
/kaggle/input/datasets/tawsifurrahman/covid19-radiography-database/COVID-19_Radiography_Dataset/Normal/images/Normal-8360.png,Normal,Normal,0.010396991856396198,0.020293347537517548,0.9692209362983704,8.877756772562861e-05,0.24713055789470673,,
/kaggle/input/datasets/tawsifurrahman/covid19-radiography-database/COVID-19_Radiography_Dataset/Normal/images/Normal-8370.png,Normal,Normal,5.659983435180038e-05,0.01907232590019703,0.9808709025382996,2.0820367296892073e-07,0.1718752384185791,,
/kaggle/input/datasets/tawsifurrahman/covid19-radiography-database/COVID-19_Radiography_Dataset/Normal/images/Normal-8371.png,Normal,Normal,1.5912377421045676e-05,0.012891891412436962,0.987092137336731,7.926474410169249e-08,0.3102283775806427,,
/kaggle/input/datasets/tawsifurrahman/covid19-radiography-database/COVID-19_Radiography_Dataset/Normal/images/Normal-8388.png,Normal,Normal,1.9946259271819144e-05,0.003170341718941927,0.9968016147613525,8.068153874773998e-06,0.28234755992889404,,
/kaggle/input/datasets/tawsifurrahman/covid19-radiography-database/COVID-19_Radiography_Dataset/Normal/images/Normal-8389.png,Normal,Normal,0.0003683583636302501,0.25529950857162476,0.7442634105682373,6.873917300254107e-05,0.20234836637973785,,
/kaggle/input/datasets/tawsifurrahman/covid19-radiography-database/COVID-19_Radiography_Dataset/Normal/images/Normal-8403.png,Normal,Normal,0.05011327192187309,0.005597648676484823,0.9442835450172424,5.454125130199827e-06,0.28471824526786804,,
/kaggle/input/datasets/tawsifurrahman/covid19-radiography-database/COVID-19_Radiography_Dataset/Normal/images/Normal-8405.png,Normal,Normal,0.033799849450588226,0.0912901908159256,0.8748598098754883,5.02533875987865e-05,0.29245075583457947,0.4838239550590515,0.4838239550590515
/kaggle/input/datasets/tawsifurrahman/covid19-radiography-database/COVID-19_Radiography_Dataset/Normal/images/Normal-8437.png,Normal,Normal,0.000666540814563632,0.018615834414958954,0.9806737899780273,4.381738472147845e-05,0.25099730491638184,,
/kaggle/input/datasets/tawsifurrahman/covid19-radiography-database/COVID-19_Radiography_Dataset/Normal/images/Normal-8443.png,Normal,Normal,0.018908720463514328,0.009445811621844769,0.9715676307678223,7.777263090247288e-05,0.34249451756477356,,
/kaggle/input/datasets/tawsifurrahman/covid19-radiography-database/COVID-19_Radiography_Dataset/Normal/images/Normal-845.png,Normal,Normal,0.00012777987285517156,0.0006220296490937471,0.9821864366531372,0.017063813284039497,0.20039525628089905,0.23780754208564758,0.2378074824810028
/kaggle/input/datasets/tawsifurrahman/covid19-radiography-database/COVID-19_Radiography_Dataset/Normal/images/Normal-8458.png,Normal,Normal,0.42531874775886536,0.1044565886259079,0.4699389636516571,0.0002856495266314596,0.32005631923675537,,
/kaggle/input/datasets/tawsifurrahman/covid19-radiography-database/COVID-19_Radiography_Dataset/Normal/images/Normal-8460.png,Normal,Normal,0.0033519163262099028,0.01341196894645691,0.9830225110054016,0.00021355129138100892,0.22616621851921082,0.4134328365325928,0.41343238949775696
/kaggle/input/datasets/tawsifurrahman/covid19-radiography-database/COVID-19_Radiography_Dataset/Normal/images/Normal-8469.png,Normal,Normal,0.002606389345601201,0.015835531055927277,0.9815546870231628,3.3627620723564178e-06,0.26239731907844543,,
/kaggle/input/datasets/tawsifurrahman/covid19-radiography-database/COVID-19_Radiography_Dataset/Normal/images/Normal-847.png,Normal,Normal,0.0005979463458061218,0.0014917238149791956,0.9821435809135437,0.015766730532050133,0.1603761613368988,0.16586799919605255,0.1658676117658615
/kaggle/input/datasets/tawsifurrahman/covid19-radiography-database/COVID-19_Radiography_Dataset/Normal/images/Normal-8473.png,Normal,Normal,0.037130773067474365,0.027339905500411987,0.9355128407478333,1.646244891162496e-05,0.34678083658218384,,
/kaggle/input/datasets/tawsifurrahman/covid19-radiography-database/COVID-19_Radiography_Dataset/Normal/images/Normal-8474.png,Normal,Normal,0.058855630457401276,0.0025628376752138138,0.9385800361633301,1.5529651591350557e-06,0.3077775537967682,,
/kaggle/input/datasets/tawsifurrahman/covid19-radiography-database/COVID-19_Radiography_Dataset/Normal/images/Normal-8487.png,Normal,Normal,0.00021123772603459656,0.02331586368381977,0.9764521718025208,2.064000000245869e-05,0.3120018243789673,,
/kaggle/input/datasets/tawsifurrahman/covid19-radiography-database/COVID-19_Radiography_Dataset/Normal/images/Normal-849.png,Normal,Normal,7.858499157009646e-05,0.0038964124396443367,0.7462698817253113,0.2497551292181015,0.2308674156665802,0.35055822134017944,0.3505581021308899
/kaggle/input/datasets/tawsifurrahman/covid19-radiography-database/COVID-19_Radiography_Dataset/Normal/images/Normal-8513.png,Normal,Normal,0.325507253408432,0.02027544006705284,0.6542003154754639,1.698662708804477e-05,0.20011688768863678,,
/kaggle/input/datasets/tawsifurrahman/covid19-radiography-database/COVID-19_Radiography_Dataset/Normal/images/Normal-8527.png,Normal,Normal,0.00022192100004758686,0.013601241633296013,0.9861764311790466,3.209737826637138e-07,0.2729993760585785,,
/kaggle/input/datasets/tawsifurrahman/covid19-radiography-database/COVID-19_Radiography_Dataset/Normal/images/Normal-8540.png,Normal,Normal,0.04845118895173073,0.2131853550672531,0.7381072044372559,0.00025631801690906286,0.2119147926568985,,
/kaggle/input/datasets/tawsifurrahman/covid19-radiography-database/COVID-19_Radiography_Dataset/Normal/images/Normal-8549.png,Normal,Normal,0.026528984308242798,0.03259320184588432,0.9408769011497498,9.166662380266644e-07,0.2454763501882553,0.48801344633102417,0.4880133867263794
/kaggle/input/datasets/tawsifurrahman/covid19-radiography-database/COVID-19_Radiography_Dataset/Normal/images/Normal-8559.png,Normal,Normal,2.4733320969971828e-05,0.008276942186057568,0.9916841983795166,1.4164857020659838e-05,0.2523522675037384,,
/kaggle/input/datasets/tawsifurrahman/covid19-radiography-database/COVID-19_Radiography_Dataset/Normal/images/Normal-856.png,Normal,Normal,2.682869671843946e-05,1.4911598555045202e-05,0.9997574687004089,0.00020079466048628092,0.20232802629470825,,
/kaggle/input/datasets/tawsifurrahman/covid19-radiography-database/COVID-19_Radiography_Dataset/Normal/images/Normal-8563.png,Normal,Normal,0.004242683295160532,0.1926870495080948,0.8027641773223877,0.00030599875026382506,0.21018075942993164,,
/kaggle/input/datasets/tawsifurrahman/covid19-radiography-database/COVID-19_Radiography_Dataset/Normal/images/Normal-8569.png,Normal,Normal,0.06350996345281601,0.05351966619491577,0.8829299807548523,4.049871859024279e-05,0.18417200446128845,0.4193168580532074,0.4193167984485626
/kaggle/input/datasets/tawsifurrahman/covid19-radiography-database/COVID-19_Radiography_Dataset/Normal/images/Normal-8579.png,Normal,Normal,0.00014700494648423046,0.010219300165772438,0.9896336793899536,3.167980722196262e-08,0.20475973188877106,,
/kaggle/input/datasets/tawsifurrahman/covid19-radiography-database/COVID-19_Radiography_Dataset/Normal/images/Normal-8589.png,Normal,COVID,0.5621916055679321,0.00140186061616987,0.43635687232017517,4.9721315008355305e-05,0.33636048436164856,,
/kaggle/input/datasets/tawsifurrahman/covid19-radiography-database/COVID-19_Radiography_Dataset/Normal/images/Normal-8593.png,Normal,Normal,0.004021064843982458,0.01669645681977272,0.9792816638946533,8.171917329491407e-07,0.19886063039302826,,
/kaggle/input/datasets/tawsifurrahman/covid19-radiography-database/COVID-19_Radiography_Dataset/Normal/images/Normal-8596.png,Normal,Normal,0.001236519543454051,0.027297312393784523,0.9714615345001221,4.754648216476198e-06,0.2800562381744385,,
/kaggle/input/datasets/tawsifurrahman/covid19-radiography-database/COVID-19_Radiography_Dataset/Normal/images/Normal-8597.png,Normal,Normal,0.0757049098610878,0.0017980237025767565,0.9224939346313477,3.1530530577583704e-06,0.23891980946063995,0.4028581380844116,0.4028578996658325
/kaggle/input/datasets/tawsifurrahman/covid19-radiography-database/COVID-19_Radiography_Dataset/Normal/images/Normal-8598.png,Normal,Normal,0.030927607789635658,0.018256722018122673,0.9507627487182617,5.298507312545553e-05,0.3420788049697876,,
/kaggle/input/datasets/tawsifurrahman/covid19-radiography-database/COVID-19_Radiography_Dataset/Normal/images/Normal-86.png,Normal,Normal,0.00037127285031601787,0.00044874861487187445,0.9987996816635132,0.00038033767486922443,0.16438202559947968,,
/kaggle/input/datasets/tawsifurrahman/covid19-radiography-database/COVID-19_Radiography_Dataset/Normal/images/Normal-8604.png,Normal,Normal,0.00033258250914514065,0.005432823672890663,0.9942341446876526,4.080207247625367e-07,0.2355523258447647,0.5351342558860779,0.5351342558860779
/kaggle/input/datasets/tawsifurrahman/covid19-radiography-database/COVID-19_Radiography_Dataset/Normal/images/Normal-8610.png,Normal,Normal,0.00027110803057439625,0.046409353613853455,0.9533193707466125,1.1874442407133756e-07,0.2765667140483856,,
/kaggle/input/datasets/tawsifurrahman/covid19-radiography-database/COVID-19_Radiography_Dataset/Normal/images/Normal-8614.png,Normal,Normal,0.00038153192144818604,0.003023406257852912,0.9965835213661194,1.1580293175939005e-05,0.21617968380451202,,
/kaggle/input/datasets/tawsifurrahman/covid19-radiography-database/COVID-19_Radiography_Dataset/Normal/images/Normal-8616.png,Normal,Normal,0.00015514710685238242,0.0033049569465219975,0.996539831161499,9.172225645670551e-08,0.34147849678993225,0.49436572194099426,0.4943655729293823
/kaggle/input/datasets/tawsifurrahman/covid19-radiography-database/COVID-19_Radiography_Dataset/Normal/images/Normal-8619.png,Normal,Normal,0.000762876239605248,0.007240066304802895,0.9919956922531128,1.4185808367983554e-06,0.3101089596748352,,
/kaggle/input/datasets/tawsifurrahman/covid19-radiography-database/COVID-19_Radiography_Dataset/Normal/images/Normal-862.png,Normal,Normal,0.004914380144327879,0.002033978933468461,0.9441015124320984,0.048950131982564926,0.20250755548477173,0.41824138164520264,0.4182412922382355
/kaggle/input/datasets/tawsifurrahman/covid19-radiography-database/COVID-19_Radiography_Dataset/Normal/images/Normal-8623.png,Normal,Normal,1.2286790479265619e-05,0.2764715254306793,0.7231982946395874,0.0003178197948727757,0.2839808166027069,,
/kaggle/input/datasets/tawsifurrahman/covid19-radiography-database/COVID-19_Radiography_Dataset/Normal/images/Normal-8649.png,Normal,Normal,0.00011955619265791029,0.054330434650182724,0.9455491900444031,7.272343509612256e-07,0.30652180314064026,,
/kaggle/input/datasets/tawsifurrahman/covid19-radiography-database/COVID-19_Radiography_Dataset/Normal/images/Normal-865.png,Normal,Normal,0.000488676072563976,0.007527149748057127,0.9602733254432678,0.03171087056398392,0.1894533634185791,,
/kaggle/input/datasets/tawsifurrahman/covid19-radiography-database/COVID-19_Radiography_Dataset/Normal/images/Normal-8650.png,Normal,Normal,0.032362330704927444,0.21762904524803162,0.7500061988830566,2.4232645046140533e-06,0.1409841775894165,,
/kaggle/input/datasets/tawsifurrahman/covid19-radiography-database/COVID-19_Radiography_Dataset/Normal/images/Normal-8663.png,Normal,Normal,0.004361257888376713,0.002391892485320568,0.9931991696357727,4.775985871674493e-05,0.2880065143108368,,
/kaggle/input/datasets/tawsifurrahman/covid19-radiography-database/COVID-19_Radiography_Dataset/Normal/images/Normal-8673.png,Normal,Normal,0.24749469757080078,0.037462808191776276,0.7150300741195679,1.2429922207957134e-05,0.31780168414115906,,
/kaggle/input/datasets/tawsifurrahman/covid19-radiography-database/COVID-19_Radiography_Dataset/Normal/images/Normal-8676.png,Normal,Normal,0.2747689187526703,0.012470574118196964,0.7118748426437378,0.0008856202475726604,0.39108356833457947,0.7393879890441895,0.7393882870674133
/kaggle/input/datasets/tawsifurrahman/covid19-radiography-database/COVID-19_Radiography_Dataset/Normal/images/Normal-8678.png,Normal,Normal,0.004889158997684717,0.03218909353017807,0.9629203677177429,1.3413763326752814e-06,0.22718341648578644,0.43156278133392334,0.43156155943870544
/kaggle/input/datasets/tawsifurrahman/covid19-radiography-database/COVID-19_Radiography_Dataset/Normal/images/Normal-8689.png,Normal,Normal,0.038192328065633774,0.01823527365922928,0.9435714483261108,9.139765211330086e-07,0.3065018355846405,,
/kaggle/input/datasets/tawsifurrahman/covid19-radiography-database/COVID-19_Radiography_Dataset/Normal/images/Normal-8695.png,Normal,Normal,0.019203172996640205,0.0014771901769563556,0.9793160557746887,3.5370426303416025e-06,0.26088428497314453,,
/kaggle/input/datasets/tawsifurrahman/covid19-radiography-database/COVID-19_Radiography_Dataset/Normal/images/Normal-8701.png,Normal,Normal,6.887854397064075e-05,0.04826531186699867,0.949836254119873,0.0018296187045052648,0.3865995705127716,0.5829042792320251,0.5829039812088013
/kaggle/input/datasets/tawsifurrahman/covid19-radiography-database/COVID-19_Radiography_Dataset/Normal/images/Normal-8703.png,Normal,Normal,1.558955409564078e-05,0.05617228150367737,0.9437621235847473,5.000269811716862e-05,0.263991117477417,,
/kaggle/input/datasets/tawsifurrahman/covid19-radiography-database/COVID-19_Radiography_Dataset/Normal/images/Normal-8711.png,Normal,Normal,0.00036812626058235765,0.01402162853628397,0.9856095910072327,6.664077432105842e-07,0.27927809953689575,,
/kaggle/input/datasets/tawsifurrahman/covid19-radiography-database/COVID-19_Radiography_Dataset/Normal/images/Normal-8743.png,Normal,Normal,0.00015879192505963147,0.001912177656777203,0.997928261756897,7.512045954172208e-07,0.29631727933883667,0.38950493931770325,0.38950464129447937
/kaggle/input/datasets/tawsifurrahman/covid19-radiography-database/COVID-19_Radiography_Dataset/Normal/images/Normal-8761.png,Normal,Normal,6.482649041572586e-05,0.21723632514476776,0.7826260924339294,7.275568350451067e-05,0.2565373182296753,0.3318313956260681,0.33183133602142334
/kaggle/input/datasets/tawsifurrahman/covid19-radiography-database/COVID-19_Radiography_Dataset/Normal/images/Normal-8763.png,Normal,COVID,0.47399279475212097,0.05859803035855293,0.46665242314338684,0.0007567281718365848,0.2942446768283844,,
/kaggle/input/datasets/tawsifurrahman/covid19-radiography-database/COVID-19_Radiography_Dataset/Normal/images/Normal-8766.png,Normal,Normal,0.0014993523946031928,0.0089786471799016,0.9862111806869507,0.0033108368515968323,0.32140877842903137,,
/kaggle/input/datasets/tawsifurrahman/covid19-radiography-database/COVID-19_Radiography_Dataset/Normal/images/Normal-8776.png,Normal,Normal,0.010669676586985588,0.018723158165812492,0.9702823162078857,0.00032484036637470126,0.23864363133907318,,
/kaggle/input/datasets/tawsifurrahman/covid19-radiography-database/COVID-19_Radiography_Dataset/Normal/images/Normal-879.png,Normal,Normal,5.662532930728048e-05,7.612072658957914e-05,0.999756395816803,0.000110877379484009,0.1940182000398636,,
/kaggle/input/datasets/tawsifurrahman/covid19-radiography-database/COVID-19_Radiography_Dataset/Normal/images/Normal-8794.png,Normal,Normal,0.00020990890334360301,0.0023243131581693888,0.9974653720855713,4.873060674981389e-07,0.2283775955438614,,
/kaggle/input/datasets/tawsifurrahman/covid19-radiography-database/COVID-19_Radiography_Dataset/Normal/images/Normal-8796.png,Normal,Normal,1.4867550817143638e-05,0.0008738753385841846,0.9991112351417542,2.9864718698036086e-08,0.25534188747406006,,
/kaggle/input/datasets/tawsifurrahman/covid19-radiography-database/COVID-19_Radiography_Dataset/Normal/images/Normal-8801.png,Normal,Normal,0.003077517729252577,0.026846881955862045,0.9700755476951599,7.68324497357753e-08,0.20167037844657898,,
/kaggle/input/datasets/tawsifurrahman/covid19-radiography-database/COVID-19_Radiography_Dataset/Normal/images/Normal-8804.png,Normal,Normal,0.0009430676582269371,0.25079211592674255,0.7482574582099915,7.355198249570094e-06,0.2580135762691498,0.31401780247688293,0.314017653465271
/kaggle/input/datasets/tawsifurrahman/covid19-radiography-database/COVID-19_Radiography_Dataset/Normal/images/Normal-8812.png,Normal,Normal,0.0036896420642733574,0.008731095120310783,0.9875783324241638,9.481447023063083e-07,0.18152132630348206,,
/kaggle/input/datasets/tawsifurrahman/covid19-radiography-database/COVID-19_Radiography_Dataset/Normal/images/Normal-8815.png,Normal,Normal,0.007415930740535259,0.012093245051801205,0.980484664440155,6.0622919590969104e-06,0.27078887820243835,,
/kaggle/input/datasets/tawsifurrahman/covid19-radiography-database/COVID-19_Radiography_Dataset/Normal/images/Normal-8827.png,Normal,Normal,0.0009406610042788088,0.027313683182001114,0.9717410206794739,4.61475656265975e-06,0.3089146018028259,0.5326324105262756,0.5326322913169861
/kaggle/input/datasets/tawsifurrahman/covid19-radiography-database/COVID-19_Radiography_Dataset/Normal/images/Normal-8828.png,Normal,Normal,0.0028298120014369488,0.0020087440498173237,0.9951562881469727,5.186061571293976e-06,0.3310159742832184,0.5653672814369202,0.5653671622276306
/kaggle/input/datasets/tawsifurrahman/covid19-radiography-database/COVID-19_Radiography_Dataset/Normal/images/Normal-8835.png,Normal,Normal,0.007093353196978569,0.1835823655128479,0.8092571496963501,6.716043571941555e-05,0.22773949801921844,0.5168932676315308,0.5168931484222412
/kaggle/input/datasets/tawsifurrahman/covid19-radiography-database/COVID-19_Radiography_Dataset/Normal/images/Normal-8843.png,Normal,Normal,0.0037920409813523293,0.004009127616882324,0.9921963214874268,2.4965345346572576e-06,0.2639526128768921,0.4438442289829254,0.44384410977363586
/kaggle/input/datasets/tawsifurrahman/covid19-radiography-database/COVID-19_Radiography_Dataset/Normal/images/Normal-8848.png,Normal,Normal,0.04188251867890358,0.015747161582112312,0.9423595666885376,1.0765382285171654e-05,0.26286202669143677,,
/kaggle/input/datasets/tawsifurrahman/covid19-radiography-database/COVID-19_Radiography_Dataset/Normal/images/Normal-8866.png,Normal,Normal,0.009434989653527737,0.029036255553364754,0.961419939994812,0.00010884073708439246,0.2933090329170227,,
/kaggle/input/datasets/tawsifurrahman/covid19-radiography-database/COVID-19_Radiography_Dataset/Normal/images/Normal-8875.png,Normal,Normal,0.0022486879024654627,0.02283933199942112,0.9747346043586731,0.00017741613555699587,0.2689734399318695,0.42619505524635315,0.4261948764324188
/kaggle/input/datasets/tawsifurrahman/covid19-radiography-database/COVID-19_Radiography_Dataset/Normal/images/Normal-8884.png,Normal,Normal,0.0001965303235920146,0.27454206347465515,0.7252605557441711,8.362732160094311e-07,0.19491411745548248,,
/kaggle/input/datasets/tawsifurrahman/covid19-radiography-database/COVID-19_Radiography_Dataset/Normal/images/Normal-8888.png,Normal,Normal,0.05505858361721039,0.12898683547973633,0.815944492816925,1.0098025086335838e-05,0.2739378809928894,,
/kaggle/input/datasets/tawsifurrahman/covid19-radiography-database/COVID-19_Radiography_Dataset/Normal/images/Normal-8897.png,Normal,Normal,0.04423464834690094,0.029890574514865875,0.9256002902984619,0.00027440220583230257,0.19661003351211548,,
/kaggle/input/datasets/tawsifurrahman/covid19-radiography-database/COVID-19_Radiography_Dataset/Normal/images/Normal-8902.png,Normal,Normal,0.0036721795331686735,0.005182990804314613,0.9911439418792725,9.044653666023805e-07,0.21723568439483643,,
/kaggle/input/datasets/tawsifurrahman/covid19-radiography-database/COVID-19_Radiography_Dataset/Normal/images/Normal-8911.png,Normal,Normal,0.0094735287129879,0.00857193861156702,0.9819452166557312,9.246332410839386e-06,0.3149729371070862,,
/kaggle/input/datasets/tawsifurrahman/covid19-radiography-database/COVID-19_Radiography_Dataset/Normal/images/Normal-8914.png,Normal,Normal,0.12990981340408325,0.001115098362788558,0.8687381744384766,0.00023693431285209954,0.4019862115383148,0.6888918876647949,0.6888921856880188
/kaggle/input/datasets/tawsifurrahman/covid19-radiography-database/COVID-19_Radiography_Dataset/Normal/images/Normal-8915.png,Normal,Normal,0.002192865824326873,0.2660609781742096,0.7316778898239136,6.822764407843351e-05,0.18554699420928955,,
/kaggle/input/datasets/tawsifurrahman/covid19-radiography-database/COVID-19_Radiography_Dataset/Normal/images/Normal-8917.png,Normal,Normal,0.00012492388486862183,0.41676053404808044,0.582983672618866,0.00013087903789710253,0.10238000005483627,0.21511881053447723,0.21511873602867126
/kaggle/input/datasets/tawsifurrahman/covid19-radiography-database/COVID-19_Radiography_Dataset/Normal/images/Normal-8919.png,Normal,Normal,0.0021409860346466303,0.0007638444076292217,0.9970940351486206,1.1882740409419057e-06,0.24820663034915924,,
/kaggle/input/datasets/tawsifurrahman/covid19-radiography-database/COVID-19_Radiography_Dataset/Normal/images/Normal-8940.png,Normal,Normal,0.001841047778725624,0.016060085967183113,0.9820986986160278,1.4441799578435166e-07,0.20511862635612488,,
/kaggle/input/datasets/tawsifurrahman/covid19-radiography-database/COVID-19_Radiography_Dataset/Normal/images/Normal-8943.png,Normal,Normal,0.02939349040389061,0.05069495737552643,0.9199098348617554,1.724093976918084e-06,0.2574544847011566,,
/kaggle/input/datasets/tawsifurrahman/covid19-radiography-database/COVID-19_Radiography_Dataset/Normal/images/Normal-8948.png,Normal,Normal,0.0005845054984092712,0.0068183657713234425,0.9925414323806763,5.569128188653849e-05,0.28129151463508606,,
/kaggle/input/datasets/tawsifurrahman/covid19-radiography-database/COVID-19_Radiography_Dataset/Normal/images/Normal-8950.png,Normal,Normal,0.060149453580379486,0.0247068889439106,0.915133535861969,1.0171678695769515e-05,0.2322048842906952,0.4561767876148224,0.4561765789985657
/kaggle/input/datasets/tawsifurrahman/covid19-radiography-database/COVID-19_Radiography_Dataset/Normal/images/Normal-8959.png,Normal,Normal,0.0010857305023819208,0.015833372250199318,0.9830808043479919,7.268347701483435e-08,0.2653261721134186,,
/kaggle/input/datasets/tawsifurrahman/covid19-radiography-database/COVID-19_Radiography_Dataset/Normal/images/Normal-8960.png,Normal,Normal,9.239451173925772e-05,0.006071241106837988,0.9937909245491028,4.547138087218627e-05,0.2667810618877411,,
/kaggle/input/datasets/tawsifurrahman/covid19-radiography-database/COVID-19_Radiography_Dataset/Normal/images/Normal-8961.png,Normal,Normal,0.08529412001371384,0.03612370043992996,0.878386914730072,0.00019533764861989766,0.3146156370639801,,
/kaggle/input/datasets/tawsifurrahman/covid19-radiography-database/COVID-19_Radiography_Dataset/Normal/images/Normal-8964.png,Normal,Normal,0.0001344145421171561,0.043727122247219086,0.9560131430625916,0.00012536712165456265,0.13123810291290283,,
/kaggle/input/datasets/tawsifurrahman/covid19-radiography-database/COVID-19_Radiography_Dataset/Normal/images/Normal-8991.png,Normal,Normal,0.0015392431523650885,0.05058980733156204,0.9478648900985718,6.044894234946696e-06,0.26694175601005554,0.4174704849720001,0.4174700081348419
/kaggle/input/datasets/tawsifurrahman/covid19-radiography-database/COVID-19_Radiography_Dataset/Normal/images/Normal-8992.png,Normal,Lung_Opacity,3.652711893664673e-05,0.7158132195472717,0.2838599979877472,0.0002901983680203557,0.20693175494670868,,
/kaggle/input/datasets/tawsifurrahman/covid19-radiography-database/COVID-19_Radiography_Dataset/Normal/images/Normal-9003.png,Normal,Normal,0.02696428820490837,0.002939151134341955,0.9700961709022522,3.9738918644616206e-07,0.3187233805656433,,
/kaggle/input/datasets/tawsifurrahman/covid19-radiography-database/COVID-19_Radiography_Dataset/Normal/images/Normal-9015.png,Normal,Normal,0.0022451214026659727,0.0061286576092243195,0.991608202457428,1.7997765098698437e-05,0.31092554330825806,,
/kaggle/input/datasets/tawsifurrahman/covid19-radiography-database/COVID-19_Radiography_Dataset/Normal/images/Normal-9018.png,Normal,Normal,0.0028985822573304176,0.005361486226320267,0.9917383790016174,1.5731216080894228e-06,0.3167054355144501,0.5191909074783325,0.5191906690597534
/kaggle/input/datasets/tawsifurrahman/covid19-radiography-database/COVID-19_Radiography_Dataset/Normal/images/Normal-9023.png,Normal,Normal,0.2325984388589859,0.16603444516658783,0.6013512015342712,1.590500869497191e-05,0.1759018450975418,,
/kaggle/input/datasets/tawsifurrahman/covid19-radiography-database/COVID-19_Radiography_Dataset/Normal/images/Normal-903.png,Normal,Viral Pneumonia,0.0003342115960549563,0.00015717183123342693,0.02810429409146309,0.9714043736457825,0.16262811422348022,,
/kaggle/input/datasets/tawsifurrahman/covid19-radiography-database/COVID-19_Radiography_Dataset/Normal/images/Normal-9032.png,Normal,Normal,0.002043249551206827,0.001060411799699068,0.9968950748443604,1.3001327943129581e-06,0.29193517565727234,0.45001694560050964,0.45001688599586487
/kaggle/input/datasets/tawsifurrahman/covid19-radiography-database/COVID-19_Radiography_Dataset/Normal/images/Normal-9038.png,Normal,Normal,0.09178406000137329,0.07606223970651627,0.8320607542991638,9.292954200645909e-05,0.24264980852603912,0.5053337812423706,0.5053326487541199
/kaggle/input/datasets/tawsifurrahman/covid19-radiography-database/COVID-19_Radiography_Dataset/Normal/images/Normal-9061.png,Normal,Normal,0.0033382021356374025,0.09825220704078674,0.8955202102661133,0.0028893782291561365,0.36806514859199524,,
/kaggle/input/datasets/tawsifurrahman/covid19-radiography-database/COVID-19_Radiography_Dataset/Normal/images/Normal-9076.png,Normal,Normal,0.000574621488340199,0.06894905865192413,0.9302692413330078,0.00020708856754936278,0.35981354117393494,,
/kaggle/input/datasets/tawsifurrahman/covid19-radiography-database/COVID-19_Radiography_Dataset/Normal/images/Normal-9083.png,Normal,Normal,2.7335769118508324e-05,0.009462935850024223,0.9905067682266235,2.8763477075699484e-06,0.2628946602344513,0.4866868555545807,0.4866868257522583
/kaggle/input/datasets/tawsifurrahman/covid19-radiography-database/COVID-19_Radiography_Dataset/Normal/images/Normal-9090.png,Normal,Normal,5.941879135207273e-05,0.0025046183727681637,0.9974358677864075,6.712735256542146e-08,0.2204245924949646,0.39168429374694824,0.39168423414230347
/kaggle/input/datasets/tawsifurrahman/covid19-radiography-database/COVID-19_Radiography_Dataset/Normal/images/Normal-9096.png,Normal,Normal,0.0003954499261453748,0.03775418549776077,0.961844801902771,5.622878688882338e-06,0.2501397728919983,,
/kaggle/input/datasets/tawsifurrahman/covid19-radiography-database/COVID-19_Radiography_Dataset/Normal/images/Normal-9097.png,Normal,Normal,0.0028218571096658707,0.0015845096204429865,0.9955936074256897,8.98339962418504e-08,0.20324580371379852,0.410773366689682,0.4107728600502014
/kaggle/input/datasets/tawsifurrahman/covid19-radiography-database/COVID-19_Radiography_Dataset/Normal/images/Normal-9111.png,Normal,Normal,0.002402122598141432,0.09729430079460144,0.9003031849861145,4.481068742734351e-07,0.23236273229122162,0.4440087676048279,0.44400855898857117
/kaggle/input/datasets/tawsifurrahman/covid19-radiography-database/COVID-19_Radiography_Dataset/Normal/images/Normal-9114.png,Normal,Normal,3.474168352113338e-06,0.04917340725660324,0.950822651386261,3.8694491877322434e-07,0.35381460189819336,0.3365095555782318,0.3365095853805542
/kaggle/input/datasets/tawsifurrahman/covid19-radiography-database/COVID-19_Radiography_Dataset/Normal/images/Normal-9124.png,Normal,Normal,0.003784767584875226,0.02033175900578499,0.9758406281471252,4.280429129721597e-05,0.3095909357070923,,
/kaggle/input/datasets/tawsifurrahman/covid19-radiography-database/COVID-19_Radiography_Dataset/Normal/images/Normal-9130.png,Normal,Normal,0.0007430878467857838,0.023033160716295242,0.9762225151062012,1.2123194892410538e-06,0.25835081934928894,,
/kaggle/input/datasets/tawsifurrahman/covid19-radiography-database/COVID-19_Radiography_Dataset/Normal/images/Normal-9132.png,Normal,Normal,0.02029549889266491,0.016079040244221687,0.963485062122345,0.00014038450899533927,0.22766762971878052,,
/kaggle/input/datasets/tawsifurrahman/covid19-radiography-database/COVID-19_Radiography_Dataset/Normal/images/Normal-9147.png,Normal,Normal,0.0002808256249409169,0.011917874217033386,0.9878009557723999,3.7779938111270894e-07,0.20264722406864166,,
/kaggle/input/datasets/tawsifurrahman/covid19-radiography-database/COVID-19_Radiography_Dataset/Normal/images/Normal-9150.png,Normal,COVID,0.8061445355415344,0.0007374279666692019,0.19311073422431946,7.2758789428917225e-06,0.1898925006389618,,
/kaggle/input/datasets/tawsifurrahman/covid19-radiography-database/COVID-19_Radiography_Dataset/Normal/images/Normal-9153.png,Normal,Normal,0.0026753274723887444,0.08963297307491302,0.9076906442642212,1.0091034710058011e-06,0.1765386164188385,,
/kaggle/input/datasets/tawsifurrahman/covid19-radiography-database/COVID-19_Radiography_Dataset/Normal/images/Normal-9160.png,Normal,Normal,0.0008926427690312266,0.002621348248794675,0.9964809417724609,5.082965344627155e-06,0.3138952851295471,0.5937426090240479,0.5937424898147583
/kaggle/input/datasets/tawsifurrahman/covid19-radiography-database/COVID-19_Radiography_Dataset/Normal/images/Normal-9165.png,Normal,Normal,0.005152253899723291,0.31496888399124146,0.6797817945480347,9.702883835416287e-05,0.2193286120891571,,
/kaggle/input/datasets/tawsifurrahman/covid19-radiography-database/COVID-19_Radiography_Dataset/Normal/images/Normal-9166.png,Normal,Normal,0.000209033940336667,0.008382814936339855,0.9914072155952454,9.07450043996505e-07,0.2377634197473526,,
/kaggle/input/datasets/tawsifurrahman/covid19-radiography-database/COVID-19_Radiography_Dataset/Normal/images/Normal-9167.png,Normal,Normal,0.02288014069199562,0.009590555913746357,0.9675095677375793,1.9715660528163426e-05,0.23350363969802856,0.5035138726234436,0.5035121440887451
/kaggle/input/datasets/tawsifurrahman/covid19-radiography-database/COVID-19_Radiography_Dataset/Normal/images/Normal-9171.png,Normal,Normal,0.00011691591498674825,0.02103559672832489,0.9788461923599243,1.2482731790441903e-06,0.18279671669006348,0.39784783124923706,0.39784786105155945
/kaggle/input/datasets/tawsifurrahman/covid19-radiography-database/COVID-19_Radiography_Dataset/Normal/images/Normal-9178.png,Normal,COVID,0.9114634394645691,0.0037012211978435516,0.08475358039140701,8.177187555702403e-05,0.17245380580425262,,
/kaggle/input/datasets/tawsifurrahman/covid19-radiography-database/COVID-19_Radiography_Dataset/Normal/images/Normal-9188.png,Normal,Normal,0.4389188885688782,0.011244106106460094,0.5497655868530273,7.132225437089801e-05,0.32884278893470764,0.48289984464645386,0.48289984464645386
/kaggle/input/datasets/tawsifurrahman/covid19-radiography-database/COVID-19_Radiography_Dataset/Normal/images/Normal-9189.png,Normal,Normal,0.05013037845492363,0.009105222299695015,0.940751314163208,1.3061254321655724e-05,0.32838594913482666,,
/kaggle/input/datasets/tawsifurrahman/covid19-radiography-database/COVID-19_Radiography_Dataset/Normal/images/Normal-92.png,Normal,Normal,0.00020833592861890793,0.0003794803633354604,0.9980447292327881,0.0013674215879291296,0.24242781102657318,,
/kaggle/input/datasets/tawsifurrahman/covid19-radiography-database/COVID-19_Radiography_Dataset/Normal/images/Normal-9206.png,Normal,Normal,5.6034372391877696e-05,0.005685466807335615,0.9942580461502075,3.46666411132901e-07,0.2579125463962555,,
/kaggle/input/datasets/tawsifurrahman/covid19-radiography-database/COVID-19_Radiography_Dataset/Normal/images/Normal-9211.png,Normal,Normal,6.684652908006683e-05,0.00027865555603057146,0.9996541738510132,3.3983016578531533e-07,0.30837517976760864,,
/kaggle/input/datasets/tawsifurrahman/covid19-radiography-database/COVID-19_Radiography_Dataset/Normal/images/Normal-923.png,Normal,Normal,8.925804286263883e-05,0.007277967408299446,0.896196186542511,0.09643659740686417,0.21922849118709564,,
/kaggle/input/datasets/tawsifurrahman/covid19-radiography-database/COVID-19_Radiography_Dataset/Normal/images/Normal-9230.png,Normal,Normal,0.0011619512224569917,0.0007568661239929497,0.9980806112289429,6.134451382422412e-07,0.35700419545173645,0.5138871073722839,0.5138869285583496
/kaggle/input/datasets/tawsifurrahman/covid19-radiography-database/COVID-19_Radiography_Dataset/Normal/images/Normal-9232.png,Normal,Lung_Opacity,0.15547336637973785,0.8184720277786255,0.024341559037566185,0.00171304598916322,0.19264210760593414,0.21417801082134247,0.2141779512166977
/kaggle/input/datasets/tawsifurrahman/covid19-radiography-database/COVID-19_Radiography_Dataset/Normal/images/Normal-9236.png,Normal,Normal,0.002023247303441167,0.0013158901128917933,0.9966607093811035,1.758239136506745e-07,0.32129254937171936,,
/kaggle/input/datasets/tawsifurrahman/covid19-radiography-database/COVID-19_Radiography_Dataset/Normal/images/Normal-9240.png,Normal,Lung_Opacity,0.0015545992646366358,0.5510677099227905,0.44724443554878235,0.00013327921624295413,0.2701105773448944,0.27804094552993774,0.2780406177043915
/kaggle/input/datasets/tawsifurrahman/covid19-radiography-database/COVID-19_Radiography_Dataset/Normal/images/Normal-9241.png,Normal,Normal,7.054227808112046e-06,0.00066638138378039,0.9993257522583008,8.734987204661593e-07,0.3818562626838684,,
/kaggle/input/datasets/tawsifurrahman/covid19-radiography-database/COVID-19_Radiography_Dataset/Normal/images/Normal-9243.png,Normal,Normal,0.0015971638495102525,0.24437354505062103,0.7537776827812195,0.0002516313688829541,0.30518612265586853,0.44857627153396606,0.4485762119293213
/kaggle/input/datasets/tawsifurrahman/covid19-radiography-database/COVID-19_Radiography_Dataset/Normal/images/Normal-9250.png,Normal,Normal,0.004003467969596386,0.07934945076704025,0.9165953397750854,5.177864295546897e-05,0.27780380845069885,,
/kaggle/input/datasets/tawsifurrahman/covid19-radiography-database/COVID-19_Radiography_Dataset/Normal/images/Normal-9258.png,Normal,Normal,0.37377119064331055,0.1836237609386444,0.44259515404701233,9.827228495851159e-06,0.2153819501399994,,
/kaggle/input/datasets/tawsifurrahman/covid19-radiography-database/COVID-19_Radiography_Dataset/Normal/images/Normal-926.png,Normal,Normal,4.765972698805854e-05,0.00015076049021445215,0.9996813535690308,0.00012026483454974368,0.21358859539031982,0.27977484464645386,0.2797747254371643
/kaggle/input/datasets/tawsifurrahman/covid19-radiography-database/COVID-19_Radiography_Dataset/Normal/images/Normal-9260.png,Normal,Normal,0.001510211150161922,0.0008618910214863718,0.9976171851158142,1.0706630746426526e-05,0.36611151695251465,,
/kaggle/input/datasets/tawsifurrahman/covid19-radiography-database/COVID-19_Radiography_Dataset/Normal/images/Normal-9267.png,Normal,Normal,0.07913665473461151,0.01636810600757599,0.9044380784034729,5.711992344004102e-05,0.26688316464424133,,
/kaggle/input/datasets/tawsifurrahman/covid19-radiography-database/COVID-19_Radiography_Dataset/Normal/images/Normal-9272.png,Normal,Normal,0.0006819225964136422,0.015169479884207249,0.9841440916061401,4.42083091911627e-06,0.19503402709960938,,
/kaggle/input/datasets/tawsifurrahman/covid19-radiography-database/COVID-19_Radiography_Dataset/Normal/images/Normal-9273.png,Normal,Normal,0.0005394903128035367,0.002050706185400486,0.9974092841148376,6.150047511255252e-07,0.33213138580322266,,
/kaggle/input/datasets/tawsifurrahman/covid19-radiography-database/COVID-19_Radiography_Dataset/Normal/images/Normal-929.png,Normal,Normal,2.208990372309927e-05,0.004375529009848833,0.8792278170585632,0.11637455224990845,0.1562305986881256,0.25113412737846375,0.2511340379714966
/kaggle/input/datasets/tawsifurrahman/covid19-radiography-database/COVID-19_Radiography_Dataset/Normal/images/Normal-9290.png,Normal,Normal,0.0026630936190485954,0.013442113995552063,0.983893632888794,1.2356570096017094e-06,0.2966380715370178,0.3359122574329376,0.3359120190143585
/kaggle/input/datasets/tawsifurrahman/covid19-radiography-database/COVID-19_Radiography_Dataset/Normal/images/Normal-9292.png,Normal,Normal,0.00041363429045304656,0.017905745655298233,0.9816800355911255,4.869971803600492e-07,0.42062070965766907,,
/kaggle/input/datasets/tawsifurrahman/covid19-radiography-database/COVID-19_Radiography_Dataset/Normal/images/Normal-9293.png,Normal,Normal,0.010024402290582657,0.3695446252822876,0.6202868819236755,0.0001440303458366543,0.1770971417427063,,
/kaggle/input/datasets/tawsifurrahman/covid19-radiography-database/COVID-19_Radiography_Dataset/Normal/images/Normal-93.png,Normal,Normal,0.0004456612514331937,0.0044161053374409676,0.9604510068893433,0.03468724712729454,0.2678576409816742,,
/kaggle/input/datasets/tawsifurrahman/covid19-radiography-database/COVID-19_Radiography_Dataset/Normal/images/Normal-9305.png,Normal,Normal,0.00022784530301578343,0.02646695077419281,0.973300576210022,4.5796632548444904e-06,0.36449769139289856,,
/kaggle/input/datasets/tawsifurrahman/covid19-radiography-database/COVID-19_Radiography_Dataset/Normal/images/Normal-9308.png,Normal,Normal,0.010669571347534657,0.009496069513261318,0.9798306226730347,3.8193411455722526e-06,0.27971571683883667,,
/kaggle/input/datasets/tawsifurrahman/covid19-radiography-database/COVID-19_Radiography_Dataset/Normal/images/Normal-931.png,Normal,Normal,5.561404032050632e-05,0.0001582931145094335,0.9992510676383972,0.0005349717102944851,0.23463425040245056,0.28471463918685913,0.28471463918685913
/kaggle/input/datasets/tawsifurrahman/covid19-radiography-database/COVID-19_Radiography_Dataset/Normal/images/Normal-9316.png,Normal,Normal,0.08780483156442642,0.2779955565929413,0.6341947913169861,4.831492333323695e-06,0.2071119099855423,0.40570977330207825,0.40570950508117676
/kaggle/input/datasets/tawsifurrahman/covid19-radiography-database/COVID-19_Radiography_Dataset/Normal/images/Normal-9320.png,Normal,Normal,0.0003415939281694591,0.024286706000566483,0.9753716588020325,5.0464254996995805e-09,0.20976199209690094,,
/kaggle/input/datasets/tawsifurrahman/covid19-radiography-database/COVID-19_Radiography_Dataset/Normal/images/Normal-9322.png,Normal,Normal,0.002249807585030794,0.021491259336471558,0.9762346744537354,2.4287473934236914e-05,0.28177106380462646,,
/kaggle/input/datasets/tawsifurrahman/covid19-radiography-database/COVID-19_Radiography_Dataset/Normal/images/Normal-9327.png,Normal,Normal,0.1576860547065735,0.159284308552742,0.683027982711792,1.7252554016522481e-06,0.28430020809173584,,
/kaggle/input/datasets/tawsifurrahman/covid19-radiography-database/COVID-19_Radiography_Dataset/Normal/images/Normal-933.png,Normal,Normal,0.002827187068760395,0.0005215644487179816,0.9939245581626892,0.0027266666293144226,0.17815347015857697,,
/kaggle/input/datasets/tawsifurrahman/covid19-radiography-database/COVID-19_Radiography_Dataset/Normal/images/Normal-934.png,Normal,Normal,0.0006130647961981595,8.526339661329985e-05,0.9933531284332275,0.005948602221906185,0.13713747262954712,,
/kaggle/input/datasets/tawsifurrahman/covid19-radiography-database/COVID-19_Radiography_Dataset/Normal/images/Normal-9350.png,Normal,Normal,0.0056459023617208,0.10252512991428375,0.8918256759643555,3.215108336007688e-06,0.2750062048435211,0.5392093062400818,0.5392089486122131
/kaggle/input/datasets/tawsifurrahman/covid19-radiography-database/COVID-19_Radiography_Dataset/Normal/images/Normal-9351.png,Normal,Lung_Opacity,2.0737901650136337e-05,0.8941630721092224,0.10581596940755844,1.8225419751161098e-07,0.16260766983032227,,
/kaggle/input/datasets/tawsifurrahman/covid19-radiography-database/COVID-19_Radiography_Dataset/Normal/images/Normal-9376.png,Normal,Normal,0.00399052444845438,0.12390637397766113,0.8718675971031189,0.00023549020988866687,0.1886368840932846,0.38463911414146423,0.38463905453681946
/kaggle/input/datasets/tawsifurrahman/covid19-radiography-database/COVID-19_Radiography_Dataset/Normal/images/Normal-9377.png,Normal,Normal,0.005091236904263496,0.037503112107515335,0.9572160840034485,0.00018962874310091138,0.24430140852928162,0.4802808463573456,0.48028063774108887
/kaggle/input/datasets/tawsifurrahman/covid19-radiography-database/COVID-19_Radiography_Dataset/Normal/images/Normal-9378.png,Normal,Normal,0.0005928268074057996,0.36465343832969666,0.6347533464431763,4.2313490666856524e-07,0.19477450847625732,,
/kaggle/input/datasets/tawsifurrahman/covid19-radiography-database/COVID-19_Radiography_Dataset/Normal/images/Normal-9383.png,Normal,Normal,0.02719489485025406,0.0035020976793020964,0.9693025350570679,4.7409722014890576e-07,0.3038756251335144,0.5586754679679871,0.5586753487586975
/kaggle/input/datasets/tawsifurrahman/covid19-radiography-database/COVID-19_Radiography_Dataset/Normal/images/Normal-9389.png,Normal,Normal,0.00037978196633048356,0.011255653575062752,0.9883612990379333,3.327470949443523e-06,0.3042294681072235,0.5620477795600891,0.5620476603507996
/kaggle/input/datasets/tawsifurrahman/covid19-radiography-database/COVID-19_Radiography_Dataset/Normal/images/Normal-9395.png,Normal,Lung_Opacity,2.308354123670142e-05,0.9631912708282471,0.03627357631921768,0.0005120543646626174,0.21580126881599426,,
/kaggle/input/datasets/tawsifurrahman/covid19-radiography-database/COVID-19_Radiography_Dataset/Normal/images/Normal-9401.png,Normal,Lung_Opacity,0.01024615578353405,0.5463917255401611,0.4327238202095032,0.010638279840350151,0.2466917634010315,,
/kaggle/input/datasets/tawsifurrahman/covid19-radiography-database/COVID-19_Radiography_Dataset/Normal/images/Normal-9406.png,Normal,Normal,0.00038374168798327446,0.001999869244173169,0.99759441614151,2.1930527509539388e-05,0.24211324751377106,0.5999836325645447,0.5999832153320312
/kaggle/input/datasets/tawsifurrahman/covid19-radiography-database/COVID-19_Radiography_Dataset/Normal/images/Normal-9409.png,Normal,Normal,0.06350912898778915,0.41770195960998535,0.5185756087303162,0.00021328145521692932,0.2421485334634781,,
/kaggle/input/datasets/tawsifurrahman/covid19-radiography-database/COVID-19_Radiography_Dataset/Normal/images/Normal-9412.png,Normal,Normal,3.013486639247276e-05,0.0012159892357885838,0.9987537860870361,7.955565450856739e-08,0.2557813227176666,0.45272138714790344,0.45272135734558105
/kaggle/input/datasets/tawsifurrahman/covid19-radiography-database/COVID-19_Radiography_Dataset/Normal/images/Normal-9417.png,Normal,Normal,3.152822955598822e-06,0.12340467423200607,0.8765743374824524,1.781220271368511e-05,0.33615705370903015,,
/kaggle/input/datasets/tawsifurrahman/covid19-radiography-database/COVID-19_Radiography_Dataset/Normal/images/Normal-9429.png,Normal,Normal,0.016069522127509117,0.0044213212095201015,0.9793576002120972,0.00015154905850067735,0.3794456124305725,,
/kaggle/input/datasets/tawsifurrahman/covid19-radiography-database/COVID-19_Radiography_Dataset/Normal/images/Normal-9439.png,Normal,Normal,0.10576727241277695,0.03978118672966957,0.8544127941131592,3.8752754335291684e-05,0.3275887668132782,0.47574111819267273,0.47573983669281006
/kaggle/input/datasets/tawsifurrahman/covid19-radiography-database/COVID-19_Radiography_Dataset/Normal/images/Normal-9443.png,Normal,Lung_Opacity,0.00417653564363718,0.6486703753471375,0.34698259830474854,0.00017040938837453723,0.2364879995584488,0.26470693945884705,0.2647067606449127
/kaggle/input/datasets/tawsifurrahman/covid19-radiography-database/COVID-19_Radiography_Dataset/Normal/images/Normal-9450.png,Normal,Normal,8.085091394605115e-05,0.010705952532589436,0.9892128705978394,3.264121914980933e-07,0.25010040402412415,0.4379440248012543,0.43794384598731995
/kaggle/input/datasets/tawsifurrahman/covid19-radiography-database/COVID-19_Radiography_Dataset/Normal/images/Normal-9459.png,Normal,Normal,0.05969194695353508,0.011451640166342258,0.9288532137870789,3.201627350790659e-06,0.1887962371110916,,
/kaggle/input/datasets/tawsifurrahman/covid19-radiography-database/COVID-19_Radiography_Dataset/Normal/images/Normal-9476.png,Normal,Lung_Opacity,0.0030251701828092337,0.6496672630310059,0.34730663895606995,8.959954129750258e-07,0.19274160265922546,,
/kaggle/input/datasets/tawsifurrahman/covid19-radiography-database/COVID-19_Radiography_Dataset/Normal/images/Normal-9477.png,Normal,Normal,0.028833895921707153,0.033424075692892075,0.9375360012054443,0.00020606137695722282,0.27871933579444885,,
/kaggle/input/datasets/tawsifurrahman/covid19-radiography-database/COVID-19_Radiography_Dataset/Normal/images/Normal-948.png,Normal,Normal,5.125959432916716e-05,3.4241176763316616e-05,0.9991753697395325,0.0007391684339381754,0.1494539976119995,,
/kaggle/input/datasets/tawsifurrahman/covid19-radiography-database/COVID-19_Radiography_Dataset/Normal/images/Normal-9493.png,Normal,Lung_Opacity,0.0006915463600307703,0.5870105028152466,0.41211462020874023,0.0001832550042308867,0.21990647912025452,0.24609775841236115,0.24609753489494324
/kaggle/input/datasets/tawsifurrahman/covid19-radiography-database/COVID-19_Radiography_Dataset/Normal/images/Normal-9497.png,Normal,Normal,0.00455812131986022,0.4452318847179413,0.5499919652938843,0.00021808079327456653,0.13705796003341675,,
/kaggle/input/datasets/tawsifurrahman/covid19-radiography-database/COVID-19_Radiography_Dataset/Normal/images/Normal-9499.png,Normal,Normal,0.015038506127893925,0.12140199542045593,0.8635534048080444,6.058934104657965e-06,0.18843694031238556,0.2653346359729767,0.2653346061706543
/kaggle/input/datasets/tawsifurrahman/covid19-radiography-database/COVID-19_Radiography_Dataset/Normal/images/Normal-951.png,Normal,Normal,0.3961978256702423,0.007608240470290184,0.5929945111274719,0.003199465572834015,0.28738924860954285,0.17397117614746094,0.17397117614746094
/kaggle/input/datasets/tawsifurrahman/covid19-radiography-database/COVID-19_Radiography_Dataset/Normal/images/Normal-9537.png,Normal,Lung_Opacity,0.00032177160028368235,0.5946284532546997,0.405017614364624,3.2150011975318193e-05,0.1446511149406433,,
/kaggle/input/datasets/tawsifurrahman/covid19-radiography-database/COVID-19_Radiography_Dataset/Normal/images/Normal-9540.png,Normal,Normal,0.0010317903943359852,0.015383847989141941,0.8753665685653687,0.10821778327226639,0.22528719902038574,0.4068804383277893,0.4068804085254669
/kaggle/input/datasets/tawsifurrahman/covid19-radiography-database/COVID-19_Radiography_Dataset/Normal/images/Normal-9548.png,Normal,Normal,0.008247243240475655,0.033353541046381,0.9583955407142639,3.695188070196309e-06,0.238900288939476,,
/kaggle/input/datasets/tawsifurrahman/covid19-radiography-database/COVID-19_Radiography_Dataset/Normal/images/Normal-9555.png,Normal,Normal,0.00011587519838940352,0.26610198616981506,0.7337769269943237,5.25844643561868e-06,0.16292664408683777,,
/kaggle/input/datasets/tawsifurrahman/covid19-radiography-database/COVID-19_Radiography_Dataset/Normal/images/Normal-956.png,Normal,Normal,0.0003501939063426107,0.0008282448397949338,0.9921820759773254,0.006639428436756134,0.17083992063999176,,
/kaggle/input/datasets/tawsifurrahman/covid19-radiography-database/COVID-19_Radiography_Dataset/Normal/images/Normal-9563.png,Normal,Lung_Opacity,5.528312158276094e-06,0.6263936161994934,0.37360072135925293,1.674832219578093e-07,0.21890947222709656,0.12352584302425385,0.12352584302425385
/kaggle/input/datasets/tawsifurrahman/covid19-radiography-database/COVID-19_Radiography_Dataset/Normal/images/Normal-9574.png,Normal,Lung_Opacity,0.004258995875716209,0.5848100781440735,0.41090813279151917,2.284821675857529e-05,0.18981291353702545,0.138971745967865,0.13897156715393066
/kaggle/input/datasets/tawsifurrahman/covid19-radiography-database/COVID-19_Radiography_Dataset/Normal/images/Normal-9592.png,Normal,Normal,0.00011326721869409084,0.006073764991015196,0.993812084197998,8.655171654936566e-07,0.2633949816226959,,
/kaggle/input/datasets/tawsifurrahman/covid19-radiography-database/COVID-19_Radiography_Dataset/Normal/images/Normal-9594.png,Normal,Normal,0.029786990955471992,0.3421512246131897,0.628042995929718,1.883426375570707e-05,0.25075772404670715,,
/kaggle/input/datasets/tawsifurrahman/covid19-radiography-database/COVID-19_Radiography_Dataset/Normal/images/Normal-9603.png,Normal,Normal,0.0002420045784674585,0.00923726987093687,0.9905146360397339,6.087360361561878e-06,0.25111642479896545,,
/kaggle/input/datasets/tawsifurrahman/covid19-radiography-database/COVID-19_Radiography_Dataset/Normal/images/Normal-9607.png,Normal,Normal,0.0263456329703331,0.2578503489494324,0.7157284021377563,7.558998913737014e-05,0.2432241141796112,,
/kaggle/input/datasets/tawsifurrahman/covid19-radiography-database/COVID-19_Radiography_Dataset/Normal/images/Normal-9609.png,Normal,Normal,0.029040135443210602,0.011028711684048176,0.9599283933639526,2.656755896168761e-06,0.20505967736244202,,
/kaggle/input/datasets/tawsifurrahman/covid19-radiography-database/COVID-19_Radiography_Dataset/Normal/images/Normal-9613.png,Normal,Normal,0.0017341405618935823,0.005448289215564728,0.9928163290023804,1.2793892665285966e-06,0.26887401938438416,,
/kaggle/input/datasets/tawsifurrahman/covid19-radiography-database/COVID-19_Radiography_Dataset/Normal/images/Normal-9616.png,Normal,Normal,0.00025380143779329956,0.008811311796307564,0.9909347891807556,3.4275122740012876e-09,0.22596517205238342,,
/kaggle/input/datasets/tawsifurrahman/covid19-radiography-database/COVID-19_Radiography_Dataset/Normal/images/Normal-9622.png,Normal,Normal,0.00015410927881021053,0.0016213222406804562,0.9982244372367859,8.384182592635625e-08,0.2679772675037384,,
/kaggle/input/datasets/tawsifurrahman/covid19-radiography-database/COVID-19_Radiography_Dataset/Normal/images/Normal-9624.png,Normal,Normal,0.0003893734246958047,0.0008610067307017744,0.9987491369247437,5.466334300763265e-07,0.20707213878631592,,
/kaggle/input/datasets/tawsifurrahman/covid19-radiography-database/COVID-19_Radiography_Dataset/Normal/images/Normal-9630.png,Normal,Normal,0.0018452588701620698,0.10714694112539291,0.8910062313079834,1.5351822639786405e-06,0.2118348926305771,,
/kaggle/input/datasets/tawsifurrahman/covid19-radiography-database/COVID-19_Radiography_Dataset/Normal/images/Normal-9633.png,Normal,Normal,0.010785005986690521,0.020471472293138504,0.9687340259552002,9.487741408520378e-06,0.2719031274318695,,
/kaggle/input/datasets/tawsifurrahman/covid19-radiography-database/COVID-19_Radiography_Dataset/Normal/images/Normal-9635.png,Normal,Normal,0.00032634809031151235,0.0022052282001823187,0.9974683523178101,8.728926026435602e-09,0.302356094121933,,
/kaggle/input/datasets/tawsifurrahman/covid19-radiography-database/COVID-19_Radiography_Dataset/Normal/images/Normal-9636.png,Normal,Normal,0.00030482184956781566,0.24461211264133453,0.7542931437492371,0.0007899350603111088,0.2200259566307068,,
/kaggle/input/datasets/tawsifurrahman/covid19-radiography-database/COVID-19_Radiography_Dataset/Normal/images/Normal-9637.png,Normal,Normal,0.13359642028808594,0.039757438004016876,0.8266362547874451,9.834401680564042e-06,0.2886442542076111,,
/kaggle/input/datasets/tawsifurrahman/covid19-radiography-database/COVID-19_Radiography_Dataset/Normal/images/Normal-9641.png,Normal,Normal,0.051363542675971985,0.0018055859254673123,0.9468244314193726,6.418003067665268e-06,0.33900803327560425,,
/kaggle/input/datasets/tawsifurrahman/covid19-radiography-database/COVID-19_Radiography_Dataset/Normal/images/Normal-9645.png,Normal,Normal,0.022522542625665665,0.2104010134935379,0.7667147517204285,0.0003615935565903783,0.23926404118537903,,
/kaggle/input/datasets/tawsifurrahman/covid19-radiography-database/COVID-19_Radiography_Dataset/Normal/images/Normal-9647.png,Normal,Normal,0.00027267038240097463,0.035813719034194946,0.9637994766235352,0.00011418187932576984,0.19353915750980377,0.46152088046073914,0.461520791053772
/kaggle/input/datasets/tawsifurrahman/covid19-radiography-database/COVID-19_Radiography_Dataset/Normal/images/Normal-9660.png,Normal,Normal,0.00040586551767773926,0.026865670457482338,0.9727262258529663,2.2639110284217168e-06,0.2642902731895447,0.5255389213562012,0.5255388021469116
/kaggle/input/datasets/tawsifurrahman/covid19-radiography-database/COVID-19_Radiography_Dataset/Normal/images/Normal-967.png,Normal,Normal,0.0007259051781147718,0.0010664950823411345,0.9979307651519775,0.0002768175327219069,0.19058936834335327,0.24286238849163055,0.24286237359046936
/kaggle/input/datasets/tawsifurrahman/covid19-radiography-database/COVID-19_Radiography_Dataset/Normal/images/Normal-9675.png,Normal,Normal,0.0032753318082541227,0.010365160182118416,0.9863556027412415,3.923732947441749e-06,0.19031113386154175,,
/kaggle/input/datasets/tawsifurrahman/covid19-radiography-database/COVID-19_Radiography_Dataset/Normal/images/Normal-9680.png,Normal,Normal,0.00017694952839519829,0.0009936393471434712,0.9988196492195129,9.747393050929531e-06,0.2794567048549652,,
/kaggle/input/datasets/tawsifurrahman/covid19-radiography-database/COVID-19_Radiography_Dataset/Normal/images/Normal-969.png,Normal,Normal,4.488919148570858e-05,1.6097857951535843e-05,0.9996479749679565,0.00029096167418174446,0.28370246291160583,,
/kaggle/input/datasets/tawsifurrahman/covid19-radiography-database/COVID-19_Radiography_Dataset/Normal/images/Normal-9691.png,Normal,Normal,1.2740118108922616e-05,0.003546525491401553,0.9964397549629211,9.6543976724206e-07,0.21131666004657745,,
/kaggle/input/datasets/tawsifurrahman/covid19-radiography-database/COVID-19_Radiography_Dataset/Normal/images/Normal-9699.png,Normal,Normal,0.00474535720422864,0.29393717646598816,0.7008540034294128,0.0004634391807485372,0.31134459376335144,0.34115830063819885,0.3411581218242645
/kaggle/input/datasets/tawsifurrahman/covid19-radiography-database/COVID-19_Radiography_Dataset/Normal/images/Normal-9700.png,Normal,Normal,4.431864908838179e-06,0.1544150710105896,0.8455517292022705,2.8728993129334413e-05,0.28366178274154663,,
/kaggle/input/datasets/tawsifurrahman/covid19-radiography-database/COVID-19_Radiography_Dataset/Normal/images/Normal-9705.png,Normal,Normal,0.20010699331760406,0.014531637541949749,0.7853556871414185,5.669447091349866e-06,0.2441842406988144,,
/kaggle/input/datasets/tawsifurrahman/covid19-radiography-database/COVID-19_Radiography_Dataset/Normal/images/Normal-9710.png,Normal,Normal,0.0010249943006783724,0.07444854825735092,0.9244386553764343,8.781077485764399e-05,0.19822244346141815,0.5101017951965332,0.510101854801178
/kaggle/input/datasets/tawsifurrahman/covid19-radiography-database/COVID-19_Radiography_Dataset/Normal/images/Normal-9713.png,Normal,Normal,0.0005151686491444707,0.03338875249028206,0.9416922926902771,0.024403832852840424,0.07541486620903015,0.11091618984937668,0.11091618984937668
/kaggle/input/datasets/tawsifurrahman/covid19-radiography-database/COVID-19_Radiography_Dataset/Normal/images/Normal-9722.png,Normal,Normal,0.0001363315968774259,0.010425033047795296,0.9894378185272217,8.686183718964458e-07,0.23750431835651398,,
/kaggle/input/datasets/tawsifurrahman/covid19-radiography-database/COVID-19_Radiography_Dataset/Normal/images/Normal-9728.png,Normal,Normal,0.0004543784016277641,0.020420266315340996,0.9791239500045776,1.3978710740047973e-06,0.2133301943540573,,
/kaggle/input/datasets/tawsifurrahman/covid19-radiography-database/COVID-19_Radiography_Dataset/Normal/images/Normal-9738.png,Normal,Normal,0.0008541029528714716,0.0488334558904171,0.9503092765808105,3.1657916679250775e-06,0.3188779354095459,,
/kaggle/input/datasets/tawsifurrahman/covid19-radiography-database/COVID-19_Radiography_Dataset/Normal/images/Normal-9743.png,Normal,Normal,0.00019210799655411392,0.055492520332336426,0.9442528486251831,6.248115096241236e-05,0.08157370984554291,,
/kaggle/input/datasets/tawsifurrahman/covid19-radiography-database/COVID-19_Radiography_Dataset/Normal/images/Normal-9751.png,Normal,Normal,0.0009220997453667223,0.03751508519053459,0.9612395763397217,0.00032319515594281256,0.32870444655418396,0.6365247964859009,0.6365244388580322
/kaggle/input/datasets/tawsifurrahman/covid19-radiography-database/COVID-19_Radiography_Dataset/Normal/images/Normal-9756.png,Normal,Normal,0.0018971513491123915,0.009035313501954079,0.9890651702880859,2.359396148676751e-06,0.357462614774704,,
/kaggle/input/datasets/tawsifurrahman/covid19-radiography-database/COVID-19_Radiography_Dataset/Normal/images/Normal-9762.png,Normal,Normal,0.0003600970085244626,0.000578874081838876,0.9990608096122742,1.6847526751462283e-07,0.21004153788089752,,
/kaggle/input/datasets/tawsifurrahman/covid19-radiography-database/COVID-19_Radiography_Dataset/Normal/images/Normal-977.png,Normal,Normal,5.671543476637453e-05,0.00011366395483491942,0.9988150596618652,0.0010146282147616148,0.17012161016464233,0.30175313353538513,0.3017526865005493
/kaggle/input/datasets/tawsifurrahman/covid19-radiography-database/COVID-19_Radiography_Dataset/Normal/images/Normal-9770.png,Normal,Normal,0.016859758645296097,0.003928658086806536,0.9792087078094482,2.835864279404632e-06,0.2477884739637375,0.3874775469303131,0.38747745752334595
/kaggle/input/datasets/tawsifurrahman/covid19-radiography-database/COVID-19_Radiography_Dataset/Normal/images/Normal-9779.png,Normal,Normal,0.000621508457697928,0.147300586104393,0.8503650426864624,0.0017128377221524715,0.20912837982177734,0.25913798809051514,0.2591378688812256
/kaggle/input/datasets/tawsifurrahman/covid19-radiography-database/COVID-19_Radiography_Dataset/Normal/images/Normal-9786.png,Normal,Normal,2.5462426492595114e-05,0.03987443074584007,0.960098385810852,1.7427062175556784e-06,0.23762378096580505,,
/kaggle/input/datasets/tawsifurrahman/covid19-radiography-database/COVID-19_Radiography_Dataset/Normal/images/Normal-9789.png,Normal,Normal,0.18437005579471588,0.10178888589143753,0.7128333449363708,0.0010077052284032106,0.22030796110630035,,
/kaggle/input/datasets/tawsifurrahman/covid19-radiography-database/COVID-19_Radiography_Dataset/Normal/images/Normal-9792.png,Normal,Normal,0.002022939268499613,0.06483633816242218,0.9331403374671936,3.260899745782808e-07,0.22558629512786865,,
/kaggle/input/datasets/tawsifurrahman/covid19-radiography-database/COVID-19_Radiography_Dataset/Normal/images/Normal-9796.png,Normal,Normal,3.857800402329303e-05,0.00832970067858696,0.9916316866874695,1.0830168406528173e-07,0.30283719301223755,,
/kaggle/input/datasets/tawsifurrahman/covid19-radiography-database/COVID-19_Radiography_Dataset/Normal/images/Normal-9814.png,Normal,Lung_Opacity,3.688569995574653e-05,0.7651866674423218,0.23476679623126984,9.63649927143706e-06,0.14772115647792816,0.09083879739046097,0.09083874523639679
/kaggle/input/datasets/tawsifurrahman/covid19-radiography-database/COVID-19_Radiography_Dataset/Normal/images/Normal-9828.png,Normal,Normal,0.0002958657860290259,0.054694920778274536,0.9450092315673828,1.6449639872462285e-08,0.26279589533805847,,
/kaggle/input/datasets/tawsifurrahman/covid19-radiography-database/COVID-19_Radiography_Dataset/Normal/images/Normal-9831.png,Normal,Normal,0.0018706510309129953,0.10839537531137466,0.8897320032119751,1.929537575051654e-06,0.30546677112579346,,
/kaggle/input/datasets/tawsifurrahman/covid19-radiography-database/COVID-19_Radiography_Dataset/Normal/images/Normal-9833.png,Normal,COVID,0.8272588849067688,0.009375420399010181,0.16335538029670715,1.0232935892418027e-05,0.22082307934761047,,
/kaggle/input/datasets/tawsifurrahman/covid19-radiography-database/COVID-19_Radiography_Dataset/Normal/images/Normal-9836.png,Normal,COVID,0.5140781402587891,0.05689924955368042,0.4238479733467102,0.005174629855901003,0.2040822058916092,0.10361061990261078,0.10361036658287048
/kaggle/input/datasets/tawsifurrahman/covid19-radiography-database/COVID-19_Radiography_Dataset/Normal/images/Normal-9837.png,Normal,Normal,0.08448836952447891,0.023872267454862595,0.8916389346122742,4.263560811068601e-07,0.2501200735569,,
/kaggle/input/datasets/tawsifurrahman/covid19-radiography-database/COVID-19_Radiography_Dataset/Normal/images/Normal-9846.png,Normal,Normal,0.0006053742836229503,0.4383544623851776,0.5609807968139648,5.946075907559134e-05,0.27485376596450806,,
/kaggle/input/datasets/tawsifurrahman/covid19-radiography-database/COVID-19_Radiography_Dataset/Normal/images/Normal-9859.png,Normal,Normal,1.8571045075077564e-05,0.0009194622980430722,0.999061644077301,3.50552767258705e-07,0.39714315533638,,
/kaggle/input/datasets/tawsifurrahman/covid19-radiography-database/COVID-19_Radiography_Dataset/Normal/images/Normal-986.png,Normal,Normal,0.0004865735536441207,0.001195270218886435,0.9946351647377014,0.0036828957963734865,0.22367370128631592,,
/kaggle/input/datasets/tawsifurrahman/covid19-radiography-database/COVID-19_Radiography_Dataset/Normal/images/Normal-9867.png,Normal,Normal,0.0015549911186099052,0.01048188004642725,0.9878824949264526,8.062199776759371e-05,0.3375719487667084,0.5569360256195068,0.5569359660148621
/kaggle/input/datasets/tawsifurrahman/covid19-radiography-database/COVID-19_Radiography_Dataset/Normal/images/Normal-9869.png,Normal,Normal,0.016064558178186417,0.011768537573516369,0.9721492528915405,1.764805165294092e-05,0.2803140878677368,,
/kaggle/input/datasets/tawsifurrahman/covid19-radiography-database/COVID-19_Radiography_Dataset/Normal/images/Normal-987.png,Normal,Normal,7.082960655679926e-05,0.007157842628657818,0.9924105405807495,0.00036079768324270844,0.29318806529045105,0.35503026843070984,0.3550302982330322
/kaggle/input/datasets/tawsifurrahman/covid19-radiography-database/COVID-19_Radiography_Dataset/Normal/images/Normal-9872.png,Normal,Normal,0.0006544378702528775,0.015554835088551044,0.9837679266929626,2.2804928448749706e-05,0.2876081168651581,,
/kaggle/input/datasets/tawsifurrahman/covid19-radiography-database/COVID-19_Radiography_Dataset/Normal/images/Normal-9875.png,Normal,Normal,0.19922757148742676,0.002653461182489991,0.798078179359436,4.071518196724355e-05,0.3652550280094147,,
/kaggle/input/datasets/tawsifurrahman/covid19-radiography-database/COVID-19_Radiography_Dataset/Normal/images/Normal-9878.png,Normal,Normal,0.0004910462303087115,0.019590815529227257,0.9799112677574158,6.812623269070173e-06,0.31070733070373535,,
/kaggle/input/datasets/tawsifurrahman/covid19-radiography-database/COVID-19_Radiography_Dataset/Normal/images/Normal-9882.png,Normal,Normal,2.2813675968791358e-05,0.015796558931469917,0.9841715693473816,9.11334154807264e-06,0.27875906229019165,,
/kaggle/input/datasets/tawsifurrahman/covid19-radiography-database/COVID-19_Radiography_Dataset/Normal/images/Normal-989.png,Normal,Normal,0.00156723044347018,0.0012211290886625648,0.9666170477867126,0.03059462085366249,0.16436190903186798,,
/kaggle/input/datasets/tawsifurrahman/covid19-radiography-database/COVID-19_Radiography_Dataset/Normal/images/Normal-9895.png,Normal,Normal,0.0002703979844227433,0.014069907367229462,0.9856534600257874,6.255554581002798e-06,0.19738729298114777,,
/kaggle/input/datasets/tawsifurrahman/covid19-radiography-database/COVID-19_Radiography_Dataset/Normal/images/Normal-9896.png,Normal,Normal,0.014316665008664131,0.03096279315650463,0.9547197818756104,7.223272859846475e-07,0.20537716150283813,,
/kaggle/input/datasets/tawsifurrahman/covid19-radiography-database/COVID-19_Radiography_Dataset/Normal/images/Normal-9907.png,Normal,Normal,0.33931764960289,0.003706489223986864,0.6534703969955444,0.003505460452288389,0.37845006585121155,0.5472234487533569,0.5472232699394226
/kaggle/input/datasets/tawsifurrahman/covid19-radiography-database/COVID-19_Radiography_Dataset/Normal/images/Normal-9911.png,Normal,Normal,6.302991096163169e-05,0.003730325261130929,0.9962064027786255,1.3577060542502295e-07,0.2400752305984497,,
/kaggle/input/datasets/tawsifurrahman/covid19-radiography-database/COVID-19_Radiography_Dataset/Normal/images/Normal-9924.png,Normal,Normal,0.36411577463150024,0.00165547092910856,0.6342266798019409,2.1225794171186863e-06,0.2560017704963684,,
/kaggle/input/datasets/tawsifurrahman/covid19-radiography-database/COVID-19_Radiography_Dataset/Normal/images/Normal-9925.png,Normal,Normal,0.0009301234385930002,0.0811336487531662,0.9179132580757141,2.305929592694156e-05,0.15820425748825073,,
/kaggle/input/datasets/tawsifurrahman/covid19-radiography-database/COVID-19_Radiography_Dataset/Normal/images/Normal-9932.png,Normal,Normal,0.005657044239342213,0.1647745966911316,0.828772246837616,0.0007961578667163849,0.26100173592567444,0.23311063647270203,0.23311060667037964
/kaggle/input/datasets/tawsifurrahman/covid19-radiography-database/COVID-19_Radiography_Dataset/Normal/images/Normal-9936.png,Normal,Normal,0.07152529060840607,0.00549123901873827,0.922980785369873,2.6861971491598524e-06,0.24613380432128906,,
/kaggle/input/datasets/tawsifurrahman/covid19-radiography-database/COVID-19_Radiography_Dataset/Normal/images/Normal-9939.png,Normal,Normal,0.008013453334569931,0.06418687105178833,0.9277893304824829,1.032314139592927e-05,0.2818296551704407,0.48395851254463196,0.4839584529399872
/kaggle/input/datasets/tawsifurrahman/covid19-radiography-database/COVID-19_Radiography_Dataset/Normal/images/Normal-9941.png,Normal,Normal,0.007248460780829191,0.27232497930526733,0.7203750014305115,5.15035935677588e-05,0.27568984031677246,,
/kaggle/input/datasets/tawsifurrahman/covid19-radiography-database/COVID-19_Radiography_Dataset/Normal/images/Normal-9943.png,Normal,Normal,0.015452280640602112,0.13357660174369812,0.8463833928108215,0.004587745293974876,0.16210977733135223,,
/kaggle/input/datasets/tawsifurrahman/covid19-radiography-database/COVID-19_Radiography_Dataset/Normal/images/Normal-9956.png,Normal,Lung_Opacity,0.0011596593540161848,0.7703672647476196,0.2284163385629654,5.676242653862573e-05,0.27768346667289734,,
/kaggle/input/datasets/tawsifurrahman/covid19-radiography-database/COVID-19_Radiography_Dataset/Normal/images/Normal-9959.png,Normal,Normal,0.002123223850503564,0.002939752535894513,0.9949334263801575,3.5907496567233466e-06,0.24143129587173462,0.45670297741889954,0.4567027986049652
/kaggle/input/datasets/tawsifurrahman/covid19-radiography-database/COVID-19_Radiography_Dataset/Normal/images/Normal-9961.png,Normal,Normal,0.0022361150477081537,0.012160149402916431,0.9855989217758179,4.853156497119926e-06,0.33597803115844727,,
/kaggle/input/datasets/tawsifurrahman/covid19-radiography-database/COVID-19_Radiography_Dataset/Normal/images/Normal-9968.png,Normal,Normal,0.014582497999072075,0.01325079333037138,0.9721489548683167,1.784238702384755e-05,0.18554702401161194,,
/kaggle/input/datasets/tawsifurrahman/covid19-radiography-database/COVID-19_Radiography_Dataset/Normal/images/Normal-997.png,Normal,Normal,2.3778353352099657e-05,0.00039428789750672877,0.991390585899353,0.008191298693418503,0.27561062574386597,,
/kaggle/input/datasets/tawsifurrahman/covid19-radiography-database/COVID-19_Radiography_Dataset/Normal/images/Normal-9973.png,Normal,Normal,0.0023665984626859426,0.03091074526309967,0.9666920900344849,3.063198528252542e-05,0.17323043942451477,0.3570607602596283,0.35706064105033875
/kaggle/input/datasets/tawsifurrahman/covid19-radiography-database/COVID-19_Radiography_Dataset/Normal/images/Normal-9976.png,Normal,Normal,2.9823540899087675e-05,0.004825821612030268,0.9951406717300415,3.7386216718005016e-06,0.18604549765586853,0.33310186862945557,0.33310163021087646
/kaggle/input/datasets/tawsifurrahman/covid19-radiography-database/COVID-19_Radiography_Dataset/Normal/images/Normal-9983.png,Normal,Normal,0.00015169060498010367,0.042129915207624435,0.9576793909072876,3.89531378459651e-05,0.3106919825077057,,
/kaggle/input/datasets/tawsifurrahman/covid19-radiography-database/COVID-19_Radiography_Dataset/Normal/images/Normal-9991.png,Normal,Lung_Opacity,9.530252282274887e-05,0.9243383407592773,0.07553790509700775,2.841106652340386e-05,0.11031188815832138,0.10883931070566177,0.10883930325508118
/kaggle/input/datasets/tawsifurrahman/covid19-radiography-database/COVID-19_Radiography_Dataset/Normal/images/Normal-9993.png,Normal,Lung_Opacity,0.01815047487616539,0.9096819162368774,0.07213663309812546,3.104460483882576e-05,0.2666047215461731,,
/kaggle/input/datasets/tawsifurrahman/covid19-radiography-database/COVID-19_Radiography_Dataset/Normal/images/Normal-9994.png,Normal,Normal,0.012380804866552353,0.05564950406551361,0.9315632581710815,0.0004063746891915798,0.40453723073005676,,
/kaggle/input/datasets/tawsifurrahman/covid19-radiography-database/COVID-19_Radiography_Dataset/Normal/images/Normal-9996.png,Normal,Normal,0.2922694683074951,0.004672074690461159,0.7028865218162537,0.00017193176608998328,0.33492201566696167,0.2751381993293762,0.2751379907131195
/kaggle/input/datasets/tawsifurrahman/covid19-radiography-database/COVID-19_Radiography_Dataset/Normal/images/Normal-9997.png,Normal,Normal,0.02738414891064167,0.030103985220193863,0.9425031542778015,8.595967301516794e-06,0.24890412390232086,0.4423925578594208,0.4423925280570984
/kaggle/input/datasets/tawsifurrahman/covid19-radiography-database/COVID-19_Radiography_Dataset/Normal/images/Normal-9998.png,Normal,Normal,0.0011377986520528793,0.06927157938480377,0.9295812249183655,9.332082299806643e-06,0.28872403502464294,,
/kaggle/input/datasets/tawsifurrahman/covid19-radiography-database/COVID-19_Radiography_Dataset/Normal/images/Normal-9999.png,Normal,Normal,7.910597923910245e-05,0.03350823372602463,0.9663711786270142,4.143356636632234e-05,0.17992691695690155,,
/kaggle/input/datasets/tawsifurrahman/covid19-radiography-database/COVID-19_Radiography_Dataset/Viral Pneumonia/images/Viral Pneumonia-1011.png,Viral Pneumonia,Viral Pneumonia,9.475668048253283e-05,1.9556197003112175e-05,6.500499148387462e-05,0.9998207688331604,0.2309078574180603,,
/kaggle/input/datasets/tawsifurrahman/covid19-radiography-database/COVID-19_Radiography_Dataset/Viral Pneumonia/images/Viral Pneumonia-1022.png,Viral Pneumonia,Viral Pneumonia,4.867235475103371e-05,4.972920123691438e-06,6.105533975642174e-05,0.9998852014541626,0.20452040433883667,,
/kaggle/input/datasets/tawsifurrahman/covid19-radiography-database/COVID-19_Radiography_Dataset/Viral Pneumonia/images/Viral Pneumonia-1037.png,Viral Pneumonia,Viral Pneumonia,0.00023357330064754933,2.326012236153474e-06,3.282767409018561e-07,0.9997636675834656,0.1647406667470932,,
/kaggle/input/datasets/tawsifurrahman/covid19-radiography-database/COVID-19_Radiography_Dataset/Viral Pneumonia/images/Viral Pneumonia-1051.png,Viral Pneumonia,Viral Pneumonia,5.153665551915765e-05,5.545914518734207e-06,2.644844244059641e-05,0.9999164342880249,0.2647896707057953,,
/kaggle/input/datasets/tawsifurrahman/covid19-radiography-database/COVID-19_Radiography_Dataset/Viral Pneumonia/images/Viral Pneumonia-1053.png,Viral Pneumonia,Viral Pneumonia,0.022964047268033028,0.0011803333181887865,0.004042634274810553,0.9718129634857178,0.26797688007354736,0.31915849447250366,0.3191584348678589
/kaggle/input/datasets/tawsifurrahman/covid19-radiography-database/COVID-19_Radiography_Dataset/Viral Pneumonia/images/Viral Pneumonia-1055.png,Viral Pneumonia,Viral Pneumonia,0.0003380694834049791,5.6333814427489415e-05,0.00013240500993561,0.9994731545448303,0.13659942150115967,0.17454345524311066,0.1745433360338211
/kaggle/input/datasets/tawsifurrahman/covid19-radiography-database/COVID-19_Radiography_Dataset/Viral Pneumonia/images/Viral Pneumonia-106.png,Viral Pneumonia,Viral Pneumonia,5.6682042668398935e-06,4.204305241728434e-06,9.818968828767538e-05,0.999891996383667,0.185945525765419,0.36503201723098755,0.3650319576263428
/kaggle/input/datasets/tawsifurrahman/covid19-radiography-database/COVID-19_Radiography_Dataset/Viral Pneumonia/images/Viral Pneumonia-1061.png,Viral Pneumonia,Viral Pneumonia,2.1875159291084856e-05,9.070547093870118e-05,0.0006302092224359512,0.9992572665214539,0.2234736829996109,,
/kaggle/input/datasets/tawsifurrahman/covid19-radiography-database/COVID-19_Radiography_Dataset/Viral Pneumonia/images/Viral Pneumonia-1064.png,Viral Pneumonia,Viral Pneumonia,3.266297426307574e-06,2.6255074558889646e-08,9.231484909832943e-07,0.9999958276748657,0.27210286259651184,,
/kaggle/input/datasets/tawsifurrahman/covid19-radiography-database/COVID-19_Radiography_Dataset/Viral Pneumonia/images/Viral Pneumonia-1072.png,Viral Pneumonia,Normal,0.003970579244196415,0.010253501124680042,0.7623563408851624,0.22341956198215485,0.2607822120189667,0.19683915376663208,0.1968391090631485
/kaggle/input/datasets/tawsifurrahman/covid19-radiography-database/COVID-19_Radiography_Dataset/Viral Pneumonia/images/Viral Pneumonia-1075.png,Viral Pneumonia,Viral Pneumonia,0.0001132873585447669,3.0839250939607155e-06,4.6949029638199136e-05,0.9998366832733154,0.22865603864192963,0.4164048433303833,0.4164048731327057
/kaggle/input/datasets/tawsifurrahman/covid19-radiography-database/COVID-19_Radiography_Dataset/Viral Pneumonia/images/Viral Pneumonia-1081.png,Viral Pneumonia,Viral Pneumonia,5.480171967064962e-05,7.322106102947146e-05,0.008053649216890335,0.9918183088302612,0.20932377874851227,,
/kaggle/input/datasets/tawsifurrahman/covid19-radiography-database/COVID-19_Radiography_Dataset/Viral Pneumonia/images/Viral Pneumonia-1084.png,Viral Pneumonia,Viral Pneumonia,3.569657849311625e-07,7.201300036285829e-07,4.683109636971494e-06,0.9999942779541016,0.24286548793315887,0.2670655846595764,0.26706552505493164
/kaggle/input/datasets/tawsifurrahman/covid19-radiography-database/COVID-19_Radiography_Dataset/Viral Pneumonia/images/Viral Pneumonia-1085.png,Viral Pneumonia,Viral Pneumonia,7.869309047237039e-05,2.5819615984801203e-05,0.0007650642655789852,0.9991304278373718,0.22096265852451324,,
/kaggle/input/datasets/tawsifurrahman/covid19-radiography-database/COVID-19_Radiography_Dataset/Viral Pneumonia/images/Viral Pneumonia-1087.png,Viral Pneumonia,Viral Pneumonia,0.02042745240032673,8.503118442604318e-05,0.01741045154631138,0.9620770812034607,0.33408617973327637,,
/kaggle/input/datasets/tawsifurrahman/covid19-radiography-database/COVID-19_Radiography_Dataset/Viral Pneumonia/images/Viral Pneumonia-109.png,Viral Pneumonia,Viral Pneumonia,9.069051884580404e-06,5.624696859740652e-05,0.0002812208840623498,0.9996534585952759,0.22743944823741913,,
/kaggle/input/datasets/tawsifurrahman/covid19-radiography-database/COVID-19_Radiography_Dataset/Viral Pneumonia/images/Viral Pneumonia-1091.png,Viral Pneumonia,Viral Pneumonia,0.0018927872879430652,0.00014975607336964458,0.00043357102549634874,0.9975239634513855,0.14642512798309326,,
/kaggle/input/datasets/tawsifurrahman/covid19-radiography-database/COVID-19_Radiography_Dataset/Viral Pneumonia/images/Viral Pneumonia-1096.png,Viral Pneumonia,Viral Pneumonia,0.0004926315159536898,2.0736642909469083e-05,0.0008501671254634857,0.9986364245414734,0.23286081850528717,0.3990362584590912,0.3990357220172882
/kaggle/input/datasets/tawsifurrahman/covid19-radiography-database/COVID-19_Radiography_Dataset/Viral Pneumonia/images/Viral Pneumonia-1097.png,Viral Pneumonia,Viral Pneumonia,3.2974916393868625e-05,2.7524549295776524e-05,0.004247663076967001,0.9956918358802795,0.2189294993877411,,
/kaggle/input/datasets/tawsifurrahman/covid19-radiography-database/COVID-19_Radiography_Dataset/Viral Pneumonia/images/Viral Pneumonia-110.png,Viral Pneumonia,Viral Pneumonia,3.450467644938726e-08,1.528171367226605e-08,2.9573479665145896e-08,0.9999998807907104,0.2603040039539337,0.47573599219322205,0.47573593258857727
/kaggle/input/datasets/tawsifurrahman/covid19-radiography-database/COVID-19_Radiography_Dataset/Viral Pneumonia/images/Viral Pneumonia-1103.png,Viral Pneumonia,Viral Pneumonia,7.149767770897597e-05,2.125612581949099e-06,0.0004893897566944361,0.9994369149208069,0.18594588339328766,,
/kaggle/input/datasets/tawsifurrahman/covid19-radiography-database/COVID-19_Radiography_Dataset/Viral Pneumonia/images/Viral Pneumonia-1104.png,Viral Pneumonia,Viral Pneumonia,7.447090320056304e-05,5.831952307744359e-07,1.63844433700433e-05,0.9999085664749146,0.2895420789718628,,
/kaggle/input/datasets/tawsifurrahman/covid19-radiography-database/COVID-19_Radiography_Dataset/Viral Pneumonia/images/Viral Pneumonia-1117.png,Viral Pneumonia,Viral Pneumonia,1.7532032643430284e-06,1.4483176755675231e-06,5.912824690312846e-06,0.9999909400939941,0.22516761720180511,,
/kaggle/input/datasets/tawsifurrahman/covid19-radiography-database/COVID-19_Radiography_Dataset/Viral Pneumonia/images/Viral Pneumonia-1119.png,Viral Pneumonia,Viral Pneumonia,0.0004297847917769104,0.00020359628251753747,0.0005513093783520162,0.9988152980804443,0.19056987762451172,0.2883555591106415,0.28835543990135193
/kaggle/input/datasets/tawsifurrahman/covid19-radiography-database/COVID-19_Radiography_Dataset/Viral Pneumonia/images/Viral Pneumonia-1122.png,Viral Pneumonia,Viral Pneumonia,0.00016718536789994687,0.0001572401524754241,0.0012041537556797266,0.9984714388847351,0.162946879863739,,
/kaggle/input/datasets/tawsifurrahman/covid19-radiography-database/COVID-19_Radiography_Dataset/Viral Pneumonia/images/Viral Pneumonia-1129.png,Viral Pneumonia,Viral Pneumonia,1.3574215699918568e-05,2.337178557354491e-06,5.138275810168125e-06,0.9999788999557495,0.16972286999225616,,
/kaggle/input/datasets/tawsifurrahman/covid19-radiography-database/COVID-19_Radiography_Dataset/Viral Pneumonia/images/Viral Pneumonia-1134.png,Viral Pneumonia,Viral Pneumonia,8.691245056979824e-07,8.600292744631588e-07,1.4791683042858494e-06,0.9999967813491821,0.19152586162090302,0.2603031098842621,0.2603031098842621
/kaggle/input/datasets/tawsifurrahman/covid19-radiography-database/COVID-19_Radiography_Dataset/Viral Pneumonia/images/Viral Pneumonia-1145.png,Viral Pneumonia,Viral Pneumonia,1.0041002269645105e-06,2.6968146471517684e-07,4.27166887675412e-05,0.9999560117721558,0.2006537914276123,,
/kaggle/input/datasets/tawsifurrahman/covid19-radiography-database/COVID-19_Radiography_Dataset/Viral Pneumonia/images/Viral Pneumonia-1169.png,Viral Pneumonia,Viral Pneumonia,0.00045390005107037723,1.0949485840683337e-05,0.0003443342575337738,0.9991908669471741,0.22548650205135345,0.40902382135391235,0.4090237319469452
/kaggle/input/datasets/tawsifurrahman/covid19-radiography-database/COVID-19_Radiography_Dataset/Viral Pneumonia/images/Viral Pneumonia-1173.png,Viral Pneumonia,Viral Pneumonia,3.2508428375876974e-06,1.8167893856002593e-08,2.4571139078943816e-07,0.999996542930603,0.17873120307922363,,
/kaggle/input/datasets/tawsifurrahman/covid19-radiography-database/COVID-19_Radiography_Dataset/Viral Pneumonia/images/Viral Pneumonia-1178.png,Viral Pneumonia,Viral Pneumonia,2.56729508691933e-05,2.914879132731585e-06,2.4107466742862016e-06,0.9999690055847168,0.28489774465560913,0.4686136841773987,0.4686134159564972
/kaggle/input/datasets/tawsifurrahman/covid19-radiography-database/COVID-19_Radiography_Dataset/Viral Pneumonia/images/Viral Pneumonia-1179.png,Viral Pneumonia,Viral Pneumonia,5.260283231223184e-08,1.4478676746421115e-07,1.5063220644151443e-06,0.9999983310699463,0.23349830508232117,0.3737468421459198,0.373746782541275
/kaggle/input/datasets/tawsifurrahman/covid19-radiography-database/COVID-19_Radiography_Dataset/Viral Pneumonia/images/Viral Pneumonia-118.png,Viral Pneumonia,Viral Pneumonia,3.746248921743245e-06,8.278736459033098e-06,0.00124481285456568,0.9987431168556213,0.20342426002025604,,
/kaggle/input/datasets/tawsifurrahman/covid19-radiography-database/COVID-19_Radiography_Dataset/Viral Pneumonia/images/Viral Pneumonia-1187.png,Viral Pneumonia,Viral Pneumonia,9.19886224437505e-06,7.318901396047295e-08,1.0683020263968501e-06,0.9999896287918091,0.3108461797237396,,
/kaggle/input/datasets/tawsifurrahman/covid19-radiography-database/COVID-19_Radiography_Dataset/Viral Pneumonia/images/Viral Pneumonia-1191.png,Viral Pneumonia,Viral Pneumonia,2.472673266140646e-08,9.482369334179452e-10,8.149191543793677e-09,1.0,0.22062379121780396,,
/kaggle/input/datasets/tawsifurrahman/covid19-radiography-database/COVID-19_Radiography_Dataset/Viral Pneumonia/images/Viral Pneumonia-1195.png,Viral Pneumonia,Viral Pneumonia,0.00034068484092131257,3.4461998438928276e-05,3.237902274122462e-05,0.9995924830436707,0.2719229757785797,,
/kaggle/input/datasets/tawsifurrahman/covid19-radiography-database/COVID-19_Radiography_Dataset/Viral Pneumonia/images/Viral Pneumonia-12.png,Viral Pneumonia,Viral Pneumonia,0.0013527055270969868,0.0007654979126527905,0.000853832985740155,0.9970279335975647,0.2463533729314804,0.46045175194740295,0.460451602935791
/kaggle/input/datasets/tawsifurrahman/covid19-radiography-database/COVID-19_Radiography_Dataset/Viral Pneumonia/images/Viral Pneumonia-120.png,Viral Pneumonia,Viral Pneumonia,3.498113869682129e-07,1.0246217243548017e-05,1.250565310328966e-05,0.9999768733978271,0.13215483725070953,,
/kaggle/input/datasets/tawsifurrahman/covid19-radiography-database/COVID-19_Radiography_Dataset/Viral Pneumonia/images/Viral Pneumonia-1202.png,Viral Pneumonia,Viral Pneumonia,1.7762804418453015e-05,1.3281059182190802e-05,0.004382204730063677,0.9955867528915405,0.19056957960128784,,
/kaggle/input/datasets/tawsifurrahman/covid19-radiography-database/COVID-19_Radiography_Dataset/Viral Pneumonia/images/Viral Pneumonia-1218.png,Viral Pneumonia,Viral Pneumonia,0.00011659862502710894,3.9941045542946085e-05,0.00025623469264246523,0.9995872378349304,0.2494821697473526,,
/kaggle/input/datasets/tawsifurrahman/covid19-radiography-database/COVID-19_Radiography_Dataset/Viral Pneumonia/images/Viral Pneumonia-1224.png,Viral Pneumonia,Normal,0.00018663486116565764,7.654075307073072e-05,0.9978647828102112,0.0018720646621659398,0.30851510167121887,,
/kaggle/input/datasets/tawsifurrahman/covid19-radiography-database/COVID-19_Radiography_Dataset/Viral Pneumonia/images/Viral Pneumonia-1228.png,Viral Pneumonia,Viral Pneumonia,0.036009274423122406,0.0037423267494887114,0.0010585193522274494,0.9591898322105408,0.25308939814567566,,
/kaggle/input/datasets/tawsifurrahman/covid19-radiography-database/COVID-19_Radiography_Dataset/Viral Pneumonia/images/Viral Pneumonia-1237.png,Viral Pneumonia,Normal,0.002294408157467842,0.00046196093899197876,0.9952245950698853,0.0020190500654280186,0.2677387297153473,0.3776658773422241,0.3776656985282898
/kaggle/input/datasets/tawsifurrahman/covid19-radiography-database/COVID-19_Radiography_Dataset/Viral Pneumonia/images/Viral Pneumonia-1240.png,Viral Pneumonia,Viral Pneumonia,0.0375111848115921,0.006338493898510933,0.008911612443625927,0.9472386240959167,0.2014124095439911,0.3473724126815796,0.34737229347229004
/kaggle/input/datasets/tawsifurrahman/covid19-radiography-database/COVID-19_Radiography_Dataset/Viral Pneumonia/images/Viral Pneumonia-1242.png,Viral Pneumonia,Viral Pneumonia,0.003094299230724573,0.005347502417862415,0.0006275793421082199,0.9909306168556213,0.17291153967380524,,
/kaggle/input/datasets/tawsifurrahman/covid19-radiography-database/COVID-19_Radiography_Dataset/Viral Pneumonia/images/Viral Pneumonia-1243.png,Viral Pneumonia,Viral Pneumonia,3.072433116813045e-07,6.030362555975444e-07,9.890549335977994e-06,0.9999891519546509,0.19638895988464355,,
/kaggle/input/datasets/tawsifurrahman/covid19-radiography-database/COVID-19_Radiography_Dataset/Viral Pneumonia/images/Viral Pneumonia-1244.png,Viral Pneumonia,Viral Pneumonia,0.0011467916192486882,5.945517386862775e-06,0.0008249225793406367,0.9980223178863525,0.2685355544090271,,
/kaggle/input/datasets/tawsifurrahman/covid19-radiography-database/COVID-19_Radiography_Dataset/Viral Pneumonia/images/Viral Pneumonia-1254.png,Viral Pneumonia,Viral Pneumonia,0.05476705729961395,0.03279312700033188,0.43547865748405457,0.4769611656665802,0.2872099280357361,,
/kaggle/input/datasets/tawsifurrahman/covid19-radiography-database/COVID-19_Radiography_Dataset/Viral Pneumonia/images/Viral Pneumonia-1261.png,Viral Pneumonia,Viral Pneumonia,2.6846648324863054e-05,1.5049439753056504e-05,5.526660243049264e-05,0.9999028444290161,0.2665019631385803,0.4395066201686859,0.43950656056404114
/kaggle/input/datasets/tawsifurrahman/covid19-radiography-database/COVID-19_Radiography_Dataset/Viral Pneumonia/images/Viral Pneumonia-1263.png,Viral Pneumonia,Normal,0.0068172491155564785,0.001636301283724606,0.9321488738059998,0.05939757823944092,0.22724071145057678,0.27408644556999207,0.2740861475467682
/kaggle/input/datasets/tawsifurrahman/covid19-radiography-database/COVID-19_Radiography_Dataset/Viral Pneumonia/images/Viral Pneumonia-1267.png,Viral Pneumonia,Viral Pneumonia,5.253526251181029e-05,1.389279350405559e-05,3.182379805366509e-05,0.9999016523361206,0.2797769010066986,,
/kaggle/input/datasets/tawsifurrahman/covid19-radiography-database/COVID-19_Radiography_Dataset/Viral Pneumonia/images/Viral Pneumonia-1269.png,Viral Pneumonia,Viral Pneumonia,5.128079919813899e-06,3.3252715638809605e-06,1.7130072592408396e-05,0.9999743700027466,0.1780138909816742,,
/kaggle/input/datasets/tawsifurrahman/covid19-radiography-database/COVID-19_Radiography_Dataset/Viral Pneumonia/images/Viral Pneumonia-127.png,Viral Pneumonia,Viral Pneumonia,4.1634015360614285e-05,5.276476076687686e-05,1.8515462215873413e-05,0.9998869895935059,0.26749858260154724,,
/kaggle/input/datasets/tawsifurrahman/covid19-radiography-database/COVID-19_Radiography_Dataset/Viral Pneumonia/images/Viral Pneumonia-1281.png,Viral Pneumonia,Viral Pneumonia,0.0008730738190934062,3.051051862712484e-05,0.00025834041298367083,0.9988381266593933,0.25994569063186646,0.5002270340919495,0.5002270340919495
/kaggle/input/datasets/tawsifurrahman/covid19-radiography-database/COVID-19_Radiography_Dataset/Viral Pneumonia/images/Viral Pneumonia-1286.png,Viral Pneumonia,Viral Pneumonia,0.0003574148577172309,1.1552884870980051e-06,2.5427887521800585e-05,0.9996159076690674,0.30939123034477234,,
/kaggle/input/datasets/tawsifurrahman/covid19-radiography-database/COVID-19_Radiography_Dataset/Viral Pneumonia/images/Viral Pneumonia-129.png,Viral Pneumonia,Viral Pneumonia,1.105759224628855e-06,1.5669994013478572e-07,1.511749087512726e-05,0.9999836683273315,0.23935779929161072,0.49163711071014404,0.4916369318962097
/kaggle/input/datasets/tawsifurrahman/covid19-radiography-database/COVID-19_Radiography_Dataset/Viral Pneumonia/images/Viral Pneumonia-1298.png,Viral Pneumonia,Viral Pneumonia,5.792856327957452e-08,1.052965927783589e-07,1.6845422123878961e-07,0.9999996423721313,0.23325903713703156,,
/kaggle/input/datasets/tawsifurrahman/covid19-radiography-database/COVID-19_Radiography_Dataset/Viral Pneumonia/images/Viral Pneumonia-1304.png,Viral Pneumonia,Viral Pneumonia,1.2528276783996262e-05,7.243400546030898e-08,7.539566695413669e-07,0.9999866485595703,0.21819202601909637,,
/kaggle/input/datasets/tawsifurrahman/covid19-radiography-database/COVID-19_Radiography_Dataset/Viral Pneumonia/images/Viral Pneumonia-1309.png,Viral Pneumonia,Viral Pneumonia,7.993411600182299e-06,4.058590093336534e-06,4.7237725084414706e-05,0.9999407529830933,0.2855152487754822,,
/kaggle/input/datasets/tawsifurrahman/covid19-radiography-database/COVID-19_Radiography_Dataset/Viral Pneumonia/images/Viral Pneumonia-1310.png,Viral Pneumonia,Viral Pneumonia,1.9908755348296836e-05,4.334002028372197e-07,6.915264748386107e-06,0.9999727010726929,0.20507872104644775,,
/kaggle/input/datasets/tawsifurrahman/covid19-radiography-database/COVID-19_Radiography_Dataset/Viral Pneumonia/images/Viral Pneumonia-1313.png,Viral Pneumonia,Viral Pneumonia,1.1099235962319653e-05,7.956366943062676e-08,1.999362666538218e-07,0.9999885559082031,0.22251680493354797,,
/kaggle/input/datasets/tawsifurrahman/covid19-radiography-database/COVID-19_Radiography_Dataset/Viral Pneumonia/images/Viral Pneumonia-1316.png,Viral Pneumonia,Viral Pneumonia,0.0004943531239405274,0.00033347043790854514,0.0021808044984936714,0.9969912767410278,0.24774804711341858,,
/kaggle/input/datasets/tawsifurrahman/covid19-radiography-database/COVID-19_Radiography_Dataset/Viral Pneumonia/images/Viral Pneumonia-1318.png,Viral Pneumonia,Viral Pneumonia,4.239221379975788e-05,0.00021739129442721605,0.0006872931262478232,0.9990529417991638,0.24248768389225006,,
/kaggle/input/datasets/tawsifurrahman/covid19-radiography-database/COVID-19_Radiography_Dataset/Viral Pneumonia/images/Viral Pneumonia-1333.png,Viral Pneumonia,Viral Pneumonia,7.019037639111048e-06,1.9178056476221172e-08,8.17728619040281e-07,0.9999921321868896,0.3117836117744446,,
/kaggle/input/datasets/tawsifurrahman/covid19-radiography-database/COVID-19_Radiography_Dataset/Viral Pneumonia/images/Viral Pneumonia-1334.png,Viral Pneumonia,Viral Pneumonia,9.012762234306138e-07,2.766668103504344e-07,3.839376586256549e-05,0.9999604225158691,0.18506866693496704,0.3605767488479614,0.3605765700340271
/kaggle/input/datasets/tawsifurrahman/covid19-radiography-database/COVID-19_Radiography_Dataset/Viral Pneumonia/images/Viral Pneumonia-1335.png,Viral Pneumonia,Viral Pneumonia,6.215653229446616e-06,3.003328492923174e-05,7.755028491374105e-06,0.9999560117721558,0.2581718862056732,,
/kaggle/input/datasets/tawsifurrahman/covid19-radiography-database/COVID-19_Radiography_Dataset/Viral Pneumonia/images/Viral Pneumonia-1337.png,Viral Pneumonia,Viral Pneumonia,8.300861372845247e-05,2.3903792680357583e-05,0.0009279442601837218,0.9989651441574097,0.22855587303638458,,
/kaggle/input/datasets/tawsifurrahman/covid19-radiography-database/COVID-19_Radiography_Dataset/Viral Pneumonia/images/Viral Pneumonia-137.png,Viral Pneumonia,Normal,0.024267833679914474,0.027801336720585823,0.6378098726272583,0.3101208806037903,0.1226487010717392,,
/kaggle/input/datasets/tawsifurrahman/covid19-radiography-database/COVID-19_Radiography_Dataset/Viral Pneumonia/images/Viral Pneumonia-151.png,Viral Pneumonia,Viral Pneumonia,3.0861458526487695e-06,1.4494894173822104e-08,1.0453831009726855e-06,0.9999958276748657,0.33338749408721924,,
/kaggle/input/datasets/tawsifurrahman/covid19-radiography-database/COVID-19_Radiography_Dataset/Viral Pneumonia/images/Viral Pneumonia-156.png,Viral Pneumonia,Viral Pneumonia,0.00016440074250567704,4.445523882168345e-05,0.01283001247793436,0.9869611263275146,0.1850307732820511,0.3497387766838074,0.3497386574745178
/kaggle/input/datasets/tawsifurrahman/covid19-radiography-database/COVID-19_Radiography_Dataset/Viral Pneumonia/images/Viral Pneumonia-157.png,Viral Pneumonia,Viral Pneumonia,0.0012232853332534432,0.0001302439341088757,0.0002428894949844107,0.9984036087989807,0.20330578088760376,,
/kaggle/input/datasets/tawsifurrahman/covid19-radiography-database/COVID-19_Radiography_Dataset/Viral Pneumonia/images/Viral Pneumonia-16.png,Viral Pneumonia,Normal,0.044751476496458054,0.00574515899643302,0.8165665864944458,0.13293683528900146,0.3498494327068329,,
/kaggle/input/datasets/tawsifurrahman/covid19-radiography-database/COVID-19_Radiography_Dataset/Viral Pneumonia/images/Viral Pneumonia-166.png,Viral Pneumonia,Viral Pneumonia,0.0013804241316393018,0.00047265883767977357,0.025167793035507202,0.9729791879653931,0.18020734190940857,,
/kaggle/input/datasets/tawsifurrahman/covid19-radiography-database/COVID-19_Radiography_Dataset/Viral Pneumonia/images/Viral Pneumonia-169.png,Viral Pneumonia,Viral Pneumonia,0.0008746009552851319,0.007964304648339748,0.4390869140625,0.5520741939544678,0.315153032541275,0.5387590527534485,0.5387589335441589
/kaggle/input/datasets/tawsifurrahman/covid19-radiography-database/COVID-19_Radiography_Dataset/Viral Pneumonia/images/Viral Pneumonia-172.png,Viral Pneumonia,Viral Pneumonia,3.4548504572740057e-06,5.341384530765936e-05,6.439285061787814e-05,0.9998787641525269,0.25033891201019287,,
/kaggle/input/datasets/tawsifurrahman/covid19-radiography-database/COVID-19_Radiography_Dataset/Viral Pneumonia/images/Viral Pneumonia-184.png,Viral Pneumonia,Viral Pneumonia,0.0014505197759717703,1.5103349142009392e-05,3.3434714623581385e-06,0.9985309839248657,0.2778419256210327,,
/kaggle/input/datasets/tawsifurrahman/covid19-radiography-database/COVID-19_Radiography_Dataset/Viral Pneumonia/images/Viral Pneumonia-191.png,Viral Pneumonia,Viral Pneumonia,6.141623089206405e-06,1.5299937672352826e-07,9.010879693960305e-06,0.9999847412109375,0.29458439350128174,,
/kaggle/input/datasets/tawsifurrahman/covid19-radiography-database/COVID-19_Radiography_Dataset/Viral Pneumonia/images/Viral Pneumonia-192.png,Viral Pneumonia,Viral Pneumonia,0.0007217712118290365,5.186738235352095e-06,0.00016580168448854238,0.9991071820259094,0.2072708159685135,,
/kaggle/input/datasets/tawsifurrahman/covid19-radiography-database/COVID-19_Radiography_Dataset/Viral Pneumonia/images/Viral Pneumonia-2.png,Viral Pneumonia,Viral Pneumonia,1.2262757991265971e-06,3.2569971608609194e-06,5.503447391674854e-05,0.9999405145645142,0.19620943069458008,0.34685784578323364,0.34685781598091125
/kaggle/input/datasets/tawsifurrahman/covid19-radiography-database/COVID-19_Radiography_Dataset/Viral Pneumonia/images/Viral Pneumonia-215.png,Viral Pneumonia,Viral Pneumonia,3.0576584322261624e-06,2.772756602098525e-07,4.78618767374428e-06,0.9999918937683105,0.2058555781841278,0.30146723985671997,0.3014672100543976
/kaggle/input/datasets/tawsifurrahman/covid19-radiography-database/COVID-19_Radiography_Dataset/Viral Pneumonia/images/Viral Pneumonia-222.png,Viral Pneumonia,Viral Pneumonia,8.262867777375504e-05,3.5304108223499497e-06,7.373279458988691e-06,0.9999064207077026,0.2788609564304352,,
/kaggle/input/datasets/tawsifurrahman/covid19-radiography-database/COVID-19_Radiography_Dataset/Viral Pneumonia/images/Viral Pneumonia-227.png,Viral Pneumonia,Viral Pneumonia,7.020452358119655e-06,5.343708835425787e-07,2.9243060453154612e-06,0.9999896287918091,0.3013799488544464,,
/kaggle/input/datasets/tawsifurrahman/covid19-radiography-database/COVID-19_Radiography_Dataset/Viral Pneumonia/images/Viral Pneumonia-237.png,Viral Pneumonia,Viral Pneumonia,0.023348206654191017,0.01529491413384676,0.004582828376442194,0.9567739963531494,0.2089446485042572,,
/kaggle/input/datasets/tawsifurrahman/covid19-radiography-database/COVID-19_Radiography_Dataset/Viral Pneumonia/images/Viral Pneumonia-242.png,Viral Pneumonia,Viral Pneumonia,3.3465006708865985e-05,1.2209965234433184e-06,7.632091728737578e-05,0.9998890161514282,0.2291935682296753,,
/kaggle/input/datasets/tawsifurrahman/covid19-radiography-database/COVID-19_Radiography_Dataset/Viral Pneumonia/images/Viral Pneumonia-250.png,Viral Pneumonia,Viral Pneumonia,1.0383006383563043e-06,9.303745900979266e-05,0.0002773112209979445,0.9996285438537598,0.21043983101844788,0.4058043360710144,0.4058043360710144
/kaggle/input/datasets/tawsifurrahman/covid19-radiography-database/COVID-19_Radiography_Dataset/Viral Pneumonia/images/Viral Pneumonia-256.png,Viral Pneumonia,Viral Pneumonia,2.1513603769562906e-06,6.117350494605489e-06,0.0007175446953624487,0.9992741942405701,0.15828301012516022,,
/kaggle/input/datasets/tawsifurrahman/covid19-radiography-database/COVID-19_Radiography_Dataset/Viral Pneumonia/images/Viral Pneumonia-261.png,Viral Pneumonia,Viral Pneumonia,0.00010027330426964909,0.00023388217960018665,0.002182283904403448,0.9974835515022278,0.2574746012687683,,
/kaggle/input/datasets/tawsifurrahman/covid19-radiography-database/COVID-19_Radiography_Dataset/Viral Pneumonia/images/Viral Pneumonia-262.png,Viral Pneumonia,Viral Pneumonia,1.1084553079854231e-05,1.5670228776798467e-06,8.476186485495418e-05,0.999902606010437,0.31993401050567627,,
/kaggle/input/datasets/tawsifurrahman/covid19-radiography-database/COVID-19_Radiography_Dataset/Viral Pneumonia/images/Viral Pneumonia-263.png,Viral Pneumonia,Viral Pneumonia,2.235792089777533e-05,1.2460290236049332e-05,1.4466918401012663e-05,0.999950647354126,0.2733389735221863,0.42575573921203613,0.42575550079345703
/kaggle/input/datasets/tawsifurrahman/covid19-radiography-database/COVID-19_Radiography_Dataset/Viral Pneumonia/images/Viral Pneumonia-273.png,Viral Pneumonia,Viral Pneumonia,1.6806441635708325e-05,1.2342473382886965e-05,4.3868138163816184e-05,0.9999269247055054,0.24768824875354767,0.40066906809806824,0.4006689488887787
/kaggle/input/datasets/tawsifurrahman/covid19-radiography-database/COVID-19_Radiography_Dataset/Viral Pneumonia/images/Viral Pneumonia-283.png,Viral Pneumonia,Viral Pneumonia,2.17220281228947e-06,8.006916907277173e-09,1.5826859112166858e-07,0.999997615814209,0.17472504079341888,,
/kaggle/input/datasets/tawsifurrahman/covid19-radiography-database/COVID-19_Radiography_Dataset/Viral Pneumonia/images/Viral Pneumonia-291.png,Viral Pneumonia,Viral Pneumonia,8.954711120168213e-06,1.9738297396543203e-06,0.0001240750716533512,0.999864935874939,0.24220769107341766,0.41415390372276306,0.41415393352508545
/kaggle/input/datasets/tawsifurrahman/covid19-radiography-database/COVID-19_Radiography_Dataset/Viral Pneumonia/images/Viral Pneumonia-31.png,Viral Pneumonia,Normal,0.026644285768270493,0.009231781587004662,0.635366678237915,0.32875728607177734,0.2502198815345764,,
/kaggle/input/datasets/tawsifurrahman/covid19-radiography-database/COVID-19_Radiography_Dataset/Viral Pneumonia/images/Viral Pneumonia-315.png,Viral Pneumonia,Viral Pneumonia,0.023256437852978706,0.005213144700974226,0.0030505044851452112,0.9684799313545227,0.3004654049873352,,
/kaggle/input/datasets/tawsifurrahman/covid19-radiography-database/COVID-19_Radiography_Dataset/Viral Pneumonia/images/Viral Pneumonia-316.png,Viral Pneumonia,Lung_Opacity,0.025815540924668312,0.765764594078064,0.07321817427873611,0.13520170748233795,0.26490941643714905,0.4084074795246124,0.4084068536758423
/kaggle/input/datasets/tawsifurrahman/covid19-radiography-database/COVID-19_Radiography_Dataset/Viral Pneumonia/images/Viral Pneumonia-357.png,Viral Pneumonia,Viral Pneumonia,7.428684511978645e-07,1.622555259928049e-06,2.8985571134398924e-06,0.9999946355819702,0.2236729860305786,0.24289028346538544,0.24289025366306305
/kaggle/input/datasets/tawsifurrahman/covid19-radiography-database/COVID-19_Radiography_Dataset/Viral Pneumonia/images/Viral Pneumonia-367.png,Viral Pneumonia,Viral Pneumonia,0.009213893674314022,0.002279178937897086,0.07346270233392715,0.9150442481040955,0.20655550062656403,,
/kaggle/input/datasets/tawsifurrahman/covid19-radiography-database/COVID-19_Radiography_Dataset/Viral Pneumonia/images/Viral Pneumonia-369.png,Viral Pneumonia,Viral Pneumonia,2.6632337721821386e-06,0.0024653482250869274,0.010702052153646946,0.986829936504364,0.1686282902956009,,
/kaggle/input/datasets/tawsifurrahman/covid19-radiography-database/COVID-19_Radiography_Dataset/Viral Pneumonia/images/Viral Pneumonia-370.png,Viral Pneumonia,Viral Pneumonia,4.84071870232583e-06,3.0366413739102427e-07,2.6245916160405613e-06,0.9999921321868896,0.2539067268371582,,
/kaggle/input/datasets/tawsifurrahman/covid19-radiography-database/COVID-19_Radiography_Dataset/Viral Pneumonia/images/Viral Pneumonia-373.png,Viral Pneumonia,Viral Pneumonia,0.12429802119731903,1.0271664905303624e-05,4.0154336602427065e-05,0.8756515383720398,0.2753714323043823,,
/kaggle/input/datasets/tawsifurrahman/covid19-radiography-database/COVID-19_Radiography_Dataset/Viral Pneumonia/images/Viral Pneumonia-374.png,Viral Pneumonia,Lung_Opacity,0.07995599508285522,0.6298310160636902,0.0240743737667799,0.26613858342170715,0.2450384944677353,0.2804638147354126,0.280463308095932
/kaggle/input/datasets/tawsifurrahman/covid19-radiography-database/COVID-19_Radiography_Dataset/Viral Pneumonia/images/Viral Pneumonia-376.png,Viral Pneumonia,Viral Pneumonia,3.123873466392979e-05,6.802748885093024e-06,0.0008123156148940325,0.9991496801376343,0.20599505305290222,,
/kaggle/input/datasets/tawsifurrahman/covid19-radiography-database/COVID-19_Radiography_Dataset/Viral Pneumonia/images/Viral Pneumonia-391.png,Viral Pneumonia,Viral Pneumonia,0.0015725799603387713,2.1342922991607338e-05,0.017909670248627663,0.980496346950531,0.3599948585033417,,
/kaggle/input/datasets/tawsifurrahman/covid19-radiography-database/COVID-19_Radiography_Dataset/Viral Pneumonia/images/Viral Pneumonia-394.png,Viral Pneumonia,Viral Pneumonia,0.00017232837853953242,0.0005063614225946367,0.005204071756452322,0.994117259979248,0.2321232259273529,,
/kaggle/input/datasets/tawsifurrahman/covid19-radiography-database/COVID-19_Radiography_Dataset/Viral Pneumonia/images/Viral Pneumonia-409.png,Viral Pneumonia,Viral Pneumonia,1.8258837997109367e-07,4.197145964113247e-10,9.185249894017034e-09,0.9999997615814209,0.3239797353744507,0.3520473539829254,0.3520473837852478
/kaggle/input/datasets/tawsifurrahman/covid19-radiography-database/COVID-19_Radiography_Dataset/Viral Pneumonia/images/Viral Pneumonia-413.png,Viral Pneumonia,Viral Pneumonia,7.21240030543413e-06,9.183828524328419e-07,2.473426138749346e-05,0.999967098236084,0.25366753339767456,0.4220253527164459,0.42202508449554443
/kaggle/input/datasets/tawsifurrahman/covid19-radiography-database/COVID-19_Radiography_Dataset/Viral Pneumonia/images/Viral Pneumonia-417.png,Viral Pneumonia,Viral Pneumonia,4.357707075541839e-05,4.069473106937949e-06,0.0004406587977427989,0.99951171875,0.27373653650283813,0.36869627237319946,0.3686962425708771
/kaggle/input/datasets/tawsifurrahman/covid19-radiography-database/COVID-19_Radiography_Dataset/Viral Pneumonia/images/Viral Pneumonia-428.png,Viral Pneumonia,Viral Pneumonia,1.9415785573073663e-05,2.6699456157075474e-07,2.953778221126413e-06,0.9999773502349854,0.22654308378696442,,
/kaggle/input/datasets/tawsifurrahman/covid19-radiography-database/COVID-19_Radiography_Dataset/Viral Pneumonia/images/Viral Pneumonia-429.png,Viral Pneumonia,Viral Pneumonia,0.0008496419177390635,1.6882061117939884e-06,9.782606502994895e-05,0.9990509152412415,0.3057054281234741,,
/kaggle/input/datasets/tawsifurrahman/covid19-radiography-database/COVID-19_Radiography_Dataset/Viral Pneumonia/images/Viral Pneumonia-433.png,Viral Pneumonia,Viral Pneumonia,1.7851289157988504e-07,6.167790722599875e-09,4.2068801775485554e-08,0.9999997615814209,0.24880453944206238,0.38588207960128784,0.3858819603919983
/kaggle/input/datasets/tawsifurrahman/covid19-radiography-database/COVID-19_Radiography_Dataset/Viral Pneumonia/images/Viral Pneumonia-459.png,Viral Pneumonia,Viral Pneumonia,0.00016775628319010139,3.44742443303403e-06,0.0002239197347080335,0.9996048808097839,0.29083746671676636,0.4085856080055237,0.40858548879623413
/kaggle/input/datasets/tawsifurrahman/covid19-radiography-database/COVID-19_Radiography_Dataset/Viral Pneumonia/images/Viral Pneumonia-471.png,Viral Pneumonia,Viral Pneumonia,3.675329571706243e-05,1.7737198731992976e-06,1.2968961527803913e-05,0.9999485015869141,0.23786287009716034,0.39802664518356323,0.3980264961719513
/kaggle/input/datasets/tawsifurrahman/covid19-radiography-database/COVID-19_Radiography_Dataset/Viral Pneumonia/images/Viral Pneumonia-473.png,Viral Pneumonia,Viral Pneumonia,3.8635853343294e-06,2.200863036705414e-06,0.001004441874101758,0.9989895224571228,0.17301149666309357,,
/kaggle/input/datasets/tawsifurrahman/covid19-radiography-database/COVID-19_Radiography_Dataset/Viral Pneumonia/images/Viral Pneumonia-478.png,Viral Pneumonia,Viral Pneumonia,0.00011318181350361556,3.154313890263438e-05,0.0008842937531881034,0.9989709854125977,0.24659210443496704,,
/kaggle/input/datasets/tawsifurrahman/covid19-radiography-database/COVID-19_Radiography_Dataset/Viral Pneumonia/images/Viral Pneumonia-483.png,Viral Pneumonia,Viral Pneumonia,0.0010523339733481407,0.0002789944992400706,0.004550676327198744,0.9941179752349854,0.19624990224838257,,
/kaggle/input/datasets/tawsifurrahman/covid19-radiography-database/COVID-19_Radiography_Dataset/Viral Pneumonia/images/Viral Pneumonia-489.png,Viral Pneumonia,Viral Pneumonia,2.4709033823455684e-05,1.2957989383721724e-05,0.0005406079581007361,0.9994217157363892,0.23371745645999908,,
/kaggle/input/datasets/tawsifurrahman/covid19-radiography-database/COVID-19_Radiography_Dataset/Viral Pneumonia/images/Viral Pneumonia-493.png,Viral Pneumonia,Viral Pneumonia,3.4810349461622536e-05,3.769672548514791e-05,0.002426254330202937,0.9975011944770813,0.21187430620193481,,
/kaggle/input/datasets/tawsifurrahman/covid19-radiography-database/COVID-19_Radiography_Dataset/Viral Pneumonia/images/Viral Pneumonia-495.png,Viral Pneumonia,Viral Pneumonia,0.00839992705732584,6.445205258387432e-08,4.242316208546981e-06,0.9915956854820251,0.3432728052139282,0.3960610628128052,0.396060973405838
/kaggle/input/datasets/tawsifurrahman/covid19-radiography-database/COVID-19_Radiography_Dataset/Viral Pneumonia/images/Viral Pneumonia-496.png,Viral Pneumonia,Viral Pneumonia,1.6138475302795996e-06,2.4791024770820513e-06,0.000339270947733894,0.9996565580368042,0.1666938215494156,,
/kaggle/input/datasets/tawsifurrahman/covid19-radiography-database/COVID-19_Radiography_Dataset/Viral Pneumonia/images/Viral Pneumonia-50.png,Viral Pneumonia,Viral Pneumonia,0.0006788986502215266,3.4394688555039465e-05,0.002829420380294323,0.9964571595191956,0.27417734265327454,,
/kaggle/input/datasets/tawsifurrahman/covid19-radiography-database/COVID-19_Radiography_Dataset/Viral Pneumonia/images/Viral Pneumonia-503.png,Viral Pneumonia,Viral Pneumonia,1.3500682143785525e-05,1.5429640143338474e-06,1.3451267477648798e-05,0.9999715089797974,0.2559192478656769,,
/kaggle/input/datasets/tawsifurrahman/covid19-radiography-database/COVID-19_Radiography_Dataset/Viral Pneumonia/images/Viral Pneumonia-504.png,Viral Pneumonia,Viral Pneumonia,1.0419558748253621e-05,2.7708470184961698e-08,1.2706943834928097e-06,0.999988317489624,0.2614003121852875,,
/kaggle/input/datasets/tawsifurrahman/covid19-radiography-database/COVID-19_Radiography_Dataset/Viral Pneumonia/images/Viral Pneumonia-514.png,Viral Pneumonia,Viral Pneumonia,4.602970875566825e-05,4.131328751100227e-05,0.001925204531289637,0.9979875087738037,0.22217804193496704,,
/kaggle/input/datasets/tawsifurrahman/covid19-radiography-database/COVID-19_Radiography_Dataset/Viral Pneumonia/images/Viral Pneumonia-525.png,Viral Pneumonia,Viral Pneumonia,0.00019839625747408718,7.1752092480892316e-06,0.0010958232451230288,0.9986985921859741,0.2820074260234833,,
/kaggle/input/datasets/tawsifurrahman/covid19-radiography-database/COVID-19_Radiography_Dataset/Viral Pneumonia/images/Viral Pneumonia-526.png,Viral Pneumonia,Viral Pneumonia,0.0001396579755237326,1.652194077905733e-05,5.5447202612413093e-05,0.9997883439064026,0.2399156093597412,,
/kaggle/input/datasets/tawsifurrahman/covid19-radiography-database/COVID-19_Radiography_Dataset/Viral Pneumonia/images/Viral Pneumonia-533.png,Viral Pneumonia,Viral Pneumonia,8.454745511699002e-06,2.9484281185432337e-05,0.0005202151369303465,0.999441921710968,0.1811424344778061,,
/kaggle/input/datasets/tawsifurrahman/covid19-radiography-database/COVID-19_Radiography_Dataset/Viral Pneumonia/images/Viral Pneumonia-549.png,Viral Pneumonia,Viral Pneumonia,4.82337964058388e-05,1.8041364455712028e-05,0.0002459554234519601,0.9996877908706665,0.2686944603919983,0.39358392357826233,0.3935839533805847
/kaggle/input/datasets/tawsifurrahman/covid19-radiography-database/COVID-19_Radiography_Dataset/Viral Pneumonia/images/Viral Pneumonia-55.png,Viral Pneumonia,Viral Pneumonia,1.9308690752950497e-05,5.711639914807165e-06,0.0008477892843075097,0.999127209186554,0.22431130707263947,,
/kaggle/input/datasets/tawsifurrahman/covid19-radiography-database/COVID-19_Radiography_Dataset/Viral Pneumonia/images/Viral Pneumonia-550.png,Viral Pneumonia,Viral Pneumonia,1.7703591765894089e-06,1.928575699139401e-07,8.118241566990037e-06,0.9999898672103882,0.23479411005973816,,
/kaggle/input/datasets/tawsifurrahman/covid19-radiography-database/COVID-19_Radiography_Dataset/Viral Pneumonia/images/Viral Pneumonia-552.png,Viral Pneumonia,Viral Pneumonia,8.505344339937437e-06,1.5041056258269236e-06,1.645236807235051e-05,0.9999735355377197,0.24188897013664246,0.41751939058303833,0.41751930117607117
/kaggle/input/datasets/tawsifurrahman/covid19-radiography-database/COVID-19_Radiography_Dataset/Viral Pneumonia/images/Viral Pneumonia-556.png,Viral Pneumonia,Viral Pneumonia,4.3231159452261636e-07,2.1907725411551837e-08,1.1389046221665922e-06,0.9999984502792358,0.19282189011573792,,
/kaggle/input/datasets/tawsifurrahman/covid19-radiography-database/COVID-19_Radiography_Dataset/Viral Pneumonia/images/Viral Pneumonia-557.png,Viral Pneumonia,Viral Pneumonia,1.7871972204375197e-06,3.9481992786249975e-08,7.078887165334891e-07,0.9999974966049194,0.24842621386051178,0.43569236993789673,0.43569207191467285
/kaggle/input/datasets/tawsifurrahman/covid19-radiography-database/COVID-19_Radiography_Dataset/Viral Pneumonia/images/Viral Pneumonia-564.png,Viral Pneumonia,Viral Pneumonia,0.00023478333605453372,0.0017645853804424405,0.003133013378828764,0.9948675632476807,0.16404277086257935,,
/kaggle/input/datasets/tawsifurrahman/covid19-radiography-database/COVID-19_Radiography_Dataset/Viral Pneumonia/images/Viral Pneumonia-569.png,Viral Pneumonia,Viral Pneumonia,0.0005863087135367095,0.00011299084144411609,0.0012570329708978534,0.9980436563491821,0.2155623584985733,,
/kaggle/input/datasets/tawsifurrahman/covid19-radiography-database/COVID-19_Radiography_Dataset/Viral Pneumonia/images/Viral Pneumonia-582.png,Viral Pneumonia,Viral Pneumonia,4.15079881577185e-07,1.7175302673422266e-06,2.946616405097302e-06,0.9999949932098389,0.2742347717285156,,
/kaggle/input/datasets/tawsifurrahman/covid19-radiography-database/COVID-19_Radiography_Dataset/Viral Pneumonia/images/Viral Pneumonia-597.png,Viral Pneumonia,Viral Pneumonia,1.9612421056081075e-06,5.393176252255216e-06,1.84845739568118e-05,0.9999741315841675,0.11057095974683762,0.1893213838338852,0.18932127952575684
/kaggle/input/datasets/tawsifurrahman/covid19-radiography-database/COVID-19_Radiography_Dataset/Viral Pneumonia/images/Viral Pneumonia-602.png,Viral Pneumonia,Normal,0.0033330325968563557,0.0008758116164244711,0.9537312388420105,0.04205991327762604,0.32734808325767517,,
/kaggle/input/datasets/tawsifurrahman/covid19-radiography-database/COVID-19_Radiography_Dataset/Viral Pneumonia/images/Viral Pneumonia-612.png,Viral Pneumonia,Viral Pneumonia,0.0026875752955675125,2.3543409042758867e-05,0.0023711661342531443,0.994917631149292,0.27704519033432007,0.2842079699039459,0.28420788049697876
/kaggle/input/datasets/tawsifurrahman/covid19-radiography-database/COVID-19_Radiography_Dataset/Viral Pneumonia/images/Viral Pneumonia-614.png,Viral Pneumonia,Viral Pneumonia,6.107481567596551e-06,0.0005096140084788203,0.0009588745888322592,0.9985254406929016,0.1890944540500641,,
/kaggle/input/datasets/tawsifurrahman/covid19-radiography-database/COVID-19_Radiography_Dataset/Viral Pneumonia/images/Viral Pneumonia-624.png,Viral Pneumonia,Viral Pneumonia,2.4441449113510316e-06,1.543244366075669e-06,0.00014037296932656318,0.999855637550354,0.23134584724903107,,
/kaggle/input/datasets/tawsifurrahman/covid19-radiography-database/COVID-19_Radiography_Dataset/Viral Pneumonia/images/Viral Pneumonia-625.png,Viral Pneumonia,Viral Pneumonia,0.10606028884649277,0.032109569758176804,0.2512242794036865,0.6106058359146118,0.20071491599082947,0.39758309721946716,0.3975827693939209
/kaggle/input/datasets/tawsifurrahman/covid19-radiography-database/COVID-19_Radiography_Dataset/Viral Pneumonia/images/Viral Pneumonia-629.png,Viral Pneumonia,Viral Pneumonia,5.84644965329062e-07,2.4845371626724955e-07,6.468604283327295e-07,0.9999985694885254,0.2161194086074829,0.24161414802074432,0.24161411821842194
/kaggle/input/datasets/tawsifurrahman/covid19-radiography-database/COVID-19_Radiography_Dataset/Viral Pneumonia/images/Viral Pneumonia-642.png,Viral Pneumonia,Viral Pneumonia,3.2013625173021865e-07,1.9170686016423133e-07,2.607342685223557e-05,0.9999734163284302,0.22140079736709595,,
/kaggle/input/datasets/tawsifurrahman/covid19-radiography-database/COVID-19_Radiography_Dataset/Viral Pneumonia/images/Viral Pneumonia-644.png,Viral Pneumonia,Viral Pneumonia,0.0016075479798018932,0.0014656774001196027,0.0018806554144248366,0.9950461387634277,0.2514549195766449,,
/kaggle/input/datasets/tawsifurrahman/covid19-radiography-database/COVID-19_Radiography_Dataset/Viral Pneumonia/images/Viral Pneumonia-648.png,Viral Pneumonia,Viral Pneumonia,0.00010200247925240546,3.979698135481158e-07,1.0894738807110116e-05,0.9998867511749268,0.324537992477417,,
/kaggle/input/datasets/tawsifurrahman/covid19-radiography-database/COVID-19_Radiography_Dataset/Viral Pneumonia/images/Viral Pneumonia-652.png,Viral Pneumonia,Viral Pneumonia,8.451102621620521e-05,8.028939646465005e-08,9.66399156254738e-08,0.9999152421951294,0.26379257440567017,0.30359283089637756,0.3035927414894104
/kaggle/input/datasets/tawsifurrahman/covid19-radiography-database/COVID-19_Radiography_Dataset/Viral Pneumonia/images/Viral Pneumonia-668.png,Viral Pneumonia,Normal,0.0012840399285778403,0.00048194866394624114,0.9635904431343079,0.034643642604351044,0.2749548554420471,0.3797880709171295,0.3797873556613922
/kaggle/input/datasets/tawsifurrahman/covid19-radiography-database/COVID-19_Radiography_Dataset/Viral Pneumonia/images/Viral Pneumonia-669.png,Viral Pneumonia,Viral Pneumonia,8.949085895437747e-05,0.0002276901650475338,0.001995840109884739,0.9976869821548462,0.22303499281406403,,
/kaggle/input/datasets/tawsifurrahman/covid19-radiography-database/COVID-19_Radiography_Dataset/Viral Pneumonia/images/Viral Pneumonia-675.png,Viral Pneumonia,Viral Pneumonia,6.969209061935544e-05,7.258381810970604e-05,0.00025360684958286583,0.9996041655540466,0.22285579144954681,,
/kaggle/input/datasets/tawsifurrahman/covid19-radiography-database/COVID-19_Radiography_Dataset/Viral Pneumonia/images/Viral Pneumonia-678.png,Viral Pneumonia,Viral Pneumonia,0.005270846653729677,0.004327717702835798,0.04027808830142021,0.9501233696937561,0.2513759434223175,,
/kaggle/input/datasets/tawsifurrahman/covid19-radiography-database/COVID-19_Radiography_Dataset/Viral Pneumonia/images/Viral Pneumonia-693.png,Viral Pneumonia,Viral Pneumonia,0.005292754154652357,8.992581570055336e-05,0.0019318095874041319,0.9926854372024536,0.3279659152030945,,
/kaggle/input/datasets/tawsifurrahman/covid19-radiography-database/COVID-19_Radiography_Dataset/Viral Pneumonia/images/Viral Pneumonia-708.png,Viral Pneumonia,Viral Pneumonia,4.700095814769156e-06,4.896078280580696e-06,0.00022641643590759486,0.9997640252113342,0.2568761110305786,,
/kaggle/input/datasets/tawsifurrahman/covid19-radiography-database/COVID-19_Radiography_Dataset/Viral Pneumonia/images/Viral Pneumonia-710.png,Viral Pneumonia,Viral Pneumonia,2.212662820966216e-06,4.382752294418424e-08,4.745564638142241e-06,0.999993085861206,0.24336427450180054,,
/kaggle/input/datasets/tawsifurrahman/covid19-radiography-database/COVID-19_Radiography_Dataset/Viral Pneumonia/images/Viral Pneumonia-712.png,Viral Pneumonia,Viral Pneumonia,4.7024561354191974e-05,2.7689116905094124e-05,0.0006161005003377795,0.9993091821670532,0.23718605935573578,,
/kaggle/input/datasets/tawsifurrahman/covid19-radiography-database/COVID-19_Radiography_Dataset/Viral Pneumonia/images/Viral Pneumonia-719.png,Viral Pneumonia,Viral Pneumonia,3.954712894937984e-07,4.069303827236581e-08,3.144639038055175e-07,0.9999992847442627,0.2765268087387085,,
/kaggle/input/datasets/tawsifurrahman/covid19-radiography-database/COVID-19_Radiography_Dataset/Viral Pneumonia/images/Viral Pneumonia-724.png,Viral Pneumonia,Viral Pneumonia,0.00014135520905256271,0.00015711637388449162,0.0013707634061574936,0.9983307719230652,0.20968204736709595,,
/kaggle/input/datasets/tawsifurrahman/covid19-radiography-database/COVID-19_Radiography_Dataset/Viral Pneumonia/images/Viral Pneumonia-73.png,Viral Pneumonia,Viral Pneumonia,1.2947067261848133e-05,4.374642958282493e-05,9.472661622567102e-05,0.9998486042022705,0.25926780700683594,,
/kaggle/input/datasets/tawsifurrahman/covid19-radiography-database/COVID-19_Radiography_Dataset/Viral Pneumonia/images/Viral Pneumonia-748.png,Viral Pneumonia,Viral Pneumonia,1.5237131265166681e-05,8.74726174515672e-06,0.0008467835141345859,0.9991293549537659,0.21586079895496368,,
/kaggle/input/datasets/tawsifurrahman/covid19-radiography-database/COVID-19_Radiography_Dataset/Viral Pneumonia/images/Viral Pneumonia-749.png,Viral Pneumonia,Viral Pneumonia,2.968520493595861e-05,3.411518719076412e-06,1.0634893442329485e-05,0.9999562501907349,0.2796562612056732,0.4530062675476074,0.45300620794296265
/kaggle/input/datasets/tawsifurrahman/covid19-radiography-database/COVID-19_Radiography_Dataset/Viral Pneumonia/images/Viral Pneumonia-76.png,Viral Pneumonia,Viral Pneumonia,1.4154692280499148e-06,0.00018439874111209065,5.591473018284887e-05,0.9997583031654358,0.31208154559135437,0.3586463928222656,0.35864633321762085
/kaggle/input/datasets/tawsifurrahman/covid19-radiography-database/COVID-19_Radiography_Dataset/Viral Pneumonia/images/Viral Pneumonia-777.png,Viral Pneumonia,Viral Pneumonia,3.151046030325233e-06,3.0072310437390115e-06,0.00019404776685405523,0.9997997879981995,0.3097701072692871,,
/kaggle/input/datasets/tawsifurrahman/covid19-radiography-database/COVID-19_Radiography_Dataset/Viral Pneumonia/images/Viral Pneumonia-779.png,Viral Pneumonia,Viral Pneumonia,3.3435250657021243e-07,1.7768881832580519e-07,1.6262787312371074e-06,0.9999979734420776,0.14841796457767487,,
/kaggle/input/datasets/tawsifurrahman/covid19-radiography-database/COVID-19_Radiography_Dataset/Viral Pneumonia/images/Viral Pneumonia-792.png,Viral Pneumonia,Viral Pneumonia,0.0001225515006808564,9.902432793751359e-06,0.00016145357221830636,0.9997060894966125,0.35295799374580383,,
/kaggle/input/datasets/tawsifurrahman/covid19-radiography-database/COVID-19_Radiography_Dataset/Viral Pneumonia/images/Viral Pneumonia-802.png,Viral Pneumonia,Viral Pneumonia,0.002197099383920431,5.3387706429930404e-05,0.0001397551823174581,0.9976097345352173,0.19692710041999817,0.2886352241039276,0.2886351943016052
/kaggle/input/datasets/tawsifurrahman/covid19-radiography-database/COVID-19_Radiography_Dataset/Viral Pneumonia/images/Viral Pneumonia-806.png,Viral Pneumonia,Viral Pneumonia,8.385488763451576e-05,9.109733696277544e-07,1.4099403415457346e-05,0.9999010562896729,0.38960880041122437,0.6496250629425049,0.6496251225471497
/kaggle/input/datasets/tawsifurrahman/covid19-radiography-database/COVID-19_Radiography_Dataset/Viral Pneumonia/images/Viral Pneumonia-819.png,Viral Pneumonia,Viral Pneumonia,4.057066291807132e-07,6.447729106184852e-08,2.6953418910125038e-06,0.9999967813491821,0.20751015841960907,,
/kaggle/input/datasets/tawsifurrahman/covid19-radiography-database/COVID-19_Radiography_Dataset/Viral Pneumonia/images/Viral Pneumonia-833.png,Viral Pneumonia,Viral Pneumonia,6.008619493513834e-06,1.46455863614392e-06,4.46832382294815e-06,0.9999880790710449,0.2125718742609024,0.4245491623878479,0.4245491027832031
/kaggle/input/datasets/tawsifurrahman/covid19-radiography-database/COVID-19_Radiography_Dataset/Viral Pneumonia/images/Viral Pneumonia-836.png,Viral Pneumonia,Viral Pneumonia,2.1881764951103833e-06,2.5636145437601954e-05,0.0002657501900102943,0.9997064471244812,0.22167979180812836,,
/kaggle/input/datasets/tawsifurrahman/covid19-radiography-database/COVID-19_Radiography_Dataset/Viral Pneumonia/images/Viral Pneumonia-838.png,Viral Pneumonia,Viral Pneumonia,8.74952661433781e-07,7.422055148254003e-08,6.076445515645901e-06,0.9999929666519165,0.24238690733909607,0.3462102711200714,0.34621018171310425
/kaggle/input/datasets/tawsifurrahman/covid19-radiography-database/COVID-19_Radiography_Dataset/Viral Pneumonia/images/Viral Pneumonia-84.png,Viral Pneumonia,Viral Pneumonia,2.7792566470452584e-07,2.0848096028203145e-05,5.7210658269468695e-05,0.9999216794967651,0.21006064116954803,0.3677639067173004,0.367763876914978
/kaggle/input/datasets/tawsifurrahman/covid19-radiography-database/COVID-19_Radiography_Dataset/Viral Pneumonia/images/Viral Pneumonia-847.png,Viral Pneumonia,Viral Pneumonia,4.781367533723824e-05,5.432102625491098e-07,0.00028485129587352276,0.999666690826416,0.18612518906593323,,
/kaggle/input/datasets/tawsifurrahman/covid19-radiography-database/COVID-19_Radiography_Dataset/Viral Pneumonia/images/Viral Pneumonia-850.png,Viral Pneumonia,Viral Pneumonia,7.913866284070536e-06,3.52675726844609e-07,0.00019886362133547664,0.9997928738594055,0.26572516560554504,,
/kaggle/input/datasets/tawsifurrahman/covid19-radiography-database/COVID-19_Radiography_Dataset/Viral Pneumonia/images/Viral Pneumonia-858.png,Viral Pneumonia,Viral Pneumonia,1.8662821048565092e-06,1.2974636476315027e-08,5.928670816501835e-07,0.9999974966049194,0.1837935745716095,0.37790584564208984,0.37790557742118835
/kaggle/input/datasets/tawsifurrahman/covid19-radiography-database/COVID-19_Radiography_Dataset/Viral Pneumonia/images/Viral Pneumonia-867.png,Viral Pneumonia,Viral Pneumonia,8.749198968871497e-06,4.0977429307531565e-06,1.5665818864363246e-06,0.9999855756759644,0.23389680683612823,0.37834274768829346,0.3783426582813263
/kaggle/input/datasets/tawsifurrahman/covid19-radiography-database/COVID-19_Radiography_Dataset/Viral Pneumonia/images/Viral Pneumonia-870.png,Viral Pneumonia,Viral Pneumonia,4.304086758111225e-07,1.4309971163584123e-07,1.8503870933272992e-06,0.999997615814209,0.21107719838619232,,
/kaggle/input/datasets/tawsifurrahman/covid19-radiography-database/COVID-19_Radiography_Dataset/Viral Pneumonia/images/Viral Pneumonia-885.png,Viral Pneumonia,Viral Pneumonia,1.0733834265863607e-08,2.070844473678335e-08,5.9345993008719233e-08,0.9999998807907104,0.22207844257354736,0.40213823318481445,0.40213820338249207
/kaggle/input/datasets/tawsifurrahman/covid19-radiography-database/COVID-19_Radiography_Dataset/Viral Pneumonia/images/Viral Pneumonia-888.png,Viral Pneumonia,Viral Pneumonia,8.298346983792726e-06,5.161219087312929e-05,0.0014674753183498979,0.9984725117683411,0.2412508726119995,,
/kaggle/input/datasets/tawsifurrahman/covid19-radiography-database/COVID-19_Radiography_Dataset/Viral Pneumonia/images/Viral Pneumonia-894.png,Viral Pneumonia,Viral Pneumonia,0.15374769270420074,0.0005882062250748277,0.015061920508742332,0.8306021094322205,0.2857568562030792,,
/kaggle/input/datasets/tawsifurrahman/covid19-radiography-database/COVID-19_Radiography_Dataset/Viral Pneumonia/images/Viral Pneumonia-9.png,Viral Pneumonia,Viral Pneumonia,2.230492464150302e-05,3.8632479117950425e-05,0.006192879285663366,0.9937461614608765,0.3952687978744507,,
/kaggle/input/datasets/tawsifurrahman/covid19-radiography-database/COVID-19_Radiography_Dataset/Viral Pneumonia/images/Viral Pneumonia-901.png,Viral Pneumonia,Viral Pneumonia,0.0013369076186791062,0.0003632154839579016,0.0019245954463258386,0.9963752627372742,0.12159240990877151,,
/kaggle/input/datasets/tawsifurrahman/covid19-radiography-database/COVID-19_Radiography_Dataset/Viral Pneumonia/images/Viral Pneumonia-902.png,Viral Pneumonia,Viral Pneumonia,1.409756441717036e-05,7.504513064304774e-07,0.0002622482134029269,0.9997228980064392,0.23345892131328583,,
/kaggle/input/datasets/tawsifurrahman/covid19-radiography-database/COVID-19_Radiography_Dataset/Viral Pneumonia/images/Viral Pneumonia-92.png,Viral Pneumonia,Viral Pneumonia,0.0020620268769562244,0.00048277530004270375,0.00038734934059903026,0.9970678687095642,0.3051665425300598,,
/kaggle/input/datasets/tawsifurrahman/covid19-radiography-database/COVID-19_Radiography_Dataset/Viral Pneumonia/images/Viral Pneumonia-923.png,Viral Pneumonia,Viral Pneumonia,0.0002359892096137628,0.0002786477853078395,0.3173369765281677,0.6821483969688416,0.21839427947998047,,
/kaggle/input/datasets/tawsifurrahman/covid19-radiography-database/COVID-19_Radiography_Dataset/Viral Pneumonia/images/Viral Pneumonia-929.png,Viral Pneumonia,Viral Pneumonia,0.04518984258174896,0.002946935361251235,0.00875837355852127,0.9431048035621643,0.14620612561702728,,
/kaggle/input/datasets/tawsifurrahman/covid19-radiography-database/COVID-19_Radiography_Dataset/Viral Pneumonia/images/Viral Pneumonia-93.png,Viral Pneumonia,Viral Pneumonia,0.00018310786981601268,0.0013983588432893157,0.0005711768171750009,0.997847318649292,0.24344542622566223,,
/kaggle/input/datasets/tawsifurrahman/covid19-radiography-database/COVID-19_Radiography_Dataset/Viral Pneumonia/images/Viral Pneumonia-934.png,Viral Pneumonia,Viral Pneumonia,2.789837253658334e-06,0.0001859338372014463,7.577083306387067e-05,0.9997355341911316,0.14574703574180603,,
/kaggle/input/datasets/tawsifurrahman/covid19-radiography-database/COVID-19_Radiography_Dataset/Viral Pneumonia/images/Viral Pneumonia-935.png,Viral Pneumonia,Viral Pneumonia,0.00021195282170083374,0.016256529837846756,0.019719451665878296,0.9638121128082275,0.14132258296012878,0.06286045163869858,0.06286043673753738
/kaggle/input/datasets/tawsifurrahman/covid19-radiography-database/COVID-19_Radiography_Dataset/Viral Pneumonia/images/Viral Pneumonia-936.png,Viral Pneumonia,Viral Pneumonia,1.0932808436336927e-06,6.903769076416211e-07,5.221830360824242e-05,0.9999459981918335,0.24316418170928955,0.3419162631034851,0.34191620349884033
/kaggle/input/datasets/tawsifurrahman/covid19-radiography-database/COVID-19_Radiography_Dataset/Viral Pneumonia/images/Viral Pneumonia-938.png,Viral Pneumonia,Viral Pneumonia,0.00020453431352507323,8.509889448760077e-05,0.0001061422735801898,0.9996042847633362,0.180086150765419,,
/kaggle/input/datasets/tawsifurrahman/covid19-radiography-database/COVID-19_Radiography_Dataset/Viral Pneumonia/images/Viral Pneumonia-939.png,Viral Pneumonia,Viral Pneumonia,0.004366534296423197,5.9967431297991425e-05,0.05391602963209152,0.9416574835777283,0.3097117245197296,,
/kaggle/input/datasets/tawsifurrahman/covid19-radiography-database/COVID-19_Radiography_Dataset/Viral Pneumonia/images/Viral Pneumonia-961.png,Viral Pneumonia,Viral Pneumonia,8.68099868966965e-06,1.3636469020639197e-06,4.4119406084064394e-05,0.999945878982544,0.25862982869148254,,
/kaggle/input/datasets/tawsifurrahman/covid19-radiography-database/COVID-19_Radiography_Dataset/Viral Pneumonia/images/Viral Pneumonia-964.png,Viral Pneumonia,Viral Pneumonia,0.0022892060223966837,0.00889885425567627,0.027776863425970078,0.9610350728034973,0.22397200763225555,,
/kaggle/input/datasets/tawsifurrahman/covid19-radiography-database/COVID-19_Radiography_Dataset/Viral Pneumonia/images/Viral Pneumonia-965.png,Viral Pneumonia,Normal,0.0004994204500690103,0.000741314550396055,0.9950703382492065,0.0036890250630676746,0.2594282031059265,,
/kaggle/input/datasets/tawsifurrahman/covid19-radiography-database/COVID-19_Radiography_Dataset/Viral Pneumonia/images/Viral Pneumonia-976.png,Viral Pneumonia,Viral Pneumonia,1.0971017871952427e-07,7.67502228882222e-07,1.684561880210822e-06,0.9999974966049194,0.27058786153793335,0.39795956015586853,0.39795953035354614
/kaggle/input/datasets/tawsifurrahman/covid19-radiography-database/COVID-19_Radiography_Dataset/Viral Pneumonia/images/Viral Pneumonia-977.png,Viral Pneumonia,Viral Pneumonia,0.0008985641179606318,0.0001619963877601549,0.0004533934989012778,0.9984861016273499,0.28529593348503113,0.4146077632904053,0.4146077632904053
/kaggle/input/datasets/tawsifurrahman/covid19-radiography-database/COVID-19_Radiography_Dataset/Viral Pneumonia/images/Viral Pneumonia-978.png,Viral Pneumonia,Viral Pneumonia,8.953425663094094e-07,5.185250415706832e-07,2.2466360860562418e-06,0.9999964237213135,0.2971954345703125,,
/kaggle/input/datasets/tawsifurrahman/covid19-radiography-database/COVID-19_Radiography_Dataset/Viral Pneumonia/images/Viral Pneumonia-98.png,Viral Pneumonia,Viral Pneumonia,4.419255716925363e-08,5.628818938729907e-11,7.983493310881329e-10,1.0,0.1879783719778061,,
/kaggle/input/datasets/tawsifurrahman/covid19-radiography-database/COVID-19_Radiography_Dataset/Viral Pneumonia/images/Viral Pneumonia-985.png,Viral Pneumonia,Viral Pneumonia,2.21817954297876e-05,0.00010768874926725402,0.0008116142707876861,0.9990585446357727,0.21057893335819244,,
/kaggle/input/datasets/tawsifurrahman/covid19-radiography-database/COVID-19_Radiography_Dataset/Viral Pneumonia/images/Viral Pneumonia-992.png,Viral Pneumonia,Viral Pneumonia,3.2494497759216756e-07,3.811266878983588e-06,1.9445412817731267e-06,0.9999939203262329,0.2422274351119995,0.3955255150794983,0.3955255448818207
/kaggle/input/datasets/tawsifurrahman/covid19-radiography-database/COVID-19_Radiography_Dataset/Viral Pneumonia/images/Viral Pneumonia-993.png,Viral Pneumonia,Viral Pneumonia,0.02573702670633793,0.015132412314414978,0.009420746006071568,0.9497097730636597,0.2814115285873413,0.576565682888031,0.5765650272369385
/kaggle/input/datasets/tawsifurrahman/covid19-radiography-database/COVID-19_Radiography_Dataset/Viral Pneumonia/images/Viral Pneumonia-994.png,Viral Pneumonia,Viral Pneumonia,3.655281489045592e-06,2.0849336578976363e-05,0.00011446594726294279,0.9998610019683838,0.1756816804409027,,
/kaggle/input/datasets/tawsifurrahman/covid19-radiography-database/COVID-19_Radiography_Dataset/Viral Pneumonia/images/Viral Pneumonia-998.png,Viral Pneumonia,Viral Pneumonia,1.3545311958296224e-05,5.3086336265550926e-05,0.0002874814090318978,0.9996459484100342,0.21524246037006378,,
